scenario,severity,variant,n_tags_mean,clean_horizon_mean,perturbed_horizon_mean,horizon_delta_mean,horizon_ratio_mean,clean_n_events_mean,perturbed_n_events_mean,event_count_delta_mean,event_count_ratio_mean,clean_n_act_mean,perturbed_n_act_mean,act_count_delta_mean,act_count_ratio_mean,clean_n_rtn_mean,perturbed_n_rtn_mean,rtn_count_delta_mean,rtn_count_ratio_mean,act_tag_set_jaccard_mean,all_event_tag_set_jaccard_mean,act_tag_multiset_jaccard_mean,all_tag_type_multiset_jaccard_mean,act_tag_time_multiset_jaccard_mean,all_tag_type_time_multiset_jaccard_mean,act_sequence_lcs_similarity_mean,all_sequence_lcs_similarity_mean,state_hamming_fraction_mean,state_active_cell_jaccard_mean,state_clean_active_cells_mean,state_perturbed_active_cells_mean,state_active_cell_ratio_mean,n_tags_std,clean_horizon_std,perturbed_horizon_std,horizon_delta_std,horizon_ratio_std,clean_n_events_std,perturbed_n_events_std,event_count_delta_std,event_count_ratio_std,clean_n_act_std,perturbed_n_act_std,act_count_delta_std,act_count_ratio_std,clean_n_rtn_std,perturbed_n_rtn_std,rtn_count_delta_std,rtn_count_ratio_std,act_tag_set_jaccard_std,all_event_tag_set_jaccard_std,act_tag_multiset_jaccard_std,all_tag_type_multiset_jaccard_std,act_tag_time_multiset_jaccard_std,all_tag_type_time_multiset_jaccard_std,act_sequence_lcs_similarity_std,all_sequence_lcs_similarity_std,state_hamming_fraction_std,state_active_cell_jaccard_std,state_clean_active_cells_std,state_perturbed_active_cells_std,state_active_cell_ratio_std,n_tags_p05,clean_horizon_p05,perturbed_horizon_p05,horizon_delta_p05,horizon_ratio_p05,clean_n_events_p05,perturbed_n_events_p05,event_count_delta_p05,event_count_ratio_p05,clean_n_act_p05,perturbed_n_act_p05,act_count_delta_p05,act_count_ratio_p05,clean_n_rtn_p05,perturbed_n_rtn_p05,rtn_count_delta_p05,rtn_count_ratio_p05,act_tag_set_jaccard_p05,all_event_tag_set_jaccard_p05,act_tag_multiset_jaccard_p05,all_tag_type_multiset_jaccard_p05,act_tag_time_multiset_jaccard_p05,all_tag_type_time_multiset_jaccard_p05,act_sequence_lcs_similarity_p05,all_sequence_lcs_similarity_p05,state_hamming_fraction_p05,state_active_cell_jaccard_p05,state_clean_active_cells_p05,state_perturbed_active_cells_p05,state_active_cell_ratio_p05,n_tags_p50,clean_horizon_p50,perturbed_horizon_p50,horizon_delta_p50,horizon_ratio_p50,clean_n_events_p50,perturbed_n_events_p50,event_count_delta_p50,event_count_ratio_p50,clean_n_act_p50,perturbed_n_act_p50,act_count_delta_p50,act_count_ratio_p50,clean_n_rtn_p50,perturbed_n_rtn_p50,rtn_count_delta_p50,rtn_count_ratio_p50,act_tag_set_jaccard_p50,all_event_tag_set_jaccard_p50,act_tag_multiset_jaccard_p50,all_tag_type_multiset_jaccard_p50,act_tag_time_multiset_jaccard_p50,all_tag_type_time_multiset_jaccard_p50,act_sequence_lcs_similarity_p50,all_sequence_lcs_similarity_p50,state_hamming_fraction_p50,state_active_cell_jaccard_p50,state_clean_active_cells_p50,state_perturbed_active_cells_p50,state_active_cell_ratio_p50,n_tags_p95,clean_horizon_p95,perturbed_horizon_p95,horizon_delta_p95,horizon_ratio_p95,clean_n_events_p95,perturbed_n_events_p95,event_count_delta_p95,event_count_ratio_p95,clean_n_act_p95,perturbed_n_act_p95,act_count_delta_p95,act_count_ratio_p95,clean_n_rtn_p95,perturbed_n_rtn_p95,rtn_count_delta_p95,rtn_count_ratio_p95,act_tag_set_jaccard_p95,all_event_tag_set_jaccard_p95,act_tag_multiset_jaccard_p95,all_tag_type_multiset_jaccard_p95,act_tag_time_multiset_jaccard_p95,all_tag_type_time_multiset_jaccard_p95,act_sequence_lcs_similarity_p95,all_sequence_lcs_similarity_p95,state_hamming_fraction_p95,state_active_cell_jaccard_p95,state_clean_active_cells_p95,state_perturbed_active_cells_p95,state_active_cell_ratio_p95
late_time_delay,0.0,repaired,50.0,59.0,59.0,0.0,1.0,56.227,56.227,0.0,1.0,30.019,30.019,0.0,1.0,26.208,26.208,0.0,1.0,1.0,1.0,1.0,1.0,1.0,1.0,1.0,1.0,0.0,1.0,128.805,128.805,1.0,0.0,0.0,0.0,0.0,0.0,27.58324771587739,27.58324771587739,0.0,0.0,13.665991179987385,13.665991179987385,0.0,0.0,13.984787929366068,13.984787929366068,0.0,0.0,0.0,0.0,0.0,0.0,0.0,0.0,0.0,0.0,0.0,0.0,71.07510212454281,71.07510212454281,0.0,50.0,59.0,59.0,0.0,1.0,26.0,26.0,0.0,1.0,14.0,14.0,0.0,1.0,11.0,11.0,0.0,1.0,1.0,1.0,1.0,1.0,1.0,1.0,1.0,1.0,0.0,1.0,32.0,32.0,1.0,50.0,59.0,59.0,0.0,1.0,47.0,47.0,0.0,1.0,26.0,26.0,0.0,1.0,21.0,21.0,0.0,1.0,1.0,1.0,1.0,1.0,1.0,1.0,1.0,1.0,0.0,1.0,110.0,110.0,1.0,50.0,59.0,59.0,0.0,1.0,110.0,110.0,0.0,1.0,57.04999999999927,57.04999999999927,0.0,1.0,53.04999999999927,53.04999999999927,0.0,1.0,1.0,1.0,1.0,1.0,1.0,1.0,1.0,1.0,0.0,1.0,223.04999999999927,223.04999999999927,1.0
late_time_delay,0.0,unrepaired,50.0,59.0,59.0,0.0,1.0,56.227,56.227,0.0,1.0,30.019,30.019,0.0,1.0,26.208,26.208,0.0,1.0,1.0,1.0,1.0,1.0,1.0,1.0,1.0,1.0,0.0,1.0,128.805,128.805,1.0,0.0,0.0,0.0,0.0,0.0,27.58324771587739,27.58324771587739,0.0,0.0,13.665991179987385,13.665991179987385,0.0,0.0,13.984787929366068,13.984787929366068,0.0,0.0,0.0,0.0,0.0,0.0,0.0,0.0,0.0,0.0,0.0,0.0,71.07510212454281,71.07510212454281,0.0,50.0,59.0,59.0,0.0,1.0,26.0,26.0,0.0,1.0,14.0,14.0,0.0,1.0,11.0,11.0,0.0,1.0,1.0,1.0,1.0,1.0,1.0,1.0,1.0,1.0,0.0,1.0,32.0,32.0,1.0,50.0,59.0,59.0,0.0,1.0,47.0,47.0,0.0,1.0,26.0,26.0,0.0,1.0,21.0,21.0,0.0,1.0,1.0,1.0,1.0,1.0,1.0,1.0,1.0,1.0,0.0,1.0,110.0,110.0,1.0,50.0,59.0,59.0,0.0,1.0,110.0,110.0,0.0,1.0,57.04999999999927,57.04999999999927,0.0,1.0,53.04999999999927,53.04999999999927,0.0,1.0,1.0,1.0,1.0,1.0,1.0,1.0,1.0,1.0,0.0,1.0,223.04999999999927,223.04999999999927,1.0
late_time_delay,0.05,repaired,50.0,59.0,56.05,-2.950000000000003,0.95,56.227,55.308,-0.919,0.9821867387749608,30.019,29.1,-0.919,0.9670405615995645,26.208,26.208,0.0,1.0,0.953387269397889,0.9660075085171471,0.9670405615995645,0.9821867387749608,0.01874934946108423,0.0192048942152956,0.9670405615995645,0.9821867387749608,0.032751333333333334,0.3310449142620435,128.805,104.475,0.8016987321615066,0.0,0.0,0.0,0.0,0.0,27.58324771587739,27.290174264030192,0.7940415922387316,0.017012743147348196,13.665991179987385,13.395967497516537,0.7940415922387316,0.03123063572665433,13.984787929366068,13.984787929366068,0.0,0.0,0.04613553957780115,0.046924740453006666,0.03123063572665433,0.017012743147348196,0.023034690409604038,0.021856397785922004,0.03123063572665433,0.017012743147348196,0.0109880043007245,0.21639245639114496,71.07510212454281,70.11524078043921,0.2223858458714548,50.0,59.0,56.05,-2.950000000000003,0.95,26.0,25.0,-2.0,0.95,14.0,14.0,-2.0,0.9090909090909091,11.0,11.0,0.0,1.0,0.8888888888888888,0.8888888888888888,0.9090909090909091,0.95,0.0,0.0,0.9090909090909091,0.95,0.014333333333333333,0.05263157894736842,32.0,28.0,0.3645359848484849,50.0,59.0,56.05,-2.950000000000003,0.95,47.0,46.0,-1.0,0.9822994987468672,26.0,25.0,-1.0,0.9666666666666667,21.0,21.0,0.0,1.0,0.9629629629629629,1.0,0.9666666666666667,0.9822994987468672,0.012195121951219513,0.013888888888888888,0.9666666666666667,0.9822994987468672,0.0345,0.25694980694980696,110.0,93.0,0.9130434782608695,50.0,59.0,56.05,-2.950000000000003,0.95,110.0,109.0,0.0,1.0,57.04999999999927,56.0,0.0,1.0,53.04999999999927,53.04999999999927,0.0,1.0,1.0,1.0,1.0,1.0,0.06451612903225806,0.06354326676907247,1.0,1.0,0.05,0.6559693704189116,223.04999999999927,204.0,0.9866754385964911
late_time_delay,0.05,unrepaired,50.0,59.0,56.05,-2.950000000000003,0.95,56.227,55.308,-0.919,0.9821867387749608,30.019,29.1,-0.919,0.9670405615995645,26.208,26.208,0.0,1.0,0.953387269397889,0.9660075085171471,0.9670405615995645,0.9821867387749608,0.01874934946108423,0.0192048942152956,0.9670405615995645,0.9821867387749608,0.032751333333333334,0.3310449142620435,128.805,104.475,0.8016987321615066,0.0,0.0,0.0,0.0,0.0,27.58324771587739,27.290174264030192,0.7940415922387316,0.017012743147348196,13.665991179987385,13.395967497516537,0.7940415922387316,0.03123063572665433,13.984787929366068,13.984787929366068,0.0,0.0,0.04613553957780115,0.046924740453006666,0.03123063572665433,0.017012743147348196,0.023034690409604038,0.021856397785922004,0.03123063572665433,0.017012743147348196,0.0109880043007245,0.21639245639114496,71.07510212454281,70.11524078043921,0.2223858458714548,50.0,59.0,56.05,-2.950000000000003,0.95,26.0,25.0,-2.0,0.95,14.0,14.0,-2.0,0.9090909090909091,11.0,11.0,0.0,1.0,0.8888888888888888,0.8888888888888888,0.9090909090909091,0.95,0.0,0.0,0.9090909090909091,0.95,0.014333333333333333,0.05263157894736842,32.0,28.0,0.3645359848484849,50.0,59.0,56.05,-2.950000000000003,0.95,47.0,46.0,-1.0,0.9822994987468672,26.0,25.0,-1.0,0.9666666666666667,21.0,21.0,0.0,1.0,0.9629629629629629,1.0,0.9666666666666667,0.9822994987468672,0.012195121951219513,0.013888888888888888,0.9666666666666667,0.9822994987468672,0.0345,0.25694980694980696,110.0,93.0,0.9130434782608695,50.0,59.0,56.05,-2.950000000000003,0.95,110.0,109.0,0.0,1.0,57.04999999999927,56.0,0.0,1.0,53.04999999999927,53.04999999999927,0.0,1.0,1.0,1.0,1.0,1.0,0.06451612903225806,0.06354326676907247,1.0,1.0,0.05,0.6559693704189116,223.04999999999927,204.0,0.9866754385964911
late_time_delay,0.1,repaired,50.0,59.0,53.1,-5.899999999999999,0.9,56.227,53.267,-2.96,0.9453746363689189,30.019,27.967,-2.052,0.9286980734633882,26.208,25.3,-0.908,0.9648612360471743,0.9352050237445368,0.9508552101265979,0.9286980734633882,0.9453746363689189,0.020644894563539826,0.02002629607118952,0.9286980734633882,0.9453746363689189,0.03897333333333333,0.25339072642488997,128.805,102.249,0.7832570401137565,0.0,0.0,0.0,0.0,0.0,27.58324771587739,26.39028904228924,2.2967210306759727,0.04017214836701367,13.665991179987385,12.931304375943125,1.4633899517951796,0.05014289812381379,13.984787929366068,13.5556768786204,0.9927912990434336,0.03898890205929057,0.05557150208969138,0.05300926218800272,0.05014289812381379,0.04017214836701367,0.023915451889886374,0.021278612477252077,0.05014289812381379,0.04017214836701367,0.012772446132385422,0.19823508564417244,71.07510212454281,68.52686036919536,0.21462142560700667,50.0,59.0,53.1,-5.899999999999999,0.9,26.0,24.0,-7.0,0.8695295794725588,14.0,13.0,-5.0,0.8378378378378378,11.0,11.0,-3.0,0.8946428571428572,0.8333333333333334,0.875,0.8378378378378378,0.8695295794725588,0.0,0.0,0.8378378378378378,0.8695295794725588,0.017333333333333333,0.017857142857142856,32.0,27.0,0.3607835051546392,50.0,59.0,53.1,-5.899999999999999,0.9,47.0,45.0,-2.0,0.9492372706658421,26.0,24.0,-2.0,0.9333333333333333,21.0,21.0,-1.0,0.9718253968253968,0.9333333333333333,0.96,0.9333333333333333,0.9492372706658421,0.01619459742984527,0.015384615384615385,0.9333333333333333,0.9492372706658421,0.04066666666666666,0.17589763177998474,110.0,89.0,0.8963278101209136,50.0,59.0,53.1,-5.899999999999999,0.9,110.0,106.0,0.0,1.0,57.04999999999927,54.0,0.0,1.0,53.04999999999927,52.0,0.0,1.0,1.0,1.0,1.0,1.0,0.06822100313479566,0.06097560975609756,1.0,1.0,0.058016666666666425,0.5546064551925027,223.04999999999927,203.0,0.9698567839195978
late_time_delay,0.1,unrepaired,50.0,59.0,53.1,-5.899999999999999,0.9,56.227,53.267,-2.96,0.9453746363689189,30.019,27.967,-2.052,0.9286980734633882,26.208,25.3,-0.908,0.9648612360471743,0.9352050237445368,0.9508552101265979,0.9286980734633882,0.9453746363689189,0.020644894563539826,0.02002629607118952,0.9286980734633882,0.9453746363689189,0.03897333333333333,0.25339072642488997,128.805,102.249,0.7832570401137565,0.0,0.0,0.0,0.0,0.0,27.58324771587739,26.39028904228924,2.2967210306759727,0.04017214836701367,13.665991179987385,12.931304375943125,1.4633899517951796,0.05014289812381379,13.984787929366068,13.5556768786204,0.9927912990434336,0.03898890205929057,0.05557150208969138,0.05300926218800272,0.05014289812381379,0.04017214836701367,0.023915451889886374,0.021278612477252077,0.05014289812381379,0.04017214836701367,0.012772446132385422,0.19823508564417244,71.07510212454281,68.52686036919536,0.21462142560700667,50.0,59.0,53.1,-5.899999999999999,0.9,26.0,24.0,-7.0,0.8695295794725588,14.0,13.0,-5.0,0.8378378378378378,11.0,11.0,-3.0,0.8946428571428572,0.8333333333333334,0.875,0.8378378378378378,0.8695295794725588,0.0,0.0,0.8378378378378378,0.8695295794725588,0.017333333333333333,0.017857142857142856,32.0,27.0,0.3607835051546392,50.0,59.0,53.1,-5.899999999999999,0.9,47.0,45.0,-2.0,0.9492372706658421,26.0,24.0,-2.0,0.9333333333333333,21.0,21.0,-1.0,0.9718253968253968,0.9333333333333333,0.96,0.9333333333333333,0.9492372706658421,0.01619459742984527,0.015384615384615385,0.9333333333333333,0.9492372706658421,0.04066666666666666,0.17589763177998474,110.0,89.0,0.8963278101209136,50.0,59.0,53.1,-5.899999999999999,0.9,110.0,106.0,0.0,1.0,57.04999999999927,54.0,0.0,1.0,53.04999999999927,52.0,0.0,1.0,1.0,1.0,1.0,1.0,0.06822100313479566,0.06097560975609756,1.0,1.0,0.058016666666666425,0.5546064551925027,223.04999999999927,203.0,0.9698567839195978
late_time_delay,0.15,repaired,50.0,59.0,50.15,-8.850000000000001,0.85,56.227,50.739,-5.488,0.8973373046794759,30.019,26.496,-3.523,0.8755037711106126,26.208,24.243,-1.965,0.9224576295872408,0.8871076583973845,0.9322327330229611,0.8755037711106126,0.8973373046794759,0.01932328899036626,0.01921750411145177,0.8755037711106126,0.8973373046794759,0.04326033333333334,0.20648780633328814,128.805,98.446,0.755847791692998,0.0,0.0,0.0,0.0,0.0,27.58324771587739,25.61531755511422,3.745832234085314,0.06968037337515277,13.665991179987385,12.604200513600931,2.4535837070091415,0.09566366973700852,13.984787929366068,13.150028263252274,1.5601340973904085,0.05607594821336951,0.11030525029072287,0.06198716278964095,0.09566366973700852,0.06968037337515277,0.022304546981408185,0.020846514877088145,0.09566366973700852,0.06968037337515277,0.015318094669093757,0.16908384576691496,71.07510212454281,66.95442758725788,0.21579028259009755,50.0,59.0,50.15,-8.850000000000001,0.85,26.0,22.0,-13.0,0.7584674329501917,14.0,11.0,-8.0,0.65,11.0,10.0,-5.0,0.8203962703962705,0.6363636363636364,0.8181818181818182,0.65,0.7584674329501917,0.0,0.0,0.65,0.7584674329501917,0.018666666666666668,0.013132911392405085,32.0,26.0,0.35103641149374865,50.0,59.0,50.15,-8.850000000000001,0.85,47.0,43.0,-5.0,0.9111111111111111,26.0,23.0,-3.0,0.896551724137931,21.0,20.0,-2.0,0.9285714285714286,0.9090909090909091,0.9285714285714286,0.896551724137931,0.9111111111111111,0.014925373134328358,0.014705882352941176,0.896551724137931,0.9111111111111111,0.044833333333333336,0.15479192938209332,110.0,83.0,0.8602150537634409,50.0,59.0,50.15,-8.850000000000001,0.85,110.0,102.0,0.0,1.0,57.04999999999927,51.04999999999927,0.0,1.0,53.04999999999927,50.0,0.0,1.0,1.0,1.0,1.0,1.0,0.061224489795918366,0.05660377358490566,1.0,1.0,0.06569999999999951,0.4672679519741391,223.04999999999927,198.09999999999854,0.9655172413793104
late_time_delay,0.15,unrepaired,50.0,59.0,50.15,-8.850000000000001,0.85,56.227,50.739,-5.488,0.8973373046794759,30.019,26.496,-3.523,0.8755037711106126,26.208,24.243,-1.965,0.9224576295872408,0.8871076583973845,0.9322327330229611,0.8755037711106126,0.8973373046794759,0.01932328899036626,0.01921750411145177,0.8755037711106126,0.8973373046794759,0.04326033333333334,0.20648780633328814,128.805,98.446,0.755847791692998,0.0,0.0,0.0,0.0,0.0,27.58324771587739,25.61531755511422,3.745832234085314,0.06968037337515277,13.665991179987385,12.604200513600931,2.4535837070091415,0.09566366973700852,13.984787929366068,13.150028263252274,1.5601340973904085,0.05607594821336951,0.11030525029072287,0.06198716278964095,0.09566366973700852,0.06968037337515277,0.022304546981408185,0.020846514877088145,0.09566366973700852,0.06968037337515277,0.015318094669093757,0.16908384576691496,71.07510212454281,66.95442758725788,0.21579028259009755,50.0,59.0,50.15,-8.850000000000001,0.85,26.0,22.0,-13.0,0.7584674329501917,14.0,11.0,-8.0,0.65,11.0,10.0,-5.0,0.8203962703962705,0.6363636363636364,0.8181818181818182,0.65,0.7584674329501917,0.0,0.0,0.65,0.7584674329501917,0.018666666666666668,0.013132911392405085,32.0,26.0,0.35103641149374865,50.0,59.0,50.15,-8.850000000000001,0.85,47.0,43.0,-5.0,0.9111111111111111,26.0,23.0,-3.0,0.896551724137931,21.0,20.0,-2.0,0.9285714285714286,0.9090909090909091,0.9285714285714286,0.896551724137931,0.9111111111111111,0.014925373134328358,0.014705882352941176,0.896551724137931,0.9111111111111111,0.044833333333333336,0.15479192938209332,110.0,83.0,0.8602150537634409,50.0,59.0,50.15,-8.850000000000001,0.85,110.0,102.0,0.0,1.0,57.04999999999927,51.04999999999927,0.0,1.0,53.04999999999927,50.0,0.0,1.0,1.0,1.0,1.0,1.0,0.061224489795918366,0.05660377358490566,1.0,1.0,0.06569999999999951,0.4672679519741391,223.04999999999927,198.09999999999854,0.9655172413793104
late_time_delay,0.2,repaired,50.0,59.0,47.2,-11.799999999999997,0.8,56.227,48.067,-8.16,0.8503453344080697,30.019,25.025,-4.994,0.8265832471440805,26.208,23.042,-3.166,0.8774896576285797,0.8464055120414148,0.9057056608391824,0.8265832471440805,0.8503453344080697,0.01702347835780664,0.017281792091912204,0.8265832471440805,0.8503453344080697,0.047838,0.15663041746275141,128.805,89.841,0.708620603875048,0.0,0.0,0.0,0.0,0.0,27.58324771587739,24.282905035182573,5.289347570331527,0.0896174586291399,13.665991179987385,11.941634530646397,3.3243148327002223,0.12113690097562756,13.984787929366068,12.510790861843972,2.226867731588336,0.07010675618920699,0.13790853936692568,0.0719628408304351,0.12113690097562756,0.0896174586291399,0.022394268701971757,0.02037442346336618,0.12113690097562756,0.0896174586291399,0.019423592047745627,0.13598479967464827,71.07510212454281,58.96221988135573,0.22209130222782264,50.0,59.0,47.2,-11.799999999999997,0.8,26.0,20.0,-18.0,0.6763970588235295,14.0,9.0,-11.0,0.5555555555555556,11.0,10.0,-7.0,0.75,0.5454545454545454,0.7777777777777778,0.5555555555555556,0.6763970588235295,0.0,0.0,0.5555555555555556,0.6763970588235295,0.019,0.0,32.0,26.0,0.34375,50.0,59.0,47.2,-11.799999999999997,0.8,47.0,41.0,-7.0,0.8666666666666667,26.0,22.0,-4.0,0.8571428571428571,21.0,19.0,-3.0,0.8823529411764706,0.8888888888888888,0.9076704545454546,0.8571428571428571,0.8666666666666667,0.010362972508591065,0.01242283950617284,0.8571428571428571,0.8666666666666667,0.04933333333333333,0.119510483108005,110.0,76.0,0.8062108810784785,50.0,59.0,47.2,-11.799999999999997,0.8,110.0,96.0,-1.0,0.9697415329768265,57.04999999999927,48.0,-1.0,0.9629629629629629,53.04999999999927,48.0,0.0,1.0,1.0,1.0,0.9629629629629629,0.9697415329768265,0.06060606060606061,0.058013640238703555,0.9629629629629629,0.9697415329768265,0.07369999999999952,0.3843137254901961,223.04999999999927,188.04999999999927,0.9574532559638942
late_time_delay,0.2,unrepaired,50.0,59.0,47.2,-11.799999999999997,0.8,56.227,48.067,-8.16,0.8503453344080697,30.019,25.025,-4.994,0.8265832471440805,26.208,23.042,-3.166,0.8774896576285797,0.8464055120414148,0.9057056608391824,0.8265832471440805,0.8503453344080697,0.01702347835780664,0.017281792091912204,0.8265832471440805,0.8503453344080697,0.047838,0.15663041746275141,128.805,89.841,0.708620603875048,0.0,0.0,0.0,0.0,0.0,27.58324771587739,24.282905035182573,5.289347570331527,0.0896174586291399,13.665991179987385,11.941634530646397,3.3243148327002223,0.12113690097562756,13.984787929366068,12.510790861843972,2.226867731588336,0.07010675618920699,0.13790853936692568,0.0719628408304351,0.12113690097562756,0.0896174586291399,0.022394268701971757,0.02037442346336618,0.12113690097562756,0.0896174586291399,0.019423592047745627,0.13598479967464827,71.07510212454281,58.96221988135573,0.22209130222782264,50.0,59.0,47.2,-11.799999999999997,0.8,26.0,20.0,-18.0,0.6763970588235295,14.0,9.0,-11.0,0.5555555555555556,11.0,10.0,-7.0,0.75,0.5454545454545454,0.7777777777777778,0.5555555555555556,0.6763970588235295,0.0,0.0,0.5555555555555556,0.6763970588235295,0.019,0.0,32.0,26.0,0.34375,50.0,59.0,47.2,-11.799999999999997,0.8,47.0,41.0,-7.0,0.8666666666666667,26.0,22.0,-4.0,0.8571428571428571,21.0,19.0,-3.0,0.8823529411764706,0.8888888888888888,0.9076704545454546,0.8571428571428571,0.8666666666666667,0.010362972508591065,0.01242283950617284,0.8571428571428571,0.8666666666666667,0.04933333333333333,0.119510483108005,110.0,76.0,0.8062108810784785,50.0,59.0,47.2,-11.799999999999997,0.8,110.0,96.0,-1.0,0.9697415329768265,57.04999999999927,48.0,-1.0,0.9629629629629629,53.04999999999927,48.0,0.0,1.0,1.0,1.0,0.9629629629629629,0.9697415329768265,0.06060606060606061,0.058013640238703555,0.9629629629629629,0.9697415329768265,0.07369999999999952,0.3843137254901961,223.04999999999927,188.04999999999927,0.9574532559638942
late_time_delay,0.25,repaired,50.0,59.0,44.25,-14.75,0.75,56.227,45.533,-10.694,0.8081141814488546,30.019,23.735,-6.284,0.7859653120981246,26.208,21.798,-4.41,0.833162339126719,0.8183227825630157,0.8795557688257267,0.7859653120981246,0.8081141814488546,0.014258598942395444,0.014348278530875848,0.7859653120981246,0.8081141814488546,0.05099633333333333,0.12254303223202889,128.805,84.33,0.6735486069987371,0.0,0.0,0.0,0.0,0.0,27.58324771587739,22.762528951599986,6.864333609869988,0.10036387649596851,13.665991179987385,11.243727902333527,4.037694180770726,0.13156241336069222,13.984787929366068,11.70747207941359,3.057913517990391,0.08047543726885896,0.14924377730588412,0.08044849323562285,0.13156241336069222,0.10036387649596851,0.018825676404442993,0.01757486974250265,0.13156241336069222,0.10036387649596851,0.021918792721029007,0.11032811517960331,71.07510212454281,55.89561281489974,0.2284080167652401,50.0,59.0,44.25,-14.75,0.75,26.0,18.0,-25.0,0.6128136200716847,14.0,9.0,-14.0,0.5,11.0,9.0,-11.0,0.6955917874396136,0.5,0.7272727272727273,0.5,0.6128136200716847,0.0,0.0,0.5,0.6128136200716847,0.019,0.0,32.0,25.0,0.3228998655913979,50.0,59.0,44.25,-14.75,0.75,47.0,39.0,-9.0,0.825,26.0,21.0,-5.0,0.8181818181818182,21.0,18.0,-4.0,0.8375235700817096,0.8695652173913043,0.8888888888888888,0.8181818181818182,0.825,0.0,0.010075630678645755,0.8181818181818182,0.825,0.050333333333333334,0.08719410786410073,110.0,69.5,0.7452283820208347,50.0,59.0,44.25,-14.75,0.75,110.0,92.0,-2.0,0.9393939393939394,57.04999999999927,46.0,-1.0,0.937683823529409,53.04999999999927,46.0,-1.0,0.947499999999998,1.0,1.0,0.937683823529409,0.9393939393939394,0.04878048780487805,0.04619909502262378,0.937683823529409,0.9393939393939394,0.07733333333333334,0.31634650301401673,223.04999999999927,186.0,0.9509232527366774
late_time_delay,0.25,unrepaired,50.0,59.0,44.25,-14.75,0.75,56.227,45.533,-10.694,0.8081141814488546,30.019,23.735,-6.284,0.7859653120981246,26.208,21.798,-4.41,0.833162339126719,0.8183227825630157,0.8795557688257267,0.7859653120981246,0.8081141814488546,0.014258598942395444,0.014348278530875848,0.7859653120981246,0.8081141814488546,0.05099633333333333,0.12254303223202889,128.805,84.33,0.6735486069987371,0.0,0.0,0.0,0.0,0.0,27.58324771587739,22.762528951599986,6.864333609869988,0.10036387649596851,13.665991179987385,11.243727902333527,4.037694180770726,0.13156241336069222,13.984787929366068,11.70747207941359,3.057913517990391,0.08047543726885896,0.14924377730588412,0.08044849323562285,0.13156241336069222,0.10036387649596851,0.018825676404442993,0.01757486974250265,0.13156241336069222,0.10036387649596851,0.021918792721029007,0.11032811517960331,71.07510212454281,55.89561281489974,0.2284080167652401,50.0,59.0,44.25,-14.75,0.75,26.0,18.0,-25.0,0.6128136200716847,14.0,9.0,-14.0,0.5,11.0,9.0,-11.0,0.6955917874396136,0.5,0.7272727272727273,0.5,0.6128136200716847,0.0,0.0,0.5,0.6128136200716847,0.019,0.0,32.0,25.0,0.3228998655913979,50.0,59.0,44.25,-14.75,0.75,47.0,39.0,-9.0,0.825,26.0,21.0,-5.0,0.8181818181818182,21.0,18.0,-4.0,0.8375235700817096,0.8695652173913043,0.8888888888888888,0.8181818181818182,0.825,0.0,0.010075630678645755,0.8181818181818182,0.825,0.050333333333333334,0.08719410786410073,110.0,69.5,0.7452283820208347,50.0,59.0,44.25,-14.75,0.75,110.0,92.0,-2.0,0.9393939393939394,57.04999999999927,46.0,-1.0,0.937683823529409,53.04999999999927,46.0,-1.0,0.947499999999998,1.0,1.0,0.937683823529409,0.9393939393939394,0.04878048780487805,0.04619909502262378,0.937683823529409,0.9393939393939394,0.07733333333333334,0.31634650301401673,223.04999999999927,186.0,0.9509232527366774
late_time_delay,0.3,repaired,50.0,59.0,41.3,-17.700000000000003,0.7,56.227,43.087,-13.14,0.7665789435608377,30.019,22.46,-7.559,0.7454408698139259,26.208,20.627,-5.581,0.7903367719418438,0.7914281489348434,0.8554030564966699,0.7454408698139259,0.7665789435608377,0.012642318647046872,0.012763037269676236,0.7454408698139259,0.7665789435608377,0.053860333333333336,0.09096670991605113,128.805,78.186,0.6349718928835012,0.0,0.0,0.0,0.0,0.0,27.58324771587739,21.467359310161445,8.251860961076122,0.10803358571313651,13.665991179987385,10.605642270263354,4.704331203604549,0.1390441267124628,13.984787929366068,11.0640007326112,3.7527119906446975,0.0881580619027481,0.15820619458067497,0.08814677373916455,0.1390441267124628,0.10803358571313651,0.01871543258357495,0.017825404272452536,0.1390441267124628,0.10803358571313651,0.024405171333025603,0.08470858516323339,71.07510212454281,52.79310670164741,0.2360018203321293,50.0,59.0,41.3,-17.700000000000003,0.7,26.0,17.0,-30.0,0.5586601307189544,14.0,8.0,-17.0,0.4583333333333333,11.0,8.0,-13.0,0.6428571428571429,0.4444444444444444,0.7,0.4583333333333333,0.5586601307189544,0.0,0.0,0.4583333333333333,0.5586601307189544,0.019,0.0,32.0,25.0,0.2980132595714788,50.0,59.0,41.3,-17.700000000000003,0.7,47.0,37.0,-11.0,0.7838235294117647,26.0,21.0,-7.0,0.775,21.0,17.0,-5.0,0.796875,0.8333333333333334,0.875,0.775,0.7838235294117647,0.0,0.0022522522522522522,0.775,0.7838235294117647,0.051,0.06102215602308694,110.0,61.0,0.6844965675057209,50.0,59.0,41.3,-17.700000000000003,0.7,110.0,86.04999999999927,-3.0,0.92,57.04999999999927,43.0,-2.0,0.9130434782608695,53.04999999999927,43.0,-1.0,0.9285714285714286,1.0,1.0,0.9130434782608695,0.92,0.05,0.05,0.9130434782608695,0.92,0.0846833333333331,0.24741579558652688,223.04999999999927,179.04999999999927,0.9424143948967924
late_time_delay,0.3,unrepaired,50.0,59.0,41.3,-17.700000000000003,0.7,56.227,43.087,-13.14,0.7665789435608377,30.019,22.46,-7.559,0.7454408698139259,26.208,20.627,-5.581,0.7903367719418438,0.7914281489348434,0.8554030564966699,0.7454408698139259,0.7665789435608377,0.012642318647046872,0.012763037269676236,0.7454408698139259,0.7665789435608377,0.053860333333333336,0.09096670991605113,128.805,78.186,0.6349718928835012,0.0,0.0,0.0,0.0,0.0,27.58324771587739,21.467359310161445,8.251860961076122,0.10803358571313651,13.665991179987385,10.605642270263354,4.704331203604549,0.1390441267124628,13.984787929366068,11.0640007326112,3.7527119906446975,0.0881580619027481,0.15820619458067497,0.08814677373916455,0.1390441267124628,0.10803358571313651,0.01871543258357495,0.017825404272452536,0.1390441267124628,0.10803358571313651,0.024405171333025603,0.08470858516323339,71.07510212454281,52.79310670164741,0.2360018203321293,50.0,59.0,41.3,-17.700000000000003,0.7,26.0,17.0,-30.0,0.5586601307189544,14.0,8.0,-17.0,0.4583333333333333,11.0,8.0,-13.0,0.6428571428571429,0.4444444444444444,0.7,0.4583333333333333,0.5586601307189544,0.0,0.0,0.4583333333333333,0.5586601307189544,0.019,0.0,32.0,25.0,0.2980132595714788,50.0,59.0,41.3,-17.700000000000003,0.7,47.0,37.0,-11.0,0.7838235294117647,26.0,21.0,-7.0,0.775,21.0,17.0,-5.0,0.796875,0.8333333333333334,0.875,0.775,0.7838235294117647,0.0,0.0022522522522522522,0.775,0.7838235294117647,0.051,0.06102215602308694,110.0,61.0,0.6844965675057209,50.0,59.0,41.3,-17.700000000000003,0.7,110.0,86.04999999999927,-3.0,0.92,57.04999999999927,43.0,-2.0,0.9130434782608695,53.04999999999927,43.0,-1.0,0.9285714285714286,1.0,1.0,0.9130434782608695,0.92,0.05,0.05,0.9130434782608695,0.92,0.0846833333333331,0.24741579558652688,223.04999999999927,179.04999999999927,0.9424143948967924
late_time_delay,0.4,repaired,50.0,59.0,35.4,-23.6,0.6,56.227,37.701,-18.526,0.6775479877140054,30.019,19.623,-10.396,0.6575437458069505,26.208,18.078,-8.13,0.6997993342071955,0.7277317375563429,0.7906706163603444,0.6575437458069505,0.6775479877140054,0.010765783667427952,0.01114708067000676,0.6575437458069505,0.6775479877140054,0.056893666666666676,0.037631509116535684,128.805,59.614,0.5214666732557109,0.0,0.0,0.0,0.0,0.0,27.58324771587739,18.360318873345165,11.433214589063933,0.11880261160618807,13.665991179987385,9.122565051525376,6.165142731396383,0.14798395838146772,13.984787929366068,9.450441634373945,5.432131331722433,0.10112695658824124,0.17109995767300645,0.10684644009093983,0.14798395838146772,0.11880261160618807,0.01624650890174519,0.015599631225520019,0.14798395838146772,0.11880261160618807,0.027478595316032427,0.0395936544911104,71.07510212454281,38.29109067083981,0.23035253935065658,50.0,59.0,35.4,-23.6,0.6,26.0,14.0,-42.0,0.4779589371980679,14.0,6.0,-23.0,0.3809047619047619,11.0,8.0,-20.0,0.5383677298311446,0.375,0.6,0.3809047619047619,0.4779589371980679,0.0,0.0,0.3809047619047619,0.4779589371980679,0.018666666666666668,0.0,32.0,23.0,0.20998027219931734,50.0,59.0,35.4,-23.6,0.6,47.0,33.0,-16.0,0.6818181818181818,26.0,18.0,-10.0,0.6785714285714286,21.0,15.0,-6.0,0.6975414522584333,0.76,0.8,0.6785714285714286,0.6818181818181818,0.0,0.0,0.6785714285714286,0.6818181818181818,0.051333333333333335,0.023255813953488372,110.0,46.0,0.48936170212765956,50.0,59.0,35.4,-23.6,0.6,110.0,75.0,-4.0,0.8649549549549537,57.04999999999927,38.0,-2.0,0.875,53.04999999999927,37.04999999999927,-2.0,0.8666666666666667,0.9445906432748516,1.0,0.875,0.8649549549549537,0.043478260869565216,0.041726190476189605,0.875,0.8649549549549537,0.09268333333333309,0.11708636631910246,223.04999999999927,147.0,0.8951349264232695
late_time_delay,0.4,unrepaired,50.0,59.0,35.4,-23.6,0.6,56.227,37.701,-18.526,0.6775479877140054,30.019,19.623,-10.396,0.6575437458069505,26.208,18.078,-8.13,0.6997993342071955,0.7277317375563429,0.7906706163603444,0.6575437458069505,0.6775479877140054,0.010765783667427952,0.01114708067000676,0.6575437458069505,0.6775479877140054,0.056893666666666676,0.037631509116535684,128.805,59.614,0.5214666732557109,0.0,0.0,0.0,0.0,0.0,27.58324771587739,18.360318873345165,11.433214589063933,0.11880261160618807,13.665991179987385,9.122565051525376,6.165142731396383,0.14798395838146772,13.984787929366068,9.450441634373945,5.432131331722433,0.10112695658824124,0.17109995767300645,0.10684644009093983,0.14798395838146772,0.11880261160618807,0.01624650890174519,0.015599631225520019,0.14798395838146772,0.11880261160618807,0.027478595316032427,0.0395936544911104,71.07510212454281,38.29109067083981,0.23035253935065658,50.0,59.0,35.4,-23.6,0.6,26.0,14.0,-42.0,0.4779589371980679,14.0,6.0,-23.0,0.3809047619047619,11.0,8.0,-20.0,0.5383677298311446,0.375,0.6,0.3809047619047619,0.4779589371980679,0.0,0.0,0.3809047619047619,0.4779589371980679,0.018666666666666668,0.0,32.0,23.0,0.20998027219931734,50.0,59.0,35.4,-23.6,0.6,47.0,33.0,-16.0,0.6818181818181818,26.0,18.0,-10.0,0.6785714285714286,21.0,15.0,-6.0,0.6975414522584333,0.76,0.8,0.6785714285714286,0.6818181818181818,0.0,0.0,0.6785714285714286,0.6818181818181818,0.051333333333333335,0.023255813953488372,110.0,46.0,0.48936170212765956,50.0,59.0,35.4,-23.6,0.6,110.0,75.0,-4.0,0.8649549549549537,57.04999999999927,38.0,-2.0,0.875,53.04999999999927,37.04999999999927,-2.0,0.8666666666666667,0.9445906432748516,1.0,0.875,0.8649549549549537,0.043478260869565216,0.041726190476189605,0.875,0.8649549549549537,0.09268333333333309,0.11708636631910246,223.04999999999927,147.0,0.8951349264232695
late_time_delay,0.5,repaired,50.0,59.0,29.5,-29.5,0.5,56.227,31.927,-24.3,0.5858705612801405,30.019,16.705,-13.314,0.5699836696432472,26.208,15.222,-10.986,0.6032143974297846,0.661043905317789,0.7191097188304751,0.5699836696432472,0.5858705612801405,0.008282753380645484,0.008586756699508053,0.5699836696432472,0.5858705612801405,0.055993666666666664,0.012903112230880967,128.805,44.47,0.4224068301480827,0.0,0.0,0.0,0.0,0.0,27.58324771587739,14.635952039727773,15.362799274876835,0.12623157574645483,13.665991179987385,7.431655128556154,7.9314371187998844,0.15071668873688615,13.984787929366068,7.448104686854415,7.540788443460992,0.1146147599751044,0.17571970025453165,0.1257219721849819,0.15071668873688615,0.12623157574645483,0.014850051363230816,0.013991722474702735,0.15071668873688615,0.12623157574645483,0.02726231739875663,0.023153481436327762,71.07510212454281,25.277598693300963,0.21795775904569348,50.0,59.0,29.5,-29.5,0.5,26.0,13.0,-55.0,0.39206121472979444,14.0,6.0,-29.0,0.33279569892473165,11.0,6.0,-27.0,0.42841945288753813,0.3333333333333333,0.52,0.33279569892473165,0.39206121472979444,0.0,0.0,0.33279569892473165,0.39206121472979444,0.018333333333333333,0.0,32.0,20.0,0.11842778630710016,50.0,59.0,29.5,-29.5,0.5,47.0,29.0,-19.0,0.5777777777777777,26.0,16.0,-12.0,0.5675675675675675,21.0,13.0,-8.0,0.6,0.68,0.719375,0.5675675675675675,0.5777777777777777,0.0,0.0,0.5675675675675675,0.5777777777777777,0.049666666666666665,0.0044444444444444444,110.0,36.0,0.3508117308195863,50.0,59.0,29.5,-29.5,0.5,110.0,61.04999999999927,-6.0,0.8056003584229384,57.04999999999927,31.0,-3.0,0.8125,53.04999999999927,31.0,-3.0,0.8,0.9,0.9090909090909091,0.8125,0.8056003584229384,0.038461538461538464,0.038461538461538464,0.8125,0.8056003584229384,0.09236666666666618,0.0588674275680415,223.04999999999927,104.04999999999927,0.8164192949907222
late_time_delay,0.5,unrepaired,50.0,59.0,29.5,-29.5,0.5,56.227,31.927,-24.3,0.5858705612801405,30.019,16.705,-13.314,0.5699836696432472,26.208,15.222,-10.986,0.6032143974297846,0.661043905317789,0.7191097188304751,0.5699836696432472,0.5858705612801405,0.008282753380645484,0.008586756699508053,0.5699836696432472,0.5858705612801405,0.055993666666666664,0.012903112230880967,128.805,44.47,0.4224068301480827,0.0,0.0,0.0,0.0,0.0,27.58324771587739,14.635952039727773,15.362799274876835,0.12623157574645483,13.665991179987385,7.431655128556154,7.9314371187998844,0.15071668873688615,13.984787929366068,7.448104686854415,7.540788443460992,0.1146147599751044,0.17571970025453165,0.1257219721849819,0.15071668873688615,0.12623157574645483,0.014850051363230816,0.013991722474702735,0.15071668873688615,0.12623157574645483,0.02726231739875663,0.023153481436327762,71.07510212454281,25.277598693300963,0.21795775904569348,50.0,59.0,29.5,-29.5,0.5,26.0,13.0,-55.0,0.39206121472979444,14.0,6.0,-29.0,0.33279569892473165,11.0,6.0,-27.0,0.42841945288753813,0.3333333333333333,0.52,0.33279569892473165,0.39206121472979444,0.0,0.0,0.33279569892473165,0.39206121472979444,0.018333333333333333,0.0,32.0,20.0,0.11842778630710016,50.0,59.0,29.5,-29.5,0.5,47.0,29.0,-19.0,0.5777777777777777,26.0,16.0,-12.0,0.5675675675675675,21.0,13.0,-8.0,0.6,0.68,0.719375,0.5675675675675675,0.5777777777777777,0.0,0.0,0.5675675675675675,0.5777777777777777,0.049666666666666665,0.0044444444444444444,110.0,36.0,0.3508117308195863,50.0,59.0,29.5,-29.5,0.5,110.0,61.04999999999927,-6.0,0.8056003584229384,57.04999999999927,31.0,-3.0,0.8125,53.04999999999927,31.0,-3.0,0.8,0.9,0.9090909090909091,0.8125,0.8056003584229384,0.038461538461538464,0.038461538461538464,0.8125,0.8056003584229384,0.09236666666666618,0.0588674275680415,223.04999999999927,104.04999999999927,0.8164192949907222
late_time_delay,0.6,repaired,50.0,59.0,23.6,-35.4,0.4,56.227,26.166,-30.061,0.48926385548263635,30.019,13.913,-16.106,0.48437295992257057,26.208,12.253,-13.955,0.4935472621167586,0.5968741349274473,0.6361567293049822,0.48437295992257057,0.48926385548263635,0.0066357882798154105,0.0068485788857751235,0.48437295992257057,0.48926385548263635,0.05343866666666667,0.007837597283254099,128.805,34.343,0.3507663845560097,0.0,0.0,0.0,0.0,0.0,27.58324771587739,11.546331702215126,18.68449062776403,0.1335508854242704,13.665991179987385,5.9202141763275336,9.507460395937391,0.15041568184997778,13.984787929366068,5.859558382885556,9.254811729798494,0.1267165031324131,0.18228049683618144,0.15908065487882284,0.15041568184997778,0.1335508854242704,0.013375769891362375,0.012640937616696848,0.15041568184997778,0.1335508854242704,0.0258746308419594,0.017512522872915364,71.07510212454281,19.896103550535948,0.21764413546182282,50.0,59.0,23.6,-35.4,0.4,26.0,10.0,-67.0,0.28055555555555567,14.0,5.0,-35.0,0.25,11.0,5.0,-32.049999999999955,0.29369747899159704,0.2775252525252528,0.36363636363636365,0.25,0.28055555555555567,0.0,0.0,0.25,0.28055555555555567,0.017666666666666667,0.0,32.0,9.0,0.042432992417563056,50.0,59.0,23.6,-35.4,0.4,47.0,24.0,-24.0,0.4821200510855683,26.0,13.0,-14.0,0.47368421052631576,21.0,11.0,-11.0,0.4899959983993597,0.6,0.6363636363636364,0.47368421052631576,0.4821200510855683,0.0,0.0,0.47368421052631576,0.4821200510855683,0.04816666666666666,0.0,110.0,30.0,0.2994845360824742,50.0,59.0,23.6,-35.4,0.4,110.0,49.0,-8.0,0.7142857142857143,57.04999999999927,25.0,-4.950000000000728,0.7368421052631579,53.04999999999927,24.0,-4.0,0.7002941176470545,0.8888888888888888,0.9,0.7368421052631579,0.7142857142857143,0.034482758620689655,0.03636363636363636,0.7368421052631579,0.7142857142857143,0.08834999999999976,0.03359348034515767,223.04999999999927,75.0,0.7714285714285715
late_time_delay,0.6,unrepaired,50.0,59.0,23.6,-35.4,0.4,56.227,26.166,-30.061,0.48926385548263635,30.019,13.913,-16.106,0.48437295992257057,26.208,12.253,-13.955,0.4935472621167586,0.5968741349274473,0.6361567293049822,0.48437295992257057,0.48926385548263635,0.0066357882798154105,0.0068485788857751235,0.48437295992257057,0.48926385548263635,0.05343866666666667,0.007837597283254099,128.805,34.343,0.3507663845560097,0.0,0.0,0.0,0.0,0.0,27.58324771587739,11.546331702215126,18.68449062776403,0.1335508854242704,13.665991179987385,5.9202141763275336,9.507460395937391,0.15041568184997778,13.984787929366068,5.859558382885556,9.254811729798494,0.1267165031324131,0.18228049683618144,0.15908065487882284,0.15041568184997778,0.1335508854242704,0.013375769891362375,0.012640937616696848,0.15041568184997778,0.1335508854242704,0.0258746308419594,0.017512522872915364,71.07510212454281,19.896103550535948,0.21764413546182282,50.0,59.0,23.6,-35.4,0.4,26.0,10.0,-67.0,0.28055555555555567,14.0,5.0,-35.0,0.25,11.0,5.0,-32.049999999999955,0.29369747899159704,0.2775252525252528,0.36363636363636365,0.25,0.28055555555555567,0.0,0.0,0.25,0.28055555555555567,0.017666666666666667,0.0,32.0,9.0,0.042432992417563056,50.0,59.0,23.6,-35.4,0.4,47.0,24.0,-24.0,0.4821200510855683,26.0,13.0,-14.0,0.47368421052631576,21.0,11.0,-11.0,0.4899959983993597,0.6,0.6363636363636364,0.47368421052631576,0.4821200510855683,0.0,0.0,0.47368421052631576,0.4821200510855683,0.04816666666666666,0.0,110.0,30.0,0.2994845360824742,50.0,59.0,23.6,-35.4,0.4,110.0,49.0,-8.0,0.7142857142857143,57.04999999999927,25.0,-4.950000000000728,0.7368421052631579,53.04999999999927,24.0,-4.0,0.7002941176470545,0.8888888888888888,0.9,0.7368421052631579,0.7142857142857143,0.034482758620689655,0.03636363636363636,0.7368421052631579,0.7142857142857143,0.08834999999999976,0.03359348034515767,223.04999999999927,75.0,0.7714285714285715
late_time_delay,0.7,repaired,50.0,59.0,17.700000000000003,-41.3,0.30000000000000004,56.227,20.247,-35.98,0.38431752753934484,30.019,10.919,-19.1,0.3886481656895497,26.208,9.328,-16.88,0.37744922714421764,0.5165040224848788,0.5365006495297644,0.3886481656895497,0.38431752753934484,0.005658419037688432,0.005901219108885878,0.3886481656895497,0.38431752753934484,0.050278333333333335,0.005142794002123925,128.805,23.66,0.273133174972694,0.0,0.0,0.0,0.0,0.0,27.58324771587739,9.1491180796929,21.46624512969134,0.1358531413075916,13.665991179987385,4.724264055605561,10.967863483967166,0.14917275324362309,13.984787929366068,4.652588597551447,10.570372428506365,0.12728544174120324,0.197242289851477,0.19400192355200804,0.14917275324362309,0.1358531413075916,0.013223328910512575,0.012363275996394134,0.14917275324362309,0.1358531413075916,0.024040243840026704,0.012421444461148722,71.07510212454281,14.368613214383993,0.2184273092903792,50.0,59.0,17.700000000000003,-41.3,0.30000000000000004,26.0,7.0,-78.04999999999995,0.18165584415584432,14.0,4.0,-41.0,0.17142857142857143,11.0,3.0,-38.0,0.1875,0.21428571428571427,0.23076923076923078,0.17142857142857143,0.18165584415584432,0.0,0.0,0.17142857142857143,0.18165584415584432,0.01731666666666668,0.0,32.0,4.9500000000000455,0.022981937602627265,50.0,59.0,17.700000000000003,-41.3,0.30000000000000004,47.0,19.0,-29.0,0.375,26.0,11.0,-16.0,0.37119815668202766,21.0,9.0,-13.0,0.36538461538461536,0.5,0.5263157894736842,0.37119815668202766,0.375,0.0,0.0,0.37119815668202766,0.375,0.046,0.0,110.0,23.0,0.23112535612535612,50.0,59.0,17.700000000000003,-41.3,0.30000000000000004,110.0,39.0,-12.0,0.6176470588235294,57.04999999999927,20.0,-6.0,0.65,53.04999999999927,19.0,-5.0,0.6,0.8571428571428571,0.875,0.65,0.6176470588235294,0.03450280673616651,0.03225806451612903,0.65,0.6176470588235294,0.08201666666666643,0.023809523809523808,223.04999999999927,51.0,0.7111324786324783
late_time_delay,0.7,unrepaired,50.0,59.0,17.700000000000003,-41.3,0.30000000000000004,56.227,20.247,-35.98,0.38431752753934484,30.019,10.919,-19.1,0.3886481656895497,26.208,9.328,-16.88,0.37744922714421764,0.5165040224848788,0.5365006495297644,0.3886481656895497,0.38431752753934484,0.005658419037688432,0.005901219108885878,0.3886481656895497,0.38431752753934484,0.050278333333333335,0.005142794002123925,128.805,23.66,0.273133174972694,0.0,0.0,0.0,0.0,0.0,27.58324771587739,9.1491180796929,21.46624512969134,0.1358531413075916,13.665991179987385,4.724264055605561,10.967863483967166,0.14917275324362309,13.984787929366068,4.652588597551447,10.570372428506365,0.12728544174120324,0.197242289851477,0.19400192355200804,0.14917275324362309,0.1358531413075916,0.013223328910512575,0.012363275996394134,0.14917275324362309,0.1358531413075916,0.024040243840026704,0.012421444461148722,71.07510212454281,14.368613214383993,0.2184273092903792,50.0,59.0,17.700000000000003,-41.3,0.30000000000000004,26.0,7.0,-78.04999999999995,0.18165584415584432,14.0,4.0,-41.0,0.17142857142857143,11.0,3.0,-38.0,0.1875,0.21428571428571427,0.23076923076923078,0.17142857142857143,0.18165584415584432,0.0,0.0,0.17142857142857143,0.18165584415584432,0.01731666666666668,0.0,32.0,4.9500000000000455,0.022981937602627265,50.0,59.0,17.700000000000003,-41.3,0.30000000000000004,47.0,19.0,-29.0,0.375,26.0,11.0,-16.0,0.37119815668202766,21.0,9.0,-13.0,0.36538461538461536,0.5,0.5263157894736842,0.37119815668202766,0.375,0.0,0.0,0.37119815668202766,0.375,0.046,0.0,110.0,23.0,0.23112535612535612,50.0,59.0,17.700000000000003,-41.3,0.30000000000000004,110.0,39.0,-12.0,0.6176470588235294,57.04999999999927,20.0,-6.0,0.65,53.04999999999927,19.0,-5.0,0.6,0.8571428571428571,0.875,0.65,0.6176470588235294,0.03450280673616651,0.03225806451612903,0.65,0.6176470588235294,0.08201666666666643,0.023809523809523808,223.04999999999927,51.0,0.7111324786324783
late_time_delay,0.8,repaired,50.0,59.0,11.801799999999997,-47.1982,0.20003050847457624,56.227,14.057,-42.17,0.27222392284386243,30.019,7.705,-22.314,0.281118156538849,26.208,6.352,-19.856,0.2594637656102157,0.42313250430698374,0.44607894028846184,0.281118156538849,0.27222392284386243,0.003954529355424666,0.0036858234128177543,0.281118156538849,0.27222392284386243,0.04809166666666667,0.0030329162443974867,128.805,16.348,0.20829427690307453,0.0,0.0,0.03945777099088556,0.039457770990885634,0.0006687757795065356,27.58324771587739,6.553475856717587,23.92401170024751,0.11656544821454147,13.665991179987385,3.4930209159854675,12.179582842766928,0.13258196760105265,13.984787929366068,3.3518978984975307,11.817242856219547,0.10717462413305996,0.2031526081537143,0.20130800377130662,0.13258196760105265,0.11656544821454147,0.01091605049624319,0.009627311823538865,0.13258196760105265,0.11656544821454147,0.023138268485398954,0.008831721707797066,71.07510212454281,9.970297722920238,0.19752902892172142,50.0,59.0,11.799999999999997,-47.2,0.19999999999999996,26.0,4.9500000000000455,-89.04999999999995,0.10638297872340426,14.0,2.0,-46.0,0.0967741935483871,11.0,2.0,-44.0,0.10762684124386258,0.13333333333333333,0.15789473684210525,0.0967741935483871,0.10638297872340426,0.0,0.0,0.0967741935483871,0.10638297872340426,0.01633333333333333,0.0,32.0,3.0,0.014354066985645933,50.0,59.0,11.799999999999997,-47.2,0.19999999999999996,47.0,13.0,-34.0,0.2608695652173913,26.0,8.0,-19.0,0.2608695652173913,21.0,6.0,-15.0,0.25,0.3888888888888889,0.4230769230769231,0.2608695652173913,0.2608695652173913,0.0,0.0,0.2608695652173913,0.2608695652173913,0.043666666666666666,0.0,110.0,16.0,0.14927404718693285,50.0,59.0,11.799999999999997,-47.2,0.19999999999999996,110.0,26.049999999999272,-15.0,0.4722953216374258,57.04999999999927,14.0,-8.0,0.5,53.04999999999927,13.0,-7.0,0.44472222222221813,0.7777777777777778,0.7777777777777778,0.5,0.4722953216374258,0.03130040322580572,0.02702702702702703,0.5,0.4722953216374258,0.07901666666666643,0.015873015873015872,223.04999999999927,32.0,0.6363636363636364
late_time_delay,0.8,unrepaired,50.0,59.0,11.801799999999997,-47.1982,0.20003050847457624,56.227,14.057,-42.17,0.27222392284386243,30.019,7.705,-22.314,0.281118156538849,26.208,6.352,-19.856,0.2594637656102157,0.42313250430698374,0.44607894028846184,0.281118156538849,0.27222392284386243,0.003954529355424666,0.0036858234128177543,0.281118156538849,0.27222392284386243,0.04809166666666667,0.0030329162443974867,128.805,16.348,0.20829427690307453,0.0,0.0,0.03945777099088556,0.039457770990885634,0.0006687757795065356,27.58324771587739,6.553475856717587,23.92401170024751,0.11656544821454147,13.665991179987385,3.4930209159854675,12.179582842766928,0.13258196760105265,13.984787929366068,3.3518978984975307,11.817242856219547,0.10717462413305996,0.2031526081537143,0.20130800377130662,0.13258196760105265,0.11656544821454147,0.01091605049624319,0.009627311823538865,0.13258196760105265,0.11656544821454147,0.023138268485398954,0.008831721707797066,71.07510212454281,9.970297722920238,0.19752902892172142,50.0,59.0,11.799999999999997,-47.2,0.19999999999999996,26.0,4.9500000000000455,-89.04999999999995,0.10638297872340426,14.0,2.0,-46.0,0.0967741935483871,11.0,2.0,-44.0,0.10762684124386258,0.13333333333333333,0.15789473684210525,0.0967741935483871,0.10638297872340426,0.0,0.0,0.0967741935483871,0.10638297872340426,0.01633333333333333,0.0,32.0,3.0,0.014354066985645933,50.0,59.0,11.799999999999997,-47.2,0.19999999999999996,47.0,13.0,-34.0,0.2608695652173913,26.0,8.0,-19.0,0.2608695652173913,21.0,6.0,-15.0,0.25,0.3888888888888889,0.4230769230769231,0.2608695652173913,0.2608695652173913,0.0,0.0,0.2608695652173913,0.2608695652173913,0.043666666666666666,0.0,110.0,16.0,0.14927404718693285,50.0,59.0,11.799999999999997,-47.2,0.19999999999999996,110.0,26.049999999999272,-15.0,0.4722953216374258,57.04999999999927,14.0,-8.0,0.5,53.04999999999927,13.0,-7.0,0.44472222222221813,0.7777777777777778,0.7777777777777778,0.5,0.4722953216374258,0.03130040322580572,0.02702702702702703,0.5,0.4722953216374258,0.07901666666666643,0.015873015873015872,223.04999999999927,32.0,0.6363636363636364
late_time_delay,0.9,repaired,50.0,59.0,5.945599999999999,-53.0544,0.10077288135593218,56.227,7.416,-48.811,0.14646059956285506,30.019,4.196,-25.823,0.15665190917448812,26.208,3.22,-22.988,0.13222998371599717,0.279074074536181,0.3151790377882407,0.15665190917448812,0.14646059956285506,0.0016156183387469852,0.0014431944189166768,0.15665190917448812,0.14646059956285506,0.045491666666666666,0.001099184654748592,128.805,7.952,0.10876017986805998,0.0,0.0,0.4826012125896901,0.48260121258969,0.008179681569316777,27.58324771587739,3.9671800881463986,25.912244662366557,0.07910476967756236,13.665991179987385,2.2860679365804284,13.072519270439317,0.09527410444377933,13.984787929366068,2.0381401820140157,12.906994811012563,0.07457669052750704,0.18274669795450066,0.18472450032408047,0.09527410444377933,0.07910476967756236,0.00797685642620158,0.006526438267001135,0.09527410444377933,0.07910476967756236,0.023128195387832225,0.004190360481176801,71.07510212454281,5.20714964647109,0.12066887660150055,50.0,59.0,5.899999999999999,-53.1,0.09999999999999998,26.0,2.0,-100.0,0.03842525399129176,14.0,1.0,-51.0,0.03225806451612903,11.0,1.0,-49.0,0.03842525399129176,0.05,0.07692307692307693,0.03225806451612903,0.03842525399129176,0.0,0.0,0.03225806451612903,0.03842525399129176,0.014,0.0,32.0,1.0,0.004948068336245392,50.0,59.0,5.899999999999999,-53.1,0.09999999999999998,47.0,7.0,-40.0,0.13414634146341464,26.0,4.0,-22.0,0.14285714285714285,21.0,3.0,-18.0,0.12390350877192982,0.23076923076923078,0.2727272727272727,0.14285714285714285,0.13414634146341464,0.0,0.0,0.14285714285714285,0.13414634146341464,0.04066666666666666,0.0,110.0,7.0,0.0625,50.0,59.0,5.899999999999999,-53.1,0.09999999999999998,110.0,14.0,-21.0,0.2903225806451613,57.04999999999927,8.0,-11.0,0.3333333333333333,53.04999999999927,7.0,-9.0,0.2667479674796736,0.6,0.6363636363636364,0.3333333333333333,0.2903225806451613,0.0,0.012432620413839805,0.3333333333333333,0.2903225806451613,0.07666666666666666,0.008620689655172414,223.04999999999927,17.0,0.3889566395663947
late_time_delay,0.9,unrepaired,50.0,59.0,5.945599999999999,-53.0544,0.10077288135593218,56.227,7.416,-48.811,0.14646059956285506,30.019,4.196,-25.823,0.15665190917448812,26.208,3.22,-22.988,0.13222998371599717,0.279074074536181,0.3151790377882407,0.15665190917448812,0.14646059956285506,0.0016156183387469852,0.0014431944189166768,0.15665190917448812,0.14646059956285506,0.045491666666666666,0.001099184654748592,128.805,7.952,0.10876017986805998,0.0,0.0,0.4826012125896901,0.48260121258969,0.008179681569316777,27.58324771587739,3.9671800881463986,25.912244662366557,0.07910476967756236,13.665991179987385,2.2860679365804284,13.072519270439317,0.09527410444377933,13.984787929366068,2.0381401820140157,12.906994811012563,0.07457669052750704,0.18274669795450066,0.18472450032408047,0.09527410444377933,0.07910476967756236,0.00797685642620158,0.006526438267001135,0.09527410444377933,0.07910476967756236,0.023128195387832225,0.004190360481176801,71.07510212454281,5.20714964647109,0.12066887660150055,50.0,59.0,5.899999999999999,-53.1,0.09999999999999998,26.0,2.0,-100.0,0.03842525399129176,14.0,1.0,-51.0,0.03225806451612903,11.0,1.0,-49.0,0.03842525399129176,0.05,0.07692307692307693,0.03225806451612903,0.03842525399129176,0.0,0.0,0.03225806451612903,0.03842525399129176,0.014,0.0,32.0,1.0,0.004948068336245392,50.0,59.0,5.899999999999999,-53.1,0.09999999999999998,47.0,7.0,-40.0,0.13414634146341464,26.0,4.0,-22.0,0.14285714285714285,21.0,3.0,-18.0,0.12390350877192982,0.23076923076923078,0.2727272727272727,0.14285714285714285,0.13414634146341464,0.0,0.0,0.14285714285714285,0.13414634146341464,0.04066666666666666,0.0,110.0,7.0,0.0625,50.0,59.0,5.899999999999999,-53.1,0.09999999999999998,110.0,14.0,-21.0,0.2903225806451613,57.04999999999927,8.0,-11.0,0.3333333333333333,53.04999999999927,7.0,-9.0,0.2667479674796736,0.6,0.6363636363636364,0.3333333333333333,0.2903225806451613,0.0,0.012432620413839805,0.3333333333333333,0.2903225806451613,0.07666666666666666,0.008620689655172414,223.04999999999927,17.0,0.3889566395663947
missing_events,0.0,repaired,50.0,59.0,59.0,0.0,1.0,56.227,56.227,0.0,1.0,30.019,30.019,0.0,1.0,26.208,26.208,0.0,1.0,1.0,1.0,1.0,1.0,1.0,1.0,1.0,1.0,0.0,1.0,128.805,128.805,1.0,0.0,0.0,0.0,0.0,0.0,27.58324771587739,27.58324771587739,0.0,0.0,13.665991179987385,13.665991179987385,0.0,0.0,13.984787929366068,13.984787929366068,0.0,0.0,0.0,0.0,0.0,0.0,0.0,0.0,0.0,0.0,0.0,0.0,71.07510212454281,71.07510212454281,0.0,50.0,59.0,59.0,0.0,1.0,26.0,26.0,0.0,1.0,14.0,14.0,0.0,1.0,11.0,11.0,0.0,1.0,1.0,1.0,1.0,1.0,1.0,1.0,1.0,1.0,0.0,1.0,32.0,32.0,1.0,50.0,59.0,59.0,0.0,1.0,47.0,47.0,0.0,1.0,26.0,26.0,0.0,1.0,21.0,21.0,0.0,1.0,1.0,1.0,1.0,1.0,1.0,1.0,1.0,1.0,0.0,1.0,110.0,110.0,1.0,50.0,59.0,59.0,0.0,1.0,110.0,110.0,0.0,1.0,57.04999999999927,57.04999999999927,0.0,1.0,53.04999999999927,53.04999999999927,0.0,1.0,1.0,1.0,1.0,1.0,1.0,1.0,1.0,1.0,0.0,1.0,223.04999999999927,223.04999999999927,1.0
missing_events,0.0,unrepaired,50.0,59.0,59.0,0.0,1.0,56.227,56.227,0.0,1.0,30.019,30.019,0.0,1.0,26.208,26.208,0.0,1.0,1.0,1.0,1.0,1.0,1.0,1.0,1.0,1.0,0.0,1.0,128.805,128.805,1.0,0.0,0.0,0.0,0.0,0.0,27.58324771587739,27.58324771587739,0.0,0.0,13.665991179987385,13.665991179987385,0.0,0.0,13.984787929366068,13.984787929366068,0.0,0.0,0.0,0.0,0.0,0.0,0.0,0.0,0.0,0.0,0.0,0.0,71.07510212454281,71.07510212454281,0.0,50.0,59.0,59.0,0.0,1.0,26.0,26.0,0.0,1.0,14.0,14.0,0.0,1.0,11.0,11.0,0.0,1.0,1.0,1.0,1.0,1.0,1.0,1.0,1.0,1.0,0.0,1.0,32.0,32.0,1.0,50.0,59.0,59.0,0.0,1.0,47.0,47.0,0.0,1.0,26.0,26.0,0.0,1.0,21.0,21.0,0.0,1.0,1.0,1.0,1.0,1.0,1.0,1.0,1.0,1.0,0.0,1.0,110.0,110.0,1.0,50.0,59.0,59.0,0.0,1.0,110.0,110.0,0.0,1.0,57.04999999999927,57.04999999999927,0.0,1.0,53.04999999999927,53.04999999999927,0.0,1.0,1.0,1.0,1.0,1.0,1.0,1.0,1.0,1.0,0.0,1.0,223.04999999999927,223.04999999999927,1.0
missing_events,0.05,repaired,50.0,59.0,59.0,0.0,1.0,56.227,52.8973,-3.3297,0.9438327966353054,30.019,28.255,-1.764,0.9441557753664325,26.208,24.6423,-1.5657,0.9434579710133483,0.9775701931171324,0.9925054948673502,0.9441557753664325,0.9438327966353054,0.9441557753664325,0.9438327966353054,0.9441557753664325,0.9438327966353054,0.011572366666666667,0.786338398541125,128.805,156.6051,1.2858995251987115,0.0,0.0,0.0,0.0,0.0,27.58324771587739,25.587262915606072,2.1929155929674504,0.018419303193262685,13.665991179987385,12.671875656084376,1.2121266126492334,0.024251180066763852,13.984787929366068,13.001517398191096,1.2397730492801373,0.032325615416267876,0.036501778258568575,0.024170615173491432,0.024251180066763852,0.018419303193262685,0.024251180066763852,0.018419303193262685,0.024251180066763852,0.018419303193262685,0.010674962539266543,0.17065682971375606,71.07510212454281,79.91555420298579,0.39711078567044544,50.0,59.0,59.0,0.0,1.0,26.0,24.0,-8.0,0.913440635451505,14.0,14.0,-4.0,0.9117647058823529,11.0,11.0,-4.0,0.8974358974358975,0.9,0.9285714285714286,0.9117647058823529,0.913440635451505,0.9117647058823529,0.913440635451505,0.9117647058823529,0.913440635451505,0.0003333333333333333,0.45677670424047234,32.0,35.0,0.9026201631094916,50.0,59.0,59.0,0.0,1.0,47.0,44.0,-3.0,0.9425287356321839,26.0,24.0,-1.0,0.9411764705882353,21.0,20.0,-1.0,0.9375,1.0,1.0,0.9411764705882353,0.9425287356321839,0.9411764705882353,0.9425287356321839,0.9411764705882353,0.9425287356321839,0.009,0.8246029766359025,110.0,155.0,1.1554979850316638,50.0,59.0,59.0,0.0,1.0,110.0,103.0,-1.0,0.9722222222222222,57.04999999999927,54.0,0.0,1.0,53.04999999999927,50.0,0.0,1.0,1.0,1.0,1.0,0.9722222222222222,1.0,0.9722222222222222,1.0,0.9722222222222222,0.032,0.9895833333333334,223.04999999999927,279.0,2.136408199643493
missing_events,0.05,unrepaired,50.0,59.0,59.0,0.0,1.0,56.227,53.91,-2.317,0.9608539473141624,30.019,28.7887,-1.2303,0.9608122979044424,26.208,25.1213,-1.0867,0.9609110422365542,0.9775701931171324,0.9925054948673502,0.9608122979044424,0.9608539473141624,0.9608122979044424,0.9608539473141624,0.9608122979044424,0.9608539473141624,0.011572366666666667,0.786338398541125,128.805,156.6051,1.2858995251987115,0.0,0.0,0.0,0.0,0.0,27.58324771587739,26.195772976802655,1.4165845090100033,0.007899252667035655,13.665991179987385,13.005659038537875,1.0213550933062703,0.02683800960903951,13.984787929366068,13.29819801766586,1.0361903681505147,0.0322278387684499,0.036501778258568575,0.024170615173491432,0.02683800960903951,0.007899252667035655,0.02683800960903951,0.007899252667035655,0.02683800960903951,0.007899252667035655,0.010674962539266543,0.17065682971375606,71.07510212454281,79.91555420298579,0.39711078567044544,50.0,59.0,59.0,0.0,1.0,26.0,25.0,-5.0,0.9508138997921958,14.0,14.0,-3.0,0.92,11.0,11.0,-3.0,0.9090909090909091,0.9,0.9285714285714286,0.92,0.9508138997921958,0.92,0.9508138997921958,0.92,0.9508138997921958,0.0003333333333333333,0.45677670424047234,32.0,35.0,0.9026201631094916,50.0,59.0,59.0,0.0,1.0,47.0,45.0,-2.0,0.9595959595959596,26.0,25.0,-1.0,0.9574468085106383,21.0,21.0,-1.0,0.9583333333333334,1.0,1.0,0.9574468085106383,0.9595959595959596,0.9574468085106383,0.9595959595959596,0.9574468085106383,0.9595959595959596,0.009,0.8246029766359025,110.0,155.0,1.1554979850316638,50.0,59.0,59.0,0.0,1.0,110.0,105.0,-1.0,0.972972972972973,57.04999999999927,55.0,0.0,1.0,53.04999999999927,51.0,0.0,1.0,1.0,1.0,1.0,0.972972972972973,1.0,0.972972972972973,1.0,0.972972972972973,0.032,0.9895833333333334,223.04999999999927,279.0,2.136408199643493
missing_events,0.1,repaired,50.0,59.0,59.0,0.0,1.0,56.227,49.0513,-7.1757,0.8750107087948229,30.019,26.2049,-3.8141,0.8754985055830932,26.208,22.8464,-3.3616,0.8744205519047462,0.9463924388139526,0.9803179683295226,0.8754985055830932,0.8750107087948229,0.8754985055830932,0.8750107087948229,0.8754985055830932,0.8750107087948229,0.024336266666666665,0.6303809072872174,128.805,185.9176,1.6030387832500113,0.0,0.0,0.0,0.0,0.0,27.58324771587739,23.773880374242715,4.0318054337363085,0.025024144969378426,13.665991179987385,11.788477968392753,2.1414480544661862,0.03460360330406992,13.984787929366068,12.096257230395636,2.188818067463178,0.04589433451507959,0.05488425824327087,0.038605140360287185,0.03460360330406992,0.025024144969378426,0.03460360330406992,0.025024144969378426,0.03460360330406992,0.025024144969378426,0.01780785822293393,0.19488171296394588,71.07510212454281,92.1489563329684,0.6904834689402505,50.0,59.0,59.0,0.0,1.0,26.0,23.0,-15.0,0.8333333333333334,14.0,13.0,-8.0,0.8260869565217391,11.0,10.0,-8.0,0.8,0.8461538461538461,0.9,0.8260869565217391,0.8333333333333334,0.8260869565217391,0.8333333333333334,0.8260869565217391,0.8333333333333334,0.002,0.3148148148148148,32.0,45.0,0.8850353669319188,50.0,59.0,59.0,0.0,1.0,47.0,42.0,-6.0,0.875,26.0,23.0,-3.0,0.8723404255319149,21.0,19.0,-3.0,0.8709677419354839,0.9523809523809523,1.0,0.8723404255319149,0.875,0.8723404255319149,0.875,0.8723404255319149,0.875,0.021,0.6406828703703704,110.0,188.0,1.395205282802182,50.0,59.0,59.0,0.0,1.0,110.0,96.0,-3.0,0.9183673469387755,57.04999999999927,50.0,-1.0,0.9375,53.04999999999927,47.0,-1.0,0.95,1.0,1.0,0.9375,0.9183673469387755,0.9375,0.9183673469387755,0.9375,0.9183673469387755,0.058666666666666666,0.9345018977268089,223.04999999999927,335.0,2.991203703703697
missing_events,0.1,unrepaired,50.0,59.0,59.0,0.0,1.0,56.227,51.073,-5.154,0.9102524320943683,30.019,27.2596,-2.7594,0.9097178307043374,26.208,23.8134,-2.3946,0.9109232967133323,0.9463924388139526,0.9803179683295226,0.9097178307043374,0.9102524320943683,0.9097178307043374,0.9102524320943683,0.9097178307043374,0.9102524320943683,0.024336266666666665,0.6303809072872174,128.805,185.9176,1.6030387832500113,0.0,0.0,0.0,0.0,0.0,27.58324771587739,24.8299279808128,2.7693051303694403,0.00800163926483535,13.665991179987385,12.346961269286412,1.755055458373381,0.03937364633700383,13.984787929366068,12.639507749735197,1.7690120916426826,0.04740590385649937,0.05488425824327087,0.038605140360287185,0.03937364633700383,0.00800163926483535,0.03937364633700383,0.00800163926483535,0.03937364633700383,0.00800163926483535,0.01780785822293393,0.19488171296394588,71.07510212454281,92.1489563329684,0.6904834689402505,50.0,59.0,59.0,0.0,1.0,26.0,24.0,-11.0,0.9,14.0,13.0,-6.0,0.8461538461538461,11.0,10.0,-6.0,0.8333333333333334,0.8461538461538461,0.9,0.8461538461538461,0.9,0.8461538461538461,0.9,0.8461538461538461,0.9,0.002,0.3148148148148148,32.0,45.0,0.8850353669319188,50.0,59.0,59.0,0.0,1.0,47.0,43.0,-4.0,0.9090909090909091,26.0,24.0,-2.0,0.9090909090909091,21.0,20.0,-2.0,0.9111111111111111,0.9523809523809523,1.0,0.9090909090909091,0.9090909090909091,0.9090909090909091,0.9090909090909091,0.9090909090909091,0.9090909090909091,0.021,0.6406828703703704,110.0,188.0,1.395205282802182,50.0,59.0,59.0,0.0,1.0,110.0,99.0,-2.0,0.9259259259259259,57.04999999999927,52.0,-1.0,0.9772727272727273,53.04999999999927,49.0,0.0,1.0,1.0,1.0,0.9772727272727273,0.9259259259259259,0.9772727272727273,0.9259259259259259,0.9772727272727273,0.9259259259259259,0.058666666666666666,0.9345018977268089,223.04999999999927,335.0,2.991203703703697
missing_events,0.15,repaired,50.0,59.0,59.0,0.0,1.0,56.227,45.4703,-10.7567,0.8115827737455342,30.019,24.2996,-5.7194,0.8124696768871791,26.208,21.1707,-5.0373,0.8104870270651644,0.9175452659951212,0.9675424362497528,0.8124696768871791,0.8115827737455342,0.8124696768871791,0.8115827737455342,0.8124696768871791,0.8115827737455342,0.0361985,0.5295188802547336,128.805,212.8731,1.8953369250854881,0.0,0.0,0.0,0.0,0.0,27.58324771587739,22.01126455901046,5.82074679223566,0.030232992043998437,13.665991179987385,10.917085605408236,3.0481457903577938,0.04245637890287602,13.984787929366068,11.233297833139675,3.0846815453177023,0.05609491319215267,0.0673095457121743,0.04886855069778832,0.04245637890287602,0.030232992043998437,0.04245637890287602,0.030232992043998437,0.04245637890287602,0.030232992043998437,0.02417331631284887,0.1966835216777547,71.07510212454281,105.1148691192689,0.934254845631812,50.0,59.0,59.0,0.0,1.0,26.0,21.0,-23.0,0.7611940298507462,14.0,12.0,-12.0,0.75,11.0,9.0,-11.0,0.7222222222222222,0.8,0.8888888888888888,0.75,0.7611940298507462,0.75,0.7611940298507462,0.75,0.7611940298507462,0.005,0.242627381938691,32.0,55.0,0.9044473278959676,50.0,59.0,59.0,0.0,1.0,47.0,38.0,-9.0,0.8113207547169812,26.0,21.0,-5.0,0.8095238095238095,21.0,17.0,-4.0,0.8076923076923077,0.9166666666666666,1.0,0.8095238095238095,0.8113207547169812,0.8095238095238095,0.8113207547169812,0.8095238095238095,0.8113207547169812,0.03166666666666667,0.5280015579197671,110.0,213.0,1.5733188843894372,50.0,59.0,59.0,0.0,1.0,110.0,89.0,-4.0,0.8627450980392157,57.04999999999927,46.0,-2.0,0.8888888888888888,53.04999999999927,43.0,-1.0,0.9090909090909091,1.0,1.0,0.8888888888888888,0.8627450980392157,0.8888888888888888,0.8627450980392157,0.8888888888888888,0.8627450980392157,0.083,0.8620689655172413,223.04999999999927,386.0,3.7408004778972512
missing_events,0.15,unrepaired,50.0,59.0,59.0,0.0,1.0,56.227,48.274,-7.953,0.8605656919723057,30.019,25.7689,-4.2501,0.8601284239701237,26.208,22.5051,-3.7029,0.8611681777348653,0.9175452659951212,0.9675424362497528,0.8601284239701237,0.8605656919723057,0.8601284239701237,0.8605656919723057,0.8601284239701237,0.8605656919723057,0.0361985,0.5295188802547336,128.805,212.8731,1.8953369250854881,0.0,0.0,0.0,0.0,0.0,27.58324771587739,23.444442586438626,4.150724497167354,0.008267074880540485,13.665991179987385,11.68331899694084,2.440398644597735,0.04720577389269367,13.984787929366068,11.963849186559317,2.4662197416250993,0.057457455969491644,0.0673095457121743,0.04886855069778832,0.04720577389269367,0.008267074880540485,0.04720577389269367,0.008267074880540485,0.04720577389269367,0.008267074880540485,0.02417331631284887,0.1966835216777547,71.07510212454281,105.1148691192689,0.934254845631812,50.0,59.0,59.0,0.0,1.0,26.0,23.0,-16.0,0.8504672897196262,14.0,12.0,-9.0,0.7837250293772033,11.0,9.0,-9.0,0.7692307692307693,0.8,0.8888888888888888,0.7837250293772033,0.8504672897196262,0.7837250293772033,0.8504672897196262,0.7837250293772033,0.8504672897196262,0.005,0.242627381938691,32.0,55.0,0.9044473278959676,50.0,59.0,59.0,0.0,1.0,47.0,40.0,-7.0,0.8586956521739131,26.0,22.0,-4.0,0.8571428571428571,21.0,18.0,-3.0,0.8604651162790697,0.9166666666666666,1.0,0.8571428571428571,0.8586956521739131,0.8571428571428571,0.8586956521739131,0.8571428571428571,0.8586956521739131,0.03166666666666667,0.5280015579197671,110.0,213.0,1.5733188843894372,50.0,59.0,59.0,0.0,1.0,110.0,94.0,-3.0,0.8787878787878788,57.04999999999927,49.04999999999927,-1.0,0.9411764705882353,53.04999999999927,46.0,-1.0,0.95,1.0,1.0,0.9411764705882353,0.8787878787878788,0.9411764705882353,0.8787878787878788,0.9411764705882353,0.8787878787878788,0.083,0.8620689655172413,223.04999999999927,386.0,3.7408004778972512
missing_events,0.2,repaired,50.0,59.0,59.0,0.0,1.0,56.227,41.9863,-14.2407,0.7490452180646324,30.019,22.4507,-7.5683,0.7503125361326837,26.208,19.5356,-6.6724,0.7474895540475973,0.8844825554062596,0.9520882418911708,0.7503125361326837,0.7490452180646324,0.7503125361326837,0.7490452180646324,0.7503125361326837,0.7490452180646324,0.047139999999999994,0.45462673394259084,128.805,236.5188,2.1548004747092366,0.0,0.0,0.0,0.0,0.0,27.58324771587739,20.39466367804707,7.456468561077699,0.03378481007806473,13.665991179987385,10.1369149752043,3.851287882233059,0.04822092641529965,13.984787929366068,10.416822147774521,3.910039268435555,0.061651158605606826,0.0770486153923728,0.05749434817045952,0.04822092641529965,0.03378481007806473,0.04822092641529965,0.03378481007806473,0.04822092641529965,0.03378481007806473,0.029636445069071232,0.18901575211209623,71.07510212454281,117.77513805924612,1.1538664340486797,50.0,59.0,59.0,0.0,1.0,26.0,20.0,-30.0,0.6909090909090909,14.0,11.0,-16.0,0.677938764352105,11.0,8.0,-15.0,0.6470588235294118,0.75,0.8421052631578947,0.677938764352105,0.6909090909090909,0.677938764352105,0.6909090909090909,0.677938764352105,0.6909090909090909,0.009,0.19519479372420548,32.0,66.0,0.9142703533026113,50.0,59.0,59.0,0.0,1.0,47.0,35.0,-12.0,0.75,26.0,19.0,-7.0,0.75,21.0,16.0,-6.0,0.75,0.8928571428571429,0.9655172413793104,0.75,0.75,0.75,0.75,0.75,0.75,0.04066666666666666,0.44225211204979986,110.0,232.0,1.7398979591836734,50.0,59.0,59.0,0.0,1.0,110.0,82.0,-6.0,0.8043478260869565,57.04999999999927,43.0,-3.0,0.8333333333333334,53.04999999999927,40.0,-2.0,0.8571428571428571,1.0,1.0,0.8333333333333334,0.8043478260869565,0.8333333333333334,0.8043478260869565,0.8333333333333334,0.8043478260869565,0.10266666666666667,0.7905572397492547,223.04999999999927,441.0,4.468244069454632
missing_events,0.2,unrepaired,50.0,59.0,59.0,0.0,1.0,56.227,45.388,-10.839,0.8089302990670005,30.019,24.2351,-5.7839,0.8087343048535889,26.208,21.1529,-5.0551,0.8091899597463127,0.8844825554062596,0.9520882418911708,0.8087343048535889,0.8089302990670005,0.8087343048535889,0.8089302990670005,0.8087343048535889,0.8089302990670005,0.047139999999999994,0.45462673394259084,128.805,236.5188,2.1548004747092366,0.0,0.0,0.0,0.0,0.0,27.58324771587739,22.068397255254865,5.523597560738945,0.007702022872440407,13.665991179987385,11.036711869523856,3.106342821803904,0.05383732113221508,13.984787929366068,11.280631491839687,3.169048481299664,0.0654800998481558,0.0770486153923728,0.05749434817045952,0.05383732113221508,0.007702022872440407,0.05383732113221508,0.007702022872440407,0.05383732113221508,0.007702022872440407,0.029636445069071232,0.18901575211209623,71.07510212454281,117.77513805924612,1.1538664340486797,50.0,59.0,59.0,0.0,1.0,26.0,21.0,-22.0,0.8,14.0,12.0,-12.0,0.7222222222222222,11.0,9.0,-11.0,0.7058823529411765,0.75,0.8421052631578947,0.7222222222222222,0.8,0.7222222222222222,0.8,0.7222222222222222,0.8,0.009,0.19519479372420548,32.0,66.0,0.9142703533026113,50.0,59.0,59.0,0.0,1.0,47.0,38.0,-9.0,0.8072841826019675,26.0,21.0,-5.0,0.8076923076923077,21.0,17.0,-4.0,0.8076923076923077,0.8928571428571429,0.9655172413793104,0.8076923076923077,0.8072841826019675,0.8076923076923077,0.8072841826019675,0.8076923076923077,0.8072841826019675,0.04066666666666666,0.44225211204979986,110.0,232.0,1.7398979591836734,50.0,59.0,59.0,0.0,1.0,110.0,88.0,-5.0,0.8235294117647058,57.04999999999927,46.0,-2.0,0.8958692528735628,53.04999999999927,44.0,-1.0,0.9200526315789467,1.0,1.0,0.8958692528735628,0.8235294117647058,0.8958692528735628,0.8235294117647058,0.8958692528735628,0.8235294117647058,0.10266666666666667,0.7905572397492547,223.04999999999927,441.0,4.468244069454632
missing_events,0.25,repaired,50.0,59.0,59.0,0.0,1.0,56.227,38.7384,-17.4886,0.6907414100846567,30.019,20.7284,-9.2906,0.6925269814070766,26.208,18.01,-8.198,0.6884960915632123,0.8498562692636052,0.932270128214481,0.6925269814070766,0.6907414100846567,0.6925269814070766,0.6907414100846567,0.6925269814070766,0.6907414100846567,0.05682656666666667,0.4015831211709728,128.805,256.0251,2.362114252302619,0.0,0.0,0.0,0.0,0.0,27.58324771587739,18.87888255858028,8.97666575588117,0.03625491466985991,13.665991179987385,9.400450536385419,4.599594250227596,0.05181863517567503,13.984787929366068,9.662951788337075,4.676193182308421,0.06633134982076513,0.08618509804549089,0.06712267603588541,0.05181863517567503,0.03625491466985991,0.05181863517567503,0.03625491466985991,0.05181863517567503,0.03625491466985991,0.03489842387064963,0.18054947022578288,71.07510212454281,130.14743065216703,1.345626242249512,50.0,59.0,59.0,0.0,1.0,26.0,18.0,-36.0,0.627906976744186,14.0,10.0,-19.0,0.6111111111111112,11.0,8.0,-18.0,0.5833333333333334,0.7,0.8,0.6111111111111112,0.627906976744186,0.6111111111111112,0.627906976744186,0.6111111111111112,0.627906976744186,0.012,0.16666666666666666,32.0,71.0,0.9230341880341881,50.0,59.0,59.0,0.0,1.0,47.0,33.0,-15.0,0.6923076923076923,26.0,18.0,-8.0,0.6896551724137931,21.0,15.0,-7.0,0.6875,0.8571428571428571,0.9411764705882353,0.6896551724137931,0.6923076923076923,0.6896551724137931,0.6923076923076923,0.6896551724137931,0.6923076923076923,0.04933333333333333,0.37782018659881256,110.0,246.5,1.8731153875293582,50.0,59.0,59.0,0.0,1.0,110.0,76.0,-7.0,0.75,57.04999999999927,40.0,-4.0,0.782608695652174,53.04999999999927,37.0,-3.0,0.8,1.0,1.0,0.782608695652174,0.75,0.782608695652174,0.75,0.782608695652174,0.75,0.123,0.7333454987834548,223.04999999999927,485.0,5.060205128205125
missing_events,0.25,unrepaired,50.0,59.0,59.0,0.0,1.0,56.227,42.53,-13.697,0.7577658761583989,30.019,22.7438,-7.2752,0.7587491228777355,26.208,19.7862,-6.4218,0.756556403149507,0.8498562692636052,0.932270128214481,0.7587491228777355,0.7577658761583989,0.7587491228777355,0.7577658761583989,0.7587491228777355,0.7577658761583989,0.05682656666666667,0.4015831211709728,128.805,256.0251,2.362114252302619,0.0,0.0,0.0,0.0,0.0,27.58324771587739,20.69888751586517,6.892020095305826,0.007209954504196548,13.665991179987385,10.395189635439849,3.766362105314733,0.05882075241183348,13.984787929366068,10.607768004354318,3.857093786421029,0.07170457446913914,0.08618509804549089,0.06712267603588541,0.05882075241183348,0.007209954504196548,0.05882075241183348,0.007209954504196548,0.05882075241183348,0.007209954504196548,0.03489842387064963,0.18054947022578288,71.07510212454281,130.14743065216703,1.345626242249512,50.0,59.0,59.0,0.0,1.0,26.0,20.0,-27.0,0.75,14.0,11.0,-15.0,0.6666666666666666,11.0,8.0,-14.0,0.6427655677655679,0.7,0.8,0.6666666666666666,0.75,0.6666666666666666,0.75,0.6666666666666666,0.75,0.012,0.16666666666666666,32.0,71.0,0.9230341880341881,50.0,59.0,59.0,0.0,1.0,47.0,36.0,-11.0,0.7563025210084033,26.0,20.0,-6.0,0.7586206896551724,21.0,16.0,-5.0,0.7547169811320755,0.8571428571428571,0.9411764705882353,0.7586206896551724,0.7563025210084033,0.7586206896551724,0.7563025210084033,0.7586206896551724,0.7563025210084033,0.04933333333333333,0.37782018659881256,110.0,246.5,1.8731153875293582,50.0,59.0,59.0,0.0,1.0,110.0,83.0,-6.0,0.7714285714285715,57.04999999999927,44.0,-3.0,0.8571428571428571,53.04999999999927,41.0,-2.0,0.875,1.0,1.0,0.8571428571428571,0.7714285714285715,0.8571428571428571,0.7714285714285715,0.8571428571428571,0.7714285714285715,0.123,0.7333454987834548,223.04999999999927,485.0,5.060205128205125
missing_events,0.3,repaired,50.0,59.0,59.0,0.0,1.0,56.227,35.7768,-20.4502,0.638757587954524,30.019,19.1727,-10.8463,0.6415543793301445,26.208,16.6041,-9.6039,0.6353675851404273,0.8166060103255318,0.9135654246177132,0.6415543793301445,0.638757587954524,0.6415543793301445,0.638757587954524,0.6415543793301445,0.638757587954524,0.06492593333333332,0.36066552767120963,128.805,271.5856,2.540633614744928,0.0,0.0,0.0,0.0,0.0,27.58324771587739,17.34789545471362,10.519314880663835,0.03799302894539545,13.665991179987385,8.657954188321424,5.366801334655168,0.05533303597205647,13.984787929366068,8.899656374172968,5.449639864015295,0.06937421875603209,0.09152199759719126,0.07115156367404599,0.05533303597205647,0.03799302894539545,0.05533303597205647,0.03799302894539545,0.05533303597205647,0.03799302894539545,0.038654310909991656,0.1736725675462123,71.07510212454281,138.73611225461224,1.4895482293768791,50.0,59.0,59.0,0.0,1.0,26.0,17.0,-42.0,0.57375843780135,14.0,9.0,-22.0,0.5555555555555556,11.0,7.0,-21.0,0.5263157894736842,0.6666666666666666,0.7777777777777778,0.5555555555555556,0.57375843780135,0.5555555555555556,0.57375843780135,0.5555555555555556,0.57375843780135,0.015666666666666666,0.14628927666654065,32.0,80.0,0.9545454545454546,50.0,59.0,59.0,0.0,1.0,47.0,30.0,-17.0,0.64,26.0,16.0,-9.0,0.64,21.0,13.0,-8.0,0.6346153846153846,0.8181818181818182,0.9130434782608695,0.64,0.64,0.64,0.64,0.64,0.64,0.05533333333333333,0.3282134433962264,110.0,255.0,1.989949494949495,50.0,59.0,59.0,0.0,1.0,110.0,69.0,-9.0,0.6973684210526315,57.04999999999927,36.0,-4.0,0.7368421052631579,53.04999999999927,34.0,-3.0,0.75,1.0,1.0,0.7368421052631579,0.6973684210526315,0.7368421052631579,0.6973684210526315,0.7368421052631579,0.6973684210526315,0.13666666666666666,0.6850839887811716,223.04999999999927,516.0,5.438270156809482
missing_events,0.3,unrepaired,50.0,59.0,59.0,0.0,1.0,56.227,39.808,-16.419,0.7099056970204894,30.019,21.2731,-8.7459,0.7107269113320459,26.208,18.5349,-7.6731,0.708913529838715,0.8166060103255318,0.9135654246177132,0.7107269113320459,0.7099056970204894,0.7107269113320459,0.7099056970204894,0.7107269113320459,0.7099056970204894,0.06492593333333332,0.36066552767120963,128.805,271.5856,2.540633614744928,0.0,0.0,0.0,0.0,0.0,27.58324771587739,19.303947788989266,8.286151400409192,0.008036082996547688,13.665991179987385,9.691919816061867,4.4641153684243235,0.06160881911861905,13.984787929366068,9.951667476285357,4.512723441258686,0.07521643050166989,0.09152199759719126,0.07115156367404599,0.06160881911861905,0.008036082996547688,0.06160881911861905,0.008036082996547688,0.06160881911861905,0.008036082996547688,0.038654310909991656,0.1736725675462123,71.07510212454281,138.73611225461224,1.4895482293768791,50.0,59.0,59.0,0.0,1.0,26.0,19.0,-33.0,0.7,14.0,10.0,-18.0,0.6111111111111112,11.0,8.0,-17.0,0.5833333333333334,0.6666666666666666,0.7777777777777778,0.6111111111111112,0.7,0.6111111111111112,0.7,0.6111111111111112,0.7,0.015666666666666666,0.14628927666654065,32.0,80.0,0.9545454545454546,50.0,59.0,59.0,0.0,1.0,47.0,33.0,-14.0,0.7076923076923077,26.0,18.0,-8.0,0.7083333333333334,21.0,15.0,-6.0,0.7083333333333334,0.8181818181818182,0.9130434782608695,0.7083333333333334,0.7076923076923077,0.7083333333333334,0.7076923076923077,0.7083333333333334,0.7076923076923077,0.05533333333333333,0.3282134433962264,110.0,255.0,1.989949494949495,50.0,59.0,59.0,0.0,1.0,110.0,77.0,-7.0,0.7272727272727273,57.04999999999927,41.0,-3.0,0.8125,53.04999999999927,38.0,-2.0,0.8333333333333334,1.0,1.0,0.8125,0.7272727272727273,0.8125,0.7272727272727273,0.8125,0.7272727272727273,0.13666666666666666,0.6850839887811716,223.04999999999927,516.0,5.438270156809482
missing_events,0.4,repaired,50.0,59.0,59.0,0.0,1.0,56.227,30.0723,-26.1547,0.5370266091725208,30.019,16.0873,-13.9317,0.5385031701349182,26.208,13.985,-12.223,0.5351921201532154,0.7373380394008734,0.8643561252313295,0.5385031701349182,0.5370266091725208,0.5385031701349182,0.5370266091725208,0.5385031701349182,0.5370266091725208,0.07940303333333333,0.29314960840605303,128.805,293.6745,2.8013809739811824,0.0,0.0,0.0,0.0,0.0,27.58324771587739,14.619912684236157,13.235478295043572,0.038414635519963804,13.665991179987385,7.321669167200829,6.728756402655165,0.05956048971806498,13.984787929366068,7.566406019373071,6.795769952619418,0.07284213636217993,0.10275376683350537,0.08508664492599514,0.05956048971806498,0.038414635519963804,0.05956048971806498,0.038414635519963804,0.05956048971806498,0.038414635519963804,0.04526159167391117,0.1541863585442636,71.07510212454281,154.89724744318855,1.7435160534374539,50.0,59.0,59.0,0.0,1.0,26.0,14.0,-53.0,0.47058823529411764,14.0,8.0,-28.0,0.4444444444444444,11.0,6.0,-26.0,0.4166666666666667,0.5625,0.7,0.4444444444444444,0.47058823529411764,0.4444444444444444,0.47058823529411764,0.4444444444444444,0.47058823529411764,0.022,0.11411862448561005,32.0,87.0,0.9416898971450544,50.0,59.0,59.0,0.0,1.0,47.0,25.0,-22.0,0.5384615384615384,26.0,14.0,-12.0,0.5357142857142857,21.0,11.0,-10.0,0.5333333333333333,0.7368421052631579,0.8823529411764706,0.5357142857142857,0.5384615384615384,0.5357142857142857,0.5384615384615384,0.5357142857142857,0.5384615384615384,0.069,0.25072055684300587,110.0,267.0,2.1256985692132133,50.0,59.0,59.0,0.0,1.0,110.0,59.0,-11.0,0.5952380952380952,57.04999999999927,31.0,-6.0,0.64,53.04999999999927,29.0,-4.0,0.6666666666666666,0.9,1.0,0.64,0.5952380952380952,0.64,0.5952380952380952,0.64,0.5952380952380952,0.16433333333333333,0.5882352941176471,223.04999999999927,576.0,6.1891891891891895
missing_events,0.4,unrepaired,50.0,59.0,59.0,0.0,1.0,56.227,34.152,-22.075,0.6091478282192513,30.019,18.2292,-11.7898,0.6089922027541564,26.208,15.9228,-10.2852,0.6093470646108288,0.7373380394008734,0.8643561252313295,0.6089922027541564,0.6091478282192513,0.6089922027541564,0.6091478282192513,0.6089922027541564,0.6091478282192513,0.07940303333333333,0.29314960840605303,128.805,293.6745,2.8013809739811824,0.0,0.0,0.0,0.0,0.0,27.58324771587739,16.555552078697456,11.033383368434894,0.007777129730475599,13.665991179987385,8.3773913259763,5.780895937117677,0.06658062309714284,13.984787929366068,8.606140059554713,5.8623628077567,0.08152926555650555,0.10275376683350537,0.08508664492599514,0.06658062309714284,0.007777129730475599,0.06658062309714284,0.007777129730475599,0.06658062309714284,0.007777129730475599,0.04526159167391117,0.1541863585442636,71.07510212454281,154.89724744318855,1.7435160534374539,50.0,59.0,59.0,0.0,1.0,26.0,16.0,-44.0,0.6,14.0,8.0,-23.0,0.5,11.0,6.0,-22.0,0.47619047619047616,0.5625,0.7,0.5,0.6,0.5,0.6,0.5,0.6,0.022,0.11411862448561005,32.0,87.0,0.9416898971450544,50.0,59.0,59.0,0.0,1.0,47.0,29.0,-18.0,0.6075949367088608,26.0,16.0,-10.0,0.6086956521739131,21.0,13.0,-8.0,0.6086956521739131,0.7368421052631579,0.8823529411764706,0.6086956521739131,0.6075949367088608,0.6086956521739131,0.6075949367088608,0.6086956521739131,0.6075949367088608,0.069,0.25072055684300587,110.0,267.0,2.1256985692132133,50.0,59.0,59.0,0.0,1.0,110.0,66.0,-10.0,0.625,57.04999999999927,35.0,-5.0,0.72,53.04999999999927,33.0,-4.0,0.75,0.9,1.0,0.72,0.625,0.72,0.625,0.72,0.625,0.16433333333333333,0.5882352941176471,223.04999999999927,576.0,6.1891891891891895
missing_events,0.5,repaired,50.0,59.0,59.0,0.0,1.0,56.227,24.601,-31.626,0.43869099537519507,30.019,13.1917,-16.8273,0.44106902912350504,26.208,11.4093,-14.7987,0.43577497212568744,0.6510449340629016,0.8006533873064307,0.44106902912350504,0.43869099537519507,0.44106902912350504,0.43869099537519507,0.44106902912350504,0.43869099537519507,0.08920066666666666,0.24576502523666477,128.805,301.5522,2.9213331384579897,0.0,0.0,0.0,0.0,0.0,27.58324771587739,12.068511254350728,15.776882296623121,0.0371957105574597,13.665991179987385,6.1029726967743905,7.969066778019322,0.06012950289689946,13.984787929366068,6.298233108104881,8.077307880739719,0.07329757335692819,0.11139237718274562,0.09466341527545541,0.06012950289689946,0.0371957105574597,0.06012950289689946,0.0371957105574597,0.06012950289689946,0.0371957105574597,0.048894801163566995,0.13830756512738013,71.07510212454281,161.88349422263593,1.8890160328952172,50.0,59.0,59.0,0.0,1.0,26.0,11.0,-64.0,0.37254901960784315,14.0,6.0,-33.0,0.3448275862068966,11.0,4.0,-31.0,0.3157894736842105,0.47058823529411764,0.6363636363636364,0.3448275862068966,0.37254901960784315,0.3448275862068966,0.37254901960784315,0.3448275862068966,0.37254901960784315,0.026333333333333334,0.09090909090909091,32.0,92.0,0.9088491936002056,50.0,59.0,59.0,0.0,1.0,47.0,20.0,-27.0,0.4411764705882353,26.0,11.0,-15.0,0.44,21.0,9.0,-12.0,0.43478260869565216,0.6470588235294118,0.8,0.44,0.4411764705882353,0.44,0.4411764705882353,0.44,0.4411764705882353,0.078,0.2018906672023929,110.0,267.0,2.18604025124984,50.0,59.0,59.0,0.0,1.0,110.0,48.0,-14.0,0.5,57.04999999999927,25.0,-8.0,0.5416666666666666,53.04999999999927,24.0,-6.0,0.5555555555555556,0.8333333333333334,0.9354838709677419,0.5416666666666666,0.5,0.5416666666666666,0.5,0.5416666666666666,0.5,0.18066666666666667,0.5243468530190919,223.04999999999927,599.0,6.627940199335548
missing_events,0.5,unrepaired,50.0,59.0,59.0,0.0,1.0,56.227,28.357,-27.87,0.5051807991349732,30.019,15.1826,-14.8364,0.5066925726970296,26.208,13.1744,-13.0336,0.503349183920091,0.6510449340629016,0.8006533873064307,0.5066925726970296,0.5051807991349732,0.5066925726970296,0.5051807991349732,0.5066925726970296,0.5051807991349732,0.08920066666666666,0.24576502523666477,128.805,301.5522,2.9213331384579897,0.0,0.0,0.0,0.0,0.0,27.58324771587739,13.79958672784756,13.788187386714078,0.0061813005693145675,13.665991179987385,7.088630481849862,7.094791656339514,0.06789623118943315,13.984787929366068,7.251058021023038,7.240187364378577,0.08321661774097076,0.11139237718274562,0.09466341527545541,0.06789623118943315,0.0061813005693145675,0.06789623118943315,0.0061813005693145675,0.06789623118943315,0.0061813005693145675,0.048894801163566995,0.13830756512738013,71.07510212454281,161.88349422263593,1.8890160328952172,50.0,59.0,59.0,0.0,1.0,26.0,13.0,-55.0,0.5,14.0,7.0,-29.0,0.4,11.0,5.0,-27.049999999999955,0.36363636363636365,0.47058823529411764,0.6363636363636364,0.4,0.5,0.4,0.5,0.4,0.5,0.026333333333333334,0.09090909090909091,32.0,92.0,0.9088491936002056,50.0,59.0,59.0,0.0,1.0,47.0,24.0,-23.0,0.5,26.0,13.0,-13.0,0.5,21.0,11.0,-11.0,0.5,0.6470588235294118,0.8,0.5,0.5,0.5,0.5,0.5,0.5,0.078,0.2018906672023929,110.0,267.0,2.18604025124984,50.0,59.0,59.0,0.0,1.0,110.0,55.0,-13.0,0.5161846496106777,57.04999999999927,29.0,-7.0,0.6190476190476191,53.04999999999927,28.0,-5.0,0.6428571428571429,0.8333333333333334,0.9354838709677419,0.6190476190476191,0.5161846496106777,0.6190476190476191,0.5161846496106777,0.6190476190476191,0.5161846496106777,0.18066666666666667,0.5243468530190919,223.04999999999927,599.0,6.627940199335548
missing_events,0.6,repaired,50.0,59.0,59.0,0.0,1.0,56.227,19.8253,-36.4017,0.35456800891393714,30.019,10.6047,-19.4143,0.35517077050337903,26.208,9.2206,-16.9874,0.3538688879239425,0.5581070533096585,0.7254274048632966,0.35517077050337903,0.35456800891393714,0.35517077050337903,0.35456800891393714,0.35517077050337903,0.35456800891393714,0.0949865,0.20924554842352266,128.805,296.9501,2.900648726006805,0.0,0.0,0.0,0.0,0.0,27.58324771587739,9.662014042710554,18.160862281342272,0.03472686436906296,13.665991179987385,4.990303419915697,9.101249297974322,0.05993459237511087,13.984787929366068,5.087585281093508,9.313791704327043,0.07173796937344465,0.11169269905870922,0.09879817729838913,0.05993459237511087,0.03472686436906296,0.05993459237511087,0.03472686436906296,0.05993459237511087,0.03472686436906296,0.05090304429629686,0.12633814556898157,71.07510212454281,163.05653913132485,1.9390870546264225,50.0,59.0,59.0,0.0,1.0,26.0,9.0,-73.0,0.29411764705882354,14.0,5.0,-38.0,0.2608695652173913,11.0,3.0,-36.0,0.2391304347826087,0.375,0.5555555555555556,0.2608695652173913,0.29411764705882354,0.2608695652173913,0.29411764705882354,0.2608695652173913,0.29411764705882354,0.029,0.07454242904480622,32.0,90.0,0.8643903241731118,50.0,59.0,59.0,0.0,1.0,47.0,16.0,-31.0,0.3559322033898305,26.0,9.0,-17.0,0.35294117647058826,21.0,7.0,-14.0,0.35294117647058826,0.5555555555555556,0.7272727272727273,0.35294117647058826,0.3559322033898305,0.35294117647058826,0.3559322033898305,0.35294117647058826,0.3559322033898305,0.084,0.16666666666666666,110.0,260.0,2.114519906323185,50.0,59.0,59.0,0.0,1.0,110.0,39.0,-16.0,0.4107142857142857,57.04999999999927,21.0,-9.0,0.45454545454545453,53.04999999999927,19.0,-7.0,0.47058823529411764,0.75,0.8888888888888888,0.45454545454545453,0.4107142857142857,0.45454545454545453,0.4107142857142857,0.45454545454545453,0.4107142857142857,0.1896833333333331,0.46580097087378625,223.04999999999927,601.0499999999993,6.62750700280112
missing_events,0.6,unrepaired,50.0,59.0,59.0,0.0,1.0,56.227,22.904,-33.323,0.4091689008158377,30.019,12.2125,-17.8065,0.40793367448736373,26.208,10.6915,-15.5165,0.4107963570150662,0.5581070533096585,0.7254274048632966,0.40793367448736373,0.4091689008158377,0.40793367448736373,0.4091689008158377,0.40793367448736373,0.4091689008158377,0.0949865,0.20924554842352266,128.805,296.9501,2.900648726006805,0.0,0.0,0.0,0.0,0.0,27.58324771587739,11.024651391034062,16.56424186043055,0.007745271933028647,13.665991179987385,5.811206480764235,8.374716194423142,0.0669008984442539,13.984787929366068,5.852875649228896,8.642487894680597,0.08154935546737116,0.11169269905870922,0.09879817729838913,0.0669008984442539,0.007745271933028647,0.0669008984442539,0.007745271933028647,0.0669008984442539,0.007745271933028647,0.05090304429629686,0.12633814556898157,71.07510212454281,163.05653913132485,1.9390870546264225,50.0,59.0,59.0,0.0,1.0,26.0,11.0,-66.0,0.4,14.0,5.0,-35.0,0.3,11.0,4.0,-33.0,0.28,0.375,0.5555555555555556,0.3,0.4,0.3,0.4,0.3,0.4,0.029,0.07454242904480622,32.0,90.0,0.8643903241731118,50.0,59.0,59.0,0.0,1.0,47.0,19.0,-28.0,0.4074074074074074,26.0,11.0,-15.0,0.4074074074074074,21.0,9.0,-13.0,0.4098360655737705,0.5555555555555556,0.7272727272727273,0.4074074074074074,0.4074074074074074,0.4074074074074074,0.4074074074074074,0.4074074074074074,0.4074074074074074,0.084,0.16666666666666666,110.0,260.0,2.114519906323185,50.0,59.0,59.0,0.0,1.0,110.0,44.0,-15.0,0.42424242424242425,57.04999999999927,24.0,-8.0,0.52,53.04999999999927,22.0,-6.0,0.5454545454545454,0.75,0.8888888888888888,0.52,0.42424242424242425,0.52,0.42424242424242425,0.52,0.42424242424242425,0.1896833333333331,0.46580097087378625,223.04999999999927,601.0499999999993,6.62750700280112
missing_events,0.7,repaired,50.0,59.0,59.0,0.0,1.0,56.227,15.164,-41.063,0.27146168604311627,30.019,8.1109,-21.9081,0.2720356203630118,26.208,7.0531,-19.1549,0.27076469000453857,0.45192177976216735,0.6233750245996632,0.2720356203630118,0.27146168604311627,0.2720356203630118,0.27146168604311627,0.2720356203630118,0.27146168604311627,0.09556416666666666,0.17437990818612276,128.805,272.6191,2.697636486146064,0.0,0.0,0.0,0.0,0.0,27.58324771587739,7.387540969507884,20.39308752498946,0.029481775392470363,13.665991179987385,3.888021715639727,10.2149835525515,0.05665512438618228,13.984787929366068,3.9929531374004017,10.404322706601235,0.06749074714664526,0.10935280221270334,0.10104671749528427,0.05665512438618228,0.029481775392470363,0.05665512438618228,0.029481775392470363,0.05665512438618228,0.029481775392470363,0.04881360766017516,0.11203033343095165,71.07510212454281,152.35454573444997,1.8404747621797002,50.0,59.0,59.0,0.0,1.0,26.0,7.0,-82.0,0.21875,14.0,3.0,-43.0,0.18181818181818182,11.0,2.0,-40.0,0.16666666666666666,0.2777777777777778,0.45454545454545453,0.18181818181818182,0.21875,0.18181818181818182,0.21875,0.18181818181818182,0.21875,0.030333333333333334,0.05813953488372093,32.0,81.0,0.7498809523809525,50.0,59.0,59.0,0.0,1.0,47.0,13.0,-35.0,0.2727272727272727,26.0,7.0,-19.0,0.2692307692307692,21.0,6.0,-16.0,0.26666666666666666,0.4444444444444444,0.625,0.2692307692307692,0.2727272727272727,0.2692307692307692,0.2727272727272727,0.2692307692307692,0.2727272727272727,0.086,0.13798638401505509,110.0,236.0,1.9475062000551118,50.0,59.0,59.0,0.0,1.0,110.0,30.0,-18.0,0.3181818181818182,57.04999999999927,16.0,-10.0,0.3684210526315789,53.04999999999927,15.0,-8.0,0.38461538461538464,0.6363636363636364,0.7857142857142857,0.3684210526315789,0.3181818181818182,0.3684210526315789,0.3181818181818182,0.3684210526315789,0.3181818181818182,0.18533333333333332,0.4117647058823529,223.04999999999927,562.0,6.28989720256151
missing_events,0.7,unrepaired,50.0,59.0,59.0,0.0,1.0,56.227,17.342,-38.885,0.31037729617050924,30.019,9.2536,-20.7654,0.3100280295793753,26.208,8.0884,-18.1196,0.3108379838503758,0.45192177976216735,0.6233750245996632,0.3100280295793753,0.31037729617050924,0.3100280295793753,0.31037729617050924,0.3100280295793753,0.31037729617050924,0.09556416666666666,0.17437990818612276,128.805,272.6191,2.697636486146064,0.0,0.0,0.0,0.0,0.0,27.58324771587739,8.284437167962524,19.305829339985628,0.008265608342124779,13.665991179987385,4.441425409253961,9.725750452391157,0.06289450242052444,13.984787929366068,4.543924533376014,9.93190616729799,0.07699991468882221,0.10935280221270334,0.10104671749528427,0.06289450242052444,0.008265608342124779,0.06289450242052444,0.008265608342124779,0.06289450242052444,0.008265608342124779,0.04881360766017516,0.11203033343095165,71.07510212454281,152.35454573444997,1.8404747621797002,50.0,59.0,59.0,0.0,1.0,26.0,8.0,-77.0,0.3,14.0,4.0,-40.0,0.20833333333333334,11.0,3.0,-38.0,0.1875,0.2777777777777778,0.45454545454545453,0.20833333333333334,0.3,0.20833333333333334,0.3,0.20833333333333334,0.3,0.030333333333333334,0.05813953488372093,32.0,81.0,0.7498809523809525,50.0,59.0,59.0,0.0,1.0,47.0,15.0,-32.0,0.308411214953271,26.0,8.0,-18.0,0.3103448275862069,21.0,7.0,-15.0,0.3076923076923077,0.4444444444444444,0.625,0.3103448275862069,0.308411214953271,0.3103448275862069,0.308411214953271,0.3103448275862069,0.308411214953271,0.086,0.13798638401505509,110.0,236.0,1.9475062000551118,50.0,59.0,59.0,0.0,1.0,110.0,33.0,-18.0,0.32432432432432434,57.04999999999927,18.0,-10.0,0.4118661257606476,53.04999999999927,17.0,-7.0,0.4375,0.6363636363636364,0.7857142857142857,0.4118661257606476,0.32432432432432434,0.4118661257606476,0.32432432432432434,0.4118661257606476,0.32432432432432434,0.18533333333333332,0.4117647058823529,223.04999999999927,562.0,6.28989720256151
missing_events,0.8,repaired,50.0,59.0,59.0,0.0,1.0,56.227,10.4154,-45.8116,0.18690126153749276,30.019,5.5777,-24.4413,0.18736172374494936,26.208,4.8377,-21.3703,0.18637843849673627,0.32854008826839903,0.4886858291447181,0.18736172374494936,0.18690126153749276,0.18736172374494936,0.18690126153749276,0.18736172374494936,0.18690126153749276,0.0896532,0.14202947135581462,128.805,224.9884,2.246092149802054,0.0,0.0,0.0,0.0,0.0,27.58324771587739,5.053790351774792,22.677979065901198,0.022522624400827286,13.665991179987385,2.8136372128326226,11.302040874231192,0.05050327963157928,13.984787929366068,2.841437327587687,11.570651058025648,0.06078040586542536,0.10107727493654964,0.09333789972239584,0.05050327963157928,0.022522624400827286,0.05050327963157928,0.022522624400827286,0.05050327963157928,0.022522624400827286,0.04378957580431194,0.09959563899123333,71.07510212454281,127.71896052946829,1.5920543967953034,50.0,59.0,59.0,0.0,1.0,26.0,5.0,-91.0,0.14634146341463414,14.0,2.0,-47.0,0.10526315789473684,11.0,1.0,-44.0,0.09090909090909091,0.18181818181818182,0.3333333333333333,0.10526315789473684,0.14634146341463414,0.10526315789473684,0.14634146341463414,0.10526315789473684,0.14634146341463414,0.028666666666666667,0.04177485112647132,32.0,63.0,0.573525926958461,50.0,59.0,59.0,0.0,1.0,47.0,9.0,-39.0,0.18867924528301888,26.0,5.0,-21.0,0.1875,21.0,4.0,-17.0,0.18604651162790697,0.3225806451612903,0.5,0.1875,0.18867924528301888,0.1875,0.18867924528301888,0.1875,0.18867924528301888,0.08366666666666667,0.1134020618556701,110.0,194.5,1.6153846153846154,50.0,59.0,59.0,0.0,1.0,110.0,20.0,-20.0,0.2222222222222222,57.04999999999927,11.0,-11.0,0.2727272727272727,53.04999999999927,10.0,-9.0,0.2857142857142857,0.5,0.64,0.2727272727272727,0.2222222222222222,0.2727272727272727,0.2222222222222222,0.2727272727272727,0.2222222222222222,0.169,0.3605872926093513,223.04999999999927,475.0,5.3478260869565215
missing_events,0.8,unrepaired,50.0,59.0,59.0,0.0,1.0,56.227,11.668,-44.559,0.20938642996808848,30.019,6.238,-23.781,0.20940672016557105,26.208,5.43,-20.778,0.209423580003692,0.32854008826839903,0.4886858291447181,0.20940672016557105,0.20938642996808848,0.20940672016557105,0.20938642996808848,0.20940672016557105,0.20938642996808848,0.0896532,0.14202947135581462,128.805,224.9884,2.246092149802054,0.0,0.0,0.0,0.0,0.0,27.58324771587739,5.515144393555652,22.07716601210194,0.008088874511844698,13.665991179987385,3.1440331573393805,11.025207232494617,0.05578424081472741,13.984787929366068,3.1665916582775577,11.316895475894482,0.06859401892824447,0.10107727493654964,0.09333789972239584,0.05578424081472741,0.008088874511844698,0.05578424081472741,0.008088874511844698,0.05578424081472741,0.008088874511844698,0.04378957580431194,0.09959563899123333,71.07510212454281,127.71896052946829,1.5920543967953034,50.0,59.0,59.0,0.0,1.0,26.0,6.0,-88.0,0.2,14.0,2.0,-46.0,0.11764705882352941,11.0,2.0,-43.0,0.1,0.18181818181818182,0.3333333333333333,0.11764705882352941,0.2,0.11764705882352941,0.2,0.11764705882352941,0.2,0.028666666666666667,0.04177485112647132,32.0,63.0,0.573525926958461,50.0,59.0,59.0,0.0,1.0,47.0,10.0,-37.0,0.20754716981132076,26.0,6.0,-21.0,0.20930232558139536,21.0,5.0,-17.0,0.20833333333333334,0.3225806451612903,0.5,0.20930232558139536,0.20754716981132076,0.20930232558139536,0.20754716981132076,0.20930232558139536,0.20754716981132076,0.08366666666666667,0.1134020618556701,110.0,194.5,1.6153846153846154,50.0,59.0,59.0,0.0,1.0,110.0,22.0,-20.0,0.22580645161290322,57.04999999999927,13.0,-11.0,0.30236081747709603,53.04999999999927,12.0,-8.0,0.3333333333333333,0.5,0.64,0.30236081747709603,0.22580645161290322,0.30236081747709603,0.22580645161290322,0.30236081747709603,0.22580645161290322,0.169,0.3605872926093513,223.04999999999927,475.0,5.3478260869565215
missing_events,0.9,repaired,50.0,59.0,59.0,0.0,1.0,56.227,5.6671,-50.5599,0.10260790763010531,30.019,3.0287,-26.9903,0.10238337669043249,26.208,2.6384,-23.5696,0.10294734287669466,0.18709110226314835,0.3063406587280275,0.10238337669043249,0.10260790763010531,0.10238337669043249,0.10260790763010531,0.10238337669043249,0.10260790763010531,0.07449683333333333,0.10614843700877687,128.805,145.6325,1.4637767975271638,0.0,0.0,0.0,0.0,0.0,27.58324771587739,2.6624023791761524,25.011528734704804,0.014242579078474574,13.665991179987385,1.6875310622648114,12.43484090918915,0.04046833626356819,13.984787929366068,1.7037416804114909,12.7225367806194,0.049042804448190105,0.08073733630931607,0.07124963833408213,0.04046833626356819,0.014242579078474574,0.04046833626356819,0.014242579078474574,0.04046833626356819,0.014242579078474574,0.034334959039538454,0.08737621423892147,71.07510212454281,83.21660377631633,1.0543763841809823,50.0,59.0,59.0,0.0,1.0,26.0,3.0,-100.0,0.07692307692307693,14.0,1.0,-52.0,0.041666666666666664,11.0,0.0,-49.0,0.0,0.07692307692307693,0.2,0.041666666666666664,0.07692307692307693,0.041666666666666664,0.07692307692307693,0.041666666666666664,0.07692307692307693,0.023,0.023363576857340265,32.0,38.0,0.3225731082303286,50.0,59.0,59.0,0.0,1.0,47.0,5.0,-43.0,0.1038961038961039,26.0,3.0,-23.0,0.1,21.0,2.0,-19.0,0.1,0.18181818181818182,0.3,0.1,0.1038961038961039,0.1,0.1038961038961039,0.1,0.1038961038961039,0.07333333333333333,0.08173076923076923,110.0,129.0,1.080379576453697,50.0,59.0,59.0,0.0,1.0,110.0,11.0,-23.0,0.125,57.04999999999927,6.0,-13.0,0.16666666666666666,53.04999999999927,6.0,-10.0,0.1875,0.3333333333333333,0.4444444444444444,0.16666666666666666,0.125,0.16666666666666666,0.125,0.16666666666666666,0.125,0.13333333333333333,0.2782097649186255,223.04999999999927,307.0,3.5555555555555554
missing_events,0.9,unrepaired,50.0,59.0,59.0,0.0,1.0,56.227,6.074,-50.153,0.10999722776329696,30.019,3.2392,-26.7798,0.10948410560257187,26.208,2.8348,-23.3732,0.11068567745767238,0.18709110226314835,0.3063406587280275,0.10948410560257187,0.10999722776329696,0.10948410560257187,0.10999722776329696,0.10948410560257187,0.10999722776329696,0.07449683333333333,0.10614843700877687,128.805,145.6325,1.4637767975271638,0.0,0.0,0.0,0.0,0.0,27.58324771587739,2.763564316018873,24.835403574878132,0.008034331473567295,13.665991179987385,1.804136594297973,12.3566573416141,0.04314075536386689,13.984787929366068,1.8252786428960417,12.645976191318038,0.05298100420067975,0.08073733630931607,0.07124963833408213,0.04314075536386689,0.008034331473567295,0.04314075536386689,0.008034331473567295,0.04314075536386689,0.008034331473567295,0.034334959039538454,0.08737621423892147,71.07510212454281,83.21660377631633,1.0543763841809823,50.0,59.0,59.0,0.0,1.0,26.0,3.0,-99.0,0.1,14.0,1.0,-52.0,0.043478260869565216,11.0,0.0,-48.0,0.0,0.07692307692307693,0.2,0.043478260869565216,0.1,0.043478260869565216,0.1,0.043478260869565216,0.1,0.023,0.023363576857340265,32.0,38.0,0.3225731082303286,50.0,59.0,59.0,0.0,1.0,47.0,5.0,-42.0,0.10810810810810811,26.0,3.0,-23.0,0.10909090909090909,21.0,2.0,-19.0,0.1111111111111111,0.18181818181818182,0.3,0.10909090909090909,0.10810810810810811,0.10909090909090909,0.10810810810810811,0.10909090909090909,0.10810810810810811,0.07333333333333333,0.08173076923076923,110.0,129.0,1.080379576453697,50.0,59.0,59.0,0.0,1.0,110.0,11.0,-23.0,0.125,57.04999999999927,7.0,-13.0,0.18181818181818182,53.04999999999927,6.0,-10.0,0.2,0.3333333333333333,0.4444444444444444,0.18181818181818182,0.125,0.18181818181818182,0.125,0.18181818181818182,0.125,0.13333333333333333,0.2782097649186255,223.04999999999927,307.0,3.5555555555555554
mixed_missing_spurious,0.0,repaired,50.0,59.0,59.0,0.0,1.0,56.227,56.227,0.0,1.0,30.019,30.019,0.0,1.0,26.208,26.208,0.0,1.0,1.0,1.0,1.0,1.0,1.0,1.0,1.0,1.0,0.0,1.0,128.805,128.805,1.0,0.0,0.0,0.0,0.0,0.0,27.58324771587739,27.58324771587739,0.0,0.0,13.665991179987385,13.665991179987385,0.0,0.0,13.984787929366068,13.984787929366068,0.0,0.0,0.0,0.0,0.0,0.0,0.0,0.0,0.0,0.0,0.0,0.0,71.07510212454281,71.07510212454281,0.0,50.0,59.0,59.0,0.0,1.0,26.0,26.0,0.0,1.0,14.0,14.0,0.0,1.0,11.0,11.0,0.0,1.0,1.0,1.0,1.0,1.0,1.0,1.0,1.0,1.0,0.0,1.0,32.0,32.0,1.0,50.0,59.0,59.0,0.0,1.0,47.0,47.0,0.0,1.0,26.0,26.0,0.0,1.0,21.0,21.0,0.0,1.0,1.0,1.0,1.0,1.0,1.0,1.0,1.0,1.0,0.0,1.0,110.0,110.0,1.0,50.0,59.0,59.0,0.0,1.0,110.0,110.0,0.0,1.0,57.04999999999927,57.04999999999927,0.0,1.0,53.04999999999927,53.04999999999927,0.0,1.0,1.0,1.0,1.0,1.0,1.0,1.0,1.0,1.0,0.0,1.0,223.04999999999927,223.04999999999927,1.0
mixed_missing_spurious,0.0,unrepaired,50.0,59.0,59.0,0.0,1.0,56.227,56.227,0.0,1.0,30.019,30.019,0.0,1.0,26.208,26.208,0.0,1.0,1.0,1.0,1.0,1.0,1.0,1.0,1.0,1.0,0.0,1.0,128.805,128.805,1.0,0.0,0.0,0.0,0.0,0.0,27.58324771587739,27.58324771587739,0.0,0.0,13.665991179987385,13.665991179987385,0.0,0.0,13.984787929366068,13.984787929366068,0.0,0.0,0.0,0.0,0.0,0.0,0.0,0.0,0.0,0.0,0.0,0.0,71.07510212454281,71.07510212454281,0.0,50.0,59.0,59.0,0.0,1.0,26.0,26.0,0.0,1.0,14.0,14.0,0.0,1.0,11.0,11.0,0.0,1.0,1.0,1.0,1.0,1.0,1.0,1.0,1.0,1.0,0.0,1.0,32.0,32.0,1.0,50.0,59.0,59.0,0.0,1.0,47.0,47.0,0.0,1.0,26.0,26.0,0.0,1.0,21.0,21.0,0.0,1.0,1.0,1.0,1.0,1.0,1.0,1.0,1.0,1.0,0.0,1.0,110.0,110.0,1.0,50.0,59.0,59.0,0.0,1.0,110.0,110.0,0.0,1.0,57.04999999999927,57.04999999999927,0.0,1.0,53.04999999999927,53.04999999999927,0.0,1.0,1.0,1.0,1.0,1.0,1.0,1.0,1.0,1.0,0.0,1.0,223.04999999999927,223.04999999999927,1.0
mixed_missing_spurious,0.05,repaired,50.0,59.0,59.0,0.0,1.0,56.227,54.5049,-1.7221,0.9725906248741346,30.019,29.0304,-0.9886,0.9697850895542593,26.208,25.4745,-0.7335,0.9760884604244302,0.9413253499040773,0.9194974741561471,0.9225904182848124,0.9187940882690407,0.9100864731216242,0.9106171080257398,0.9359207617648544,0.9404673107500617,0.027140366666666665,0.6042645073315742,128.805,202.2049,1.7598772559696025,0.0,0.0,0.0,0.0,0.0,27.58324771587739,26.326041898435903,1.6839106702894195,0.020927831432566726,13.665991179987385,13.048743342187459,1.1515218800630878,0.03424715651953886,13.984787929366068,13.386690035143483,1.188368197107778,0.04375083394698256,0.05424574838151618,0.050270604966821106,0.0334327938321734,0.022020050701192888,0.03977971451037911,0.023366210866714796,0.025415658128952107,0.020322333341468136,0.017894296919117994,0.18641437005120912,71.07510212454281,93.46563164297261,0.6770248811363756,50.0,59.0,59.0,0.0,1.0,26.0,25.0,-5.0,0.9347826086956522,14.0,14.0,-3.0,0.9166666666666666,11.0,11.0,-3.0,0.9090909090909091,0.8333333333333334,0.8333333333333334,0.8709677419354839,0.8846153846153846,0.847457627118644,0.875,0.8947368421052632,0.9069767441860465,0.0033333333333333335,0.3106037078863166,32.0,56.950000000000045,1.009659513192122,50.0,59.0,59.0,0.0,1.0,47.0,46.0,-1.0,0.9722222222222222,26.0,25.0,-1.0,0.9636363636363636,21.0,21.0,-1.0,0.975,0.9444444444444444,0.9166666666666666,0.9230769230769231,0.9178082191780822,0.9090909090909091,0.9090909090909091,0.9354838709677419,0.9393939393939394,0.023333333333333334,0.6088170998299733,110.0,206.0,1.5513419602204648,50.0,59.0,59.0,0.0,1.0,110.0,107.0,0.0,1.0,57.04999999999927,55.0,1.0,1.0333333333333334,53.04999999999927,52.0,1.0,1.0625,1.0,1.0,1.0,0.95,1.0,0.9473684210526315,1.0,0.9722222222222222,0.06133333333333333,0.9130434782608695,223.04999999999927,353.0,3.0879282482223656
mixed_missing_spurious,0.05,unrepaired,50.0,59.0,59.0,0.0,1.0,56.227,55.0485,-1.1785,0.9801682560128041,30.019,29.3312,-0.6878,0.977857940552889,26.208,25.7173,-0.4907,0.9830532754743583,0.9413253499040773,0.9194974741561471,0.9165976387136159,0.9131968932537095,0.9144101822881883,0.9109640533362643,0.9402644480755189,0.9439520579215323,0.027140366666666665,0.6042645073315742,128.805,202.2049,1.7598772559696025,0.0,0.0,0.0,0.0,0.0,27.58324771587739,26.87589959699794,1.1827838550490852,0.01785002945366497,13.665991179987385,13.338339390260241,1.0558610913678133,0.0347054199722904,13.984787929366068,13.659957545835052,1.0966466036865943,0.04396667355150978,0.05424574838151618,0.050270604966821106,0.03449720138860684,0.021392471917026996,0.03440184531738298,0.020772106044410425,0.020719033478302402,0.018365228143904507,0.017894296919117994,0.18641437005120912,71.07510212454281,93.46563164297261,0.6770248811363756,50.0,59.0,59.0,0.0,1.0,26.0,25.0,-4.0,0.9512195121951219,14.0,14.0,-2.0,0.9230769230769231,11.0,11.0,-2.0,0.9130434782608695,0.8333333333333334,0.8333333333333334,0.8653846153846154,0.8809523809523809,0.8636363636363636,0.88,0.9117647058823529,0.9139784946236559,0.0033333333333333335,0.3106037078863166,32.0,56.950000000000045,1.009659513192122,50.0,59.0,59.0,0.0,1.0,47.0,46.0,-1.0,0.9797979797979798,26.0,25.0,-1.0,0.9767441860465116,21.0,21.0,0.0,1.0,0.9444444444444444,0.9166666666666666,0.9130434782608695,0.911504424778761,0.9090909090909091,0.9090909090909091,0.9375,0.9425287356321839,0.023333333333333334,0.6088170998299733,110.0,206.0,1.5513419602204648,50.0,59.0,59.0,0.0,1.0,110.0,108.0,0.0,1.0,57.04999999999927,56.0,1.0,1.04004081632653,53.04999999999927,53.0,1.0,1.0666666666666667,1.0,1.0,1.0,0.9473684210526315,0.9743589743589743,0.9459459459459459,0.9800196078431369,0.9722222222222222,0.06133333333333333,0.9130434782608695,223.04999999999927,353.0,3.0879282482223656
mixed_missing_spurious,0.1,repaired,50.0,59.0,59.0,0.0,1.0,56.227,52.3993,-3.8277,0.9367700371195254,30.019,27.8145,-2.2045,0.9304170471548212,26.208,24.5848,-1.6232,0.9446470687557821,0.875954536103829,0.8418644998293822,0.8356889070007312,0.8289106356468048,0.8098471426307934,0.8109080105908014,0.8625675534209737,0.8680263842495121,0.05570326666666666,0.4170701380718054,128.805,278.2832,2.5865218942434622,0.0,0.0,0.0,0.0,0.0,27.58324771587739,25.096000486811473,2.999952113162499,0.0318464921089717,13.665991179987385,12.451353073836456,1.876974174890352,0.050359286703626945,13.984787929366068,12.801531036547452,1.9221319463350879,0.06545284941063684,0.07398768642260754,0.07159359271322595,0.04436426025422751,0.02833377676470272,0.05092251302972159,0.027184926522392606,0.037067550716810053,0.027754269805043873,0.029112206131241845,0.16827255346917083,71.07510212454281,118.53333798126698,1.2421791341085446,50.0,59.0,59.0,0.0,1.0,26.0,25.0,-10.0,0.8842105263157894,14.0,14.0,-6.0,0.853622668579627,11.0,11.0,-5.0,0.8461538461538461,0.75,0.7142857142857143,0.7647058823529411,0.782608695652174,0.7307692307692307,0.7674418604651163,0.8064516129032258,0.8235294117647058,0.017,0.18333108715184185,32.0,100.0,1.2274773804394656,50.0,59.0,59.0,0.0,1.0,47.0,45.0,-3.0,0.9361702127659575,26.0,24.0,-2.0,0.9285714285714286,21.0,20.0,-1.0,0.9375,0.8888888888888888,0.8461538461538461,0.8333333333333334,0.8285714285714286,0.8076923076923077,0.8108108108108109,0.8596491228070176,0.8676470588235294,0.05,0.41006206787452426,110.0,276.0,2.171513102282333,50.0,59.0,59.0,0.0,1.0,110.0,102.0,0.0,1.0,57.04999999999927,53.0,0.0,1.0,53.04999999999927,50.0,1.0,1.0666666666666667,1.0,0.9444444444444444,0.9090909090909091,0.875,0.8947368421052632,0.8571428571428571,0.9285714285714286,0.9166666666666666,0.111,0.7137138487208009,223.04999999999927,485.0,5.0
mixed_missing_spurious,0.1,unrepaired,50.0,59.0,59.0,0.0,1.0,56.227,53.5258,-2.7012,0.9529757747683567,30.019,28.445,-1.574,0.9478353751737159,26.208,25.0808,-1.1272,0.9593572939410615,0.875954536103829,0.8418644998293822,0.8261349100803494,0.8202224236512274,0.8179749821986596,0.8121927656420086,0.8724463253109567,0.875433173051254,0.05570326666666666,0.4170701380718054,128.805,278.2832,2.5865218942434622,0.0,0.0,0.0,0.0,0.0,27.58324771587739,26.159762378063885,2.0166619083339783,0.027948119417896093,13.665991179987385,13.023829583256251,1.6234492781592735,0.051872035982307774,13.984787929366068,13.321682254197764,1.6797923473551828,0.06637120842069218,0.07398768642260754,0.07159359271322595,0.04485393529304415,0.026412843759105468,0.04392757369582935,0.023066857786046373,0.031156347657666335,0.025242716658621475,0.029112206131241845,0.16827255346917083,71.07510212454281,118.53333798126698,1.2421791341085446,50.0,59.0,59.0,0.0,1.0,26.0,25.0,-7.0,0.9047619047619048,14.0,14.0,-4.0,0.8666666666666667,11.0,11.0,-4.0,0.8571428571428571,0.75,0.7142857142857143,0.76,0.7777777777777778,0.75,0.775,0.8260869565217391,0.8333333333333334,0.017,0.18333108715184185,32.0,100.0,1.2274773804394656,50.0,59.0,59.0,0.0,1.0,47.0,45.0,-2.0,0.9534883720930233,26.0,25.0,-1.0,0.9444444444444444,21.0,21.0,-1.0,0.9545454545454546,0.8888888888888888,0.8461538461538461,0.8235294117647058,0.819672131147541,0.813953488372093,0.8111111111111111,0.8695652173913043,0.875,0.05,0.41006206787452426,110.0,276.0,2.171513102282333,50.0,59.0,59.0,0.0,1.0,110.0,105.0,0.0,1.0,57.04999999999927,55.0,1.0,1.04,53.04999999999927,51.0,1.0,1.0769230769230769,1.0,0.9444444444444444,0.9032258064516129,0.8653846153846154,0.8947368421052632,0.8529411764705882,0.9333333333333333,0.918918918918919,0.111,0.7137138487208009,223.04999999999927,485.0,5.0
mixed_missing_spurious,0.15,repaired,50.0,59.0,59.0,0.0,1.0,56.227,50.2227,-6.0043,0.8996864984644837,30.019,26.59,-3.429,0.8912620089645307,26.208,23.6327,-2.5753,0.9101392176463307,0.8238988017013642,0.7868239379549946,0.7637700054639759,0.7551603185845048,0.7281805096785186,0.7283918506087581,0.7971392417276492,0.8018882939126841,0.07939249999999999,0.3281040023828574,128.805,340.3919,3.264467920097225,0.0,0.0,0.0,0.0,0.0,27.58324771587739,23.836462036179782,4.288813460864229,0.03912587243418833,13.665991179987385,11.798059985520569,2.5712681972159612,0.06145898079616688,13.984787929366068,12.23722050412456,2.528709027732274,0.07915434179455479,0.08461108215995594,0.08218596170704474,0.05042942505515765,0.033153037757596954,0.05707699762095216,0.030169275449897965,0.04581223095228116,0.03284464082680396,0.03807959885995297,0.14958280600080548,71.07510212454281,140.36824726010485,1.7016074339397107,50.0,59.0,59.0,0.0,1.0,26.0,24.0,-15.0,0.8367346938775511,14.0,13.0,-9.0,0.8,11.0,10.0,-8.0,0.7894736842105263,0.6666666666666666,0.6428571428571429,0.6842105263157895,0.7,0.64,0.68,0.7254901960784313,0.75,0.029333333333333333,0.13553027968915818,32.0,136.0,1.4060913705583757,50.0,59.0,59.0,0.0,1.0,47.0,42.0,-5.0,0.8974358974358975,26.0,23.0,-3.0,0.8867924528301887,21.0,20.0,-2.0,0.9047619047619048,0.8333333333333334,0.8,0.7619047619047619,0.7560975609756098,0.7254901960784313,0.7272727272727273,0.7962962962962963,0.8,0.07166666666666667,0.31343283582089554,110.0,331.0,2.649858757062147,50.0,59.0,59.0,0.0,1.0,110.0,97.0,-1.0,0.9666666666666667,57.04999999999927,50.0,0.0,1.0,53.04999999999927,48.0,1.0,1.0588235294117647,0.95,0.9090909090909091,0.85,0.8076923076923077,0.8260869565217391,0.7804878048780488,0.875,0.8571428571428571,0.15033333333333335,0.6035184203551548,223.04999999999927,585.0,6.536249558147754
mixed_missing_spurious,0.15,unrepaired,50.0,59.0,59.0,0.0,1.0,56.227,51.8545,-4.3725,0.9234477601029488,30.019,27.4838,-2.5352,0.916402222831292,26.208,24.3707,-1.8373,0.9321856500369986,0.8238988017013642,0.7868239379549946,0.7539376916381009,0.7461590955158054,0.7385693140945176,0.7306522045841354,0.811685574156967,0.8124329718567483,0.07939249999999999,0.3281040023828574,128.805,340.3919,3.264467920097225,0.0,0.0,0.0,0.0,0.0,27.58324771587739,25.33579523129277,2.895303443199489,0.034411016671299574,13.665991179987385,12.574297151526418,2.140565150121852,0.06345284060850011,13.984787929366068,12.997514187239977,2.10880853027052,0.0802880435119335,0.08461108215995594,0.08218596170704474,0.05075698360506039,0.031184667186596002,0.048741513476718346,0.025199957466753305,0.03927530219113848,0.0298932957591814,0.03807959885995297,0.14958280600080548,71.07510212454281,140.36824726010485,1.7016074339397107,50.0,59.0,59.0,0.0,1.0,26.0,24.0,-10.0,0.8620689655172413,14.0,13.0,-6.0,0.8125,11.0,10.0,-6.0,0.8,0.6666666666666666,0.6428571428571429,0.6774193548387096,0.6966191813804173,0.6666666666666666,0.6888888888888889,0.75,0.7619047619047619,0.029333333333333333,0.13553027968915818,32.0,136.0,1.4060913705583757,50.0,59.0,59.0,0.0,1.0,47.0,43.0,-4.0,0.925,26.0,24.0,-2.0,0.9148936170212766,21.0,20.0,-2.0,0.9285714285714286,0.8333333333333334,0.8,0.75,0.7454545454545455,0.7352941176470589,0.7301587301587301,0.8095238095238095,0.8125,0.07166666666666667,0.31343283582089554,110.0,331.0,2.649858757062147,50.0,59.0,59.0,0.0,1.0,110.0,102.0,-1.0,0.975,57.04999999999927,53.0,0.0,1.0,53.04999999999927,50.0,1.0,1.0714285714285714,0.95,0.9090909090909091,0.8421052631578947,0.796875,0.8260869565217391,0.7741935483870968,0.8823529411764706,0.8620689655172413,0.15033333333333335,0.6035184203551548,223.04999999999927,585.0,6.536249558147754
mixed_missing_spurious,0.2,repaired,50.0,59.0,59.0,0.0,1.0,56.227,48.0243,-8.2027,0.8616642500044515,30.019,25.3731,-4.6459,0.8505072886227543,26.208,22.6512,-3.5568,0.8756982297390501,0.7758000339197479,0.7407436858439219,0.6975414207516234,0.6879243172900424,0.6550738116533159,0.6547464962000298,0.7342247921628281,0.7382578089979211,0.0998979,0.2723097621076598,128.805,392.2817,3.83265884814959,0.0,0.0,0.0,0.0,0.0,27.58324771587739,22.651786239764554,5.501476105004322,0.04480060344637887,13.665991179987385,11.30083480441723,3.1234738351521223,0.06895615256885979,13.984787929366068,11.59401486449229,3.19812391249244,0.08974625970424943,0.09245528820022066,0.08974990350968645,0.056117062081051924,0.03776928140184222,0.05936783238953523,0.03187287048197844,0.052015178888925546,0.03665284423696313,0.04521712606960496,0.13182866707298058,71.07510212454281,158.89818126180964,2.0735340309707966,50.0,59.0,59.0,0.0,1.0,26.0,22.0,-20.0,0.7894736842105263,14.0,12.0,-11.0,0.75,11.0,10.0,-10.0,0.7407407407407407,0.6153846153846154,0.5833333333333334,0.6086956521739131,0.625,0.5652173913043478,0.603448275862069,0.6521739130434783,0.6785714285714286,0.04,0.10835913312693499,32.0,164.0,1.555,50.0,59.0,59.0,0.0,1.0,47.0,41.0,-7.0,0.8611111111111112,26.0,22.0,-4.0,0.8461538461538461,21.0,19.0,-3.0,0.8666666666666667,0.782608695652174,0.75,0.6964285714285714,0.6888888888888889,0.6521739130434783,0.6547619047619048,0.7333333333333333,0.7368421052631579,0.09066666666666667,0.2553191489361702,110.0,376.0,3.0625,50.0,59.0,59.0,0.0,1.0,110.0,92.0,-2.0,0.9375,57.04999999999927,48.0,-1.0,0.9655172413793104,53.04999999999927,46.0,1.0,1.0357142857142858,0.9090909090909091,0.875,0.7916666666666666,0.75,0.76,0.7083333333333334,0.8235294117647058,0.7962962962962963,0.185,0.5210918114143921,223.04999999999927,677.0,7.7272727272727275
mixed_missing_spurious,0.2,unrepaired,50.0,59.0,59.0,0.0,1.0,56.227,50.0159,-6.2111,0.8907309234487002,30.019,26.4653,-3.5537,0.8810508749361883,26.208,23.5506,-2.6574,0.9029589233051374,0.7758000339197479,0.7407436858439219,0.6890827187995601,0.6805054737990318,0.6657706580684803,0.6572736450052408,0.7510213407858695,0.7505679845214821,0.0998979,0.2723097621076598,128.805,392.2817,3.83265884814959,0.0,0.0,0.0,0.0,0.0,27.58324771587739,24.475427510978886,3.7865248668213876,0.040503811938900264,13.665991179987385,12.26921551179728,2.556867236875377,0.07238293815618546,13.984787929366068,12.502706563266216,2.643127664791322,0.09187501659160234,0.09245528820022066,0.08974990350968645,0.055984402918025436,0.03614552242375098,0.05200538349985869,0.026710194040496345,0.04656034667706722,0.03392211536309732,0.04521712606960496,0.13182866707298058,71.07510212454281,158.89818126180964,2.0735340309707966,50.0,59.0,59.0,0.0,1.0,26.0,24.0,-14.0,0.8205128205128205,14.0,12.950000000000045,-8.0,0.7647058823529411,11.0,10.0,-8.0,0.75,0.6153846153846154,0.5833333333333334,0.6,0.6206896551724138,0.5882352941176471,0.6122448979591837,0.6785714285714286,0.6923076923076923,0.04,0.10835913312693499,32.0,164.0,1.555,50.0,59.0,59.0,0.0,1.0,47.0,42.0,-5.0,0.8928571428571429,26.0,23.0,-3.0,0.88,21.0,19.0,-2.0,0.9,0.782608695652174,0.75,0.6875,0.6805555555555556,0.6666666666666666,0.6575342465753424,0.75,0.75,0.09066666666666667,0.2553191489361702,110.0,376.0,3.0625,50.0,59.0,59.0,0.0,1.0,110.0,98.0,-2.0,0.9565217391304348,57.04999999999927,51.0,0.0,1.0,53.04999999999927,48.0,1.0,1.064516129032258,0.9090909090909091,0.875,0.7857142857142857,0.7395833333333334,0.76,0.7027027027027027,0.8333333333333334,0.8070175438596491,0.185,0.5210918114143921,223.04999999999927,677.0,7.7272727272727275
mixed_missing_spurious,0.25,repaired,50.0,59.0,59.0,0.0,1.0,56.227,45.693,-10.534,0.8208545267343629,30.019,24.096,-5.923,0.8086162063102869,26.208,21.597,-4.611,0.8363087041659082,0.7357118759725814,0.706931411298691,0.6399226478920047,0.629150469826732,0.5919353643988957,0.5899851361612694,0.6754257434830565,0.6780239174537929,0.11734156666666667,0.2353445190785154,128.805,436.0145,4.31177439907034,0.0,0.0,0.0,0.0,0.0,27.58324771587739,21.423492889927168,6.766344828800429,0.050036932070945825,13.665991179987385,10.694691283163069,3.7444723403052054,0.07585321554229328,13.984787929366068,11.007484157188102,3.8051447952333226,0.0974544473180872,0.09605623289656155,0.09495651594169131,0.0584318415999092,0.040923049619599694,0.06045476150644478,0.03230890030063121,0.055907369521410656,0.03894872389720104,0.05149678459957119,0.12161769554882311,71.07510212454281,175.65199074287565,2.407466860746615,50.0,59.0,59.0,0.0,1.0,26.0,22.0,-25.0,0.7424124053030303,14.0,12.0,-13.0,0.6944444444444444,11.0,9.0,-12.0,0.6875,0.5714285714285714,0.5333333333333333,0.5454545454545454,0.5609756097560976,0.5,0.5365853658536586,0.5909090909090909,0.6153846153846154,0.048666666666666664,0.09064283316549177,32.0,188.95000000000005,1.6601941747572815,50.0,59.0,59.0,0.0,1.0,47.0,39.0,-9.0,0.8181818181818182,26.0,21.0,-5.0,0.8,21.0,18.0,-4.0,0.8305084745762712,0.7407407407407407,0.7142857142857143,0.6379310344827587,0.6301369863013698,0.5882352941176471,0.5909090909090909,0.6666666666666666,0.6774193548387096,0.107,0.216583700929052,110.0,412.0,3.3825280478683624,50.0,59.0,59.0,0.0,1.0,110.0,87.0,-3.0,0.90625,57.04999999999927,45.0,-1.0,0.9411764705882353,53.04999999999927,43.0,0.0,1.0,0.8888888888888888,0.85,0.7368421052631579,0.6949212645750691,0.6964285714285714,0.6428571428571429,0.7727272727272727,0.7419354838709677,0.213,0.46833292568586676,223.04999999999927,753.0,8.775079787234041
mixed_missing_spurious,0.25,unrepaired,50.0,59.0,59.0,0.0,1.0,56.227,48.0316,-8.1954,0.8549316849181019,30.019,25.3702,-4.6488,0.8442179807361266,26.208,22.6614,-3.5466,0.868518431123779,0.7357118759725814,0.706931411298691,0.6334325319678109,0.6234235670398932,0.603488030724177,0.5935804566719592,0.6945125534247689,0.6921696205435314,0.11734156666666667,0.2353445190785154,128.805,436.0145,4.31177439907034,0.0,0.0,0.0,0.0,0.0,27.58324771587739,23.573955429190473,4.719581155635359,0.04524342536478222,13.665991179987385,11.83099104872111,3.019730192756257,0.07996360948789087,13.984787929366068,12.08814139378901,3.0934099887560653,0.10015984564044662,0.09605623289656155,0.09495651594169131,0.058983419349702235,0.0396656165256867,0.05306666968017808,0.02711048041693685,0.05124166096520387,0.03622657011038512,0.05149678459957119,0.12161769554882311,71.07510212454281,175.65199074287565,2.407466860746615,50.0,59.0,59.0,0.0,1.0,26.0,22.0,-18.0,0.7777777777777778,14.0,12.0,-10.0,0.7142857142857143,11.0,9.0,-10.0,0.707245337159254,0.5714285714285714,0.5333333333333333,0.5416666666666666,0.5581395348837209,0.5238095238095238,0.5476190476190477,0.6136363636363636,0.6296296296296297,0.048666666666666664,0.09064283316549177,32.0,188.95000000000005,1.6601941747572815,50.0,59.0,59.0,0.0,1.0,47.0,41.0,-7.0,0.8571428571428571,26.0,22.0,-4.0,0.8421052631578947,21.0,18.0,-3.0,0.8666666666666667,0.7407407407407407,0.7142857142857143,0.631578947368421,0.6239316239316239,0.6,0.5948275862068966,0.6923076923076923,0.6938775510204082,0.107,0.216583700929052,110.0,412.0,3.3825280478683624,50.0,59.0,59.0,0.0,1.0,110.0,95.0,-2.0,0.9259259259259259,57.04999999999927,49.0,-1.0,0.9777777777777777,53.04999999999927,47.0,1.0,1.0384615384615385,0.8888888888888888,0.85,0.7333333333333333,0.6885245901639344,0.6956521739130435,0.6363636363636364,0.782608695652174,0.75,0.213,0.46833292568586676,223.04999999999927,753.0,8.775079787234041
mixed_missing_spurious,0.3,repaired,50.0,59.0,59.0,0.0,1.0,56.227,43.5448,-12.6822,0.783630236838115,30.019,22.92,-7.099,0.7697981340399751,26.208,20.6248,-5.5832,0.8009828270734319,0.6991892975535224,0.6798587889526648,0.5910007295132198,0.5810709317710668,0.5388348238868678,0.5374746633084976,0.6239733719015261,0.6263698667538292,0.13061543333333334,0.20957714230326738,128.805,466.6705,4.6459785199291,0.0,0.0,0.0,0.0,0.0,27.58324771587739,20.28569801397998,7.900699036447757,0.05272462251736071,13.665991179987385,10.1772863630622,4.273362278407507,0.0797358586876212,13.984787929366068,10.41826660188242,4.359240536814385,0.10169167110831524,0.09937046992200013,0.09773378616685093,0.06043766619681372,0.04274174615667525,0.060667657928261155,0.03284237607438466,0.0590255085587395,0.040332985549031614,0.05617616266060434,0.11063298110306666,71.07510212454281,188.0378338325704,2.652581530803992,50.0,59.0,59.0,0.0,1.0,26.0,21.0,-29.0,0.7,14.0,11.0,-16.0,0.6470588235294118,11.0,9.0,-15.0,0.65,0.5333333333333333,0.5,0.5,0.5106382978723404,0.4444444444444444,0.48333333333333334,0.53125,0.5607322583958098,0.05631666666666668,0.07818608539094651,32.0,206.0,1.7511150234741784,50.0,59.0,59.0,0.0,1.0,47.0,37.0,-10.0,0.782608695652174,26.0,20.0,-6.0,0.7647058823529411,21.0,17.0,-4.0,0.7916666666666666,0.7027027027027027,0.6875,0.5909090909090909,0.5818181818181818,0.5362318840579711,0.5373641994111078,0.6206896551724138,0.625,0.11866666666666667,0.18896014837211478,110.0,438.0,3.6303442170494193,50.0,59.0,59.0,0.0,1.0,110.0,83.0,-4.0,0.875,57.04999999999927,43.0,-2.0,0.9047619047619048,53.04999999999927,41.0,0.0,1.0,0.8519063180827879,0.8333333333333334,0.6909090909090909,0.65,0.6428571428571429,0.5925925925925926,0.7272727272727273,0.6938775510204082,0.234,0.41975934690606753,223.04999999999927,803.0,9.625178571428568
mixed_missing_spurious,0.3,unrepaired,50.0,59.0,59.0,0.0,1.0,56.227,46.0903,-10.1367,0.820954747557403,30.019,24.2947,-5.7243,0.8086082567382779,26.208,21.7956,-4.4124,0.8364289053712626,0.6991892975535224,0.6798587889526648,0.5863542895404211,0.5769639055770799,0.5504733271864087,0.5414969519155417,0.6437033646480051,0.641270973823466,0.13061543333333334,0.20957714230326738,128.805,466.6705,4.6459785199291,0.0,0.0,0.0,0.0,0.0,27.58324771587739,22.586486243904428,5.695055440963462,0.048255860005166275,13.665991179987385,11.367927466670826,3.4791809352199574,0.08529140698557906,13.984787929366068,11.605450843846135,3.5203075855029593,0.10471366289878203,0.09937046992200013,0.09773378616685093,0.061307654431646014,0.04209018471167832,0.053582067009260756,0.027612370352525797,0.055095748087451255,0.037711564623728946,0.05617616266060434,0.11063298110306666,71.07510212454281,188.0378338325704,2.652581530803992,50.0,59.0,59.0,0.0,1.0,26.0,22.0,-22.0,0.7368421052631579,14.0,11.0,-12.0,0.6666666666666666,11.0,9.0,-11.0,0.6666666666666666,0.5333333333333333,0.5,0.4883720930232558,0.5098039215686274,0.46875,0.5,0.5555555555555556,0.5777777777777777,0.05631666666666668,0.07818608539094651,32.0,206.0,1.7511150234741784,50.0,59.0,59.0,0.0,1.0,47.0,39.0,-9.0,0.8235294117647058,26.0,21.0,-5.0,0.8076923076923077,21.0,18.0,-4.0,0.8333333333333334,0.7027027027027027,0.6875,0.5849056603773585,0.5769230769230769,0.5483870967741935,0.5423728813559322,0.6428571428571429,0.6428571428571429,0.11866666666666667,0.18896014837211478,110.0,438.0,3.6303442170494193,50.0,59.0,59.0,0.0,1.0,110.0,91.0,-3.0,0.8974358974358975,57.04999999999927,47.0,-1.0,0.9473684210526315,53.04999999999927,45.0,0.0,1.0,0.8519063180827879,0.8333333333333334,0.6875,0.6446280991735537,0.6451612903225806,0.5853658536585366,0.7368421052631579,0.7017543859649122,0.234,0.41975934690606753,223.04999999999927,803.0,9.625178571428568
mixed_missing_spurious,0.4,repaired,50.0,59.0,59.0,0.0,1.0,56.227,38.8814,-17.3456,0.7014616645860846,30.019,20.4277,-9.5913,0.6877733807998577,26.208,18.4537,-7.7543,0.7186850997066652,0.6301763249411111,0.6324537242867695,0.4994481285459442,0.49018198190983103,0.4426092627476103,0.44026219547935624,0.5243913535913521,0.5240666678065004,0.1510079666666667,0.17317045893610722,128.805,509.7117,5.141596896029132,0.0,0.0,0.0,0.0,0.0,27.58324771587739,17.956262884511357,10.257245329432976,0.058879175155999296,13.665991179987385,9.019252042200623,5.445918665662509,0.08629048625086846,13.984787929366068,9.320147146063869,5.47703672647266,0.10971798872777475,0.10428937754353161,0.10280526314762085,0.06422308065508182,0.04586798128563968,0.06039226248035106,0.03241310884508526,0.0630674080993383,0.04211656208624456,0.06318841879422808,0.09772813586976375,71.07510212454281,206.15112954318553,3.031369054645779,50.0,59.0,59.0,0.0,1.0,26.0,18.0,-39.0,0.6060606060606061,14.0,10.0,-21.0,0.5555555555555556,11.0,8.0,-19.0,0.5555555555555556,0.46153846153846156,0.46153846153846156,0.39341334894613583,0.41379310344827586,0.35135135135135137,0.38596491228070173,0.42857142857142855,0.45454545454545453,0.06733333333333333,0.06262823974082074,32.0,230.0,1.8366122448979594,50.0,59.0,59.0,0.0,1.0,47.0,33.0,-14.0,0.7,26.0,18.0,-8.0,0.6842105263157895,21.0,15.0,-6.0,0.7083333333333334,0.6363636363636364,0.6363636363636364,0.5,0.4909090909090909,0.43859649122807015,0.4411764705882353,0.5217391304347826,0.5245901639344263,0.13766666666666666,0.14639407448685798,110.0,473.0,3.920352422907489,50.0,59.0,59.0,0.0,1.0,110.0,74.0,-6.0,0.8,57.04999999999927,38.0,-3.0,0.8335585585585553,53.04999999999927,37.0,-1.0,0.9166666666666666,0.8,0.7941176470588235,0.6046817625458991,0.5625,0.55,0.4915254237288136,0.631578947368421,0.5925925925925926,0.2666833333333331,0.3595195089027447,223.04999999999927,882.0499999999993,10.746833333333331
mixed_missing_spurious,0.4,unrepaired,50.0,59.0,59.0,0.0,1.0,56.227,41.6443,-14.5827,0.7420805227636476,30.019,21.8832,-8.1358,0.7290263181441499,26.208,19.7611,-6.4469,0.7583952539554383,0.6301763249411111,0.6324537242867695,0.499342930724741,0.49042362528461947,0.4536661248988069,0.44568569669156477,0.5439400634370428,0.5399145904828297,0.1510079666666667,0.17317045893610722,128.805,509.7117,5.141596896029132,0.0,0.0,0.0,0.0,0.0,27.58324771587739,20.435521489892448,7.849377171610357,0.05509833336871293,13.665991179987385,10.27051635072994,4.521216926918009,0.09261333590869193,13.984787929366068,10.63866274042419,4.467815632683691,0.11353694626355317,0.10428937754353161,0.10280526314762085,0.06546420042012659,0.04667525311513848,0.05420056404640977,0.02768407756366403,0.06064676808543862,0.03990182151602643,0.06318841879422808,0.09772813586976375,71.07510212454281,206.15112954318553,3.031369054645779,50.0,59.0,59.0,0.0,1.0,26.0,19.0,-31.0,0.6428571428571429,14.0,10.0,-17.0,0.5789473684210527,11.0,8.0,-16.0,0.5789473684210527,0.46153846153846156,0.46153846153846156,0.391304347826087,0.41304347826086957,0.37037037037037035,0.39681171319102354,0.44734042553191494,0.47058823529411764,0.06733333333333333,0.06262823974082074,32.0,230.0,1.8366122448979594,50.0,59.0,59.0,0.0,1.0,47.0,35.0,-13.0,0.7457627118644068,26.0,19.0,-7.0,0.7291666666666666,21.0,16.0,-5.0,0.75,0.6363636363636364,0.6363636363636364,0.5,0.4909090909090909,0.45,0.44680851063829785,0.5416666666666666,0.5416666666666666,0.13766666666666666,0.14639407448685798,110.0,473.0,3.920352422907489,50.0,59.0,59.0,0.0,1.0,110.0,82.0,-5.0,0.8235294117647058,57.04999999999927,43.0,-2.0,0.8846153846153846,53.04999999999927,41.0,-1.0,0.9444444444444444,0.8,0.7941176470588235,0.6086956521739131,0.5652173913043478,0.55,0.4883720930232558,0.6470588235294118,0.6037735849056604,0.2666833333333331,0.3595195089027447,223.04999999999927,882.0499999999993,10.746833333333331
mixed_missing_spurious,0.5,repaired,50.0,59.0,59.0,0.0,1.0,56.227,34.0292,-22.1978,0.6139464923762497,30.019,17.8061,-12.2129,0.5991010584166052,26.208,16.2231,-9.9849,0.6325786531427895,0.5631431189512722,0.5895989695289513,0.4177561871022826,0.40942315000941576,0.36026332200541955,0.3567846458058704,0.43227067422073234,0.4297460156301653,0.1641266,0.1463638994941555,128.805,528.8756,5.36468307738802,0.0,0.0,0.0,0.0,0.0,27.58324771587739,15.745943631109668,12.426886895429218,0.0576354134618369,13.665991179987385,7.984264376745282,6.4701746426190425,0.08719808172208264,13.984787929366068,8.216585520626058,6.5529662082611635,0.11092061133654445,0.1071355499723968,0.108541784254751,0.0649311607262519,0.047318937092156045,0.05708135950666545,0.029566726610391825,0.06160331081285246,0.039216030449535935,0.06830792871481377,0.085882349258414,71.07510212454281,220.50400614572266,3.231678842273303,50.0,59.0,59.0,0.0,1.0,26.0,16.0,-48.0,0.5227170352170352,14.0,8.0,-26.0,0.46153846153846156,11.0,7.0,-23.0,0.4666666666666667,0.38461538461538464,0.4117647058823529,0.3103448275862069,0.3333333333333333,0.2727272727272727,0.30681060606060606,0.3333333333333333,0.36538461538461536,0.07366666666666667,0.05197016245403342,32.0,235.0,1.8207363986078036,50.0,59.0,59.0,0.0,1.0,47.0,29.0,-18.0,0.6136363636363636,26.0,16.0,-11.0,0.5961538461538461,21.0,14.0,-8.0,0.625,0.5652173913043478,0.5909090909090909,0.417910447761194,0.4098360655737705,0.35714285714285715,0.35714285714285715,0.42857142857142855,0.4298245614035088,0.149,0.11904761904761904,110.0,482.0,4.054711751662971,50.0,59.0,59.0,0.0,1.0,110.0,65.0,-8.0,0.7105263157894737,57.04999999999927,34.0,-4.0,0.75,53.04999999999927,32.0,-2.0,0.8260869565217391,0.7333333333333333,0.7631578947368421,0.5263157894736842,0.4864864864864865,0.4583333333333333,0.40476190476190477,0.5384615384615384,0.5,0.28833333333333333,0.30835915075857656,223.04999999999927,931.0,11.410378510378509
mixed_missing_spurious,0.5,unrepaired,50.0,59.0,59.0,0.0,1.0,56.227,36.7234,-19.5036,0.6535590884077975,30.019,19.2309,-10.7881,0.6389093503659581,26.208,17.4925,-8.7155,0.6719471564414323,0.5631431189512722,0.5895989695289513,0.42157665002243455,0.4131301008354932,0.3703769100920703,0.36291020515512584,0.44992349433467405,0.444730150031826,0.1641266,0.1463638994941555,128.805,528.8756,5.36468307738802,0.0,0.0,0.0,0.0,0.0,27.58324771587739,18.15826160970453,10.049302756340307,0.05526440668879562,13.665991179987385,9.2641981696622,5.4728049069334626,0.09417192953230072,13.984787929366068,9.45201977451283,5.562684072946208,0.11627701420831066,0.1071355499723968,0.108541784254751,0.06799698613666418,0.04942897969669114,0.05289493564330823,0.025787336435828638,0.061377238324709586,0.037902719818195554,0.06830792871481377,0.085882349258414,71.07510212454281,220.50400614572266,3.231678842273303,50.0,59.0,59.0,0.0,1.0,26.0,16.0,-40.0,0.5555555555555556,14.0,8.0,-22.0,0.48,11.0,7.0,-20.0,0.49019607843137253,0.38461538461538464,0.4117647058823529,0.31030377668308706,0.3333333333333333,0.28846153846153844,0.3157894736842105,0.35,0.3783783783783784,0.07366666666666667,0.05197016245403342,32.0,235.0,1.8207363986078036,50.0,59.0,59.0,0.0,1.0,47.0,31.0,-17.0,0.6582278481012658,26.0,16.0,-10.0,0.6410256410256411,21.0,14.0,-7.0,0.6666666666666666,0.5652173913043478,0.5909090909090909,0.42105263157894735,0.41304347826086957,0.3684210526315789,0.36507936507936506,0.4482758620689655,0.44680851063829785,0.149,0.11904761904761904,110.0,482.0,4.054711751662971,50.0,59.0,59.0,0.0,1.0,110.0,72.0,-8.0,0.7368421052631579,57.04999999999927,38.0,-4.0,0.7916666666666666,53.04999999999927,36.0,-2.0,0.8666666666666667,0.7333333333333333,0.7631578947368421,0.5323118279569884,0.49295774647887325,0.46153846153846156,0.40278814262023205,0.5555555555555556,0.5,0.28833333333333333,0.30835915075857656,223.04999999999927,931.0,11.410378510378509
mixed_missing_spurious,0.6,repaired,50.0,59.0,59.0,0.0,1.0,56.227,28.9712,-27.2558,0.5238570343525796,30.019,15.0974,-14.9216,0.5079955434679282,26.208,13.8738,-12.3342,0.5439367820683613,0.5013835388359046,0.5555254431996686,0.3474961381782777,0.3405831336358366,0.293094465014677,0.28922848561731507,0.352632762030934,0.34837682628152206,0.16750246666666668,0.1300966856915363,128.805,520.0774,5.305386705599305,0.0,0.0,0.0,0.0,0.0,27.58324771587739,13.354108123733981,14.795298457471002,0.05749681877585883,13.665991179987385,6.886164038528019,7.571049168942963,0.08806329064986354,13.984787929366068,6.99839776785598,7.754567924286261,0.11137007586873258,0.106562665644091,0.10633213485154776,0.06497390476634296,0.04525998619814181,0.05567107844016656,0.028065384291059106,0.061579982677938044,0.037542146195953426,0.07061697342902666,0.08146138580926343,71.07510212454281,223.4057690011658,3.268997529713006,50.0,59.0,59.0,0.0,1.0,26.0,14.0,-58.0,0.4318181818181818,14.0,7.0,-31.0,0.3684210526315789,11.0,6.0,-28.0,0.375,0.3333333333333333,0.38095238095238093,0.24,0.26666666666666666,0.20754716981132076,0.24241240530303032,0.25,0.2857142857142857,0.07533333333333334,0.04450969082481463,32.0,230.0,1.7205777808753835,50.0,59.0,59.0,0.0,1.0,47.0,25.0,-23.0,0.524040684234859,26.0,13.0,-13.0,0.5,21.0,12.0,-10.0,0.5333333333333333,0.5,0.5555555555555556,0.3481554677206851,0.34146341463414637,0.2911392405063291,0.29,0.35,0.3484848484848485,0.15133333333333332,0.0997296726196982,110.0,469.0,3.9415971959075407,50.0,59.0,59.0,0.0,1.0,110.0,55.0,-11.0,0.6166843971631203,57.04999999999927,28.0,-6.0,0.6562946428571422,53.04999999999927,27.0,-4.0,0.7391304347826086,0.6666666666666666,0.7297297297297297,0.45454545454545453,0.41346153846153844,0.3888888888888889,0.3333333333333333,0.46153846153846156,0.4117647058823529,0.2976666666666667,0.29097364348824434,223.04999999999927,941.0,11.32266782911944
mixed_missing_spurious,0.6,unrepaired,50.0,59.0,59.0,0.0,1.0,56.227,31.3133,-24.9137,0.5582046544186966,30.019,16.334,-13.685,0.5426452773398384,26.208,14.9793,-11.2287,0.5778696128046407,0.5013835388359046,0.5555254431996686,0.3533211405083413,0.34653399468116425,0.30150242173836506,0.2953673155210992,0.36718411859265754,0.3612457238978559,0.16750246666666668,0.1300966856915363,128.805,520.0774,5.305386705599305,0.0,0.0,0.0,0.0,0.0,27.58324771587739,15.455213666363433,12.693800280710114,0.05524787278520451,13.665991179987385,7.995088251146115,6.669754385459501,0.0953367719663214,13.984787929366068,8.091527593222397,6.828049394655366,0.11612840357268216,0.106562665644091,0.10633213485154776,0.0683191508244711,0.04823638665039293,0.051909422084600094,0.024562411895809738,0.06228093336221426,0.03629046974293938,0.07061697342902666,0.08146138580926343,71.07510212454281,223.4057690011658,3.268997529713006,50.0,59.0,59.0,0.0,1.0,26.0,14.0,-51.0,0.4594594594594595,14.0,7.0,-27.0,0.3870967741935484,11.0,6.0,-25.0,0.39982758620689673,0.3333333333333333,0.38095238095238093,0.24,0.26666666666666666,0.2222222222222222,0.25170863309352526,0.26666666666666666,0.2972972972972973,0.07533333333333334,0.04450969082481463,32.0,230.0,1.7205777808753835,50.0,59.0,59.0,0.0,1.0,47.0,25.0,-21.0,0.5614035087719298,26.0,14.0,-12.0,0.5428571428571428,21.0,12.0,-9.0,0.5714285714285714,0.5,0.5555555555555556,0.35294117647058826,0.34615384615384615,0.3,0.2972972972972973,0.36764705882352944,0.36363636363636365,0.15133333333333332,0.0997296726196982,110.0,469.0,3.9415971959075407,50.0,59.0,59.0,0.0,1.0,110.0,62.0,-10.0,0.6451612903225806,57.04999999999927,32.0,-5.0,0.7,53.04999999999927,31.0,-3.0,0.7777777777777778,0.6666666666666666,0.7297297297297297,0.46551724137931033,0.4251968503937008,0.3888888888888889,0.3333333333333333,0.47058823529411764,0.4166666666666667,0.2976666666666667,0.29097364348824434,223.04999999999927,941.0,11.32266782911944
mixed_missing_spurious,0.7,repaired,50.0,59.0,59.0,0.0,1.0,56.227,23.5113,-32.7157,0.42513859407571963,30.019,12.2549,-17.7641,0.4125178707690229,26.208,11.2564,-14.9516,0.4410148177219996,0.42453320619192647,0.5086085532874326,0.27644911342677037,0.27174375736281986,0.22702830731135742,0.2250264969483765,0.273607312035987,0.26935084089718003,0.1625859,0.11435745208017452,128.805,482.2567,4.927801811201671,0.0,0.0,0.0,0.0,0.0,27.58324771587739,10.891764566108463,17.168213310208664,0.05127536586112698,13.665991179987385,5.70425979843001,8.7164699778573,0.08355980548009863,13.984787929366068,5.80122611716233,8.89651461175802,0.10142021642825869,0.10414133258552614,0.10576038674280257,0.061570354406058625,0.04141504597284575,0.050197757500181066,0.024284459545890272,0.05683830032524436,0.03255096080685871,0.06860017636557146,0.07388148145492296,71.07510212454281,214.48174851757153,3.0981339598797257,50.0,59.0,59.0,0.0,1.0,26.0,11.0,-68.0,0.34210526315789475,14.0,5.0,-36.0,0.2777777777777778,11.0,4.0,-33.0,0.2857142857142857,0.25,0.3333333333333333,0.17647058823529413,0.20408163265306123,0.14814814814814814,0.18421052631578946,0.1845951417004049,0.21621621621621623,0.071,0.03726661791522804,32.0,203.0,1.5471060067450553,50.0,59.0,59.0,0.0,1.0,47.0,20.0,-27.0,0.4243853630646084,26.0,11.0,-15.0,0.4090909090909091,21.0,10.0,-12.0,0.43478260869565216,0.4230769230769231,0.5,0.27586206896551724,0.2727272727272727,0.22535211267605634,0.22580645161290322,0.2711864406779661,0.2692307692307692,0.14866666666666667,0.08819172381195757,110.0,432.0,3.6375495880378397,50.0,59.0,59.0,0.0,1.0,110.0,45.0,-14.0,0.5111111111111111,57.04999999999927,23.0,-8.0,0.5555555555555556,53.04999999999927,23.0,-5.0,0.6155677655677629,0.59375,0.6875,0.3783783783783784,0.33962264150943394,0.3125,0.2637438949938949,0.37037037037037035,0.3225806451612903,0.288,0.25908434319813867,223.04999999999927,879.0,10.703764420157862
mixed_missing_spurious,0.7,unrepaired,50.0,59.0,59.0,0.0,1.0,56.227,25.2983,-30.9287,0.45116915831049437,30.019,13.1971,-16.8219,0.43862377750535897,26.208,12.1012,-14.1068,0.4669631704931656,0.42453320619192647,0.5086085532874326,0.28289789586876657,0.2780870551845411,0.2339563735054297,0.230716130578072,0.2845913909179123,0.27941754114361084,0.1625859,0.11435745208017452,128.805,482.2567,4.927801811201671,0.0,0.0,0.0,0.0,0.0,27.58324771587739,12.514159081926072,15.535821590287677,0.04996780847699044,13.665991179987385,6.58347824547031,7.994433781522535,0.08977319501638605,13.984787929366068,6.643867296783231,8.168088241844133,0.10602331698727252,0.10414133258552614,0.10576038674280257,0.06566395566143292,0.044838628335143293,0.04831489390307288,0.021805264445833097,0.058478880838549525,0.03204762298619293,0.06860017636557146,0.07388148145492296,71.07510212454281,214.48174851757153,3.0981339598797257,50.0,59.0,59.0,0.0,1.0,26.0,11.0,-63.0,0.3611111111111111,14.0,5.0,-33.0,0.2916666666666667,11.0,4.0,-31.0,0.3,0.25,0.3333333333333333,0.17857142857142858,0.20588235294117646,0.15789473684210525,0.19148936170212766,0.19047619047619047,0.2222222222222222,0.071,0.03726661791522804,32.0,203.0,1.5471060067450553,50.0,59.0,59.0,0.0,1.0,47.0,22.0,-26.0,0.45454545454545453,26.0,11.0,-15.0,0.4375,21.0,10.0,-12.0,0.46153846153846156,0.4230769230769231,0.5,0.28125,0.2777777777777778,0.23255813953488372,0.23255813953488372,0.2857142857142857,0.28125,0.14866666666666667,0.08819172381195757,110.0,432.0,3.6375495880378397,50.0,59.0,59.0,0.0,1.0,110.0,51.0,-13.0,0.527027027027027,57.04999999999927,26.0,-7.0,0.5882352941176471,53.04999999999927,25.0,-5.0,0.6452561669829208,0.59375,0.6875,0.39285714285714285,0.35185185185185186,0.3157894736842105,0.2631578947368421,0.38461538461538464,0.3333333333333333,0.288,0.25908434319813867,223.04999999999927,879.0,10.703764420157862
mixed_missing_spurious,0.8,repaired,50.0,59.0,59.0,0.0,1.0,56.227,17.2366,-38.9904,0.31109828160613,30.019,8.9643,-21.0547,0.3008992161675972,26.208,8.2723,-17.9357,0.32418229491274,0.33012498240042226,0.4367213452275477,0.20172404514877323,0.1986927793016044,0.16259223037686094,0.16052314861694844,0.19526801193304952,0.19018795690507403,0.14532716666666667,0.09938661988172122,128.805,401.8915,4.111860965678456,0.0,0.0,0.0,0.0,0.0,27.58324771587739,8.133242613099648,19.816987135735694,0.04147153869750225,13.665991179987385,4.3845122767293585,9.965221446302523,0.0737037861873409,13.984787929366068,4.4257102708085245,10.208995438768053,0.09153792543871775,0.09863629314769579,0.1004627980047915,0.0567325354509452,0.0351534087077195,0.047091841301000206,0.020193827458165104,0.051873416478349386,0.0267606072872872,0.06265889976841808,0.06944105921668,71.07510212454281,191.36119104534745,2.668147526742864,50.0,59.0,59.0,0.0,1.0,26.0,8.0,-79.0,0.2413793103448276,14.0,4.0,-41.0,0.18518518518518517,11.0,3.0,-38.0,0.18518518518518517,0.16666666666666666,0.2727272727272727,0.1111111111111111,0.14275653923541257,0.09090909090909091,0.125,0.11428571428571428,0.14634146341463414,0.061,0.029411764705882353,32.0,160.0,1.2151830679188784,50.0,59.0,59.0,0.0,1.0,47.0,15.0,-33.0,0.3125,26.0,8.0,-18.0,0.3,21.0,7.0,-14.0,0.3170731707317073,0.3333333333333333,0.43333333333333335,0.2,0.2,0.16,0.16129032258064516,0.1935483870967742,0.19047619047619047,0.13333333333333333,0.07692307692307693,110.0,354.0,3.0133816684568564,50.0,59.0,59.0,0.0,1.0,110.0,33.0,-17.0,0.375,57.04999999999927,18.0,-9.0,0.42857142857142855,53.04999999999927,17.0,-7.0,0.48,0.5,0.6060606060606061,0.29545454545454547,0.2564102564102564,0.24324324324324326,0.19047619047619047,0.2857142857142857,0.23255813953488372,0.26033333333333336,0.24358974358974358,223.04999999999927,768.0,9.143121693121689
mixed_missing_spurious,0.8,unrepaired,50.0,59.0,59.0,0.0,1.0,56.227,18.327,-37.9,0.32693635285030725,30.019,9.5331,-20.4859,0.31659307462221054,26.208,8.7939,-17.4141,0.34019384712595513,0.33012498240042226,0.4367213452275477,0.20725663234623656,0.20424207835170105,0.16730956524865684,0.16477346781701338,0.20208913738556236,0.19660578029365616,0.14532716666666667,0.09938661988172122,128.805,401.8915,4.111860965678456,0.0,0.0,0.0,0.0,0.0,27.58324771587739,9.11700515401288,18.794018237517797,0.04017096466066109,13.665991179987385,4.915152109754706,9.498916997869456,0.07757621514265434,13.984787929366068,4.951815307287186,9.741566147242445,0.09496423482150804,0.09863629314769579,0.1004627980047915,0.05990005205864357,0.03786129234346001,0.045899586364307146,0.018217720504786473,0.05346995208387588,0.026636035380164548,0.06265889976841808,0.06944105921668,71.07510212454281,191.36119104534745,2.668147526742864,50.0,59.0,59.0,0.0,1.0,26.0,9.0,-76.0,0.2545454545454545,14.0,4.0,-40.0,0.19047619047619047,11.0,3.0,-37.0,0.1875,0.16666666666666666,0.2727272727272727,0.1111111111111111,0.14285714285714285,0.09523809523809523,0.1323529411764706,0.11764705882352941,0.15151515151515152,0.061,0.029411764705882353,32.0,160.0,1.2151830679188784,50.0,59.0,59.0,0.0,1.0,47.0,16.0,-32.0,0.3333333333333333,26.0,8.0,-18.0,0.3157894736842105,21.0,7.0,-14.0,0.3333333333333333,0.3333333333333333,0.43333333333333335,0.20588235294117646,0.2037037037037037,0.16666666666666666,0.16666666666666666,0.2,0.19672131147540983,0.13333333333333333,0.07692307692307693,110.0,354.0,3.0133816684568564,50.0,59.0,59.0,0.0,1.0,110.0,36.0,-17.0,0.38461538461538464,57.04999999999927,19.0,-9.0,0.4444444444444444,53.04999999999927,19.0,-7.0,0.5,0.5,0.6060606060606061,0.3076923076923077,0.2672413793103448,0.25,0.19047619047619047,0.29411764705882354,0.23880597014925373,0.26033333333333336,0.24358974358974358,223.04999999999927,768.0,9.143121693121689
mixed_missing_spurious,0.9,repaired,50.0,59.0,59.0,0.0,1.0,56.227,9.8707,-46.3563,0.17700225218326704,30.019,5.117,-24.902,0.17093916542318988,26.208,4.7537,-21.4543,0.1845864277421313,0.2059432720610123,0.31440794797200045,0.11783394481728413,0.11701952977915119,0.09432065700956999,0.09374128524678985,0.11261172116698419,0.10893601705571282,0.11055296666666665,0.08197935144354072,128.805,261.6455,2.661584956920979,0.0,0.0,0.0,0.0,0.0,27.58324771587739,4.807420580650703,23.009513121302813,0.027708301464472486,13.665991179987385,2.7664194019762776,11.50062704561124,0.057860675984412926,13.984787929366068,2.802467072450484,11.7424912229055,0.06937990923751726,0.08478423534290949,0.08482935472919252,0.046037303167288726,0.02460653374975907,0.03888108702728515,0.014021365269089415,0.04263638005437984,0.018976382225599806,0.048040177425396735,0.0670266989789161,71.07510212454281,135.65430637777,1.7795603491988965,50.0,59.0,59.0,0.0,1.0,26.0,5.0,-92.0,0.125,14.0,2.0,-48.0,0.07692307692307693,11.0,1.0,-45.0,0.07142857142857142,0.08333333333333333,0.18181818181818182,0.045454545454545456,0.07692307692307693,0.037037037037037035,0.06976744186046512,0.047619047619047616,0.078125,0.042,0.01904761904761905,32.0,88.0,0.672953035913713,50.0,59.0,59.0,0.0,1.0,47.0,9.0,-39.0,0.1794871794871795,26.0,5.0,-22.0,0.16666666666666666,21.0,4.0,-17.0,0.18181818181818182,0.2,0.3076923076923077,0.11764705882352941,0.11538461538461539,0.09375,0.09523809523809523,0.1111111111111111,0.10869565217391304,0.105,0.0611353711790393,110.0,230.0,1.990909090909091,50.0,59.0,59.0,0.0,1.0,110.0,19.0,-21.0,0.21739130434782608,57.04999999999927,10.0,-12.0,0.26666666666666666,53.04999999999927,10.0,-9.0,0.3,0.35,0.4583333333333333,0.2,0.15789473684210525,0.15789473684210525,0.11428571428571428,0.18518518518518517,0.14035087719298245,0.19666666666666666,0.22702455590386605,223.04999999999927,523.0,6.0
mixed_missing_spurious,0.9,unrepaired,50.0,59.0,59.0,0.0,1.0,56.227,10.2558,-45.9712,0.18244797963006654,30.019,5.3156,-24.7034,0.17632540039441205,26.208,4.9402,-21.2678,0.19008084064512276,0.2059432720610123,0.31440794797200045,0.12024262988938979,0.11947953607186032,0.09615632672442477,0.0955690478934859,0.11507229058058258,0.11133401237041232,0.11055296666666665,0.08197935144354072,128.805,261.6455,2.661584956920979,0.0,0.0,0.0,0.0,0.0,27.58324771587739,5.157773417150287,22.62832682010463,0.027147717269026417,13.665991179987385,2.960181228791702,11.327367715667048,0.05962140404110789,13.984787929366068,3.003752022491414,11.560624895082311,0.07110027906868546,0.08478423534290949,0.08482935472919252,0.047542172324080964,0.025791430034006795,0.038495028529777126,0.012941114165473482,0.043632996820856376,0.019123123559054624,0.048040177425396735,0.0670266989789161,71.07510212454281,135.65430637777,1.7795603491988965,50.0,59.0,59.0,0.0,1.0,26.0,5.0,-91.0,0.13156565656565658,14.0,2.0,-48.0,0.07692307692307693,11.0,1.0,-44.0,0.07142857142857142,0.08333333333333333,0.18181818181818182,0.045454545454545456,0.07692307692307693,0.038461538461538464,0.07317073170731707,0.047619047619047616,0.08,0.042,0.01904761904761905,32.0,88.0,0.672953035913713,50.0,59.0,59.0,0.0,1.0,47.0,9.0,-39.0,0.1875,26.0,5.0,-21.0,0.17647058823529413,21.0,4.0,-17.0,0.1875,0.2,0.3076923076923077,0.11864406779661017,0.11864406779661017,0.09523809523809523,0.0967741935483871,0.11428571428571428,0.1111111111111111,0.105,0.0611353711790393,110.0,230.0,1.990909090909091,50.0,59.0,59.0,0.0,1.0,110.0,20.0,-21.0,0.21875,57.04999999999927,11.0,-12.0,0.2777777777777778,53.04999999999927,11.0,-9.0,0.3076923076923077,0.35,0.4583333333333333,0.2,0.16251453488372072,0.16,0.11428571428571428,0.1891891891891892,0.14285714285714285,0.19666666666666666,0.22702455590386605,223.04999999999927,523.0,6.0
mixed_spurious_timing_late,0.0,repaired,50.0,59.0,59.0,0.0,1.0,56.227,56.227,0.0,1.0,30.019,30.019,0.0,1.0,26.208,26.208,0.0,1.0,1.0,1.0,1.0,1.0,1.0,1.0,1.0,1.0,0.0,1.0,128.805,128.805,1.0,0.0,0.0,0.0,0.0,0.0,27.58324771587739,27.58324771587739,0.0,0.0,13.665991179987385,13.665991179987385,0.0,0.0,13.984787929366068,13.984787929366068,0.0,0.0,0.0,0.0,0.0,0.0,0.0,0.0,0.0,0.0,0.0,0.0,71.07510212454281,71.07510212454281,0.0,50.0,59.0,59.0,0.0,1.0,26.0,26.0,0.0,1.0,14.0,14.0,0.0,1.0,11.0,11.0,0.0,1.0,1.0,1.0,1.0,1.0,1.0,1.0,1.0,1.0,0.0,1.0,32.0,32.0,1.0,50.0,59.0,59.0,0.0,1.0,47.0,47.0,0.0,1.0,26.0,26.0,0.0,1.0,21.0,21.0,0.0,1.0,1.0,1.0,1.0,1.0,1.0,1.0,1.0,1.0,0.0,1.0,110.0,110.0,1.0,50.0,59.0,59.0,0.0,1.0,110.0,110.0,0.0,1.0,57.04999999999927,57.04999999999927,0.0,1.0,53.04999999999927,53.04999999999927,0.0,1.0,1.0,1.0,1.0,1.0,1.0,1.0,1.0,1.0,0.0,1.0,223.04999999999927,223.04999999999927,1.0
mixed_spurious_timing_late,0.0,unrepaired,50.0,59.0,59.0,0.0,1.0,56.227,56.227,0.0,1.0,30.019,30.019,0.0,1.0,26.208,26.208,0.0,1.0,1.0,1.0,1.0,1.0,1.0,1.0,1.0,1.0,0.0,1.0,128.805,128.805,1.0,0.0,0.0,0.0,0.0,0.0,27.58324771587739,27.58324771587739,0.0,0.0,13.665991179987385,13.665991179987385,0.0,0.0,13.984787929366068,13.984787929366068,0.0,0.0,0.0,0.0,0.0,0.0,0.0,0.0,0.0,0.0,0.0,0.0,71.07510212454281,71.07510212454281,0.0,50.0,59.0,59.0,0.0,1.0,26.0,26.0,0.0,1.0,14.0,14.0,0.0,1.0,11.0,11.0,0.0,1.0,1.0,1.0,1.0,1.0,1.0,1.0,1.0,1.0,0.0,1.0,32.0,32.0,1.0,50.0,59.0,59.0,0.0,1.0,47.0,47.0,0.0,1.0,26.0,26.0,0.0,1.0,21.0,21.0,0.0,1.0,1.0,1.0,1.0,1.0,1.0,1.0,1.0,1.0,0.0,1.0,110.0,110.0,1.0,50.0,59.0,59.0,0.0,1.0,110.0,110.0,0.0,1.0,57.04999999999927,57.04999999999927,0.0,1.0,53.04999999999927,53.04999999999927,0.0,1.0,1.0,1.0,1.0,1.0,1.0,1.0,1.0,1.0,0.0,1.0,223.04999999999927,223.04999999999927,1.0
mixed_spurious_timing_late,0.05,repaired,50.0,59.0,56.05,-2.950000000000003,0.95,56.227,56.9093,0.6823,1.0108770213415628,30.019,29.8659,-0.1531,0.9924230893989601,26.208,27.0434,0.8354,1.0328106975353806,0.9162547370529553,0.8937598301702369,0.9425834418502586,0.954198362080781,0.018815274035581152,0.019126939592498775,0.9417240711227233,0.9509137414908874,0.04844986666666667,0.2692262035983042,128.805,150.9458,1.2834730530792577,0.0,0.0,0.0,0.0,0.0,27.58324771587739,28.027329994715224,1.1455557340408964,0.021889711999201335,13.665991179987385,13.763155874869817,1.0461213251734698,0.040619077770477796,13.984787929366068,14.377718467087611,0.8337723655985259,0.03212467516168407,0.06478276304836937,0.07091326534541441,0.03863667839663814,0.020500642796757416,0.02290501428595526,0.021518346178327236,0.033779806656842555,0.018826783176362535,0.01891996108838738,0.1952801258892739,71.07510212454281,83.66992606673445,0.5263955405883354,50.0,59.0,56.05,-2.950000000000003,0.95,26.0,26.0,-1.0,0.9696969696969697,14.0,14.0,-2.0,0.9259259259259259,11.0,12.0,0.0,1.0,0.8,0.75,0.875,0.92,0.0,0.0,0.8813357546408394,0.92,0.019333333333333334,0.03773584905660377,32.0,40.0,0.613993710691824,50.0,59.0,56.05,-2.950000000000003,0.95,47.0,48.0,1.0,1.0135135135135136,26.0,26.0,0.0,1.0,21.0,22.0,1.0,1.032258064516129,0.9166666666666666,0.9090909090909091,0.9473684210526315,0.9555555555555556,0.0125,0.013888888888888888,0.9444444444444444,0.9523809523809523,0.04733333333333333,0.18232976509069282,110.0,151.0,1.1867589388696655,50.0,59.0,56.05,-2.950000000000003,0.95,110.0,112.0,3.0,1.0416666666666667,57.04999999999927,58.0,1.0,1.0555555555555556,53.04999999999927,55.0,2.0,1.0909090909090908,1.0,1.0,1.0,0.9833333333333333,0.06451612903225806,0.06329113924050633,1.0,0.975,0.08233333333333333,0.573401241230437,223.04999999999927,288.0,2.300079365079364
mixed_spurious_timing_late,0.05,unrepaired,50.0,59.0,56.05,-2.950000000000003,0.95,56.227,56.9093,0.6823,1.0108770213415628,30.019,29.8659,-0.1531,0.9924230893989601,26.208,27.0434,0.8354,1.0328106975353806,0.9162547370529553,0.8937598301702369,0.9425834418502586,0.954198362080781,0.018815274035581152,0.019126939592498775,0.9417240711227233,0.9509137414908874,0.04844986666666667,0.2692262035983042,128.805,150.9458,1.2834730530792577,0.0,0.0,0.0,0.0,0.0,27.58324771587739,28.027329994715224,1.1455557340408964,0.021889711999201335,13.665991179987385,13.763155874869817,1.0461213251734698,0.040619077770477796,13.984787929366068,14.377718467087611,0.8337723655985259,0.03212467516168407,0.06478276304836937,0.07091326534541441,0.03863667839663814,0.020500642796757416,0.02290501428595526,0.021518346178327236,0.033779806656842555,0.018826783176362535,0.01891996108838738,0.1952801258892739,71.07510212454281,83.66992606673445,0.5263955405883354,50.0,59.0,56.05,-2.950000000000003,0.95,26.0,26.0,-1.0,0.9696969696969697,14.0,14.0,-2.0,0.9259259259259259,11.0,12.0,0.0,1.0,0.8,0.75,0.875,0.92,0.0,0.0,0.8813357546408394,0.92,0.019333333333333334,0.03773584905660377,32.0,40.0,0.613993710691824,50.0,59.0,56.05,-2.950000000000003,0.95,47.0,48.0,1.0,1.0135135135135136,26.0,26.0,0.0,1.0,21.0,22.0,1.0,1.032258064516129,0.9166666666666666,0.9090909090909091,0.9473684210526315,0.9555555555555556,0.0125,0.013888888888888888,0.9444444444444444,0.9523809523809523,0.04733333333333333,0.18232976509069282,110.0,151.0,1.1867589388696655,50.0,59.0,56.05,-2.950000000000003,0.95,110.0,112.0,3.0,1.0416666666666667,57.04999999999927,58.0,1.0,1.0555555555555556,53.04999999999927,55.0,2.0,1.0909090909090908,1.0,1.0,1.0,0.9833333333333333,0.06451612903225806,0.06329113924050633,1.0,0.975,0.08233333333333333,0.573401241230437,223.04999999999927,288.0,2.300079365079364
mixed_spurious_timing_late,0.1,repaired,50.0,59.0,53.1,-5.899999999999999,0.9,56.227,56.5386,0.3116,1.0063680834181383,30.019,29.5262,-0.4928,0.9822660497785463,26.208,27.0124,0.8044,1.0351951425935155,0.8590142898135972,0.8119634547193992,0.8791080803126142,0.8887306876934805,0.020397049492218322,0.01958985107657808,0.8823355648931472,0.8885715397300724,0.0696738,0.17920101246151157,128.805,193.0492,1.749430443477647,0.0,0.0,0.0,0.0,0.0,27.58324771587739,27.60741797040604,2.2975711791655824,0.04611869920955294,13.665991179987385,13.543133138440332,1.6597661408657045,0.06330713894868226,13.984787929366068,14.206358727796163,1.4214579467115558,0.06352150148368751,0.08146461863649183,0.0871333711484479,0.05799639390864255,0.041438100865674364,0.02312014772967883,0.020320414642654622,0.04972389950519409,0.03291828672877195,0.025130244987822552,0.15783169273565872,71.07510212454281,92.3024807584032,0.8198391509960593,50.0,59.0,53.1,-5.899999999999999,0.9,26.0,26.0,-4.0,0.9230769230769231,14.0,14.0,-3.0,0.875,11.0,11.0,-1.0,0.9317789968652037,0.7142857142857143,0.6666666666666666,0.7777777777777778,0.8125,0.0,0.0,0.8,0.8319249195005105,0.032,0.009947785823358457,32.0,64.0,0.812807881773399,50.0,59.0,53.1,-5.899999999999999,0.9,47.0,48.0,0.0,1.0,26.0,26.0,0.0,1.0,21.0,22.0,1.0,1.037037037037037,0.8695652173913043,0.8235294117647058,0.8833333333333333,0.8936170212765957,0.01639344262295082,0.014925373134328358,0.8846153846153846,0.8909090909090909,0.06733333333333333,0.09917355371900827,110.0,191.0,1.5147058823529411,50.0,59.0,53.1,-5.899999999999999,0.9,110.0,112.0,4.0,1.0769230769230769,57.04999999999927,57.0,2.0,1.0769230769230769,53.04999999999927,55.0,3.0,1.1428571428571428,1.0,0.9354838709677419,0.9642857142857143,0.9473684210526315,0.0660377358490566,0.058823529411764705,0.9565217391304348,0.9375,0.117,0.43662781285413615,223.04999999999927,350.0,3.350067567567567
mixed_spurious_timing_late,0.1,unrepaired,50.0,59.0,53.1,-5.899999999999999,0.9,56.227,56.5386,0.3116,1.0063680834181383,30.019,29.5262,-0.4928,0.9822660497785463,26.208,27.0124,0.8044,1.0351951425935155,0.8590142898135972,0.8119634547193992,0.8791080803126142,0.8887306876934805,0.020397049492218322,0.01958985107657808,0.8823355648931472,0.8885715397300724,0.0696738,0.17920101246151157,128.805,193.0492,1.749430443477647,0.0,0.0,0.0,0.0,0.0,27.58324771587739,27.60741797040604,2.2975711791655824,0.04611869920955294,13.665991179987385,13.543133138440332,1.6597661408657045,0.06330713894868226,13.984787929366068,14.206358727796163,1.4214579467115558,0.06352150148368751,0.08146461863649183,0.0871333711484479,0.05799639390864255,0.041438100865674364,0.02312014772967883,0.020320414642654622,0.04972389950519409,0.03291828672877195,0.025130244987822552,0.15783169273565872,71.07510212454281,92.3024807584032,0.8198391509960593,50.0,59.0,53.1,-5.899999999999999,0.9,26.0,26.0,-4.0,0.9230769230769231,14.0,14.0,-3.0,0.875,11.0,11.0,-1.0,0.9317789968652037,0.7142857142857143,0.6666666666666666,0.7777777777777778,0.8125,0.0,0.0,0.8,0.8319249195005105,0.032,0.009947785823358457,32.0,64.0,0.812807881773399,50.0,59.0,53.1,-5.899999999999999,0.9,47.0,48.0,0.0,1.0,26.0,26.0,0.0,1.0,21.0,22.0,1.0,1.037037037037037,0.8695652173913043,0.8235294117647058,0.8833333333333333,0.8936170212765957,0.01639344262295082,0.014925373134328358,0.8846153846153846,0.8909090909090909,0.06733333333333333,0.09917355371900827,110.0,191.0,1.5147058823529411,50.0,59.0,53.1,-5.899999999999999,0.9,110.0,112.0,4.0,1.0769230769230769,57.04999999999927,57.0,2.0,1.0769230769230769,53.04999999999927,55.0,3.0,1.1428571428571428,1.0,0.9354838709677419,0.9642857142857143,0.9473684210526315,0.0660377358490566,0.058823529411764705,0.9565217391304348,0.9375,0.117,0.43662781285413615,223.04999999999927,350.0,3.350067567567567
mixed_spurious_timing_late,0.15,repaired,50.0,59.0,50.15,-8.850000000000001,0.85,56.227,54.459,-1.768,0.9690615735568358,30.019,28.2072,-1.8118,0.9360030517385541,26.208,26.2518,0.0438,1.0082395604695449,0.7869387397259074,0.7517002895266666,0.7974629357290789,0.8089119657986483,0.018156563846056635,0.01785572931442162,0.7958386598089328,0.8048319627610634,0.09065016666666667,0.1294699493009992,128.805,239.8957,2.269846362949921,0.0,0.0,0.0,0.0,0.0,27.58324771587739,26.736671519850727,3.7651020702445717,0.07739123797780838,13.665991179987385,13.17964485347944,2.668762445272885,0.1066802028599149,13.984787929366068,13.770699327775556,1.9720726322949451,0.08701742914474922,0.11885288995633564,0.09798171534142816,0.09548577129606957,0.06782873319534716,0.02101642615589109,0.018953736253082082,0.08811042910948068,0.05862609438275346,0.03319868402195873,0.119506273926017,71.07510212454281,109.4313252364436,1.2127794374296468,50.0,59.0,50.15,-8.850000000000001,0.85,26.0,24.0,-9.0,0.8275862068965517,14.0,12.0,-7.0,0.7222222222222222,11.0,11.0,-3.0,0.8666666666666667,0.5625,0.5714285714285714,0.5909090909090909,0.6764705882352942,0.0,0.0,0.6190476190476191,0.6976744186046512,0.042,0.006755619255619257,32.0,87.0,0.9081254724111868,50.0,59.0,50.15,-8.850000000000001,0.85,47.0,46.0,-1.0,0.974025974025974,26.0,25.0,-1.0,0.9487179487179487,21.0,22.0,0.0,1.0,0.8095238095238095,0.7647058823529411,0.8125,0.8203125,0.013888888888888888,0.013888888888888888,0.8076923076923077,0.8117647058823529,0.08733333333333333,0.07125559357725716,110.0,229.0,1.8857142857142857,50.0,59.0,50.15,-8.850000000000001,0.85,110.0,107.0,4.0,1.0857142857142856,57.04999999999927,54.0,2.0,1.0833333333333333,53.04999999999927,53.0,3.0,1.1578947368421053,0.9473684210526315,0.9,0.9230769230769231,0.9,0.06,0.053763440860215055,0.9166666666666666,0.8867924528301887,0.15333333333333332,0.3357358889008196,223.04999999999927,436.0,4.590909090909091
mixed_spurious_timing_late,0.15,unrepaired,50.0,59.0,50.15,-8.850000000000001,0.85,56.227,54.459,-1.768,0.9690615735568358,30.019,28.2072,-1.8118,0.9360030517385541,26.208,26.2518,0.0438,1.0082395604695449,0.7869387397259074,0.7517002895266666,0.7974629357290789,0.8089119657986483,0.018156563846056635,0.01785572931442162,0.7958386598089328,0.8048319627610634,0.09065016666666667,0.1294699493009992,128.805,239.8957,2.269846362949921,0.0,0.0,0.0,0.0,0.0,27.58324771587739,26.736671519850727,3.7651020702445717,0.07739123797780838,13.665991179987385,13.17964485347944,2.668762445272885,0.1066802028599149,13.984787929366068,13.770699327775556,1.9720726322949451,0.08701742914474922,0.11885288995633564,0.09798171534142816,0.09548577129606957,0.06782873319534716,0.02101642615589109,0.018953736253082082,0.08811042910948068,0.05862609438275346,0.03319868402195873,0.119506273926017,71.07510212454281,109.4313252364436,1.2127794374296468,50.0,59.0,50.15,-8.850000000000001,0.85,26.0,24.0,-9.0,0.8275862068965517,14.0,12.0,-7.0,0.7222222222222222,11.0,11.0,-3.0,0.8666666666666667,0.5625,0.5714285714285714,0.5909090909090909,0.6764705882352942,0.0,0.0,0.6190476190476191,0.6976744186046512,0.042,0.006755619255619257,32.0,87.0,0.9081254724111868,50.0,59.0,50.15,-8.850000000000001,0.85,47.0,46.0,-1.0,0.974025974025974,26.0,25.0,-1.0,0.9487179487179487,21.0,22.0,0.0,1.0,0.8095238095238095,0.7647058823529411,0.8125,0.8203125,0.013888888888888888,0.013888888888888888,0.8076923076923077,0.8117647058823529,0.08733333333333333,0.07125559357725716,110.0,229.0,1.8857142857142857,50.0,59.0,50.15,-8.850000000000001,0.85,110.0,107.0,4.0,1.0857142857142856,57.04999999999927,54.0,2.0,1.0833333333333333,53.04999999999927,53.0,3.0,1.1578947368421053,0.9473684210526315,0.9,0.9230769230769231,0.9,0.06,0.053763440860215055,0.9166666666666666,0.8867924528301887,0.15333333333333332,0.3357358889008196,223.04999999999927,436.0,4.590909090909091
mixed_spurious_timing_late,0.2,repaired,50.0,59.0,47.2,-11.799999999999997,0.8,56.227,52.1136,-4.1134,0.9306377226069533,30.019,26.8661,-3.1529,0.893191680051432,26.208,25.2475,-0.9605,0.9750458048409503,0.7277494174512021,0.6973812490520896,0.7271444293081466,0.7379593291965802,0.015528383466371184,0.015501309102664666,0.7179216205048555,0.7245618250945522,0.10703006666666667,0.09282228907778234,128.805,268.905,2.622672713690013,0.0,0.0,0.0,0.0,0.0,27.58324771587739,25.21333905468743,5.242088170647146,0.09761112132555633,13.665991179987385,12.45512279338827,3.4638593248199623,0.1305998205377533,13.984787929366068,13.022680322048812,2.5971165263470875,0.10604878058439401,0.13577238706108852,0.1022179410245655,0.11496534293394904,0.08320309665729865,0.020414559357154034,0.01788800348772558,0.10763568033603277,0.07573279502576334,0.03888154498108627,0.08799637822638946,71.07510212454281,115.59630022393677,1.4632978288916452,50.0,59.0,47.2,-11.799999999999997,0.8,26.0,23.0,-14.0,0.7586206896551724,14.0,11.0,-9.0,0.625,11.0,11.0,-6.0,0.8095238095238095,0.46153846153846156,0.5294117647058824,0.47619047619047616,0.574468085106383,0.0,0.0,0.5,0.5897435897435898,0.05,0.0040237408386059334,32.0,108.0,0.9442979099205181,50.0,59.0,47.2,-11.799999999999997,0.8,47.0,45.0,-3.0,0.9361702127659575,26.0,24.0,-3.0,0.9090909090909091,21.0,21.0,-1.0,0.967741935483871,0.75,0.7058823529411765,0.75,0.75,0.009174311926605505,0.011627906976744186,0.7317073170731707,0.7307692307692307,0.10333333333333333,0.05436067427279268,110.0,252.5,2.1666666666666665,50.0,59.0,47.2,-11.799999999999997,0.8,110.0,102.0,3.0,1.0789473684210527,57.04999999999927,51.0,2.0,1.0714285714285714,53.04999999999927,51.0,3.0,1.156332236842104,0.9090909090909091,0.8518518518518519,0.8787878787878788,0.8518518518518519,0.05555555555555555,0.05085610515392586,0.8666666666666667,0.8333333333333334,0.179,0.256099222436366,223.04999999999927,475.0,5.392951127819548
mixed_spurious_timing_late,0.2,unrepaired,50.0,59.0,47.2,-11.799999999999997,0.8,56.227,52.1136,-4.1134,0.9306377226069533,30.019,26.8661,-3.1529,0.893191680051432,26.208,25.2475,-0.9605,0.9750458048409503,0.7277494174512021,0.6973812490520896,0.7271444293081466,0.7379593291965802,0.015528383466371184,0.015501309102664666,0.7179216205048555,0.7245618250945522,0.10703006666666667,0.09282228907778234,128.805,268.905,2.622672713690013,0.0,0.0,0.0,0.0,0.0,27.58324771587739,25.21333905468743,5.242088170647146,0.09761112132555633,13.665991179987385,12.45512279338827,3.4638593248199623,0.1305998205377533,13.984787929366068,13.022680322048812,2.5971165263470875,0.10604878058439401,0.13577238706108852,0.1022179410245655,0.11496534293394904,0.08320309665729865,0.020414559357154034,0.01788800348772558,0.10763568033603277,0.07573279502576334,0.03888154498108627,0.08799637822638946,71.07510212454281,115.59630022393677,1.4632978288916452,50.0,59.0,47.2,-11.799999999999997,0.8,26.0,23.0,-14.0,0.7586206896551724,14.0,11.0,-9.0,0.625,11.0,11.0,-6.0,0.8095238095238095,0.46153846153846156,0.5294117647058824,0.47619047619047616,0.574468085106383,0.0,0.0,0.5,0.5897435897435898,0.05,0.0040237408386059334,32.0,108.0,0.9442979099205181,50.0,59.0,47.2,-11.799999999999997,0.8,47.0,45.0,-3.0,0.9361702127659575,26.0,24.0,-3.0,0.9090909090909091,21.0,21.0,-1.0,0.967741935483871,0.75,0.7058823529411765,0.75,0.75,0.009174311926605505,0.011627906976744186,0.7317073170731707,0.7307692307692307,0.10333333333333333,0.05436067427279268,110.0,252.5,2.1666666666666665,50.0,59.0,47.2,-11.799999999999997,0.8,110.0,102.0,3.0,1.0789473684210527,57.04999999999927,51.0,2.0,1.0714285714285714,53.04999999999927,51.0,3.0,1.156332236842104,0.9090909090909091,0.8518518518518519,0.8787878787878788,0.8518518518518519,0.05555555555555555,0.05085610515392586,0.8666666666666667,0.8333333333333334,0.179,0.256099222436366,223.04999999999927,475.0,5.392951127819548
mixed_spurious_timing_late,0.25,repaired,50.0,59.0,44.25,-14.75,0.75,56.227,49.5663,-6.6607,0.8907863383650423,30.019,25.5118,-4.5072,0.8527440129298755,26.208,24.0545,-2.1535,0.9358435499607107,0.6849226428651295,0.6530674794105739,0.6661961273869865,0.6749741042634211,0.01248451705760591,0.012390561830227752,0.6473381172308225,0.6494579205864777,0.11884020000000001,0.07104606611925818,128.805,290.605,2.8876202595795513,0.0,0.0,0.0,0.0,0.0,27.58324771587739,23.389423054472353,6.85320889490579,0.108503026770027,13.665991179987385,11.588213383819923,4.2166012536891895,0.14013017181803983,13.984787929366068,12.113059166463174,3.3854517982667938,0.12008715035648673,0.14122083975325464,0.10356504353357832,0.12074718375578307,0.08910971981747288,0.016865825413803187,0.014861847273323486,0.11514116569042047,0.08484913698725781,0.042918217514626496,0.06705546924505022,71.07510212454281,122.10918982789121,1.6849173274969802,50.0,59.0,44.25,-14.75,0.75,26.0,22.0,-20.0,0.7058823529411765,14.0,10.0,-13.0,0.5882352941176471,11.0,10.0,-9.0,0.75,0.4117647058823529,0.47368421052631576,0.42105263157894735,0.5,0.0,0.0,0.4444444444444444,0.5,0.055,0.0035211267605633804,32.0,120.95000000000005,0.9642449445531638,50.0,59.0,44.25,-14.75,0.75,47.0,43.0,-6.0,0.8918918918918919,26.0,23.0,-4.0,0.864406779661017,21.0,20.0,-2.0,0.9285714285714286,0.7058823529411765,0.6666666666666666,0.6842105263157895,0.6857142857142857,0.0,0.008849557522123894,0.65625,0.6521739130434783,0.115,0.04285714285714286,110.0,272.0,2.3660417722231606,50.0,59.0,44.25,-14.75,0.75,110.0,97.0,2.0,1.064516129032258,57.04999999999927,48.0,1.0,1.0588235294117647,53.04999999999927,48.0,2.0,1.1428571428571428,0.8846153846153846,0.8157894736842105,0.8333333333333334,0.8017280211245728,0.045454545454545456,0.041666666666666664,0.8181818181818182,0.78125,0.19568333333333307,0.19851383760551838,223.04999999999927,504.0,6.085776397515526
mixed_spurious_timing_late,0.25,unrepaired,50.0,59.0,44.25,-14.75,0.75,56.227,49.5663,-6.6607,0.8907863383650423,30.019,25.5118,-4.5072,0.8527440129298755,26.208,24.0545,-2.1535,0.9358435499607107,0.6849226428651295,0.6530674794105739,0.6661961273869865,0.6749741042634211,0.01248451705760591,0.012390561830227752,0.6473381172308225,0.6494579205864777,0.11884020000000001,0.07104606611925818,128.805,290.605,2.8876202595795513,0.0,0.0,0.0,0.0,0.0,27.58324771587739,23.389423054472353,6.85320889490579,0.108503026770027,13.665991179987385,11.588213383819923,4.2166012536891895,0.14013017181803983,13.984787929366068,12.113059166463174,3.3854517982667938,0.12008715035648673,0.14122083975325464,0.10356504353357832,0.12074718375578307,0.08910971981747288,0.016865825413803187,0.014861847273323486,0.11514116569042047,0.08484913698725781,0.042918217514626496,0.06705546924505022,71.07510212454281,122.10918982789121,1.6849173274969802,50.0,59.0,44.25,-14.75,0.75,26.0,22.0,-20.0,0.7058823529411765,14.0,10.0,-13.0,0.5882352941176471,11.0,10.0,-9.0,0.75,0.4117647058823529,0.47368421052631576,0.42105263157894735,0.5,0.0,0.0,0.4444444444444444,0.5,0.055,0.0035211267605633804,32.0,120.95000000000005,0.9642449445531638,50.0,59.0,44.25,-14.75,0.75,47.0,43.0,-6.0,0.8918918918918919,26.0,23.0,-4.0,0.864406779661017,21.0,20.0,-2.0,0.9285714285714286,0.7058823529411765,0.6666666666666666,0.6842105263157895,0.6857142857142857,0.0,0.008849557522123894,0.65625,0.6521739130434783,0.115,0.04285714285714286,110.0,272.0,2.3660417722231606,50.0,59.0,44.25,-14.75,0.75,110.0,97.0,2.0,1.064516129032258,57.04999999999927,48.0,1.0,1.0588235294117647,53.04999999999927,48.0,2.0,1.1428571428571428,0.8846153846153846,0.8157894736842105,0.8333333333333334,0.8017280211245728,0.045454545454545456,0.041666666666666664,0.8181818181818182,0.78125,0.19568333333333307,0.19851383760551838,223.04999999999927,504.0,6.085776397515526
mixed_spurious_timing_late,0.3,repaired,50.0,59.0,41.3,-17.700000000000003,0.7,56.227,46.9365,-9.2905,0.8473193802110711,30.019,24.1119,-5.9071,0.8086800995377569,26.208,22.8246,-3.3834,0.893182593712921,0.6480737957222504,0.6225178102101377,0.6129062502145685,0.6219451266515743,0.010893014566549026,0.010729743728078079,0.583990711588385,0.5829826242962115,0.12438063333333334,0.05467915714453218,128.805,293.9621,2.960591730483229,0.0,0.0,0.0,0.0,0.0,27.58324771587739,21.821211796745544,8.333297914716223,0.11604768508599733,13.665991179987385,10.858921217459887,4.870076113792818,0.1465989454288083,13.984787929366068,11.310465397265936,4.147761424248412,0.13063962560913203,0.1431517704927915,0.10499334409623672,0.12146454276244159,0.09172638187585125,0.016645941388456154,0.01454094838732171,0.1177766284745355,0.08981469970227675,0.0443087662564023,0.04977801236190741,71.07510212454281,122.04053856360703,1.7492868561051824,50.0,59.0,41.3,-17.700000000000003,0.7,26.0,20.0,-26.0,0.6571428571428571,14.0,9.0,-15.0,0.5333333333333333,11.0,10.0,-12.0,0.6969038208168644,0.36363636363636365,0.4444444444444444,0.3684210526315789,0.4523425499231951,0.0,0.0,0.38095238095238093,0.43516505636070857,0.05733333333333333,0.0,32.0,124.0,0.9197923186980238,50.0,59.0,41.3,-17.700000000000003,0.7,47.0,41.0,-8.0,0.8461538461538461,26.0,22.0,-5.0,0.8163265306122449,21.0,19.0,-3.0,0.8823529411764706,0.6666666666666666,0.625,0.6285714285714286,0.6309523809523809,0.0,0.005434782608695652,0.5882352941176471,0.5833333333333334,0.12166666666666667,0.03560121033594838,110.0,275.0,2.4457990599294948,50.0,59.0,41.3,-17.700000000000003,0.7,110.0,90.0,1.0,1.0344827586206897,57.04999999999927,45.0,1.0,1.037037037037037,53.04999999999927,46.0,2.0,1.125,0.8461538461538461,0.7857142857142857,0.7826449275362314,0.7555555555555555,0.044444444444444446,0.04054054054054054,0.7647058823529411,0.7272727272727273,0.20133333333333334,0.1488833746898263,223.04999999999927,509.0,6.296296296296297
mixed_spurious_timing_late,0.3,unrepaired,50.0,59.0,41.3,-17.700000000000003,0.7,56.227,46.9365,-9.2905,0.8473193802110711,30.019,24.1119,-5.9071,0.8086800995377569,26.208,22.8246,-3.3834,0.893182593712921,0.6480737957222504,0.6225178102101377,0.6129062502145685,0.6219451266515743,0.010893014566549026,0.010729743728078079,0.583990711588385,0.5829826242962115,0.12438063333333334,0.05467915714453218,128.805,293.9621,2.960591730483229,0.0,0.0,0.0,0.0,0.0,27.58324771587739,21.821211796745544,8.333297914716223,0.11604768508599733,13.665991179987385,10.858921217459887,4.870076113792818,0.1465989454288083,13.984787929366068,11.310465397265936,4.147761424248412,0.13063962560913203,0.1431517704927915,0.10499334409623672,0.12146454276244159,0.09172638187585125,0.016645941388456154,0.01454094838732171,0.1177766284745355,0.08981469970227675,0.0443087662564023,0.04977801236190741,71.07510212454281,122.04053856360703,1.7492868561051824,50.0,59.0,41.3,-17.700000000000003,0.7,26.0,20.0,-26.0,0.6571428571428571,14.0,9.0,-15.0,0.5333333333333333,11.0,10.0,-12.0,0.6969038208168644,0.36363636363636365,0.4444444444444444,0.3684210526315789,0.4523425499231951,0.0,0.0,0.38095238095238093,0.43516505636070857,0.05733333333333333,0.0,32.0,124.0,0.9197923186980238,50.0,59.0,41.3,-17.700000000000003,0.7,47.0,41.0,-8.0,0.8461538461538461,26.0,22.0,-5.0,0.8163265306122449,21.0,19.0,-3.0,0.8823529411764706,0.6666666666666666,0.625,0.6285714285714286,0.6309523809523809,0.0,0.005434782608695652,0.5882352941176471,0.5833333333333334,0.12166666666666667,0.03560121033594838,110.0,275.0,2.4457990599294948,50.0,59.0,41.3,-17.700000000000003,0.7,110.0,90.0,1.0,1.0344827586206897,57.04999999999927,45.0,1.0,1.037037037037037,53.04999999999927,46.0,2.0,1.125,0.8461538461538461,0.7857142857142857,0.7826449275362314,0.7555555555555555,0.044444444444444446,0.04054054054054054,0.7647058823529411,0.7272727272727273,0.20133333333333334,0.1488833746898263,223.04999999999927,509.0,6.296296296296297
mixed_spurious_timing_late,0.4,repaired,50.0,59.0,35.4,-23.6,0.6,56.227,41.0436,-15.1834,0.7519141519076312,30.019,20.9938,-9.0252,0.7134497086919516,26.208,20.0498,-6.1582,0.7976056826235843,0.5768124204855888,0.5636720389020385,0.5126090746477497,0.5207159607583851,0.008616481778879498,0.008657631678796823,0.4662189933384725,0.457873696050114,0.1252939,0.029377842459944924,128.805,272.8297,2.8313764840534783,0.0,0.0,0.0,0.0,0.0,27.58324771587739,18.106376863644297,11.783507523015125,0.12723732459130546,13.665991179987385,9.099342908371788,6.398301242195358,0.15410249078215013,13.984787929366068,9.42404378279949,5.92150987400331,0.14638295426301795,0.1429123623409537,0.10409194629463903,0.12056046465648586,0.09273293759296482,0.014285528234174737,0.012162713731653845,0.11807505184942142,0.09376854281732803,0.04378750343803269,0.02574790099286959,71.07510212454281,110.82500853219733,1.771941518475134,50.0,59.0,35.4,-23.6,0.6,26.0,18.0,-39.0,0.56,14.0,8.0,-22.0,0.4666666666666667,11.0,9.0,-19.0,0.5833333333333334,0.3,0.391304347826087,0.2857142857142857,0.3611111111111111,0.0,0.0,0.2857142857142857,0.319979381443299,0.058666666666666666,0.0,32.0,120.0,0.8037199411950016,50.0,59.0,35.4,-23.6,0.6,47.0,37.0,-12.0,0.7428571428571429,26.0,19.0,-8.0,0.7083333333333334,21.0,17.0,-5.0,0.7857142857142857,0.6,0.5625,0.5217391304347826,0.5238095238095238,0.0,0.0,0.4594594594594595,0.4489795918367347,0.12366666666666666,0.021784335296274725,110.0,253.0,2.2857142857142856,50.0,59.0,35.4,-23.6,0.6,110.0,77.0,-1.0,0.9714285714285714,57.04999999999927,39.0,-1.0,0.9629629629629629,53.04999999999927,39.0,1.0,1.0625,0.7857142857142857,0.7333333333333333,0.6956521739130435,0.6666666666666666,0.037037037037037035,0.03389830508474576,0.6666666666666666,0.6216216216216216,0.19901666666666643,0.07948104536448863,223.04999999999927,473.0,6.158088235294115
mixed_spurious_timing_late,0.4,unrepaired,50.0,59.0,35.4,-23.6,0.6,56.227,41.0436,-15.1834,0.7519141519076312,30.019,20.9938,-9.0252,0.7134497086919516,26.208,20.0498,-6.1582,0.7976056826235843,0.5768124204855888,0.5636720389020385,0.5126090746477497,0.5207159607583851,0.008616481778879498,0.008657631678796823,0.4662189933384725,0.457873696050114,0.1252939,0.029377842459944924,128.805,272.8297,2.8313764840534783,0.0,0.0,0.0,0.0,0.0,27.58324771587739,18.106376863644297,11.783507523015125,0.12723732459130546,13.665991179987385,9.099342908371788,6.398301242195358,0.15410249078215013,13.984787929366068,9.42404378279949,5.92150987400331,0.14638295426301795,0.1429123623409537,0.10409194629463903,0.12056046465648586,0.09273293759296482,0.014285528234174737,0.012162713731653845,0.11807505184942142,0.09376854281732803,0.04378750343803269,0.02574790099286959,71.07510212454281,110.82500853219733,1.771941518475134,50.0,59.0,35.4,-23.6,0.6,26.0,18.0,-39.0,0.56,14.0,8.0,-22.0,0.4666666666666667,11.0,9.0,-19.0,0.5833333333333334,0.3,0.391304347826087,0.2857142857142857,0.3611111111111111,0.0,0.0,0.2857142857142857,0.319979381443299,0.058666666666666666,0.0,32.0,120.0,0.8037199411950016,50.0,59.0,35.4,-23.6,0.6,47.0,37.0,-12.0,0.7428571428571429,26.0,19.0,-8.0,0.7083333333333334,21.0,17.0,-5.0,0.7857142857142857,0.6,0.5625,0.5217391304347826,0.5238095238095238,0.0,0.0,0.4594594594594595,0.4489795918367347,0.12366666666666666,0.021784335296274725,110.0,253.0,2.2857142857142856,50.0,59.0,35.4,-23.6,0.6,110.0,77.0,-1.0,0.9714285714285714,57.04999999999927,39.0,-1.0,0.9629629629629629,53.04999999999927,39.0,1.0,1.0625,0.7857142857142857,0.7333333333333333,0.6956521739130435,0.6666666666666666,0.037037037037037035,0.03389830508474576,0.6666666666666666,0.6216216216216216,0.19901666666666643,0.07948104536448863,223.04999999999927,473.0,6.158088235294115
mixed_spurious_timing_late,0.5,repaired,50.0,59.0,29.5,-29.5,0.5,56.227,34.7755,-21.4515,0.6507610148371916,30.019,17.7919,-12.2271,0.6154835903362381,26.208,16.9836,-9.2244,0.6929186211582934,0.5151834623470689,0.515250853196819,0.42672632596647775,0.4334574623493455,0.006478898330885228,0.0065972223369633355,0.36975981585812506,0.3547416057718986,0.11492736666666667,0.01802051862805553,128.805,230.3199,2.4397541790844977,0.0,0.0,0.0,0.0,0.0,27.58324771587739,14.12814425874889,15.725093818720486,0.13473821703245523,13.665991179987385,7.288601152530991,8.137416503088332,0.15386300534465217,13.984787929366068,7.349213028155692,8.001790268730517,0.16263833436285105,0.1414914075146711,0.1010295826066664,0.11416888689688094,0.08980233275383316,0.012492857190600745,0.010310367641547292,0.11182204163363452,0.09137545839785131,0.03931865486077696,0.01991790822380885,71.07510212454281,92.38040581166435,1.5921732899887229,50.0,59.0,29.5,-29.5,0.5,26.0,16.0,-53.0,0.45535714285714285,14.0,7.0,-28.049999999999955,0.3877551020408163,11.0,8.0,-26.0,0.4583333333333333,0.2631578947368421,0.3547438330170779,0.23529411764705882,0.29411764705882354,0.0,0.0,0.21212121212121213,0.22655512971698114,0.054,0.0,32.0,103.0,0.6465092788348602,50.0,59.0,29.5,-29.5,0.5,47.0,32.0,-17.0,0.6363636363636364,26.0,17.0,-10.0,0.6,21.0,15.0,-7.0,0.6741658240647118,0.5263157894736842,0.5,0.42857142857142855,0.42857142857142855,0.0,0.0,0.35294117647058826,0.34285714285714286,0.11433333333333333,0.011730205278592375,110.0,215.0,1.9323655713218821,50.0,59.0,29.5,-29.5,0.5,110.0,63.0,-3.0,0.8928571428571429,57.04999999999927,32.0,-2.0,0.8888888888888888,53.04999999999927,32.0,0.0,1.0,0.7333333333333333,0.6875,0.6190476190476191,0.5897435897435898,0.03225806451612903,0.027777777777777776,0.5714285714285714,0.5217391304347826,0.18,0.06130358562856935,223.04999999999927,400.0,5.5
mixed_spurious_timing_late,0.5,unrepaired,50.0,59.0,29.5,-29.5,0.5,56.227,34.7755,-21.4515,0.6507610148371916,30.019,17.7919,-12.2271,0.6154835903362381,26.208,16.9836,-9.2244,0.6929186211582934,0.5151834623470689,0.515250853196819,0.42672632596647775,0.4334574623493455,0.006478898330885228,0.0065972223369633355,0.36975981585812506,0.3547416057718986,0.11492736666666667,0.01802051862805553,128.805,230.3199,2.4397541790844977,0.0,0.0,0.0,0.0,0.0,27.58324771587739,14.12814425874889,15.725093818720486,0.13473821703245523,13.665991179987385,7.288601152530991,8.137416503088332,0.15386300534465217,13.984787929366068,7.349213028155692,8.001790268730517,0.16263833436285105,0.1414914075146711,0.1010295826066664,0.11416888689688094,0.08980233275383316,0.012492857190600745,0.010310367641547292,0.11182204163363452,0.09137545839785131,0.03931865486077696,0.01991790822380885,71.07510212454281,92.38040581166435,1.5921732899887229,50.0,59.0,29.5,-29.5,0.5,26.0,16.0,-53.0,0.45535714285714285,14.0,7.0,-28.049999999999955,0.3877551020408163,11.0,8.0,-26.0,0.4583333333333333,0.2631578947368421,0.3547438330170779,0.23529411764705882,0.29411764705882354,0.0,0.0,0.21212121212121213,0.22655512971698114,0.054,0.0,32.0,103.0,0.6465092788348602,50.0,59.0,29.5,-29.5,0.5,47.0,32.0,-17.0,0.6363636363636364,26.0,17.0,-10.0,0.6,21.0,15.0,-7.0,0.6741658240647118,0.5263157894736842,0.5,0.42857142857142855,0.42857142857142855,0.0,0.0,0.35294117647058826,0.34285714285714286,0.11433333333333333,0.011730205278592375,110.0,215.0,1.9323655713218821,50.0,59.0,29.5,-29.5,0.5,110.0,63.0,-3.0,0.8928571428571429,57.04999999999927,32.0,-2.0,0.8888888888888888,53.04999999999927,32.0,0.0,1.0,0.7333333333333333,0.6875,0.6190476190476191,0.5897435897435898,0.03225806451612903,0.027777777777777776,0.5714285714285714,0.5217391304347826,0.18,0.06130358562856935,223.04999999999927,400.0,5.5
mixed_spurious_timing_late,0.6,repaired,50.0,59.0,23.6,-35.4,0.4,56.227,28.4289,-27.7981,0.5407040763265146,30.019,14.625,-15.394,0.514500725846147,26.208,13.8039,-12.4041,0.5722396313306212,0.45906140569960807,0.4706575759544329,0.3517557085168823,0.353524317168773,0.005137773090675862,0.005253391257363891,0.29361685363422824,0.27224412668486897,0.09807753333333334,0.014525078405734394,128.805,175.176,1.8857619481120065,0.0,0.0,0.0,0.0,0.0,27.58324771587739,11.018415736326794,18.890183172537782,0.1374819757394274,13.665991179987385,5.770000371787586,9.6171312209667,0.15055834793717848,13.984787929366068,5.80615328178589,9.603354915474242,0.1647537050459336,0.14335591238637455,0.10914558778515225,0.11058878562927879,0.09227735355037145,0.011707929456515248,0.009221256872031874,0.10229428266694585,0.08560131594250059,0.03374532390558717,0.018443225446325498,71.07510212454281,70.57989356847776,1.2723505482129684,50.0,59.0,23.6,-35.4,0.4,26.0,13.0,-65.0,0.3448275862068966,14.0,6.0,-34.0,0.3,11.0,6.0,-32.0,0.3333333333333333,0.21739130434782608,0.29411764705882354,0.18181818181818182,0.21428571428571427,0.0,0.0,0.15517241379310345,0.15517241379310345,0.04598333333333335,0.0,32.0,76.0,0.45269565633371606,50.0,59.0,23.6,-35.4,0.4,47.0,27.0,-22.0,0.5263157894736842,26.0,14.0,-13.0,0.5,21.0,13.0,-9.0,0.5517241379310345,0.46153846153846156,0.46875,0.3448275862068966,0.34615384615384615,0.0,0.0,0.27586206896551724,0.25925925925925924,0.09833333333333333,0.008595988538681949,110.0,164.0,1.4907375643224698,50.0,59.0,23.6,-35.4,0.4,110.0,50.0,-6.0,0.7916666666666666,57.04999999999927,26.0,-4.0,0.7894736842105263,53.04999999999927,25.0,-2.0,0.875,0.7,0.6451612903225806,0.5454545454545454,0.5151515151515151,0.03125,0.024390243902439025,0.47619047619047616,0.42857142857142855,0.1526833333333331,0.05673854705769598,223.04999999999927,302.0,4.3243581081081075
mixed_spurious_timing_late,0.6,unrepaired,50.0,59.0,23.6,-35.4,0.4,56.227,28.4289,-27.7981,0.5407040763265146,30.019,14.625,-15.394,0.514500725846147,26.208,13.8039,-12.4041,0.5722396313306212,0.45906140569960807,0.4706575759544329,0.3517557085168823,0.353524317168773,0.005137773090675862,0.005253391257363891,0.29361685363422824,0.27224412668486897,0.09807753333333334,0.014525078405734394,128.805,175.176,1.8857619481120065,0.0,0.0,0.0,0.0,0.0,27.58324771587739,11.018415736326794,18.890183172537782,0.1374819757394274,13.665991179987385,5.770000371787586,9.6171312209667,0.15055834793717848,13.984787929366068,5.80615328178589,9.603354915474242,0.1647537050459336,0.14335591238637455,0.10914558778515225,0.11058878562927879,0.09227735355037145,0.011707929456515248,0.009221256872031874,0.10229428266694585,0.08560131594250059,0.03374532390558717,0.018443225446325498,71.07510212454281,70.57989356847776,1.2723505482129684,50.0,59.0,23.6,-35.4,0.4,26.0,13.0,-65.0,0.3448275862068966,14.0,6.0,-34.0,0.3,11.0,6.0,-32.0,0.3333333333333333,0.21739130434782608,0.29411764705882354,0.18181818181818182,0.21428571428571427,0.0,0.0,0.15517241379310345,0.15517241379310345,0.04598333333333335,0.0,32.0,76.0,0.45269565633371606,50.0,59.0,23.6,-35.4,0.4,47.0,27.0,-22.0,0.5263157894736842,26.0,14.0,-13.0,0.5,21.0,13.0,-9.0,0.5517241379310345,0.46153846153846156,0.46875,0.3448275862068966,0.34615384615384615,0.0,0.0,0.27586206896551724,0.25925925925925924,0.09833333333333333,0.008595988538681949,110.0,164.0,1.4907375643224698,50.0,59.0,23.6,-35.4,0.4,110.0,50.0,-6.0,0.7916666666666666,57.04999999999927,26.0,-4.0,0.7894736842105263,53.04999999999927,25.0,-2.0,0.875,0.7,0.6451612903225806,0.5454545454545454,0.5151515151515151,0.03125,0.024390243902439025,0.47619047619047616,0.42857142857142855,0.1526833333333331,0.05673854705769598,223.04999999999927,302.0,4.3243581081081075
mixed_spurious_timing_late,0.7,repaired,50.0,59.0,17.700000000000003,-41.3,0.30000000000000004,56.227,21.8939,-34.3331,0.42144438009449614,30.019,11.3149,-18.7041,0.4046541328734799,26.208,10.579,-15.629,0.44153147388743363,0.3978755403603499,0.4249716024068878,0.27724278617961223,0.27539237120224336,0.004123959389271606,0.004199784882356334,0.2253162332481948,0.20329936392939416,0.07965683333333334,0.01141953664219289,128.805,116.2661,1.2764443050343255,0.0,0.0,0.0,0.0,0.0,27.58324771587739,8.476132801739675,21.438257958155678,0.12892692838954628,13.665991179987385,4.492188327040245,10.913388721902088,0.14213962781683115,13.984787929366068,4.603268187690216,10.808766902112074,0.1511883945737586,0.1499848592774668,0.12421206294513293,0.10339781566087303,0.08919887469600996,0.010769657490281082,0.008481623628239364,0.09030711810208315,0.07391181853365407,0.028502390498942258,0.015731527501149086,71.07510212454281,47.96904828896836,0.8989826154289726,50.0,59.0,17.700000000000003,-41.3,0.30000000000000004,26.0,10.0,-77.0,0.2435724185724186,14.0,5.0,-40.0,0.20892412935323385,11.0,4.0,-38.0,0.23333333333333334,0.16666666666666666,0.21428571428571427,0.125,0.14285714285714285,0.0,0.0,0.10714285714285714,0.10606060606060606,0.035333333333333335,0.0,32.0,49.0,0.27325422544160627,50.0,59.0,17.700000000000003,-41.3,0.30000000000000004,47.0,21.0,-27.0,0.40229885057471265,26.0,11.0,-16.0,0.3829787234042553,21.0,10.0,-12.0,0.42105263157894735,0.391304347826087,0.42857142857142855,0.26666666666666666,0.26666666666666666,0.0,0.0,0.20833333333333334,0.19101123595505617,0.08033333333333334,0.00641025641025641,110.0,109.0,1.0,50.0,59.0,17.700000000000003,-41.3,0.30000000000000004,110.0,38.0,-10.0,0.6599290780141792,57.04999999999927,20.0,-6.0,0.6666666666666666,53.04999999999927,19.0,-4.0,0.7142857142857143,0.6666666666666666,0.625,0.4666666666666667,0.4375,0.030303030303030304,0.02158273381294964,0.391304347826087,0.34146341463414637,0.125,0.045317648468457664,223.04999999999927,206.0,3.0714285714285716
mixed_spurious_timing_late,0.7,unrepaired,50.0,59.0,17.700000000000003,-41.3,0.30000000000000004,56.227,21.8939,-34.3331,0.42144438009449614,30.019,11.3149,-18.7041,0.4046541328734799,26.208,10.579,-15.629,0.44153147388743363,0.3978755403603499,0.4249716024068878,0.27724278617961223,0.27539237120224336,0.004123959389271606,0.004199784882356334,0.2253162332481948,0.20329936392939416,0.07965683333333334,0.01141953664219289,128.805,116.2661,1.2764443050343255,0.0,0.0,0.0,0.0,0.0,27.58324771587739,8.476132801739675,21.438257958155678,0.12892692838954628,13.665991179987385,4.492188327040245,10.913388721902088,0.14213962781683115,13.984787929366068,4.603268187690216,10.808766902112074,0.1511883945737586,0.1499848592774668,0.12421206294513293,0.10339781566087303,0.08919887469600996,0.010769657490281082,0.008481623628239364,0.09030711810208315,0.07391181853365407,0.028502390498942258,0.015731527501149086,71.07510212454281,47.96904828896836,0.8989826154289726,50.0,59.0,17.700000000000003,-41.3,0.30000000000000004,26.0,10.0,-77.0,0.2435724185724186,14.0,5.0,-40.0,0.20892412935323385,11.0,4.0,-38.0,0.23333333333333334,0.16666666666666666,0.21428571428571427,0.125,0.14285714285714285,0.0,0.0,0.10714285714285714,0.10606060606060606,0.035333333333333335,0.0,32.0,49.0,0.27325422544160627,50.0,59.0,17.700000000000003,-41.3,0.30000000000000004,47.0,21.0,-27.0,0.40229885057471265,26.0,11.0,-16.0,0.3829787234042553,21.0,10.0,-12.0,0.42105263157894735,0.391304347826087,0.42857142857142855,0.26666666666666666,0.26666666666666666,0.0,0.0,0.20833333333333334,0.19101123595505617,0.08033333333333334,0.00641025641025641,110.0,109.0,1.0,50.0,59.0,17.700000000000003,-41.3,0.30000000000000004,110.0,38.0,-10.0,0.6599290780141792,57.04999999999927,20.0,-6.0,0.6666666666666666,53.04999999999927,19.0,-4.0,0.7142857142857143,0.6666666666666666,0.625,0.4666666666666667,0.4375,0.030303030303030304,0.02158273381294964,0.391304347826087,0.34146341463414637,0.125,0.045317648468457664,223.04999999999927,206.0,3.0714285714285716
mixed_spurious_timing_late,0.8,repaired,50.0,59.0,11.800031000109502,-47.1999689998905,0.2000005254255848,56.227,15.2937,-40.9333,0.29761581467941467,30.019,7.9468,-22.0722,0.2888952041308219,26.208,7.3469,-18.8611,0.3074060381195735,0.3190039336718726,0.3721285891854523,0.19933873609820052,0.19631449101858006,0.0028334715174085086,0.0027901794010687445,0.16331390661226702,0.14639771380673838,0.06296176666666667,0.007277902769468063,128.805,63.0311,0.7099569357455121,0.0,0.0,0.0022396715146476656,0.00223967151464684,3.796053414656642e-05,27.58324771587739,6.065865130546363,23.618434201983323,0.10638396778914325,13.665991179987385,3.321305897879138,12.009888046984003,0.122033994026715,13.984787929366068,3.4704992186258585,11.838184871512398,0.12548674263259338,0.15105706072546646,0.1343490760713288,0.09161235390026932,0.07718054502509747,0.009444413604465704,0.007113333023892489,0.07586712933691908,0.05991413393581833,0.0249961029597212,0.011826311588340988,71.07510212454281,26.795714840686404,0.5407331214807126,50.0,59.0,11.799999999999997,-47.2,0.19999999999999996,26.0,7.0,-88.0,0.15293300653594774,14.0,3.0,-46.0,0.125,11.0,3.0,-43.0,0.13333333333333333,0.1,0.15384615384615385,0.06896551724137931,0.08618226600985225,0.0,0.0,0.0625,0.06755997570604313,0.025333333333333333,0.0,32.0,25.0,0.13455282951994646,50.0,59.0,11.799999999999997,-47.2,0.19999999999999996,47.0,15.0,-33.0,0.2801869158878505,26.0,8.0,-19.0,0.26666666666666666,21.0,7.0,-15.0,0.2857142857142857,0.3,0.3684210526315789,0.1875,0.1875,0.0,0.0,0.15,0.13513513513513514,0.06233333333333333,0.0034602076124567475,110.0,60.0,0.5490196078431373,50.0,59.0,11.799999999999997,-47.2,0.19999999999999996,110.0,27.0,-15.0,0.5,57.04999999999927,14.0,-8.0,0.5238095238095238,53.04999999999927,14.0,-6.0,0.5384615384615384,0.6,0.6,0.3684210526315789,0.3333333333333333,0.026351351351350832,0.018867924528301886,0.3076923076923077,0.25806451612903225,0.09966666666666667,0.029914529914529916,223.04999999999927,113.0,1.8076923076923077
mixed_spurious_timing_late,0.8,unrepaired,50.0,59.0,11.800031000109502,-47.1999689998905,0.2000005254255848,56.227,15.2937,-40.9333,0.29761581467941467,30.019,7.9468,-22.0722,0.2888952041308219,26.208,7.3469,-18.8611,0.3074060381195735,0.3190039336718726,0.3721285891854523,0.19933873609820052,0.19631449101858006,0.0028334715174085086,0.0027901794010687445,0.16331390661226702,0.14639771380673838,0.06296176666666667,0.007277902769468063,128.805,63.0311,0.7099569357455121,0.0,0.0,0.0022396715146476656,0.00223967151464684,3.796053414656642e-05,27.58324771587739,6.065865130546363,23.618434201983323,0.10638396778914325,13.665991179987385,3.321305897879138,12.009888046984003,0.122033994026715,13.984787929366068,3.4704992186258585,11.838184871512398,0.12548674263259338,0.15105706072546646,0.1343490760713288,0.09161235390026932,0.07718054502509747,0.009444413604465704,0.007113333023892489,0.07586712933691908,0.05991413393581833,0.0249961029597212,0.011826311588340988,71.07510212454281,26.795714840686404,0.5407331214807126,50.0,59.0,11.799999999999997,-47.2,0.19999999999999996,26.0,7.0,-88.0,0.15293300653594774,14.0,3.0,-46.0,0.125,11.0,3.0,-43.0,0.13333333333333333,0.1,0.15384615384615385,0.06896551724137931,0.08618226600985225,0.0,0.0,0.0625,0.06755997570604313,0.025333333333333333,0.0,32.0,25.0,0.13455282951994646,50.0,59.0,11.799999999999997,-47.2,0.19999999999999996,47.0,15.0,-33.0,0.2801869158878505,26.0,8.0,-19.0,0.26666666666666666,21.0,7.0,-15.0,0.2857142857142857,0.3,0.3684210526315789,0.1875,0.1875,0.0,0.0,0.15,0.13513513513513514,0.06233333333333333,0.0034602076124567475,110.0,60.0,0.5490196078431373,50.0,59.0,11.799999999999997,-47.2,0.19999999999999996,110.0,27.0,-15.0,0.5,57.04999999999927,14.0,-8.0,0.5238095238095238,53.04999999999927,14.0,-6.0,0.5384615384615384,0.6,0.6,0.3684210526315789,0.3333333333333333,0.026351351351350832,0.018867924528301886,0.3076923076923077,0.25806451612903225,0.09966666666666667,0.029914529914529916,223.04999999999927,113.0,1.8076923076923077
mixed_spurious_timing_late,0.9,repaired,50.0,59.0,5.902449568331249,-53.09755043166874,0.10004151810730931,56.227,8.5017,-47.7253,0.16600585753883526,30.019,4.3983,-25.6207,0.16085121718510015,26.208,4.1034,-22.1046,0.1716342270386438,0.20264991187143572,0.27959387332216984,0.1146038100854787,0.11369053722934448,0.0016627065546324772,0.0014725087578923966,0.1000267647000376,0.0940786276487486,0.04945176666666667,0.0025153557141628976,128.805,20.2625,0.23020774185095594,0.0,0.0,0.07905255060931643,0.07905255060931575,0.0013398737391409523,27.58324771587739,3.879626561954899,25.40143624298276,0.07379271089128081,13.665991179987385,2.2738896559456783,12.802750585411523,0.0879849941604005,13.984787929366068,2.3321347142119673,12.763970805947244,0.0936859617665809,0.12854681348123623,0.13091443429043972,0.06944820948616973,0.056449232751165146,0.007665004042748148,0.005403007777592283,0.059980585039028964,0.047049446211976535,0.023880355725436765,0.006661538570290361,71.07510212454281,10.604482036097997,0.1983491783508057,50.0,59.0,5.899999999999999,-53.1,0.09999999999999998,26.0,3.0,-98.0,0.06779661016949153,14.0,1.0,-51.0,0.043478260869565216,11.0,1.0,-48.0,0.05,0.0,0.09090909090909091,0.0,0.03571428571428571,0.0,0.0,0.0,0.03125,0.015333333333333332,0.0,32.0,6.0,0.033169480239708594,50.0,59.0,5.899999999999999,-53.1,0.09999999999999998,47.0,8.0,-39.0,0.15227743271221533,26.0,4.0,-22.0,0.14754098360655737,21.0,4.0,-18.0,0.15789473684210525,0.18181818181818182,0.26666666666666666,0.10526315789473684,0.10638297872340426,0.0,0.0,0.09090909090909091,0.08620689655172414,0.045,0.0,110.0,19.0,0.16981132075471697,50.0,59.0,5.899999999999999,-53.1,0.09999999999999998,110.0,15.0,-20.0,0.3055555555555556,57.04999999999927,8.0,-11.0,0.3333333333333333,53.04999999999927,8.0,-8.0,0.34782608695652173,0.4444444444444444,0.5,0.24,0.21951219512195122,0.014716856892010376,0.015151515151515152,0.21428571428571427,0.18421052631578946,0.082,0.015151515151515152,223.04999999999927,40.0,0.6333739837398368
mixed_spurious_timing_late,0.9,unrepaired,50.0,59.0,5.902449568331249,-53.09755043166874,0.10004151810730931,56.227,8.5017,-47.7253,0.16600585753883526,30.019,4.3983,-25.6207,0.16085121718510015,26.208,4.1034,-22.1046,0.1716342270386438,0.20264991187143572,0.27959387332216984,0.1146038100854787,0.11369053722934448,0.0016627065546324772,0.0014725087578923966,0.1000267647000376,0.0940786276487486,0.04945176666666667,0.0025153557141628976,128.805,20.2625,0.23020774185095594,0.0,0.0,0.07905255060931643,0.07905255060931575,0.0013398737391409523,27.58324771587739,3.879626561954899,25.40143624298276,0.07379271089128081,13.665991179987385,2.2738896559456783,12.802750585411523,0.0879849941604005,13.984787929366068,2.3321347142119673,12.763970805947244,0.0936859617665809,0.12854681348123623,0.13091443429043972,0.06944820948616973,0.056449232751165146,0.007665004042748148,0.005403007777592283,0.059980585039028964,0.047049446211976535,0.023880355725436765,0.006661538570290361,71.07510212454281,10.604482036097997,0.1983491783508057,50.0,59.0,5.899999999999999,-53.1,0.09999999999999998,26.0,3.0,-98.0,0.06779661016949153,14.0,1.0,-51.0,0.043478260869565216,11.0,1.0,-48.0,0.05,0.0,0.09090909090909091,0.0,0.03571428571428571,0.0,0.0,0.0,0.03125,0.015333333333333332,0.0,32.0,6.0,0.033169480239708594,50.0,59.0,5.899999999999999,-53.1,0.09999999999999998,47.0,8.0,-39.0,0.15227743271221533,26.0,4.0,-22.0,0.14754098360655737,21.0,4.0,-18.0,0.15789473684210525,0.18181818181818182,0.26666666666666666,0.10526315789473684,0.10638297872340426,0.0,0.0,0.09090909090909091,0.08620689655172414,0.045,0.0,110.0,19.0,0.16981132075471697,50.0,59.0,5.899999999999999,-53.1,0.09999999999999998,110.0,15.0,-20.0,0.3055555555555556,57.04999999999927,8.0,-11.0,0.3333333333333333,53.04999999999927,8.0,-8.0,0.34782608695652173,0.4444444444444444,0.5,0.24,0.21951219512195122,0.014716856892010376,0.015151515151515152,0.21428571428571427,0.18421052631578946,0.082,0.015151515151515152,223.04999999999927,40.0,0.6333739837398368
spurious_events,0.0,repaired,50.0,59.0,59.0,0.0,1.0,56.227,56.227,0.0,1.0,30.019,30.019,0.0,1.0,26.208,26.208,0.0,1.0,1.0,1.0,1.0,1.0,1.0,1.0,1.0,1.0,0.0,1.0,128.805,128.805,1.0,0.0,0.0,0.0,0.0,0.0,27.58324771587739,27.58324771587739,0.0,0.0,13.665991179987385,13.665991179987385,0.0,0.0,13.984787929366068,13.984787929366068,0.0,0.0,0.0,0.0,0.0,0.0,0.0,0.0,0.0,0.0,0.0,0.0,71.07510212454281,71.07510212454281,0.0,50.0,59.0,59.0,0.0,1.0,26.0,26.0,0.0,1.0,14.0,14.0,0.0,1.0,11.0,11.0,0.0,1.0,1.0,1.0,1.0,1.0,1.0,1.0,1.0,1.0,0.0,1.0,32.0,32.0,1.0,50.0,59.0,59.0,0.0,1.0,47.0,47.0,0.0,1.0,26.0,26.0,0.0,1.0,21.0,21.0,0.0,1.0,1.0,1.0,1.0,1.0,1.0,1.0,1.0,1.0,0.0,1.0,110.0,110.0,1.0,50.0,59.0,59.0,0.0,1.0,110.0,110.0,0.0,1.0,57.04999999999927,57.04999999999927,0.0,1.0,53.04999999999927,53.04999999999927,0.0,1.0,1.0,1.0,1.0,1.0,1.0,1.0,1.0,1.0,0.0,1.0,223.04999999999927,223.04999999999927,1.0
spurious_events,0.0,unrepaired,50.0,59.0,59.0,0.0,1.0,56.227,56.227,0.0,1.0,30.019,30.019,0.0,1.0,26.208,26.208,0.0,1.0,1.0,1.0,1.0,1.0,1.0,1.0,1.0,1.0,0.0,1.0,128.805,128.805,1.0,0.0,0.0,0.0,0.0,0.0,27.58324771587739,27.58324771587739,0.0,0.0,13.665991179987385,13.665991179987385,0.0,0.0,13.984787929366068,13.984787929366068,0.0,0.0,0.0,0.0,0.0,0.0,0.0,0.0,0.0,0.0,0.0,0.0,71.07510212454281,71.07510212454281,0.0,50.0,59.0,59.0,0.0,1.0,26.0,26.0,0.0,1.0,14.0,14.0,0.0,1.0,11.0,11.0,0.0,1.0,1.0,1.0,1.0,1.0,1.0,1.0,1.0,1.0,0.0,1.0,32.0,32.0,1.0,50.0,59.0,59.0,0.0,1.0,47.0,47.0,0.0,1.0,26.0,26.0,0.0,1.0,21.0,21.0,0.0,1.0,1.0,1.0,1.0,1.0,1.0,1.0,1.0,1.0,0.0,1.0,110.0,110.0,1.0,50.0,59.0,59.0,0.0,1.0,110.0,110.0,0.0,1.0,57.04999999999927,57.04999999999927,0.0,1.0,53.04999999999927,53.04999999999927,0.0,1.0,1.0,1.0,1.0,1.0,1.0,1.0,1.0,1.0,0.0,1.0,223.04999999999927,223.04999999999927,1.0
spurious_events,0.05,repaired,50.0,59.0,59.0,0.0,1.0,56.227,57.9538,1.7268,1.0308895952190045,30.019,30.8382,0.8192,1.0269978827902893,26.208,27.1156,0.9076,1.0357195138437505,0.9595378166750004,0.9207396027561661,0.9743264300273413,0.9701730853622145,0.9604006219631274,0.9618977595007032,0.9676840529015622,0.9662920264917828,0.017045833333333333,0.7032530481031813,128.805,178.7375,1.520521523081714,0.0,0.0,0.0,0.0,0.0,27.58324771587739,28.381046737944537,1.0506532002591158,0.012194763020799896,13.665991179987385,14.068404769599024,0.819986949810658,0.0259304301130723,13.984787929366068,14.404714027658514,0.8475459122710362,0.03227505260112295,0.044307591631616065,0.04636477548047279,0.024350147060490435,0.01159283707962498,0.03343216040271587,0.013606216286074679,0.025701701587505073,0.0098821044225808,0.011914572566984756,0.17421969012493127,71.07510212454281,83.0453975097642,0.46421654754273506,50.0,59.0,59.0,0.0,1.0,26.0,27.0,0.0,1.0,14.0,15.0,0.0,1.0,11.0,12.0,0.0,1.0,0.8888888888888888,0.8333333333333334,0.9333333333333333,0.9540229885057471,0.9,0.9375,0.9259259259259259,0.9534883720930233,0.001,0.4076402934162466,32.0,50.0,1.013020710292149,50.0,59.0,59.0,0.0,1.0,47.0,49.0,2.0,1.03125,26.0,27.0,1.0,1.027027027027027,21.0,22.0,1.0,1.037037037037037,0.9655172413793104,0.9166666666666666,0.9736842105263158,0.9696969696969697,0.96,0.9629629629629629,0.9642857142857143,0.9655172413793104,0.015333333333333332,0.717990752416982,110.0,182.0,1.3863636363636365,50.0,59.0,59.0,0.0,1.0,110.0,114.0,4.0,1.0481927710843373,57.04999999999927,59.0,2.0,1.0714285714285714,53.04999999999927,55.0,2.0,1.0909090909090908,1.0,1.0,1.0,1.0,1.0,0.9807692307692307,1.0,0.9824561403508771,0.03966666666666667,0.9739617153679654,223.04999999999927,305.0,2.446836506159014
spurious_events,0.05,unrepaired,50.0,59.0,59.0,0.0,1.0,56.227,58.544,2.317,1.0391460526858376,30.019,31.1728,1.1538,1.036109845954424,26.208,27.3712,1.1632,1.042928304256418,0.9595378166750004,0.9207396027561661,0.9658279347351487,0.9623846905450361,0.9658279347351487,0.9623846905450361,0.9658279347351487,0.9623846905450361,0.017045833333333333,0.7032530481031813,128.805,178.7375,1.520521523081714,0.0,0.0,0.0,0.0,0.0,27.58324771587739,28.973539835530282,1.4165845090100033,0.007899252667035703,13.665991179987385,14.383269030467314,1.0414672464377077,0.027470392885205756,13.984787929366068,14.694182606060343,1.0331856112290398,0.0328079423959173,0.044307591631616065,0.04636477548047279,0.02563171267347253,0.007375925075944269,0.02563171267347253,0.007375925075944269,0.02563171267347253,0.007375925075944269,0.011914572566984756,0.17421969012493127,71.07510212454281,83.0453975097642,0.46421654754273506,50.0,59.0,59.0,0.0,1.0,26.0,27.0,1.0,1.027027027027027,14.0,15.0,0.0,1.0,11.0,12.0,0.0,1.0,0.8888888888888888,0.8333333333333334,0.9259259259259259,0.9531197567114094,0.9259259259259259,0.9531197567114094,0.9259259259259259,0.9531197567114094,0.001,0.4076402934162466,32.0,50.0,1.013020710292149,50.0,59.0,59.0,0.0,1.0,47.0,49.0,2.0,1.0404040404040404,26.0,27.0,1.0,1.0384615384615385,21.0,22.0,1.0,1.0454545454545454,0.9655172413793104,0.9166666666666666,0.9629629629629629,0.9611650485436893,0.9629629629629629,0.9611650485436893,0.9629629629629629,0.9611650485436893,0.015333333333333332,0.717990752416982,110.0,182.0,1.3863636363636365,50.0,59.0,59.0,0.0,1.0,110.0,115.0,5.0,1.0491861002078042,57.04999999999927,60.0,3.0,1.08,53.04999999999927,56.0,3.0,1.1,1.0,1.0,1.0,0.9736842105263158,1.0,0.9736842105263158,1.0,0.9736842105263158,0.03966666666666667,0.9739617153679654,223.04999999999927,305.0,2.446836506159014
spurious_events,0.1,repaired,50.0,59.0,59.0,0.0,1.0,56.227,60.0468,3.8198,1.0705681500663606,30.019,31.8395,1.8205,1.0621505008996137,26.208,28.2073,1.9993,1.0810412695792295,0.9119614834993232,0.8382513154087144,0.9427439842350008,0.9343583520172793,0.9139988127508037,0.9172285783656976,0.9288320706040045,0.926110199243043,0.037252999999999994,0.5209342978615679,128.805,238.0636,2.164597798325054,0.0,0.0,0.0,0.0,0.0,27.58324771587739,29.076921372381356,1.787917119097661,0.018274523424065492,13.665991179987385,14.41112444609303,1.2735155806637848,0.03897708833944634,13.984787929366068,14.782400977103302,1.3333706527930547,0.04937734280564466,0.06290296931354797,0.06589589625270667,0.03431892275270366,0.016109845569503616,0.0465128716847496,0.017637752019860006,0.03582563878829432,0.012586907077359223,0.01943844525915557,0.17524547658664663,71.07510212454281,97.42319170951178,0.883719600170714,50.0,59.0,59.0,0.0,1.0,26.0,28.0,2.0,1.0380952380952382,14.0,15.0,0.0,1.0,11.0,12.0,0.0,1.0,0.8,0.7222222222222222,0.8846153846153846,0.9111111111111111,0.83718557190318,0.8870967741935484,0.8717765567765569,0.9090909090909091,0.010333333333333333,0.2573015873015873,32.0,86.0,1.1849891304347826,50.0,59.0,59.0,0.0,1.0,47.0,51.0,3.0,1.0714285714285714,26.0,28.0,2.0,1.0588235294117647,21.0,23.0,2.0,1.0769230769230769,0.9142857142857143,0.84,0.9444444444444444,0.9333333333333333,0.9130434782608695,0.918107302533532,0.9285714285714286,0.9242424242424242,0.034666666666666665,0.5144961374764846,110.0,240.0,1.9214142349853327,50.0,59.0,59.0,0.0,1.0,110.0,118.0,7.0,1.0975609756097562,57.04999999999927,61.0,4.0,1.1304347826086956,53.04999999999927,57.0,4.0,1.1666666666666667,1.0,0.9375,1.0,0.963302752293578,1.0,0.9456521739130435,1.0,0.9487179487179487,0.074,0.8172635189949702,223.04999999999927,389.0,3.8666666666666667
spurious_events,0.1,unrepaired,50.0,59.0,59.0,0.0,1.0,56.227,61.381,5.154,1.0897475679056317,30.019,32.5933,2.5743,1.0829984618208108,26.208,28.7877,2.5797,1.0982312814412516,0.9119614834993232,0.8382513154087144,0.9247069247986159,0.9176935392191362,0.9247069247986159,0.9176935392191362,0.9247069247986159,0.9176935392191362,0.037252999999999994,0.5209342978615679,128.805,238.0636,2.164597798325054,0.0,0.0,0.0,0.0,0.0,27.58324771587739,30.339477375009874,2.7693051303694403,0.008001639264835382,13.665991179987385,15.091715313280636,1.7937673400212788,0.04115989269719015,13.984787929366068,15.3889606770916,1.7747007821846,0.0496683677505725,0.06290296931354797,0.06589589625270667,0.03542484482920991,0.0067874454245121455,0.03542484482920991,0.0067874454245121455,0.03542484482920991,0.0067874454245121455,0.01943844525915557,0.17524547658664663,71.07510212454281,97.42319170951178,0.883719600170714,50.0,59.0,59.0,0.0,1.0,26.0,28.0,2.0,1.0740740740740742,14.0,15.0,0.0,1.0,11.0,12.0,0.0,1.0,0.8,0.7222222222222222,0.8695652173913043,0.9090909090909091,0.8695652173913043,0.9090909090909091,0.8695652173913043,0.9090909090909091,0.010333333333333333,0.2573015873015873,32.0,86.0,1.1849891304347826,50.0,59.0,59.0,0.0,1.0,47.0,51.0,4.0,1.0909090909090908,26.0,28.0,2.0,1.0833333333333333,21.0,23.0,2.0,1.096774193548387,0.9142857142857143,0.84,0.9230769230769231,0.9166666666666666,0.9230769230769231,0.9166666666666666,0.9230769230769231,0.9166666666666666,0.034666666666666665,0.5144961374764846,110.0,240.0,1.9214142349853327,50.0,59.0,59.0,0.0,1.0,110.0,121.0,11.0,1.1,57.04999999999927,63.0,6.0,1.15,53.04999999999927,59.0,6.0,1.1818181818181819,1.0,0.9375,1.0,0.9310344827586207,1.0,0.9310344827586207,1.0,0.9310344827586207,0.074,0.8172635189949702,223.04999999999927,389.0,3.8666666666666667
spurious_events,0.15,repaired,50.0,59.0,59.0,0.0,1.0,56.227,62.0417,5.8147,1.1083497105019957,30.019,32.7994,2.7804,1.0954481376713034,26.208,29.2423,3.0343,1.1245079593757026,0.8712288660766748,0.7754803190693891,0.914634795021143,0.9026608093173014,0.8718781862293775,0.877184419601445,0.8936906342794567,0.8902775976636114,0.055525599999999994,0.4227313997372172,128.805,291.5548,2.744603151595192,0.0,0.0,0.0,0.0,0.0,27.58324771587739,29.74448578398111,2.4742223197620623,0.023778703662488257,13.665991179987385,14.7513158657788,1.6596539654785014,0.04841745612183556,13.984787929366068,15.136654271676202,1.7288789466707117,0.062231595496287026,0.07359947161245316,0.07676126868656907,0.040045267580635285,0.019515340901531567,0.05394269208726702,0.02051797680389923,0.041503338512709737,0.014753687014611109,0.02494459618913506,0.16230016027274036,71.07510212454281,109.1404084646745,1.2317605774803895,50.0,59.0,59.0,0.0,1.0,26.0,28.0,3.0,1.0666666666666667,14.0,16.0,1.0,1.0172413793103448,11.0,13.0,1.0,1.032258064516129,0.7333333333333333,0.6428571428571429,0.8461538461538461,0.8727272727272727,0.782608695652174,0.84375,0.8275862068965517,0.8695652173913043,0.020666666666666667,0.19310174120860363,32.0,118.0,1.377446355900851,50.0,59.0,59.0,0.0,1.0,47.0,53.0,5.0,1.109375,26.0,29.0,3.0,1.09375,21.0,24.0,3.0,1.12,0.8787878787878788,0.782608695652174,0.9142857142857143,0.9014084507042254,0.8709677419354839,0.8780487804878049,0.8928571428571429,0.8888888888888888,0.052,0.40929251300166813,110.0,292.0,2.398831713486886,50.0,59.0,59.0,0.0,1.0,110.0,121.0,11.0,1.1458333333333333,57.04999999999927,62.0,6.0,1.1818181818181819,53.04999999999927,59.0,6.0,1.2352941176470589,1.0,0.8928571428571429,0.9830508474576272,0.9375,0.9565217391304348,0.9104477611940298,0.96,0.9166666666666666,0.10166666666666667,0.708655984303466,223.04999999999927,472.0,5.147058823529412
spurious_events,0.15,unrepaired,50.0,59.0,59.0,0.0,1.0,56.227,64.18,7.953,1.1394343080276943,30.019,34.0163,3.9973,1.1296461829071431,26.208,30.1637,3.9557,1.1517934542439308,0.8712288660766748,0.7754803190693891,0.8870719191816333,0.8776750017080891,0.8870719191816333,0.8776750017080891,0.8870719191816333,0.8776750017080891,0.055525599999999994,0.4227313997372172,128.805,291.5548,2.744603151595192,0.0,0.0,0.0,0.0,0.0,27.58324771587739,31.725167432574136,4.150724497167354,0.008267074880540392,13.665991179987385,15.806144935808165,2.5147813269770127,0.051217068321570705,13.984787929366068,16.101503909660586,2.4939044620727944,0.061910065908804636,0.07359947161245316,0.07676126868656907,0.040646803887157044,0.006412868426054321,0.040646803887157044,0.006412868426054321,0.040646803887157044,0.006412868426054321,0.02494459618913506,0.16230016027274036,71.07510212454281,109.1404084646745,1.2317605774803895,50.0,59.0,59.0,0.0,1.0,26.0,29.0,3.0,1.121212121212121,14.0,16.0,1.0,1.0476190476190477,11.0,13.0,1.0,1.0555555555555556,0.7333333333333333,0.6428571428571429,0.825,0.8699186991869918,0.825,0.8699186991869918,0.825,0.8699186991869918,0.020666666666666667,0.19310174120860363,32.0,118.0,1.377446355900851,50.0,59.0,59.0,0.0,1.0,47.0,54.0,7.0,1.141304347826087,26.0,29.0,3.0,1.1304347826086956,21.0,25.0,3.0,1.150943396226415,0.8787878787878788,0.782608695652174,0.8846153846153846,0.8761904761904762,0.8846153846153846,0.8761904761904762,0.8846153846153846,0.8761904761904762,0.052,0.40929251300166813,110.0,292.0,2.398831713486886,50.0,59.0,59.0,0.0,1.0,110.0,126.0,16.0,1.1495327102803738,57.04999999999927,66.0,9.0,1.2121212121212122,53.04999999999927,62.0,9.0,1.25,1.0,0.8928571428571429,0.9545454545454546,0.8918918918918919,0.9545454545454546,0.8918918918918919,0.9545454545454546,0.8918918918918919,0.10166666666666667,0.708655984303466,223.04999999999927,472.0,5.147058823529412
spurious_events,0.2,repaired,50.0,59.0,59.0,0.0,1.0,56.227,64.087,7.86,1.1473192872100673,30.019,33.7843,3.7653,1.1298315278004323,26.208,30.3027,4.0947,1.1691968668183776,0.8330292478644288,0.7221102147177251,0.8872638353976252,0.8721750834373948,0.8349713368201672,0.8406501594882988,0.8610155903062455,0.8565937233645171,0.07381856666666667,0.35611295909151724,128.805,344.7743,3.3325779186292537,0.0,0.0,0.0,0.0,0.0,27.58324771587739,30.41449547754353,3.1537588080672765,0.029434297750089506,13.665991179987385,15.097680865177614,2.0229743331330785,0.05627934849325733,13.984787929366068,15.480453389798228,2.102849045321782,0.07376353019082868,0.08089434434740525,0.08440326051325443,0.04380580730263709,0.022548247135429637,0.05849408237974262,0.02264749676263417,0.04540171212054636,0.016981150377967432,0.030055694316819363,0.14974612513015065,71.07510212454281,121.06494138070316,1.6110089813268884,50.0,59.0,59.0,0.0,1.0,26.0,30.0,4.0,1.0972222222222223,14.0,16.0,1.0,1.0476190476190477,11.0,13.0,1.0,1.0625,0.6923076923076923,0.5714285714285714,0.8125,0.8372093023255814,0.7413691683569981,0.8032786885245902,0.7906976744186046,0.8333333333333334,0.031,0.15261044176706828,32.0,153.0,1.5387979657882571,50.0,59.0,59.0,0.0,1.0,47.0,55.0,7.0,1.1481481481481481,26.0,29.0,3.0,1.125,21.0,25.0,4.0,1.1666666666666667,0.84,0.7307692307692307,0.8888888888888888,0.8709677419354839,0.8333333333333334,0.8409090909090909,0.8571428571428571,0.8545454545454545,0.07033333333333333,0.3362071101201536,110.0,344.0,2.9072534403669725,50.0,59.0,59.0,0.0,1.0,110.0,124.0,14.0,1.1944444444444444,57.04999999999927,64.0,8.0,1.2307692307692308,53.04999999999927,61.0,8.0,1.3,0.9523809523809523,0.85,0.9545454545454546,0.9113924050632911,0.9375,0.8780487804878049,0.9411764705882353,0.8870967741935484,0.12933333333333333,0.6254077108276229,223.04999999999927,545.0,6.483963133640551
spurious_events,0.2,unrepaired,50.0,59.0,59.0,0.0,1.0,56.227,67.066,10.839,1.1910697009329996,30.019,35.4369,5.4179,1.176528768317171,26.208,31.6291,5.4211,1.2093129843875354,0.8330292478644288,0.7221102147177251,0.8522023242015737,0.8396167866780581,0.8522023242015737,0.8396167866780581,0.8522023242015737,0.8396167866780581,0.07381856666666667,0.35611295909151724,128.805,344.7743,3.3325779186292537,0.0,0.0,0.0,0.0,0.0,27.58324771587739,33.101015267226714,5.523597560738945,0.00770202287244044,13.665991179987385,16.50775784281136,3.224794492669569,0.06001947994358919,13.984787929366068,16.813167501995135,3.2178891017291265,0.07303151727176078,0.08089434434740525,0.08440326051325443,0.04412257666760351,0.005468882110756395,0.04412257666760351,0.005468882110756395,0.04412257666760351,0.005468882110756395,0.030055694316819363,0.14974612513015065,71.07510212454281,121.06494138070316,1.6110089813268884,50.0,59.0,59.0,0.0,1.0,26.0,31.0,5.0,1.1764705882352942,14.0,17.0,1.0,1.0714285714285714,11.0,13.0,1.0,1.0882094943240455,0.6923076923076923,0.5714285714285714,0.7857142857142857,0.8333333333333334,0.7857142857142857,0.8333333333333334,0.7857142857142857,0.8333333333333334,0.031,0.15261044176706828,32.0,153.0,1.5387979657882571,50.0,59.0,59.0,0.0,1.0,47.0,56.0,9.0,1.1927158173980326,26.0,30.0,5.0,1.1785714285714286,21.0,26.0,5.0,1.2083333333333333,0.84,0.7307692307692307,0.8484848484848485,0.8384226884226884,0.8484848484848485,0.8384226884226884,0.8484848484848485,0.8384226884226884,0.07033333333333333,0.3362071101201536,110.0,344.0,2.9072534403669725,50.0,59.0,59.0,0.0,1.0,110.0,132.0,22.0,1.2,57.04999999999927,69.0,12.0,1.2727272727272727,53.04999999999927,65.0,12.0,1.3333333333333333,0.9523809523809523,0.85,0.9333333333333333,0.85,0.9333333333333333,0.85,0.9333333333333333,0.85,0.12933333333333333,0.6254077108276229,223.04999999999927,545.0,6.483963133640551
spurious_events,0.25,repaired,50.0,59.0,59.0,0.0,1.0,56.227,66.1191,9.8921,1.1861621990363311,30.019,34.7344,4.7154,1.1630177771111991,26.208,31.3847,5.1767,1.2151853839906455,0.800541709806659,0.6775799370620196,0.8623624875536591,0.8437943695893986,0.7999576145976086,0.8064275484565399,0.8304115202386246,0.8249687643281873,0.09121146666666667,0.30939428911927225,128.805,395.649,3.904924524293427,0.0,0.0,0.0,0.0,0.0,27.58324771587739,31.069207340298718,3.8117332699248605,0.03500348098264217,13.665991179987385,15.434949964546103,2.3719960953904753,0.0634037446329127,13.984787929366068,15.818847287427404,2.4546037598687462,0.08484637871171338,0.08665947929914392,0.09073459818233084,0.046565371681877514,0.025071835731741345,0.06162448043330875,0.023722678784350575,0.04773062576115477,0.01800509819670161,0.034472328425894136,0.13779615524528951,71.07510212454281,131.3489590895392,1.9856395928374486,50.0,59.0,59.0,0.0,1.0,26.0,31.0,5.0,1.1263157894736842,14.0,17.0,1.0,1.064516129032258,11.0,14.0,2.0,1.0930232558139534,0.6428571428571429,0.5263157894736842,0.7837837837837838,0.8048780487804879,0.7021276595744681,0.7674418604651163,0.7567567567567568,0.8,0.042,0.1274995019920319,32.0,189.0,1.7122892518440465,50.0,59.0,59.0,0.0,1.0,47.0,56.0,9.0,1.1875,26.0,30.0,4.0,1.1578947368421053,21.0,26.0,5.0,1.2045454545454546,0.8108108108108109,0.6842105263157895,0.8636363636363636,0.8421052631578947,0.8,0.8064516129032258,0.828125,0.8235294117647058,0.087,0.2888283378746594,110.0,392.0,3.361278447121821,50.0,59.0,59.0,0.0,1.0,110.0,127.0,17.0,1.2424242424242424,57.04999999999927,66.0,9.0,1.2758620689655173,53.04999999999927,62.0,10.0,1.3636363636363635,0.9285714285714286,0.8181818181818182,0.9393939393939394,0.8878504672897196,0.9047619047619048,0.8450788061703554,0.9130434782608695,0.8571428571428571,0.15466666666666667,0.558840932822833,223.04999999999927,625.0499999999993,7.80024390243902
spurious_events,0.25,unrepaired,50.0,59.0,59.0,0.0,1.0,56.227,69.924,13.697,1.242234123841601,30.019,36.8564,6.8374,1.2228840962265732,26.208,33.0676,6.8596,1.2666694398384117,0.800541709806659,0.6775799370620196,0.8202949843934344,0.805028484157572,0.8202949843934344,0.805028484157572,0.8202949843934344,0.805028484157572,0.09121146666666667,0.30939428911927225,128.805,395.649,3.904924524293427,0.0,0.0,0.0,0.0,0.0,27.58324771587739,34.47066936838722,6.892020095305826,0.007209954504196521,13.665991179987385,17.245223072256326,3.953748152379615,0.06780471481226935,13.984787929366068,17.477481983330694,3.877833364026866,0.08240519216432347,0.08665947929914392,0.09073459818233084,0.04625944068114161,0.004695996973487006,0.04625944068114161,0.004695996973487006,0.04625944068114161,0.004695996973487006,0.034472328425894136,0.13779615524528951,71.07510212454281,131.3489590895392,1.9856395928374486,50.0,59.0,59.0,0.0,1.0,26.0,32.0,6.0,1.2285714285714286,14.0,17.0,2.0,1.105263157894737,11.0,14.0,2.0,1.1363636363636365,0.6428571428571429,0.5263157894736842,0.75,0.8,0.75,0.8,0.75,0.8,0.042,0.1274995019920319,32.0,189.0,1.7122892518440465,50.0,59.0,59.0,0.0,1.0,47.0,58.0,11.0,1.2436974789915967,26.0,32.0,6.0,1.2241379310344827,21.0,27.0,6.0,1.263157894736842,0.8108108108108109,0.6842105263157895,0.8169014084507042,0.8040540540540541,0.8169014084507042,0.8040540540540541,0.8169014084507042,0.8040540540540541,0.087,0.2888283378746594,110.0,392.0,3.361278447121821,50.0,59.0,59.0,0.0,1.0,110.0,137.0,27.0,1.25,57.04999999999927,72.0,15.0,1.3333333333333333,53.04999999999927,68.0,15.0,1.4090909090909092,0.9285714285714286,0.8181818181818182,0.9047619047619048,0.813953488372093,0.9047619047619048,0.813953488372093,0.9047619047619048,0.813953488372093,0.15466666666666667,0.558840932822833,223.04999999999927,625.0499999999993,7.80024390243902
spurious_events,0.3,repaired,50.0,59.0,59.0,0.0,1.0,56.227,67.9308,11.7038,1.2204237535467404,30.019,35.5902,5.5712,1.192906871935178,26.208,32.3406,6.1326,1.2548618889818488,0.7728708883823423,0.6445473199823097,0.840947865816622,0.8202647001864379,0.7697183794277189,0.7779866178908323,0.803932995220287,0.7985388541535674,0.1064872,0.27722679160394265,128.805,440.0392,4.3842340682125,0.0,0.0,0.0,0.0,0.0,27.58324771587739,31.682897467864198,4.438404612419907,0.039763908998999786,13.665991179987385,15.713680534349454,2.63329147311843,0.06756846394617357,13.984787929366068,16.163078795564175,2.7838448626354757,0.09282495182387053,0.08996047585660749,0.09418000771121554,0.04711714755306386,0.026945030154557056,0.06400716954580403,0.0249777549444748,0.04884720147956606,0.01926284120324451,0.03839783888604498,0.1277711598962162,71.07510212454281,141.501741111669,2.273239722266593,50.0,59.0,59.0,0.0,1.0,26.0,32.0,6.0,1.153061224489796,14.0,17.0,2.0,1.09375,11.0,14.0,2.0,1.125,0.6111111111111112,0.4782608695652174,0.7619047619047619,0.7791486291486293,0.6666666666666666,0.7368421052631579,0.7272727272727273,0.7692307692307693,0.050666666666666665,0.11174628951539237,32.0,218.0,1.860548076923077,50.0,59.0,59.0,0.0,1.0,47.0,58.0,11.0,1.2222222222222223,26.0,31.0,5.0,1.1879528985507246,21.0,27.0,6.0,1.2452830188679245,0.7857142857142857,0.6470588235294118,0.8417843388960204,0.8181818181818182,0.7666666666666667,0.7777777777777778,0.8,0.796875,0.102,0.25322681729113944,110.0,435.0,3.8029485049833887,50.0,59.0,59.0,0.0,1.0,110.0,130.0,20.0,1.2834523809523792,57.04999999999927,67.0,11.0,1.3125,53.04999999999927,64.0,11.0,1.4210526315789473,0.9090909090909091,0.7878787878787878,0.9142857142857143,0.8672566371681416,0.875,0.8181818181818182,0.8888888888888888,0.832,0.17633333333333334,0.5114325904274754,223.04999999999927,689.0,8.857142857142858
spurious_events,0.3,unrepaired,50.0,59.0,59.0,0.0,1.0,56.227,72.646,16.419,1.2900943029795107,30.019,38.2147,8.1957,1.2674083063591393,26.208,34.4313,8.2233,1.3186400306027826,0.7728708883823423,0.6445473199823097,0.7917503760207489,0.7751674084222931,0.7917503760207489,0.7751674084222931,0.7917503760207489,0.7751674084222931,0.1064872,0.27722679160394265,128.805,440.0392,4.3842340682125,0.0,0.0,0.0,0.0,0.0,27.58324771587739,35.86571230202885,8.286151400409192,0.008036082996547783,13.665991179987385,17.914561034524592,4.605683743188876,0.07394117126366076,13.984787929366068,18.22667554657588,4.600973158517713,0.08963436194084426,0.08996047585660749,0.09418000771121554,0.04713160391091293,0.004860942072013309,0.04713160391091293,0.004860942072013309,0.04713160391091293,0.004860942072013309,0.03839783888604498,0.1277711598962162,71.07510212454281,141.501741111669,2.273239722266593,50.0,59.0,59.0,0.0,1.0,26.0,33.0,7.0,1.2727272727272727,14.0,18.0,3.0,1.1428571428571428,11.0,15.0,3.0,1.1764705882352942,0.6111111111111112,0.4782608695652174,0.7222222222222222,0.7692307692307693,0.7222222222222222,0.7692307692307693,0.7222222222222222,0.7692307692307693,0.050666666666666665,0.11174628951539237,32.0,218.0,1.860548076923077,50.0,59.0,59.0,0.0,1.0,47.0,61.0,14.0,1.2923076923076924,26.0,33.0,7.0,1.2692307692307692,21.0,28.0,7.0,1.3148148148148149,0.7857142857142857,0.6470588235294118,0.7878787878787878,0.7738095238095238,0.7878787878787878,0.7738095238095238,0.7878787878787878,0.7738095238095238,0.102,0.25322681729113944,110.0,435.0,3.8029485049833887,50.0,59.0,59.0,0.0,1.0,110.0,143.0,33.0,1.3,57.04999999999927,74.0,17.0,1.3846153846153846,53.04999999999927,70.04999999999927,18.0,1.4666666666666666,0.9090909090909091,0.7878787878787878,0.875,0.7857142857142857,0.875,0.7857142857142857,0.875,0.7857142857142857,0.17633333333333334,0.5114325904274754,223.04999999999927,689.0,8.857142857142858
spurious_events,0.4,repaired,50.0,59.0,59.0,0.0,1.0,56.227,71.6967,15.4697,1.2923352822419978,30.019,37.4288,7.4098,1.2575433790685973,26.208,34.2679,8.0599,1.3360173233996795,0.7213083456673769,0.5874845255695894,0.7984904831353234,0.7750033925223522,0.7141453991872233,0.7246401815826572,0.7535685007914638,0.7485266790453188,0.1356175,0.23112913012212388,128.805,525.2663,5.344202911915937,0.0,0.0,0.0,0.0,0.0,27.58324771587739,32.86679679772844,5.6429838061635245,0.050861900113329916,13.665991179987385,16.322155857520322,3.26740440612351,0.0814271211580567,13.984787929366068,16.771769698391438,3.407326367886954,0.11116961166132398,0.09727406910002172,0.10048481611141381,0.05103246538753317,0.0307900610877855,0.06650052934221977,0.026468944354604017,0.05176083198634675,0.021798390713334215,0.04447275843750838,0.11215731455610523,71.07510212454281,156.54006216753706,2.9164443156141098,50.0,59.0,59.0,0.0,1.0,26.0,34.0,8.0,1.2065217391304348,14.0,18.0,3.0,1.1379310344827587,11.0,15.0,3.0,1.1785714285714286,0.55,0.4230769230769231,0.7142857142857143,0.7291666666666666,0.6103896103896104,0.6808510638297872,0.6753084415584416,0.7142857142857143,0.06866666666666667,0.08915531691985333,32.0,278.0,2.1611162830060935,50.0,59.0,59.0,0.0,1.0,47.0,62.0,14.0,1.2941176470588236,26.0,33.0,7.0,1.25,21.0,29.0,8.0,1.3225806451612903,0.7333333333333333,0.5897435897435898,0.8,0.7727272727272727,0.7105263157894737,0.725,0.75,0.7469879518072289,0.13166666666666665,0.20815671966567106,110.0,519.0,4.621205927439959,50.0,59.0,59.0,0.0,1.0,110.0,136.0,26.0,1.3714285714285714,57.04999999999927,70.0,14.0,1.4,53.04999999999927,67.0,14.0,1.5333333333333334,0.8636363636363636,0.7435897435897436,0.8787878787878788,0.8288288288288288,0.8275862068965517,0.7674418604651163,0.8421052631578947,0.7861656907395359,0.21466666666666667,0.43780318459544526,223.04999999999927,790.0,11.096774193548388
spurious_events,0.4,unrepaired,50.0,59.0,59.0,0.0,1.0,56.227,78.302,22.075,1.3908521717807487,30.019,41.0473,11.0283,1.360735315971058,26.208,37.2547,11.0467,1.4288377665859056,0.7213083456673769,0.5874845255695894,0.7379754332451184,0.7190062923000315,0.7379754332451184,0.7190062923000315,0.7379754332451184,0.7190062923000315,0.1356175,0.23112913012212388,128.805,525.2663,5.344202911915937,0.0,0.0,0.0,0.0,0.0,27.58324771587739,38.614193007107666,11.033383368434894,0.007777129730475548,13.665991179987385,19.321920100487908,6.003557560341871,0.08695949419470186,13.984787929366068,19.624386348723196,5.991553135948816,0.1060195288769952,0.09727406910002172,0.10048481611141381,0.04841346204336851,0.004046158957026154,0.04841346204336851,0.004046158957026154,0.04841346204336851,0.004046158957026154,0.04447275843750838,0.11215731455610523,71.07510212454281,156.54006216753706,2.9164443156141098,50.0,59.0,59.0,0.0,1.0,26.0,36.0,10.0,1.375,14.0,19.0,4.0,1.2120414673046254,11.0,16.0,4.0,1.263157894736842,0.55,0.4230769230769231,0.6666666666666666,0.7142857142857143,0.6666666666666666,0.7142857142857143,0.6666666666666666,0.7142857142857143,0.06866666666666667,0.08915531691985333,32.0,278.0,2.1611162830060935,50.0,59.0,59.0,0.0,1.0,47.0,65.0,18.0,1.3924050632911393,26.0,35.0,9.0,1.3650793650793651,21.0,31.0,9.0,1.4230769230769231,0.7333333333333333,0.5897435897435898,0.7325581395348837,0.7181818181818181,0.7325581395348837,0.7181818181818181,0.7325581395348837,0.7181818181818181,0.13166666666666665,0.20815671966567106,110.0,519.0,4.621205927439959,50.0,59.0,59.0,0.0,1.0,110.0,154.0,44.0,1.4,57.04999999999927,80.0,23.0,1.5,53.04999999999927,76.0,23.0,1.6111111111111112,0.8636363636363636,0.7435897435897436,0.8250543478260861,0.7272727272727273,0.8250543478260861,0.7272727272727273,0.8250543478260861,0.7272727272727273,0.21466666666666667,0.43780318459544526,223.04999999999927,790.0,11.096774193548388
spurious_events,0.5,repaired,50.0,59.0,59.0,0.0,1.0,56.227,75.4413,19.2143,1.3642555241846919,30.019,39.2024,9.1834,1.3198048677117666,26.208,36.2389,10.0309,1.4199870972578374,0.6786691417017224,0.5435457254468945,0.7612182712015263,0.7345473924131926,0.6654828177156528,0.6776222339410239,0.7090366183086619,0.7039028431231326,0.16259486666666667,0.19926134764192474,128.805,604.2074,6.256740261001364,0.0,0.0,0.0,0.0,0.0,27.58324771587739,34.059045144654576,6.838541662899169,0.06237339295546206,13.665991179987385,16.932031880738975,3.8525639079535705,0.09079859758456722,13.984787929366068,17.367325332040014,3.9776534995819164,0.1286791324181934,0.1012317997711758,0.10573222139908135,0.0515756139698029,0.033885386848039045,0.06662386011441132,0.02796801624132822,0.0521141754888949,0.02378693331159363,0.048354159553481005,0.09883181702708298,71.07510212454281,166.31514861282392,3.560068730733671,50.0,59.0,59.0,0.0,1.0,26.0,36.0,10.0,1.2608695652173914,14.0,19.0,4.0,1.1874470338983052,11.0,16.0,4.0,1.2388059701492538,0.5,0.3793103448275862,0.6756756756756757,0.6842105263157895,0.5625,0.631578947368421,0.6296296296296297,0.6666666666666666,0.089,0.07276318276318276,32.0,338.0,2.4495279882994283,50.0,59.0,59.0,0.0,1.0,47.0,65.0,18.0,1.3673469387755102,26.0,34.0,9.0,1.3125,21.0,31.0,9.0,1.4042553191489362,0.6875,0.5428571428571428,0.7619047619047619,0.7313432835820896,0.6666666666666666,0.678082191780822,0.7058823529411765,0.703125,0.15933333333333333,0.17873485341719791,110.0,601.0,5.338029537504858,50.0,59.0,59.0,0.0,1.0,110.0,143.0,32.0,1.4615384615384615,57.04999999999927,73.0,16.0,1.48,53.04999999999927,70.0,17.0,1.6470588235294117,0.8285714285714286,0.7105263157894737,0.8421428571428565,0.7931034482758621,0.7777777777777778,0.7226890756302521,0.8,0.7441860465116279,0.2470166666666664,0.38060225189840263,223.04999999999927,892.0,13.61784578696343
spurious_events,0.5,unrepaired,50.0,59.0,59.0,0.0,1.0,56.227,84.097,27.87,1.494819200865027,30.019,43.9236,13.9046,1.4556288999816678,26.208,40.1734,13.9654,1.5441129045784747,0.6786691417017224,0.5435457254468945,0.6901623557517432,0.6689887036679666,0.6901623557517432,0.6689887036679666,0.6901623557517432,0.6689887036679666,0.16259486666666667,0.19926134764192474,128.805,604.2074,6.256740261001364,0.0,0.0,0.0,0.0,0.0,27.58324771587739,41.36992552656829,13.788187386714078,0.006181300569314604,13.665991179987385,20.752041532407738,7.410937257803759,0.09770657128215383,13.984787929366068,20.990230856737675,7.335188023379767,0.11994474380552825,0.1012317997711758,0.10573222139908135,0.04755216434835462,0.0027763205584080356,0.04755216434835462,0.0027763205584080356,0.04755216434835462,0.0027763205584080356,0.048354159553481005,0.09883181702708298,71.07510212454281,166.31514861282392,3.560068730733671,50.0,59.0,59.0,0.0,1.0,26.0,39.0,13.0,1.4838153503893214,14.0,20.0,5.0,1.2857142857142858,11.0,17.0,5.0,1.3571428571428572,0.5,0.3793103448275862,0.6206896551724138,0.6666666666666666,0.6206896551724138,0.6666666666666666,0.6206896551724138,0.6666666666666666,0.089,0.07276318276318276,32.0,338.0,2.4495279882994283,50.0,59.0,59.0,0.0,1.0,47.0,70.0,23.0,1.5,26.0,38.0,12.0,1.4615384615384615,21.0,33.0,12.0,1.5357142857142858,0.6875,0.5428571428571428,0.6842105263157895,0.6666666666666666,0.6842105263157895,0.6666666666666666,0.6842105263157895,0.6666666666666666,0.15933333333333333,0.17873485341719791,110.0,601.0,5.338029537504858,50.0,59.0,59.0,0.0,1.0,110.0,165.0,55.0,1.5,57.04999999999927,86.0,29.0,1.6111111111111112,53.04999999999927,82.0,29.0,1.75,0.8285714285714286,0.7105263157894737,0.7777777777777778,0.6739383215369056,0.7777777777777778,0.6739383215369056,0.7777777777777778,0.6739383215369056,0.2470166666666664,0.38060225189840263,223.04999999999927,892.0,13.61784578696343
spurious_events,0.6,repaired,50.0,59.0,59.0,0.0,1.0,56.227,78.8083,22.5813,1.4276454573439947,30.019,40.8453,10.8263,1.3773207163831054,26.208,37.963,11.755,1.4906828223859403,0.6444803114234903,0.5130102096041964,0.7296448822996222,0.7021791658497802,0.624400539399699,0.6396833072244382,0.671252189070412,0.6678493989673814,0.18493283333333332,0.17819263288669646,128.805,668.5791,6.9887153276925735,0.0,0.0,0.0,0.0,0.0,27.58324771587739,35.253930774787435,8.031801870945856,0.0704495154842356,13.665991179987385,17.487668505692135,4.3651842794296,0.09798405085487936,13.984787929366068,18.01998620949244,4.61305788282599,0.14040397077664143,0.10195912827010317,0.10748241491766322,0.050834955141956954,0.035020671633535186,0.06616040972826437,0.028199379387841984,0.05160911817091073,0.02433824145166077,0.051766610540343164,0.08991846337336085,71.07510212454281,174.76690444783537,4.048174429987732,50.0,59.0,59.0,0.0,1.0,26.0,38.0,12.0,1.3095115365733923,14.0,20.0,5.0,1.234375,11.0,17.0,5.0,1.2916666666666667,0.47368421052631576,0.34615384615384615,0.6428571428571429,0.65,0.52,0.5925925925925926,0.5909090909090909,0.6285714285714286,0.104,0.06431387077652637,32.0,390.0,2.6903309058898848,50.0,59.0,59.0,0.0,1.0,47.0,68.0,21.0,1.4318181818181819,26.0,36.0,10.0,1.368421052631579,21.0,32.0,11.0,1.4761904761904763,0.6538461538461539,0.5,0.7307692307692307,0.6984126984126984,0.6216216216216216,0.64,0.6666666666666666,0.6666666666666666,0.18233333333333332,0.1584513270217183,110.0,665.0,5.959100033456005,50.0,59.0,59.0,0.0,1.0,110.0,149.0,38.0,1.5384615384615385,57.04999999999927,76.0,19.0,1.5555555555555556,53.04999999999927,73.0,20.0,1.7333333333333334,0.8,0.6875,0.810126582278481,0.7636435218324982,0.7368421052631579,0.6854864069791031,0.76,0.7088654827130171,0.273,0.3429104520554251,223.04999999999927,960.0,15.371428571428572
spurious_events,0.6,unrepaired,50.0,59.0,59.0,0.0,1.0,56.227,89.55,33.323,1.5908310991841623,30.019,46.6653,16.6463,1.5462518421846911,26.208,42.8847,16.6767,1.6467088985727758,0.6444803114234903,0.5130102096041964,0.6499147067164271,0.6286172146085937,0.6499147067164271,0.6286172146085937,0.6499147067164271,0.6286172146085937,0.18493283333333332,0.17819263288669646,128.805,668.5791,6.9887153276925735,0.0,0.0,0.0,0.0,0.0,27.58324771587739,44.146080093693136,16.56424186043055,0.007745271933028702,13.665991179987385,22.049927343181526,8.697951583342746,0.10722835100857711,13.984787929366068,22.51443305703223,8.838732342872666,0.13160184593150823,0.10195912827010317,0.10748241491766322,0.0462632739855595,0.003075091555363932,0.0462632739855595,0.003075091555363932,0.0462632739855595,0.003075091555363932,0.051766610540343164,0.08991846337336085,71.07510212454281,174.76690444783537,4.048174429987732,50.0,59.0,59.0,0.0,1.0,26.0,41.0,15.0,1.5757575757575757,14.0,22.0,6.0,1.3636363636363635,11.0,18.0,6.0,1.44,0.47368421052631576,0.34615384615384615,0.5833333333333334,0.625,0.5833333333333334,0.625,0.5833333333333334,0.625,0.104,0.06431387077652637,32.0,390.0,2.6903309058898848,50.0,59.0,59.0,0.0,1.0,47.0,75.0,28.0,1.5925925925925926,26.0,40.0,14.0,1.55,21.0,35.0,14.0,1.6428571428571428,0.6538461538461539,0.5,0.6451612903225806,0.627906976744186,0.6451612903225806,0.627906976744186,0.6451612903225806,0.627906976744186,0.18233333333333332,0.1584513270217183,110.0,665.0,5.959100033456005,50.0,59.0,59.0,0.0,1.0,110.0,176.0,66.0,1.6,57.04999999999927,91.0,34.0,1.7142857142857142,53.04999999999927,88.0,34.0,1.875,0.8,0.6875,0.7333333333333333,0.6346153846153846,0.7333333333333333,0.6346153846153846,0.7333333333333333,0.6346153846153846,0.273,0.3429104520554251,223.04999999999927,960.0,15.371428571428572
spurious_events,0.7,repaired,50.0,59.0,59.0,0.0,1.0,56.227,82.2801,26.0531,1.4938259826448517,30.019,42.5251,12.5061,1.4354618599818447,26.208,39.755,13.547,1.5671300928089626,0.6146399743987049,0.48676800764160216,0.7002589146199876,0.6714036286248196,0.5893544592373334,0.6053813589042485,0.6374768699859221,0.6344281464350836,0.20672193333333336,0.1613555609588935,128.805,731.6992,7.715231259632849,0.0,0.0,0.0,0.0,0.0,27.58324771587739,36.38580542840387,9.186790522375604,0.08068163136188698,13.665991179987385,18.06410809284859,4.923655860100577,0.1046060743886769,13.984787929366068,18.581095250551584,5.162562949313116,0.15602594939270548,0.10435636730159864,0.11031378998496338,0.04994074023498784,0.03676607555186533,0.06669143847466534,0.02868732876351284,0.051027440742496315,0.025268031560477088,0.05446000837885171,0.08271622477485237,71.07510212454281,181.32834228584238,4.566407616279209,50.0,59.0,59.0,0.0,1.0,26.0,40.0,14.0,1.3587786259541985,14.0,21.0,6.0,1.2829983593109104,11.0,18.0,6.0,1.346938775510204,0.43478260869565216,0.3225806451612903,0.6153846153846154,0.6181818181818182,0.484832864729772,0.5581395348837209,0.5588235294117647,0.5945945945945946,0.11966666666666667,0.05790287900840238,32.0,439.0,2.894871612994751,50.0,59.0,59.0,0.0,1.0,47.0,72.0,24.0,1.5,26.0,37.0,12.0,1.425,21.0,34.0,13.0,1.5521778584392014,0.625,0.4782608695652174,0.7017543859649122,0.6666666666666666,0.5862068965517241,0.6057692307692307,0.6363636363636364,0.6333333333333333,0.20566666666666666,0.143016683690841,110.0,731.0,6.576159793814433,50.0,59.0,59.0,0.0,1.0,110.0,154.0,44.0,1.6176470588235294,57.04999999999927,79.0,22.0,1.625,53.04999999999927,76.0,23.0,1.8461538461538463,0.7714285714285715,0.6666666666666666,0.7794242273180457,0.7359550561797753,0.7037037037037037,0.6521739130434783,0.7241379310344828,0.6774193548387096,0.298,0.3142480581217234,223.04999999999927,1032.0,17.032814207650272
spurious_events,0.7,unrepaired,50.0,59.0,59.0,0.0,1.0,56.227,95.112,38.885,1.6896227038294906,30.019,49.4844,19.4654,1.6375355509824772,26.208,45.6276,19.4196,1.755320865715895,0.6146399743987049,0.48676800764160216,0.6138632608777338,0.5918623547296045,0.6138632608777338,0.5918623547296045,0.6138632608777338,0.5918623547296045,0.20672193333333336,0.1613555609588935,128.805,731.6992,7.715231259632849,0.0,0.0,0.0,0.0,0.0,27.58324771587739,46.887837473382014,19.305829339985628,0.00826560834212474,13.665991179987385,23.52944368471155,10.155565783925535,0.116432162171138,13.984787929366068,23.799545375406026,10.10992368396961,0.1423625345926723,0.10435636730159864,0.11031378998496338,0.04514798678171573,0.002912709702178385,0.04514798678171573,0.002912709702178385,0.04514798678171573,0.002912709702178385,0.05446000837885171,0.08271622477485237,71.07510212454281,181.32834228584238,4.566407616279209,50.0,59.0,59.0,0.0,1.0,26.0,44.0,18.0,1.6756756756756757,14.0,23.0,8.0,1.4375,11.0,19.0,8.0,1.5384615384615385,0.43478260869565216,0.3225806451612903,0.55,0.5882352941176471,0.55,0.5882352941176471,0.55,0.5882352941176471,0.11966666666666667,0.05790287900840238,32.0,439.0,2.894871612994751,50.0,59.0,59.0,0.0,1.0,47.0,79.0,32.0,1.691588785046729,26.0,42.0,16.0,1.6428571428571428,21.0,38.0,16.0,1.75,0.625,0.4782608695652174,0.6086956521739131,0.5911602209944752,0.6086956521739131,0.5911602209944752,0.6086956521739131,0.5911602209944752,0.20566666666666666,0.143016683690841,110.0,731.0,6.576159793814433,50.0,59.0,59.0,0.0,1.0,110.0,187.0,77.0,1.7,57.04999999999927,97.0,40.0,1.8181818181818181,53.04999999999927,93.0,40.0,2.0,0.7714285714285715,0.6666666666666666,0.6956521739130435,0.5967741935483871,0.6956521739130435,0.5967741935483871,0.6956521739130435,0.5967741935483871,0.298,0.3142480581217234,223.04999999999927,1032.0,17.032814207650272
spurious_events,0.8,repaired,50.0,59.0,59.0,0.0,1.0,56.227,85.6893,29.4623,1.5586365805467497,30.019,44.1541,14.1351,1.4919342523272785,26.208,41.5352,15.3272,1.6424575283440073,0.5884964490737989,0.464607396511596,0.6740075997156455,0.6437176751540631,0.5576120449579456,0.5742167370043703,0.6072295940848818,0.6041820297502846,0.2267327,0.14805791799838747,128.805,789.4173,8.394844089464137,0.0,0.0,0.0,0.0,0.0,27.58324771587739,37.543925209572954,10.32604674762531,0.08913005172597674,13.665991179987385,18.683978759788538,5.528191755032388,0.11273957778883598,13.984787929366068,19.134773970901595,5.694434372111245,0.17005920371917344,0.10537602611918497,0.11282124906293428,0.04973572112359593,0.037356339905686764,0.06484265719730839,0.028722919994665995,0.05033010333645363,0.025572332721011254,0.0560975157843112,0.07632093600665689,71.07510212454281,184.27070990844663,5.0366573159269725,50.0,59.0,59.0,0.0,1.0,26.0,42.0,16.0,1.4095238095238096,14.0,22.0,7.0,1.3333333333333333,11.0,19.0,7.0,1.4,0.4090909090909091,0.30303030303030304,0.5897435897435898,0.5897435897435898,0.45569620253164556,0.5256410256410257,0.5294117647058824,0.5631824712643678,0.13733333333333334,0.05224909559604012,32.0,488.95000000000005,3.1339085297418627,50.0,59.0,59.0,0.0,1.0,47.0,75.0,27.0,1.565217391304348,26.0,39.0,13.0,1.4782608695652173,21.0,36.0,14.0,1.625,0.5945945945945946,0.45,0.6764705882352942,0.6388888888888888,0.5555555555555556,0.5748502994011976,0.6052631578947368,0.6037735849056604,0.226,0.13043478260869565,110.0,791.0,7.1408005286509955,50.0,59.0,59.0,0.0,1.0,110.0,160.0,49.0,1.6956521739130435,57.04999999999927,81.0,25.0,1.6956521739130435,53.04999999999927,79.0,26.0,1.9333333333333333,0.75,0.6521739130434783,0.75,0.7094594594594594,0.6666666666666666,0.620253164556962,0.6944444444444444,0.6470588235294118,0.32,0.29016513227694307,223.04999999999927,1094.0,18.90909090909091
spurious_events,0.8,unrepaired,50.0,59.0,59.0,0.0,1.0,56.227,100.786,44.559,1.7906135700319115,30.019,52.2093,22.1903,1.7274778268366182,26.208,48.5767,22.3687,1.8699769524023218,0.5884964490737989,0.464607396511596,0.5820455613814933,0.5584792387662221,0.5820455613814933,0.5584792387662221,0.5820455613814933,0.5584792387662221,0.2267327,0.14805791799838747,128.805,789.4173,8.394844089464137,0.0,0.0,0.0,0.0,0.0,27.58324771587739,49.65940806816935,22.07716601210194,0.008088874511844698,13.665991179987385,24.865022027781166,11.487196415059149,0.12590082251779583,13.984787929366068,25.282033842899647,11.584290219430335,0.1545132300460217,0.10537602611918497,0.11282124906293428,0.0437447898077173,0.0025350913065929825,0.0437447898077173,0.0025350913065929825,0.0437447898077173,0.0025350913065929825,0.0560975157843112,0.07632093600665689,71.07510212454281,184.27070990844663,5.0366573159269725,50.0,59.0,59.0,0.0,1.0,26.0,46.0,20.0,1.7741935483870968,14.0,24.0,9.0,1.5,11.0,21.0,9.0,1.631578947368421,0.4090909090909091,0.30303030303030304,0.5185185185185185,0.5555555555555556,0.5185185185185185,0.5555555555555556,0.5185185185185185,0.5555555555555556,0.13733333333333334,0.05224909559604012,32.0,488.95000000000005,3.1339085297418627,50.0,59.0,59.0,0.0,1.0,47.0,84.0,37.0,1.7924528301886793,26.0,45.0,19.0,1.7307692307692308,21.0,40.0,19.0,1.8636363636363635,0.5945945945945946,0.45,0.5777777777777777,0.5578947368421052,0.5777777777777777,0.5578947368421052,0.5777777777777777,0.5578947368421052,0.226,0.13043478260869565,110.0,791.0,7.1408005286509955,50.0,59.0,59.0,0.0,1.0,110.0,198.0,88.0,1.8,57.04999999999927,102.0,45.0,1.9285714285714286,53.04999999999927,99.0,46.0,2.1333333333333333,0.75,0.6521739130434783,0.6666666666666666,0.5636363636363636,0.6666666666666666,0.5636363636363636,0.6666666666666666,0.5636363636363636,0.32,0.29016513227694307,223.04999999999927,1094.0,18.90909090909091
spurious_events,0.9,repaired,50.0,59.0,59.0,0.0,1.0,56.227,88.9564,32.7294,1.6207780510511507,30.019,45.7709,15.7519,1.548773341501345,26.208,43.1855,16.9775,1.711387368193292,0.5658359487892356,0.44753355003139766,0.6495055075921923,0.6192981120770608,0.5283821314659494,0.5470082092868747,0.5789683448289851,0.577522950287124,0.2436979,0.13853484963708249,128.805,839.0949,8.98301338790661,0.0,0.0,0.0,0.0,0.0,27.58324771587739,38.63571625966168,11.421077871285787,0.09839754893887483,13.665991179987385,19.21121860481603,6.0458582211430505,0.1204513562503856,13.984787929366068,19.693147837691534,6.220937530338643,0.1809536963367196,0.10780455985234204,0.11489834499349835,0.04957693222456205,0.03815575458313506,0.06304966714199826,0.02847795133153679,0.049238642059846814,0.025921377866826995,0.056993450450580345,0.07166926795340774,71.07510212454281,185.95313858863736,5.480891339722902,50.0,59.0,59.0,0.0,1.0,26.0,44.0,18.0,1.4554455445544554,14.0,23.0,8.0,1.375,11.0,20.0,8.0,1.4545454545454546,0.391304347826087,0.2857142857142857,0.5666666666666667,0.5641025641025641,0.4305555555555556,0.5,0.5,0.5357142857142857,0.15033333333333335,0.04826446773041201,32.0,533.0,3.310548474669857,50.0,59.0,59.0,0.0,1.0,47.0,78.0,30.0,1.627906976744186,26.0,41.0,15.0,1.5368112014453477,21.0,37.0,16.0,1.6956521739130435,0.5714285714285714,0.42857142857142855,0.6506980302161025,0.6142857142857143,0.5263157894736842,0.5471698113207547,0.5769230769230769,0.5769230769230769,0.24366666666666667,0.12234896251289694,110.0,840.0,7.635489510489511,50.0,59.0,59.0,0.0,1.0,110.0,164.0,55.0,1.7727272727272727,57.04999999999927,84.0,27.0,1.7647058823529411,53.04999999999927,82.0,28.0,2.0,0.7333333333333333,0.6444444444444445,0.7272727272727273,0.6870748299319728,0.6363636363636364,0.5932203389830508,0.6666666666666666,0.6211180124223602,0.33601666666666646,0.27260317598813366,223.04999999999927,1139.0499999999993,20.433033033033023
spurious_events,0.9,unrepaired,50.0,59.0,59.0,0.0,1.0,56.227,106.38,50.153,1.890002772236703,30.019,55.1444,25.1254,1.8236864321134658,26.208,51.2356,25.0276,1.9738005587809355,0.5658359487892356,0.44753355003139766,0.5514467966538822,0.529109356845382,0.5514467966538822,0.529109356845382,0.5514467966538822,0.529109356845382,0.2436979,0.13853484963708249,128.805,839.0949,8.98301338790661,0.0,0.0,0.0,0.0,0.0,27.58324771587739,52.41782485792673,24.835403574878132,0.008034331473567332,13.665991179987385,26.329490554268016,12.94050310080911,0.1349171047413968,13.984787929366068,26.60602339110582,12.901274453644222,0.1656169419122524,0.10780455985234204,0.11489834499349835,0.042276135864686606,0.0022594785294227353,0.042276135864686606,0.0022594785294227353,0.042276135864686606,0.0022594785294227353,0.056993450450580345,0.07166926795340774,71.07510212454281,185.95313858863736,5.480891339722902,50.0,59.0,59.0,0.0,1.0,26.0,49.0,23.0,1.875,14.0,25.0,10.0,1.5945945945945945,11.0,22.0,10.0,1.7212924132672511,0.391304347826087,0.2857142857142857,0.49056603773584906,0.5263157894736842,0.49056603773584906,0.5263157894736842,0.49056603773584906,0.5263157894736842,0.15033333333333335,0.04826446773041201,32.0,533.0,3.310548474669857,50.0,59.0,59.0,0.0,1.0,47.0,89.0,42.0,1.8918918918918919,26.0,47.0,21.0,1.8285714285714285,21.0,42.0,21.0,1.96,0.5714285714285714,0.42857142857142855,0.546875,0.5285714285714286,0.546875,0.5285714285714286,0.546875,0.5285714285714286,0.24366666666666667,0.12234896251289694,110.0,840.0,7.635489510489511,50.0,59.0,59.0,0.0,1.0,110.0,209.0,99.0,1.9,57.04999999999927,108.0,51.0,2.0384615384615383,53.04999999999927,104.0,51.0,2.263157894736842,0.7333333333333333,0.6444444444444445,0.6271186440677966,0.5333333333333333,0.6271186440677966,0.5333333333333333,0.6271186440677966,0.5333333333333333,0.33601666666666646,0.27260317598813366,223.04999999999927,1139.0499999999993,20.433033033033023
timing_uncertainty,0.0,repaired,50.0,59.0,59.0,0.0,1.0,56.227,56.227,0.0,1.0,30.019,30.019,0.0,1.0,26.208,26.208,0.0,1.0,1.0,1.0,1.0,1.0,1.0,1.0,1.0,1.0,0.0,1.0,128.805,128.805,1.0,0.0,0.0,0.0,0.0,0.0,27.58324771587739,27.58324771587739,0.0,0.0,13.665991179987385,13.665991179987385,0.0,0.0,13.984787929366068,13.984787929366068,0.0,0.0,0.0,0.0,0.0,0.0,0.0,0.0,0.0,0.0,0.0,0.0,71.07510212454281,71.07510212454281,0.0,50.0,59.0,59.0,0.0,1.0,26.0,26.0,0.0,1.0,14.0,14.0,0.0,1.0,11.0,11.0,0.0,1.0,1.0,1.0,1.0,1.0,1.0,1.0,1.0,1.0,0.0,1.0,32.0,32.0,1.0,50.0,59.0,59.0,0.0,1.0,47.0,47.0,0.0,1.0,26.0,26.0,0.0,1.0,21.0,21.0,0.0,1.0,1.0,1.0,1.0,1.0,1.0,1.0,1.0,1.0,0.0,1.0,110.0,110.0,1.0,50.0,59.0,59.0,0.0,1.0,110.0,110.0,0.0,1.0,57.04999999999927,57.04999999999927,0.0,1.0,53.04999999999927,53.04999999999927,0.0,1.0,1.0,1.0,1.0,1.0,1.0,1.0,1.0,1.0,0.0,1.0,223.04999999999927,223.04999999999927,1.0
timing_uncertainty,0.0,unrepaired,50.0,59.0,59.0,0.0,1.0,56.227,56.227,0.0,1.0,30.019,30.019,0.0,1.0,26.208,26.208,0.0,1.0,1.0,1.0,1.0,1.0,1.0,1.0,1.0,1.0,0.0,1.0,128.805,128.805,1.0,0.0,0.0,0.0,0.0,0.0,27.58324771587739,27.58324771587739,0.0,0.0,13.665991179987385,13.665991179987385,0.0,0.0,13.984787929366068,13.984787929366068,0.0,0.0,0.0,0.0,0.0,0.0,0.0,0.0,0.0,0.0,0.0,0.0,71.07510212454281,71.07510212454281,0.0,50.0,59.0,59.0,0.0,1.0,26.0,26.0,0.0,1.0,14.0,14.0,0.0,1.0,11.0,11.0,0.0,1.0,1.0,1.0,1.0,1.0,1.0,1.0,1.0,1.0,0.0,1.0,32.0,32.0,1.0,50.0,59.0,59.0,0.0,1.0,47.0,47.0,0.0,1.0,26.0,26.0,0.0,1.0,21.0,21.0,0.0,1.0,1.0,1.0,1.0,1.0,1.0,1.0,1.0,1.0,0.0,1.0,110.0,110.0,1.0,50.0,59.0,59.0,0.0,1.0,110.0,110.0,0.0,1.0,57.04999999999927,57.04999999999927,0.0,1.0,53.04999999999927,53.04999999999927,0.0,1.0,1.0,1.0,1.0,1.0,1.0,1.0,1.0,1.0,0.0,1.0,223.04999999999927,223.04999999999927,1.0
timing_uncertainty,0.05,repaired,50.0,59.0,59.0,0.0,1.0,56.227,56.227,0.0,1.0,30.019,30.019,0.0,1.0,26.208,26.208,0.0,1.0,1.0,1.0,1.0,1.0,0.9617569100722169,0.9619729927593442,0.9910717035611133,0.9864480207007662,0.0003774,0.9888665417883807,128.805,128.729,0.999290310083112,0.0,0.0,0.0,0.0,0.0,27.58324771587739,27.58324771587739,0.0,0.0,13.665991179987385,13.665991179987385,0.0,0.0,13.984787929366068,13.984787929366068,0.0,0.0,0.0,0.0,0.0,0.0,0.04489731291103448,0.028472364743198107,0.016851296784215344,0.014152462122030557,0.0003434189703765319,0.011718553514290247,71.07510212454281,71.06109854887346,0.012662937190159942,50.0,59.0,59.0,0.0,1.0,26.0,26.0,0.0,1.0,14.0,14.0,0.0,1.0,11.0,11.0,0.0,1.0,1.0,1.0,1.0,1.0,0.8787878787878788,0.9166666666666666,0.9538282647584974,0.9615384615384616,0.0,0.9660959298973827,32.0,32.0,0.9752932098765432,50.0,59.0,59.0,0.0,1.0,47.0,47.0,0.0,1.0,26.0,26.0,0.0,1.0,21.0,21.0,0.0,1.0,1.0,1.0,1.0,1.0,1.0,0.9583333333333334,1.0,0.9873417721518988,0.0003333333333333333,0.9914529914529915,110.0,110.0,1.0,50.0,59.0,59.0,0.0,1.0,110.0,110.0,0.0,1.0,57.04999999999927,57.04999999999927,0.0,1.0,53.04999999999927,53.04999999999927,0.0,1.0,1.0,1.0,1.0,1.0,1.0,1.0,1.0,1.0,0.001,1.0,223.04999999999927,224.0,1.0227272727272727
timing_uncertainty,0.05,unrepaired,50.0,59.0,59.0,0.0,1.0,56.227,56.227,0.0,1.0,30.019,30.019,0.0,1.0,26.208,26.208,0.0,1.0,1.0,1.0,1.0,1.0,0.9617569100722169,0.9619729927593442,0.9910717035611133,0.9864480207007662,0.0003774,0.9888665417883807,128.805,128.729,0.999290310083112,0.0,0.0,0.0,0.0,0.0,27.58324771587739,27.58324771587739,0.0,0.0,13.665991179987385,13.665991179987385,0.0,0.0,13.984787929366068,13.984787929366068,0.0,0.0,0.0,0.0,0.0,0.0,0.04489731291103448,0.028472364743198107,0.016851296784215344,0.014152462122030557,0.0003434189703765319,0.011718553514290247,71.07510212454281,71.06109854887346,0.012662937190159942,50.0,59.0,59.0,0.0,1.0,26.0,26.0,0.0,1.0,14.0,14.0,0.0,1.0,11.0,11.0,0.0,1.0,1.0,1.0,1.0,1.0,0.8787878787878788,0.9166666666666666,0.9538282647584974,0.9615384615384616,0.0,0.9660959298973827,32.0,32.0,0.9752932098765432,50.0,59.0,59.0,0.0,1.0,47.0,47.0,0.0,1.0,26.0,26.0,0.0,1.0,21.0,21.0,0.0,1.0,1.0,1.0,1.0,1.0,1.0,0.9583333333333334,1.0,0.9873417721518988,0.0003333333333333333,0.9914529914529915,110.0,110.0,1.0,50.0,59.0,59.0,0.0,1.0,110.0,110.0,0.0,1.0,57.04999999999927,57.04999999999927,0.0,1.0,53.04999999999927,53.04999999999927,0.0,1.0,1.0,1.0,1.0,1.0,1.0,1.0,1.0,1.0,0.001,1.0,223.04999999999927,224.0,1.0227272727272727
timing_uncertainty,0.1,repaired,50.0,59.0,59.0,0.0,1.0,56.227,56.2067,-0.0203,0.9996854006715196,30.019,30.0088,-0.0102,0.9997027217179657,26.208,26.1979,-0.0101,0.9996653448666966,1.0,1.0,0.9997027217179657,0.9996854006715196,0.9166938859075648,0.9150034718958115,0.98026918526133,0.9698198801600025,0.0010081,0.9720583083603302,128.805,129.1579,1.0032899116714855,0.0,0.0,0.0,0.0,0.0,27.58324771587739,27.568586793809057,0.17575835428197978,0.003028421373893767,13.665991179987385,13.65890109481405,0.10048367875913826,0.003180484221242224,13.984787929366068,13.977398626254992,0.09999494936740527,0.003724870587624323,0.0,0.0,0.003180484221242224,0.003028421373893767,0.0639296215143786,0.04130673211303829,0.02531806004835265,0.02249005001817621,0.001700526458391706,0.03632171297537913,71.07510212454281,71.24594701515724,0.05426562068881862,50.0,59.0,59.0,0.0,1.0,26.0,26.0,0.0,1.0,14.0,14.0,0.0,1.0,11.0,11.0,0.0,1.0,1.0,1.0,1.0,1.0,0.8048780487804879,0.8484848484848485,0.9333333333333333,0.9333333333333333,0.0,0.9302209302325581,32.0,32.0,0.9684126984126984,50.0,59.0,59.0,0.0,1.0,47.0,47.0,0.0,1.0,26.0,26.0,0.0,1.0,21.0,21.0,0.0,1.0,1.0,1.0,1.0,1.0,0.9166666666666666,0.9145299145299145,1.0,0.9696969696969697,0.0006666666666666666,0.9803921568627451,110.0,111.0,1.0,50.0,59.0,59.0,0.0,1.0,110.0,110.0,0.0,1.0,57.04999999999927,57.0,0.0,1.0,53.04999999999927,53.0,0.0,1.0,1.0,1.0,1.0,1.0,1.0,1.0,1.0,1.0,0.0023333333333333335,1.0,223.04999999999927,226.0,1.032258064516129
timing_uncertainty,0.1,unrepaired,50.0,59.0,59.0,0.0,1.0,56.227,56.227,0.0,1.0,30.019,30.019,0.0,1.0,26.208,26.208,0.0,1.0,1.0,1.0,1.0,1.0,0.9168527574232194,0.9150044467257908,0.9805437840641187,0.9700022514337594,0.0010081,0.9720583083603302,128.805,129.1579,1.0032899116714855,0.0,0.0,0.0,0.0,0.0,27.58324771587739,27.58324771587739,0.0,0.0,13.665991179987385,13.665991179987385,0.0,0.0,13.984787929366068,13.984787929366068,0.0,0.0,0.0,0.0,0.0,0.0,0.06396040685562444,0.041283160479629835,0.02517912676142134,0.022340177148355293,0.001700526458391706,0.03632171297537913,71.07510212454281,71.24594701515724,0.05426562068881862,50.0,59.0,59.0,0.0,1.0,26.0,26.0,0.0,1.0,14.0,14.0,0.0,1.0,11.0,11.0,0.0,1.0,1.0,1.0,1.0,1.0,0.8048780487804879,0.8484848484848485,0.9333333333333333,0.9333333333333333,0.0,0.9302209302325581,32.0,32.0,0.9684126984126984,50.0,59.0,59.0,0.0,1.0,47.0,47.0,0.0,1.0,26.0,26.0,0.0,1.0,21.0,21.0,0.0,1.0,1.0,1.0,1.0,1.0,0.9166666666666666,0.9145299145299145,1.0,0.9701492537313433,0.0006666666666666666,0.9803921568627451,110.0,111.0,1.0,50.0,59.0,59.0,0.0,1.0,110.0,110.0,0.0,1.0,57.04999999999927,57.04999999999927,0.0,1.0,53.04999999999927,53.04999999999927,0.0,1.0,1.0,1.0,1.0,1.0,1.0,1.0,1.0,1.0,0.0023333333333333335,1.0,223.04999999999927,226.0,1.032258064516129
timing_uncertainty,0.15,repaired,50.0,59.0,59.0,0.0,1.0,56.227,55.2922,-0.9348,0.9837908838534533,30.019,29.5274,-0.4916,0.9841259160267156,26.208,25.7648,-0.4432,0.9833654551427732,1.0,1.0,0.9841259160267156,0.9837908838534533,0.8218550426565243,0.8248931213747063,0.9436897281993132,0.9259294367666216,0.010529433333333333,0.812370496346212,128.805,155.6079,1.2802725895349547,0.0,0.0,0.0,0.0,0.0,27.58324771587739,27.104491961821545,1.2441478008560878,0.022029295325356142,13.665991179987385,13.426431996163945,0.7187357637614895,0.023867776081256814,13.984787929366068,13.753559430187508,0.6912463686372716,0.02713404149980535,0.0,0.0,0.023867776081256814,0.022029295325356142,0.0809862764479386,0.04935281526299388,0.04246741446514458,0.03727461463693897,0.012554329280616568,0.18619337095066088,71.07510212454281,81.48372793007042,0.4824693584389294,50.0,59.0,59.0,0.0,1.0,26.0,25.0,-3.0,0.9393939393939394,14.0,14.0,-2.0,0.9375,11.0,11.0,-2.0,0.9285714285714286,1.0,1.0,0.9375,0.9393939393939394,0.6884733606557377,0.75,0.8695652173913043,0.8666666666666667,0.0006666666666666666,0.41278608342561834,32.0,35.0,0.9734394753476612,50.0,59.0,59.0,0.0,1.0,47.0,46.0,0.0,1.0,26.0,26.0,0.0,1.0,21.0,21.0,0.0,1.0,1.0,1.0,1.0,1.0,0.8181818181818182,0.8214285714285714,0.9444444444444444,0.9245283018867925,0.0036666666666666666,0.893421819089623,110.0,153.0,1.0571428571428572,50.0,59.0,59.0,0.0,1.0,110.0,109.0,0.0,1.0,57.04999999999927,57.0,0.0,1.0,53.04999999999927,53.0,0.0,1.0,1.0,1.0,1.0,1.0,1.0,0.9123188405797096,1.0,1.0,0.037,0.9861751152073732,223.04999999999927,286.0,2.3143322981366454
timing_uncertainty,0.15,unrepaired,50.0,59.0,59.0,0.0,1.0,56.227,56.227,0.0,1.0,30.019,30.019,0.0,1.0,26.208,26.208,0.0,1.0,1.0,1.0,1.0,1.0,0.8327690913217004,0.8316299620213018,0.9575885055785931,0.935246162842858,0.010529433333333333,0.812370496346212,128.805,155.6079,1.2802725895349547,0.0,0.0,0.0,0.0,0.0,27.58324771587739,27.58324771587739,0.0,0.0,13.665991179987385,13.665991179987385,0.0,0.0,13.984787929366068,13.984787929366068,0.0,0.0,0.0,0.0,0.0,0.0,0.07854852989740721,0.04518222077271478,0.03662604387869321,0.030985392128512684,0.012554329280616568,0.18619337095066088,71.07510212454281,81.48372793007042,0.4824693584389294,50.0,59.0,59.0,0.0,1.0,26.0,26.0,0.0,1.0,14.0,14.0,0.0,1.0,11.0,11.0,0.0,1.0,1.0,1.0,1.0,1.0,0.7037037037037037,0.7627118644067796,0.8928571428571429,0.8878504672897196,0.0006666666666666666,0.41278608342561834,32.0,35.0,0.9734394753476612,50.0,59.0,59.0,0.0,1.0,47.0,47.0,0.0,1.0,26.0,26.0,0.0,1.0,21.0,21.0,0.0,1.0,1.0,1.0,1.0,1.0,0.8285714285714286,0.8285714285714286,0.9574468085106383,0.9333333333333333,0.0036666666666666666,0.893421819089623,110.0,153.0,1.0571428571428572,50.0,59.0,59.0,0.0,1.0,110.0,110.0,0.0,1.0,57.04999999999927,57.04999999999927,0.0,1.0,53.04999999999927,53.04999999999927,0.0,1.0,1.0,1.0,1.0,1.0,1.0,0.9130434782608695,1.0,1.0,0.037,0.9861751152073732,223.04999999999927,286.0,2.3143322981366454
timing_uncertainty,0.2,repaired,50.0,59.0,59.0,0.0,1.0,56.227,54.4392,-1.7878,0.9687202407187068,30.019,29.0837,-0.9353,0.9694977130604592,26.208,25.3555,-0.8525,0.9677625449197907,1.0,1.0,0.9694977130604592,0.9687202407187068,0.7359590572316042,0.7405308252177507,0.9096115770073476,0.8830769897775653,0.0196129,0.7008443576985747,128.805,180.6845,1.5401541460602286,0.0,0.0,0.0,0.0,0.0,27.58324771587739,26.701254634565526,1.7923427153423916,0.030118832241149647,13.665991179987385,13.229383809142348,1.0249970594578248,0.03255777826060536,13.984787929366068,13.554397512216905,0.9835855296055378,0.03704841563698938,0.0,0.0,0.03255777826060536,0.030118832241149647,0.08782531944118609,0.050584299528006624,0.05263547994355584,0.046465039895251754,0.018590973748283866,0.21525049930066137,71.07510212454281,91.91503575112029,0.7050346782905152,50.0,59.0,59.0,0.0,1.0,26.0,25.0,-5.0,0.9117647058823529,14.0,14.0,-3.0,0.9074074074074074,11.0,11.0,-3.0,0.9,1.0,1.0,0.9074074074074074,0.9117647058823529,0.5949196031474512,0.6666666666666666,0.8235294117647058,0.8125,0.0013333333333333333,0.3129271582733813,32.0,38.0,0.9847715736040609,50.0,59.0,59.0,0.0,1.0,47.0,46.0,-1.0,0.972972972972973,26.0,25.0,-1.0,0.972972972972973,21.0,21.0,-1.0,0.9767441860465116,1.0,1.0,0.972972972972973,0.972972972972973,0.7333333333333333,0.7368421052631579,0.9090909090909091,0.8787878787878788,0.016,0.7395735360432907,110.0,182.0,1.2916666666666667,50.0,59.0,59.0,0.0,1.0,110.0,107.0,0.0,1.0,57.04999999999927,56.0,0.0,1.0,53.04999999999927,52.0,0.0,1.0,1.0,1.0,1.0,1.0,0.8846153846153846,0.8285714285714286,1.0,0.9655172413793104,0.05633333333333333,0.9711538461538461,223.04999999999927,337.0,2.9651363271852444
timing_uncertainty,0.2,unrepaired,50.0,59.0,59.0,0.0,1.0,56.227,56.227,0.0,1.0,30.019,30.019,0.0,1.0,26.208,26.208,0.0,1.0,1.0,1.0,1.0,1.0,0.754830364910941,0.7524769673777212,0.9355690308151583,0.9003065552601254,0.0196129,0.7008443576985747,128.805,180.6845,1.5401541460602286,0.0,0.0,0.0,0.0,0.0,27.58324771587739,27.58324771587739,0.0,0.0,13.665991179987385,13.665991179987385,0.0,0.0,13.984787929366068,13.984787929366068,0.0,0.0,0.0,0.0,0.0,0.0,0.0854616465373221,0.0444594605638968,0.04483058136358333,0.0379878229117339,0.018590973748283866,0.21525049930066137,71.07510212454281,91.91503575112029,0.7050346782905152,50.0,59.0,59.0,0.0,1.0,26.0,26.0,0.0,1.0,14.0,14.0,0.0,1.0,11.0,11.0,0.0,1.0,1.0,1.0,1.0,1.0,0.6190476190476191,0.6862745098039216,0.86,0.8442569725356611,0.0013333333333333333,0.3129271582733813,32.0,38.0,0.9847715736040609,50.0,59.0,59.0,0.0,1.0,47.0,47.0,0.0,1.0,26.0,26.0,0.0,1.0,21.0,21.0,0.0,1.0,1.0,1.0,1.0,1.0,0.75,0.7471264367816092,0.9375,0.8970588235294118,0.016,0.7395735360432907,110.0,182.0,1.2916666666666667,50.0,59.0,59.0,0.0,1.0,110.0,110.0,0.0,1.0,57.04999999999927,57.04999999999927,0.0,1.0,53.04999999999927,53.04999999999927,0.0,1.0,1.0,1.0,1.0,1.0,0.9,0.8333333333333334,1.0,0.96875,0.05633333333333333,0.9711538461538461,223.04999999999927,337.0,2.9651363271852444
timing_uncertainty,0.25,repaired,50.0,59.0,59.0,0.0,1.0,56.227,53.456,-2.771,0.9508940986791513,30.019,28.5438,-1.4752,0.9514061860478125,26.208,24.9122,-1.2958,0.950218029084547,1.0,1.0,0.9514061860478125,0.9508940986791513,0.6558364764893723,0.6614064920937457,0.8689848564848468,0.835112875265449,0.0304293,0.5998503458663077,128.805,210.6011,1.8555219970300867,0.0,0.0,0.0,0.0,0.0,27.58324771587739,26.28144850371736,2.3097386192487086,0.03659978843055868,13.665991179987385,13.008358977992977,1.316494692669738,0.03977953471191577,13.984787929366068,13.362871989014153,1.2524612672344793,0.04573384760014744,0.0,0.0,0.03977953471191577,0.03659978843055868,0.09009561199259501,0.05119251645886309,0.05969023982198808,0.05147409931314291,0.024825559165995582,0.22309539404643702,71.07510212454281,104.63451446321014,0.9330953226787603,50.0,59.0,59.0,0.0,1.0,26.0,25.0,-7.0,0.8823529411764706,14.0,14.0,-4.0,0.88,11.0,11.0,-4.0,0.8666666666666667,1.0,1.0,0.88,0.8823529411764706,0.5142857142857142,0.5833333333333334,0.7719298245614035,0.7570093457943925,0.0026666666666666666,0.24285020804438281,32.0,47.0,1.0,50.0,59.0,59.0,0.0,1.0,47.0,45.0,-2.0,0.9545454545454546,26.0,25.0,-1.0,0.9534883720930233,21.0,20.0,-1.0,0.9523809523809523,1.0,1.0,0.9534883720930233,0.9545454545454546,0.6521739130434783,0.6585365853658537,0.8666666666666667,0.8311688311688312,0.024,0.6077190369818813,110.0,209.0,1.5444115713346482,50.0,59.0,59.0,0.0,1.0,110.0,105.0,0.0,1.0,57.04999999999927,55.0,0.0,1.0,53.04999999999927,51.0,0.0,1.0,1.0,1.0,1.0,1.0,0.8095238095238095,0.75,0.9615384615384616,0.9259259259259259,0.079,0.9434003281378178,223.04999999999927,394.0,3.7777777777777777
timing_uncertainty,0.25,unrepaired,50.0,59.0,59.0,0.0,1.0,56.227,56.227,0.0,1.0,30.019,30.019,0.0,1.0,26.208,26.208,0.0,1.0,1.0,1.0,1.0,1.0,0.6824461065577806,0.6791303665074078,0.9073352607542647,0.8612245802365703,0.0304293,0.5998503458663077,128.805,210.6011,1.8555219970300867,0.0,0.0,0.0,0.0,0.0,27.58324771587739,27.58324771587739,0.0,0.0,13.665991179987385,13.665991179987385,0.0,0.0,13.984787929366068,13.984787929366068,0.0,0.0,0.0,0.0,0.0,0.0,0.08751357590642436,0.043050737144652906,0.0522616150982499,0.041810876360401074,0.024825559165995582,0.22309539404643702,71.07510212454281,104.63451446321014,0.9330953226787603,50.0,59.0,59.0,0.0,1.0,26.0,26.0,0.0,1.0,14.0,14.0,0.0,1.0,11.0,11.0,0.0,1.0,1.0,1.0,1.0,1.0,0.5454545454545454,0.6153846153846154,0.8214285714285714,0.8,0.0026666666666666666,0.24285020804438281,32.0,47.0,1.0,50.0,59.0,59.0,0.0,1.0,47.0,47.0,0.0,1.0,26.0,26.0,0.0,1.0,21.0,21.0,0.0,1.0,1.0,1.0,1.0,1.0,0.6774193548387096,0.6744186046511628,0.9047619047619048,0.8571428571428571,0.024,0.6077190369818813,110.0,209.0,1.5444115713346482,50.0,59.0,59.0,0.0,1.0,110.0,110.0,0.0,1.0,57.04999999999927,57.04999999999927,0.0,1.0,53.04999999999927,53.04999999999927,0.0,1.0,1.0,1.0,1.0,1.0,0.8333333333333334,0.7560975609756098,1.0,0.9348176718092562,0.079,0.9434003281378178,223.04999999999927,394.0,3.7777777777777777
timing_uncertainty,0.3,repaired,50.0,59.0,59.0,0.0,1.0,56.227,52.6022,-3.6248,0.9359561465535131,30.019,28.096,-1.923,0.9367436858097288,26.208,24.5062,-1.7018,0.9349701686347682,1.0,1.0,0.9367436858097288,0.9359561465535131,0.5885212600611549,0.5947818304910332,0.8337782851015312,0.7925002442982927,0.040620333333333335,0.5296388187148708,128.805,238.8786,2.153356483936792,0.0,0.0,0.0,0.0,0.0,27.58324771587739,25.862993728577955,2.8006087375658333,0.04152093093792199,13.665991179987385,12.8052013384457,1.564389891163052,0.04505504755716018,13.984787929366068,13.153435400924138,1.5090740506844087,0.05163554393372828,0.0,0.0,0.04505504755716018,0.04152093093792199,0.08975532994753946,0.050125889214840305,0.06638698550688472,0.056941519941353436,0.03087613800207413,0.2203105815908464,71.07510212454281,118.50875450585724,1.1737396597796554,50.0,59.0,59.0,0.0,1.0,26.0,24.0,-9.0,0.8611111111111112,14.0,14.0,-5.0,0.8571428571428571,11.0,10.0,-5.0,0.8387096774193549,1.0,1.0,0.8571428571428571,0.8611111111111112,0.45098039215686275,0.5172413793103449,0.7272727272727273,0.7073170731707317,0.004,0.19904270788453254,32.0,61.0,1.0242659818957836,50.0,59.0,59.0,0.0,1.0,47.0,44.0,-3.0,0.9404761904761905,26.0,24.0,-2.0,0.9411764705882353,21.0,20.0,-1.0,0.9387755102040817,1.0,1.0,0.9411764705882353,0.9404761904761905,0.5833333333333334,0.5918367346938775,0.8333333333333334,0.7872340425531915,0.033,0.5333333333333333,110.0,233.0,1.738883399209486,50.0,59.0,59.0,0.0,1.0,110.0,103.0,0.0,1.0,57.04999999999927,54.0,0.0,1.0,53.04999999999927,50.0,0.0,1.0,1.0,1.0,1.0,1.0,0.7407407407407407,0.680570330969267,0.9444444444444444,0.8928571428571429,0.10033333333333333,0.9023312535450935,223.04999999999927,447.0,4.504880467689738
timing_uncertainty,0.3,unrepaired,50.0,59.0,59.0,0.0,1.0,56.227,56.227,0.0,1.0,30.019,30.019,0.0,1.0,26.208,26.208,0.0,1.0,1.0,1.0,1.0,1.0,0.6194787285808567,0.616229076555293,0.8814811647618465,0.8255492673474532,0.040620333333333335,0.5296388187148708,128.805,238.8786,2.153356483936792,0.0,0.0,0.0,0.0,0.0,27.58324771587739,27.58324771587739,0.0,0.0,13.665991179987385,13.665991179987385,0.0,0.0,13.984787929366068,13.984787929366068,0.0,0.0,0.0,0.0,0.0,0.0,0.08696330193044505,0.04181294352181201,0.05968507198887363,0.046750735577296886,0.03087613800207413,0.2203105815908464,71.07510212454281,118.50875450585724,1.1737396597796554,50.0,59.0,59.0,0.0,1.0,26.0,26.0,0.0,1.0,14.0,14.0,0.0,1.0,11.0,11.0,0.0,1.0,1.0,1.0,1.0,1.0,0.4857142857142857,0.5555555555555556,0.7843137254901961,0.7567567567567568,0.004,0.19904270788453254,32.0,61.0,1.0242659818957836,50.0,59.0,59.0,0.0,1.0,47.0,47.0,0.0,1.0,26.0,26.0,0.0,1.0,21.0,21.0,0.0,1.0,1.0,1.0,1.0,1.0,0.6153846153846154,0.6111111111111112,0.8823529411764706,0.8235294117647058,0.033,0.5333333333333333,110.0,233.0,1.738883399209486,50.0,59.0,59.0,0.0,1.0,110.0,110.0,0.0,1.0,57.04999999999927,57.04999999999927,0.0,1.0,53.04999999999927,53.04999999999927,0.0,1.0,1.0,1.0,1.0,1.0,0.7692307692307693,0.6923076923076923,1.0,0.9090909090909091,0.10033333333333333,0.9023312535450935,223.04999999999927,447.0,4.504880467689738
timing_uncertainty,0.4,repaired,50.0,59.0,59.0,0.0,1.0,56.227,50.9856,-5.2414,0.9073678641183424,30.019,27.2173,-2.8017,0.9077351365937931,26.208,23.7683,-2.4397,0.9069178688049083,1.0,1.0,0.9077351365937931,0.9073678641183424,0.4670841083039014,0.47316397132821386,0.7623978976472781,0.7103021874254499,0.059727166666666665,0.43196184935802995,128.805,290.8297,2.7007368148809063,0.0,0.0,0.0,0.0,0.0,27.58324771587739,25.083558581890117,3.6590251278842905,0.049090988218681374,13.665991179987385,12.410740645035506,2.0356304893445003,0.05394860478075248,13.984787929366068,12.778182316132837,1.923105234607383,0.0602959109215736,0.0,0.0,0.05394860478075248,0.049090988218681374,0.08482398530310346,0.04648081667112047,0.07567916391231566,0.06424021051998911,0.04170023124916917,0.20795355218463812,71.07510212454281,143.8974285555669,1.5544422053122169,50.0,59.0,59.0,0.0,1.0,26.0,23.0,-12.0,0.8181818181818182,14.0,13.0,-7.0,0.8124410377358491,11.0,10.0,-6.0,0.8,1.0,1.0,0.8124410377358491,0.8181818181818182,0.3333333333333333,0.4,0.6451612903225806,0.6153846153846154,0.008333333333333333,0.14843320741758242,32.0,92.0,1.112124580346611,50.0,59.0,59.0,0.0,1.0,47.0,43.0,-5.0,0.9117647058823529,26.0,23.0,-2.0,0.9117647058823529,21.0,19.0,-2.0,0.9130434782608695,1.0,1.0,0.9117647058823529,0.9117647058823529,0.46153846153846156,0.47058823529411764,0.76,0.7052631578947368,0.048666666666666664,0.42119214133243454,110.0,275.0,2.1458333333333335,50.0,59.0,59.0,0.0,1.0,110.0,100.0,-1.0,0.9795918367346939,57.04999999999927,52.0,0.0,1.0,53.04999999999927,49.0,0.0,1.0,1.0,1.0,1.0,0.9795918367346939,0.6111111111111112,0.5555555555555556,0.8929511278195476,0.8235294117647058,0.14066666666666666,0.796875,223.04999999999927,543.0,5.833333333333333
timing_uncertainty,0.4,unrepaired,50.0,59.0,59.0,0.0,1.0,56.227,56.227,0.0,1.0,30.019,30.019,0.0,1.0,26.208,26.208,0.0,1.0,1.0,1.0,1.0,1.0,0.5024618878804976,0.49855070368650695,0.8236055378316365,0.7532431031201438,0.059727166666666665,0.43196184935802995,128.805,290.8297,2.7007368148809063,0.0,0.0,0.0,0.0,0.0,27.58324771587739,27.58324771587739,0.0,0.0,13.665991179987385,13.665991179987385,0.0,0.0,13.984787929366068,13.984787929366068,0.0,0.0,0.0,0.0,0.0,0.0,0.08295760205368116,0.03799517567567865,0.07136564139626576,0.055396253875148994,0.04170023124916917,0.20795355218463812,71.07510212454281,143.8974285555669,1.5544422053122169,50.0,59.0,59.0,0.0,1.0,26.0,26.0,0.0,1.0,14.0,14.0,0.0,1.0,11.0,11.0,0.0,1.0,1.0,1.0,1.0,1.0,0.375,0.4444444444444444,0.7096774193548387,0.6724137931034483,0.008333333333333333,0.14843320741758242,32.0,92.0,1.112124580346611,50.0,59.0,59.0,0.0,1.0,47.0,47.0,0.0,1.0,26.0,26.0,0.0,1.0,21.0,21.0,0.0,1.0,1.0,1.0,1.0,1.0,0.5,0.49295774647887325,0.8222222222222222,0.75,0.048666666666666664,0.42119214133243454,110.0,275.0,2.1458333333333335,50.0,59.0,59.0,0.0,1.0,110.0,110.0,0.0,1.0,57.04999999999927,57.04999999999927,0.0,1.0,53.04999999999927,53.04999999999927,0.0,1.0,1.0,1.0,1.0,1.0,0.6470588235294118,0.5675675675675675,0.9444444444444444,0.85,0.14066666666666666,0.796875,223.04999999999927,543.0,5.833333333333333
timing_uncertainty,0.5,repaired,50.0,59.0,59.0,0.0,1.0,56.227,49.7034,-6.5236,0.8840678410742152,30.019,26.5291,-3.4899,0.8844734875781007,26.208,23.1743,-3.0337,0.883585702570437,1.0,1.0,0.8844734875781007,0.8840678410742152,0.3622177154893903,0.36804171516163137,0.6993296300906925,0.6352383530115204,0.076309,0.3687590535260942,128.805,334.3418,3.1633863786024037,0.0,0.0,0.0,0.0,0.0,27.58324771587739,24.55641118268336,4.308143341383266,0.05608636720139882,13.665991179987385,12.148280177092017,2.3623835581055768,0.06071981829369095,13.984787929366068,12.519728186721416,2.2495933803773767,0.06868349114646233,0.0,0.0,0.06071981829369095,0.05608636720139882,0.07670039547993436,0.04232741043253234,0.08017799528462982,0.0694592308092316,0.05055926125296343,0.19448983046505805,71.07510212454281,166.45236619459985,1.877190210832307,50.0,59.0,59.0,0.0,1.0,26.0,23.0,-15.0,0.782608695652174,14.0,13.0,-8.0,0.7777777777777778,11.0,10.0,-7.0,0.76,1.0,1.0,0.7777777777777778,0.782608695652174,0.2498456790123458,0.3018867924528302,0.574468085106383,0.5327102803738317,0.015,0.11810812333610356,32.0,109.95000000000005,1.2156675110235482,50.0,59.0,59.0,0.0,1.0,47.0,41.0,-6.0,0.8888888888888888,26.0,22.0,-3.0,0.8888888888888888,21.0,19.0,-3.0,0.8888888888888888,1.0,1.0,0.8888888888888888,0.8888888888888888,0.35714285714285715,0.36545092838196286,0.6956521739130435,0.6296296296296297,0.06266666666666666,0.3563218390804598,110.0,311.0,2.4540346813572054,50.0,59.0,59.0,0.0,1.0,110.0,98.0,-1.0,0.967741935483871,57.04999999999927,51.0,-1.0,0.98,53.04999999999927,48.0,0.0,1.0,1.0,1.0,0.98,0.967741935483871,0.5,0.4418604651162791,0.8421052631578947,0.7575757575757576,0.17433333333333334,0.7184340352274622,223.04999999999927,628.0,6.896651674162917
timing_uncertainty,0.5,unrepaired,50.0,59.0,59.0,0.0,1.0,56.227,56.227,0.0,1.0,30.019,30.019,0.0,1.0,26.208,26.208,0.0,1.0,1.0,1.0,1.0,1.0,0.3967027383651092,0.39427541570242436,0.7677402280515871,0.683940639925421,0.076309,0.3687590535260942,128.805,334.3418,3.1633863786024037,0.0,0.0,0.0,0.0,0.0,27.58324771587739,27.58324771587739,0.0,0.0,13.665991179987385,13.665991179987385,0.0,0.0,13.984787929366068,13.984787929366068,0.0,0.0,0.0,0.0,0.0,0.0,0.07392526839339172,0.03405234252465022,0.07939431615270243,0.06342040026498032,0.05055926125296343,0.19448983046505805,71.07510212454281,166.45236619459985,1.877190210832307,50.0,59.0,59.0,0.0,1.0,26.0,26.0,0.0,1.0,14.0,14.0,0.0,1.0,11.0,11.0,0.0,1.0,1.0,1.0,1.0,1.0,0.2857142857142857,0.34545454545454546,0.6415094339622641,0.5887096774193549,0.015,0.11810812333610356,32.0,109.95000000000005,1.2156675110235482,50.0,59.0,59.0,0.0,1.0,47.0,47.0,0.0,1.0,26.0,26.0,0.0,1.0,21.0,21.0,0.0,1.0,1.0,1.0,1.0,1.0,0.391304347826087,0.3900709219858156,0.7666666666666667,0.6808510638297872,0.06266666666666666,0.3563218390804598,110.0,311.0,2.4540346813572054,50.0,59.0,59.0,0.0,1.0,110.0,110.0,0.0,1.0,57.04999999999927,57.04999999999927,0.0,1.0,53.04999999999927,53.04999999999927,0.0,1.0,1.0,1.0,1.0,1.0,0.5238095238095238,0.45454545454545453,0.9,0.7931034482758621,0.17433333333333334,0.7184340352274622,223.04999999999927,628.0,6.896651674162917
timing_uncertainty,0.6,repaired,50.0,59.0,59.0,0.0,1.0,56.227,48.6739,-7.5531,0.865811652285009,30.019,25.9698,-4.0492,0.8659721346326295,26.208,22.7041,-3.5039,0.8656631077848573,1.0,1.0,0.8659721346326295,0.865811652285009,0.2812659090708447,0.2854805505508864,0.646558464648892,0.5749355721671708,0.0908939,0.32366289286031674,128.805,371.7257,3.5502257615027686,0.0,0.0,0.0,0.0,0.0,27.58324771587739,24.0676106786357,4.845877489460941,0.06000663303635691,13.665991179987385,11.904858694081716,2.6342500426741404,0.06471885241120597,13.984787929366068,12.276465873835003,2.5099033350858626,0.07273943729315012,0.0,0.0,0.06471885241120597,0.06000663303635691,0.06778273311132156,0.037865831221537014,0.08458983526324605,0.07488879603784765,0.05821501397995512,0.1791757610984841,71.07510212454281,186.0751285230125,2.1578475419267944,50.0,59.0,59.0,0.0,1.0,26.0,22.0,-17.0,0.7567567567567568,14.0,13.0,-9.0,0.75,11.0,10.0,-8.0,0.7367924528301887,1.0,1.0,0.75,0.7567567567567568,0.17857142857142858,0.22825133485888635,0.5178571428571429,0.46399587628865985,0.022333333333333334,0.09959379548485717,32.0,125.0,1.3269135567402894,50.0,59.0,59.0,0.0,1.0,47.0,40.0,-6.0,0.8709677419354839,26.0,22.0,-4.0,0.8695652173913043,21.0,18.0,-3.0,0.8709677419354839,1.0,1.0,0.8695652173913043,0.8709677419354839,0.27710843373493976,0.2835820895522388,0.6428571428571429,0.5714285714285714,0.07366666666666667,0.3114633108145219,110.0,340.0,2.708941058941059,50.0,59.0,59.0,0.0,1.0,110.0,96.0,-2.0,0.9574468085106383,57.04999999999927,50.0,-1.0,0.9629629629629629,53.04999999999927,47.0,0.0,1.0,1.0,1.0,0.9629629629629629,0.9574468085106383,0.4,0.35135135135135137,0.7916666666666666,0.7058823529411765,0.204,0.6565108374658714,223.04999999999927,701.0,7.784322177146721
timing_uncertainty,0.6,unrepaired,50.0,59.0,59.0,0.0,1.0,56.227,56.227,0.0,1.0,30.019,30.019,0.0,1.0,26.208,26.208,0.0,1.0,1.0,1.0,1.0,1.0,0.31214604699738485,0.30998258208160023,0.717552161349862,0.6244998450352621,0.0908939,0.32366289286031674,128.805,371.7257,3.5502257615027686,0.0,0.0,0.0,0.0,0.0,27.58324771587739,27.58324771587739,0.0,0.0,13.665991179987385,13.665991179987385,0.0,0.0,13.984787929366068,13.984787929366068,0.0,0.0,0.0,0.0,0.0,0.0,0.06572068584612854,0.03128378120839723,0.08714895900111118,0.07224405124981856,0.05821501397995512,0.1791757610984841,71.07510212454281,186.0751285230125,2.1578475419267944,50.0,59.0,59.0,0.0,1.0,26.0,26.0,0.0,1.0,14.0,14.0,0.0,1.0,11.0,11.0,0.0,1.0,1.0,1.0,1.0,1.0,0.21212121212121213,0.26582278481012656,0.5789473684210527,0.5151515151515151,0.022333333333333334,0.09959379548485717,32.0,125.0,1.3269135567402894,50.0,59.0,59.0,0.0,1.0,47.0,47.0,0.0,1.0,26.0,26.0,0.0,1.0,21.0,21.0,0.0,1.0,1.0,1.0,1.0,1.0,0.3076923076923077,0.3064516129032258,0.7142857142857143,0.6231884057971014,0.07366666666666667,0.3114633108145219,110.0,340.0,2.708941058941059,50.0,59.0,59.0,0.0,1.0,110.0,110.0,0.0,1.0,57.04999999999927,57.04999999999927,0.0,1.0,53.04999999999927,53.04999999999927,0.0,1.0,1.0,1.0,1.0,1.0,0.42857142857142855,0.3670886075949367,0.8636363636363636,0.75,0.204,0.6565108374658714,223.04999999999927,701.0,7.784322177146721
timing_uncertainty,0.7,repaired,50.0,59.0,59.0,0.0,1.0,56.227,47.8936,-8.3334,0.8520632889129282,30.019,25.5241,-4.4949,0.8510254368845448,26.208,22.3695,-3.8385,0.8533990293990268,1.0,1.0,0.8510254368845448,0.8520632889129282,0.2109601250601529,0.21324651029656647,0.6037944609078287,0.5231885071060197,0.10320423333333333,0.2908465827429201,128.805,401.8671,3.879697474426398,0.0,0.0,0.0,0.0,0.0,27.58324771587739,23.691699151831003,5.337929728778652,0.06422699215483643,13.665991179987385,11.725210754895802,2.8880803470140934,0.06936247379279836,13.984787929366068,12.085320651415309,2.743568928794524,0.07686781427776902,0.0,0.0,0.06936247379279836,0.06422699215483643,0.0599203199273666,0.03393908919798248,0.08684770684432706,0.07947502361387275,0.06431588742617507,0.16864341499265617,71.07510212454281,200.9868528264747,2.3885864076697993,50.0,59.0,59.0,0.0,1.0,26.0,22.0,-19.0,0.7352941176470589,14.0,12.0,-10.0,0.7307692307692307,11.0,9.0,-9.0,0.7142857142857143,1.0,1.0,0.7307692307692307,0.7352941176470589,0.12121212121212122,0.16216216216216217,0.47058823529411764,0.40243201569946735,0.027666666666666666,0.08601540579634374,32.0,138.0,1.398086101565483,50.0,59.0,59.0,0.0,1.0,47.0,39.0,-7.0,0.8585858585858586,26.0,22.0,-4.0,0.8571428571428571,21.0,18.0,-3.0,0.8571428571428571,1.0,1.0,0.8571428571428571,0.8585858585858586,0.20689655172413793,0.21052631578947367,0.6,0.52,0.08349999999999999,0.28073549257759783,110.0,362.0,2.9203960396039603,50.0,59.0,59.0,0.0,1.0,110.0,94.0,-2.0,0.9464285714285714,57.04999999999927,48.0,-1.0,0.9523809523809523,53.04999999999927,46.0,-1.0,0.9714285714285714,1.0,1.0,0.9523809523809523,0.9464285714285714,0.3157894736842105,0.2727272727272727,0.75,0.6578947368421053,0.229,0.6,223.04999999999927,761.0,8.537897727272721
timing_uncertainty,0.7,unrepaired,50.0,59.0,59.0,0.0,1.0,56.227,56.227,0.0,1.0,30.019,30.019,0.0,1.0,26.208,26.208,0.0,1.0,1.0,1.0,1.0,1.0,0.23624543597769893,0.23431142197395924,0.675019635013982,0.5721523270579871,0.10320423333333333,0.2908465827429201,128.805,401.8671,3.879697474426398,0.0,0.0,0.0,0.0,0.0,27.58324771587739,27.58324771587739,0.0,0.0,13.665991179987385,13.665991179987385,0.0,0.0,13.984787929366068,13.984787929366068,0.0,0.0,0.0,0.0,0.0,0.0,0.05840073488192418,0.029371093880491677,0.09223404975351207,0.07988548729265858,0.06431588742617507,0.16864341499265617,71.07510212454281,200.9868528264747,2.3885864076697993,50.0,59.0,59.0,0.0,1.0,26.0,26.0,0.0,1.0,14.0,14.0,0.0,1.0,11.0,11.0,0.0,1.0,1.0,1.0,1.0,1.0,0.15,0.19298245614035087,0.53125,0.4485981308411215,0.027666666666666666,0.08601540579634374,32.0,138.0,1.398086101565483,50.0,59.0,59.0,0.0,1.0,47.0,47.0,0.0,1.0,26.0,26.0,0.0,1.0,21.0,21.0,0.0,1.0,1.0,1.0,1.0,1.0,0.23076923076923078,0.23076923076923078,0.673494983277592,0.5714285714285714,0.08349999999999999,0.28073549257759783,110.0,362.0,2.9203960396039603,50.0,59.0,59.0,0.0,1.0,110.0,110.0,0.0,1.0,57.04999999999927,57.04999999999927,0.0,1.0,53.04999999999927,53.04999999999927,0.0,1.0,1.0,1.0,1.0,1.0,0.3333333333333333,0.288135593220339,0.8260869565217391,0.7058823529411765,0.229,0.6,223.04999999999927,761.0,8.537897727272721
timing_uncertainty,0.8,repaired,50.0,59.0,59.0,0.0,1.0,56.227,47.2102,-9.0168,0.8397131434994534,30.019,25.1332,-4.8858,0.8379401602770858,26.208,22.077,-4.131,0.841962736403641,1.0,1.0,0.8379401602770858,0.8397131434994534,0.14858956136632212,0.14945399112551405,0.5667715608120462,0.4814889239647476,0.1127908,0.2664906487058632,128.805,422.9576,4.085008064556938,0.0,0.0,0.0,0.0,0.0,27.58324771587739,23.392134044449993,5.672101465374487,0.06714893881576407,13.665991179987385,11.560848718078983,3.0638043425951635,0.07219017171807465,13.984787929366068,11.951742777333388,2.9069372247096785,0.0802876333109084,0.0,0.0,0.07219017171807465,0.06714893881576407,0.05121419812236511,0.030834782781775656,0.08792194512309286,0.08252208268177211,0.06932419938103838,0.16107568394990213,71.07510212454281,213.68991913610284,2.5134373112543065,50.0,59.0,59.0,0.0,1.0,26.0,22.0,-20.0,0.71875,14.0,12.0,-11.0,0.7083333333333334,11.0,9.0,-10.0,0.7,1.0,1.0,0.7083333333333334,0.71875,0.07142857142857142,0.10416666666666667,0.43333333333333335,0.3557692307692308,0.032,0.07420349085543432,32.0,147.0,1.428537087912088,50.0,59.0,59.0,0.0,1.0,47.0,39.0,-8.0,0.8454545454545455,26.0,21.0,-4.0,0.8421052631578947,21.0,18.0,-3.0,0.8461538461538461,1.0,1.0,0.8421052631578947,0.8454545454545455,0.14285714285714285,0.14659685863874344,0.5625,0.48,0.09066666666666667,0.254134529475047,110.0,377.0,3.06733260263053,50.0,59.0,59.0,0.0,1.0,110.0,92.0,-2.0,0.9411764705882353,57.04999999999927,48.0,-1.0,0.9473684210526315,53.04999999999927,45.0,-1.0,0.9629629629629629,1.0,1.0,0.9473684210526315,0.9411764705882353,0.23809523809523808,0.20454545454545456,0.7142857142857143,0.6190476190476191,0.247,0.5703741886216113,223.04999999999927,801.0,8.940553830227742
timing_uncertainty,0.8,unrepaired,50.0,59.0,59.0,0.0,1.0,56.227,56.227,0.0,1.0,30.019,30.019,0.0,1.0,26.208,26.208,0.0,1.0,1.0,1.0,1.0,1.0,0.16811049206874032,0.16665048690021933,0.638601611912891,0.5292246139602753,0.1127908,0.2664906487058632,128.805,422.9576,4.085008064556938,0.0,0.0,0.0,0.0,0.0,27.58324771587739,27.58324771587739,0.0,0.0,13.665991179987385,13.665991179987385,0.0,0.0,13.984787929366068,13.984787929366068,0.0,0.0,0.0,0.0,0.0,0.0,0.050364655738342624,0.028316168661046907,0.09707150104851746,0.08635864837800827,0.06932419938103838,0.16107568394990213,71.07510212454281,213.68991913610284,2.5134373112543065,50.0,59.0,59.0,0.0,1.0,26.0,26.0,0.0,1.0,14.0,14.0,0.0,1.0,11.0,11.0,0.0,1.0,1.0,1.0,1.0,1.0,0.09250841750841758,0.12727272727272726,0.4883720930232558,0.39603960396039606,0.032,0.07420349085543432,32.0,147.0,1.428537087912088,50.0,59.0,59.0,0.0,1.0,47.0,47.0,0.0,1.0,26.0,26.0,0.0,1.0,21.0,21.0,0.0,1.0,1.0,1.0,1.0,1.0,0.16363636363636364,0.16304347826086957,0.64,0.5319148936170213,0.09066666666666667,0.254134529475047,110.0,377.0,3.06733260263053,50.0,59.0,59.0,0.0,1.0,110.0,110.0,0.0,1.0,57.04999999999927,57.04999999999927,0.0,1.0,53.04999999999927,53.04999999999927,0.0,1.0,1.0,1.0,1.0,1.0,0.2558139534883721,0.21951219512195122,0.8,0.6666666666666666,0.247,0.5703741886216113,223.04999999999927,801.0,8.940553830227742
timing_uncertainty,0.9,repaired,50.0,59.0,59.0,0.0,1.0,56.227,46.756,-9.471,0.832006782438588,30.019,24.8914,-5.1276,0.8301321196045681,26.208,21.8646,-4.3434,0.8343570796701604,1.0,1.0,0.8301321196045681,0.832006782438588,0.09365434625436174,0.09397480371615542,0.5397123915586983,0.4524897807228902,0.12033923333333332,0.2470998485732849,128.805,437.9439,4.255814220248454,0.0,0.0,0.0,0.0,0.0,27.58324771587739,23.161107652501656,5.928243703437025,0.06945748672301437,13.665991179987385,11.454227428010897,3.181623879884498,0.07435269786705091,13.984787929366068,11.830032198019575,3.0346000263184645,0.08222708372482541,0.0,0.0,0.07435269786705091,0.06945748672301437,0.04189925423703927,0.027317195101132098,0.08921552866038457,0.08422518734636616,0.07270383991862323,0.15332395250872444,71.07510212454281,220.46139815304957,2.6324599970163285,50.0,59.0,59.0,0.0,1.0,26.0,22.0,-21.049999999999955,0.7037037037037037,14.0,12.0,-11.0,0.7,11.0,9.0,-10.0,0.6842105263157895,1.0,1.0,0.7,0.7037037037037037,0.03225806451612903,0.05478206724782068,0.40384615384615385,0.32432432432432434,0.03666666666666667,0.06521739130434782,32.0,158.0,1.4763443396226414,50.0,59.0,59.0,0.0,1.0,47.0,38.0,-8.0,0.8387096774193549,26.0,21.0,-4.0,0.8333333333333334,21.0,17.0,-4.0,0.8421052631578947,1.0,1.0,0.8333333333333334,0.8387096774193549,0.08928571428571429,0.09090909090909091,0.5333333333333333,0.4523809523809524,0.097,0.2386593950645935,110.0,387.0,3.1679110322142745,50.0,59.0,59.0,0.0,1.0,110.0,92.0,-2.0,0.9361702127659575,57.04999999999927,47.0,-1.0,0.9444444444444444,53.04999999999927,45.0,-1.0,0.9565217391304348,1.0,1.0,0.9444444444444444,0.9361702127659575,0.1702127659574468,0.14285714285714285,0.6923076923076923,0.5925925925925926,0.2586833333333331,0.5379956333747165,223.04999999999927,827.0,9.367457852706298
timing_uncertainty,0.9,unrepaired,50.0,59.0,59.0,0.0,1.0,56.227,56.227,0.0,1.0,30.019,30.019,0.0,1.0,26.208,26.208,0.0,1.0,1.0,1.0,1.0,1.0,0.1075791450969261,0.10657056520037587,0.6095731201448464,0.49875367030537354,0.12033923333333332,0.2470998485732849,128.805,437.9439,4.255814220248454,0.0,0.0,0.0,0.0,0.0,27.58324771587739,27.58324771587739,0.0,0.0,13.665991179987385,13.665991179987385,0.0,0.0,13.984787929366068,13.984787929366068,0.0,0.0,0.0,0.0,0.0,0.0,0.04165084127958095,0.02659934296548679,0.09963469224192699,0.09034988190637105,0.07270383991862323,0.15332395250872444,71.07510212454281,220.46139815304957,2.6324599970163285,50.0,59.0,59.0,0.0,1.0,26.0,26.0,0.0,1.0,14.0,14.0,0.0,1.0,11.0,11.0,0.0,1.0,1.0,1.0,1.0,1.0,0.047619047619047616,0.06976744186046512,0.4583333333333333,0.359375,0.03666666666666667,0.06521739130434782,32.0,158.0,1.4763443396226414,50.0,59.0,59.0,0.0,1.0,47.0,47.0,0.0,1.0,26.0,26.0,0.0,1.0,21.0,21.0,0.0,1.0,1.0,1.0,1.0,1.0,0.10344827586206896,0.10344827586206896,0.6111111111111112,0.5,0.097,0.2386593950645935,110.0,387.0,3.1679110322142745,50.0,59.0,59.0,0.0,1.0,110.0,110.0,0.0,1.0,57.04999999999927,57.04999999999927,0.0,1.0,53.04999999999927,53.04999999999927,0.0,1.0,1.0,1.0,1.0,1.0,0.18181818181818182,0.15625,0.7727272727272727,0.64,0.2586833333333331,0.5379956333747165,223.04999999999927,827.0,9.367457852706298
