dataset,fold,repeat,method,scenario,severity,progress,score,n
fcc,0,0,ACM-SVM,late_time_delay,0.0,0.1666667,0.390625,3200
fcc,0,0,ACM-SVM,late_time_delay,0.0,0.3333333,0.390625,3200
fcc,0,0,ACM-SVM,late_time_delay,0.0,0.5,0.646875,3200
fcc,0,0,ACM-SVM,late_time_delay,0.0,0.6666667,0.890625,3200
fcc,0,0,ACM-SVM,late_time_delay,0.0,0.8333333,0.975,3200
fcc,0,0,ACM-SVM,late_time_delay,0.0,1.0,0.978125,3200
fcc,0,0,ACM-SVM,late_time_delay,0.05,0.1666667,0.065625,3200
fcc,0,0,ACM-SVM,late_time_delay,0.05,0.3333333,0.065625,3200
fcc,0,0,ACM-SVM,late_time_delay,0.05,0.5,0.128125,3200
fcc,0,0,ACM-SVM,late_time_delay,0.05,0.6666667,0.265625,3200
fcc,0,0,ACM-SVM,late_time_delay,0.05,0.8333333,0.39375,3200
fcc,0,0,ACM-SVM,late_time_delay,0.05,1.0,0.45,3200
fcc,0,0,ACM-SVM,late_time_delay,0.1,0.1666667,0.0625,3200
fcc,0,0,ACM-SVM,late_time_delay,0.1,0.3333333,0.0625,3200
fcc,0,0,ACM-SVM,late_time_delay,0.1,0.5,0.13125,3200
fcc,0,0,ACM-SVM,late_time_delay,0.1,0.6666667,0.25,3200
fcc,0,0,ACM-SVM,late_time_delay,0.1,0.8333333,0.3375,3200
fcc,0,0,ACM-SVM,late_time_delay,0.1,1.0,0.38125,3200
fcc,0,0,ACM-SVM,late_time_delay,0.15,0.1666667,0.0625,3200
fcc,0,0,ACM-SVM,late_time_delay,0.15,0.3333333,0.0625,3200
fcc,0,0,ACM-SVM,late_time_delay,0.15,0.5,0.078125,3200
fcc,0,0,ACM-SVM,late_time_delay,0.15,0.6666667,0.140625,3200
fcc,0,0,ACM-SVM,late_time_delay,0.15,0.8333333,0.215625,3200
fcc,0,0,ACM-SVM,late_time_delay,0.15,1.0,0.26875,3200
fcc,0,0,ACM-SVM,late_time_delay,0.2,0.1666667,0.065625,3200
fcc,0,0,ACM-SVM,late_time_delay,0.2,0.3333333,0.065625,3200
fcc,0,0,ACM-SVM,late_time_delay,0.2,0.5,0.078125,3200
fcc,0,0,ACM-SVM,late_time_delay,0.2,0.6666667,0.10625,3200
fcc,0,0,ACM-SVM,late_time_delay,0.2,0.8333333,0.10625,3200
fcc,0,0,ACM-SVM,late_time_delay,0.2,1.0,0.16875,3200
fcc,0,0,ACM-SVM,late_time_delay,0.25,0.1666667,0.0625,3200
fcc,0,0,ACM-SVM,late_time_delay,0.25,0.3333333,0.0625,3200
fcc,0,0,ACM-SVM,late_time_delay,0.25,0.5,0.078125,3200
fcc,0,0,ACM-SVM,late_time_delay,0.25,0.6666667,0.078125,3200
fcc,0,0,ACM-SVM,late_time_delay,0.25,0.8333333,0.096875,3200
fcc,0,0,ACM-SVM,late_time_delay,0.25,1.0,0.1375,3200
fcc,0,0,ACM-SVM,late_time_delay,0.3,0.1666667,0.0625,3200
fcc,0,0,ACM-SVM,late_time_delay,0.3,0.3333333,0.0625,3200
fcc,0,0,ACM-SVM,late_time_delay,0.3,0.5,0.084375,3200
fcc,0,0,ACM-SVM,late_time_delay,0.3,0.6666667,0.084375,3200
fcc,0,0,ACM-SVM,late_time_delay,0.3,0.8333333,0.096875,3200
fcc,0,0,ACM-SVM,late_time_delay,0.3,1.0,0.128125,3200
fcc,0,0,ACM-SVM,late_time_delay,0.4,0.1666667,0.071875,3200
fcc,0,0,ACM-SVM,late_time_delay,0.4,0.3333333,0.071875,3200
fcc,0,0,ACM-SVM,late_time_delay,0.4,0.5,0.071875,3200
fcc,0,0,ACM-SVM,late_time_delay,0.4,0.6666667,0.0875,3200
fcc,0,0,ACM-SVM,late_time_delay,0.4,0.8333333,0.0875,3200
fcc,0,0,ACM-SVM,late_time_delay,0.4,1.0,0.10625,3200
fcc,0,0,ACM-SVM,late_time_delay,0.5,0.1666667,0.0625,3200
fcc,0,0,ACM-SVM,late_time_delay,0.5,0.3333333,0.0625,3200
fcc,0,0,ACM-SVM,late_time_delay,0.5,0.5,0.0625,3200
fcc,0,0,ACM-SVM,late_time_delay,0.5,0.6666667,0.0625,3200
fcc,0,0,ACM-SVM,late_time_delay,0.5,0.8333333,0.078125,3200
fcc,0,0,ACM-SVM,late_time_delay,0.5,1.0,0.090625,3200
fcc,0,0,ACM-SVM,late_time_delay,0.6,0.1666667,0.06875,3200
fcc,0,0,ACM-SVM,late_time_delay,0.6,0.3333333,0.06875,3200
fcc,0,0,ACM-SVM,late_time_delay,0.6,0.5,0.06875,3200
fcc,0,0,ACM-SVM,late_time_delay,0.6,0.6666667,0.06875,3200
fcc,0,0,ACM-SVM,late_time_delay,0.6,0.8333333,0.06875,3200
fcc,0,0,ACM-SVM,late_time_delay,0.6,1.0,0.08125,3200
fcc,0,0,ACM-SVM,late_time_delay,0.7,0.1666667,0.06875,3200
fcc,0,0,ACM-SVM,late_time_delay,0.7,0.3333333,0.06875,3200
fcc,0,0,ACM-SVM,late_time_delay,0.7,0.5,0.06875,3200
fcc,0,0,ACM-SVM,late_time_delay,0.7,0.6666667,0.06875,3200
fcc,0,0,ACM-SVM,late_time_delay,0.7,0.8333333,0.06875,3200
fcc,0,0,ACM-SVM,late_time_delay,0.7,1.0,0.078125,3200
fcc,0,0,ACM-SVM,late_time_delay,0.8,0.1666667,0.075,3200
fcc,0,0,ACM-SVM,late_time_delay,0.8,0.3333333,0.075,3200
fcc,0,0,ACM-SVM,late_time_delay,0.8,0.5,0.075,3200
fcc,0,0,ACM-SVM,late_time_delay,0.8,0.6666667,0.075,3200
fcc,0,0,ACM-SVM,late_time_delay,0.8,0.8333333,0.075,3200
fcc,0,0,ACM-SVM,late_time_delay,0.8,1.0,0.078125,3200
fcc,0,0,ACM-SVM,late_time_delay,0.9,0.1666667,0.078125,3200
fcc,0,0,ACM-SVM,late_time_delay,0.9,0.3333333,0.078125,3200
fcc,0,0,ACM-SVM,late_time_delay,0.9,0.5,0.078125,3200
fcc,0,0,ACM-SVM,late_time_delay,0.9,0.6666667,0.078125,3200
fcc,0,0,ACM-SVM,late_time_delay,0.9,0.8333333,0.078125,3200
fcc,0,0,ACM-SVM,late_time_delay,0.9,1.0,0.078125,3200
fcc,0,0,ACM-SVM,missing_events,0.0,0.1666667,0.390625,3200
fcc,0,0,ACM-SVM,missing_events,0.0,0.3333333,0.390625,3200
fcc,0,0,ACM-SVM,missing_events,0.0,0.5,0.646875,3200
fcc,0,0,ACM-SVM,missing_events,0.0,0.6666667,0.890625,3200
fcc,0,0,ACM-SVM,missing_events,0.0,0.8333333,0.975,3200
fcc,0,0,ACM-SVM,missing_events,0.0,1.0,0.978125,3200
fcc,0,0,ACM-SVM,missing_events,0.05,0.1666667,0.380625,3200
fcc,0,0,ACM-SVM,missing_events,0.05,0.3333333,0.380625,3200
fcc,0,0,ACM-SVM,missing_events,0.05,0.5,0.6275,3200
fcc,0,0,ACM-SVM,missing_events,0.05,0.6666667,0.870625,3200
fcc,0,0,ACM-SVM,missing_events,0.05,0.8333333,0.9628125,3200
fcc,0,0,ACM-SVM,missing_events,0.05,1.0,0.97,3200
fcc,0,0,ACM-SVM,missing_events,0.1,0.1666667,0.315625,3200
fcc,0,0,ACM-SVM,missing_events,0.1,0.3333333,0.315625,3200
fcc,0,0,ACM-SVM,missing_events,0.1,0.5,0.5440625,3200
fcc,0,0,ACM-SVM,missing_events,0.1,0.6666667,0.795625,3200
fcc,0,0,ACM-SVM,missing_events,0.1,0.8333333,0.9025,3200
fcc,0,0,ACM-SVM,missing_events,0.1,1.0,0.9234375,3200
fcc,0,0,ACM-SVM,missing_events,0.15,0.1666667,0.2671875,3200
fcc,0,0,ACM-SVM,missing_events,0.15,0.3333333,0.2671875,3200
fcc,0,0,ACM-SVM,missing_events,0.15,0.5,0.4571875,3200
fcc,0,0,ACM-SVM,missing_events,0.15,0.6666667,0.6975,3200
fcc,0,0,ACM-SVM,missing_events,0.15,0.8333333,0.8296875,3200
fcc,0,0,ACM-SVM,missing_events,0.15,1.0,0.8715625,3200
fcc,0,0,ACM-SVM,missing_events,0.2,0.1666667,0.2278125,3200
fcc,0,0,ACM-SVM,missing_events,0.2,0.3333333,0.2278125,3200
fcc,0,0,ACM-SVM,missing_events,0.2,0.5,0.368125,3200
fcc,0,0,ACM-SVM,missing_events,0.2,0.6666667,0.574375,3200
fcc,0,0,ACM-SVM,missing_events,0.2,0.8333333,0.728125,3200
fcc,0,0,ACM-SVM,missing_events,0.2,1.0,0.8025,3200
fcc,0,0,ACM-SVM,missing_events,0.25,0.1666667,0.204375,3200
fcc,0,0,ACM-SVM,missing_events,0.25,0.3333333,0.204375,3200
fcc,0,0,ACM-SVM,missing_events,0.25,0.5,0.3065625,3200
fcc,0,0,ACM-SVM,missing_events,0.25,0.6666667,0.470625,3200
fcc,0,0,ACM-SVM,missing_events,0.25,0.8333333,0.6353125,3200
fcc,0,0,ACM-SVM,missing_events,0.25,1.0,0.7409375,3200
fcc,0,0,ACM-SVM,missing_events,0.3,0.1666667,0.181875,3200
fcc,0,0,ACM-SVM,missing_events,0.3,0.3333333,0.181875,3200
fcc,0,0,ACM-SVM,missing_events,0.3,0.5,0.2603125,3200
fcc,0,0,ACM-SVM,missing_events,0.3,0.6666667,0.390625,3200
fcc,0,0,ACM-SVM,missing_events,0.3,0.8333333,0.52125,3200
fcc,0,0,ACM-SVM,missing_events,0.3,1.0,0.6503125,3200
fcc,0,0,ACM-SVM,missing_events,0.4,0.1666667,0.145625,3200
fcc,0,0,ACM-SVM,missing_events,0.4,0.3333333,0.145625,3200
fcc,0,0,ACM-SVM,missing_events,0.4,0.5,0.1815625,3200
fcc,0,0,ACM-SVM,missing_events,0.4,0.6666667,0.2490625,3200
fcc,0,0,ACM-SVM,missing_events,0.4,0.8333333,0.3265625,3200
fcc,0,0,ACM-SVM,missing_events,0.4,1.0,0.4415625,3200
fcc,0,0,ACM-SVM,missing_events,0.5,0.1666667,0.1209375,3200
fcc,0,0,ACM-SVM,missing_events,0.5,0.3333333,0.1209375,3200
fcc,0,0,ACM-SVM,missing_events,0.5,0.5,0.1421875,3200
fcc,0,0,ACM-SVM,missing_events,0.5,0.6666667,0.173125,3200
fcc,0,0,ACM-SVM,missing_events,0.5,0.8333333,0.215,3200
fcc,0,0,ACM-SVM,missing_events,0.5,1.0,0.276875,3200
fcc,0,0,ACM-SVM,missing_events,0.6,0.1666667,0.10125,3200
fcc,0,0,ACM-SVM,missing_events,0.6,0.3333333,0.10125,3200
fcc,0,0,ACM-SVM,missing_events,0.6,0.5,0.1140625,3200
fcc,0,0,ACM-SVM,missing_events,0.6,0.6666667,0.1290625,3200
fcc,0,0,ACM-SVM,missing_events,0.6,0.8333333,0.1534375,3200
fcc,0,0,ACM-SVM,missing_events,0.6,1.0,0.19375,3200
fcc,0,0,ACM-SVM,missing_events,0.7,0.1666667,0.09,3200
fcc,0,0,ACM-SVM,missing_events,0.7,0.3333333,0.09,3200
fcc,0,0,ACM-SVM,missing_events,0.7,0.5,0.0959375,3200
fcc,0,0,ACM-SVM,missing_events,0.7,0.6666667,0.105,3200
fcc,0,0,ACM-SVM,missing_events,0.7,0.8333333,0.111875,3200
fcc,0,0,ACM-SVM,missing_events,0.7,1.0,0.1353125,3200
fcc,0,0,ACM-SVM,missing_events,0.8,0.1666667,0.0790625,3200
fcc,0,0,ACM-SVM,missing_events,0.8,0.3333333,0.0790625,3200
fcc,0,0,ACM-SVM,missing_events,0.8,0.5,0.08,3200
fcc,0,0,ACM-SVM,missing_events,0.8,0.6666667,0.081875,3200
fcc,0,0,ACM-SVM,missing_events,0.8,0.8333333,0.085625,3200
fcc,0,0,ACM-SVM,missing_events,0.8,1.0,0.09625,3200
fcc,0,0,ACM-SVM,missing_events,0.9,0.1666667,0.06625,3200
fcc,0,0,ACM-SVM,missing_events,0.9,0.3333333,0.06625,3200
fcc,0,0,ACM-SVM,missing_events,0.9,0.5,0.065625,3200
fcc,0,0,ACM-SVM,missing_events,0.9,0.6666667,0.0659375,3200
fcc,0,0,ACM-SVM,missing_events,0.9,0.8333333,0.0659375,3200
fcc,0,0,ACM-SVM,missing_events,0.9,1.0,0.0684375,3200
fcc,0,0,ACM-SVM,mixed_missing_spurious,0.0,0.1666667,0.390625,3200
fcc,0,0,ACM-SVM,mixed_missing_spurious,0.0,0.3333333,0.390625,3200
fcc,0,0,ACM-SVM,mixed_missing_spurious,0.0,0.5,0.646875,3200
fcc,0,0,ACM-SVM,mixed_missing_spurious,0.0,0.6666667,0.890625,3200
fcc,0,0,ACM-SVM,mixed_missing_spurious,0.0,0.8333333,0.975,3200
fcc,0,0,ACM-SVM,mixed_missing_spurious,0.0,1.0,0.978125,3200
fcc,0,0,ACM-SVM,mixed_missing_spurious,0.05,0.1666667,0.378125,3200
fcc,0,0,ACM-SVM,mixed_missing_spurious,0.05,0.3333333,0.378125,3200
fcc,0,0,ACM-SVM,mixed_missing_spurious,0.05,0.5,0.6175,3200
fcc,0,0,ACM-SVM,mixed_missing_spurious,0.05,0.6666667,0.839375,3200
fcc,0,0,ACM-SVM,mixed_missing_spurious,0.05,0.8333333,0.9175,3200
fcc,0,0,ACM-SVM,mixed_missing_spurious,0.05,1.0,0.9028125,3200
fcc,0,0,ACM-SVM,mixed_missing_spurious,0.1,0.1666667,0.3090625,3200
fcc,0,0,ACM-SVM,mixed_missing_spurious,0.1,0.3333333,0.3090625,3200
fcc,0,0,ACM-SVM,mixed_missing_spurious,0.1,0.5,0.5153125,3200
fcc,0,0,ACM-SVM,mixed_missing_spurious,0.1,0.6666667,0.71,3200
fcc,0,0,ACM-SVM,mixed_missing_spurious,0.1,0.8333333,0.7659375,3200
fcc,0,0,ACM-SVM,mixed_missing_spurious,0.1,1.0,0.7084375,3200
fcc,0,0,ACM-SVM,mixed_missing_spurious,0.15,0.1666667,0.270625,3200
fcc,0,0,ACM-SVM,mixed_missing_spurious,0.15,0.3333333,0.270625,3200
fcc,0,0,ACM-SVM,mixed_missing_spurious,0.15,0.5,0.428125,3200
fcc,0,0,ACM-SVM,mixed_missing_spurious,0.15,0.6666667,0.5896875,3200
fcc,0,0,ACM-SVM,mixed_missing_spurious,0.15,0.8333333,0.631875,3200
fcc,0,0,ACM-SVM,mixed_missing_spurious,0.15,1.0,0.5884375,3200
fcc,0,0,ACM-SVM,mixed_missing_spurious,0.2,0.1666667,0.2209375,3200
fcc,0,0,ACM-SVM,mixed_missing_spurious,0.2,0.3333333,0.2209375,3200
fcc,0,0,ACM-SVM,mixed_missing_spurious,0.2,0.5,0.34125,3200
fcc,0,0,ACM-SVM,mixed_missing_spurious,0.2,0.6666667,0.4721875,3200
fcc,0,0,ACM-SVM,mixed_missing_spurious,0.2,0.8333333,0.5290625,3200
fcc,0,0,ACM-SVM,mixed_missing_spurious,0.2,1.0,0.4865625,3200
fcc,0,0,ACM-SVM,mixed_missing_spurious,0.25,0.1666667,0.195625,3200
fcc,0,0,ACM-SVM,mixed_missing_spurious,0.25,0.3333333,0.195625,3200
fcc,0,0,ACM-SVM,mixed_missing_spurious,0.25,0.5,0.2684375,3200
fcc,0,0,ACM-SVM,mixed_missing_spurious,0.25,0.6666667,0.3865625,3200
fcc,0,0,ACM-SVM,mixed_missing_spurious,0.25,0.8333333,0.4271875,3200
fcc,0,0,ACM-SVM,mixed_missing_spurious,0.25,1.0,0.39375,3200
fcc,0,0,ACM-SVM,mixed_missing_spurious,0.3,0.1666667,0.1878125,3200
fcc,0,0,ACM-SVM,mixed_missing_spurious,0.3,0.3333333,0.1878125,3200
fcc,0,0,ACM-SVM,mixed_missing_spurious,0.3,0.5,0.2475,3200
fcc,0,0,ACM-SVM,mixed_missing_spurious,0.3,0.6666667,0.3184375,3200
fcc,0,0,ACM-SVM,mixed_missing_spurious,0.3,0.8333333,0.3721875,3200
fcc,0,0,ACM-SVM,mixed_missing_spurious,0.3,1.0,0.35375,3200
fcc,0,0,ACM-SVM,mixed_missing_spurious,0.4,0.1666667,0.1459375,3200
fcc,0,0,ACM-SVM,mixed_missing_spurious,0.4,0.3333333,0.1459375,3200
fcc,0,0,ACM-SVM,mixed_missing_spurious,0.4,0.5,0.1803125,3200
fcc,0,0,ACM-SVM,mixed_missing_spurious,0.4,0.6666667,0.22375,3200
fcc,0,0,ACM-SVM,mixed_missing_spurious,0.4,0.8333333,0.2625,3200
fcc,0,0,ACM-SVM,mixed_missing_spurious,0.4,1.0,0.2653125,3200
fcc,0,0,ACM-SVM,mixed_missing_spurious,0.5,0.1666667,0.126875,3200
fcc,0,0,ACM-SVM,mixed_missing_spurious,0.5,0.3333333,0.126875,3200
fcc,0,0,ACM-SVM,mixed_missing_spurious,0.5,0.5,0.1465625,3200
fcc,0,0,ACM-SVM,mixed_missing_spurious,0.5,0.6666667,0.180625,3200
fcc,0,0,ACM-SVM,mixed_missing_spurious,0.5,0.8333333,0.201875,3200
fcc,0,0,ACM-SVM,mixed_missing_spurious,0.5,1.0,0.21,3200
fcc,0,0,ACM-SVM,mixed_missing_spurious,0.6,0.1666667,0.1121875,3200
fcc,0,0,ACM-SVM,mixed_missing_spurious,0.6,0.3333333,0.1121875,3200
fcc,0,0,ACM-SVM,mixed_missing_spurious,0.6,0.5,0.1184375,3200
fcc,0,0,ACM-SVM,mixed_missing_spurious,0.6,0.6666667,0.1334375,3200
fcc,0,0,ACM-SVM,mixed_missing_spurious,0.6,0.8333333,0.1503125,3200
fcc,0,0,ACM-SVM,mixed_missing_spurious,0.6,1.0,0.1625,3200
fcc,0,0,ACM-SVM,mixed_missing_spurious,0.7,0.1666667,0.0953125,3200
fcc,0,0,ACM-SVM,mixed_missing_spurious,0.7,0.3333333,0.0953125,3200
fcc,0,0,ACM-SVM,mixed_missing_spurious,0.7,0.5,0.1015625,3200
fcc,0,0,ACM-SVM,mixed_missing_spurious,0.7,0.6666667,0.1078125,3200
fcc,0,0,ACM-SVM,mixed_missing_spurious,0.7,0.8333333,0.1215625,3200
fcc,0,0,ACM-SVM,mixed_missing_spurious,0.7,1.0,0.135,3200
fcc,0,0,ACM-SVM,mixed_missing_spurious,0.8,0.1666667,0.0765625,3200
fcc,0,0,ACM-SVM,mixed_missing_spurious,0.8,0.3333333,0.0765625,3200
fcc,0,0,ACM-SVM,mixed_missing_spurious,0.8,0.5,0.08375,3200
fcc,0,0,ACM-SVM,mixed_missing_spurious,0.8,0.6666667,0.084375,3200
fcc,0,0,ACM-SVM,mixed_missing_spurious,0.8,0.8333333,0.0928125,3200
fcc,0,0,ACM-SVM,mixed_missing_spurious,0.8,1.0,0.106875,3200
fcc,0,0,ACM-SVM,mixed_missing_spurious,0.9,0.1666667,0.0665625,3200
fcc,0,0,ACM-SVM,mixed_missing_spurious,0.9,0.3333333,0.0665625,3200
fcc,0,0,ACM-SVM,mixed_missing_spurious,0.9,0.5,0.06625,3200
fcc,0,0,ACM-SVM,mixed_missing_spurious,0.9,0.6666667,0.066875,3200
fcc,0,0,ACM-SVM,mixed_missing_spurious,0.9,0.8333333,0.0675,3200
fcc,0,0,ACM-SVM,mixed_missing_spurious,0.9,1.0,0.0728125,3200
fcc,0,0,ACM-SVM,mixed_spurious_timing_late,0.0,0.1666667,0.390625,3200
fcc,0,0,ACM-SVM,mixed_spurious_timing_late,0.0,0.3333333,0.390625,3200
fcc,0,0,ACM-SVM,mixed_spurious_timing_late,0.0,0.5,0.646875,3200
fcc,0,0,ACM-SVM,mixed_spurious_timing_late,0.0,0.6666667,0.890625,3200
fcc,0,0,ACM-SVM,mixed_spurious_timing_late,0.0,0.8333333,0.975,3200
fcc,0,0,ACM-SVM,mixed_spurious_timing_late,0.0,1.0,0.978125,3200
fcc,0,0,ACM-SVM,mixed_spurious_timing_late,0.05,0.1666667,0.065625,3200
fcc,0,0,ACM-SVM,mixed_spurious_timing_late,0.05,0.3333333,0.065625,3200
fcc,0,0,ACM-SVM,mixed_spurious_timing_late,0.05,0.5,0.12875,3200
fcc,0,0,ACM-SVM,mixed_spurious_timing_late,0.05,0.6666667,0.25625,3200
fcc,0,0,ACM-SVM,mixed_spurious_timing_late,0.05,0.8333333,0.375,3200
fcc,0,0,ACM-SVM,mixed_spurious_timing_late,0.05,1.0,0.4284375,3200
fcc,0,0,ACM-SVM,mixed_spurious_timing_late,0.1,0.1666667,0.063125,3200
fcc,0,0,ACM-SVM,mixed_spurious_timing_late,0.1,0.3333333,0.063125,3200
fcc,0,0,ACM-SVM,mixed_spurious_timing_late,0.1,0.5,0.1290625,3200
fcc,0,0,ACM-SVM,mixed_spurious_timing_late,0.1,0.6666667,0.236875,3200
fcc,0,0,ACM-SVM,mixed_spurious_timing_late,0.1,0.8333333,0.303125,3200
fcc,0,0,ACM-SVM,mixed_spurious_timing_late,0.1,1.0,0.335,3200
fcc,0,0,ACM-SVM,mixed_spurious_timing_late,0.15,0.1666667,0.0634375,3200
fcc,0,0,ACM-SVM,mixed_spurious_timing_late,0.15,0.3333333,0.0634375,3200
fcc,0,0,ACM-SVM,mixed_spurious_timing_late,0.15,0.5,0.0809375,3200
fcc,0,0,ACM-SVM,mixed_spurious_timing_late,0.15,0.6666667,0.1428125,3200
fcc,0,0,ACM-SVM,mixed_spurious_timing_late,0.15,0.8333333,0.1971875,3200
fcc,0,0,ACM-SVM,mixed_spurious_timing_late,0.15,1.0,0.234375,3200
fcc,0,0,ACM-SVM,mixed_spurious_timing_late,0.2,0.1666667,0.066875,3200
fcc,0,0,ACM-SVM,mixed_spurious_timing_late,0.2,0.3333333,0.066875,3200
fcc,0,0,ACM-SVM,mixed_spurious_timing_late,0.2,0.5,0.0821875,3200
fcc,0,0,ACM-SVM,mixed_spurious_timing_late,0.2,0.6666667,0.1103125,3200
fcc,0,0,ACM-SVM,mixed_spurious_timing_late,0.2,0.8333333,0.1103125,3200
fcc,0,0,ACM-SVM,mixed_spurious_timing_late,0.2,1.0,0.1553125,3200
fcc,0,0,ACM-SVM,mixed_spurious_timing_late,0.25,0.1666667,0.0640625,3200
fcc,0,0,ACM-SVM,mixed_spurious_timing_late,0.25,0.3333333,0.0640625,3200
fcc,0,0,ACM-SVM,mixed_spurious_timing_late,0.25,0.5,0.0815625,3200
fcc,0,0,ACM-SVM,mixed_spurious_timing_late,0.25,0.6666667,0.0815625,3200
fcc,0,0,ACM-SVM,mixed_spurious_timing_late,0.25,0.8333333,0.0978125,3200
fcc,0,0,ACM-SVM,mixed_spurious_timing_late,0.25,1.0,0.138125,3200
fcc,0,0,ACM-SVM,mixed_spurious_timing_late,0.3,0.1666667,0.0640625,3200
fcc,0,0,ACM-SVM,mixed_spurious_timing_late,0.3,0.3333333,0.0640625,3200
fcc,0,0,ACM-SVM,mixed_spurious_timing_late,0.3,0.5,0.08625,3200
fcc,0,0,ACM-SVM,mixed_spurious_timing_late,0.3,0.6666667,0.08625,3200
fcc,0,0,ACM-SVM,mixed_spurious_timing_late,0.3,0.8333333,0.1021875,3200
fcc,0,0,ACM-SVM,mixed_spurious_timing_late,0.3,1.0,0.120625,3200
fcc,0,0,ACM-SVM,mixed_spurious_timing_late,0.4,0.1666667,0.066875,3200
fcc,0,0,ACM-SVM,mixed_spurious_timing_late,0.4,0.3333333,0.066875,3200
fcc,0,0,ACM-SVM,mixed_spurious_timing_late,0.4,0.5,0.066875,3200
fcc,0,0,ACM-SVM,mixed_spurious_timing_late,0.4,0.6666667,0.0875,3200
fcc,0,0,ACM-SVM,mixed_spurious_timing_late,0.4,0.8333333,0.0875,3200
fcc,0,0,ACM-SVM,mixed_spurious_timing_late,0.4,1.0,0.1071875,3200
fcc,0,0,ACM-SVM,mixed_spurious_timing_late,0.5,0.1666667,0.0665625,3200
fcc,0,0,ACM-SVM,mixed_spurious_timing_late,0.5,0.3333333,0.0665625,3200
fcc,0,0,ACM-SVM,mixed_spurious_timing_late,0.5,0.5,0.0665625,3200
fcc,0,0,ACM-SVM,mixed_spurious_timing_late,0.5,0.6666667,0.0665625,3200
fcc,0,0,ACM-SVM,mixed_spurious_timing_late,0.5,0.8333333,0.0740625,3200
fcc,0,0,ACM-SVM,mixed_spurious_timing_late,0.5,1.0,0.089375,3200
fcc,0,0,ACM-SVM,mixed_spurious_timing_late,0.6,0.1666667,0.0715625,3200
fcc,0,0,ACM-SVM,mixed_spurious_timing_late,0.6,0.3333333,0.0715625,3200
fcc,0,0,ACM-SVM,mixed_spurious_timing_late,0.6,0.5,0.0715625,3200
fcc,0,0,ACM-SVM,mixed_spurious_timing_late,0.6,0.6666667,0.0715625,3200
fcc,0,0,ACM-SVM,mixed_spurious_timing_late,0.6,0.8333333,0.0715625,3200
fcc,0,0,ACM-SVM,mixed_spurious_timing_late,0.6,1.0,0.0875,3200
fcc,0,0,ACM-SVM,mixed_spurious_timing_late,0.7,0.1666667,0.0671875,3200
fcc,0,0,ACM-SVM,mixed_spurious_timing_late,0.7,0.3333333,0.0671875,3200
fcc,0,0,ACM-SVM,mixed_spurious_timing_late,0.7,0.5,0.0671875,3200
fcc,0,0,ACM-SVM,mixed_spurious_timing_late,0.7,0.6666667,0.0671875,3200
fcc,0,0,ACM-SVM,mixed_spurious_timing_late,0.7,0.8333333,0.0671875,3200
fcc,0,0,ACM-SVM,mixed_spurious_timing_late,0.7,1.0,0.0775,3200
fcc,0,0,ACM-SVM,mixed_spurious_timing_late,0.8,0.1666667,0.071875,3200
fcc,0,0,ACM-SVM,mixed_spurious_timing_late,0.8,0.3333333,0.071875,3200
fcc,0,0,ACM-SVM,mixed_spurious_timing_late,0.8,0.5,0.071875,3200
fcc,0,0,ACM-SVM,mixed_spurious_timing_late,0.8,0.6666667,0.071875,3200
fcc,0,0,ACM-SVM,mixed_spurious_timing_late,0.8,0.8333333,0.071875,3200
fcc,0,0,ACM-SVM,mixed_spurious_timing_late,0.8,1.0,0.0771875,3200
fcc,0,0,ACM-SVM,mixed_spurious_timing_late,0.9,0.1666667,0.068125,3200
fcc,0,0,ACM-SVM,mixed_spurious_timing_late,0.9,0.3333333,0.068125,3200
fcc,0,0,ACM-SVM,mixed_spurious_timing_late,0.9,0.5,0.068125,3200
fcc,0,0,ACM-SVM,mixed_spurious_timing_late,0.9,0.6666667,0.068125,3200
fcc,0,0,ACM-SVM,mixed_spurious_timing_late,0.9,0.8333333,0.068125,3200
fcc,0,0,ACM-SVM,mixed_spurious_timing_late,0.9,1.0,0.068125,3200
fcc,0,0,ACM-SVM,spurious_events,0.0,0.1666667,0.390625,3200
fcc,0,0,ACM-SVM,spurious_events,0.0,0.3333333,0.390625,3200
fcc,0,0,ACM-SVM,spurious_events,0.0,0.5,0.646875,3200
fcc,0,0,ACM-SVM,spurious_events,0.0,0.6666667,0.890625,3200
fcc,0,0,ACM-SVM,spurious_events,0.0,0.8333333,0.975,3200
fcc,0,0,ACM-SVM,spurious_events,0.0,1.0,0.978125,3200
fcc,0,0,ACM-SVM,spurious_events,0.05,0.1666667,0.3871875,3200
fcc,0,0,ACM-SVM,spurious_events,0.05,0.3333333,0.3871875,3200
fcc,0,0,ACM-SVM,spurious_events,0.05,0.5,0.6359375,3200
fcc,0,0,ACM-SVM,spurious_events,0.05,0.6666667,0.8525,3200
fcc,0,0,ACM-SVM,spurious_events,0.05,0.8333333,0.92375,3200
fcc,0,0,ACM-SVM,spurious_events,0.05,1.0,0.904375,3200
fcc,0,0,ACM-SVM,spurious_events,0.1,0.1666667,0.3815625,3200
fcc,0,0,ACM-SVM,spurious_events,0.1,0.3333333,0.3815625,3200
fcc,0,0,ACM-SVM,spurious_events,0.1,0.5,0.5965625,3200
fcc,0,0,ACM-SVM,spurious_events,0.1,0.6666667,0.7603125,3200
fcc,0,0,ACM-SVM,spurious_events,0.1,0.8333333,0.7896875,3200
fcc,0,0,ACM-SVM,spurious_events,0.1,1.0,0.7125,3200
fcc,0,0,ACM-SVM,spurious_events,0.15,0.1666667,0.3675,3200
fcc,0,0,ACM-SVM,spurious_events,0.15,0.3333333,0.3675,3200
fcc,0,0,ACM-SVM,spurious_events,0.15,0.5,0.5653125,3200
fcc,0,0,ACM-SVM,spurious_events,0.15,0.6666667,0.695625,3200
fcc,0,0,ACM-SVM,spurious_events,0.15,0.8333333,0.7046875,3200
fcc,0,0,ACM-SVM,spurious_events,0.15,1.0,0.6065625,3200
fcc,0,0,ACM-SVM,spurious_events,0.2,0.1666667,0.3678125,3200
fcc,0,0,ACM-SVM,spurious_events,0.2,0.3333333,0.3678125,3200
fcc,0,0,ACM-SVM,spurious_events,0.2,0.5,0.5353125,3200
fcc,0,0,ACM-SVM,spurious_events,0.2,0.6666667,0.6290625,3200
fcc,0,0,ACM-SVM,spurious_events,0.2,0.8333333,0.61625,3200
fcc,0,0,ACM-SVM,spurious_events,0.2,1.0,0.50125,3200
fcc,0,0,ACM-SVM,spurious_events,0.25,0.1666667,0.354375,3200
fcc,0,0,ACM-SVM,spurious_events,0.25,0.3333333,0.354375,3200
fcc,0,0,ACM-SVM,spurious_events,0.25,0.5,0.5021875,3200
fcc,0,0,ACM-SVM,spurious_events,0.25,0.6666667,0.573125,3200
fcc,0,0,ACM-SVM,spurious_events,0.25,0.8333333,0.55,3200
fcc,0,0,ACM-SVM,spurious_events,0.25,1.0,0.4234375,3200
fcc,0,0,ACM-SVM,spurious_events,0.3,0.1666667,0.3503125,3200
fcc,0,0,ACM-SVM,spurious_events,0.3,0.3333333,0.3503125,3200
fcc,0,0,ACM-SVM,spurious_events,0.3,0.5,0.4753125,3200
fcc,0,0,ACM-SVM,spurious_events,0.3,0.6666667,0.5146875,3200
fcc,0,0,ACM-SVM,spurious_events,0.3,0.8333333,0.4784375,3200
fcc,0,0,ACM-SVM,spurious_events,0.3,1.0,0.3540625,3200
fcc,0,0,ACM-SVM,spurious_events,0.4,0.1666667,0.3315625,3200
fcc,0,0,ACM-SVM,spurious_events,0.4,0.3333333,0.3315625,3200
fcc,0,0,ACM-SVM,spurious_events,0.4,0.5,0.425,3200
fcc,0,0,ACM-SVM,spurious_events,0.4,0.6666667,0.4315625,3200
fcc,0,0,ACM-SVM,spurious_events,0.4,0.8333333,0.3875,3200
fcc,0,0,ACM-SVM,spurious_events,0.4,1.0,0.275,3200
fcc,0,0,ACM-SVM,spurious_events,0.5,0.1666667,0.3209375,3200
fcc,0,0,ACM-SVM,spurious_events,0.5,0.3333333,0.3209375,3200
fcc,0,0,ACM-SVM,spurious_events,0.5,0.5,0.3684375,3200
fcc,0,0,ACM-SVM,spurious_events,0.5,0.6666667,0.35875,3200
fcc,0,0,ACM-SVM,spurious_events,0.5,0.8333333,0.30625,3200
fcc,0,0,ACM-SVM,spurious_events,0.5,1.0,0.21125,3200
fcc,0,0,ACM-SVM,spurious_events,0.6,0.1666667,0.3084375,3200
fcc,0,0,ACM-SVM,spurious_events,0.6,0.3333333,0.3084375,3200
fcc,0,0,ACM-SVM,spurious_events,0.6,0.5,0.3553125,3200
fcc,0,0,ACM-SVM,spurious_events,0.6,0.6666667,0.3271875,3200
fcc,0,0,ACM-SVM,spurious_events,0.6,0.8333333,0.2659375,3200
fcc,0,0,ACM-SVM,spurious_events,0.6,1.0,0.181875,3200
fcc,0,0,ACM-SVM,spurious_events,0.7,0.1666667,0.2984375,3200
fcc,0,0,ACM-SVM,spurious_events,0.7,0.3333333,0.2984375,3200
fcc,0,0,ACM-SVM,spurious_events,0.7,0.5,0.3178125,3200
fcc,0,0,ACM-SVM,spurious_events,0.7,0.6666667,0.2809375,3200
fcc,0,0,ACM-SVM,spurious_events,0.7,0.8333333,0.23625,3200
fcc,0,0,ACM-SVM,spurious_events,0.7,1.0,0.1490625,3200
fcc,0,0,ACM-SVM,spurious_events,0.8,0.1666667,0.283125,3200
fcc,0,0,ACM-SVM,spurious_events,0.8,0.3333333,0.283125,3200
fcc,0,0,ACM-SVM,spurious_events,0.8,0.5,0.2928125,3200
fcc,0,0,ACM-SVM,spurious_events,0.8,0.6666667,0.2446875,3200
fcc,0,0,ACM-SVM,spurious_events,0.8,0.8333333,0.1990625,3200
fcc,0,0,ACM-SVM,spurious_events,0.8,1.0,0.1346875,3200
fcc,0,0,ACM-SVM,spurious_events,0.9,0.1666667,0.27625,3200
fcc,0,0,ACM-SVM,spurious_events,0.9,0.3333333,0.27625,3200
fcc,0,0,ACM-SVM,spurious_events,0.9,0.5,0.289375,3200
fcc,0,0,ACM-SVM,spurious_events,0.9,0.6666667,0.22875,3200
fcc,0,0,ACM-SVM,spurious_events,0.9,0.8333333,0.176875,3200
fcc,0,0,ACM-SVM,spurious_events,0.9,1.0,0.115625,3200
fcc,0,0,ACM-SVM,timing_uncertainty,0.0,0.1666667,0.390625,3200
fcc,0,0,ACM-SVM,timing_uncertainty,0.0,0.3333333,0.390625,3200
fcc,0,0,ACM-SVM,timing_uncertainty,0.0,0.5,0.646875,3200
fcc,0,0,ACM-SVM,timing_uncertainty,0.0,0.6666667,0.890625,3200
fcc,0,0,ACM-SVM,timing_uncertainty,0.0,0.8333333,0.975,3200
fcc,0,0,ACM-SVM,timing_uncertainty,0.0,1.0,0.978125,3200
fcc,0,0,ACM-SVM,timing_uncertainty,0.05,0.1666667,0.3909375,3200
fcc,0,0,ACM-SVM,timing_uncertainty,0.05,0.3333333,0.3909375,3200
fcc,0,0,ACM-SVM,timing_uncertainty,0.05,0.5,0.6478125,3200
fcc,0,0,ACM-SVM,timing_uncertainty,0.05,0.6666667,0.8903125,3200
fcc,0,0,ACM-SVM,timing_uncertainty,0.05,0.8333333,0.975,3200
fcc,0,0,ACM-SVM,timing_uncertainty,0.05,1.0,0.978125,3200
fcc,0,0,ACM-SVM,timing_uncertainty,0.1,0.1666667,0.3875,3200
fcc,0,0,ACM-SVM,timing_uncertainty,0.1,0.3333333,0.3875,3200
fcc,0,0,ACM-SVM,timing_uncertainty,0.1,0.5,0.6475,3200
fcc,0,0,ACM-SVM,timing_uncertainty,0.1,0.6666667,0.8896875,3200
fcc,0,0,ACM-SVM,timing_uncertainty,0.1,0.8333333,0.9753125,3200
fcc,0,0,ACM-SVM,timing_uncertainty,0.1,1.0,0.978125,3200
fcc,0,0,ACM-SVM,timing_uncertainty,0.15,0.1666667,0.3840625,3200
fcc,0,0,ACM-SVM,timing_uncertainty,0.15,0.3333333,0.3840625,3200
fcc,0,0,ACM-SVM,timing_uncertainty,0.15,0.5,0.644375,3200
fcc,0,0,ACM-SVM,timing_uncertainty,0.15,0.6666667,0.888125,3200
fcc,0,0,ACM-SVM,timing_uncertainty,0.15,0.8333333,0.975625,3200
fcc,0,0,ACM-SVM,timing_uncertainty,0.15,1.0,0.976875,3200
fcc,0,0,ACM-SVM,timing_uncertainty,0.2,0.1666667,0.3821875,3200
fcc,0,0,ACM-SVM,timing_uncertainty,0.2,0.3333333,0.3821875,3200
fcc,0,0,ACM-SVM,timing_uncertainty,0.2,0.5,0.64,3200
fcc,0,0,ACM-SVM,timing_uncertainty,0.2,0.6666667,0.885625,3200
fcc,0,0,ACM-SVM,timing_uncertainty,0.2,0.8333333,0.9721875,3200
fcc,0,0,ACM-SVM,timing_uncertainty,0.2,1.0,0.975,3200
fcc,0,0,ACM-SVM,timing_uncertainty,0.25,0.1666667,0.3675,3200
fcc,0,0,ACM-SVM,timing_uncertainty,0.25,0.3333333,0.3675,3200
fcc,0,0,ACM-SVM,timing_uncertainty,0.25,0.5,0.6378125,3200
fcc,0,0,ACM-SVM,timing_uncertainty,0.25,0.6666667,0.876875,3200
fcc,0,0,ACM-SVM,timing_uncertainty,0.25,0.8333333,0.964375,3200
fcc,0,0,ACM-SVM,timing_uncertainty,0.25,1.0,0.96875,3200
fcc,0,0,ACM-SVM,timing_uncertainty,0.3,0.1666667,0.3659375,3200
fcc,0,0,ACM-SVM,timing_uncertainty,0.3,0.3333333,0.3659375,3200
fcc,0,0,ACM-SVM,timing_uncertainty,0.3,0.5,0.6340625,3200
fcc,0,0,ACM-SVM,timing_uncertainty,0.3,0.6666667,0.878125,3200
fcc,0,0,ACM-SVM,timing_uncertainty,0.3,0.8333333,0.9621875,3200
fcc,0,0,ACM-SVM,timing_uncertainty,0.3,1.0,0.96625,3200
fcc,0,0,ACM-SVM,timing_uncertainty,0.4,0.1666667,0.350625,3200
fcc,0,0,ACM-SVM,timing_uncertainty,0.4,0.3333333,0.350625,3200
fcc,0,0,ACM-SVM,timing_uncertainty,0.4,0.5,0.6190625,3200
fcc,0,0,ACM-SVM,timing_uncertainty,0.4,0.6666667,0.8678125,3200
fcc,0,0,ACM-SVM,timing_uncertainty,0.4,0.8333333,0.95125,3200
fcc,0,0,ACM-SVM,timing_uncertainty,0.4,1.0,0.9565625,3200
fcc,0,0,ACM-SVM,timing_uncertainty,0.5,0.1666667,0.325,3200
fcc,0,0,ACM-SVM,timing_uncertainty,0.5,0.3333333,0.325,3200
fcc,0,0,ACM-SVM,timing_uncertainty,0.5,0.5,0.59875,3200
fcc,0,0,ACM-SVM,timing_uncertainty,0.5,0.6666667,0.8459375,3200
fcc,0,0,ACM-SVM,timing_uncertainty,0.5,0.8333333,0.9340625,3200
fcc,0,0,ACM-SVM,timing_uncertainty,0.5,1.0,0.9409375,3200
fcc,0,0,ACM-SVM,timing_uncertainty,0.6,0.1666667,0.31,3200
fcc,0,0,ACM-SVM,timing_uncertainty,0.6,0.3333333,0.31,3200
fcc,0,0,ACM-SVM,timing_uncertainty,0.6,0.5,0.585625,3200
fcc,0,0,ACM-SVM,timing_uncertainty,0.6,0.6666667,0.8228125,3200
fcc,0,0,ACM-SVM,timing_uncertainty,0.6,0.8333333,0.9075,3200
fcc,0,0,ACM-SVM,timing_uncertainty,0.6,1.0,0.91625,3200
fcc,0,0,ACM-SVM,timing_uncertainty,0.7,0.1666667,0.300625,3200
fcc,0,0,ACM-SVM,timing_uncertainty,0.7,0.3333333,0.300625,3200
fcc,0,0,ACM-SVM,timing_uncertainty,0.7,0.5,0.57375,3200
fcc,0,0,ACM-SVM,timing_uncertainty,0.7,0.6666667,0.8053125,3200
fcc,0,0,ACM-SVM,timing_uncertainty,0.7,0.8333333,0.89125,3200
fcc,0,0,ACM-SVM,timing_uncertainty,0.7,1.0,0.90125,3200
fcc,0,0,ACM-SVM,timing_uncertainty,0.8,0.1666667,0.2815625,3200
fcc,0,0,ACM-SVM,timing_uncertainty,0.8,0.3333333,0.2815625,3200
fcc,0,0,ACM-SVM,timing_uncertainty,0.8,0.5,0.5625,3200
fcc,0,0,ACM-SVM,timing_uncertainty,0.8,0.6666667,0.8028125,3200
fcc,0,0,ACM-SVM,timing_uncertainty,0.8,0.8333333,0.8915625,3200
fcc,0,0,ACM-SVM,timing_uncertainty,0.8,1.0,0.8996875,3200
fcc,0,0,ACM-SVM,timing_uncertainty,0.9,0.1666667,0.2678125,3200
fcc,0,0,ACM-SVM,timing_uncertainty,0.9,0.3333333,0.2678125,3200
fcc,0,0,ACM-SVM,timing_uncertainty,0.9,0.5,0.5496875,3200
fcc,0,0,ACM-SVM,timing_uncertainty,0.9,0.6666667,0.7759375,3200
fcc,0,0,ACM-SVM,timing_uncertainty,0.9,0.8333333,0.8521875,3200
fcc,0,0,ACM-SVM,timing_uncertainty,0.9,1.0,0.864375,3200
fcc,0,0,CASIM-prefix,late_time_delay,0.0,0.1666667,0.9625,3200
fcc,0,0,CASIM-prefix,late_time_delay,0.0,0.3333333,0.9625,3200
fcc,0,0,CASIM-prefix,late_time_delay,0.0,0.5,0.959375,3200
fcc,0,0,CASIM-prefix,late_time_delay,0.0,0.6666667,0.996875,3200
fcc,0,0,CASIM-prefix,late_time_delay,0.0,0.8333333,1.0,3200
fcc,0,0,CASIM-prefix,late_time_delay,0.0,1.0,1.0,3200
fcc,0,0,CASIM-prefix,late_time_delay,0.05,0.1666667,0.35,3200
fcc,0,0,CASIM-prefix,late_time_delay,0.05,0.3333333,0.35,3200
fcc,0,0,CASIM-prefix,late_time_delay,0.05,0.5,0.40625,3200
fcc,0,0,CASIM-prefix,late_time_delay,0.05,0.6666667,0.528125,3200
fcc,0,0,CASIM-prefix,late_time_delay,0.05,0.8333333,0.596875,3200
fcc,0,0,CASIM-prefix,late_time_delay,0.05,1.0,0.484375,3200
fcc,0,0,CASIM-prefix,late_time_delay,0.1,0.1666667,0.234375,3200
fcc,0,0,CASIM-prefix,late_time_delay,0.1,0.3333333,0.234375,3200
fcc,0,0,CASIM-prefix,late_time_delay,0.1,0.5,0.340625,3200
fcc,0,0,CASIM-prefix,late_time_delay,0.1,0.6666667,0.375,3200
fcc,0,0,CASIM-prefix,late_time_delay,0.1,0.8333333,0.4625,3200
fcc,0,0,CASIM-prefix,late_time_delay,0.1,1.0,0.40625,3200
fcc,0,0,CASIM-prefix,late_time_delay,0.15,0.1666667,0.05625,3200
fcc,0,0,CASIM-prefix,late_time_delay,0.15,0.3333333,0.05625,3200
fcc,0,0,CASIM-prefix,late_time_delay,0.15,0.5,0.2,3200
fcc,0,0,CASIM-prefix,late_time_delay,0.15,0.6666667,0.26875,3200
fcc,0,0,CASIM-prefix,late_time_delay,0.15,0.8333333,0.3,3200
fcc,0,0,CASIM-prefix,late_time_delay,0.15,1.0,0.334375,3200
fcc,0,0,CASIM-prefix,late_time_delay,0.2,0.1666667,0.046875,3200
fcc,0,0,CASIM-prefix,late_time_delay,0.2,0.3333333,0.046875,3200
fcc,0,0,CASIM-prefix,late_time_delay,0.2,0.5,0.109375,3200
fcc,0,0,CASIM-prefix,late_time_delay,0.2,0.6666667,0.165625,3200
fcc,0,0,CASIM-prefix,late_time_delay,0.2,0.8333333,0.165625,3200
fcc,0,0,CASIM-prefix,late_time_delay,0.2,1.0,0.325,3200
fcc,0,0,CASIM-prefix,late_time_delay,0.25,0.1666667,0.040625,3200
fcc,0,0,CASIM-prefix,late_time_delay,0.25,0.3333333,0.040625,3200
fcc,0,0,CASIM-prefix,late_time_delay,0.25,0.5,0.078125,3200
fcc,0,0,CASIM-prefix,late_time_delay,0.25,0.6666667,0.078125,3200
fcc,0,0,CASIM-prefix,late_time_delay,0.25,0.8333333,0.23125,3200
fcc,0,0,CASIM-prefix,late_time_delay,0.25,1.0,0.30625,3200
fcc,0,0,CASIM-prefix,late_time_delay,0.3,0.1666667,0.053125,3200
fcc,0,0,CASIM-prefix,late_time_delay,0.3,0.3333333,0.053125,3200
fcc,0,0,CASIM-prefix,late_time_delay,0.3,0.5,0.06875,3200
fcc,0,0,CASIM-prefix,late_time_delay,0.3,0.6666667,0.06875,3200
fcc,0,0,CASIM-prefix,late_time_delay,0.3,0.8333333,0.203125,3200
fcc,0,0,CASIM-prefix,late_time_delay,0.3,1.0,0.26875,3200
fcc,0,0,CASIM-prefix,late_time_delay,0.4,0.1666667,0.0875,3200
fcc,0,0,CASIM-prefix,late_time_delay,0.4,0.3333333,0.0875,3200
fcc,0,0,CASIM-prefix,late_time_delay,0.4,0.5,0.0875,3200
fcc,0,0,CASIM-prefix,late_time_delay,0.4,0.6666667,0.084375,3200
fcc,0,0,CASIM-prefix,late_time_delay,0.4,0.8333333,0.084375,3200
fcc,0,0,CASIM-prefix,late_time_delay,0.4,1.0,0.18125,3200
fcc,0,0,CASIM-prefix,late_time_delay,0.5,0.1666667,0.04375,3200
fcc,0,0,CASIM-prefix,late_time_delay,0.5,0.3333333,0.04375,3200
fcc,0,0,CASIM-prefix,late_time_delay,0.5,0.5,0.04375,3200
fcc,0,0,CASIM-prefix,late_time_delay,0.5,0.6666667,0.0625,3200
fcc,0,0,CASIM-prefix,late_time_delay,0.5,0.8333333,0.128125,3200
fcc,0,0,CASIM-prefix,late_time_delay,0.5,1.0,0.11875,3200
fcc,0,0,CASIM-prefix,late_time_delay,0.6,0.1666667,0.0375,3200
fcc,0,0,CASIM-prefix,late_time_delay,0.6,0.3333333,0.0375,3200
fcc,0,0,CASIM-prefix,late_time_delay,0.6,0.5,0.0375,3200
fcc,0,0,CASIM-prefix,late_time_delay,0.6,0.6666667,0.05625,3200
fcc,0,0,CASIM-prefix,late_time_delay,0.6,0.8333333,0.059375,3200
fcc,0,0,CASIM-prefix,late_time_delay,0.6,1.0,0.09375,3200
fcc,0,0,CASIM-prefix,late_time_delay,0.7,0.1666667,0.040625,3200
fcc,0,0,CASIM-prefix,late_time_delay,0.7,0.3333333,0.040625,3200
fcc,0,0,CASIM-prefix,late_time_delay,0.7,0.5,0.040625,3200
fcc,0,0,CASIM-prefix,late_time_delay,0.7,0.6666667,0.059375,3200
fcc,0,0,CASIM-prefix,late_time_delay,0.7,0.8333333,0.0625,3200
fcc,0,0,CASIM-prefix,late_time_delay,0.7,1.0,0.0875,3200
fcc,0,0,CASIM-prefix,late_time_delay,0.8,0.1666667,0.0625,3200
fcc,0,0,CASIM-prefix,late_time_delay,0.8,0.3333333,0.0625,3200
fcc,0,0,CASIM-prefix,late_time_delay,0.8,0.5,0.0625,3200
fcc,0,0,CASIM-prefix,late_time_delay,0.8,0.6666667,0.08125,3200
fcc,0,0,CASIM-prefix,late_time_delay,0.8,0.8333333,0.084375,3200
fcc,0,0,CASIM-prefix,late_time_delay,0.8,1.0,0.075,3200
fcc,0,0,CASIM-prefix,late_time_delay,0.9,0.1666667,0.053125,3200
fcc,0,0,CASIM-prefix,late_time_delay,0.9,0.3333333,0.053125,3200
fcc,0,0,CASIM-prefix,late_time_delay,0.9,0.5,0.053125,3200
fcc,0,0,CASIM-prefix,late_time_delay,0.9,0.6666667,0.071875,3200
fcc,0,0,CASIM-prefix,late_time_delay,0.9,0.8333333,0.075,3200
fcc,0,0,CASIM-prefix,late_time_delay,0.9,1.0,0.06875,3200
fcc,0,0,CASIM-prefix,missing_events,0.0,0.1666667,0.9625,3200
fcc,0,0,CASIM-prefix,missing_events,0.0,0.3333333,0.9625,3200
fcc,0,0,CASIM-prefix,missing_events,0.0,0.5,0.959375,3200
fcc,0,0,CASIM-prefix,missing_events,0.0,0.6666667,0.996875,3200
fcc,0,0,CASIM-prefix,missing_events,0.0,0.8333333,1.0,3200
fcc,0,0,CASIM-prefix,missing_events,0.0,1.0,1.0,3200
fcc,0,0,CASIM-prefix,missing_events,0.05,0.1666667,0.9540625,3200
fcc,0,0,CASIM-prefix,missing_events,0.05,0.3333333,0.9540625,3200
fcc,0,0,CASIM-prefix,missing_events,0.05,0.5,0.956875,3200
fcc,0,0,CASIM-prefix,missing_events,0.05,0.6666667,0.99375,3200
fcc,0,0,CASIM-prefix,missing_events,0.05,0.8333333,0.9984375,3200
fcc,0,0,CASIM-prefix,missing_events,0.05,1.0,0.9965625,3200
fcc,0,0,CASIM-prefix,missing_events,0.1,0.1666667,0.9309375,3200
fcc,0,0,CASIM-prefix,missing_events,0.1,0.3333333,0.9309375,3200
fcc,0,0,CASIM-prefix,missing_events,0.1,0.5,0.9309375,3200
fcc,0,0,CASIM-prefix,missing_events,0.1,0.6666667,0.9753125,3200
fcc,0,0,CASIM-prefix,missing_events,0.1,0.8333333,0.98125,3200
fcc,0,0,CASIM-prefix,missing_events,0.1,1.0,0.9809375,3200
fcc,0,0,CASIM-prefix,missing_events,0.15,0.1666667,0.886875,3200
fcc,0,0,CASIM-prefix,missing_events,0.15,0.3333333,0.886875,3200
fcc,0,0,CASIM-prefix,missing_events,0.15,0.5,0.894375,3200
fcc,0,0,CASIM-prefix,missing_events,0.15,0.6666667,0.949375,3200
fcc,0,0,CASIM-prefix,missing_events,0.15,0.8333333,0.9503125,3200
fcc,0,0,CASIM-prefix,missing_events,0.15,1.0,0.96,3200
fcc,0,0,CASIM-prefix,missing_events,0.2,0.1666667,0.8528125,3200
fcc,0,0,CASIM-prefix,missing_events,0.2,0.3333333,0.8528125,3200
fcc,0,0,CASIM-prefix,missing_events,0.2,0.5,0.8678125,3200
fcc,0,0,CASIM-prefix,missing_events,0.2,0.6666667,0.91375,3200
fcc,0,0,CASIM-prefix,missing_events,0.2,0.8333333,0.910625,3200
fcc,0,0,CASIM-prefix,missing_events,0.2,1.0,0.9284375,3200
fcc,0,0,CASIM-prefix,missing_events,0.25,0.1666667,0.8003125,3200
fcc,0,0,CASIM-prefix,missing_events,0.25,0.3333333,0.8003125,3200
fcc,0,0,CASIM-prefix,missing_events,0.25,0.5,0.815,3200
fcc,0,0,CASIM-prefix,missing_events,0.25,0.6666667,0.8815625,3200
fcc,0,0,CASIM-prefix,missing_events,0.25,0.8333333,0.8796875,3200
fcc,0,0,CASIM-prefix,missing_events,0.25,1.0,0.9059375,3200
fcc,0,0,CASIM-prefix,missing_events,0.3,0.1666667,0.771875,3200
fcc,0,0,CASIM-prefix,missing_events,0.3,0.3333333,0.771875,3200
fcc,0,0,CASIM-prefix,missing_events,0.3,0.5,0.7725,3200
fcc,0,0,CASIM-prefix,missing_events,0.3,0.6666667,0.829375,3200
fcc,0,0,CASIM-prefix,missing_events,0.3,0.8333333,0.8353125,3200
fcc,0,0,CASIM-prefix,missing_events,0.3,1.0,0.870625,3200
fcc,0,0,CASIM-prefix,missing_events,0.4,0.1666667,0.685625,3200
fcc,0,0,CASIM-prefix,missing_events,0.4,0.3333333,0.685625,3200
fcc,0,0,CASIM-prefix,missing_events,0.4,0.5,0.683125,3200
fcc,0,0,CASIM-prefix,missing_events,0.4,0.6666667,0.7153125,3200
fcc,0,0,CASIM-prefix,missing_events,0.4,0.8333333,0.7365625,3200
fcc,0,0,CASIM-prefix,missing_events,0.4,1.0,0.7953125,3200
fcc,0,0,CASIM-prefix,missing_events,0.5,0.1666667,0.56375,3200
fcc,0,0,CASIM-prefix,missing_events,0.5,0.3333333,0.56375,3200
fcc,0,0,CASIM-prefix,missing_events,0.5,0.5,0.559375,3200
fcc,0,0,CASIM-prefix,missing_events,0.5,0.6666667,0.585625,3200
fcc,0,0,CASIM-prefix,missing_events,0.5,0.8333333,0.6278125,3200
fcc,0,0,CASIM-prefix,missing_events,0.5,1.0,0.70125,3200
fcc,0,0,CASIM-prefix,missing_events,0.6,0.1666667,0.47375,3200
fcc,0,0,CASIM-prefix,missing_events,0.6,0.3333333,0.47375,3200
fcc,0,0,CASIM-prefix,missing_events,0.6,0.5,0.445625,3200
fcc,0,0,CASIM-prefix,missing_events,0.6,0.6666667,0.4609375,3200
fcc,0,0,CASIM-prefix,missing_events,0.6,0.8333333,0.5053125,3200
fcc,0,0,CASIM-prefix,missing_events,0.6,1.0,0.5759375,3200
fcc,0,0,CASIM-prefix,missing_events,0.7,0.1666667,0.371875,3200
fcc,0,0,CASIM-prefix,missing_events,0.7,0.3333333,0.371875,3200
fcc,0,0,CASIM-prefix,missing_events,0.7,0.5,0.3221875,3200
fcc,0,0,CASIM-prefix,missing_events,0.7,0.6666667,0.3334375,3200
fcc,0,0,CASIM-prefix,missing_events,0.7,0.8333333,0.3875,3200
fcc,0,0,CASIM-prefix,missing_events,0.7,1.0,0.4571875,3200
fcc,0,0,CASIM-prefix,missing_events,0.8,0.1666667,0.286875,3200
fcc,0,0,CASIM-prefix,missing_events,0.8,0.3333333,0.286875,3200
fcc,0,0,CASIM-prefix,missing_events,0.8,0.5,0.2375,3200
fcc,0,0,CASIM-prefix,missing_events,0.8,0.6666667,0.2428125,3200
fcc,0,0,CASIM-prefix,missing_events,0.8,0.8333333,0.283125,3200
fcc,0,0,CASIM-prefix,missing_events,0.8,1.0,0.3028125,3200
fcc,0,0,CASIM-prefix,missing_events,0.9,0.1666667,0.1909375,3200
fcc,0,0,CASIM-prefix,missing_events,0.9,0.3333333,0.1909375,3200
fcc,0,0,CASIM-prefix,missing_events,0.9,0.5,0.1571875,3200
fcc,0,0,CASIM-prefix,missing_events,0.9,0.6666667,0.14375,3200
fcc,0,0,CASIM-prefix,missing_events,0.9,0.8333333,0.173125,3200
fcc,0,0,CASIM-prefix,missing_events,0.9,1.0,0.1846875,3200
fcc,0,0,CASIM-prefix,mixed_missing_spurious,0.0,0.1666667,0.9625,3200
fcc,0,0,CASIM-prefix,mixed_missing_spurious,0.0,0.3333333,0.9625,3200
fcc,0,0,CASIM-prefix,mixed_missing_spurious,0.0,0.5,0.959375,3200
fcc,0,0,CASIM-prefix,mixed_missing_spurious,0.0,0.6666667,0.996875,3200
fcc,0,0,CASIM-prefix,mixed_missing_spurious,0.0,0.8333333,1.0,3200
fcc,0,0,CASIM-prefix,mixed_missing_spurious,0.0,1.0,1.0,3200
fcc,0,0,CASIM-prefix,mixed_missing_spurious,0.05,0.1666667,0.9546875,3200
fcc,0,0,CASIM-prefix,mixed_missing_spurious,0.05,0.3333333,0.9546875,3200
fcc,0,0,CASIM-prefix,mixed_missing_spurious,0.05,0.5,0.953125,3200
fcc,0,0,CASIM-prefix,mixed_missing_spurious,0.05,0.6666667,0.989375,3200
fcc,0,0,CASIM-prefix,mixed_missing_spurious,0.05,0.8333333,0.98875,3200
fcc,0,0,CASIM-prefix,mixed_missing_spurious,0.05,1.0,0.984375,3200
fcc,0,0,CASIM-prefix,mixed_missing_spurious,0.1,0.1666667,0.9165625,3200
fcc,0,0,CASIM-prefix,mixed_missing_spurious,0.1,0.3333333,0.9165625,3200
fcc,0,0,CASIM-prefix,mixed_missing_spurious,0.1,0.5,0.915625,3200
fcc,0,0,CASIM-prefix,mixed_missing_spurious,0.1,0.6666667,0.9621875,3200
fcc,0,0,CASIM-prefix,mixed_missing_spurious,0.1,0.8333333,0.9365625,3200
fcc,0,0,CASIM-prefix,mixed_missing_spurious,0.1,1.0,0.9378125,3200
fcc,0,0,CASIM-prefix,mixed_missing_spurious,0.15,0.1666667,0.8765625,3200
fcc,0,0,CASIM-prefix,mixed_missing_spurious,0.15,0.3333333,0.8765625,3200
fcc,0,0,CASIM-prefix,mixed_missing_spurious,0.15,0.5,0.875,3200
fcc,0,0,CASIM-prefix,mixed_missing_spurious,0.15,0.6666667,0.923125,3200
fcc,0,0,CASIM-prefix,mixed_missing_spurious,0.15,0.8333333,0.895625,3200
fcc,0,0,CASIM-prefix,mixed_missing_spurious,0.15,1.0,0.881875,3200
fcc,0,0,CASIM-prefix,mixed_missing_spurious,0.2,0.1666667,0.8178125,3200
fcc,0,0,CASIM-prefix,mixed_missing_spurious,0.2,0.3333333,0.8178125,3200
fcc,0,0,CASIM-prefix,mixed_missing_spurious,0.2,0.5,0.816875,3200
fcc,0,0,CASIM-prefix,mixed_missing_spurious,0.2,0.6666667,0.8690625,3200
fcc,0,0,CASIM-prefix,mixed_missing_spurious,0.2,0.8333333,0.8265625,3200
fcc,0,0,CASIM-prefix,mixed_missing_spurious,0.2,1.0,0.8121875,3200
fcc,0,0,CASIM-prefix,mixed_missing_spurious,0.25,0.1666667,0.758125,3200
fcc,0,0,CASIM-prefix,mixed_missing_spurious,0.25,0.3333333,0.758125,3200
fcc,0,0,CASIM-prefix,mixed_missing_spurious,0.25,0.5,0.7753125,3200
fcc,0,0,CASIM-prefix,mixed_missing_spurious,0.25,0.6666667,0.8221875,3200
fcc,0,0,CASIM-prefix,mixed_missing_spurious,0.25,0.8333333,0.77625,3200
fcc,0,0,CASIM-prefix,mixed_missing_spurious,0.25,1.0,0.771875,3200
fcc,0,0,CASIM-prefix,mixed_missing_spurious,0.3,0.1666667,0.7275,3200
fcc,0,0,CASIM-prefix,mixed_missing_spurious,0.3,0.3333333,0.7275,3200
fcc,0,0,CASIM-prefix,mixed_missing_spurious,0.3,0.5,0.734375,3200
fcc,0,0,CASIM-prefix,mixed_missing_spurious,0.3,0.6666667,0.76375,3200
fcc,0,0,CASIM-prefix,mixed_missing_spurious,0.3,0.8333333,0.715,3200
fcc,0,0,CASIM-prefix,mixed_missing_spurious,0.3,1.0,0.718125,3200
fcc,0,0,CASIM-prefix,mixed_missing_spurious,0.4,0.1666667,0.6315625,3200
fcc,0,0,CASIM-prefix,mixed_missing_spurious,0.4,0.3333333,0.6315625,3200
fcc,0,0,CASIM-prefix,mixed_missing_spurious,0.4,0.5,0.6234375,3200
fcc,0,0,CASIM-prefix,mixed_missing_spurious,0.4,0.6666667,0.645625,3200
fcc,0,0,CASIM-prefix,mixed_missing_spurious,0.4,0.8333333,0.614375,3200
fcc,0,0,CASIM-prefix,mixed_missing_spurious,0.4,1.0,0.6225,3200
fcc,0,0,CASIM-prefix,mixed_missing_spurious,0.5,0.1666667,0.525625,3200
fcc,0,0,CASIM-prefix,mixed_missing_spurious,0.5,0.3333333,0.525625,3200
fcc,0,0,CASIM-prefix,mixed_missing_spurious,0.5,0.5,0.4953125,3200
fcc,0,0,CASIM-prefix,mixed_missing_spurious,0.5,0.6666667,0.5128125,3200
fcc,0,0,CASIM-prefix,mixed_missing_spurious,0.5,0.8333333,0.500625,3200
fcc,0,0,CASIM-prefix,mixed_missing_spurious,0.5,1.0,0.5109375,3200
fcc,0,0,CASIM-prefix,mixed_missing_spurious,0.6,0.1666667,0.443125,3200
fcc,0,0,CASIM-prefix,mixed_missing_spurious,0.6,0.3333333,0.443125,3200
fcc,0,0,CASIM-prefix,mixed_missing_spurious,0.6,0.5,0.401875,3200
fcc,0,0,CASIM-prefix,mixed_missing_spurious,0.6,0.6666667,0.419375,3200
fcc,0,0,CASIM-prefix,mixed_missing_spurious,0.6,0.8333333,0.41125,3200
fcc,0,0,CASIM-prefix,mixed_missing_spurious,0.6,1.0,0.44375,3200
fcc,0,0,CASIM-prefix,mixed_missing_spurious,0.7,0.1666667,0.3553125,3200
fcc,0,0,CASIM-prefix,mixed_missing_spurious,0.7,0.3333333,0.3553125,3200
fcc,0,0,CASIM-prefix,mixed_missing_spurious,0.7,0.5,0.295,3200
fcc,0,0,CASIM-prefix,mixed_missing_spurious,0.7,0.6666667,0.3190625,3200
fcc,0,0,CASIM-prefix,mixed_missing_spurious,0.7,0.8333333,0.3290625,3200
fcc,0,0,CASIM-prefix,mixed_missing_spurious,0.7,1.0,0.3503125,3200
fcc,0,0,CASIM-prefix,mixed_missing_spurious,0.8,0.1666667,0.2734375,3200
fcc,0,0,CASIM-prefix,mixed_missing_spurious,0.8,0.3333333,0.2734375,3200
fcc,0,0,CASIM-prefix,mixed_missing_spurious,0.8,0.5,0.2190625,3200
fcc,0,0,CASIM-prefix,mixed_missing_spurious,0.8,0.6666667,0.225625,3200
fcc,0,0,CASIM-prefix,mixed_missing_spurious,0.8,0.8333333,0.2628125,3200
fcc,0,0,CASIM-prefix,mixed_missing_spurious,0.8,1.0,0.269375,3200
fcc,0,0,CASIM-prefix,mixed_missing_spurious,0.9,0.1666667,0.19125,3200
fcc,0,0,CASIM-prefix,mixed_missing_spurious,0.9,0.3333333,0.19125,3200
fcc,0,0,CASIM-prefix,mixed_missing_spurious,0.9,0.5,0.1465625,3200
fcc,0,0,CASIM-prefix,mixed_missing_spurious,0.9,0.6666667,0.1525,3200
fcc,0,0,CASIM-prefix,mixed_missing_spurious,0.9,0.8333333,0.1675,3200
fcc,0,0,CASIM-prefix,mixed_missing_spurious,0.9,1.0,0.184375,3200
fcc,0,0,CASIM-prefix,mixed_spurious_timing_late,0.0,0.1666667,0.9625,3200
fcc,0,0,CASIM-prefix,mixed_spurious_timing_late,0.0,0.3333333,0.9625,3200
fcc,0,0,CASIM-prefix,mixed_spurious_timing_late,0.0,0.5,0.959375,3200
fcc,0,0,CASIM-prefix,mixed_spurious_timing_late,0.0,0.6666667,0.996875,3200
fcc,0,0,CASIM-prefix,mixed_spurious_timing_late,0.0,0.8333333,1.0,3200
fcc,0,0,CASIM-prefix,mixed_spurious_timing_late,0.0,1.0,1.0,3200
fcc,0,0,CASIM-prefix,mixed_spurious_timing_late,0.05,0.1666667,0.3490625,3200
fcc,0,0,CASIM-prefix,mixed_spurious_timing_late,0.05,0.3333333,0.3490625,3200
fcc,0,0,CASIM-prefix,mixed_spurious_timing_late,0.05,0.5,0.4040625,3200
fcc,0,0,CASIM-prefix,mixed_spurious_timing_late,0.05,0.6666667,0.5275,3200
fcc,0,0,CASIM-prefix,mixed_spurious_timing_late,0.05,0.8333333,0.585625,3200
fcc,0,0,CASIM-prefix,mixed_spurious_timing_late,0.05,1.0,0.47875,3200
fcc,0,0,CASIM-prefix,mixed_spurious_timing_late,0.1,0.1666667,0.2240625,3200
fcc,0,0,CASIM-prefix,mixed_spurious_timing_late,0.1,0.3333333,0.2240625,3200
fcc,0,0,CASIM-prefix,mixed_spurious_timing_late,0.1,0.5,0.33,3200
fcc,0,0,CASIM-prefix,mixed_spurious_timing_late,0.1,0.6666667,0.3721875,3200
fcc,0,0,CASIM-prefix,mixed_spurious_timing_late,0.1,0.8333333,0.4334375,3200
fcc,0,0,CASIM-prefix,mixed_spurious_timing_late,0.1,1.0,0.384375,3200
fcc,0,0,CASIM-prefix,mixed_spurious_timing_late,0.15,0.1666667,0.05875,3200
fcc,0,0,CASIM-prefix,mixed_spurious_timing_late,0.15,0.3333333,0.05875,3200
fcc,0,0,CASIM-prefix,mixed_spurious_timing_late,0.15,0.5,0.1821875,3200
fcc,0,0,CASIM-prefix,mixed_spurious_timing_late,0.15,0.6666667,0.26375,3200
fcc,0,0,CASIM-prefix,mixed_spurious_timing_late,0.15,0.8333333,0.28375,3200
fcc,0,0,CASIM-prefix,mixed_spurious_timing_late,0.15,1.0,0.32125,3200
fcc,0,0,CASIM-prefix,mixed_spurious_timing_late,0.2,0.1666667,0.045,3200
fcc,0,0,CASIM-prefix,mixed_spurious_timing_late,0.2,0.3333333,0.045,3200
fcc,0,0,CASIM-prefix,mixed_spurious_timing_late,0.2,0.5,0.1046875,3200
fcc,0,0,CASIM-prefix,mixed_spurious_timing_late,0.2,0.6666667,0.153125,3200
fcc,0,0,CASIM-prefix,mixed_spurious_timing_late,0.2,0.8333333,0.153125,3200
fcc,0,0,CASIM-prefix,mixed_spurious_timing_late,0.2,1.0,0.28875,3200
fcc,0,0,CASIM-prefix,mixed_spurious_timing_late,0.25,0.1666667,0.041875,3200
fcc,0,0,CASIM-prefix,mixed_spurious_timing_late,0.25,0.3333333,0.041875,3200
fcc,0,0,CASIM-prefix,mixed_spurious_timing_late,0.25,0.5,0.079375,3200
fcc,0,0,CASIM-prefix,mixed_spurious_timing_late,0.25,0.6666667,0.079375,3200
fcc,0,0,CASIM-prefix,mixed_spurious_timing_late,0.25,0.8333333,0.1834375,3200
fcc,0,0,CASIM-prefix,mixed_spurious_timing_late,0.25,1.0,0.25875,3200
fcc,0,0,CASIM-prefix,mixed_spurious_timing_late,0.3,0.1666667,0.053125,3200
fcc,0,0,CASIM-prefix,mixed_spurious_timing_late,0.3,0.3333333,0.053125,3200
fcc,0,0,CASIM-prefix,mixed_spurious_timing_late,0.3,0.5,0.071875,3200
fcc,0,0,CASIM-prefix,mixed_spurious_timing_late,0.3,0.6666667,0.071875,3200
fcc,0,0,CASIM-prefix,mixed_spurious_timing_late,0.3,0.8333333,0.1628125,3200
fcc,0,0,CASIM-prefix,mixed_spurious_timing_late,0.3,1.0,0.208125,3200
fcc,0,0,CASIM-prefix,mixed_spurious_timing_late,0.4,0.1666667,0.0671875,3200
fcc,0,0,CASIM-prefix,mixed_spurious_timing_late,0.4,0.3333333,0.0671875,3200
fcc,0,0,CASIM-prefix,mixed_spurious_timing_late,0.4,0.5,0.0671875,3200
fcc,0,0,CASIM-prefix,mixed_spurious_timing_late,0.4,0.6666667,0.078125,3200
fcc,0,0,CASIM-prefix,mixed_spurious_timing_late,0.4,0.8333333,0.078125,3200
fcc,0,0,CASIM-prefix,mixed_spurious_timing_late,0.4,1.0,0.1371875,3200
fcc,0,0,CASIM-prefix,mixed_spurious_timing_late,0.5,0.1666667,0.058125,3200
fcc,0,0,CASIM-prefix,mixed_spurious_timing_late,0.5,0.3333333,0.058125,3200
fcc,0,0,CASIM-prefix,mixed_spurious_timing_late,0.5,0.5,0.058125,3200
fcc,0,0,CASIM-prefix,mixed_spurious_timing_late,0.5,0.6666667,0.063125,3200
fcc,0,0,CASIM-prefix,mixed_spurious_timing_late,0.5,0.8333333,0.100625,3200
fcc,0,0,CASIM-prefix,mixed_spurious_timing_late,0.5,1.0,0.108125,3200
fcc,0,0,CASIM-prefix,mixed_spurious_timing_late,0.6,0.1666667,0.060625,3200
fcc,0,0,CASIM-prefix,mixed_spurious_timing_late,0.6,0.3333333,0.060625,3200
fcc,0,0,CASIM-prefix,mixed_spurious_timing_late,0.6,0.5,0.060625,3200
fcc,0,0,CASIM-prefix,mixed_spurious_timing_late,0.6,0.6666667,0.0640625,3200
fcc,0,0,CASIM-prefix,mixed_spurious_timing_late,0.6,0.8333333,0.064375,3200
fcc,0,0,CASIM-prefix,mixed_spurious_timing_late,0.6,1.0,0.08875,3200
fcc,0,0,CASIM-prefix,mixed_spurious_timing_late,0.7,0.1666667,0.05625,3200
fcc,0,0,CASIM-prefix,mixed_spurious_timing_late,0.7,0.3333333,0.05625,3200
fcc,0,0,CASIM-prefix,mixed_spurious_timing_late,0.7,0.5,0.0565625,3200
fcc,0,0,CASIM-prefix,mixed_spurious_timing_late,0.7,0.6666667,0.060625,3200
fcc,0,0,CASIM-prefix,mixed_spurious_timing_late,0.7,0.8333333,0.0615625,3200
fcc,0,0,CASIM-prefix,mixed_spurious_timing_late,0.7,1.0,0.0825,3200
fcc,0,0,CASIM-prefix,mixed_spurious_timing_late,0.8,0.1666667,0.06625,3200
fcc,0,0,CASIM-prefix,mixed_spurious_timing_late,0.8,0.3333333,0.06625,3200
fcc,0,0,CASIM-prefix,mixed_spurious_timing_late,0.8,0.5,0.06625,3200
fcc,0,0,CASIM-prefix,mixed_spurious_timing_late,0.8,0.6666667,0.0678125,3200
fcc,0,0,CASIM-prefix,mixed_spurious_timing_late,0.8,0.8333333,0.0684375,3200
fcc,0,0,CASIM-prefix,mixed_spurious_timing_late,0.8,1.0,0.0803125,3200
fcc,0,0,CASIM-prefix,mixed_spurious_timing_late,0.9,0.1666667,0.0728125,3200
fcc,0,0,CASIM-prefix,mixed_spurious_timing_late,0.9,0.3333333,0.0728125,3200
fcc,0,0,CASIM-prefix,mixed_spurious_timing_late,0.9,0.5,0.073125,3200
fcc,0,0,CASIM-prefix,mixed_spurious_timing_late,0.9,0.6666667,0.075,3200
fcc,0,0,CASIM-prefix,mixed_spurious_timing_late,0.9,0.8333333,0.0759375,3200
fcc,0,0,CASIM-prefix,mixed_spurious_timing_late,0.9,1.0,0.075,3200
fcc,0,0,CASIM-prefix,spurious_events,0.0,0.1666667,0.9625,3200
fcc,0,0,CASIM-prefix,spurious_events,0.0,0.3333333,0.9625,3200
fcc,0,0,CASIM-prefix,spurious_events,0.0,0.5,0.959375,3200
fcc,0,0,CASIM-prefix,spurious_events,0.0,0.6666667,0.996875,3200
fcc,0,0,CASIM-prefix,spurious_events,0.0,0.8333333,1.0,3200
fcc,0,0,CASIM-prefix,spurious_events,0.0,1.0,1.0,3200
fcc,0,0,CASIM-prefix,spurious_events,0.05,0.1666667,0.959375,3200
fcc,0,0,CASIM-prefix,spurious_events,0.05,0.3333333,0.959375,3200
fcc,0,0,CASIM-prefix,spurious_events,0.05,0.5,0.9584375,3200
fcc,0,0,CASIM-prefix,spurious_events,0.05,0.6666667,0.9946875,3200
fcc,0,0,CASIM-prefix,spurious_events,0.05,0.8333333,0.9909375,3200
fcc,0,0,CASIM-prefix,spurious_events,0.05,1.0,0.9878125,3200
fcc,0,0,CASIM-prefix,spurious_events,0.1,0.1666667,0.951875,3200
fcc,0,0,CASIM-prefix,spurious_events,0.1,0.3333333,0.951875,3200
fcc,0,0,CASIM-prefix,spurious_events,0.1,0.5,0.946875,3200
fcc,0,0,CASIM-prefix,spurious_events,0.1,0.6666667,0.98375,3200
fcc,0,0,CASIM-prefix,spurious_events,0.1,0.8333333,0.9609375,3200
fcc,0,0,CASIM-prefix,spurious_events,0.1,1.0,0.95375,3200
fcc,0,0,CASIM-prefix,spurious_events,0.15,0.1666667,0.943125,3200
fcc,0,0,CASIM-prefix,spurious_events,0.15,0.3333333,0.943125,3200
fcc,0,0,CASIM-prefix,spurious_events,0.15,0.5,0.9353125,3200
fcc,0,0,CASIM-prefix,spurious_events,0.15,0.6666667,0.973125,3200
fcc,0,0,CASIM-prefix,spurious_events,0.15,0.8333333,0.93,3200
fcc,0,0,CASIM-prefix,spurious_events,0.15,1.0,0.924375,3200
fcc,0,0,CASIM-prefix,spurious_events,0.2,0.1666667,0.9315625,3200
fcc,0,0,CASIM-prefix,spurious_events,0.2,0.3333333,0.9315625,3200
fcc,0,0,CASIM-prefix,spurious_events,0.2,0.5,0.929375,3200
fcc,0,0,CASIM-prefix,spurious_events,0.2,0.6666667,0.9584375,3200
fcc,0,0,CASIM-prefix,spurious_events,0.2,0.8333333,0.913125,3200
fcc,0,0,CASIM-prefix,spurious_events,0.2,1.0,0.88625,3200
fcc,0,0,CASIM-prefix,spurious_events,0.25,0.1666667,0.9178125,3200
fcc,0,0,CASIM-prefix,spurious_events,0.25,0.3333333,0.9178125,3200
fcc,0,0,CASIM-prefix,spurious_events,0.25,0.5,0.92125,3200
fcc,0,0,CASIM-prefix,spurious_events,0.25,0.6666667,0.950625,3200
fcc,0,0,CASIM-prefix,spurious_events,0.25,0.8333333,0.870625,3200
fcc,0,0,CASIM-prefix,spurious_events,0.25,1.0,0.8571875,3200
fcc,0,0,CASIM-prefix,spurious_events,0.3,0.1666667,0.9071875,3200
fcc,0,0,CASIM-prefix,spurious_events,0.3,0.3333333,0.9071875,3200
fcc,0,0,CASIM-prefix,spurious_events,0.3,0.5,0.8978125,3200
fcc,0,0,CASIM-prefix,spurious_events,0.3,0.6666667,0.94125,3200
fcc,0,0,CASIM-prefix,spurious_events,0.3,0.8333333,0.8453125,3200
fcc,0,0,CASIM-prefix,spurious_events,0.3,1.0,0.8046875,3200
fcc,0,0,CASIM-prefix,spurious_events,0.4,0.1666667,0.8871875,3200
fcc,0,0,CASIM-prefix,spurious_events,0.4,0.3333333,0.8871875,3200
fcc,0,0,CASIM-prefix,spurious_events,0.4,0.5,0.88125,3200
fcc,0,0,CASIM-prefix,spurious_events,0.4,0.6666667,0.9084375,3200
fcc,0,0,CASIM-prefix,spurious_events,0.4,0.8333333,0.7884375,3200
fcc,0,0,CASIM-prefix,spurious_events,0.4,1.0,0.74375,3200
fcc,0,0,CASIM-prefix,spurious_events,0.5,0.1666667,0.8728125,3200
fcc,0,0,CASIM-prefix,spurious_events,0.5,0.3333333,0.8728125,3200
fcc,0,0,CASIM-prefix,spurious_events,0.5,0.5,0.8515625,3200
fcc,0,0,CASIM-prefix,spurious_events,0.5,0.6666667,0.881875,3200
fcc,0,0,CASIM-prefix,spurious_events,0.5,0.8333333,0.73875,3200
fcc,0,0,CASIM-prefix,spurious_events,0.5,1.0,0.686875,3200
fcc,0,0,CASIM-prefix,spurious_events,0.6,0.1666667,0.860625,3200
fcc,0,0,CASIM-prefix,spurious_events,0.6,0.3333333,0.860625,3200
fcc,0,0,CASIM-prefix,spurious_events,0.6,0.5,0.836875,3200
fcc,0,0,CASIM-prefix,spurious_events,0.6,0.6666667,0.846875,3200
fcc,0,0,CASIM-prefix,spurious_events,0.6,0.8333333,0.6878125,3200
fcc,0,0,CASIM-prefix,spurious_events,0.6,1.0,0.6246875,3200
fcc,0,0,CASIM-prefix,spurious_events,0.7,0.1666667,0.8340625,3200
fcc,0,0,CASIM-prefix,spurious_events,0.7,0.3333333,0.8340625,3200
fcc,0,0,CASIM-prefix,spurious_events,0.7,0.5,0.7934375,3200
fcc,0,0,CASIM-prefix,spurious_events,0.7,0.6666667,0.8109375,3200
fcc,0,0,CASIM-prefix,spurious_events,0.7,0.8333333,0.66375,3200
fcc,0,0,CASIM-prefix,spurious_events,0.7,1.0,0.570625,3200
fcc,0,0,CASIM-prefix,spurious_events,0.8,0.1666667,0.8184375,3200
fcc,0,0,CASIM-prefix,spurious_events,0.8,0.3333333,0.8184375,3200
fcc,0,0,CASIM-prefix,spurious_events,0.8,0.5,0.7784375,3200
fcc,0,0,CASIM-prefix,spurious_events,0.8,0.6666667,0.7796875,3200
fcc,0,0,CASIM-prefix,spurious_events,0.8,0.8333333,0.5971875,3200
fcc,0,0,CASIM-prefix,spurious_events,0.8,1.0,0.53375,3200
fcc,0,0,CASIM-prefix,spurious_events,0.9,0.1666667,0.8003125,3200
fcc,0,0,CASIM-prefix,spurious_events,0.9,0.3333333,0.8003125,3200
fcc,0,0,CASIM-prefix,spurious_events,0.9,0.5,0.7403125,3200
fcc,0,0,CASIM-prefix,spurious_events,0.9,0.6666667,0.7728125,3200
fcc,0,0,CASIM-prefix,spurious_events,0.9,0.8333333,0.56125,3200
fcc,0,0,CASIM-prefix,spurious_events,0.9,1.0,0.4684375,3200
fcc,0,0,CASIM-prefix,timing_uncertainty,0.0,0.1666667,0.9625,3200
fcc,0,0,CASIM-prefix,timing_uncertainty,0.0,0.3333333,0.9625,3200
fcc,0,0,CASIM-prefix,timing_uncertainty,0.0,0.5,0.959375,3200
fcc,0,0,CASIM-prefix,timing_uncertainty,0.0,0.6666667,0.996875,3200
fcc,0,0,CASIM-prefix,timing_uncertainty,0.0,0.8333333,1.0,3200
fcc,0,0,CASIM-prefix,timing_uncertainty,0.0,1.0,1.0,3200
fcc,0,0,CASIM-prefix,timing_uncertainty,0.05,0.1666667,0.9625,3200
fcc,0,0,CASIM-prefix,timing_uncertainty,0.05,0.3333333,0.9625,3200
fcc,0,0,CASIM-prefix,timing_uncertainty,0.05,0.5,0.96,3200
fcc,0,0,CASIM-prefix,timing_uncertainty,0.05,0.6666667,0.996875,3200
fcc,0,0,CASIM-prefix,timing_uncertainty,0.05,0.8333333,1.0,3200
fcc,0,0,CASIM-prefix,timing_uncertainty,0.05,1.0,1.0,3200
fcc,0,0,CASIM-prefix,timing_uncertainty,0.1,0.1666667,0.96125,3200
fcc,0,0,CASIM-prefix,timing_uncertainty,0.1,0.3333333,0.96125,3200
fcc,0,0,CASIM-prefix,timing_uncertainty,0.1,0.5,0.9596875,3200
fcc,0,0,CASIM-prefix,timing_uncertainty,0.1,0.6666667,0.9959375,3200
fcc,0,0,CASIM-prefix,timing_uncertainty,0.1,0.8333333,0.9990625,3200
fcc,0,0,CASIM-prefix,timing_uncertainty,0.1,1.0,1.0,3200
fcc,0,0,CASIM-prefix,timing_uncertainty,0.15,0.1666667,0.960625,3200
fcc,0,0,CASIM-prefix,timing_uncertainty,0.15,0.3333333,0.960625,3200
fcc,0,0,CASIM-prefix,timing_uncertainty,0.15,0.5,0.958125,3200
fcc,0,0,CASIM-prefix,timing_uncertainty,0.15,0.6666667,0.9965625,3200
fcc,0,0,CASIM-prefix,timing_uncertainty,0.15,0.8333333,0.9996875,3200
fcc,0,0,CASIM-prefix,timing_uncertainty,0.15,1.0,1.0,3200
fcc,0,0,CASIM-prefix,timing_uncertainty,0.2,0.1666667,0.95375,3200
fcc,0,0,CASIM-prefix,timing_uncertainty,0.2,0.3333333,0.95375,3200
fcc,0,0,CASIM-prefix,timing_uncertainty,0.2,0.5,0.959375,3200
fcc,0,0,CASIM-prefix,timing_uncertainty,0.2,0.6666667,0.9925,3200
fcc,0,0,CASIM-prefix,timing_uncertainty,0.2,0.8333333,0.998125,3200
fcc,0,0,CASIM-prefix,timing_uncertainty,0.2,1.0,0.9984375,3200
fcc,0,0,CASIM-prefix,timing_uncertainty,0.25,0.1666667,0.954375,3200
fcc,0,0,CASIM-prefix,timing_uncertainty,0.25,0.3333333,0.954375,3200
fcc,0,0,CASIM-prefix,timing_uncertainty,0.25,0.5,0.9596875,3200
fcc,0,0,CASIM-prefix,timing_uncertainty,0.25,0.6666667,0.99375,3200
fcc,0,0,CASIM-prefix,timing_uncertainty,0.25,0.8333333,0.9975,3200
fcc,0,0,CASIM-prefix,timing_uncertainty,0.25,1.0,0.9990625,3200
fcc,0,0,CASIM-prefix,timing_uncertainty,0.3,0.1666667,0.9478125,3200
fcc,0,0,CASIM-prefix,timing_uncertainty,0.3,0.3333333,0.9478125,3200
fcc,0,0,CASIM-prefix,timing_uncertainty,0.3,0.5,0.9565625,3200
fcc,0,0,CASIM-prefix,timing_uncertainty,0.3,0.6666667,0.9925,3200
fcc,0,0,CASIM-prefix,timing_uncertainty,0.3,0.8333333,0.9971875,3200
fcc,0,0,CASIM-prefix,timing_uncertainty,0.3,1.0,0.999375,3200
fcc,0,0,CASIM-prefix,timing_uncertainty,0.4,0.1666667,0.9296875,3200
fcc,0,0,CASIM-prefix,timing_uncertainty,0.4,0.3333333,0.9296875,3200
fcc,0,0,CASIM-prefix,timing_uncertainty,0.4,0.5,0.9540625,3200
fcc,0,0,CASIM-prefix,timing_uncertainty,0.4,0.6666667,0.98625,3200
fcc,0,0,CASIM-prefix,timing_uncertainty,0.4,0.8333333,0.996875,3200
fcc,0,0,CASIM-prefix,timing_uncertainty,0.4,1.0,0.9978125,3200
fcc,0,0,CASIM-prefix,timing_uncertainty,0.5,0.1666667,0.9034375,3200
fcc,0,0,CASIM-prefix,timing_uncertainty,0.5,0.3333333,0.9034375,3200
fcc,0,0,CASIM-prefix,timing_uncertainty,0.5,0.5,0.939375,3200
fcc,0,0,CASIM-prefix,timing_uncertainty,0.5,0.6666667,0.98,3200
fcc,0,0,CASIM-prefix,timing_uncertainty,0.5,0.8333333,0.9975,3200
fcc,0,0,CASIM-prefix,timing_uncertainty,0.5,1.0,0.9959375,3200
fcc,0,0,CASIM-prefix,timing_uncertainty,0.6,0.1666667,0.885,3200
fcc,0,0,CASIM-prefix,timing_uncertainty,0.6,0.3333333,0.885,3200
fcc,0,0,CASIM-prefix,timing_uncertainty,0.6,0.5,0.929375,3200
fcc,0,0,CASIM-prefix,timing_uncertainty,0.6,0.6666667,0.9721875,3200
fcc,0,0,CASIM-prefix,timing_uncertainty,0.6,0.8333333,0.99625,3200
fcc,0,0,CASIM-prefix,timing_uncertainty,0.6,1.0,0.9965625,3200
fcc,0,0,CASIM-prefix,timing_uncertainty,0.7,0.1666667,0.8421875,3200
fcc,0,0,CASIM-prefix,timing_uncertainty,0.7,0.3333333,0.8421875,3200
fcc,0,0,CASIM-prefix,timing_uncertainty,0.7,0.5,0.915,3200
fcc,0,0,CASIM-prefix,timing_uncertainty,0.7,0.6666667,0.96375,3200
fcc,0,0,CASIM-prefix,timing_uncertainty,0.7,0.8333333,0.993125,3200
fcc,0,0,CASIM-prefix,timing_uncertainty,0.7,1.0,0.9965625,3200
fcc,0,0,CASIM-prefix,timing_uncertainty,0.8,0.1666667,0.815,3200
fcc,0,0,CASIM-prefix,timing_uncertainty,0.8,0.3333333,0.815,3200
fcc,0,0,CASIM-prefix,timing_uncertainty,0.8,0.5,0.8753125,3200
fcc,0,0,CASIM-prefix,timing_uncertainty,0.8,0.6666667,0.943125,3200
fcc,0,0,CASIM-prefix,timing_uncertainty,0.8,0.8333333,0.986875,3200
fcc,0,0,CASIM-prefix,timing_uncertainty,0.8,1.0,0.9884375,3200
fcc,0,0,CASIM-prefix,timing_uncertainty,0.9,0.1666667,0.750625,3200
fcc,0,0,CASIM-prefix,timing_uncertainty,0.9,0.3333333,0.750625,3200
fcc,0,0,CASIM-prefix,timing_uncertainty,0.9,0.5,0.8309375,3200
fcc,0,0,CASIM-prefix,timing_uncertainty,0.9,0.6666667,0.934375,3200
fcc,0,0,CASIM-prefix,timing_uncertainty,0.9,0.8333333,0.98,3200
fcc,0,0,CASIM-prefix,timing_uncertainty,0.9,1.0,0.9896875,3200
fcc,0,0,EAC-1NN,late_time_delay,0.0,0.1666667,0.8,3200
fcc,0,0,EAC-1NN,late_time_delay,0.0,0.3333333,0.8,3200
fcc,0,0,EAC-1NN,late_time_delay,0.0,0.5,0.903125,3200
fcc,0,0,EAC-1NN,late_time_delay,0.0,0.6666667,0.975,3200
fcc,0,0,EAC-1NN,late_time_delay,0.0,0.8333333,0.9875,3200
fcc,0,0,EAC-1NN,late_time_delay,0.0,1.0,0.98125,3200
fcc,0,0,EAC-1NN,late_time_delay,0.05,0.1666667,0.30625,3200
fcc,0,0,EAC-1NN,late_time_delay,0.05,0.3333333,0.30625,3200
fcc,0,0,EAC-1NN,late_time_delay,0.05,0.5,0.5125,3200
fcc,0,0,EAC-1NN,late_time_delay,0.05,0.6666667,0.603125,3200
fcc,0,0,EAC-1NN,late_time_delay,0.05,0.8333333,0.64375,3200
fcc,0,0,EAC-1NN,late_time_delay,0.05,1.0,0.690625,3200
fcc,0,0,EAC-1NN,late_time_delay,0.1,0.1666667,0.2875,3200
fcc,0,0,EAC-1NN,late_time_delay,0.1,0.3333333,0.2875,3200
fcc,0,0,EAC-1NN,late_time_delay,0.1,0.5,0.54375,3200
fcc,0,0,EAC-1NN,late_time_delay,0.1,0.6666667,0.603125,3200
fcc,0,0,EAC-1NN,late_time_delay,0.1,0.8333333,0.6,3200
fcc,0,0,EAC-1NN,late_time_delay,0.1,1.0,0.625,3200
fcc,0,0,EAC-1NN,late_time_delay,0.15,0.1666667,0.2625,3200
fcc,0,0,EAC-1NN,late_time_delay,0.15,0.3333333,0.2625,3200
fcc,0,0,EAC-1NN,late_time_delay,0.15,0.5,0.46875,3200
fcc,0,0,EAC-1NN,late_time_delay,0.15,0.6666667,0.525,3200
fcc,0,0,EAC-1NN,late_time_delay,0.15,0.8333333,0.528125,3200
fcc,0,0,EAC-1NN,late_time_delay,0.15,1.0,0.553125,3200
fcc,0,0,EAC-1NN,late_time_delay,0.2,0.1666667,0.26875,3200
fcc,0,0,EAC-1NN,late_time_delay,0.2,0.3333333,0.26875,3200
fcc,0,0,EAC-1NN,late_time_delay,0.2,0.5,0.41875,3200
fcc,0,0,EAC-1NN,late_time_delay,0.2,0.6666667,0.45,3200
fcc,0,0,EAC-1NN,late_time_delay,0.2,0.8333333,0.45,3200
fcc,0,0,EAC-1NN,late_time_delay,0.2,1.0,0.49375,3200
fcc,0,0,EAC-1NN,late_time_delay,0.25,0.1666667,0.3125,3200
fcc,0,0,EAC-1NN,late_time_delay,0.25,0.3333333,0.3125,3200
fcc,0,0,EAC-1NN,late_time_delay,0.25,0.5,0.36875,3200
fcc,0,0,EAC-1NN,late_time_delay,0.25,0.6666667,0.36875,3200
fcc,0,0,EAC-1NN,late_time_delay,0.25,0.8333333,0.3875,3200
fcc,0,0,EAC-1NN,late_time_delay,0.25,1.0,0.453125,3200
fcc,0,0,EAC-1NN,late_time_delay,0.3,0.1666667,0.29375,3200
fcc,0,0,EAC-1NN,late_time_delay,0.3,0.3333333,0.29375,3200
fcc,0,0,EAC-1NN,late_time_delay,0.3,0.5,0.35,3200
fcc,0,0,EAC-1NN,late_time_delay,0.3,0.6666667,0.35,3200
fcc,0,0,EAC-1NN,late_time_delay,0.3,0.8333333,0.384375,3200
fcc,0,0,EAC-1NN,late_time_delay,0.3,1.0,0.4375,3200
fcc,0,0,EAC-1NN,late_time_delay,0.4,0.1666667,0.23125,3200
fcc,0,0,EAC-1NN,late_time_delay,0.4,0.3333333,0.23125,3200
fcc,0,0,EAC-1NN,late_time_delay,0.4,0.5,0.23125,3200
fcc,0,0,EAC-1NN,late_time_delay,0.4,0.6666667,0.265625,3200
fcc,0,0,EAC-1NN,late_time_delay,0.4,0.8333333,0.265625,3200
fcc,0,0,EAC-1NN,late_time_delay,0.4,1.0,0.375,3200
fcc,0,0,EAC-1NN,late_time_delay,0.5,0.1666667,0.2,3200
fcc,0,0,EAC-1NN,late_time_delay,0.5,0.3333333,0.2,3200
fcc,0,0,EAC-1NN,late_time_delay,0.5,0.5,0.2,3200
fcc,0,0,EAC-1NN,late_time_delay,0.5,0.6666667,0.2,3200
fcc,0,0,EAC-1NN,late_time_delay,0.5,0.8333333,0.259375,3200
fcc,0,0,EAC-1NN,late_time_delay,0.5,1.0,0.309375,3200
fcc,0,0,EAC-1NN,late_time_delay,0.6,0.1666667,0.128125,3200
fcc,0,0,EAC-1NN,late_time_delay,0.6,0.3333333,0.128125,3200
fcc,0,0,EAC-1NN,late_time_delay,0.6,0.5,0.128125,3200
fcc,0,0,EAC-1NN,late_time_delay,0.6,0.6666667,0.128125,3200
fcc,0,0,EAC-1NN,late_time_delay,0.6,0.8333333,0.128125,3200
fcc,0,0,EAC-1NN,late_time_delay,0.6,1.0,0.240625,3200
fcc,0,0,EAC-1NN,late_time_delay,0.7,0.1666667,0.13125,3200
fcc,0,0,EAC-1NN,late_time_delay,0.7,0.3333333,0.13125,3200
fcc,0,0,EAC-1NN,late_time_delay,0.7,0.5,0.13125,3200
fcc,0,0,EAC-1NN,late_time_delay,0.7,0.6666667,0.13125,3200
fcc,0,0,EAC-1NN,late_time_delay,0.7,0.8333333,0.13125,3200
fcc,0,0,EAC-1NN,late_time_delay,0.7,1.0,0.196875,3200
fcc,0,0,EAC-1NN,late_time_delay,0.8,0.1666667,0.175,3200
fcc,0,0,EAC-1NN,late_time_delay,0.8,0.3333333,0.175,3200
fcc,0,0,EAC-1NN,late_time_delay,0.8,0.5,0.175,3200
fcc,0,0,EAC-1NN,late_time_delay,0.8,0.6666667,0.175,3200
fcc,0,0,EAC-1NN,late_time_delay,0.8,0.8333333,0.175,3200
fcc,0,0,EAC-1NN,late_time_delay,0.8,1.0,0.18125,3200
fcc,0,0,EAC-1NN,late_time_delay,0.9,0.1666667,0.13125,3200
fcc,0,0,EAC-1NN,late_time_delay,0.9,0.3333333,0.13125,3200
fcc,0,0,EAC-1NN,late_time_delay,0.9,0.5,0.13125,3200
fcc,0,0,EAC-1NN,late_time_delay,0.9,0.6666667,0.13125,3200
fcc,0,0,EAC-1NN,late_time_delay,0.9,0.8333333,0.13125,3200
fcc,0,0,EAC-1NN,late_time_delay,0.9,1.0,0.13125,3200
fcc,0,0,EAC-1NN,missing_events,0.0,0.1666667,0.8,3200
fcc,0,0,EAC-1NN,missing_events,0.0,0.3333333,0.8,3200
fcc,0,0,EAC-1NN,missing_events,0.0,0.5,0.903125,3200
fcc,0,0,EAC-1NN,missing_events,0.0,0.6666667,0.975,3200
fcc,0,0,EAC-1NN,missing_events,0.0,0.8333333,0.9875,3200
fcc,0,0,EAC-1NN,missing_events,0.0,1.0,0.98125,3200
fcc,0,0,EAC-1NN,missing_events,0.05,0.1666667,0.790625,3200
fcc,0,0,EAC-1NN,missing_events,0.05,0.3333333,0.790625,3200
fcc,0,0,EAC-1NN,missing_events,0.05,0.5,0.9009375,3200
fcc,0,0,EAC-1NN,missing_events,0.05,0.6666667,0.9740625,3200
fcc,0,0,EAC-1NN,missing_events,0.05,0.8333333,0.986875,3200
fcc,0,0,EAC-1NN,missing_events,0.05,1.0,0.984375,3200
fcc,0,0,EAC-1NN,missing_events,0.1,0.1666667,0.7778125,3200
fcc,0,0,EAC-1NN,missing_events,0.1,0.3333333,0.7778125,3200
fcc,0,0,EAC-1NN,missing_events,0.1,0.5,0.8928125,3200
fcc,0,0,EAC-1NN,missing_events,0.1,0.6666667,0.968125,3200
fcc,0,0,EAC-1NN,missing_events,0.1,0.8333333,0.9840625,3200
fcc,0,0,EAC-1NN,missing_events,0.1,1.0,0.97875,3200
fcc,0,0,EAC-1NN,missing_events,0.15,0.1666667,0.758125,3200
fcc,0,0,EAC-1NN,missing_events,0.15,0.3333333,0.758125,3200
fcc,0,0,EAC-1NN,missing_events,0.15,0.5,0.8765625,3200
fcc,0,0,EAC-1NN,missing_events,0.15,0.6666667,0.955625,3200
fcc,0,0,EAC-1NN,missing_events,0.15,0.8333333,0.9759375,3200
fcc,0,0,EAC-1NN,missing_events,0.15,1.0,0.9734375,3200
fcc,0,0,EAC-1NN,missing_events,0.2,0.1666667,0.7428125,3200
fcc,0,0,EAC-1NN,missing_events,0.2,0.3333333,0.7428125,3200
fcc,0,0,EAC-1NN,missing_events,0.2,0.5,0.8603125,3200
fcc,0,0,EAC-1NN,missing_events,0.2,0.6666667,0.9440625,3200
fcc,0,0,EAC-1NN,missing_events,0.2,0.8333333,0.9640625,3200
fcc,0,0,EAC-1NN,missing_events,0.2,1.0,0.9646875,3200
fcc,0,0,EAC-1NN,missing_events,0.25,0.1666667,0.7175,3200
fcc,0,0,EAC-1NN,missing_events,0.25,0.3333333,0.7175,3200
fcc,0,0,EAC-1NN,missing_events,0.25,0.5,0.8465625,3200
fcc,0,0,EAC-1NN,missing_events,0.25,0.6666667,0.9325,3200
fcc,0,0,EAC-1NN,missing_events,0.25,0.8333333,0.9553125,3200
fcc,0,0,EAC-1NN,missing_events,0.25,1.0,0.959375,3200
fcc,0,0,EAC-1NN,missing_events,0.3,0.1666667,0.6815625,3200
fcc,0,0,EAC-1NN,missing_events,0.3,0.3333333,0.6815625,3200
fcc,0,0,EAC-1NN,missing_events,0.3,0.5,0.82625,3200
fcc,0,0,EAC-1NN,missing_events,0.3,0.6666667,0.908125,3200
fcc,0,0,EAC-1NN,missing_events,0.3,0.8333333,0.936875,3200
fcc,0,0,EAC-1NN,missing_events,0.3,1.0,0.9459375,3200
fcc,0,0,EAC-1NN,missing_events,0.4,0.1666667,0.6328125,3200
fcc,0,0,EAC-1NN,missing_events,0.4,0.3333333,0.6328125,3200
fcc,0,0,EAC-1NN,missing_events,0.4,0.5,0.7746875,3200
fcc,0,0,EAC-1NN,missing_events,0.4,0.6666667,0.86375,3200
fcc,0,0,EAC-1NN,missing_events,0.4,0.8333333,0.90625,3200
fcc,0,0,EAC-1NN,missing_events,0.4,1.0,0.918125,3200
fcc,0,0,EAC-1NN,missing_events,0.5,0.1666667,0.565625,3200
fcc,0,0,EAC-1NN,missing_events,0.5,0.3333333,0.565625,3200
fcc,0,0,EAC-1NN,missing_events,0.5,0.5,0.6909375,3200
fcc,0,0,EAC-1NN,missing_events,0.5,0.6666667,0.7965625,3200
fcc,0,0,EAC-1NN,missing_events,0.5,0.8333333,0.8353125,3200
fcc,0,0,EAC-1NN,missing_events,0.5,1.0,0.8528125,3200
fcc,0,0,EAC-1NN,missing_events,0.6,0.1666667,0.4984375,3200
fcc,0,0,EAC-1NN,missing_events,0.6,0.3333333,0.4984375,3200
fcc,0,0,EAC-1NN,missing_events,0.6,0.5,0.6109375,3200
fcc,0,0,EAC-1NN,missing_events,0.6,0.6666667,0.7134375,3200
fcc,0,0,EAC-1NN,missing_events,0.6,0.8333333,0.7528125,3200
fcc,0,0,EAC-1NN,missing_events,0.6,1.0,0.7778125,3200
fcc,0,0,EAC-1NN,missing_events,0.7,0.1666667,0.4190625,3200
fcc,0,0,EAC-1NN,missing_events,0.7,0.3333333,0.4190625,3200
fcc,0,0,EAC-1NN,missing_events,0.7,0.5,0.5078125,3200
fcc,0,0,EAC-1NN,missing_events,0.7,0.6666667,0.5971875,3200
fcc,0,0,EAC-1NN,missing_events,0.7,0.8333333,0.6359375,3200
fcc,0,0,EAC-1NN,missing_events,0.7,1.0,0.6796875,3200
fcc,0,0,EAC-1NN,missing_events,0.8,0.1666667,0.3353125,3200
fcc,0,0,EAC-1NN,missing_events,0.8,0.3333333,0.3353125,3200
fcc,0,0,EAC-1NN,missing_events,0.8,0.5,0.398125,3200
fcc,0,0,EAC-1NN,missing_events,0.8,0.6666667,0.46125,3200
fcc,0,0,EAC-1NN,missing_events,0.8,0.8333333,0.4821875,3200
fcc,0,0,EAC-1NN,missing_events,0.8,1.0,0.521875,3200
fcc,0,0,EAC-1NN,missing_events,0.9,0.1666667,0.245625,3200
fcc,0,0,EAC-1NN,missing_events,0.9,0.3333333,0.245625,3200
fcc,0,0,EAC-1NN,missing_events,0.9,0.5,0.2796875,3200
fcc,0,0,EAC-1NN,missing_events,0.9,0.6666667,0.3171875,3200
fcc,0,0,EAC-1NN,missing_events,0.9,0.8333333,0.3303125,3200
fcc,0,0,EAC-1NN,missing_events,0.9,1.0,0.3578125,3200
fcc,0,0,EAC-1NN,mixed_missing_spurious,0.0,0.1666667,0.8,3200
fcc,0,0,EAC-1NN,mixed_missing_spurious,0.0,0.3333333,0.8,3200
fcc,0,0,EAC-1NN,mixed_missing_spurious,0.0,0.5,0.903125,3200
fcc,0,0,EAC-1NN,mixed_missing_spurious,0.0,0.6666667,0.975,3200
fcc,0,0,EAC-1NN,mixed_missing_spurious,0.0,0.8333333,0.9875,3200
fcc,0,0,EAC-1NN,mixed_missing_spurious,0.0,1.0,0.98125,3200
fcc,0,0,EAC-1NN,mixed_missing_spurious,0.05,0.1666667,0.7934375,3200
fcc,0,0,EAC-1NN,mixed_missing_spurious,0.05,0.3333333,0.7934375,3200
fcc,0,0,EAC-1NN,mixed_missing_spurious,0.05,0.5,0.8975,3200
fcc,0,0,EAC-1NN,mixed_missing_spurious,0.05,0.6666667,0.9734375,3200
fcc,0,0,EAC-1NN,mixed_missing_spurious,0.05,0.8333333,0.9859375,3200
fcc,0,0,EAC-1NN,mixed_missing_spurious,0.05,1.0,0.9821875,3200
fcc,0,0,EAC-1NN,mixed_missing_spurious,0.1,0.1666667,0.76875,3200
fcc,0,0,EAC-1NN,mixed_missing_spurious,0.1,0.3333333,0.76875,3200
fcc,0,0,EAC-1NN,mixed_missing_spurious,0.1,0.5,0.8925,3200
fcc,0,0,EAC-1NN,mixed_missing_spurious,0.1,0.6666667,0.964375,3200
fcc,0,0,EAC-1NN,mixed_missing_spurious,0.1,0.8333333,0.9821875,3200
fcc,0,0,EAC-1NN,mixed_missing_spurious,0.1,1.0,0.980625,3200
fcc,0,0,EAC-1NN,mixed_missing_spurious,0.15,0.1666667,0.75375,3200
fcc,0,0,EAC-1NN,mixed_missing_spurious,0.15,0.3333333,0.75375,3200
fcc,0,0,EAC-1NN,mixed_missing_spurious,0.15,0.5,0.870625,3200
fcc,0,0,EAC-1NN,mixed_missing_spurious,0.15,0.6666667,0.9459375,3200
fcc,0,0,EAC-1NN,mixed_missing_spurious,0.15,0.8333333,0.9703125,3200
fcc,0,0,EAC-1NN,mixed_missing_spurious,0.15,1.0,0.9690625,3200
fcc,0,0,EAC-1NN,mixed_missing_spurious,0.2,0.1666667,0.720625,3200
fcc,0,0,EAC-1NN,mixed_missing_spurious,0.2,0.3333333,0.720625,3200
fcc,0,0,EAC-1NN,mixed_missing_spurious,0.2,0.5,0.8503125,3200
fcc,0,0,EAC-1NN,mixed_missing_spurious,0.2,0.6666667,0.9321875,3200
fcc,0,0,EAC-1NN,mixed_missing_spurious,0.2,0.8333333,0.9565625,3200
fcc,0,0,EAC-1NN,mixed_missing_spurious,0.2,1.0,0.9565625,3200
fcc,0,0,EAC-1NN,mixed_missing_spurious,0.25,0.1666667,0.70375,3200
fcc,0,0,EAC-1NN,mixed_missing_spurious,0.25,0.3333333,0.70375,3200
fcc,0,0,EAC-1NN,mixed_missing_spurious,0.25,0.5,0.83125,3200
fcc,0,0,EAC-1NN,mixed_missing_spurious,0.25,0.6666667,0.9125,3200
fcc,0,0,EAC-1NN,mixed_missing_spurious,0.25,0.8333333,0.9334375,3200
fcc,0,0,EAC-1NN,mixed_missing_spurious,0.25,1.0,0.94125,3200
fcc,0,0,EAC-1NN,mixed_missing_spurious,0.3,0.1666667,0.68125,3200
fcc,0,0,EAC-1NN,mixed_missing_spurious,0.3,0.3333333,0.68125,3200
fcc,0,0,EAC-1NN,mixed_missing_spurious,0.3,0.5,0.8109375,3200
fcc,0,0,EAC-1NN,mixed_missing_spurious,0.3,0.6666667,0.8940625,3200
fcc,0,0,EAC-1NN,mixed_missing_spurious,0.3,0.8333333,0.9203125,3200
fcc,0,0,EAC-1NN,mixed_missing_spurious,0.3,1.0,0.9228125,3200
fcc,0,0,EAC-1NN,mixed_missing_spurious,0.4,0.1666667,0.628125,3200
fcc,0,0,EAC-1NN,mixed_missing_spurious,0.4,0.3333333,0.628125,3200
fcc,0,0,EAC-1NN,mixed_missing_spurious,0.4,0.5,0.744375,3200
fcc,0,0,EAC-1NN,mixed_missing_spurious,0.4,0.6666667,0.839375,3200
fcc,0,0,EAC-1NN,mixed_missing_spurious,0.4,0.8333333,0.8690625,3200
fcc,0,0,EAC-1NN,mixed_missing_spurious,0.4,1.0,0.875625,3200
fcc,0,0,EAC-1NN,mixed_missing_spurious,0.5,0.1666667,0.5440625,3200
fcc,0,0,EAC-1NN,mixed_missing_spurious,0.5,0.3333333,0.5440625,3200
fcc,0,0,EAC-1NN,mixed_missing_spurious,0.5,0.5,0.6653125,3200
fcc,0,0,EAC-1NN,mixed_missing_spurious,0.5,0.6666667,0.740625,3200
fcc,0,0,EAC-1NN,mixed_missing_spurious,0.5,0.8333333,0.7665625,3200
fcc,0,0,EAC-1NN,mixed_missing_spurious,0.5,1.0,0.7790625,3200
fcc,0,0,EAC-1NN,mixed_missing_spurious,0.6,0.1666667,0.4884375,3200
fcc,0,0,EAC-1NN,mixed_missing_spurious,0.6,0.3333333,0.4884375,3200
fcc,0,0,EAC-1NN,mixed_missing_spurious,0.6,0.5,0.57875,3200
fcc,0,0,EAC-1NN,mixed_missing_spurious,0.6,0.6666667,0.6515625,3200
fcc,0,0,EAC-1NN,mixed_missing_spurious,0.6,0.8333333,0.676875,3200
fcc,0,0,EAC-1NN,mixed_missing_spurious,0.6,1.0,0.6971875,3200
fcc,0,0,EAC-1NN,mixed_missing_spurious,0.7,0.1666667,0.41125,3200
fcc,0,0,EAC-1NN,mixed_missing_spurious,0.7,0.3333333,0.41125,3200
fcc,0,0,EAC-1NN,mixed_missing_spurious,0.7,0.5,0.480625,3200
fcc,0,0,EAC-1NN,mixed_missing_spurious,0.7,0.6666667,0.5428125,3200
fcc,0,0,EAC-1NN,mixed_missing_spurious,0.7,0.8333333,0.5653125,3200
fcc,0,0,EAC-1NN,mixed_missing_spurious,0.7,1.0,0.5815625,3200
fcc,0,0,EAC-1NN,mixed_missing_spurious,0.8,0.1666667,0.32875,3200
fcc,0,0,EAC-1NN,mixed_missing_spurious,0.8,0.3333333,0.32875,3200
fcc,0,0,EAC-1NN,mixed_missing_spurious,0.8,0.5,0.3803125,3200
fcc,0,0,EAC-1NN,mixed_missing_spurious,0.8,0.6666667,0.42375,3200
fcc,0,0,EAC-1NN,mixed_missing_spurious,0.8,0.8333333,0.4265625,3200
fcc,0,0,EAC-1NN,mixed_missing_spurious,0.8,1.0,0.4409375,3200
fcc,0,0,EAC-1NN,mixed_missing_spurious,0.9,0.1666667,0.2315625,3200
fcc,0,0,EAC-1NN,mixed_missing_spurious,0.9,0.3333333,0.2315625,3200
fcc,0,0,EAC-1NN,mixed_missing_spurious,0.9,0.5,0.2584375,3200
fcc,0,0,EAC-1NN,mixed_missing_spurious,0.9,0.6666667,0.3,3200
fcc,0,0,EAC-1NN,mixed_missing_spurious,0.9,0.8333333,0.31125,3200
fcc,0,0,EAC-1NN,mixed_missing_spurious,0.9,1.0,0.3325,3200
fcc,0,0,EAC-1NN,mixed_spurious_timing_late,0.0,0.1666667,0.8,3200
fcc,0,0,EAC-1NN,mixed_spurious_timing_late,0.0,0.3333333,0.8,3200
fcc,0,0,EAC-1NN,mixed_spurious_timing_late,0.0,0.5,0.903125,3200
fcc,0,0,EAC-1NN,mixed_spurious_timing_late,0.0,0.6666667,0.975,3200
fcc,0,0,EAC-1NN,mixed_spurious_timing_late,0.0,0.8333333,0.9875,3200
fcc,0,0,EAC-1NN,mixed_spurious_timing_late,0.0,1.0,0.98125,3200
fcc,0,0,EAC-1NN,mixed_spurious_timing_late,0.05,0.1666667,0.30625,3200
fcc,0,0,EAC-1NN,mixed_spurious_timing_late,0.05,0.3333333,0.30625,3200
fcc,0,0,EAC-1NN,mixed_spurious_timing_late,0.05,0.5,0.5121875,3200
fcc,0,0,EAC-1NN,mixed_spurious_timing_late,0.05,0.6666667,0.605,3200
fcc,0,0,EAC-1NN,mixed_spurious_timing_late,0.05,0.8333333,0.6428125,3200
fcc,0,0,EAC-1NN,mixed_spurious_timing_late,0.05,1.0,0.6921875,3200
fcc,0,0,EAC-1NN,mixed_spurious_timing_late,0.1,0.1666667,0.2859375,3200
fcc,0,0,EAC-1NN,mixed_spurious_timing_late,0.1,0.3333333,0.2859375,3200
fcc,0,0,EAC-1NN,mixed_spurious_timing_late,0.1,0.5,0.531875,3200
fcc,0,0,EAC-1NN,mixed_spurious_timing_late,0.1,0.6666667,0.591875,3200
fcc,0,0,EAC-1NN,mixed_spurious_timing_late,0.1,0.8333333,0.589375,3200
fcc,0,0,EAC-1NN,mixed_spurious_timing_late,0.1,1.0,0.618125,3200
fcc,0,0,EAC-1NN,mixed_spurious_timing_late,0.15,0.1666667,0.2590625,3200
fcc,0,0,EAC-1NN,mixed_spurious_timing_late,0.15,0.3333333,0.2590625,3200
fcc,0,0,EAC-1NN,mixed_spurious_timing_late,0.15,0.5,0.4434375,3200
fcc,0,0,EAC-1NN,mixed_spurious_timing_late,0.15,0.6666667,0.495625,3200
fcc,0,0,EAC-1NN,mixed_spurious_timing_late,0.15,0.8333333,0.5015625,3200
fcc,0,0,EAC-1NN,mixed_spurious_timing_late,0.15,1.0,0.5271875,3200
fcc,0,0,EAC-1NN,mixed_spurious_timing_late,0.2,0.1666667,0.2665625,3200
fcc,0,0,EAC-1NN,mixed_spurious_timing_late,0.2,0.3333333,0.2665625,3200
fcc,0,0,EAC-1NN,mixed_spurious_timing_late,0.2,0.5,0.3934375,3200
fcc,0,0,EAC-1NN,mixed_spurious_timing_late,0.2,0.6666667,0.4203125,3200
fcc,0,0,EAC-1NN,mixed_spurious_timing_late,0.2,0.8333333,0.4203125,3200
fcc,0,0,EAC-1NN,mixed_spurious_timing_late,0.2,1.0,0.4553125,3200
fcc,0,0,EAC-1NN,mixed_spurious_timing_late,0.25,0.1666667,0.29,3200
fcc,0,0,EAC-1NN,mixed_spurious_timing_late,0.25,0.3333333,0.29,3200
fcc,0,0,EAC-1NN,mixed_spurious_timing_late,0.25,0.5,0.35125,3200
fcc,0,0,EAC-1NN,mixed_spurious_timing_late,0.25,0.6666667,0.35125,3200
fcc,0,0,EAC-1NN,mixed_spurious_timing_late,0.25,0.8333333,0.3665625,3200
fcc,0,0,EAC-1NN,mixed_spurious_timing_late,0.25,1.0,0.4271875,3200
fcc,0,0,EAC-1NN,mixed_spurious_timing_late,0.3,0.1666667,0.2721875,3200
fcc,0,0,EAC-1NN,mixed_spurious_timing_late,0.3,0.3333333,0.2721875,3200
fcc,0,0,EAC-1NN,mixed_spurious_timing_late,0.3,0.5,0.3265625,3200
fcc,0,0,EAC-1NN,mixed_spurious_timing_late,0.3,0.6666667,0.3265625,3200
fcc,0,0,EAC-1NN,mixed_spurious_timing_late,0.3,0.8333333,0.354375,3200
fcc,0,0,EAC-1NN,mixed_spurious_timing_late,0.3,1.0,0.396875,3200
fcc,0,0,EAC-1NN,mixed_spurious_timing_late,0.4,0.1666667,0.193125,3200
fcc,0,0,EAC-1NN,mixed_spurious_timing_late,0.4,0.3333333,0.193125,3200
fcc,0,0,EAC-1NN,mixed_spurious_timing_late,0.4,0.5,0.193125,3200
fcc,0,0,EAC-1NN,mixed_spurious_timing_late,0.4,0.6666667,0.215625,3200
fcc,0,0,EAC-1NN,mixed_spurious_timing_late,0.4,0.8333333,0.215625,3200
fcc,0,0,EAC-1NN,mixed_spurious_timing_late,0.4,1.0,0.2871875,3200
fcc,0,0,EAC-1NN,mixed_spurious_timing_late,0.5,0.1666667,0.1275,3200
fcc,0,0,EAC-1NN,mixed_spurious_timing_late,0.5,0.3333333,0.1275,3200
fcc,0,0,EAC-1NN,mixed_spurious_timing_late,0.5,0.5,0.1275,3200
fcc,0,0,EAC-1NN,mixed_spurious_timing_late,0.5,0.6666667,0.1275,3200
fcc,0,0,EAC-1NN,mixed_spurious_timing_late,0.5,0.8333333,0.166875,3200
fcc,0,0,EAC-1NN,mixed_spurious_timing_late,0.5,1.0,0.215,3200
fcc,0,0,EAC-1NN,mixed_spurious_timing_late,0.6,0.1666667,0.1,3200
fcc,0,0,EAC-1NN,mixed_spurious_timing_late,0.6,0.3333333,0.1,3200
fcc,0,0,EAC-1NN,mixed_spurious_timing_late,0.6,0.5,0.1,3200
fcc,0,0,EAC-1NN,mixed_spurious_timing_late,0.6,0.6666667,0.1,3200
fcc,0,0,EAC-1NN,mixed_spurious_timing_late,0.6,0.8333333,0.1,3200
fcc,0,0,EAC-1NN,mixed_spurious_timing_late,0.6,1.0,0.1684375,3200
fcc,0,0,EAC-1NN,mixed_spurious_timing_late,0.7,0.1666667,0.099375,3200
fcc,0,0,EAC-1NN,mixed_spurious_timing_late,0.7,0.3333333,0.099375,3200
fcc,0,0,EAC-1NN,mixed_spurious_timing_late,0.7,0.5,0.099375,3200
fcc,0,0,EAC-1NN,mixed_spurious_timing_late,0.7,0.6666667,0.099375,3200
fcc,0,0,EAC-1NN,mixed_spurious_timing_late,0.7,0.8333333,0.099375,3200
fcc,0,0,EAC-1NN,mixed_spurious_timing_late,0.7,1.0,0.1365625,3200
fcc,0,0,EAC-1NN,mixed_spurious_timing_late,0.8,0.1666667,0.1015625,3200
fcc,0,0,EAC-1NN,mixed_spurious_timing_late,0.8,0.3333333,0.1015625,3200
fcc,0,0,EAC-1NN,mixed_spurious_timing_late,0.8,0.5,0.1015625,3200
fcc,0,0,EAC-1NN,mixed_spurious_timing_late,0.8,0.6666667,0.1015625,3200
fcc,0,0,EAC-1NN,mixed_spurious_timing_late,0.8,0.8333333,0.1015625,3200
fcc,0,0,EAC-1NN,mixed_spurious_timing_late,0.8,1.0,0.1096875,3200
fcc,0,0,EAC-1NN,mixed_spurious_timing_late,0.9,0.1666667,0.0884375,3200
fcc,0,0,EAC-1NN,mixed_spurious_timing_late,0.9,0.3333333,0.0884375,3200
fcc,0,0,EAC-1NN,mixed_spurious_timing_late,0.9,0.5,0.0884375,3200
fcc,0,0,EAC-1NN,mixed_spurious_timing_late,0.9,0.6666667,0.0884375,3200
fcc,0,0,EAC-1NN,mixed_spurious_timing_late,0.9,0.8333333,0.0884375,3200
fcc,0,0,EAC-1NN,mixed_spurious_timing_late,0.9,1.0,0.0884375,3200
fcc,0,0,EAC-1NN,spurious_events,0.0,0.1666667,0.8,3200
fcc,0,0,EAC-1NN,spurious_events,0.0,0.3333333,0.8,3200
fcc,0,0,EAC-1NN,spurious_events,0.0,0.5,0.903125,3200
fcc,0,0,EAC-1NN,spurious_events,0.0,0.6666667,0.975,3200
fcc,0,0,EAC-1NN,spurious_events,0.0,0.8333333,0.9875,3200
fcc,0,0,EAC-1NN,spurious_events,0.0,1.0,0.98125,3200
fcc,0,0,EAC-1NN,spurious_events,0.05,0.1666667,0.798125,3200
fcc,0,0,EAC-1NN,spurious_events,0.05,0.3333333,0.798125,3200
fcc,0,0,EAC-1NN,spurious_events,0.05,0.5,0.90125,3200
fcc,0,0,EAC-1NN,spurious_events,0.05,0.6666667,0.9734375,3200
fcc,0,0,EAC-1NN,spurious_events,0.05,0.8333333,0.98625,3200
fcc,0,0,EAC-1NN,spurious_events,0.05,1.0,0.98125,3200
fcc,0,0,EAC-1NN,spurious_events,0.1,0.1666667,0.7940625,3200
fcc,0,0,EAC-1NN,spurious_events,0.1,0.3333333,0.7940625,3200
fcc,0,0,EAC-1NN,spurious_events,0.1,0.5,0.9015625,3200
fcc,0,0,EAC-1NN,spurious_events,0.1,0.6666667,0.9725,3200
fcc,0,0,EAC-1NN,spurious_events,0.1,0.8333333,0.986875,3200
fcc,0,0,EAC-1NN,spurious_events,0.1,1.0,0.9803125,3200
fcc,0,0,EAC-1NN,spurious_events,0.15,0.1666667,0.79625,3200
fcc,0,0,EAC-1NN,spurious_events,0.15,0.3333333,0.79625,3200
fcc,0,0,EAC-1NN,spurious_events,0.15,0.5,0.9025,3200
fcc,0,0,EAC-1NN,spurious_events,0.15,0.6666667,0.9715625,3200
fcc,0,0,EAC-1NN,spurious_events,0.15,0.8333333,0.9840625,3200
fcc,0,0,EAC-1NN,spurious_events,0.15,1.0,0.9778125,3200
fcc,0,0,EAC-1NN,spurious_events,0.2,0.1666667,0.78875,3200
fcc,0,0,EAC-1NN,spurious_events,0.2,0.3333333,0.78875,3200
fcc,0,0,EAC-1NN,spurious_events,0.2,0.5,0.900625,3200
fcc,0,0,EAC-1NN,spurious_events,0.2,0.6666667,0.96875,3200
fcc,0,0,EAC-1NN,spurious_events,0.2,0.8333333,0.981875,3200
fcc,0,0,EAC-1NN,spurious_events,0.2,1.0,0.9753125,3200
fcc,0,0,EAC-1NN,spurious_events,0.25,0.1666667,0.7890625,3200
fcc,0,0,EAC-1NN,spurious_events,0.25,0.3333333,0.7890625,3200
fcc,0,0,EAC-1NN,spurious_events,0.25,0.5,0.899375,3200
fcc,0,0,EAC-1NN,spurious_events,0.25,0.6666667,0.9653125,3200
fcc,0,0,EAC-1NN,spurious_events,0.25,0.8333333,0.979375,3200
fcc,0,0,EAC-1NN,spurious_events,0.25,1.0,0.975625,3200
fcc,0,0,EAC-1NN,spurious_events,0.3,0.1666667,0.7834375,3200
fcc,0,0,EAC-1NN,spurious_events,0.3,0.3333333,0.7834375,3200
fcc,0,0,EAC-1NN,spurious_events,0.3,0.5,0.8946875,3200
fcc,0,0,EAC-1NN,spurious_events,0.3,0.6666667,0.9621875,3200
fcc,0,0,EAC-1NN,spurious_events,0.3,0.8333333,0.975,3200
fcc,0,0,EAC-1NN,spurious_events,0.3,1.0,0.971875,3200
fcc,0,0,EAC-1NN,spurious_events,0.4,0.1666667,0.7815625,3200
fcc,0,0,EAC-1NN,spurious_events,0.4,0.3333333,0.7815625,3200
fcc,0,0,EAC-1NN,spurious_events,0.4,0.5,0.89125,3200
fcc,0,0,EAC-1NN,spurious_events,0.4,0.6666667,0.9553125,3200
fcc,0,0,EAC-1NN,spurious_events,0.4,0.8333333,0.9671875,3200
fcc,0,0,EAC-1NN,spurious_events,0.4,1.0,0.9621875,3200
fcc,0,0,EAC-1NN,spurious_events,0.5,0.1666667,0.7765625,3200
fcc,0,0,EAC-1NN,spurious_events,0.5,0.3333333,0.7765625,3200
fcc,0,0,EAC-1NN,spurious_events,0.5,0.5,0.889375,3200
fcc,0,0,EAC-1NN,spurious_events,0.5,0.6666667,0.955,3200
fcc,0,0,EAC-1NN,spurious_events,0.5,0.8333333,0.964375,3200
fcc,0,0,EAC-1NN,spurious_events,0.5,1.0,0.95875,3200
fcc,0,0,EAC-1NN,spurious_events,0.6,0.1666667,0.76625,3200
fcc,0,0,EAC-1NN,spurious_events,0.6,0.3333333,0.76625,3200
fcc,0,0,EAC-1NN,spurious_events,0.6,0.5,0.8865625,3200
fcc,0,0,EAC-1NN,spurious_events,0.6,0.6666667,0.946875,3200
fcc,0,0,EAC-1NN,spurious_events,0.6,0.8333333,0.9546875,3200
fcc,0,0,EAC-1NN,spurious_events,0.6,1.0,0.950625,3200
fcc,0,0,EAC-1NN,spurious_events,0.7,0.1666667,0.76,3200
fcc,0,0,EAC-1NN,spurious_events,0.7,0.3333333,0.76,3200
fcc,0,0,EAC-1NN,spurious_events,0.7,0.5,0.8759375,3200
fcc,0,0,EAC-1NN,spurious_events,0.7,0.6666667,0.9365625,3200
fcc,0,0,EAC-1NN,spurious_events,0.7,0.8333333,0.9440625,3200
fcc,0,0,EAC-1NN,spurious_events,0.7,1.0,0.940625,3200
fcc,0,0,EAC-1NN,spurious_events,0.8,0.1666667,0.75,3200
fcc,0,0,EAC-1NN,spurious_events,0.8,0.3333333,0.75,3200
fcc,0,0,EAC-1NN,spurious_events,0.8,0.5,0.8734375,3200
fcc,0,0,EAC-1NN,spurious_events,0.8,0.6666667,0.9265625,3200
fcc,0,0,EAC-1NN,spurious_events,0.8,0.8333333,0.9359375,3200
fcc,0,0,EAC-1NN,spurious_events,0.8,1.0,0.929375,3200
fcc,0,0,EAC-1NN,spurious_events,0.9,0.1666667,0.7578125,3200
fcc,0,0,EAC-1NN,spurious_events,0.9,0.3333333,0.7578125,3200
fcc,0,0,EAC-1NN,spurious_events,0.9,0.5,0.875,3200
fcc,0,0,EAC-1NN,spurious_events,0.9,0.6666667,0.9290625,3200
fcc,0,0,EAC-1NN,spurious_events,0.9,0.8333333,0.9371875,3200
fcc,0,0,EAC-1NN,spurious_events,0.9,1.0,0.91375,3200
fcc,0,0,EAC-1NN,timing_uncertainty,0.0,0.1666667,0.8,3200
fcc,0,0,EAC-1NN,timing_uncertainty,0.0,0.3333333,0.8,3200
fcc,0,0,EAC-1NN,timing_uncertainty,0.0,0.5,0.903125,3200
fcc,0,0,EAC-1NN,timing_uncertainty,0.0,0.6666667,0.975,3200
fcc,0,0,EAC-1NN,timing_uncertainty,0.0,0.8333333,0.9875,3200
fcc,0,0,EAC-1NN,timing_uncertainty,0.0,1.0,0.98125,3200
fcc,0,0,EAC-1NN,timing_uncertainty,0.05,0.1666667,0.799375,3200
fcc,0,0,EAC-1NN,timing_uncertainty,0.05,0.3333333,0.799375,3200
fcc,0,0,EAC-1NN,timing_uncertainty,0.05,0.5,0.903125,3200
fcc,0,0,EAC-1NN,timing_uncertainty,0.05,0.6666667,0.975,3200
fcc,0,0,EAC-1NN,timing_uncertainty,0.05,0.8333333,0.9875,3200
fcc,0,0,EAC-1NN,timing_uncertainty,0.05,1.0,0.981875,3200
fcc,0,0,EAC-1NN,timing_uncertainty,0.1,0.1666667,0.798125,3200
fcc,0,0,EAC-1NN,timing_uncertainty,0.1,0.3333333,0.798125,3200
fcc,0,0,EAC-1NN,timing_uncertainty,0.1,0.5,0.9015625,3200
fcc,0,0,EAC-1NN,timing_uncertainty,0.1,0.6666667,0.97375,3200
fcc,0,0,EAC-1NN,timing_uncertainty,0.1,0.8333333,0.9865625,3200
fcc,0,0,EAC-1NN,timing_uncertainty,0.1,1.0,0.9809375,3200
fcc,0,0,EAC-1NN,timing_uncertainty,0.15,0.1666667,0.7978125,3200
fcc,0,0,EAC-1NN,timing_uncertainty,0.15,0.3333333,0.7978125,3200
fcc,0,0,EAC-1NN,timing_uncertainty,0.15,0.5,0.9021875,3200
fcc,0,0,EAC-1NN,timing_uncertainty,0.15,0.6666667,0.9746875,3200
fcc,0,0,EAC-1NN,timing_uncertainty,0.15,0.8333333,0.9871875,3200
fcc,0,0,EAC-1NN,timing_uncertainty,0.15,1.0,0.9828125,3200
fcc,0,0,EAC-1NN,timing_uncertainty,0.2,0.1666667,0.79625,3200
fcc,0,0,EAC-1NN,timing_uncertainty,0.2,0.3333333,0.79625,3200
fcc,0,0,EAC-1NN,timing_uncertainty,0.2,0.5,0.9,3200
fcc,0,0,EAC-1NN,timing_uncertainty,0.2,0.6666667,0.9740625,3200
fcc,0,0,EAC-1NN,timing_uncertainty,0.2,0.8333333,0.9865625,3200
fcc,0,0,EAC-1NN,timing_uncertainty,0.2,1.0,0.9834375,3200
fcc,0,0,EAC-1NN,timing_uncertainty,0.25,0.1666667,0.79375,3200
fcc,0,0,EAC-1NN,timing_uncertainty,0.25,0.3333333,0.79375,3200
fcc,0,0,EAC-1NN,timing_uncertainty,0.25,0.5,0.9,3200
fcc,0,0,EAC-1NN,timing_uncertainty,0.25,0.6666667,0.9725,3200
fcc,0,0,EAC-1NN,timing_uncertainty,0.25,0.8333333,0.9859375,3200
fcc,0,0,EAC-1NN,timing_uncertainty,0.25,1.0,0.98125,3200
fcc,0,0,EAC-1NN,timing_uncertainty,0.3,0.1666667,0.79,3200
fcc,0,0,EAC-1NN,timing_uncertainty,0.3,0.3333333,0.79,3200
fcc,0,0,EAC-1NN,timing_uncertainty,0.3,0.5,0.8978125,3200
fcc,0,0,EAC-1NN,timing_uncertainty,0.3,0.6666667,0.971875,3200
fcc,0,0,EAC-1NN,timing_uncertainty,0.3,0.8333333,0.9859375,3200
fcc,0,0,EAC-1NN,timing_uncertainty,0.3,1.0,0.98,3200
fcc,0,0,EAC-1NN,timing_uncertainty,0.4,0.1666667,0.78625,3200
fcc,0,0,EAC-1NN,timing_uncertainty,0.4,0.3333333,0.78625,3200
fcc,0,0,EAC-1NN,timing_uncertainty,0.4,0.5,0.8996875,3200
fcc,0,0,EAC-1NN,timing_uncertainty,0.4,0.6666667,0.9709375,3200
fcc,0,0,EAC-1NN,timing_uncertainty,0.4,0.8333333,0.9865625,3200
fcc,0,0,EAC-1NN,timing_uncertainty,0.4,1.0,0.981875,3200
fcc,0,0,EAC-1NN,timing_uncertainty,0.5,0.1666667,0.7840625,3200
fcc,0,0,EAC-1NN,timing_uncertainty,0.5,0.3333333,0.7840625,3200
fcc,0,0,EAC-1NN,timing_uncertainty,0.5,0.5,0.8978125,3200
fcc,0,0,EAC-1NN,timing_uncertainty,0.5,0.6666667,0.970625,3200
fcc,0,0,EAC-1NN,timing_uncertainty,0.5,0.8333333,0.9853125,3200
fcc,0,0,EAC-1NN,timing_uncertainty,0.5,1.0,0.98375,3200
fcc,0,0,EAC-1NN,timing_uncertainty,0.6,0.1666667,0.7846875,3200
fcc,0,0,EAC-1NN,timing_uncertainty,0.6,0.3333333,0.7846875,3200
fcc,0,0,EAC-1NN,timing_uncertainty,0.6,0.5,0.8940625,3200
fcc,0,0,EAC-1NN,timing_uncertainty,0.6,0.6666667,0.9634375,3200
fcc,0,0,EAC-1NN,timing_uncertainty,0.6,0.8333333,0.9821875,3200
fcc,0,0,EAC-1NN,timing_uncertainty,0.6,1.0,0.98375,3200
fcc,0,0,EAC-1NN,timing_uncertainty,0.7,0.1666667,0.7775,3200
fcc,0,0,EAC-1NN,timing_uncertainty,0.7,0.3333333,0.7775,3200
fcc,0,0,EAC-1NN,timing_uncertainty,0.7,0.5,0.89625,3200
fcc,0,0,EAC-1NN,timing_uncertainty,0.7,0.6666667,0.963125,3200
fcc,0,0,EAC-1NN,timing_uncertainty,0.7,0.8333333,0.9803125,3200
fcc,0,0,EAC-1NN,timing_uncertainty,0.7,1.0,0.983125,3200
fcc,0,0,EAC-1NN,timing_uncertainty,0.8,0.1666667,0.7775,3200
fcc,0,0,EAC-1NN,timing_uncertainty,0.8,0.3333333,0.7775,3200
fcc,0,0,EAC-1NN,timing_uncertainty,0.8,0.5,0.8940625,3200
fcc,0,0,EAC-1NN,timing_uncertainty,0.8,0.6666667,0.961875,3200
fcc,0,0,EAC-1NN,timing_uncertainty,0.8,0.8333333,0.9803125,3200
fcc,0,0,EAC-1NN,timing_uncertainty,0.8,1.0,0.9809375,3200
fcc,0,0,EAC-1NN,timing_uncertainty,0.9,0.1666667,0.7778125,3200
fcc,0,0,EAC-1NN,timing_uncertainty,0.9,0.3333333,0.7778125,3200
fcc,0,0,EAC-1NN,timing_uncertainty,0.9,0.5,0.8946875,3200
fcc,0,0,EAC-1NN,timing_uncertainty,0.9,0.6666667,0.964375,3200
fcc,0,0,EAC-1NN,timing_uncertainty,0.9,0.8333333,0.98125,3200
fcc,0,0,EAC-1NN,timing_uncertainty,0.9,1.0,0.984375,3200
fcc,0,0,JAC-1NN,late_time_delay,0.0,0.1666667,0.659375,3200
fcc,0,0,JAC-1NN,late_time_delay,0.0,0.3333333,0.659375,3200
fcc,0,0,JAC-1NN,late_time_delay,0.0,0.5,0.890625,3200
fcc,0,0,JAC-1NN,late_time_delay,0.0,0.6666667,0.96875,3200
fcc,0,0,JAC-1NN,late_time_delay,0.0,0.8333333,0.984375,3200
fcc,0,0,JAC-1NN,late_time_delay,0.0,1.0,0.990625,3200
fcc,0,0,JAC-1NN,late_time_delay,0.05,0.1666667,0.28125,3200
fcc,0,0,JAC-1NN,late_time_delay,0.05,0.3333333,0.28125,3200
fcc,0,0,JAC-1NN,late_time_delay,0.05,0.5,0.4875,3200
fcc,0,0,JAC-1NN,late_time_delay,0.05,0.6666667,0.584375,3200
fcc,0,0,JAC-1NN,late_time_delay,0.05,0.8333333,0.60625,3200
fcc,0,0,JAC-1NN,late_time_delay,0.05,1.0,0.66875,3200
fcc,0,0,JAC-1NN,late_time_delay,0.1,0.1666667,0.265625,3200
fcc,0,0,JAC-1NN,late_time_delay,0.1,0.3333333,0.265625,3200
fcc,0,0,JAC-1NN,late_time_delay,0.1,0.5,0.515625,3200
fcc,0,0,JAC-1NN,late_time_delay,0.1,0.6666667,0.571875,3200
fcc,0,0,JAC-1NN,late_time_delay,0.1,0.8333333,0.59375,3200
fcc,0,0,JAC-1NN,late_time_delay,0.1,1.0,0.646875,3200
fcc,0,0,JAC-1NN,late_time_delay,0.15,0.1666667,0.225,3200
fcc,0,0,JAC-1NN,late_time_delay,0.15,0.3333333,0.225,3200
fcc,0,0,JAC-1NN,late_time_delay,0.15,0.5,0.425,3200
fcc,0,0,JAC-1NN,late_time_delay,0.15,0.6666667,0.5,3200
fcc,0,0,JAC-1NN,late_time_delay,0.15,0.8333333,0.50625,3200
fcc,0,0,JAC-1NN,late_time_delay,0.15,1.0,0.5625,3200
fcc,0,0,JAC-1NN,late_time_delay,0.2,0.1666667,0.25,3200
fcc,0,0,JAC-1NN,late_time_delay,0.2,0.3333333,0.25,3200
fcc,0,0,JAC-1NN,late_time_delay,0.2,0.5,0.375,3200
fcc,0,0,JAC-1NN,late_time_delay,0.2,0.6666667,0.4375,3200
fcc,0,0,JAC-1NN,late_time_delay,0.2,0.8333333,0.4375,3200
fcc,0,0,JAC-1NN,late_time_delay,0.2,1.0,0.496875,3200
fcc,0,0,JAC-1NN,late_time_delay,0.25,0.1666667,0.271875,3200
fcc,0,0,JAC-1NN,late_time_delay,0.25,0.3333333,0.271875,3200
fcc,0,0,JAC-1NN,late_time_delay,0.25,0.5,0.3625,3200
fcc,0,0,JAC-1NN,late_time_delay,0.25,0.6666667,0.3625,3200
fcc,0,0,JAC-1NN,late_time_delay,0.25,0.8333333,0.38125,3200
fcc,0,0,JAC-1NN,late_time_delay,0.25,1.0,0.471875,3200
fcc,0,0,JAC-1NN,late_time_delay,0.3,0.1666667,0.278125,3200
fcc,0,0,JAC-1NN,late_time_delay,0.3,0.3333333,0.278125,3200
fcc,0,0,JAC-1NN,late_time_delay,0.3,0.5,0.346875,3200
fcc,0,0,JAC-1NN,late_time_delay,0.3,0.6666667,0.346875,3200
fcc,0,0,JAC-1NN,late_time_delay,0.3,0.8333333,0.36875,3200
fcc,0,0,JAC-1NN,late_time_delay,0.3,1.0,0.45625,3200
fcc,0,0,JAC-1NN,late_time_delay,0.4,0.1666667,0.20625,3200
fcc,0,0,JAC-1NN,late_time_delay,0.4,0.3333333,0.20625,3200
fcc,0,0,JAC-1NN,late_time_delay,0.4,0.5,0.20625,3200
fcc,0,0,JAC-1NN,late_time_delay,0.4,0.6666667,0.290625,3200
fcc,0,0,JAC-1NN,late_time_delay,0.4,0.8333333,0.290625,3200
fcc,0,0,JAC-1NN,late_time_delay,0.4,1.0,0.390625,3200
fcc,0,0,JAC-1NN,late_time_delay,0.5,0.1666667,0.2125,3200
fcc,0,0,JAC-1NN,late_time_delay,0.5,0.3333333,0.2125,3200
fcc,0,0,JAC-1NN,late_time_delay,0.5,0.5,0.2125,3200
fcc,0,0,JAC-1NN,late_time_delay,0.5,0.6666667,0.2125,3200
fcc,0,0,JAC-1NN,late_time_delay,0.5,0.8333333,0.259375,3200
fcc,0,0,JAC-1NN,late_time_delay,0.5,1.0,0.33125,3200
fcc,0,0,JAC-1NN,late_time_delay,0.6,0.1666667,0.15,3200
fcc,0,0,JAC-1NN,late_time_delay,0.6,0.3333333,0.15,3200
fcc,0,0,JAC-1NN,late_time_delay,0.6,0.5,0.15,3200
fcc,0,0,JAC-1NN,late_time_delay,0.6,0.6666667,0.15,3200
fcc,0,0,JAC-1NN,late_time_delay,0.6,0.8333333,0.15,3200
fcc,0,0,JAC-1NN,late_time_delay,0.6,1.0,0.240625,3200
fcc,0,0,JAC-1NN,late_time_delay,0.7,0.1666667,0.128125,3200
fcc,0,0,JAC-1NN,late_time_delay,0.7,0.3333333,0.128125,3200
fcc,0,0,JAC-1NN,late_time_delay,0.7,0.5,0.128125,3200
fcc,0,0,JAC-1NN,late_time_delay,0.7,0.6666667,0.128125,3200
fcc,0,0,JAC-1NN,late_time_delay,0.7,0.8333333,0.128125,3200
fcc,0,0,JAC-1NN,late_time_delay,0.7,1.0,0.184375,3200
fcc,0,0,JAC-1NN,late_time_delay,0.8,0.1666667,0.16875,3200
fcc,0,0,JAC-1NN,late_time_delay,0.8,0.3333333,0.16875,3200
fcc,0,0,JAC-1NN,late_time_delay,0.8,0.5,0.16875,3200
fcc,0,0,JAC-1NN,late_time_delay,0.8,0.6666667,0.16875,3200
fcc,0,0,JAC-1NN,late_time_delay,0.8,0.8333333,0.16875,3200
fcc,0,0,JAC-1NN,late_time_delay,0.8,1.0,0.178125,3200
fcc,0,0,JAC-1NN,late_time_delay,0.9,0.1666667,0.146875,3200
fcc,0,0,JAC-1NN,late_time_delay,0.9,0.3333333,0.146875,3200
fcc,0,0,JAC-1NN,late_time_delay,0.9,0.5,0.146875,3200
fcc,0,0,JAC-1NN,late_time_delay,0.9,0.6666667,0.146875,3200
fcc,0,0,JAC-1NN,late_time_delay,0.9,0.8333333,0.146875,3200
fcc,0,0,JAC-1NN,late_time_delay,0.9,1.0,0.146875,3200
fcc,0,0,JAC-1NN,missing_events,0.0,0.1666667,0.659375,3200
fcc,0,0,JAC-1NN,missing_events,0.0,0.3333333,0.659375,3200
fcc,0,0,JAC-1NN,missing_events,0.0,0.5,0.890625,3200
fcc,0,0,JAC-1NN,missing_events,0.0,0.6666667,0.96875,3200
fcc,0,0,JAC-1NN,missing_events,0.0,0.8333333,0.984375,3200
fcc,0,0,JAC-1NN,missing_events,0.0,1.0,0.990625,3200
fcc,0,0,JAC-1NN,missing_events,0.05,0.1666667,0.6546875,3200
fcc,0,0,JAC-1NN,missing_events,0.05,0.3333333,0.6546875,3200
fcc,0,0,JAC-1NN,missing_events,0.05,0.5,0.88125,3200
fcc,0,0,JAC-1NN,missing_events,0.05,0.6666667,0.9671875,3200
fcc,0,0,JAC-1NN,missing_events,0.05,0.8333333,0.983125,3200
fcc,0,0,JAC-1NN,missing_events,0.05,1.0,0.9903125,3200
fcc,0,0,JAC-1NN,missing_events,0.1,0.1666667,0.640625,3200
fcc,0,0,JAC-1NN,missing_events,0.1,0.3333333,0.640625,3200
fcc,0,0,JAC-1NN,missing_events,0.1,0.5,0.86625,3200
fcc,0,0,JAC-1NN,missing_events,0.1,0.6666667,0.9565625,3200
fcc,0,0,JAC-1NN,missing_events,0.1,0.8333333,0.9759375,3200
fcc,0,0,JAC-1NN,missing_events,0.1,1.0,0.9840625,3200
fcc,0,0,JAC-1NN,missing_events,0.15,0.1666667,0.6196875,3200
fcc,0,0,JAC-1NN,missing_events,0.15,0.3333333,0.6196875,3200
fcc,0,0,JAC-1NN,missing_events,0.15,0.5,0.845625,3200
fcc,0,0,JAC-1NN,missing_events,0.15,0.6666667,0.9425,3200
fcc,0,0,JAC-1NN,missing_events,0.15,0.8333333,0.9675,3200
fcc,0,0,JAC-1NN,missing_events,0.15,1.0,0.9790625,3200
fcc,0,0,JAC-1NN,missing_events,0.2,0.1666667,0.606875,3200
fcc,0,0,JAC-1NN,missing_events,0.2,0.3333333,0.606875,3200
fcc,0,0,JAC-1NN,missing_events,0.2,0.5,0.8228125,3200
fcc,0,0,JAC-1NN,missing_events,0.2,0.6666667,0.931875,3200
fcc,0,0,JAC-1NN,missing_events,0.2,0.8333333,0.958125,3200
fcc,0,0,JAC-1NN,missing_events,0.2,1.0,0.9665625,3200
fcc,0,0,JAC-1NN,missing_events,0.25,0.1666667,0.5996875,3200
fcc,0,0,JAC-1NN,missing_events,0.25,0.3333333,0.5996875,3200
fcc,0,0,JAC-1NN,missing_events,0.25,0.5,0.800625,3200
fcc,0,0,JAC-1NN,missing_events,0.25,0.6666667,0.911875,3200
fcc,0,0,JAC-1NN,missing_events,0.25,0.8333333,0.941875,3200
fcc,0,0,JAC-1NN,missing_events,0.25,1.0,0.9584375,3200
fcc,0,0,JAC-1NN,missing_events,0.3,0.1666667,0.57875,3200
fcc,0,0,JAC-1NN,missing_events,0.3,0.3333333,0.57875,3200
fcc,0,0,JAC-1NN,missing_events,0.3,0.5,0.7771875,3200
fcc,0,0,JAC-1NN,missing_events,0.3,0.6666667,0.8865625,3200
fcc,0,0,JAC-1NN,missing_events,0.3,0.8333333,0.925625,3200
fcc,0,0,JAC-1NN,missing_events,0.3,1.0,0.94625,3200
fcc,0,0,JAC-1NN,missing_events,0.4,0.1666667,0.54,3200
fcc,0,0,JAC-1NN,missing_events,0.4,0.3333333,0.54,3200
fcc,0,0,JAC-1NN,missing_events,0.4,0.5,0.7075,3200
fcc,0,0,JAC-1NN,missing_events,0.4,0.6666667,0.8346875,3200
fcc,0,0,JAC-1NN,missing_events,0.4,0.8333333,0.881875,3200
fcc,0,0,JAC-1NN,missing_events,0.4,1.0,0.9109375,3200
fcc,0,0,JAC-1NN,missing_events,0.5,0.1666667,0.48375,3200
fcc,0,0,JAC-1NN,missing_events,0.5,0.3333333,0.48375,3200
fcc,0,0,JAC-1NN,missing_events,0.5,0.5,0.6121875,3200
fcc,0,0,JAC-1NN,missing_events,0.5,0.6666667,0.741875,3200
fcc,0,0,JAC-1NN,missing_events,0.5,0.8333333,0.786875,3200
fcc,0,0,JAC-1NN,missing_events,0.5,1.0,0.8221875,3200
fcc,0,0,JAC-1NN,missing_events,0.6,0.1666667,0.42875,3200
fcc,0,0,JAC-1NN,missing_events,0.6,0.3333333,0.42875,3200
fcc,0,0,JAC-1NN,missing_events,0.6,0.5,0.5415625,3200
fcc,0,0,JAC-1NN,missing_events,0.6,0.6666667,0.64875,3200
fcc,0,0,JAC-1NN,missing_events,0.6,0.8333333,0.7003125,3200
fcc,0,0,JAC-1NN,missing_events,0.6,1.0,0.7375,3200
fcc,0,0,JAC-1NN,missing_events,0.7,0.1666667,0.3603125,3200
fcc,0,0,JAC-1NN,missing_events,0.7,0.3333333,0.3603125,3200
fcc,0,0,JAC-1NN,missing_events,0.7,0.5,0.43375,3200
fcc,0,0,JAC-1NN,missing_events,0.7,0.6666667,0.525,3200
fcc,0,0,JAC-1NN,missing_events,0.7,0.8333333,0.571875,3200
fcc,0,0,JAC-1NN,missing_events,0.7,1.0,0.6109375,3200
fcc,0,0,JAC-1NN,missing_events,0.8,0.1666667,0.2878125,3200
fcc,0,0,JAC-1NN,missing_events,0.8,0.3333333,0.2878125,3200
fcc,0,0,JAC-1NN,missing_events,0.8,0.5,0.335,3200
fcc,0,0,JAC-1NN,missing_events,0.8,0.6666667,0.3925,3200
fcc,0,0,JAC-1NN,missing_events,0.8,0.8333333,0.4190625,3200
fcc,0,0,JAC-1NN,missing_events,0.8,1.0,0.450625,3200
fcc,0,0,JAC-1NN,missing_events,0.9,0.1666667,0.2221875,3200
fcc,0,0,JAC-1NN,missing_events,0.9,0.3333333,0.2221875,3200
fcc,0,0,JAC-1NN,missing_events,0.9,0.5,0.2428125,3200
fcc,0,0,JAC-1NN,missing_events,0.9,0.6666667,0.2740625,3200
fcc,0,0,JAC-1NN,missing_events,0.9,0.8333333,0.2896875,3200
fcc,0,0,JAC-1NN,missing_events,0.9,1.0,0.31375,3200
fcc,0,0,JAC-1NN,mixed_missing_spurious,0.0,0.1666667,0.659375,3200
fcc,0,0,JAC-1NN,mixed_missing_spurious,0.0,0.3333333,0.659375,3200
fcc,0,0,JAC-1NN,mixed_missing_spurious,0.0,0.5,0.890625,3200
fcc,0,0,JAC-1NN,mixed_missing_spurious,0.0,0.6666667,0.96875,3200
fcc,0,0,JAC-1NN,mixed_missing_spurious,0.0,0.8333333,0.984375,3200
fcc,0,0,JAC-1NN,mixed_missing_spurious,0.0,1.0,0.990625,3200
fcc,0,0,JAC-1NN,mixed_missing_spurious,0.05,0.1666667,0.6528125,3200
fcc,0,0,JAC-1NN,mixed_missing_spurious,0.05,0.3333333,0.6528125,3200
fcc,0,0,JAC-1NN,mixed_missing_spurious,0.05,0.5,0.88,3200
fcc,0,0,JAC-1NN,mixed_missing_spurious,0.05,0.6666667,0.9653125,3200
fcc,0,0,JAC-1NN,mixed_missing_spurious,0.05,0.8333333,0.9821875,3200
fcc,0,0,JAC-1NN,mixed_missing_spurious,0.05,1.0,0.9884375,3200
fcc,0,0,JAC-1NN,mixed_missing_spurious,0.1,0.1666667,0.64375,3200
fcc,0,0,JAC-1NN,mixed_missing_spurious,0.1,0.3333333,0.64375,3200
fcc,0,0,JAC-1NN,mixed_missing_spurious,0.1,0.5,0.868125,3200
fcc,0,0,JAC-1NN,mixed_missing_spurious,0.1,0.6666667,0.955,3200
fcc,0,0,JAC-1NN,mixed_missing_spurious,0.1,0.8333333,0.9765625,3200
fcc,0,0,JAC-1NN,mixed_missing_spurious,0.1,1.0,0.98625,3200
fcc,0,0,JAC-1NN,mixed_missing_spurious,0.15,0.1666667,0.6253125,3200
fcc,0,0,JAC-1NN,mixed_missing_spurious,0.15,0.3333333,0.6253125,3200
fcc,0,0,JAC-1NN,mixed_missing_spurious,0.15,0.5,0.85125,3200
fcc,0,0,JAC-1NN,mixed_missing_spurious,0.15,0.6666667,0.94,3200
fcc,0,0,JAC-1NN,mixed_missing_spurious,0.15,0.8333333,0.9665625,3200
fcc,0,0,JAC-1NN,mixed_missing_spurious,0.15,1.0,0.9715625,3200
fcc,0,0,JAC-1NN,mixed_missing_spurious,0.2,0.1666667,0.614375,3200
fcc,0,0,JAC-1NN,mixed_missing_spurious,0.2,0.3333333,0.614375,3200
fcc,0,0,JAC-1NN,mixed_missing_spurious,0.2,0.5,0.818125,3200
fcc,0,0,JAC-1NN,mixed_missing_spurious,0.2,0.6666667,0.9196875,3200
fcc,0,0,JAC-1NN,mixed_missing_spurious,0.2,0.8333333,0.9503125,3200
fcc,0,0,JAC-1NN,mixed_missing_spurious,0.2,1.0,0.959375,3200
fcc,0,0,JAC-1NN,mixed_missing_spurious,0.25,0.1666667,0.59,3200
fcc,0,0,JAC-1NN,mixed_missing_spurious,0.25,0.3333333,0.59,3200
fcc,0,0,JAC-1NN,mixed_missing_spurious,0.25,0.5,0.7990625,3200
fcc,0,0,JAC-1NN,mixed_missing_spurious,0.25,0.6666667,0.89875,3200
fcc,0,0,JAC-1NN,mixed_missing_spurious,0.25,0.8333333,0.93,3200
fcc,0,0,JAC-1NN,mixed_missing_spurious,0.25,1.0,0.9465625,3200
fcc,0,0,JAC-1NN,mixed_missing_spurious,0.3,0.1666667,0.579375,3200
fcc,0,0,JAC-1NN,mixed_missing_spurious,0.3,0.3333333,0.579375,3200
fcc,0,0,JAC-1NN,mixed_missing_spurious,0.3,0.5,0.7671875,3200
fcc,0,0,JAC-1NN,mixed_missing_spurious,0.3,0.6666667,0.8759375,3200
fcc,0,0,JAC-1NN,mixed_missing_spurious,0.3,0.8333333,0.911875,3200
fcc,0,0,JAC-1NN,mixed_missing_spurious,0.3,1.0,0.92375,3200
fcc,0,0,JAC-1NN,mixed_missing_spurious,0.4,0.1666667,0.5421875,3200
fcc,0,0,JAC-1NN,mixed_missing_spurious,0.4,0.3333333,0.5421875,3200
fcc,0,0,JAC-1NN,mixed_missing_spurious,0.4,0.5,0.6965625,3200
fcc,0,0,JAC-1NN,mixed_missing_spurious,0.4,0.6666667,0.81375,3200
fcc,0,0,JAC-1NN,mixed_missing_spurious,0.4,0.8333333,0.8590625,3200
fcc,0,0,JAC-1NN,mixed_missing_spurious,0.4,1.0,0.875,3200
fcc,0,0,JAC-1NN,mixed_missing_spurious,0.5,0.1666667,0.475,3200
fcc,0,0,JAC-1NN,mixed_missing_spurious,0.5,0.3333333,0.475,3200
fcc,0,0,JAC-1NN,mixed_missing_spurious,0.5,0.5,0.6109375,3200
fcc,0,0,JAC-1NN,mixed_missing_spurious,0.5,0.6666667,0.7128125,3200
fcc,0,0,JAC-1NN,mixed_missing_spurious,0.5,0.8333333,0.7590625,3200
fcc,0,0,JAC-1NN,mixed_missing_spurious,0.5,1.0,0.7865625,3200
fcc,0,0,JAC-1NN,mixed_missing_spurious,0.6,0.1666667,0.440625,3200
fcc,0,0,JAC-1NN,mixed_missing_spurious,0.6,0.3333333,0.440625,3200
fcc,0,0,JAC-1NN,mixed_missing_spurious,0.6,0.5,0.531875,3200
fcc,0,0,JAC-1NN,mixed_missing_spurious,0.6,0.6666667,0.6271875,3200
fcc,0,0,JAC-1NN,mixed_missing_spurious,0.6,0.8333333,0.6621875,3200
fcc,0,0,JAC-1NN,mixed_missing_spurious,0.6,1.0,0.7,3200
fcc,0,0,JAC-1NN,mixed_missing_spurious,0.7,0.1666667,0.353125,3200
fcc,0,0,JAC-1NN,mixed_missing_spurious,0.7,0.3333333,0.353125,3200
fcc,0,0,JAC-1NN,mixed_missing_spurious,0.7,0.5,0.4253125,3200
fcc,0,0,JAC-1NN,mixed_missing_spurious,0.7,0.6666667,0.5109375,3200
fcc,0,0,JAC-1NN,mixed_missing_spurious,0.7,0.8333333,0.5465625,3200
fcc,0,0,JAC-1NN,mixed_missing_spurious,0.7,1.0,0.578125,3200
fcc,0,0,JAC-1NN,mixed_missing_spurious,0.8,0.1666667,0.28875,3200
fcc,0,0,JAC-1NN,mixed_missing_spurious,0.8,0.3333333,0.28875,3200
fcc,0,0,JAC-1NN,mixed_missing_spurious,0.8,0.5,0.33625,3200
fcc,0,0,JAC-1NN,mixed_missing_spurious,0.8,0.6666667,0.389375,3200
fcc,0,0,JAC-1NN,mixed_missing_spurious,0.8,0.8333333,0.4078125,3200
fcc,0,0,JAC-1NN,mixed_missing_spurious,0.8,1.0,0.434375,3200
fcc,0,0,JAC-1NN,mixed_missing_spurious,0.9,0.1666667,0.2065625,3200
fcc,0,0,JAC-1NN,mixed_missing_spurious,0.9,0.3333333,0.2065625,3200
fcc,0,0,JAC-1NN,mixed_missing_spurious,0.9,0.5,0.223125,3200
fcc,0,0,JAC-1NN,mixed_missing_spurious,0.9,0.6666667,0.26125,3200
fcc,0,0,JAC-1NN,mixed_missing_spurious,0.9,0.8333333,0.270625,3200
fcc,0,0,JAC-1NN,mixed_missing_spurious,0.9,1.0,0.2909375,3200
fcc,0,0,JAC-1NN,mixed_spurious_timing_late,0.0,0.1666667,0.659375,3200
fcc,0,0,JAC-1NN,mixed_spurious_timing_late,0.0,0.3333333,0.659375,3200
fcc,0,0,JAC-1NN,mixed_spurious_timing_late,0.0,0.5,0.890625,3200
fcc,0,0,JAC-1NN,mixed_spurious_timing_late,0.0,0.6666667,0.96875,3200
fcc,0,0,JAC-1NN,mixed_spurious_timing_late,0.0,0.8333333,0.984375,3200
fcc,0,0,JAC-1NN,mixed_spurious_timing_late,0.0,1.0,0.990625,3200
fcc,0,0,JAC-1NN,mixed_spurious_timing_late,0.05,0.1666667,0.2809375,3200
fcc,0,0,JAC-1NN,mixed_spurious_timing_late,0.05,0.3333333,0.2809375,3200
fcc,0,0,JAC-1NN,mixed_spurious_timing_late,0.05,0.5,0.4884375,3200
fcc,0,0,JAC-1NN,mixed_spurious_timing_late,0.05,0.6666667,0.584375,3200
fcc,0,0,JAC-1NN,mixed_spurious_timing_late,0.05,0.8333333,0.6065625,3200
fcc,0,0,JAC-1NN,mixed_spurious_timing_late,0.05,1.0,0.6721875,3200
fcc,0,0,JAC-1NN,mixed_spurious_timing_late,0.1,0.1666667,0.259375,3200
fcc,0,0,JAC-1NN,mixed_spurious_timing_late,0.1,0.3333333,0.259375,3200
fcc,0,0,JAC-1NN,mixed_spurious_timing_late,0.1,0.5,0.5071875,3200
fcc,0,0,JAC-1NN,mixed_spurious_timing_late,0.1,0.6666667,0.5721875,3200
fcc,0,0,JAC-1NN,mixed_spurious_timing_late,0.1,0.8333333,0.58625,3200
fcc,0,0,JAC-1NN,mixed_spurious_timing_late,0.1,1.0,0.636875,3200
fcc,0,0,JAC-1NN,mixed_spurious_timing_late,0.15,0.1666667,0.2278125,3200
fcc,0,0,JAC-1NN,mixed_spurious_timing_late,0.15,0.3333333,0.2278125,3200
fcc,0,0,JAC-1NN,mixed_spurious_timing_late,0.15,0.5,0.4190625,3200
fcc,0,0,JAC-1NN,mixed_spurious_timing_late,0.15,0.6666667,0.47875,3200
fcc,0,0,JAC-1NN,mixed_spurious_timing_late,0.15,0.8333333,0.48875,3200
fcc,0,0,JAC-1NN,mixed_spurious_timing_late,0.15,1.0,0.541875,3200
fcc,0,0,JAC-1NN,mixed_spurious_timing_late,0.2,0.1666667,0.25125,3200
fcc,0,0,JAC-1NN,mixed_spurious_timing_late,0.2,0.3333333,0.25125,3200
fcc,0,0,JAC-1NN,mixed_spurious_timing_late,0.2,0.5,0.3715625,3200
fcc,0,0,JAC-1NN,mixed_spurious_timing_late,0.2,0.6666667,0.4265625,3200
fcc,0,0,JAC-1NN,mixed_spurious_timing_late,0.2,0.8333333,0.4265625,3200
fcc,0,0,JAC-1NN,mixed_spurious_timing_late,0.2,1.0,0.4775,3200
fcc,0,0,JAC-1NN,mixed_spurious_timing_late,0.25,0.1666667,0.265,3200
fcc,0,0,JAC-1NN,mixed_spurious_timing_late,0.25,0.3333333,0.265,3200
fcc,0,0,JAC-1NN,mixed_spurious_timing_late,0.25,0.5,0.3509375,3200
fcc,0,0,JAC-1NN,mixed_spurious_timing_late,0.25,0.6666667,0.3509375,3200
fcc,0,0,JAC-1NN,mixed_spurious_timing_late,0.25,0.8333333,0.3846875,3200
fcc,0,0,JAC-1NN,mixed_spurious_timing_late,0.25,1.0,0.465,3200
fcc,0,0,JAC-1NN,mixed_spurious_timing_late,0.3,0.1666667,0.2553125,3200
fcc,0,0,JAC-1NN,mixed_spurious_timing_late,0.3,0.3333333,0.2553125,3200
fcc,0,0,JAC-1NN,mixed_spurious_timing_late,0.3,0.5,0.324375,3200
fcc,0,0,JAC-1NN,mixed_spurious_timing_late,0.3,0.6666667,0.324375,3200
fcc,0,0,JAC-1NN,mixed_spurious_timing_late,0.3,0.8333333,0.3565625,3200
fcc,0,0,JAC-1NN,mixed_spurious_timing_late,0.3,1.0,0.4184375,3200
fcc,0,0,JAC-1NN,mixed_spurious_timing_late,0.4,0.1666667,0.1925,3200
fcc,0,0,JAC-1NN,mixed_spurious_timing_late,0.4,0.3333333,0.1925,3200
fcc,0,0,JAC-1NN,mixed_spurious_timing_late,0.4,0.5,0.1925,3200
fcc,0,0,JAC-1NN,mixed_spurious_timing_late,0.4,0.6666667,0.2453125,3200
fcc,0,0,JAC-1NN,mixed_spurious_timing_late,0.4,0.8333333,0.2453125,3200
fcc,0,0,JAC-1NN,mixed_spurious_timing_late,0.4,1.0,0.319375,3200
fcc,0,0,JAC-1NN,mixed_spurious_timing_late,0.5,0.1666667,0.1478125,3200
fcc,0,0,JAC-1NN,mixed_spurious_timing_late,0.5,0.3333333,0.1478125,3200
fcc,0,0,JAC-1NN,mixed_spurious_timing_late,0.5,0.5,0.1478125,3200
fcc,0,0,JAC-1NN,mixed_spurious_timing_late,0.5,0.6666667,0.1478125,3200
fcc,0,0,JAC-1NN,mixed_spurious_timing_late,0.5,0.8333333,0.1846875,3200
fcc,0,0,JAC-1NN,mixed_spurious_timing_late,0.5,1.0,0.239375,3200
fcc,0,0,JAC-1NN,mixed_spurious_timing_late,0.6,0.1666667,0.1059375,3200
fcc,0,0,JAC-1NN,mixed_spurious_timing_late,0.6,0.3333333,0.1059375,3200
fcc,0,0,JAC-1NN,mixed_spurious_timing_late,0.6,0.5,0.1059375,3200
fcc,0,0,JAC-1NN,mixed_spurious_timing_late,0.6,0.6666667,0.1059375,3200
fcc,0,0,JAC-1NN,mixed_spurious_timing_late,0.6,0.8333333,0.1059375,3200
fcc,0,0,JAC-1NN,mixed_spurious_timing_late,0.6,1.0,0.1790625,3200
fcc,0,0,JAC-1NN,mixed_spurious_timing_late,0.7,0.1666667,0.104375,3200
fcc,0,0,JAC-1NN,mixed_spurious_timing_late,0.7,0.3333333,0.104375,3200
fcc,0,0,JAC-1NN,mixed_spurious_timing_late,0.7,0.5,0.104375,3200
fcc,0,0,JAC-1NN,mixed_spurious_timing_late,0.7,0.6666667,0.104375,3200
fcc,0,0,JAC-1NN,mixed_spurious_timing_late,0.7,0.8333333,0.104375,3200
fcc,0,0,JAC-1NN,mixed_spurious_timing_late,0.7,1.0,0.1365625,3200
fcc,0,0,JAC-1NN,mixed_spurious_timing_late,0.8,0.1666667,0.0996875,3200
fcc,0,0,JAC-1NN,mixed_spurious_timing_late,0.8,0.3333333,0.0996875,3200
fcc,0,0,JAC-1NN,mixed_spurious_timing_late,0.8,0.5,0.0996875,3200
fcc,0,0,JAC-1NN,mixed_spurious_timing_late,0.8,0.6666667,0.0996875,3200
fcc,0,0,JAC-1NN,mixed_spurious_timing_late,0.8,0.8333333,0.0996875,3200
fcc,0,0,JAC-1NN,mixed_spurious_timing_late,0.8,1.0,0.11,3200
fcc,0,0,JAC-1NN,mixed_spurious_timing_late,0.9,0.1666667,0.09125,3200
fcc,0,0,JAC-1NN,mixed_spurious_timing_late,0.9,0.3333333,0.09125,3200
fcc,0,0,JAC-1NN,mixed_spurious_timing_late,0.9,0.5,0.09125,3200
fcc,0,0,JAC-1NN,mixed_spurious_timing_late,0.9,0.6666667,0.09125,3200
fcc,0,0,JAC-1NN,mixed_spurious_timing_late,0.9,0.8333333,0.09125,3200
fcc,0,0,JAC-1NN,mixed_spurious_timing_late,0.9,1.0,0.09125,3200
fcc,0,0,JAC-1NN,spurious_events,0.0,0.1666667,0.659375,3200
fcc,0,0,JAC-1NN,spurious_events,0.0,0.3333333,0.659375,3200
fcc,0,0,JAC-1NN,spurious_events,0.0,0.5,0.890625,3200
fcc,0,0,JAC-1NN,spurious_events,0.0,0.6666667,0.96875,3200
fcc,0,0,JAC-1NN,spurious_events,0.0,0.8333333,0.984375,3200
fcc,0,0,JAC-1NN,spurious_events,0.0,1.0,0.990625,3200
fcc,0,0,JAC-1NN,spurious_events,0.05,0.1666667,0.659375,3200
fcc,0,0,JAC-1NN,spurious_events,0.05,0.3333333,0.659375,3200
fcc,0,0,JAC-1NN,spurious_events,0.05,0.5,0.888125,3200
fcc,0,0,JAC-1NN,spurious_events,0.05,0.6666667,0.9678125,3200
fcc,0,0,JAC-1NN,spurious_events,0.05,0.8333333,0.983125,3200
fcc,0,0,JAC-1NN,spurious_events,0.05,1.0,0.98875,3200
fcc,0,0,JAC-1NN,spurious_events,0.1,0.1666667,0.6628125,3200
fcc,0,0,JAC-1NN,spurious_events,0.1,0.3333333,0.6628125,3200
fcc,0,0,JAC-1NN,spurious_events,0.1,0.5,0.8865625,3200
fcc,0,0,JAC-1NN,spurious_events,0.1,0.6666667,0.964375,3200
fcc,0,0,JAC-1NN,spurious_events,0.1,0.8333333,0.9815625,3200
fcc,0,0,JAC-1NN,spurious_events,0.1,1.0,0.9884375,3200
fcc,0,0,JAC-1NN,spurious_events,0.15,0.1666667,0.6634375,3200
fcc,0,0,JAC-1NN,spurious_events,0.15,0.3333333,0.6634375,3200
fcc,0,0,JAC-1NN,spurious_events,0.15,0.5,0.886875,3200
fcc,0,0,JAC-1NN,spurious_events,0.15,0.6666667,0.965,3200
fcc,0,0,JAC-1NN,spurious_events,0.15,0.8333333,0.97875,3200
fcc,0,0,JAC-1NN,spurious_events,0.15,1.0,0.9846875,3200
fcc,0,0,JAC-1NN,spurious_events,0.2,0.1666667,0.665625,3200
fcc,0,0,JAC-1NN,spurious_events,0.2,0.3333333,0.665625,3200
fcc,0,0,JAC-1NN,spurious_events,0.2,0.5,0.8878125,3200
fcc,0,0,JAC-1NN,spurious_events,0.2,0.6666667,0.9609375,3200
fcc,0,0,JAC-1NN,spurious_events,0.2,0.8333333,0.9790625,3200
fcc,0,0,JAC-1NN,spurious_events,0.2,1.0,0.983125,3200
fcc,0,0,JAC-1NN,spurious_events,0.25,0.1666667,0.671875,3200
fcc,0,0,JAC-1NN,spurious_events,0.25,0.3333333,0.671875,3200
fcc,0,0,JAC-1NN,spurious_events,0.25,0.5,0.884375,3200
fcc,0,0,JAC-1NN,spurious_events,0.25,0.6666667,0.95625,3200
fcc,0,0,JAC-1NN,spurious_events,0.25,0.8333333,0.97375,3200
fcc,0,0,JAC-1NN,spurious_events,0.25,1.0,0.98,3200
fcc,0,0,JAC-1NN,spurious_events,0.3,0.1666667,0.6725,3200
fcc,0,0,JAC-1NN,spurious_events,0.3,0.3333333,0.6725,3200
fcc,0,0,JAC-1NN,spurious_events,0.3,0.5,0.87875,3200
fcc,0,0,JAC-1NN,spurious_events,0.3,0.6666667,0.95625,3200
fcc,0,0,JAC-1NN,spurious_events,0.3,0.8333333,0.97125,3200
fcc,0,0,JAC-1NN,spurious_events,0.3,1.0,0.973125,3200
fcc,0,0,JAC-1NN,spurious_events,0.4,0.1666667,0.6728125,3200
fcc,0,0,JAC-1NN,spurious_events,0.4,0.3333333,0.6728125,3200
fcc,0,0,JAC-1NN,spurious_events,0.4,0.5,0.8740625,3200
fcc,0,0,JAC-1NN,spurious_events,0.4,0.6666667,0.9465625,3200
fcc,0,0,JAC-1NN,spurious_events,0.4,0.8333333,0.9578125,3200
fcc,0,0,JAC-1NN,spurious_events,0.4,1.0,0.956875,3200
fcc,0,0,JAC-1NN,spurious_events,0.5,0.1666667,0.67875,3200
fcc,0,0,JAC-1NN,spurious_events,0.5,0.3333333,0.67875,3200
fcc,0,0,JAC-1NN,spurious_events,0.5,0.5,0.87375,3200
fcc,0,0,JAC-1NN,spurious_events,0.5,0.6666667,0.94125,3200
fcc,0,0,JAC-1NN,spurious_events,0.5,0.8333333,0.954375,3200
fcc,0,0,JAC-1NN,spurious_events,0.5,1.0,0.94875,3200
fcc,0,0,JAC-1NN,spurious_events,0.6,0.1666667,0.670625,3200
fcc,0,0,JAC-1NN,spurious_events,0.6,0.3333333,0.670625,3200
fcc,0,0,JAC-1NN,spurious_events,0.6,0.5,0.8671875,3200
fcc,0,0,JAC-1NN,spurious_events,0.6,0.6666667,0.9353125,3200
fcc,0,0,JAC-1NN,spurious_events,0.6,0.8333333,0.941875,3200
fcc,0,0,JAC-1NN,spurious_events,0.6,1.0,0.93,3200
fcc,0,0,JAC-1NN,spurious_events,0.7,0.1666667,0.6796875,3200
fcc,0,0,JAC-1NN,spurious_events,0.7,0.3333333,0.6796875,3200
fcc,0,0,JAC-1NN,spurious_events,0.7,0.5,0.855625,3200
fcc,0,0,JAC-1NN,spurious_events,0.7,0.6666667,0.921875,3200
fcc,0,0,JAC-1NN,spurious_events,0.7,0.8333333,0.9278125,3200
fcc,0,0,JAC-1NN,spurious_events,0.7,1.0,0.9115625,3200
fcc,0,0,JAC-1NN,spurious_events,0.8,0.1666667,0.68,3200
fcc,0,0,JAC-1NN,spurious_events,0.8,0.3333333,0.68,3200
fcc,0,0,JAC-1NN,spurious_events,0.8,0.5,0.8528125,3200
fcc,0,0,JAC-1NN,spurious_events,0.8,0.6666667,0.9134375,3200
fcc,0,0,JAC-1NN,spurious_events,0.8,0.8333333,0.9134375,3200
fcc,0,0,JAC-1NN,spurious_events,0.8,1.0,0.89625,3200
fcc,0,0,JAC-1NN,spurious_events,0.9,0.1666667,0.686875,3200
fcc,0,0,JAC-1NN,spurious_events,0.9,0.3333333,0.686875,3200
fcc,0,0,JAC-1NN,spurious_events,0.9,0.5,0.855,3200
fcc,0,0,JAC-1NN,spurious_events,0.9,0.6666667,0.906875,3200
fcc,0,0,JAC-1NN,spurious_events,0.9,0.8333333,0.898125,3200
fcc,0,0,JAC-1NN,spurious_events,0.9,1.0,0.85375,3200
fcc,0,0,JAC-1NN,timing_uncertainty,0.0,0.1666667,0.659375,3200
fcc,0,0,JAC-1NN,timing_uncertainty,0.0,0.3333333,0.659375,3200
fcc,0,0,JAC-1NN,timing_uncertainty,0.0,0.5,0.890625,3200
fcc,0,0,JAC-1NN,timing_uncertainty,0.0,0.6666667,0.96875,3200
fcc,0,0,JAC-1NN,timing_uncertainty,0.0,0.8333333,0.984375,3200
fcc,0,0,JAC-1NN,timing_uncertainty,0.0,1.0,0.990625,3200
fcc,0,0,JAC-1NN,timing_uncertainty,0.05,0.1666667,0.65875,3200
fcc,0,0,JAC-1NN,timing_uncertainty,0.05,0.3333333,0.65875,3200
fcc,0,0,JAC-1NN,timing_uncertainty,0.05,0.5,0.890625,3200
fcc,0,0,JAC-1NN,timing_uncertainty,0.05,0.6666667,0.96875,3200
fcc,0,0,JAC-1NN,timing_uncertainty,0.05,0.8333333,0.984375,3200
fcc,0,0,JAC-1NN,timing_uncertainty,0.05,1.0,0.990625,3200
fcc,0,0,JAC-1NN,timing_uncertainty,0.1,0.1666667,0.6584375,3200
fcc,0,0,JAC-1NN,timing_uncertainty,0.1,0.3333333,0.6584375,3200
fcc,0,0,JAC-1NN,timing_uncertainty,0.1,0.5,0.8890625,3200
fcc,0,0,JAC-1NN,timing_uncertainty,0.1,0.6666667,0.9675,3200
fcc,0,0,JAC-1NN,timing_uncertainty,0.1,0.8333333,0.9834375,3200
fcc,0,0,JAC-1NN,timing_uncertainty,0.1,1.0,0.9896875,3200
fcc,0,0,JAC-1NN,timing_uncertainty,0.15,0.1666667,0.6584375,3200
fcc,0,0,JAC-1NN,timing_uncertainty,0.15,0.3333333,0.6584375,3200
fcc,0,0,JAC-1NN,timing_uncertainty,0.15,0.5,0.89,3200
fcc,0,0,JAC-1NN,timing_uncertainty,0.15,0.6666667,0.9684375,3200
fcc,0,0,JAC-1NN,timing_uncertainty,0.15,0.8333333,0.98375,3200
fcc,0,0,JAC-1NN,timing_uncertainty,0.15,1.0,0.9903125,3200
fcc,0,0,JAC-1NN,timing_uncertainty,0.2,0.1666667,0.6578125,3200
fcc,0,0,JAC-1NN,timing_uncertainty,0.2,0.3333333,0.6578125,3200
fcc,0,0,JAC-1NN,timing_uncertainty,0.2,0.5,0.88625,3200
fcc,0,0,JAC-1NN,timing_uncertainty,0.2,0.6666667,0.9678125,3200
fcc,0,0,JAC-1NN,timing_uncertainty,0.2,0.8333333,0.983125,3200
fcc,0,0,JAC-1NN,timing_uncertainty,0.2,1.0,0.9896875,3200
fcc,0,0,JAC-1NN,timing_uncertainty,0.25,0.1666667,0.6559375,3200
fcc,0,0,JAC-1NN,timing_uncertainty,0.25,0.3333333,0.6559375,3200
fcc,0,0,JAC-1NN,timing_uncertainty,0.25,0.5,0.886875,3200
fcc,0,0,JAC-1NN,timing_uncertainty,0.25,0.6666667,0.965625,3200
fcc,0,0,JAC-1NN,timing_uncertainty,0.25,0.8333333,0.9815625,3200
fcc,0,0,JAC-1NN,timing_uncertainty,0.25,1.0,0.988125,3200
fcc,0,0,JAC-1NN,timing_uncertainty,0.3,0.1666667,0.65625,3200
fcc,0,0,JAC-1NN,timing_uncertainty,0.3,0.3333333,0.65625,3200
fcc,0,0,JAC-1NN,timing_uncertainty,0.3,0.5,0.8875,3200
fcc,0,0,JAC-1NN,timing_uncertainty,0.3,0.6666667,0.965625,3200
fcc,0,0,JAC-1NN,timing_uncertainty,0.3,0.8333333,0.981875,3200
fcc,0,0,JAC-1NN,timing_uncertainty,0.3,1.0,0.9878125,3200
fcc,0,0,JAC-1NN,timing_uncertainty,0.4,0.1666667,0.655625,3200
fcc,0,0,JAC-1NN,timing_uncertainty,0.4,0.3333333,0.655625,3200
fcc,0,0,JAC-1NN,timing_uncertainty,0.4,0.5,0.8865625,3200
fcc,0,0,JAC-1NN,timing_uncertainty,0.4,0.6666667,0.9646875,3200
fcc,0,0,JAC-1NN,timing_uncertainty,0.4,0.8333333,0.980625,3200
fcc,0,0,JAC-1NN,timing_uncertainty,0.4,1.0,0.9875,3200
fcc,0,0,JAC-1NN,timing_uncertainty,0.5,0.1666667,0.665,3200
fcc,0,0,JAC-1NN,timing_uncertainty,0.5,0.3333333,0.665,3200
fcc,0,0,JAC-1NN,timing_uncertainty,0.5,0.5,0.8828125,3200
fcc,0,0,JAC-1NN,timing_uncertainty,0.5,0.6666667,0.9634375,3200
fcc,0,0,JAC-1NN,timing_uncertainty,0.5,0.8333333,0.9803125,3200
fcc,0,0,JAC-1NN,timing_uncertainty,0.5,1.0,0.9884375,3200
fcc,0,0,JAC-1NN,timing_uncertainty,0.6,0.1666667,0.6603125,3200
fcc,0,0,JAC-1NN,timing_uncertainty,0.6,0.3333333,0.6603125,3200
fcc,0,0,JAC-1NN,timing_uncertainty,0.6,0.5,0.8759375,3200
fcc,0,0,JAC-1NN,timing_uncertainty,0.6,0.6666667,0.956875,3200
fcc,0,0,JAC-1NN,timing_uncertainty,0.6,0.8333333,0.9778125,3200
fcc,0,0,JAC-1NN,timing_uncertainty,0.6,1.0,0.98625,3200
fcc,0,0,JAC-1NN,timing_uncertainty,0.7,0.1666667,0.6628125,3200
fcc,0,0,JAC-1NN,timing_uncertainty,0.7,0.3333333,0.6628125,3200
fcc,0,0,JAC-1NN,timing_uncertainty,0.7,0.5,0.8815625,3200
fcc,0,0,JAC-1NN,timing_uncertainty,0.7,0.6666667,0.9584375,3200
fcc,0,0,JAC-1NN,timing_uncertainty,0.7,0.8333333,0.9771875,3200
fcc,0,0,JAC-1NN,timing_uncertainty,0.7,1.0,0.985625,3200
fcc,0,0,JAC-1NN,timing_uncertainty,0.8,0.1666667,0.6715625,3200
fcc,0,0,JAC-1NN,timing_uncertainty,0.8,0.3333333,0.6715625,3200
fcc,0,0,JAC-1NN,timing_uncertainty,0.8,0.5,0.874375,3200
fcc,0,0,JAC-1NN,timing_uncertainty,0.8,0.6666667,0.9559375,3200
fcc,0,0,JAC-1NN,timing_uncertainty,0.8,0.8333333,0.976875,3200
fcc,0,0,JAC-1NN,timing_uncertainty,0.8,1.0,0.985625,3200
fcc,0,0,JAC-1NN,timing_uncertainty,0.9,0.1666667,0.683125,3200
fcc,0,0,JAC-1NN,timing_uncertainty,0.9,0.3333333,0.683125,3200
fcc,0,0,JAC-1NN,timing_uncertainty,0.9,0.5,0.88,3200
fcc,0,0,JAC-1NN,timing_uncertainty,0.9,0.6666667,0.9546875,3200
fcc,0,0,JAC-1NN,timing_uncertainty,0.9,0.8333333,0.9765625,3200
fcc,0,0,JAC-1NN,timing_uncertainty,0.9,1.0,0.9865625,3200
fcc,0,0,MBW-LR,late_time_delay,0.0,0.1666667,0.878125,3200
fcc,0,0,MBW-LR,late_time_delay,0.0,0.3333333,0.878125,3200
fcc,0,0,MBW-LR,late_time_delay,0.0,0.5,0.95625,3200
fcc,0,0,MBW-LR,late_time_delay,0.0,0.6666667,0.98125,3200
fcc,0,0,MBW-LR,late_time_delay,0.0,0.8333333,0.99375,3200
fcc,0,0,MBW-LR,late_time_delay,0.0,1.0,0.996875,3200
fcc,0,0,MBW-LR,late_time_delay,0.05,0.1666667,0.265625,3200
fcc,0,0,MBW-LR,late_time_delay,0.05,0.3333333,0.265625,3200
fcc,0,0,MBW-LR,late_time_delay,0.05,0.5,0.265625,3200
fcc,0,0,MBW-LR,late_time_delay,0.05,0.6666667,0.309375,3200
fcc,0,0,MBW-LR,late_time_delay,0.05,0.8333333,0.325,3200
fcc,0,0,MBW-LR,late_time_delay,0.05,1.0,0.35,3200
fcc,0,0,MBW-LR,late_time_delay,0.1,0.1666667,0.225,3200
fcc,0,0,MBW-LR,late_time_delay,0.1,0.3333333,0.225,3200
fcc,0,0,MBW-LR,late_time_delay,0.1,0.5,0.26875,3200
fcc,0,0,MBW-LR,late_time_delay,0.1,0.6666667,0.309375,3200
fcc,0,0,MBW-LR,late_time_delay,0.1,0.8333333,0.334375,3200
fcc,0,0,MBW-LR,late_time_delay,0.1,1.0,0.35,3200
fcc,0,0,MBW-LR,late_time_delay,0.15,0.1666667,0.175,3200
fcc,0,0,MBW-LR,late_time_delay,0.15,0.3333333,0.175,3200
fcc,0,0,MBW-LR,late_time_delay,0.15,0.5,0.225,3200
fcc,0,0,MBW-LR,late_time_delay,0.15,0.6666667,0.253125,3200
fcc,0,0,MBW-LR,late_time_delay,0.15,0.8333333,0.278125,3200
fcc,0,0,MBW-LR,late_time_delay,0.15,1.0,0.290625,3200
fcc,0,0,MBW-LR,late_time_delay,0.2,0.1666667,0.1625,3200
fcc,0,0,MBW-LR,late_time_delay,0.2,0.3333333,0.1625,3200
fcc,0,0,MBW-LR,late_time_delay,0.2,0.5,0.2125,3200
fcc,0,0,MBW-LR,late_time_delay,0.2,0.6666667,0.246875,3200
fcc,0,0,MBW-LR,late_time_delay,0.2,0.8333333,0.246875,3200
fcc,0,0,MBW-LR,late_time_delay,0.2,1.0,0.25,3200
fcc,0,0,MBW-LR,late_time_delay,0.25,0.1666667,0.175,3200
fcc,0,0,MBW-LR,late_time_delay,0.25,0.3333333,0.175,3200
fcc,0,0,MBW-LR,late_time_delay,0.25,0.5,0.19375,3200
fcc,0,0,MBW-LR,late_time_delay,0.25,0.6666667,0.19375,3200
fcc,0,0,MBW-LR,late_time_delay,0.25,0.8333333,0.221875,3200
fcc,0,0,MBW-LR,late_time_delay,0.25,1.0,0.240625,3200
fcc,0,0,MBW-LR,late_time_delay,0.3,0.1666667,0.190625,3200
fcc,0,0,MBW-LR,late_time_delay,0.3,0.3333333,0.190625,3200
fcc,0,0,MBW-LR,late_time_delay,0.3,0.5,0.2125,3200
fcc,0,0,MBW-LR,late_time_delay,0.3,0.6666667,0.2125,3200
fcc,0,0,MBW-LR,late_time_delay,0.3,0.8333333,0.228125,3200
fcc,0,0,MBW-LR,late_time_delay,0.3,1.0,0.228125,3200
fcc,0,0,MBW-LR,late_time_delay,0.4,0.1666667,0.15625,3200
fcc,0,0,MBW-LR,late_time_delay,0.4,0.3333333,0.15625,3200
fcc,0,0,MBW-LR,late_time_delay,0.4,0.5,0.15625,3200
fcc,0,0,MBW-LR,late_time_delay,0.4,0.6666667,0.20625,3200
fcc,0,0,MBW-LR,late_time_delay,0.4,0.8333333,0.20625,3200
fcc,0,0,MBW-LR,late_time_delay,0.4,1.0,0.2125,3200
fcc,0,0,MBW-LR,late_time_delay,0.5,0.1666667,0.14375,3200
fcc,0,0,MBW-LR,late_time_delay,0.5,0.3333333,0.14375,3200
fcc,0,0,MBW-LR,late_time_delay,0.5,0.5,0.14375,3200
fcc,0,0,MBW-LR,late_time_delay,0.5,0.6666667,0.14375,3200
fcc,0,0,MBW-LR,late_time_delay,0.5,0.8333333,0.190625,3200
fcc,0,0,MBW-LR,late_time_delay,0.5,1.0,0.2,3200
fcc,0,0,MBW-LR,late_time_delay,0.6,0.1666667,0.134375,3200
fcc,0,0,MBW-LR,late_time_delay,0.6,0.3333333,0.134375,3200
fcc,0,0,MBW-LR,late_time_delay,0.6,0.5,0.134375,3200
fcc,0,0,MBW-LR,late_time_delay,0.6,0.6666667,0.134375,3200
fcc,0,0,MBW-LR,late_time_delay,0.6,0.8333333,0.134375,3200
fcc,0,0,MBW-LR,late_time_delay,0.6,1.0,0.184375,3200
fcc,0,0,MBW-LR,late_time_delay,0.7,0.1666667,0.134375,3200
fcc,0,0,MBW-LR,late_time_delay,0.7,0.3333333,0.134375,3200
fcc,0,0,MBW-LR,late_time_delay,0.7,0.5,0.134375,3200
fcc,0,0,MBW-LR,late_time_delay,0.7,0.6666667,0.134375,3200
fcc,0,0,MBW-LR,late_time_delay,0.7,0.8333333,0.134375,3200
fcc,0,0,MBW-LR,late_time_delay,0.7,1.0,0.1625,3200
fcc,0,0,MBW-LR,late_time_delay,0.8,0.1666667,0.14375,3200
fcc,0,0,MBW-LR,late_time_delay,0.8,0.3333333,0.14375,3200
fcc,0,0,MBW-LR,late_time_delay,0.8,0.5,0.14375,3200
fcc,0,0,MBW-LR,late_time_delay,0.8,0.6666667,0.14375,3200
fcc,0,0,MBW-LR,late_time_delay,0.8,0.8333333,0.14375,3200
fcc,0,0,MBW-LR,late_time_delay,0.8,1.0,0.146875,3200
fcc,0,0,MBW-LR,late_time_delay,0.9,0.1666667,0.103125,3200
fcc,0,0,MBW-LR,late_time_delay,0.9,0.3333333,0.103125,3200
fcc,0,0,MBW-LR,late_time_delay,0.9,0.5,0.103125,3200
fcc,0,0,MBW-LR,late_time_delay,0.9,0.6666667,0.103125,3200
fcc,0,0,MBW-LR,late_time_delay,0.9,0.8333333,0.103125,3200
fcc,0,0,MBW-LR,late_time_delay,0.9,1.0,0.103125,3200
fcc,0,0,MBW-LR,missing_events,0.0,0.1666667,0.878125,3200
fcc,0,0,MBW-LR,missing_events,0.0,0.3333333,0.878125,3200
fcc,0,0,MBW-LR,missing_events,0.0,0.5,0.95625,3200
fcc,0,0,MBW-LR,missing_events,0.0,0.6666667,0.98125,3200
fcc,0,0,MBW-LR,missing_events,0.0,0.8333333,0.99375,3200
fcc,0,0,MBW-LR,missing_events,0.0,1.0,0.996875,3200
fcc,0,0,MBW-LR,missing_events,0.05,0.1666667,0.8753125,3200
fcc,0,0,MBW-LR,missing_events,0.05,0.3333333,0.8753125,3200
fcc,0,0,MBW-LR,missing_events,0.05,0.5,0.9528125,3200
fcc,0,0,MBW-LR,missing_events,0.05,0.6666667,0.9775,3200
fcc,0,0,MBW-LR,missing_events,0.05,0.8333333,0.990625,3200
fcc,0,0,MBW-LR,missing_events,0.05,1.0,0.99375,3200
fcc,0,0,MBW-LR,missing_events,0.1,0.1666667,0.863125,3200
fcc,0,0,MBW-LR,missing_events,0.1,0.3333333,0.863125,3200
fcc,0,0,MBW-LR,missing_events,0.1,0.5,0.939375,3200
fcc,0,0,MBW-LR,missing_events,0.1,0.6666667,0.965625,3200
fcc,0,0,MBW-LR,missing_events,0.1,0.8333333,0.9775,3200
fcc,0,0,MBW-LR,missing_events,0.1,1.0,0.98,3200
fcc,0,0,MBW-LR,missing_events,0.15,0.1666667,0.8390625,3200
fcc,0,0,MBW-LR,missing_events,0.15,0.3333333,0.8390625,3200
fcc,0,0,MBW-LR,missing_events,0.15,0.5,0.9125,3200
fcc,0,0,MBW-LR,missing_events,0.15,0.6666667,0.9421875,3200
fcc,0,0,MBW-LR,missing_events,0.15,0.8333333,0.9553125,3200
fcc,0,0,MBW-LR,missing_events,0.15,1.0,0.958125,3200
fcc,0,0,MBW-LR,missing_events,0.2,0.1666667,0.8059375,3200
fcc,0,0,MBW-LR,missing_events,0.2,0.3333333,0.8059375,3200
fcc,0,0,MBW-LR,missing_events,0.2,0.5,0.876875,3200
fcc,0,0,MBW-LR,missing_events,0.2,0.6666667,0.91125,3200
fcc,0,0,MBW-LR,missing_events,0.2,0.8333333,0.9259375,3200
fcc,0,0,MBW-LR,missing_events,0.2,1.0,0.9315625,3200
fcc,0,0,MBW-LR,missing_events,0.25,0.1666667,0.781875,3200
fcc,0,0,MBW-LR,missing_events,0.25,0.3333333,0.781875,3200
fcc,0,0,MBW-LR,missing_events,0.25,0.5,0.85875,3200
fcc,0,0,MBW-LR,missing_events,0.25,0.6666667,0.8953125,3200
fcc,0,0,MBW-LR,missing_events,0.25,0.8333333,0.9084375,3200
fcc,0,0,MBW-LR,missing_events,0.25,1.0,0.9103125,3200
fcc,0,0,MBW-LR,missing_events,0.3,0.1666667,0.7725,3200
fcc,0,0,MBW-LR,missing_events,0.3,0.3333333,0.7725,3200
fcc,0,0,MBW-LR,missing_events,0.3,0.5,0.838125,3200
fcc,0,0,MBW-LR,missing_events,0.3,0.6666667,0.87625,3200
fcc,0,0,MBW-LR,missing_events,0.3,0.8333333,0.89125,3200
fcc,0,0,MBW-LR,missing_events,0.3,1.0,0.89875,3200
fcc,0,0,MBW-LR,missing_events,0.4,0.1666667,0.705,3200
fcc,0,0,MBW-LR,missing_events,0.4,0.3333333,0.705,3200
fcc,0,0,MBW-LR,missing_events,0.4,0.5,0.77125,3200
fcc,0,0,MBW-LR,missing_events,0.4,0.6666667,0.8046875,3200
fcc,0,0,MBW-LR,missing_events,0.4,0.8333333,0.818125,3200
fcc,0,0,MBW-LR,missing_events,0.4,1.0,0.8215625,3200
fcc,0,0,MBW-LR,missing_events,0.5,0.1666667,0.6525,3200
fcc,0,0,MBW-LR,missing_events,0.5,0.3333333,0.6525,3200
fcc,0,0,MBW-LR,missing_events,0.5,0.5,0.7115625,3200
fcc,0,0,MBW-LR,missing_events,0.5,0.6666667,0.73875,3200
fcc,0,0,MBW-LR,missing_events,0.5,0.8333333,0.7528125,3200
fcc,0,0,MBW-LR,missing_events,0.5,1.0,0.756875,3200
fcc,0,0,MBW-LR,missing_events,0.6,0.1666667,0.58375,3200
fcc,0,0,MBW-LR,missing_events,0.6,0.3333333,0.58375,3200
fcc,0,0,MBW-LR,missing_events,0.6,0.5,0.618125,3200
fcc,0,0,MBW-LR,missing_events,0.6,0.6666667,0.651875,3200
fcc,0,0,MBW-LR,missing_events,0.6,0.8333333,0.66875,3200
fcc,0,0,MBW-LR,missing_events,0.6,1.0,0.6746875,3200
fcc,0,0,MBW-LR,missing_events,0.7,0.1666667,0.4971875,3200
fcc,0,0,MBW-LR,missing_events,0.7,0.3333333,0.4971875,3200
fcc,0,0,MBW-LR,missing_events,0.7,0.5,0.536875,3200
fcc,0,0,MBW-LR,missing_events,0.7,0.6666667,0.5603125,3200
fcc,0,0,MBW-LR,missing_events,0.7,0.8333333,0.5728125,3200
fcc,0,0,MBW-LR,missing_events,0.7,1.0,0.5803125,3200
fcc,0,0,MBW-LR,missing_events,0.8,0.1666667,0.411875,3200
fcc,0,0,MBW-LR,missing_events,0.8,0.3333333,0.411875,3200
fcc,0,0,MBW-LR,missing_events,0.8,0.5,0.4503125,3200
fcc,0,0,MBW-LR,missing_events,0.8,0.6666667,0.4734375,3200
fcc,0,0,MBW-LR,missing_events,0.8,0.8333333,0.484375,3200
fcc,0,0,MBW-LR,missing_events,0.8,1.0,0.48625,3200
fcc,0,0,MBW-LR,missing_events,0.9,0.1666667,0.2815625,3200
fcc,0,0,MBW-LR,missing_events,0.9,0.3333333,0.2815625,3200
fcc,0,0,MBW-LR,missing_events,0.9,0.5,0.313125,3200
fcc,0,0,MBW-LR,missing_events,0.9,0.6666667,0.333125,3200
fcc,0,0,MBW-LR,missing_events,0.9,0.8333333,0.3409375,3200
fcc,0,0,MBW-LR,missing_events,0.9,1.0,0.3546875,3200
fcc,0,0,MBW-LR,mixed_missing_spurious,0.0,0.1666667,0.878125,3200
fcc,0,0,MBW-LR,mixed_missing_spurious,0.0,0.3333333,0.878125,3200
fcc,0,0,MBW-LR,mixed_missing_spurious,0.0,0.5,0.95625,3200
fcc,0,0,MBW-LR,mixed_missing_spurious,0.0,0.6666667,0.98125,3200
fcc,0,0,MBW-LR,mixed_missing_spurious,0.0,0.8333333,0.99375,3200
fcc,0,0,MBW-LR,mixed_missing_spurious,0.0,1.0,0.996875,3200
fcc,0,0,MBW-LR,mixed_missing_spurious,0.05,0.1666667,0.875,3200
fcc,0,0,MBW-LR,mixed_missing_spurious,0.05,0.3333333,0.875,3200
fcc,0,0,MBW-LR,mixed_missing_spurious,0.05,0.5,0.953125,3200
fcc,0,0,MBW-LR,mixed_missing_spurious,0.05,0.6666667,0.9753125,3200
fcc,0,0,MBW-LR,mixed_missing_spurious,0.05,0.8333333,0.9871875,3200
fcc,0,0,MBW-LR,mixed_missing_spurious,0.05,1.0,0.991875,3200
fcc,0,0,MBW-LR,mixed_missing_spurious,0.1,0.1666667,0.859375,3200
fcc,0,0,MBW-LR,mixed_missing_spurious,0.1,0.3333333,0.859375,3200
fcc,0,0,MBW-LR,mixed_missing_spurious,0.1,0.5,0.928125,3200
fcc,0,0,MBW-LR,mixed_missing_spurious,0.1,0.6666667,0.9540625,3200
fcc,0,0,MBW-LR,mixed_missing_spurious,0.1,0.8333333,0.9653125,3200
fcc,0,0,MBW-LR,mixed_missing_spurious,0.1,1.0,0.969375,3200
fcc,0,0,MBW-LR,mixed_missing_spurious,0.15,0.1666667,0.831875,3200
fcc,0,0,MBW-LR,mixed_missing_spurious,0.15,0.3333333,0.831875,3200
fcc,0,0,MBW-LR,mixed_missing_spurious,0.15,0.5,0.8959375,3200
fcc,0,0,MBW-LR,mixed_missing_spurious,0.15,0.6666667,0.916875,3200
fcc,0,0,MBW-LR,mixed_missing_spurious,0.15,0.8333333,0.92875,3200
fcc,0,0,MBW-LR,mixed_missing_spurious,0.15,1.0,0.9296875,3200
fcc,0,0,MBW-LR,mixed_missing_spurious,0.2,0.1666667,0.7971875,3200
fcc,0,0,MBW-LR,mixed_missing_spurious,0.2,0.3333333,0.7971875,3200
fcc,0,0,MBW-LR,mixed_missing_spurious,0.2,0.5,0.8534375,3200
fcc,0,0,MBW-LR,mixed_missing_spurious,0.2,0.6666667,0.8821875,3200
fcc,0,0,MBW-LR,mixed_missing_spurious,0.2,0.8333333,0.8853125,3200
fcc,0,0,MBW-LR,mixed_missing_spurious,0.2,1.0,0.8825,3200
fcc,0,0,MBW-LR,mixed_missing_spurious,0.25,0.1666667,0.7665625,3200
fcc,0,0,MBW-LR,mixed_missing_spurious,0.25,0.3333333,0.7665625,3200
fcc,0,0,MBW-LR,mixed_missing_spurious,0.25,0.5,0.813125,3200
fcc,0,0,MBW-LR,mixed_missing_spurious,0.25,0.6666667,0.8334375,3200
fcc,0,0,MBW-LR,mixed_missing_spurious,0.25,0.8333333,0.831875,3200
fcc,0,0,MBW-LR,mixed_missing_spurious,0.25,1.0,0.831875,3200
fcc,0,0,MBW-LR,mixed_missing_spurious,0.3,0.1666667,0.7540625,3200
fcc,0,0,MBW-LR,mixed_missing_spurious,0.3,0.3333333,0.7540625,3200
fcc,0,0,MBW-LR,mixed_missing_spurious,0.3,0.5,0.7965625,3200
fcc,0,0,MBW-LR,mixed_missing_spurious,0.3,0.6666667,0.816875,3200
fcc,0,0,MBW-LR,mixed_missing_spurious,0.3,0.8333333,0.8153125,3200
fcc,0,0,MBW-LR,mixed_missing_spurious,0.3,1.0,0.7971875,3200
fcc,0,0,MBW-LR,mixed_missing_spurious,0.4,0.1666667,0.6803125,3200
fcc,0,0,MBW-LR,mixed_missing_spurious,0.4,0.3333333,0.6803125,3200
fcc,0,0,MBW-LR,mixed_missing_spurious,0.4,0.5,0.7046875,3200
fcc,0,0,MBW-LR,mixed_missing_spurious,0.4,0.6666667,0.7234375,3200
fcc,0,0,MBW-LR,mixed_missing_spurious,0.4,0.8333333,0.72625,3200
fcc,0,0,MBW-LR,mixed_missing_spurious,0.4,1.0,0.7125,3200
fcc,0,0,MBW-LR,mixed_missing_spurious,0.5,0.1666667,0.610625,3200
fcc,0,0,MBW-LR,mixed_missing_spurious,0.5,0.3333333,0.610625,3200
fcc,0,0,MBW-LR,mixed_missing_spurious,0.5,0.5,0.6303125,3200
fcc,0,0,MBW-LR,mixed_missing_spurious,0.5,0.6666667,0.6290625,3200
fcc,0,0,MBW-LR,mixed_missing_spurious,0.5,0.8333333,0.6275,3200
fcc,0,0,MBW-LR,mixed_missing_spurious,0.5,1.0,0.6015625,3200
fcc,0,0,MBW-LR,mixed_missing_spurious,0.6,0.1666667,0.5590625,3200
fcc,0,0,MBW-LR,mixed_missing_spurious,0.6,0.3333333,0.5590625,3200
fcc,0,0,MBW-LR,mixed_missing_spurious,0.6,0.5,0.5584375,3200
fcc,0,0,MBW-LR,mixed_missing_spurious,0.6,0.6666667,0.5584375,3200
fcc,0,0,MBW-LR,mixed_missing_spurious,0.6,0.8333333,0.55375,3200
fcc,0,0,MBW-LR,mixed_missing_spurious,0.6,1.0,0.53375,3200
fcc,0,0,MBW-LR,mixed_missing_spurious,0.7,0.1666667,0.4634375,3200
fcc,0,0,MBW-LR,mixed_missing_spurious,0.7,0.3333333,0.4634375,3200
fcc,0,0,MBW-LR,mixed_missing_spurious,0.7,0.5,0.4734375,3200
fcc,0,0,MBW-LR,mixed_missing_spurious,0.7,0.6666667,0.4721875,3200
fcc,0,0,MBW-LR,mixed_missing_spurious,0.7,0.8333333,0.4646875,3200
fcc,0,0,MBW-LR,mixed_missing_spurious,0.7,1.0,0.4465625,3200
fcc,0,0,MBW-LR,mixed_missing_spurious,0.8,0.1666667,0.376875,3200
fcc,0,0,MBW-LR,mixed_missing_spurious,0.8,0.3333333,0.376875,3200
fcc,0,0,MBW-LR,mixed_missing_spurious,0.8,0.5,0.3909375,3200
fcc,0,0,MBW-LR,mixed_missing_spurious,0.8,0.6666667,0.39,3200
fcc,0,0,MBW-LR,mixed_missing_spurious,0.8,0.8333333,0.3846875,3200
fcc,0,0,MBW-LR,mixed_missing_spurious,0.8,1.0,0.36875,3200
fcc,0,0,MBW-LR,mixed_missing_spurious,0.9,0.1666667,0.2746875,3200
fcc,0,0,MBW-LR,mixed_missing_spurious,0.9,0.3333333,0.2746875,3200
fcc,0,0,MBW-LR,mixed_missing_spurious,0.9,0.5,0.29125,3200
fcc,0,0,MBW-LR,mixed_missing_spurious,0.9,0.6666667,0.3009375,3200
fcc,0,0,MBW-LR,mixed_missing_spurious,0.9,0.8333333,0.3021875,3200
fcc,0,0,MBW-LR,mixed_missing_spurious,0.9,1.0,0.305625,3200
fcc,0,0,MBW-LR,mixed_spurious_timing_late,0.0,0.1666667,0.878125,3200
fcc,0,0,MBW-LR,mixed_spurious_timing_late,0.0,0.3333333,0.878125,3200
fcc,0,0,MBW-LR,mixed_spurious_timing_late,0.0,0.5,0.95625,3200
fcc,0,0,MBW-LR,mixed_spurious_timing_late,0.0,0.6666667,0.98125,3200
fcc,0,0,MBW-LR,mixed_spurious_timing_late,0.0,0.8333333,0.99375,3200
fcc,0,0,MBW-LR,mixed_spurious_timing_late,0.0,1.0,0.996875,3200
fcc,0,0,MBW-LR,mixed_spurious_timing_late,0.05,0.1666667,0.2571875,3200
fcc,0,0,MBW-LR,mixed_spurious_timing_late,0.05,0.3333333,0.2571875,3200
fcc,0,0,MBW-LR,mixed_spurious_timing_late,0.05,0.5,0.2609375,3200
fcc,0,0,MBW-LR,mixed_spurious_timing_late,0.05,0.6666667,0.30375,3200
fcc,0,0,MBW-LR,mixed_spurious_timing_late,0.05,0.8333333,0.321875,3200
fcc,0,0,MBW-LR,mixed_spurious_timing_late,0.05,1.0,0.3496875,3200
fcc,0,0,MBW-LR,mixed_spurious_timing_late,0.1,0.1666667,0.21875,3200
fcc,0,0,MBW-LR,mixed_spurious_timing_late,0.1,0.3333333,0.21875,3200
fcc,0,0,MBW-LR,mixed_spurious_timing_late,0.1,0.5,0.263125,3200
fcc,0,0,MBW-LR,mixed_spurious_timing_late,0.1,0.6666667,0.2915625,3200
fcc,0,0,MBW-LR,mixed_spurious_timing_late,0.1,0.8333333,0.310625,3200
fcc,0,0,MBW-LR,mixed_spurious_timing_late,0.1,1.0,0.3234375,3200
fcc,0,0,MBW-LR,mixed_spurious_timing_late,0.15,0.1666667,0.1753125,3200
fcc,0,0,MBW-LR,mixed_spurious_timing_late,0.15,0.3333333,0.1753125,3200
fcc,0,0,MBW-LR,mixed_spurious_timing_late,0.15,0.5,0.2146875,3200
fcc,0,0,MBW-LR,mixed_spurious_timing_late,0.15,0.6666667,0.241875,3200
fcc,0,0,MBW-LR,mixed_spurious_timing_late,0.15,0.8333333,0.2603125,3200
fcc,0,0,MBW-LR,mixed_spurious_timing_late,0.15,1.0,0.266875,3200
fcc,0,0,MBW-LR,mixed_spurious_timing_late,0.2,0.1666667,0.153125,3200
fcc,0,0,MBW-LR,mixed_spurious_timing_late,0.2,0.3333333,0.153125,3200
fcc,0,0,MBW-LR,mixed_spurious_timing_late,0.2,0.5,0.1896875,3200
fcc,0,0,MBW-LR,mixed_spurious_timing_late,0.2,0.6666667,0.209375,3200
fcc,0,0,MBW-LR,mixed_spurious_timing_late,0.2,0.8333333,0.209375,3200
fcc,0,0,MBW-LR,mixed_spurious_timing_late,0.2,1.0,0.221875,3200
fcc,0,0,MBW-LR,mixed_spurious_timing_late,0.25,0.1666667,0.1553125,3200
fcc,0,0,MBW-LR,mixed_spurious_timing_late,0.25,0.3333333,0.1553125,3200
fcc,0,0,MBW-LR,mixed_spurious_timing_late,0.25,0.5,0.179375,3200
fcc,0,0,MBW-LR,mixed_spurious_timing_late,0.25,0.6666667,0.179375,3200
fcc,0,0,MBW-LR,mixed_spurious_timing_late,0.25,0.8333333,0.1915625,3200
fcc,0,0,MBW-LR,mixed_spurious_timing_late,0.25,1.0,0.1978125,3200
fcc,0,0,MBW-LR,mixed_spurious_timing_late,0.3,0.1666667,0.1546875,3200
fcc,0,0,MBW-LR,mixed_spurious_timing_late,0.3,0.3333333,0.1546875,3200
fcc,0,0,MBW-LR,mixed_spurious_timing_late,0.3,0.5,0.1765625,3200
fcc,0,0,MBW-LR,mixed_spurious_timing_late,0.3,0.6666667,0.1765625,3200
fcc,0,0,MBW-LR,mixed_spurious_timing_late,0.3,0.8333333,0.1846875,3200
fcc,0,0,MBW-LR,mixed_spurious_timing_late,0.3,1.0,0.188125,3200
fcc,0,0,MBW-LR,mixed_spurious_timing_late,0.4,0.1666667,0.1196875,3200
fcc,0,0,MBW-LR,mixed_spurious_timing_late,0.4,0.3333333,0.1196875,3200
fcc,0,0,MBW-LR,mixed_spurious_timing_late,0.4,0.5,0.1196875,3200
fcc,0,0,MBW-LR,mixed_spurious_timing_late,0.4,0.6666667,0.1321875,3200
fcc,0,0,MBW-LR,mixed_spurious_timing_late,0.4,0.8333333,0.1321875,3200
fcc,0,0,MBW-LR,mixed_spurious_timing_late,0.4,1.0,0.1240625,3200
fcc,0,0,MBW-LR,mixed_spurious_timing_late,0.5,0.1666667,0.0940625,3200
fcc,0,0,MBW-LR,mixed_spurious_timing_late,0.5,0.3333333,0.0940625,3200
fcc,0,0,MBW-LR,mixed_spurious_timing_late,0.5,0.5,0.0940625,3200
fcc,0,0,MBW-LR,mixed_spurious_timing_late,0.5,0.6666667,0.0940625,3200
fcc,0,0,MBW-LR,mixed_spurious_timing_late,0.5,0.8333333,0.104375,3200
fcc,0,0,MBW-LR,mixed_spurious_timing_late,0.5,1.0,0.10375,3200
fcc,0,0,MBW-LR,mixed_spurious_timing_late,0.6,0.1666667,0.083125,3200
fcc,0,0,MBW-LR,mixed_spurious_timing_late,0.6,0.3333333,0.083125,3200
fcc,0,0,MBW-LR,mixed_spurious_timing_late,0.6,0.5,0.083125,3200
fcc,0,0,MBW-LR,mixed_spurious_timing_late,0.6,0.6666667,0.083125,3200
fcc,0,0,MBW-LR,mixed_spurious_timing_late,0.6,0.8333333,0.083125,3200
fcc,0,0,MBW-LR,mixed_spurious_timing_late,0.6,1.0,0.095,3200
fcc,0,0,MBW-LR,mixed_spurious_timing_late,0.7,0.1666667,0.0890625,3200
fcc,0,0,MBW-LR,mixed_spurious_timing_late,0.7,0.3333333,0.0890625,3200
fcc,0,0,MBW-LR,mixed_spurious_timing_late,0.7,0.5,0.0890625,3200
fcc,0,0,MBW-LR,mixed_spurious_timing_late,0.7,0.6666667,0.0890625,3200
fcc,0,0,MBW-LR,mixed_spurious_timing_late,0.7,0.8333333,0.0890625,3200
fcc,0,0,MBW-LR,mixed_spurious_timing_late,0.7,1.0,0.0940625,3200
fcc,0,0,MBW-LR,mixed_spurious_timing_late,0.8,0.1666667,0.086875,3200
fcc,0,0,MBW-LR,mixed_spurious_timing_late,0.8,0.3333333,0.086875,3200
fcc,0,0,MBW-LR,mixed_spurious_timing_late,0.8,0.5,0.086875,3200
fcc,0,0,MBW-LR,mixed_spurious_timing_late,0.8,0.6666667,0.086875,3200
fcc,0,0,MBW-LR,mixed_spurious_timing_late,0.8,0.8333333,0.086875,3200
fcc,0,0,MBW-LR,mixed_spurious_timing_late,0.8,1.0,0.0875,3200
fcc,0,0,MBW-LR,mixed_spurious_timing_late,0.9,0.1666667,0.0796875,3200
fcc,0,0,MBW-LR,mixed_spurious_timing_late,0.9,0.3333333,0.0796875,3200
fcc,0,0,MBW-LR,mixed_spurious_timing_late,0.9,0.5,0.0796875,3200
fcc,0,0,MBW-LR,mixed_spurious_timing_late,0.9,0.6666667,0.0796875,3200
fcc,0,0,MBW-LR,mixed_spurious_timing_late,0.9,0.8333333,0.0796875,3200
fcc,0,0,MBW-LR,mixed_spurious_timing_late,0.9,1.0,0.0796875,3200
fcc,0,0,MBW-LR,spurious_events,0.0,0.1666667,0.878125,3200
fcc,0,0,MBW-LR,spurious_events,0.0,0.3333333,0.878125,3200
fcc,0,0,MBW-LR,spurious_events,0.0,0.5,0.95625,3200
fcc,0,0,MBW-LR,spurious_events,0.0,0.6666667,0.98125,3200
fcc,0,0,MBW-LR,spurious_events,0.0,0.8333333,0.99375,3200
fcc,0,0,MBW-LR,spurious_events,0.0,1.0,0.996875,3200
fcc,0,0,MBW-LR,spurious_events,0.05,0.1666667,0.8784375,3200
fcc,0,0,MBW-LR,spurious_events,0.05,0.3333333,0.8784375,3200
fcc,0,0,MBW-LR,spurious_events,0.05,0.5,0.9546875,3200
fcc,0,0,MBW-LR,spurious_events,0.05,0.6666667,0.9778125,3200
fcc,0,0,MBW-LR,spurious_events,0.05,0.8333333,0.989375,3200
fcc,0,0,MBW-LR,spurious_events,0.05,1.0,0.995,3200
fcc,0,0,MBW-LR,spurious_events,0.1,0.1666667,0.87375,3200
fcc,0,0,MBW-LR,spurious_events,0.1,0.3333333,0.87375,3200
fcc,0,0,MBW-LR,spurious_events,0.1,0.5,0.9446875,3200
fcc,0,0,MBW-LR,spurious_events,0.1,0.6666667,0.965625,3200
fcc,0,0,MBW-LR,spurious_events,0.1,0.8333333,0.9809375,3200
fcc,0,0,MBW-LR,spurious_events,0.1,1.0,0.983125,3200
fcc,0,0,MBW-LR,spurious_events,0.15,0.1666667,0.8728125,3200
fcc,0,0,MBW-LR,spurious_events,0.15,0.3333333,0.8728125,3200
fcc,0,0,MBW-LR,spurious_events,0.15,0.5,0.941875,3200
fcc,0,0,MBW-LR,spurious_events,0.15,0.6666667,0.958125,3200
fcc,0,0,MBW-LR,spurious_events,0.15,0.8333333,0.964375,3200
fcc,0,0,MBW-LR,spurious_events,0.15,1.0,0.96875,3200
fcc,0,0,MBW-LR,spurious_events,0.2,0.1666667,0.8628125,3200
fcc,0,0,MBW-LR,spurious_events,0.2,0.3333333,0.8628125,3200
fcc,0,0,MBW-LR,spurious_events,0.2,0.5,0.925625,3200
fcc,0,0,MBW-LR,spurious_events,0.2,0.6666667,0.94125,3200
fcc,0,0,MBW-LR,spurious_events,0.2,0.8333333,0.944375,3200
fcc,0,0,MBW-LR,spurious_events,0.2,1.0,0.94375,3200
fcc,0,0,MBW-LR,spurious_events,0.25,0.1666667,0.8565625,3200
fcc,0,0,MBW-LR,spurious_events,0.25,0.3333333,0.8565625,3200
fcc,0,0,MBW-LR,spurious_events,0.25,0.5,0.913125,3200
fcc,0,0,MBW-LR,spurious_events,0.25,0.6666667,0.929375,3200
fcc,0,0,MBW-LR,spurious_events,0.25,0.8333333,0.9303125,3200
fcc,0,0,MBW-LR,spurious_events,0.25,1.0,0.93125,3200
fcc,0,0,MBW-LR,spurious_events,0.3,0.1666667,0.8540625,3200
fcc,0,0,MBW-LR,spurious_events,0.3,0.3333333,0.8540625,3200
fcc,0,0,MBW-LR,spurious_events,0.3,0.5,0.9059375,3200
fcc,0,0,MBW-LR,spurious_events,0.3,0.6666667,0.913125,3200
fcc,0,0,MBW-LR,spurious_events,0.3,0.8333333,0.9140625,3200
fcc,0,0,MBW-LR,spurious_events,0.3,1.0,0.9075,3200
fcc,0,0,MBW-LR,spurious_events,0.4,0.1666667,0.8390625,3200
fcc,0,0,MBW-LR,spurious_events,0.4,0.3333333,0.8390625,3200
fcc,0,0,MBW-LR,spurious_events,0.4,0.5,0.8865625,3200
fcc,0,0,MBW-LR,spurious_events,0.4,0.6666667,0.895625,3200
fcc,0,0,MBW-LR,spurious_events,0.4,0.8333333,0.8903125,3200
fcc,0,0,MBW-LR,spurious_events,0.4,1.0,0.8759375,3200
fcc,0,0,MBW-LR,spurious_events,0.5,0.1666667,0.8409375,3200
fcc,0,0,MBW-LR,spurious_events,0.5,0.3333333,0.8409375,3200
fcc,0,0,MBW-LR,spurious_events,0.5,0.5,0.8771875,3200
fcc,0,0,MBW-LR,spurious_events,0.5,0.6666667,0.8771875,3200
fcc,0,0,MBW-LR,spurious_events,0.5,0.8333333,0.8659375,3200
fcc,0,0,MBW-LR,spurious_events,0.5,1.0,0.8490625,3200
fcc,0,0,MBW-LR,spurious_events,0.6,0.1666667,0.8125,3200
fcc,0,0,MBW-LR,spurious_events,0.6,0.3333333,0.8125,3200
fcc,0,0,MBW-LR,spurious_events,0.6,0.5,0.854375,3200
fcc,0,0,MBW-LR,spurious_events,0.6,0.6666667,0.854375,3200
fcc,0,0,MBW-LR,spurious_events,0.6,0.8333333,0.833125,3200
fcc,0,0,MBW-LR,spurious_events,0.6,1.0,0.8028125,3200
fcc,0,0,MBW-LR,spurious_events,0.7,0.1666667,0.81125,3200
fcc,0,0,MBW-LR,spurious_events,0.7,0.3333333,0.81125,3200
fcc,0,0,MBW-LR,spurious_events,0.7,0.5,0.8365625,3200
fcc,0,0,MBW-LR,spurious_events,0.7,0.6666667,0.835,3200
fcc,0,0,MBW-LR,spurious_events,0.7,0.8333333,0.8128125,3200
fcc,0,0,MBW-LR,spurious_events,0.7,1.0,0.771875,3200
fcc,0,0,MBW-LR,spurious_events,0.8,0.1666667,0.8034375,3200
fcc,0,0,MBW-LR,spurious_events,0.8,0.3333333,0.8034375,3200
fcc,0,0,MBW-LR,spurious_events,0.8,0.5,0.8203125,3200
fcc,0,0,MBW-LR,spurious_events,0.8,0.6666667,0.811875,3200
fcc,0,0,MBW-LR,spurious_events,0.8,0.8333333,0.7865625,3200
fcc,0,0,MBW-LR,spurious_events,0.8,1.0,0.735,3200
fcc,0,0,MBW-LR,spurious_events,0.9,0.1666667,0.7875,3200
fcc,0,0,MBW-LR,spurious_events,0.9,0.3333333,0.7875,3200
fcc,0,0,MBW-LR,spurious_events,0.9,0.5,0.8103125,3200
fcc,0,0,MBW-LR,spurious_events,0.9,0.6666667,0.7946875,3200
fcc,0,0,MBW-LR,spurious_events,0.9,0.8333333,0.76375,3200
fcc,0,0,MBW-LR,spurious_events,0.9,1.0,0.704375,3200
fcc,0,0,MBW-LR,timing_uncertainty,0.0,0.1666667,0.878125,3200
fcc,0,0,MBW-LR,timing_uncertainty,0.0,0.3333333,0.878125,3200
fcc,0,0,MBW-LR,timing_uncertainty,0.0,0.5,0.95625,3200
fcc,0,0,MBW-LR,timing_uncertainty,0.0,0.6666667,0.98125,3200
fcc,0,0,MBW-LR,timing_uncertainty,0.0,0.8333333,0.99375,3200
fcc,0,0,MBW-LR,timing_uncertainty,0.0,1.0,0.996875,3200
fcc,0,0,MBW-LR,timing_uncertainty,0.05,0.1666667,0.878125,3200
fcc,0,0,MBW-LR,timing_uncertainty,0.05,0.3333333,0.878125,3200
fcc,0,0,MBW-LR,timing_uncertainty,0.05,0.5,0.95625,3200
fcc,0,0,MBW-LR,timing_uncertainty,0.05,0.6666667,0.98125,3200
fcc,0,0,MBW-LR,timing_uncertainty,0.05,0.8333333,0.99375,3200
fcc,0,0,MBW-LR,timing_uncertainty,0.05,1.0,0.996875,3200
fcc,0,0,MBW-LR,timing_uncertainty,0.1,0.1666667,0.8753125,3200
fcc,0,0,MBW-LR,timing_uncertainty,0.1,0.3333333,0.8753125,3200
fcc,0,0,MBW-LR,timing_uncertainty,0.1,0.5,0.955,3200
fcc,0,0,MBW-LR,timing_uncertainty,0.1,0.6666667,0.9803125,3200
fcc,0,0,MBW-LR,timing_uncertainty,0.1,0.8333333,0.9928125,3200
fcc,0,0,MBW-LR,timing_uncertainty,0.1,1.0,0.9959375,3200
fcc,0,0,MBW-LR,timing_uncertainty,0.15,0.1666667,0.87625,3200
fcc,0,0,MBW-LR,timing_uncertainty,0.15,0.3333333,0.87625,3200
fcc,0,0,MBW-LR,timing_uncertainty,0.15,0.5,0.95625,3200
fcc,0,0,MBW-LR,timing_uncertainty,0.15,0.6666667,0.9803125,3200
fcc,0,0,MBW-LR,timing_uncertainty,0.15,0.8333333,0.9915625,3200
fcc,0,0,MBW-LR,timing_uncertainty,0.15,1.0,0.9965625,3200
fcc,0,0,MBW-LR,timing_uncertainty,0.2,0.1666667,0.8709375,3200
fcc,0,0,MBW-LR,timing_uncertainty,0.2,0.3333333,0.8709375,3200
fcc,0,0,MBW-LR,timing_uncertainty,0.2,0.5,0.950625,3200
fcc,0,0,MBW-LR,timing_uncertainty,0.2,0.6666667,0.9803125,3200
fcc,0,0,MBW-LR,timing_uncertainty,0.2,0.8333333,0.990625,3200
fcc,0,0,MBW-LR,timing_uncertainty,0.2,1.0,0.99375,3200
fcc,0,0,MBW-LR,timing_uncertainty,0.25,0.1666667,0.8625,3200
fcc,0,0,MBW-LR,timing_uncertainty,0.25,0.3333333,0.8625,3200
fcc,0,0,MBW-LR,timing_uncertainty,0.25,0.5,0.9484375,3200
fcc,0,0,MBW-LR,timing_uncertainty,0.25,0.6666667,0.9778125,3200
fcc,0,0,MBW-LR,timing_uncertainty,0.25,0.8333333,0.989375,3200
fcc,0,0,MBW-LR,timing_uncertainty,0.25,1.0,0.993125,3200
fcc,0,0,MBW-LR,timing_uncertainty,0.3,0.1666667,0.86,3200
fcc,0,0,MBW-LR,timing_uncertainty,0.3,0.3333333,0.86,3200
fcc,0,0,MBW-LR,timing_uncertainty,0.3,0.5,0.946875,3200
fcc,0,0,MBW-LR,timing_uncertainty,0.3,0.6666667,0.9775,3200
fcc,0,0,MBW-LR,timing_uncertainty,0.3,0.8333333,0.9875,3200
fcc,0,0,MBW-LR,timing_uncertainty,0.3,1.0,0.9921875,3200
fcc,0,0,MBW-LR,timing_uncertainty,0.4,0.1666667,0.8490625,3200
fcc,0,0,MBW-LR,timing_uncertainty,0.4,0.3333333,0.8490625,3200
fcc,0,0,MBW-LR,timing_uncertainty,0.4,0.5,0.9446875,3200
fcc,0,0,MBW-LR,timing_uncertainty,0.4,0.6666667,0.973125,3200
fcc,0,0,MBW-LR,timing_uncertainty,0.4,0.8333333,0.9853125,3200
fcc,0,0,MBW-LR,timing_uncertainty,0.4,1.0,0.9890625,3200
fcc,0,0,MBW-LR,timing_uncertainty,0.5,0.1666667,0.8325,3200
fcc,0,0,MBW-LR,timing_uncertainty,0.5,0.3333333,0.8325,3200
fcc,0,0,MBW-LR,timing_uncertainty,0.5,0.5,0.9353125,3200
fcc,0,0,MBW-LR,timing_uncertainty,0.5,0.6666667,0.9703125,3200
fcc,0,0,MBW-LR,timing_uncertainty,0.5,0.8333333,0.981875,3200
fcc,0,0,MBW-LR,timing_uncertainty,0.5,1.0,0.9878125,3200
fcc,0,0,MBW-LR,timing_uncertainty,0.6,0.1666667,0.80625,3200
fcc,0,0,MBW-LR,timing_uncertainty,0.6,0.3333333,0.80625,3200
fcc,0,0,MBW-LR,timing_uncertainty,0.6,0.5,0.914375,3200
fcc,0,0,MBW-LR,timing_uncertainty,0.6,0.6666667,0.9590625,3200
fcc,0,0,MBW-LR,timing_uncertainty,0.6,0.8333333,0.9709375,3200
fcc,0,0,MBW-LR,timing_uncertainty,0.6,1.0,0.981875,3200
fcc,0,0,MBW-LR,timing_uncertainty,0.7,0.1666667,0.7859375,3200
fcc,0,0,MBW-LR,timing_uncertainty,0.7,0.3333333,0.7859375,3200
fcc,0,0,MBW-LR,timing_uncertainty,0.7,0.5,0.91,3200
fcc,0,0,MBW-LR,timing_uncertainty,0.7,0.6666667,0.94625,3200
fcc,0,0,MBW-LR,timing_uncertainty,0.7,0.8333333,0.9675,3200
fcc,0,0,MBW-LR,timing_uncertainty,0.7,1.0,0.975,3200
fcc,0,0,MBW-LR,timing_uncertainty,0.8,0.1666667,0.7725,3200
fcc,0,0,MBW-LR,timing_uncertainty,0.8,0.3333333,0.7725,3200
fcc,0,0,MBW-LR,timing_uncertainty,0.8,0.5,0.88625,3200
fcc,0,0,MBW-LR,timing_uncertainty,0.8,0.6666667,0.9271875,3200
fcc,0,0,MBW-LR,timing_uncertainty,0.8,0.8333333,0.9546875,3200
fcc,0,0,MBW-LR,timing_uncertainty,0.8,1.0,0.96375,3200
fcc,0,0,MBW-LR,timing_uncertainty,0.9,0.1666667,0.755625,3200
fcc,0,0,MBW-LR,timing_uncertainty,0.9,0.3333333,0.755625,3200
fcc,0,0,MBW-LR,timing_uncertainty,0.9,0.5,0.8640625,3200
fcc,0,0,MBW-LR,timing_uncertainty,0.9,0.6666667,0.9234375,3200
fcc,0,0,MBW-LR,timing_uncertainty,0.9,0.8333333,0.9521875,3200
fcc,0,0,MBW-LR,timing_uncertainty,0.9,1.0,0.9653125,3200
fcc,0,0,WDI-1NN,late_time_delay,0.0,0.1666667,0.40625,3200
fcc,0,0,WDI-1NN,late_time_delay,0.0,0.3333333,0.40625,3200
fcc,0,0,WDI-1NN,late_time_delay,0.0,0.5,0.559375,3200
fcc,0,0,WDI-1NN,late_time_delay,0.0,0.6666667,0.725,3200
fcc,0,0,WDI-1NN,late_time_delay,0.0,0.8333333,0.7875,3200
fcc,0,0,WDI-1NN,late_time_delay,0.0,1.0,0.81875,3200
fcc,0,0,WDI-1NN,late_time_delay,0.05,0.1666667,0.18125,3200
fcc,0,0,WDI-1NN,late_time_delay,0.05,0.3333333,0.18125,3200
fcc,0,0,WDI-1NN,late_time_delay,0.05,0.5,0.3125,3200
fcc,0,0,WDI-1NN,late_time_delay,0.05,0.6666667,0.453125,3200
fcc,0,0,WDI-1NN,late_time_delay,0.05,0.8333333,0.50625,3200
fcc,0,0,WDI-1NN,late_time_delay,0.05,1.0,0.553125,3200
fcc,0,0,WDI-1NN,late_time_delay,0.1,0.1666667,0.1875,3200
fcc,0,0,WDI-1NN,late_time_delay,0.1,0.3333333,0.1875,3200
fcc,0,0,WDI-1NN,late_time_delay,0.1,0.5,0.33125,3200
fcc,0,0,WDI-1NN,late_time_delay,0.1,0.6666667,0.403125,3200
fcc,0,0,WDI-1NN,late_time_delay,0.1,0.8333333,0.41875,3200
fcc,0,0,WDI-1NN,late_time_delay,0.1,1.0,0.4625,3200
fcc,0,0,WDI-1NN,late_time_delay,0.15,0.1666667,0.14375,3200
fcc,0,0,WDI-1NN,late_time_delay,0.15,0.3333333,0.14375,3200
fcc,0,0,WDI-1NN,late_time_delay,0.15,0.5,0.284375,3200
fcc,0,0,WDI-1NN,late_time_delay,0.15,0.6666667,0.35,3200
fcc,0,0,WDI-1NN,late_time_delay,0.15,0.8333333,0.359375,3200
fcc,0,0,WDI-1NN,late_time_delay,0.15,1.0,0.396875,3200
fcc,0,0,WDI-1NN,late_time_delay,0.2,0.1666667,0.13125,3200
fcc,0,0,WDI-1NN,late_time_delay,0.2,0.3333333,0.13125,3200
fcc,0,0,WDI-1NN,late_time_delay,0.2,0.5,0.24375,3200
fcc,0,0,WDI-1NN,late_time_delay,0.2,0.6666667,0.271875,3200
fcc,0,0,WDI-1NN,late_time_delay,0.2,0.8333333,0.271875,3200
fcc,0,0,WDI-1NN,late_time_delay,0.2,1.0,0.365625,3200
fcc,0,0,WDI-1NN,late_time_delay,0.25,0.1666667,0.109375,3200
fcc,0,0,WDI-1NN,late_time_delay,0.25,0.3333333,0.109375,3200
fcc,0,0,WDI-1NN,late_time_delay,0.25,0.5,0.178125,3200
fcc,0,0,WDI-1NN,late_time_delay,0.25,0.6666667,0.178125,3200
fcc,0,0,WDI-1NN,late_time_delay,0.25,0.8333333,0.2125,3200
fcc,0,0,WDI-1NN,late_time_delay,0.25,1.0,0.2875,3200
fcc,0,0,WDI-1NN,late_time_delay,0.3,0.1666667,0.090625,3200
fcc,0,0,WDI-1NN,late_time_delay,0.3,0.3333333,0.090625,3200
fcc,0,0,WDI-1NN,late_time_delay,0.3,0.5,0.121875,3200
fcc,0,0,WDI-1NN,late_time_delay,0.3,0.6666667,0.121875,3200
fcc,0,0,WDI-1NN,late_time_delay,0.3,0.8333333,0.175,3200
fcc,0,0,WDI-1NN,late_time_delay,0.3,1.0,0.24375,3200
fcc,0,0,WDI-1NN,late_time_delay,0.4,0.1666667,0.078125,3200
fcc,0,0,WDI-1NN,late_time_delay,0.4,0.3333333,0.078125,3200
fcc,0,0,WDI-1NN,late_time_delay,0.4,0.5,0.078125,3200
fcc,0,0,WDI-1NN,late_time_delay,0.4,0.6666667,0.08125,3200
fcc,0,0,WDI-1NN,late_time_delay,0.4,0.8333333,0.08125,3200
fcc,0,0,WDI-1NN,late_time_delay,0.4,1.0,0.18125,3200
fcc,0,0,WDI-1NN,late_time_delay,0.5,0.1666667,0.071875,3200
fcc,0,0,WDI-1NN,late_time_delay,0.5,0.3333333,0.071875,3200
fcc,0,0,WDI-1NN,late_time_delay,0.5,0.5,0.071875,3200
fcc,0,0,WDI-1NN,late_time_delay,0.5,0.6666667,0.071875,3200
fcc,0,0,WDI-1NN,late_time_delay,0.5,0.8333333,0.1125,3200
fcc,0,0,WDI-1NN,late_time_delay,0.5,1.0,0.153125,3200
fcc,0,0,WDI-1NN,late_time_delay,0.6,0.1666667,0.071875,3200
fcc,0,0,WDI-1NN,late_time_delay,0.6,0.3333333,0.071875,3200
fcc,0,0,WDI-1NN,late_time_delay,0.6,0.5,0.071875,3200
fcc,0,0,WDI-1NN,late_time_delay,0.6,0.6666667,0.071875,3200
fcc,0,0,WDI-1NN,late_time_delay,0.6,0.8333333,0.071875,3200
fcc,0,0,WDI-1NN,late_time_delay,0.6,1.0,0.15,3200
fcc,0,0,WDI-1NN,late_time_delay,0.7,0.1666667,0.103125,3200
fcc,0,0,WDI-1NN,late_time_delay,0.7,0.3333333,0.103125,3200
fcc,0,0,WDI-1NN,late_time_delay,0.7,0.5,0.103125,3200
fcc,0,0,WDI-1NN,late_time_delay,0.7,0.6666667,0.103125,3200
fcc,0,0,WDI-1NN,late_time_delay,0.7,0.8333333,0.103125,3200
fcc,0,0,WDI-1NN,late_time_delay,0.7,1.0,0.115625,3200
fcc,0,0,WDI-1NN,late_time_delay,0.8,0.1666667,0.1,3200
fcc,0,0,WDI-1NN,late_time_delay,0.8,0.3333333,0.1,3200
fcc,0,0,WDI-1NN,late_time_delay,0.8,0.5,0.1,3200
fcc,0,0,WDI-1NN,late_time_delay,0.8,0.6666667,0.1,3200
fcc,0,0,WDI-1NN,late_time_delay,0.8,0.8333333,0.1,3200
fcc,0,0,WDI-1NN,late_time_delay,0.8,1.0,0.103125,3200
fcc,0,0,WDI-1NN,late_time_delay,0.9,0.1666667,0.096875,3200
fcc,0,0,WDI-1NN,late_time_delay,0.9,0.3333333,0.096875,3200
fcc,0,0,WDI-1NN,late_time_delay,0.9,0.5,0.096875,3200
fcc,0,0,WDI-1NN,late_time_delay,0.9,0.6666667,0.096875,3200
fcc,0,0,WDI-1NN,late_time_delay,0.9,0.8333333,0.096875,3200
fcc,0,0,WDI-1NN,late_time_delay,0.9,1.0,0.096875,3200
fcc,0,0,WDI-1NN,missing_events,0.0,0.1666667,0.40625,3200
fcc,0,0,WDI-1NN,missing_events,0.0,0.3333333,0.40625,3200
fcc,0,0,WDI-1NN,missing_events,0.0,0.5,0.559375,3200
fcc,0,0,WDI-1NN,missing_events,0.0,0.6666667,0.725,3200
fcc,0,0,WDI-1NN,missing_events,0.0,0.8333333,0.7875,3200
fcc,0,0,WDI-1NN,missing_events,0.0,1.0,0.81875,3200
fcc,0,0,WDI-1NN,missing_events,0.05,0.1666667,0.39625,3200
fcc,0,0,WDI-1NN,missing_events,0.05,0.3333333,0.39625,3200
fcc,0,0,WDI-1NN,missing_events,0.05,0.5,0.54625,3200
fcc,0,0,WDI-1NN,missing_events,0.05,0.6666667,0.7121875,3200
fcc,0,0,WDI-1NN,missing_events,0.05,0.8333333,0.77875,3200
fcc,0,0,WDI-1NN,missing_events,0.05,1.0,0.8134375,3200
fcc,0,0,WDI-1NN,missing_events,0.1,0.1666667,0.368125,3200
fcc,0,0,WDI-1NN,missing_events,0.1,0.3333333,0.368125,3200
fcc,0,0,WDI-1NN,missing_events,0.1,0.5,0.5159375,3200
fcc,0,0,WDI-1NN,missing_events,0.1,0.6666667,0.6828125,3200
fcc,0,0,WDI-1NN,missing_events,0.1,0.8333333,0.7546875,3200
fcc,0,0,WDI-1NN,missing_events,0.1,1.0,0.7915625,3200
fcc,0,0,WDI-1NN,missing_events,0.15,0.1666667,0.3446875,3200
fcc,0,0,WDI-1NN,missing_events,0.15,0.3333333,0.3446875,3200
fcc,0,0,WDI-1NN,missing_events,0.15,0.5,0.4925,3200
fcc,0,0,WDI-1NN,missing_events,0.15,0.6666667,0.6496875,3200
fcc,0,0,WDI-1NN,missing_events,0.15,0.8333333,0.720625,3200
fcc,0,0,WDI-1NN,missing_events,0.15,1.0,0.7771875,3200
fcc,0,0,WDI-1NN,missing_events,0.2,0.1666667,0.3275,3200
fcc,0,0,WDI-1NN,missing_events,0.2,0.3333333,0.3275,3200
fcc,0,0,WDI-1NN,missing_events,0.2,0.5,0.458125,3200
fcc,0,0,WDI-1NN,missing_events,0.2,0.6666667,0.6121875,3200
fcc,0,0,WDI-1NN,missing_events,0.2,0.8333333,0.6778125,3200
fcc,0,0,WDI-1NN,missing_events,0.2,1.0,0.7265625,3200
fcc,0,0,WDI-1NN,missing_events,0.25,0.1666667,0.30375,3200
fcc,0,0,WDI-1NN,missing_events,0.25,0.3333333,0.30375,3200
fcc,0,0,WDI-1NN,missing_events,0.25,0.5,0.43125,3200
fcc,0,0,WDI-1NN,missing_events,0.25,0.6666667,0.5734375,3200
fcc,0,0,WDI-1NN,missing_events,0.25,0.8333333,0.635,3200
fcc,0,0,WDI-1NN,missing_events,0.25,1.0,0.688125,3200
fcc,0,0,WDI-1NN,missing_events,0.3,0.1666667,0.2809375,3200
fcc,0,0,WDI-1NN,missing_events,0.3,0.3333333,0.2809375,3200
fcc,0,0,WDI-1NN,missing_events,0.3,0.5,0.41125,3200
fcc,0,0,WDI-1NN,missing_events,0.3,0.6666667,0.5225,3200
fcc,0,0,WDI-1NN,missing_events,0.3,0.8333333,0.590625,3200
fcc,0,0,WDI-1NN,missing_events,0.3,1.0,0.644375,3200
fcc,0,0,WDI-1NN,missing_events,0.4,0.1666667,0.2325,3200
fcc,0,0,WDI-1NN,missing_events,0.4,0.3333333,0.2325,3200
fcc,0,0,WDI-1NN,missing_events,0.4,0.5,0.3253125,3200
fcc,0,0,WDI-1NN,missing_events,0.4,0.6666667,0.4284375,3200
fcc,0,0,WDI-1NN,missing_events,0.4,0.8333333,0.4928125,3200
fcc,0,0,WDI-1NN,missing_events,0.4,1.0,0.55875,3200
fcc,0,0,WDI-1NN,missing_events,0.5,0.1666667,0.200625,3200
fcc,0,0,WDI-1NN,missing_events,0.5,0.3333333,0.200625,3200
fcc,0,0,WDI-1NN,missing_events,0.5,0.5,0.249375,3200
fcc,0,0,WDI-1NN,missing_events,0.5,0.6666667,0.321875,3200
fcc,0,0,WDI-1NN,missing_events,0.5,0.8333333,0.3625,3200
fcc,0,0,WDI-1NN,missing_events,0.5,1.0,0.4134375,3200
fcc,0,0,WDI-1NN,missing_events,0.6,0.1666667,0.173125,3200
fcc,0,0,WDI-1NN,missing_events,0.6,0.3333333,0.173125,3200
fcc,0,0,WDI-1NN,missing_events,0.6,0.5,0.20875,3200
fcc,0,0,WDI-1NN,missing_events,0.6,0.6666667,0.25,3200
fcc,0,0,WDI-1NN,missing_events,0.6,0.8333333,0.2790625,3200
fcc,0,0,WDI-1NN,missing_events,0.6,1.0,0.315,3200
fcc,0,0,WDI-1NN,missing_events,0.7,0.1666667,0.1390625,3200
fcc,0,0,WDI-1NN,missing_events,0.7,0.3333333,0.1390625,3200
fcc,0,0,WDI-1NN,missing_events,0.7,0.5,0.15625,3200
fcc,0,0,WDI-1NN,missing_events,0.7,0.6666667,0.175,3200
fcc,0,0,WDI-1NN,missing_events,0.7,0.8333333,0.1934375,3200
fcc,0,0,WDI-1NN,missing_events,0.7,1.0,0.2240625,3200
fcc,0,0,WDI-1NN,missing_events,0.8,0.1666667,0.109375,3200
fcc,0,0,WDI-1NN,missing_events,0.8,0.3333333,0.109375,3200
fcc,0,0,WDI-1NN,missing_events,0.8,0.5,0.1209375,3200
fcc,0,0,WDI-1NN,missing_events,0.8,0.6666667,0.1328125,3200
fcc,0,0,WDI-1NN,missing_events,0.8,0.8333333,0.1425,3200
fcc,0,0,WDI-1NN,missing_events,0.8,1.0,0.155,3200
fcc,0,0,WDI-1NN,missing_events,0.9,0.1666667,0.0834375,3200
fcc,0,0,WDI-1NN,missing_events,0.9,0.3333333,0.0834375,3200
fcc,0,0,WDI-1NN,missing_events,0.9,0.5,0.089375,3200
fcc,0,0,WDI-1NN,missing_events,0.9,0.6666667,0.0934375,3200
fcc,0,0,WDI-1NN,missing_events,0.9,0.8333333,0.098125,3200
fcc,0,0,WDI-1NN,missing_events,0.9,1.0,0.1071875,3200
fcc,0,0,WDI-1NN,mixed_missing_spurious,0.0,0.1666667,0.40625,3200
fcc,0,0,WDI-1NN,mixed_missing_spurious,0.0,0.3333333,0.40625,3200
fcc,0,0,WDI-1NN,mixed_missing_spurious,0.0,0.5,0.559375,3200
fcc,0,0,WDI-1NN,mixed_missing_spurious,0.0,0.6666667,0.725,3200
fcc,0,0,WDI-1NN,mixed_missing_spurious,0.0,0.8333333,0.7875,3200
fcc,0,0,WDI-1NN,mixed_missing_spurious,0.0,1.0,0.81875,3200
fcc,0,0,WDI-1NN,mixed_missing_spurious,0.05,0.1666667,0.394375,3200
fcc,0,0,WDI-1NN,mixed_missing_spurious,0.05,0.3333333,0.394375,3200
fcc,0,0,WDI-1NN,mixed_missing_spurious,0.05,0.5,0.5471875,3200
fcc,0,0,WDI-1NN,mixed_missing_spurious,0.05,0.6666667,0.71375,3200
fcc,0,0,WDI-1NN,mixed_missing_spurious,0.05,0.8333333,0.778125,3200
fcc,0,0,WDI-1NN,mixed_missing_spurious,0.05,1.0,0.8140625,3200
fcc,0,0,WDI-1NN,mixed_missing_spurious,0.1,0.1666667,0.3634375,3200
fcc,0,0,WDI-1NN,mixed_missing_spurious,0.1,0.3333333,0.3634375,3200
fcc,0,0,WDI-1NN,mixed_missing_spurious,0.1,0.5,0.52375,3200
fcc,0,0,WDI-1NN,mixed_missing_spurious,0.1,0.6666667,0.685,3200
fcc,0,0,WDI-1NN,mixed_missing_spurious,0.1,0.8333333,0.74625,3200
fcc,0,0,WDI-1NN,mixed_missing_spurious,0.1,1.0,0.7896875,3200
fcc,0,0,WDI-1NN,mixed_missing_spurious,0.15,0.1666667,0.3471875,3200
fcc,0,0,WDI-1NN,mixed_missing_spurious,0.15,0.3333333,0.3471875,3200
fcc,0,0,WDI-1NN,mixed_missing_spurious,0.15,0.5,0.49125,3200
fcc,0,0,WDI-1NN,mixed_missing_spurious,0.15,0.6666667,0.64625,3200
fcc,0,0,WDI-1NN,mixed_missing_spurious,0.15,0.8333333,0.7159375,3200
fcc,0,0,WDI-1NN,mixed_missing_spurious,0.15,1.0,0.7553125,3200
fcc,0,0,WDI-1NN,mixed_missing_spurious,0.2,0.1666667,0.3171875,3200
fcc,0,0,WDI-1NN,mixed_missing_spurious,0.2,0.3333333,0.3171875,3200
fcc,0,0,WDI-1NN,mixed_missing_spurious,0.2,0.5,0.464375,3200
fcc,0,0,WDI-1NN,mixed_missing_spurious,0.2,0.6666667,0.6065625,3200
fcc,0,0,WDI-1NN,mixed_missing_spurious,0.2,0.8333333,0.670625,3200
fcc,0,0,WDI-1NN,mixed_missing_spurious,0.2,1.0,0.7159375,3200
fcc,0,0,WDI-1NN,mixed_missing_spurious,0.25,0.1666667,0.295,3200
fcc,0,0,WDI-1NN,mixed_missing_spurious,0.25,0.3333333,0.295,3200
fcc,0,0,WDI-1NN,mixed_missing_spurious,0.25,0.5,0.416875,3200
fcc,0,0,WDI-1NN,mixed_missing_spurious,0.25,0.6666667,0.5575,3200
fcc,0,0,WDI-1NN,mixed_missing_spurious,0.25,0.8333333,0.6190625,3200
fcc,0,0,WDI-1NN,mixed_missing_spurious,0.25,1.0,0.66625,3200
fcc,0,0,WDI-1NN,mixed_missing_spurious,0.3,0.1666667,0.281875,3200
fcc,0,0,WDI-1NN,mixed_missing_spurious,0.3,0.3333333,0.281875,3200
fcc,0,0,WDI-1NN,mixed_missing_spurious,0.3,0.5,0.40125,3200
fcc,0,0,WDI-1NN,mixed_missing_spurious,0.3,0.6666667,0.5171875,3200
fcc,0,0,WDI-1NN,mixed_missing_spurious,0.3,0.8333333,0.581875,3200
fcc,0,0,WDI-1NN,mixed_missing_spurious,0.3,1.0,0.63125,3200
fcc,0,0,WDI-1NN,mixed_missing_spurious,0.4,0.1666667,0.2446875,3200
fcc,0,0,WDI-1NN,mixed_missing_spurious,0.4,0.3333333,0.2446875,3200
fcc,0,0,WDI-1NN,mixed_missing_spurious,0.4,0.5,0.321875,3200
fcc,0,0,WDI-1NN,mixed_missing_spurious,0.4,0.6666667,0.4153125,3200
fcc,0,0,WDI-1NN,mixed_missing_spurious,0.4,0.8333333,0.4759375,3200
fcc,0,0,WDI-1NN,mixed_missing_spurious,0.4,1.0,0.5340625,3200
fcc,0,0,WDI-1NN,mixed_missing_spurious,0.5,0.1666667,0.20375,3200
fcc,0,0,WDI-1NN,mixed_missing_spurious,0.5,0.3333333,0.20375,3200
fcc,0,0,WDI-1NN,mixed_missing_spurious,0.5,0.5,0.263125,3200
fcc,0,0,WDI-1NN,mixed_missing_spurious,0.5,0.6666667,0.3259375,3200
fcc,0,0,WDI-1NN,mixed_missing_spurious,0.5,0.8333333,0.3740625,3200
fcc,0,0,WDI-1NN,mixed_missing_spurious,0.5,1.0,0.42625,3200
fcc,0,0,WDI-1NN,mixed_missing_spurious,0.6,0.1666667,0.1725,3200
fcc,0,0,WDI-1NN,mixed_missing_spurious,0.6,0.3333333,0.1725,3200
fcc,0,0,WDI-1NN,mixed_missing_spurious,0.6,0.5,0.2096875,3200
fcc,0,0,WDI-1NN,mixed_missing_spurious,0.6,0.6666667,0.2509375,3200
fcc,0,0,WDI-1NN,mixed_missing_spurious,0.6,0.8333333,0.2825,3200
fcc,0,0,WDI-1NN,mixed_missing_spurious,0.6,1.0,0.330625,3200
fcc,0,0,WDI-1NN,mixed_missing_spurious,0.7,0.1666667,0.1459375,3200
fcc,0,0,WDI-1NN,mixed_missing_spurious,0.7,0.3333333,0.1459375,3200
fcc,0,0,WDI-1NN,mixed_missing_spurious,0.7,0.5,0.1746875,3200
fcc,0,0,WDI-1NN,mixed_missing_spurious,0.7,0.6666667,0.1940625,3200
fcc,0,0,WDI-1NN,mixed_missing_spurious,0.7,0.8333333,0.2084375,3200
fcc,0,0,WDI-1NN,mixed_missing_spurious,0.7,1.0,0.2378125,3200
fcc,0,0,WDI-1NN,mixed_missing_spurious,0.8,0.1666667,0.1115625,3200
fcc,0,0,WDI-1NN,mixed_missing_spurious,0.8,0.3333333,0.1115625,3200
fcc,0,0,WDI-1NN,mixed_missing_spurious,0.8,0.5,0.1246875,3200
fcc,0,0,WDI-1NN,mixed_missing_spurious,0.8,0.6666667,0.1334375,3200
fcc,0,0,WDI-1NN,mixed_missing_spurious,0.8,0.8333333,0.1434375,3200
fcc,0,0,WDI-1NN,mixed_missing_spurious,0.8,1.0,0.165,3200
fcc,0,0,WDI-1NN,mixed_missing_spurious,0.9,0.1666667,0.081875,3200
fcc,0,0,WDI-1NN,mixed_missing_spurious,0.9,0.3333333,0.081875,3200
fcc,0,0,WDI-1NN,mixed_missing_spurious,0.9,0.5,0.0853125,3200
fcc,0,0,WDI-1NN,mixed_missing_spurious,0.9,0.6666667,0.0884375,3200
fcc,0,0,WDI-1NN,mixed_missing_spurious,0.9,0.8333333,0.091875,3200
fcc,0,0,WDI-1NN,mixed_missing_spurious,0.9,1.0,0.1034375,3200
fcc,0,0,WDI-1NN,mixed_spurious_timing_late,0.0,0.1666667,0.40625,3200
fcc,0,0,WDI-1NN,mixed_spurious_timing_late,0.0,0.3333333,0.40625,3200
fcc,0,0,WDI-1NN,mixed_spurious_timing_late,0.0,0.5,0.559375,3200
fcc,0,0,WDI-1NN,mixed_spurious_timing_late,0.0,0.6666667,0.725,3200
fcc,0,0,WDI-1NN,mixed_spurious_timing_late,0.0,0.8333333,0.7875,3200
fcc,0,0,WDI-1NN,mixed_spurious_timing_late,0.0,1.0,0.81875,3200
fcc,0,0,WDI-1NN,mixed_spurious_timing_late,0.05,0.1666667,0.18125,3200
fcc,0,0,WDI-1NN,mixed_spurious_timing_late,0.05,0.3333333,0.18125,3200
fcc,0,0,WDI-1NN,mixed_spurious_timing_late,0.05,0.5,0.313125,3200
fcc,0,0,WDI-1NN,mixed_spurious_timing_late,0.05,0.6666667,0.4521875,3200
fcc,0,0,WDI-1NN,mixed_spurious_timing_late,0.05,0.8333333,0.5025,3200
fcc,0,0,WDI-1NN,mixed_spurious_timing_late,0.05,1.0,0.5496875,3200
fcc,0,0,WDI-1NN,mixed_spurious_timing_late,0.1,0.1666667,0.18875,3200
fcc,0,0,WDI-1NN,mixed_spurious_timing_late,0.1,0.3333333,0.18875,3200
fcc,0,0,WDI-1NN,mixed_spurious_timing_late,0.1,0.5,0.326875,3200
fcc,0,0,WDI-1NN,mixed_spurious_timing_late,0.1,0.6666667,0.4034375,3200
fcc,0,0,WDI-1NN,mixed_spurious_timing_late,0.1,0.8333333,0.4159375,3200
fcc,0,0,WDI-1NN,mixed_spurious_timing_late,0.1,1.0,0.454375,3200
fcc,0,0,WDI-1NN,mixed_spurious_timing_late,0.15,0.1666667,0.14375,3200
fcc,0,0,WDI-1NN,mixed_spurious_timing_late,0.15,0.3333333,0.14375,3200
fcc,0,0,WDI-1NN,mixed_spurious_timing_late,0.15,0.5,0.276875,3200
fcc,0,0,WDI-1NN,mixed_spurious_timing_late,0.15,0.6666667,0.344375,3200
fcc,0,0,WDI-1NN,mixed_spurious_timing_late,0.15,0.8333333,0.35375,3200
fcc,0,0,WDI-1NN,mixed_spurious_timing_late,0.15,1.0,0.3815625,3200
fcc,0,0,WDI-1NN,mixed_spurious_timing_late,0.2,0.1666667,0.129375,3200
fcc,0,0,WDI-1NN,mixed_spurious_timing_late,0.2,0.3333333,0.129375,3200
fcc,0,0,WDI-1NN,mixed_spurious_timing_late,0.2,0.5,0.2371875,3200
fcc,0,0,WDI-1NN,mixed_spurious_timing_late,0.2,0.6666667,0.2646875,3200
fcc,0,0,WDI-1NN,mixed_spurious_timing_late,0.2,0.8333333,0.2646875,3200
fcc,0,0,WDI-1NN,mixed_spurious_timing_late,0.2,1.0,0.3440625,3200
fcc,0,0,WDI-1NN,mixed_spurious_timing_late,0.25,0.1666667,0.111875,3200
fcc,0,0,WDI-1NN,mixed_spurious_timing_late,0.25,0.3333333,0.111875,3200
fcc,0,0,WDI-1NN,mixed_spurious_timing_late,0.25,0.5,0.1728125,3200
fcc,0,0,WDI-1NN,mixed_spurious_timing_late,0.25,0.6666667,0.1728125,3200
fcc,0,0,WDI-1NN,mixed_spurious_timing_late,0.25,0.8333333,0.2021875,3200
fcc,0,0,WDI-1NN,mixed_spurious_timing_late,0.25,1.0,0.27625,3200
fcc,0,0,WDI-1NN,mixed_spurious_timing_late,0.3,0.1666667,0.0903125,3200
fcc,0,0,WDI-1NN,mixed_spurious_timing_late,0.3,0.3333333,0.0903125,3200
fcc,0,0,WDI-1NN,mixed_spurious_timing_late,0.3,0.5,0.126875,3200
fcc,0,0,WDI-1NN,mixed_spurious_timing_late,0.3,0.6666667,0.126875,3200
fcc,0,0,WDI-1NN,mixed_spurious_timing_late,0.3,0.8333333,0.169375,3200
fcc,0,0,WDI-1NN,mixed_spurious_timing_late,0.3,1.0,0.225625,3200
fcc,0,0,WDI-1NN,mixed_spurious_timing_late,0.4,0.1666667,0.079375,3200
fcc,0,0,WDI-1NN,mixed_spurious_timing_late,0.4,0.3333333,0.079375,3200
fcc,0,0,WDI-1NN,mixed_spurious_timing_late,0.4,0.5,0.079375,3200
fcc,0,0,WDI-1NN,mixed_spurious_timing_late,0.4,0.6666667,0.0871875,3200
fcc,0,0,WDI-1NN,mixed_spurious_timing_late,0.4,0.8333333,0.0871875,3200
fcc,0,0,WDI-1NN,mixed_spurious_timing_late,0.4,1.0,0.169375,3200
fcc,0,0,WDI-1NN,mixed_spurious_timing_late,0.5,0.1666667,0.0715625,3200
fcc,0,0,WDI-1NN,mixed_spurious_timing_late,0.5,0.3333333,0.0715625,3200
fcc,0,0,WDI-1NN,mixed_spurious_timing_late,0.5,0.5,0.0715625,3200
fcc,0,0,WDI-1NN,mixed_spurious_timing_late,0.5,0.6666667,0.0715625,3200
fcc,0,0,WDI-1NN,mixed_spurious_timing_late,0.5,0.8333333,0.1103125,3200
fcc,0,0,WDI-1NN,mixed_spurious_timing_late,0.5,1.0,0.14625,3200
fcc,0,0,WDI-1NN,mixed_spurious_timing_late,0.6,0.1666667,0.0775,3200
fcc,0,0,WDI-1NN,mixed_spurious_timing_late,0.6,0.3333333,0.0775,3200
fcc,0,0,WDI-1NN,mixed_spurious_timing_late,0.6,0.5,0.0775,3200
fcc,0,0,WDI-1NN,mixed_spurious_timing_late,0.6,0.6666667,0.0775,3200
fcc,0,0,WDI-1NN,mixed_spurious_timing_late,0.6,0.8333333,0.0775,3200
fcc,0,0,WDI-1NN,mixed_spurious_timing_late,0.6,1.0,0.1325,3200
fcc,0,0,WDI-1NN,mixed_spurious_timing_late,0.7,0.1666667,0.095625,3200
fcc,0,0,WDI-1NN,mixed_spurious_timing_late,0.7,0.3333333,0.095625,3200
fcc,0,0,WDI-1NN,mixed_spurious_timing_late,0.7,0.5,0.095625,3200
fcc,0,0,WDI-1NN,mixed_spurious_timing_late,0.7,0.6666667,0.095625,3200
fcc,0,0,WDI-1NN,mixed_spurious_timing_late,0.7,0.8333333,0.095625,3200
fcc,0,0,WDI-1NN,mixed_spurious_timing_late,0.7,1.0,0.1146875,3200
fcc,0,0,WDI-1NN,mixed_spurious_timing_late,0.8,0.1666667,0.09125,3200
fcc,0,0,WDI-1NN,mixed_spurious_timing_late,0.8,0.3333333,0.09125,3200
fcc,0,0,WDI-1NN,mixed_spurious_timing_late,0.8,0.5,0.09125,3200
fcc,0,0,WDI-1NN,mixed_spurious_timing_late,0.8,0.6666667,0.09125,3200
fcc,0,0,WDI-1NN,mixed_spurious_timing_late,0.8,0.8333333,0.09125,3200
fcc,0,0,WDI-1NN,mixed_spurious_timing_late,0.8,1.0,0.0959375,3200
fcc,0,0,WDI-1NN,mixed_spurious_timing_late,0.9,0.1666667,0.0903125,3200
fcc,0,0,WDI-1NN,mixed_spurious_timing_late,0.9,0.3333333,0.0903125,3200
fcc,0,0,WDI-1NN,mixed_spurious_timing_late,0.9,0.5,0.0903125,3200
fcc,0,0,WDI-1NN,mixed_spurious_timing_late,0.9,0.6666667,0.0903125,3200
fcc,0,0,WDI-1NN,mixed_spurious_timing_late,0.9,0.8333333,0.0903125,3200
fcc,0,0,WDI-1NN,mixed_spurious_timing_late,0.9,1.0,0.0903125,3200
fcc,0,0,WDI-1NN,spurious_events,0.0,0.1666667,0.40625,3200
fcc,0,0,WDI-1NN,spurious_events,0.0,0.3333333,0.40625,3200
fcc,0,0,WDI-1NN,spurious_events,0.0,0.5,0.559375,3200
fcc,0,0,WDI-1NN,spurious_events,0.0,0.6666667,0.725,3200
fcc,0,0,WDI-1NN,spurious_events,0.0,0.8333333,0.7875,3200
fcc,0,0,WDI-1NN,spurious_events,0.0,1.0,0.81875,3200
fcc,0,0,WDI-1NN,spurious_events,0.05,0.1666667,0.40625,3200
fcc,0,0,WDI-1NN,spurious_events,0.05,0.3333333,0.40625,3200
fcc,0,0,WDI-1NN,spurious_events,0.05,0.5,0.559375,3200
fcc,0,0,WDI-1NN,spurious_events,0.05,0.6666667,0.723125,3200
fcc,0,0,WDI-1NN,spurious_events,0.05,0.8333333,0.78625,3200
fcc,0,0,WDI-1NN,spurious_events,0.05,1.0,0.816875,3200
fcc,0,0,WDI-1NN,spurious_events,0.1,0.1666667,0.4046875,3200
fcc,0,0,WDI-1NN,spurious_events,0.1,0.3333333,0.4046875,3200
fcc,0,0,WDI-1NN,spurious_events,0.1,0.5,0.5603125,3200
fcc,0,0,WDI-1NN,spurious_events,0.1,0.6666667,0.724375,3200
fcc,0,0,WDI-1NN,spurious_events,0.1,0.8333333,0.78125,3200
fcc,0,0,WDI-1NN,spurious_events,0.1,1.0,0.8071875,3200
fcc,0,0,WDI-1NN,spurious_events,0.15,0.1666667,0.4065625,3200
fcc,0,0,WDI-1NN,spurious_events,0.15,0.3333333,0.4065625,3200
fcc,0,0,WDI-1NN,spurious_events,0.15,0.5,0.561875,3200
fcc,0,0,WDI-1NN,spurious_events,0.15,0.6666667,0.720625,3200
fcc,0,0,WDI-1NN,spurious_events,0.15,0.8333333,0.773125,3200
fcc,0,0,WDI-1NN,spurious_events,0.15,1.0,0.7953125,3200
fcc,0,0,WDI-1NN,spurious_events,0.2,0.1666667,0.406875,3200
fcc,0,0,WDI-1NN,spurious_events,0.2,0.3333333,0.406875,3200
fcc,0,0,WDI-1NN,spurious_events,0.2,0.5,0.561875,3200
fcc,0,0,WDI-1NN,spurious_events,0.2,0.6666667,0.7165625,3200
fcc,0,0,WDI-1NN,spurious_events,0.2,0.8333333,0.76875,3200
fcc,0,0,WDI-1NN,spurious_events,0.2,1.0,0.7821875,3200
fcc,0,0,WDI-1NN,spurious_events,0.25,0.1666667,0.408125,3200
fcc,0,0,WDI-1NN,spurious_events,0.25,0.3333333,0.408125,3200
fcc,0,0,WDI-1NN,spurious_events,0.25,0.5,0.563125,3200
fcc,0,0,WDI-1NN,spurious_events,0.25,0.6666667,0.7240625,3200
fcc,0,0,WDI-1NN,spurious_events,0.25,0.8333333,0.77375,3200
fcc,0,0,WDI-1NN,spurious_events,0.25,1.0,0.79,3200
fcc,0,0,WDI-1NN,spurious_events,0.3,0.1666667,0.4015625,3200
fcc,0,0,WDI-1NN,spurious_events,0.3,0.3333333,0.4015625,3200
fcc,0,0,WDI-1NN,spurious_events,0.3,0.5,0.5584375,3200
fcc,0,0,WDI-1NN,spurious_events,0.3,0.6666667,0.7115625,3200
fcc,0,0,WDI-1NN,spurious_events,0.3,0.8333333,0.7590625,3200
fcc,0,0,WDI-1NN,spurious_events,0.3,1.0,0.7715625,3200
fcc,0,0,WDI-1NN,spurious_events,0.4,0.1666667,0.4075,3200
fcc,0,0,WDI-1NN,spurious_events,0.4,0.3333333,0.4075,3200
fcc,0,0,WDI-1NN,spurious_events,0.4,0.5,0.5575,3200
fcc,0,0,WDI-1NN,spurious_events,0.4,0.6666667,0.7040625,3200
fcc,0,0,WDI-1NN,spurious_events,0.4,0.8333333,0.7484375,3200
fcc,0,0,WDI-1NN,spurious_events,0.4,1.0,0.7496875,3200
fcc,0,0,WDI-1NN,spurious_events,0.5,0.1666667,0.4078125,3200
fcc,0,0,WDI-1NN,spurious_events,0.5,0.3333333,0.4078125,3200
fcc,0,0,WDI-1NN,spurious_events,0.5,0.5,0.550625,3200
fcc,0,0,WDI-1NN,spurious_events,0.5,0.6666667,0.7,3200
fcc,0,0,WDI-1NN,spurious_events,0.5,0.8333333,0.72375,3200
fcc,0,0,WDI-1NN,spurious_events,0.5,1.0,0.7290625,3200
fcc,0,0,WDI-1NN,spurious_events,0.6,0.1666667,0.4,3200
fcc,0,0,WDI-1NN,spurious_events,0.6,0.3333333,0.4,3200
fcc,0,0,WDI-1NN,spurious_events,0.6,0.5,0.5546875,3200
fcc,0,0,WDI-1NN,spurious_events,0.6,0.6666667,0.70375,3200
fcc,0,0,WDI-1NN,spurious_events,0.6,0.8333333,0.734375,3200
fcc,0,0,WDI-1NN,spurious_events,0.6,1.0,0.719375,3200
fcc,0,0,WDI-1NN,spurious_events,0.7,0.1666667,0.403125,3200
fcc,0,0,WDI-1NN,spurious_events,0.7,0.3333333,0.403125,3200
fcc,0,0,WDI-1NN,spurious_events,0.7,0.5,0.5578125,3200
fcc,0,0,WDI-1NN,spurious_events,0.7,0.6666667,0.689375,3200
fcc,0,0,WDI-1NN,spurious_events,0.7,0.8333333,0.7140625,3200
fcc,0,0,WDI-1NN,spurious_events,0.7,1.0,0.7040625,3200
fcc,0,0,WDI-1NN,spurious_events,0.8,0.1666667,0.4021875,3200
fcc,0,0,WDI-1NN,spurious_events,0.8,0.3333333,0.4021875,3200
fcc,0,0,WDI-1NN,spurious_events,0.8,0.5,0.5603125,3200
fcc,0,0,WDI-1NN,spurious_events,0.8,0.6666667,0.6859375,3200
fcc,0,0,WDI-1NN,spurious_events,0.8,0.8333333,0.711875,3200
fcc,0,0,WDI-1NN,spurious_events,0.8,1.0,0.6878125,3200
fcc,0,0,WDI-1NN,spurious_events,0.9,0.1666667,0.40375,3200
fcc,0,0,WDI-1NN,spurious_events,0.9,0.3333333,0.40375,3200
fcc,0,0,WDI-1NN,spurious_events,0.9,0.5,0.555625,3200
fcc,0,0,WDI-1NN,spurious_events,0.9,0.6666667,0.6778125,3200
fcc,0,0,WDI-1NN,spurious_events,0.9,0.8333333,0.694375,3200
fcc,0,0,WDI-1NN,spurious_events,0.9,1.0,0.658125,3200
fcc,0,0,WDI-1NN,timing_uncertainty,0.0,0.1666667,0.40625,3200
fcc,0,0,WDI-1NN,timing_uncertainty,0.0,0.3333333,0.40625,3200
fcc,0,0,WDI-1NN,timing_uncertainty,0.0,0.5,0.559375,3200
fcc,0,0,WDI-1NN,timing_uncertainty,0.0,0.6666667,0.725,3200
fcc,0,0,WDI-1NN,timing_uncertainty,0.0,0.8333333,0.7875,3200
fcc,0,0,WDI-1NN,timing_uncertainty,0.0,1.0,0.81875,3200
fcc,0,0,WDI-1NN,timing_uncertainty,0.05,0.1666667,0.40625,3200
fcc,0,0,WDI-1NN,timing_uncertainty,0.05,0.3333333,0.40625,3200
fcc,0,0,WDI-1NN,timing_uncertainty,0.05,0.5,0.5590625,3200
fcc,0,0,WDI-1NN,timing_uncertainty,0.05,0.6666667,0.7246875,3200
fcc,0,0,WDI-1NN,timing_uncertainty,0.05,0.8333333,0.7871875,3200
fcc,0,0,WDI-1NN,timing_uncertainty,0.05,1.0,0.81875,3200
fcc,0,0,WDI-1NN,timing_uncertainty,0.1,0.1666667,0.405,3200
fcc,0,0,WDI-1NN,timing_uncertainty,0.1,0.3333333,0.405,3200
fcc,0,0,WDI-1NN,timing_uncertainty,0.1,0.5,0.5578125,3200
fcc,0,0,WDI-1NN,timing_uncertainty,0.1,0.6666667,0.7246875,3200
fcc,0,0,WDI-1NN,timing_uncertainty,0.1,0.8333333,0.788125,3200
fcc,0,0,WDI-1NN,timing_uncertainty,0.1,1.0,0.819375,3200
fcc,0,0,WDI-1NN,timing_uncertainty,0.15,0.1666667,0.405,3200
fcc,0,0,WDI-1NN,timing_uncertainty,0.15,0.3333333,0.405,3200
fcc,0,0,WDI-1NN,timing_uncertainty,0.15,0.5,0.56,3200
fcc,0,0,WDI-1NN,timing_uncertainty,0.15,0.6666667,0.72625,3200
fcc,0,0,WDI-1NN,timing_uncertainty,0.15,0.8333333,0.7875,3200
fcc,0,0,WDI-1NN,timing_uncertainty,0.15,1.0,0.81875,3200
fcc,0,0,WDI-1NN,timing_uncertainty,0.2,0.1666667,0.4059375,3200
fcc,0,0,WDI-1NN,timing_uncertainty,0.2,0.3333333,0.4059375,3200
fcc,0,0,WDI-1NN,timing_uncertainty,0.2,0.5,0.5559375,3200
fcc,0,0,WDI-1NN,timing_uncertainty,0.2,0.6666667,0.7265625,3200
fcc,0,0,WDI-1NN,timing_uncertainty,0.2,0.8333333,0.7884375,3200
fcc,0,0,WDI-1NN,timing_uncertainty,0.2,1.0,0.819375,3200
fcc,0,0,WDI-1NN,timing_uncertainty,0.25,0.1666667,0.404375,3200
fcc,0,0,WDI-1NN,timing_uncertainty,0.25,0.3333333,0.404375,3200
fcc,0,0,WDI-1NN,timing_uncertainty,0.25,0.5,0.55875,3200
fcc,0,0,WDI-1NN,timing_uncertainty,0.25,0.6666667,0.7271875,3200
fcc,0,0,WDI-1NN,timing_uncertainty,0.25,0.8333333,0.79,3200
fcc,0,0,WDI-1NN,timing_uncertainty,0.25,1.0,0.81875,3200
fcc,0,0,WDI-1NN,timing_uncertainty,0.3,0.1666667,0.4053125,3200
fcc,0,0,WDI-1NN,timing_uncertainty,0.3,0.3333333,0.4053125,3200
fcc,0,0,WDI-1NN,timing_uncertainty,0.3,0.5,0.5603125,3200
fcc,0,0,WDI-1NN,timing_uncertainty,0.3,0.6666667,0.725625,3200
fcc,0,0,WDI-1NN,timing_uncertainty,0.3,0.8333333,0.7871875,3200
fcc,0,0,WDI-1NN,timing_uncertainty,0.3,1.0,0.819375,3200
fcc,0,0,WDI-1NN,timing_uncertainty,0.4,0.1666667,0.3975,3200
fcc,0,0,WDI-1NN,timing_uncertainty,0.4,0.3333333,0.3975,3200
fcc,0,0,WDI-1NN,timing_uncertainty,0.4,0.5,0.5615625,3200
fcc,0,0,WDI-1NN,timing_uncertainty,0.4,0.6666667,0.7290625,3200
fcc,0,0,WDI-1NN,timing_uncertainty,0.4,0.8333333,0.7859375,3200
fcc,0,0,WDI-1NN,timing_uncertainty,0.4,1.0,0.8190625,3200
fcc,0,0,WDI-1NN,timing_uncertainty,0.5,0.1666667,0.3921875,3200
fcc,0,0,WDI-1NN,timing_uncertainty,0.5,0.3333333,0.3921875,3200
fcc,0,0,WDI-1NN,timing_uncertainty,0.5,0.5,0.5603125,3200
fcc,0,0,WDI-1NN,timing_uncertainty,0.5,0.6666667,0.7303125,3200
fcc,0,0,WDI-1NN,timing_uncertainty,0.5,0.8333333,0.78625,3200
fcc,0,0,WDI-1NN,timing_uncertainty,0.5,1.0,0.82,3200
fcc,0,0,WDI-1NN,timing_uncertainty,0.6,0.1666667,0.3896875,3200
fcc,0,0,WDI-1NN,timing_uncertainty,0.6,0.3333333,0.3896875,3200
fcc,0,0,WDI-1NN,timing_uncertainty,0.6,0.5,0.5696875,3200
fcc,0,0,WDI-1NN,timing_uncertainty,0.6,0.6666667,0.73,3200
fcc,0,0,WDI-1NN,timing_uncertainty,0.6,0.8333333,0.7871875,3200
fcc,0,0,WDI-1NN,timing_uncertainty,0.6,1.0,0.8203125,3200
fcc,0,0,WDI-1NN,timing_uncertainty,0.7,0.1666667,0.3846875,3200
fcc,0,0,WDI-1NN,timing_uncertainty,0.7,0.3333333,0.3846875,3200
fcc,0,0,WDI-1NN,timing_uncertainty,0.7,0.5,0.5625,3200
fcc,0,0,WDI-1NN,timing_uncertainty,0.7,0.6666667,0.7309375,3200
fcc,0,0,WDI-1NN,timing_uncertainty,0.7,0.8333333,0.78875,3200
fcc,0,0,WDI-1NN,timing_uncertainty,0.7,1.0,0.8209375,3200
fcc,0,0,WDI-1NN,timing_uncertainty,0.8,0.1666667,0.3803125,3200
fcc,0,0,WDI-1NN,timing_uncertainty,0.8,0.3333333,0.3803125,3200
fcc,0,0,WDI-1NN,timing_uncertainty,0.8,0.5,0.558125,3200
fcc,0,0,WDI-1NN,timing_uncertainty,0.8,0.6666667,0.72625,3200
fcc,0,0,WDI-1NN,timing_uncertainty,0.8,0.8333333,0.7859375,3200
fcc,0,0,WDI-1NN,timing_uncertainty,0.8,1.0,0.8203125,3200
fcc,0,0,WDI-1NN,timing_uncertainty,0.9,0.1666667,0.3759375,3200
fcc,0,0,WDI-1NN,timing_uncertainty,0.9,0.3333333,0.3759375,3200
fcc,0,0,WDI-1NN,timing_uncertainty,0.9,0.5,0.5646875,3200
fcc,0,0,WDI-1NN,timing_uncertainty,0.9,0.6666667,0.7271875,3200
fcc,0,0,WDI-1NN,timing_uncertainty,0.9,0.8333333,0.7865625,3200
fcc,0,0,WDI-1NN,timing_uncertainty,0.9,1.0,0.8209375,3200
fcc,1,0,ACM-SVM,late_time_delay,0.0,0.1666667,0.359375,3200
fcc,1,0,ACM-SVM,late_time_delay,0.0,0.3333333,0.359375,3200
fcc,1,0,ACM-SVM,late_time_delay,0.0,0.5,0.646875,3200
fcc,1,0,ACM-SVM,late_time_delay,0.0,0.6666667,0.90625,3200
fcc,1,0,ACM-SVM,late_time_delay,0.0,0.8333333,0.971875,3200
fcc,1,0,ACM-SVM,late_time_delay,0.0,1.0,0.9875,3200
fcc,1,0,ACM-SVM,late_time_delay,0.05,0.1666667,0.06875,3200
fcc,1,0,ACM-SVM,late_time_delay,0.05,0.3333333,0.06875,3200
fcc,1,0,ACM-SVM,late_time_delay,0.05,0.5,0.109375,3200
fcc,1,0,ACM-SVM,late_time_delay,0.05,0.6666667,0.29375,3200
fcc,1,0,ACM-SVM,late_time_delay,0.05,0.8333333,0.409375,3200
fcc,1,0,ACM-SVM,late_time_delay,0.05,1.0,0.4375,3200
fcc,1,0,ACM-SVM,late_time_delay,0.1,0.1666667,0.06875,3200
fcc,1,0,ACM-SVM,late_time_delay,0.1,0.3333333,0.06875,3200
fcc,1,0,ACM-SVM,late_time_delay,0.1,0.5,0.115625,3200
fcc,1,0,ACM-SVM,late_time_delay,0.1,0.6666667,0.2875,3200
fcc,1,0,ACM-SVM,late_time_delay,0.1,0.8333333,0.34375,3200
fcc,1,0,ACM-SVM,late_time_delay,0.1,1.0,0.371875,3200
fcc,1,0,ACM-SVM,late_time_delay,0.15,0.1666667,0.0625,3200
fcc,1,0,ACM-SVM,late_time_delay,0.15,0.3333333,0.0625,3200
fcc,1,0,ACM-SVM,late_time_delay,0.15,0.5,0.096875,3200
fcc,1,0,ACM-SVM,late_time_delay,0.15,0.6666667,0.1625,3200
fcc,1,0,ACM-SVM,late_time_delay,0.15,0.8333333,0.2,3200
fcc,1,0,ACM-SVM,late_time_delay,0.15,1.0,0.221875,3200
fcc,1,0,ACM-SVM,late_time_delay,0.2,0.1666667,0.065625,3200
fcc,1,0,ACM-SVM,late_time_delay,0.2,0.3333333,0.065625,3200
fcc,1,0,ACM-SVM,late_time_delay,0.2,0.5,0.09375,3200
fcc,1,0,ACM-SVM,late_time_delay,0.2,0.6666667,0.125,3200
fcc,1,0,ACM-SVM,late_time_delay,0.2,0.8333333,0.125,3200
fcc,1,0,ACM-SVM,late_time_delay,0.2,1.0,0.159375,3200
fcc,1,0,ACM-SVM,late_time_delay,0.25,0.1666667,0.065625,3200
fcc,1,0,ACM-SVM,late_time_delay,0.25,0.3333333,0.065625,3200
fcc,1,0,ACM-SVM,late_time_delay,0.25,0.5,0.08125,3200
fcc,1,0,ACM-SVM,late_time_delay,0.25,0.6666667,0.08125,3200
fcc,1,0,ACM-SVM,late_time_delay,0.25,0.8333333,0.115625,3200
fcc,1,0,ACM-SVM,late_time_delay,0.25,1.0,0.134375,3200
fcc,1,0,ACM-SVM,late_time_delay,0.3,0.1666667,0.06875,3200
fcc,1,0,ACM-SVM,late_time_delay,0.3,0.3333333,0.06875,3200
fcc,1,0,ACM-SVM,late_time_delay,0.3,0.5,0.1,3200
fcc,1,0,ACM-SVM,late_time_delay,0.3,0.6666667,0.1,3200
fcc,1,0,ACM-SVM,late_time_delay,0.3,0.8333333,0.115625,3200
fcc,1,0,ACM-SVM,late_time_delay,0.3,1.0,0.128125,3200
fcc,1,0,ACM-SVM,late_time_delay,0.4,0.1666667,0.06875,3200
fcc,1,0,ACM-SVM,late_time_delay,0.4,0.3333333,0.06875,3200
fcc,1,0,ACM-SVM,late_time_delay,0.4,0.5,0.06875,3200
fcc,1,0,ACM-SVM,late_time_delay,0.4,0.6666667,0.078125,3200
fcc,1,0,ACM-SVM,late_time_delay,0.4,0.8333333,0.078125,3200
fcc,1,0,ACM-SVM,late_time_delay,0.4,1.0,0.09375,3200
fcc,1,0,ACM-SVM,late_time_delay,0.5,0.1666667,0.0625,3200
fcc,1,0,ACM-SVM,late_time_delay,0.5,0.3333333,0.0625,3200
fcc,1,0,ACM-SVM,late_time_delay,0.5,0.5,0.0625,3200
fcc,1,0,ACM-SVM,late_time_delay,0.5,0.6666667,0.0625,3200
fcc,1,0,ACM-SVM,late_time_delay,0.5,0.8333333,0.075,3200
fcc,1,0,ACM-SVM,late_time_delay,0.5,1.0,0.08125,3200
fcc,1,0,ACM-SVM,late_time_delay,0.6,0.1666667,0.065625,3200
fcc,1,0,ACM-SVM,late_time_delay,0.6,0.3333333,0.065625,3200
fcc,1,0,ACM-SVM,late_time_delay,0.6,0.5,0.065625,3200
fcc,1,0,ACM-SVM,late_time_delay,0.6,0.6666667,0.065625,3200
fcc,1,0,ACM-SVM,late_time_delay,0.6,0.8333333,0.065625,3200
fcc,1,0,ACM-SVM,late_time_delay,0.6,1.0,0.078125,3200
fcc,1,0,ACM-SVM,late_time_delay,0.7,0.1666667,0.071875,3200
fcc,1,0,ACM-SVM,late_time_delay,0.7,0.3333333,0.071875,3200
fcc,1,0,ACM-SVM,late_time_delay,0.7,0.5,0.071875,3200
fcc,1,0,ACM-SVM,late_time_delay,0.7,0.6666667,0.071875,3200
fcc,1,0,ACM-SVM,late_time_delay,0.7,0.8333333,0.071875,3200
fcc,1,0,ACM-SVM,late_time_delay,0.7,1.0,0.078125,3200
fcc,1,0,ACM-SVM,late_time_delay,0.8,0.1666667,0.071875,3200
fcc,1,0,ACM-SVM,late_time_delay,0.8,0.3333333,0.071875,3200
fcc,1,0,ACM-SVM,late_time_delay,0.8,0.5,0.071875,3200
fcc,1,0,ACM-SVM,late_time_delay,0.8,0.6666667,0.071875,3200
fcc,1,0,ACM-SVM,late_time_delay,0.8,0.8333333,0.071875,3200
fcc,1,0,ACM-SVM,late_time_delay,0.8,1.0,0.078125,3200
fcc,1,0,ACM-SVM,late_time_delay,0.9,0.1666667,0.078125,3200
fcc,1,0,ACM-SVM,late_time_delay,0.9,0.3333333,0.078125,3200
fcc,1,0,ACM-SVM,late_time_delay,0.9,0.5,0.078125,3200
fcc,1,0,ACM-SVM,late_time_delay,0.9,0.6666667,0.078125,3200
fcc,1,0,ACM-SVM,late_time_delay,0.9,0.8333333,0.078125,3200
fcc,1,0,ACM-SVM,late_time_delay,0.9,1.0,0.078125,3200
fcc,1,0,ACM-SVM,missing_events,0.0,0.1666667,0.359375,3200
fcc,1,0,ACM-SVM,missing_events,0.0,0.3333333,0.359375,3200
fcc,1,0,ACM-SVM,missing_events,0.0,0.5,0.646875,3200
fcc,1,0,ACM-SVM,missing_events,0.0,0.6666667,0.90625,3200
fcc,1,0,ACM-SVM,missing_events,0.0,0.8333333,0.971875,3200
fcc,1,0,ACM-SVM,missing_events,0.0,1.0,0.9875,3200
fcc,1,0,ACM-SVM,missing_events,0.05,0.1666667,0.349375,3200
fcc,1,0,ACM-SVM,missing_events,0.05,0.3333333,0.349375,3200
fcc,1,0,ACM-SVM,missing_events,0.05,0.5,0.6228125,3200
fcc,1,0,ACM-SVM,missing_events,0.05,0.6666667,0.8909375,3200
fcc,1,0,ACM-SVM,missing_events,0.05,0.8333333,0.959375,3200
fcc,1,0,ACM-SVM,missing_events,0.05,1.0,0.9734375,3200
fcc,1,0,ACM-SVM,missing_events,0.1,0.1666667,0.28875,3200
fcc,1,0,ACM-SVM,missing_events,0.1,0.3333333,0.28875,3200
fcc,1,0,ACM-SVM,missing_events,0.1,0.5,0.53,3200
fcc,1,0,ACM-SVM,missing_events,0.1,0.6666667,0.7875,3200
fcc,1,0,ACM-SVM,missing_events,0.1,0.8333333,0.8915625,3200
fcc,1,0,ACM-SVM,missing_events,0.1,1.0,0.9203125,3200
fcc,1,0,ACM-SVM,missing_events,0.15,0.1666667,0.26,3200
fcc,1,0,ACM-SVM,missing_events,0.15,0.3333333,0.26,3200
fcc,1,0,ACM-SVM,missing_events,0.15,0.5,0.4684375,3200
fcc,1,0,ACM-SVM,missing_events,0.15,0.6666667,0.7115625,3200
fcc,1,0,ACM-SVM,missing_events,0.15,0.8333333,0.835625,3200
fcc,1,0,ACM-SVM,missing_events,0.15,1.0,0.87875,3200
fcc,1,0,ACM-SVM,missing_events,0.2,0.1666667,0.2228125,3200
fcc,1,0,ACM-SVM,missing_events,0.2,0.3333333,0.2228125,3200
fcc,1,0,ACM-SVM,missing_events,0.2,0.5,0.37625,3200
fcc,1,0,ACM-SVM,missing_events,0.2,0.6666667,0.5834375,3200
fcc,1,0,ACM-SVM,missing_events,0.2,0.8333333,0.7359375,3200
fcc,1,0,ACM-SVM,missing_events,0.2,1.0,0.81375,3200
fcc,1,0,ACM-SVM,missing_events,0.25,0.1666667,0.1925,3200
fcc,1,0,ACM-SVM,missing_events,0.25,0.3333333,0.1925,3200
fcc,1,0,ACM-SVM,missing_events,0.25,0.5,0.3125,3200
fcc,1,0,ACM-SVM,missing_events,0.25,0.6666667,0.4665625,3200
fcc,1,0,ACM-SVM,missing_events,0.25,0.8333333,0.6125,3200
fcc,1,0,ACM-SVM,missing_events,0.25,1.0,0.7271875,3200
fcc,1,0,ACM-SVM,missing_events,0.3,0.1666667,0.1675,3200
fcc,1,0,ACM-SVM,missing_events,0.3,0.3333333,0.1675,3200
fcc,1,0,ACM-SVM,missing_events,0.3,0.5,0.2615625,3200
fcc,1,0,ACM-SVM,missing_events,0.3,0.6666667,0.4025,3200
fcc,1,0,ACM-SVM,missing_events,0.3,0.8333333,0.5184375,3200
fcc,1,0,ACM-SVM,missing_events,0.3,1.0,0.6365625,3200
fcc,1,0,ACM-SVM,missing_events,0.4,0.1666667,0.143125,3200
fcc,1,0,ACM-SVM,missing_events,0.4,0.3333333,0.143125,3200
fcc,1,0,ACM-SVM,missing_events,0.4,0.5,0.19875,3200
fcc,1,0,ACM-SVM,missing_events,0.4,0.6666667,0.2684375,3200
fcc,1,0,ACM-SVM,missing_events,0.4,0.8333333,0.33,3200
fcc,1,0,ACM-SVM,missing_events,0.4,1.0,0.4253125,3200
fcc,1,0,ACM-SVM,missing_events,0.5,0.1666667,0.120625,3200
fcc,1,0,ACM-SVM,missing_events,0.5,0.3333333,0.120625,3200
fcc,1,0,ACM-SVM,missing_events,0.5,0.5,0.153125,3200
fcc,1,0,ACM-SVM,missing_events,0.5,0.6666667,0.1928125,3200
fcc,1,0,ACM-SVM,missing_events,0.5,0.8333333,0.2371875,3200
fcc,1,0,ACM-SVM,missing_events,0.5,1.0,0.286875,3200
fcc,1,0,ACM-SVM,missing_events,0.6,0.1666667,0.103125,3200
fcc,1,0,ACM-SVM,missing_events,0.6,0.3333333,0.103125,3200
fcc,1,0,ACM-SVM,missing_events,0.6,0.5,0.12125,3200
fcc,1,0,ACM-SVM,missing_events,0.6,0.6666667,0.14125,3200
fcc,1,0,ACM-SVM,missing_events,0.6,0.8333333,0.164375,3200
fcc,1,0,ACM-SVM,missing_events,0.6,1.0,0.2040625,3200
fcc,1,0,ACM-SVM,missing_events,0.7,0.1666667,0.0959375,3200
fcc,1,0,ACM-SVM,missing_events,0.7,0.3333333,0.0959375,3200
fcc,1,0,ACM-SVM,missing_events,0.7,0.5,0.1065625,3200
fcc,1,0,ACM-SVM,missing_events,0.7,0.6666667,0.1134375,3200
fcc,1,0,ACM-SVM,missing_events,0.7,0.8333333,0.1221875,3200
fcc,1,0,ACM-SVM,missing_events,0.7,1.0,0.1478125,3200
fcc,1,0,ACM-SVM,missing_events,0.8,0.1666667,0.0740625,3200
fcc,1,0,ACM-SVM,missing_events,0.8,0.3333333,0.0740625,3200
fcc,1,0,ACM-SVM,missing_events,0.8,0.5,0.0803125,3200
fcc,1,0,ACM-SVM,missing_events,0.8,0.6666667,0.08,3200
fcc,1,0,ACM-SVM,missing_events,0.8,0.8333333,0.08375,3200
fcc,1,0,ACM-SVM,missing_events,0.8,1.0,0.0978125,3200
fcc,1,0,ACM-SVM,missing_events,0.9,0.1666667,0.065,3200
fcc,1,0,ACM-SVM,missing_events,0.9,0.3333333,0.065,3200
fcc,1,0,ACM-SVM,missing_events,0.9,0.5,0.0646875,3200
fcc,1,0,ACM-SVM,missing_events,0.9,0.6666667,0.065,3200
fcc,1,0,ACM-SVM,missing_events,0.9,0.8333333,0.0646875,3200
fcc,1,0,ACM-SVM,missing_events,0.9,1.0,0.069375,3200
fcc,1,0,ACM-SVM,mixed_missing_spurious,0.0,0.1666667,0.359375,3200
fcc,1,0,ACM-SVM,mixed_missing_spurious,0.0,0.3333333,0.359375,3200
fcc,1,0,ACM-SVM,mixed_missing_spurious,0.0,0.5,0.646875,3200
fcc,1,0,ACM-SVM,mixed_missing_spurious,0.0,0.6666667,0.90625,3200
fcc,1,0,ACM-SVM,mixed_missing_spurious,0.0,0.8333333,0.971875,3200
fcc,1,0,ACM-SVM,mixed_missing_spurious,0.0,1.0,0.9875,3200
fcc,1,0,ACM-SVM,mixed_missing_spurious,0.05,0.1666667,0.3509375,3200
fcc,1,0,ACM-SVM,mixed_missing_spurious,0.05,0.3333333,0.3509375,3200
fcc,1,0,ACM-SVM,mixed_missing_spurious,0.05,0.5,0.61625,3200
fcc,1,0,ACM-SVM,mixed_missing_spurious,0.05,0.6666667,0.8653125,3200
fcc,1,0,ACM-SVM,mixed_missing_spurious,0.05,0.8333333,0.9215625,3200
fcc,1,0,ACM-SVM,mixed_missing_spurious,0.05,1.0,0.915625,3200
fcc,1,0,ACM-SVM,mixed_missing_spurious,0.1,0.1666667,0.286875,3200
fcc,1,0,ACM-SVM,mixed_missing_spurious,0.1,0.3333333,0.286875,3200
fcc,1,0,ACM-SVM,mixed_missing_spurious,0.1,0.5,0.5034375,3200
fcc,1,0,ACM-SVM,mixed_missing_spurious,0.1,0.6666667,0.7121875,3200
fcc,1,0,ACM-SVM,mixed_missing_spurious,0.1,0.8333333,0.7715625,3200
fcc,1,0,ACM-SVM,mixed_missing_spurious,0.1,1.0,0.7353125,3200
fcc,1,0,ACM-SVM,mixed_missing_spurious,0.15,0.1666667,0.2496875,3200
fcc,1,0,ACM-SVM,mixed_missing_spurious,0.15,0.3333333,0.2496875,3200
fcc,1,0,ACM-SVM,mixed_missing_spurious,0.15,0.5,0.43625,3200
fcc,1,0,ACM-SVM,mixed_missing_spurious,0.15,0.6666667,0.59625,3200
fcc,1,0,ACM-SVM,mixed_missing_spurious,0.15,0.8333333,0.6475,3200
fcc,1,0,ACM-SVM,mixed_missing_spurious,0.15,1.0,0.6059375,3200
fcc,1,0,ACM-SVM,mixed_missing_spurious,0.2,0.1666667,0.215625,3200
fcc,1,0,ACM-SVM,mixed_missing_spurious,0.2,0.3333333,0.215625,3200
fcc,1,0,ACM-SVM,mixed_missing_spurious,0.2,0.5,0.345625,3200
fcc,1,0,ACM-SVM,mixed_missing_spurious,0.2,0.6666667,0.4875,3200
fcc,1,0,ACM-SVM,mixed_missing_spurious,0.2,0.8333333,0.5453125,3200
fcc,1,0,ACM-SVM,mixed_missing_spurious,0.2,1.0,0.5153125,3200
fcc,1,0,ACM-SVM,mixed_missing_spurious,0.25,0.1666667,0.1946875,3200
fcc,1,0,ACM-SVM,mixed_missing_spurious,0.25,0.3333333,0.1946875,3200
fcc,1,0,ACM-SVM,mixed_missing_spurious,0.25,0.5,0.281875,3200
fcc,1,0,ACM-SVM,mixed_missing_spurious,0.25,0.6666667,0.3909375,3200
fcc,1,0,ACM-SVM,mixed_missing_spurious,0.25,0.8333333,0.453125,3200
fcc,1,0,ACM-SVM,mixed_missing_spurious,0.25,1.0,0.4290625,3200
fcc,1,0,ACM-SVM,mixed_missing_spurious,0.3,0.1666667,0.1715625,3200
fcc,1,0,ACM-SVM,mixed_missing_spurious,0.3,0.3333333,0.1715625,3200
fcc,1,0,ACM-SVM,mixed_missing_spurious,0.3,0.5,0.2465625,3200
fcc,1,0,ACM-SVM,mixed_missing_spurious,0.3,0.6666667,0.3334375,3200
fcc,1,0,ACM-SVM,mixed_missing_spurious,0.3,0.8333333,0.3728125,3200
fcc,1,0,ACM-SVM,mixed_missing_spurious,0.3,1.0,0.36375,3200
fcc,1,0,ACM-SVM,mixed_missing_spurious,0.4,0.1666667,0.145625,3200
fcc,1,0,ACM-SVM,mixed_missing_spurious,0.4,0.3333333,0.145625,3200
fcc,1,0,ACM-SVM,mixed_missing_spurious,0.4,0.5,0.185,3200
fcc,1,0,ACM-SVM,mixed_missing_spurious,0.4,0.6666667,0.2459375,3200
fcc,1,0,ACM-SVM,mixed_missing_spurious,0.4,0.8333333,0.2728125,3200
fcc,1,0,ACM-SVM,mixed_missing_spurious,0.4,1.0,0.2675,3200
fcc,1,0,ACM-SVM,mixed_missing_spurious,0.5,0.1666667,0.1303125,3200
fcc,1,0,ACM-SVM,mixed_missing_spurious,0.5,0.3333333,0.1303125,3200
fcc,1,0,ACM-SVM,mixed_missing_spurious,0.5,0.5,0.1584375,3200
fcc,1,0,ACM-SVM,mixed_missing_spurious,0.5,0.6666667,0.18625,3200
fcc,1,0,ACM-SVM,mixed_missing_spurious,0.5,0.8333333,0.19875,3200
fcc,1,0,ACM-SVM,mixed_missing_spurious,0.5,1.0,0.2021875,3200
fcc,1,0,ACM-SVM,mixed_missing_spurious,0.6,0.1666667,0.1053125,3200
fcc,1,0,ACM-SVM,mixed_missing_spurious,0.6,0.3333333,0.1053125,3200
fcc,1,0,ACM-SVM,mixed_missing_spurious,0.6,0.5,0.12,3200
fcc,1,0,ACM-SVM,mixed_missing_spurious,0.6,0.6666667,0.14875,3200
fcc,1,0,ACM-SVM,mixed_missing_spurious,0.6,0.8333333,0.1678125,3200
fcc,1,0,ACM-SVM,mixed_missing_spurious,0.6,1.0,0.1840625,3200
fcc,1,0,ACM-SVM,mixed_missing_spurious,0.7,0.1666667,0.098125,3200
fcc,1,0,ACM-SVM,mixed_missing_spurious,0.7,0.3333333,0.098125,3200
fcc,1,0,ACM-SVM,mixed_missing_spurious,0.7,0.5,0.1040625,3200
fcc,1,0,ACM-SVM,mixed_missing_spurious,0.7,0.6666667,0.11125,3200
fcc,1,0,ACM-SVM,mixed_missing_spurious,0.7,0.8333333,0.123125,3200
fcc,1,0,ACM-SVM,mixed_missing_spurious,0.7,1.0,0.13125,3200
fcc,1,0,ACM-SVM,mixed_missing_spurious,0.8,0.1666667,0.0784375,3200
fcc,1,0,ACM-SVM,mixed_missing_spurious,0.8,0.3333333,0.0784375,3200
fcc,1,0,ACM-SVM,mixed_missing_spurious,0.8,0.5,0.0828125,3200
fcc,1,0,ACM-SVM,mixed_missing_spurious,0.8,0.6666667,0.0871875,3200
fcc,1,0,ACM-SVM,mixed_missing_spurious,0.8,0.8333333,0.0896875,3200
fcc,1,0,ACM-SVM,mixed_missing_spurious,0.8,1.0,0.1046875,3200
fcc,1,0,ACM-SVM,mixed_missing_spurious,0.9,0.1666667,0.0665625,3200
fcc,1,0,ACM-SVM,mixed_missing_spurious,0.9,0.3333333,0.0665625,3200
fcc,1,0,ACM-SVM,mixed_missing_spurious,0.9,0.5,0.0671875,3200
fcc,1,0,ACM-SVM,mixed_missing_spurious,0.9,0.6666667,0.06625,3200
fcc,1,0,ACM-SVM,mixed_missing_spurious,0.9,0.8333333,0.0684375,3200
fcc,1,0,ACM-SVM,mixed_missing_spurious,0.9,1.0,0.0721875,3200
fcc,1,0,ACM-SVM,mixed_spurious_timing_late,0.0,0.1666667,0.359375,3200
fcc,1,0,ACM-SVM,mixed_spurious_timing_late,0.0,0.3333333,0.359375,3200
fcc,1,0,ACM-SVM,mixed_spurious_timing_late,0.0,0.5,0.646875,3200
fcc,1,0,ACM-SVM,mixed_spurious_timing_late,0.0,0.6666667,0.90625,3200
fcc,1,0,ACM-SVM,mixed_spurious_timing_late,0.0,0.8333333,0.971875,3200
fcc,1,0,ACM-SVM,mixed_spurious_timing_late,0.0,1.0,0.9875,3200
fcc,1,0,ACM-SVM,mixed_spurious_timing_late,0.05,0.1666667,0.06875,3200
fcc,1,0,ACM-SVM,mixed_spurious_timing_late,0.05,0.3333333,0.06875,3200
fcc,1,0,ACM-SVM,mixed_spurious_timing_late,0.05,0.5,0.1090625,3200
fcc,1,0,ACM-SVM,mixed_spurious_timing_late,0.05,0.6666667,0.286875,3200
fcc,1,0,ACM-SVM,mixed_spurious_timing_late,0.05,0.8333333,0.3909375,3200
fcc,1,0,ACM-SVM,mixed_spurious_timing_late,0.05,1.0,0.4175,3200
fcc,1,0,ACM-SVM,mixed_spurious_timing_late,0.1,0.1666667,0.06875,3200
fcc,1,0,ACM-SVM,mixed_spurious_timing_late,0.1,0.3333333,0.06875,3200
fcc,1,0,ACM-SVM,mixed_spurious_timing_late,0.1,0.5,0.12125,3200
fcc,1,0,ACM-SVM,mixed_spurious_timing_late,0.1,0.6666667,0.266875,3200
fcc,1,0,ACM-SVM,mixed_spurious_timing_late,0.1,0.8333333,0.3075,3200
fcc,1,0,ACM-SVM,mixed_spurious_timing_late,0.1,1.0,0.321875,3200
fcc,1,0,ACM-SVM,mixed_spurious_timing_late,0.15,0.1666667,0.065,3200
fcc,1,0,ACM-SVM,mixed_spurious_timing_late,0.15,0.3333333,0.065,3200
fcc,1,0,ACM-SVM,mixed_spurious_timing_late,0.15,0.5,0.10375,3200
fcc,1,0,ACM-SVM,mixed_spurious_timing_late,0.15,0.6666667,0.1596875,3200
fcc,1,0,ACM-SVM,mixed_spurious_timing_late,0.15,0.8333333,0.194375,3200
fcc,1,0,ACM-SVM,mixed_spurious_timing_late,0.15,1.0,0.2065625,3200
fcc,1,0,ACM-SVM,mixed_spurious_timing_late,0.2,0.1666667,0.065625,3200
fcc,1,0,ACM-SVM,mixed_spurious_timing_late,0.2,0.3333333,0.065625,3200
fcc,1,0,ACM-SVM,mixed_spurious_timing_late,0.2,0.5,0.0984375,3200
fcc,1,0,ACM-SVM,mixed_spurious_timing_late,0.2,0.6666667,0.1225,3200
fcc,1,0,ACM-SVM,mixed_spurious_timing_late,0.2,0.8333333,0.1225,3200
fcc,1,0,ACM-SVM,mixed_spurious_timing_late,0.2,1.0,0.15375,3200
fcc,1,0,ACM-SVM,mixed_spurious_timing_late,0.25,0.1666667,0.0646875,3200
fcc,1,0,ACM-SVM,mixed_spurious_timing_late,0.25,0.3333333,0.0646875,3200
fcc,1,0,ACM-SVM,mixed_spurious_timing_late,0.25,0.5,0.09125,3200
fcc,1,0,ACM-SVM,mixed_spurious_timing_late,0.25,0.6666667,0.09125,3200
fcc,1,0,ACM-SVM,mixed_spurious_timing_late,0.25,0.8333333,0.1178125,3200
fcc,1,0,ACM-SVM,mixed_spurious_timing_late,0.25,1.0,0.1325,3200
fcc,1,0,ACM-SVM,mixed_spurious_timing_late,0.3,0.1666667,0.0684375,3200
fcc,1,0,ACM-SVM,mixed_spurious_timing_late,0.3,0.3333333,0.0684375,3200
fcc,1,0,ACM-SVM,mixed_spurious_timing_late,0.3,0.5,0.093125,3200
fcc,1,0,ACM-SVM,mixed_spurious_timing_late,0.3,0.6666667,0.093125,3200
fcc,1,0,ACM-SVM,mixed_spurious_timing_late,0.3,0.8333333,0.1059375,3200
fcc,1,0,ACM-SVM,mixed_spurious_timing_late,0.3,1.0,0.11375,3200
fcc,1,0,ACM-SVM,mixed_spurious_timing_late,0.4,0.1666667,0.066875,3200
fcc,1,0,ACM-SVM,mixed_spurious_timing_late,0.4,0.3333333,0.066875,3200
fcc,1,0,ACM-SVM,mixed_spurious_timing_late,0.4,0.5,0.066875,3200
fcc,1,0,ACM-SVM,mixed_spurious_timing_late,0.4,0.6666667,0.0825,3200
fcc,1,0,ACM-SVM,mixed_spurious_timing_late,0.4,0.8333333,0.0825,3200
fcc,1,0,ACM-SVM,mixed_spurious_timing_late,0.4,1.0,0.098125,3200
fcc,1,0,ACM-SVM,mixed_spurious_timing_late,0.5,0.1666667,0.0678125,3200
fcc,1,0,ACM-SVM,mixed_spurious_timing_late,0.5,0.3333333,0.0678125,3200
fcc,1,0,ACM-SVM,mixed_spurious_timing_late,0.5,0.5,0.0678125,3200
fcc,1,0,ACM-SVM,mixed_spurious_timing_late,0.5,0.6666667,0.0678125,3200
fcc,1,0,ACM-SVM,mixed_spurious_timing_late,0.5,0.8333333,0.076875,3200
fcc,1,0,ACM-SVM,mixed_spurious_timing_late,0.5,1.0,0.08375,3200
fcc,1,0,ACM-SVM,mixed_spurious_timing_late,0.6,0.1666667,0.06875,3200
fcc,1,0,ACM-SVM,mixed_spurious_timing_late,0.6,0.3333333,0.06875,3200
fcc,1,0,ACM-SVM,mixed_spurious_timing_late,0.6,0.5,0.06875,3200
fcc,1,0,ACM-SVM,mixed_spurious_timing_late,0.6,0.6666667,0.06875,3200
fcc,1,0,ACM-SVM,mixed_spurious_timing_late,0.6,0.8333333,0.06875,3200
fcc,1,0,ACM-SVM,mixed_spurious_timing_late,0.6,1.0,0.0784375,3200
fcc,1,0,ACM-SVM,mixed_spurious_timing_late,0.7,0.1666667,0.0684375,3200
fcc,1,0,ACM-SVM,mixed_spurious_timing_late,0.7,0.3333333,0.0684375,3200
fcc,1,0,ACM-SVM,mixed_spurious_timing_late,0.7,0.5,0.0684375,3200
fcc,1,0,ACM-SVM,mixed_spurious_timing_late,0.7,0.6666667,0.0684375,3200
fcc,1,0,ACM-SVM,mixed_spurious_timing_late,0.7,0.8333333,0.0684375,3200
fcc,1,0,ACM-SVM,mixed_spurious_timing_late,0.7,1.0,0.075625,3200
fcc,1,0,ACM-SVM,mixed_spurious_timing_late,0.8,0.1666667,0.0684375,3200
fcc,1,0,ACM-SVM,mixed_spurious_timing_late,0.8,0.3333333,0.0684375,3200
fcc,1,0,ACM-SVM,mixed_spurious_timing_late,0.8,0.5,0.0684375,3200
fcc,1,0,ACM-SVM,mixed_spurious_timing_late,0.8,0.6666667,0.0684375,3200
fcc,1,0,ACM-SVM,mixed_spurious_timing_late,0.8,0.8333333,0.0684375,3200
fcc,1,0,ACM-SVM,mixed_spurious_timing_late,0.8,1.0,0.0725,3200
fcc,1,0,ACM-SVM,mixed_spurious_timing_late,0.9,0.1666667,0.0709375,3200
fcc,1,0,ACM-SVM,mixed_spurious_timing_late,0.9,0.3333333,0.0709375,3200
fcc,1,0,ACM-SVM,mixed_spurious_timing_late,0.9,0.5,0.0709375,3200
fcc,1,0,ACM-SVM,mixed_spurious_timing_late,0.9,0.6666667,0.0709375,3200
fcc,1,0,ACM-SVM,mixed_spurious_timing_late,0.9,0.8333333,0.0709375,3200
fcc,1,0,ACM-SVM,mixed_spurious_timing_late,0.9,1.0,0.0709375,3200
fcc,1,0,ACM-SVM,spurious_events,0.0,0.1666667,0.359375,3200
fcc,1,0,ACM-SVM,spurious_events,0.0,0.3333333,0.359375,3200
fcc,1,0,ACM-SVM,spurious_events,0.0,0.5,0.646875,3200
fcc,1,0,ACM-SVM,spurious_events,0.0,0.6666667,0.90625,3200
fcc,1,0,ACM-SVM,spurious_events,0.0,0.8333333,0.971875,3200
fcc,1,0,ACM-SVM,spurious_events,0.0,1.0,0.9875,3200
fcc,1,0,ACM-SVM,spurious_events,0.05,0.1666667,0.359375,3200
fcc,1,0,ACM-SVM,spurious_events,0.05,0.3333333,0.359375,3200
fcc,1,0,ACM-SVM,spurious_events,0.05,0.5,0.6309375,3200
fcc,1,0,ACM-SVM,spurious_events,0.05,0.6666667,0.8690625,3200
fcc,1,0,ACM-SVM,spurious_events,0.05,0.8333333,0.9234375,3200
fcc,1,0,ACM-SVM,spurious_events,0.05,1.0,0.9134375,3200
fcc,1,0,ACM-SVM,spurious_events,0.1,0.1666667,0.3478125,3200
fcc,1,0,ACM-SVM,spurious_events,0.1,0.3333333,0.3478125,3200
fcc,1,0,ACM-SVM,spurious_events,0.1,0.5,0.596875,3200
fcc,1,0,ACM-SVM,spurious_events,0.1,0.6666667,0.788125,3200
fcc,1,0,ACM-SVM,spurious_events,0.1,0.8333333,0.8121875,3200
fcc,1,0,ACM-SVM,spurious_events,0.1,1.0,0.744375,3200
fcc,1,0,ACM-SVM,spurious_events,0.15,0.1666667,0.3446875,3200
fcc,1,0,ACM-SVM,spurious_events,0.15,0.3333333,0.3446875,3200
fcc,1,0,ACM-SVM,spurious_events,0.15,0.5,0.56125,3200
fcc,1,0,ACM-SVM,spurious_events,0.15,0.6666667,0.714375,3200
fcc,1,0,ACM-SVM,spurious_events,0.15,0.8333333,0.70625,3200
fcc,1,0,ACM-SVM,spurious_events,0.15,1.0,0.6265625,3200
fcc,1,0,ACM-SVM,spurious_events,0.2,0.1666667,0.336875,3200
fcc,1,0,ACM-SVM,spurious_events,0.2,0.3333333,0.336875,3200
fcc,1,0,ACM-SVM,spurious_events,0.2,0.5,0.5253125,3200
fcc,1,0,ACM-SVM,spurious_events,0.2,0.6666667,0.6553125,3200
fcc,1,0,ACM-SVM,spurious_events,0.2,0.8333333,0.6309375,3200
fcc,1,0,ACM-SVM,spurious_events,0.2,1.0,0.5209375,3200
fcc,1,0,ACM-SVM,spurious_events,0.25,0.1666667,0.333125,3200
fcc,1,0,ACM-SVM,spurious_events,0.25,0.3333333,0.333125,3200
fcc,1,0,ACM-SVM,spurious_events,0.25,0.5,0.51125,3200
fcc,1,0,ACM-SVM,spurious_events,0.25,0.6666667,0.5915625,3200
fcc,1,0,ACM-SVM,spurious_events,0.25,0.8333333,0.5553125,3200
fcc,1,0,ACM-SVM,spurious_events,0.25,1.0,0.4346875,3200
fcc,1,0,ACM-SVM,spurious_events,0.3,0.1666667,0.325625,3200
fcc,1,0,ACM-SVM,spurious_events,0.3,0.3333333,0.325625,3200
fcc,1,0,ACM-SVM,spurious_events,0.3,0.5,0.4790625,3200
fcc,1,0,ACM-SVM,spurious_events,0.3,0.6666667,0.55875,3200
fcc,1,0,ACM-SVM,spurious_events,0.3,0.8333333,0.508125,3200
fcc,1,0,ACM-SVM,spurious_events,0.3,1.0,0.385,3200
fcc,1,0,ACM-SVM,spurious_events,0.4,0.1666667,0.3178125,3200
fcc,1,0,ACM-SVM,spurious_events,0.4,0.3333333,0.3178125,3200
fcc,1,0,ACM-SVM,spurious_events,0.4,0.5,0.43375,3200
fcc,1,0,ACM-SVM,spurious_events,0.4,0.6666667,0.454375,3200
fcc,1,0,ACM-SVM,spurious_events,0.4,0.8333333,0.3903125,3200
fcc,1,0,ACM-SVM,spurious_events,0.4,1.0,0.281875,3200
fcc,1,0,ACM-SVM,spurious_events,0.5,0.1666667,0.3021875,3200
fcc,1,0,ACM-SVM,spurious_events,0.5,0.3333333,0.3021875,3200
fcc,1,0,ACM-SVM,spurious_events,0.5,0.5,0.3934375,3200
fcc,1,0,ACM-SVM,spurious_events,0.5,0.6666667,0.3784375,3200
fcc,1,0,ACM-SVM,spurious_events,0.5,0.8333333,0.31375,3200
fcc,1,0,ACM-SVM,spurious_events,0.5,1.0,0.2203125,3200
fcc,1,0,ACM-SVM,spurious_events,0.6,0.1666667,0.3003125,3200
fcc,1,0,ACM-SVM,spurious_events,0.6,0.3333333,0.3003125,3200
fcc,1,0,ACM-SVM,spurious_events,0.6,0.5,0.3634375,3200
fcc,1,0,ACM-SVM,spurious_events,0.6,0.6666667,0.365625,3200
fcc,1,0,ACM-SVM,spurious_events,0.6,0.8333333,0.2915625,3200
fcc,1,0,ACM-SVM,spurious_events,0.6,1.0,0.1896875,3200
fcc,1,0,ACM-SVM,spurious_events,0.7,0.1666667,0.2909375,3200
fcc,1,0,ACM-SVM,spurious_events,0.7,0.3333333,0.2909375,3200
fcc,1,0,ACM-SVM,spurious_events,0.7,0.5,0.3396875,3200
fcc,1,0,ACM-SVM,spurious_events,0.7,0.6666667,0.3178125,3200
fcc,1,0,ACM-SVM,spurious_events,0.7,0.8333333,0.2475,3200
fcc,1,0,ACM-SVM,spurious_events,0.7,1.0,0.1584375,3200
fcc,1,0,ACM-SVM,spurious_events,0.8,0.1666667,0.2815625,3200
fcc,1,0,ACM-SVM,spurious_events,0.8,0.3333333,0.2815625,3200
fcc,1,0,ACM-SVM,spurious_events,0.8,0.5,0.303125,3200
fcc,1,0,ACM-SVM,spurious_events,0.8,0.6666667,0.2696875,3200
fcc,1,0,ACM-SVM,spurious_events,0.8,0.8333333,0.219375,3200
fcc,1,0,ACM-SVM,spurious_events,0.8,1.0,0.140625,3200
fcc,1,0,ACM-SVM,spurious_events,0.9,0.1666667,0.2778125,3200
fcc,1,0,ACM-SVM,spurious_events,0.9,0.3333333,0.2778125,3200
fcc,1,0,ACM-SVM,spurious_events,0.9,0.5,0.29125,3200
fcc,1,0,ACM-SVM,spurious_events,0.9,0.6666667,0.2484375,3200
fcc,1,0,ACM-SVM,spurious_events,0.9,0.8333333,0.1859375,3200
fcc,1,0,ACM-SVM,spurious_events,0.9,1.0,0.1221875,3200
fcc,1,0,ACM-SVM,timing_uncertainty,0.0,0.1666667,0.359375,3200
fcc,1,0,ACM-SVM,timing_uncertainty,0.0,0.3333333,0.359375,3200
fcc,1,0,ACM-SVM,timing_uncertainty,0.0,0.5,0.646875,3200
fcc,1,0,ACM-SVM,timing_uncertainty,0.0,0.6666667,0.90625,3200
fcc,1,0,ACM-SVM,timing_uncertainty,0.0,0.8333333,0.971875,3200
fcc,1,0,ACM-SVM,timing_uncertainty,0.0,1.0,0.9875,3200
fcc,1,0,ACM-SVM,timing_uncertainty,0.05,0.1666667,0.3603125,3200
fcc,1,0,ACM-SVM,timing_uncertainty,0.05,0.3333333,0.3603125,3200
fcc,1,0,ACM-SVM,timing_uncertainty,0.05,0.5,0.645625,3200
fcc,1,0,ACM-SVM,timing_uncertainty,0.05,0.6666667,0.90625,3200
fcc,1,0,ACM-SVM,timing_uncertainty,0.05,0.8333333,0.97125,3200
fcc,1,0,ACM-SVM,timing_uncertainty,0.05,1.0,0.9865625,3200
fcc,1,0,ACM-SVM,timing_uncertainty,0.1,0.1666667,0.3590625,3200
fcc,1,0,ACM-SVM,timing_uncertainty,0.1,0.3333333,0.3590625,3200
fcc,1,0,ACM-SVM,timing_uncertainty,0.1,0.5,0.6440625,3200
fcc,1,0,ACM-SVM,timing_uncertainty,0.1,0.6666667,0.9040625,3200
fcc,1,0,ACM-SVM,timing_uncertainty,0.1,0.8333333,0.9721875,3200
fcc,1,0,ACM-SVM,timing_uncertainty,0.1,1.0,0.9875,3200
fcc,1,0,ACM-SVM,timing_uncertainty,0.15,0.1666667,0.3546875,3200
fcc,1,0,ACM-SVM,timing_uncertainty,0.15,0.3333333,0.3546875,3200
fcc,1,0,ACM-SVM,timing_uncertainty,0.15,0.5,0.64125,3200
fcc,1,0,ACM-SVM,timing_uncertainty,0.15,0.6666667,0.899375,3200
fcc,1,0,ACM-SVM,timing_uncertainty,0.15,0.8333333,0.9696875,3200
fcc,1,0,ACM-SVM,timing_uncertainty,0.15,1.0,0.984375,3200
fcc,1,0,ACM-SVM,timing_uncertainty,0.2,0.1666667,0.3521875,3200
fcc,1,0,ACM-SVM,timing_uncertainty,0.2,0.3333333,0.3521875,3200
fcc,1,0,ACM-SVM,timing_uncertainty,0.2,0.5,0.6409375,3200
fcc,1,0,ACM-SVM,timing_uncertainty,0.2,0.6666667,0.895625,3200
fcc,1,0,ACM-SVM,timing_uncertainty,0.2,0.8333333,0.9675,3200
fcc,1,0,ACM-SVM,timing_uncertainty,0.2,1.0,0.9821875,3200
fcc,1,0,ACM-SVM,timing_uncertainty,0.25,0.1666667,0.3490625,3200
fcc,1,0,ACM-SVM,timing_uncertainty,0.25,0.3333333,0.3490625,3200
fcc,1,0,ACM-SVM,timing_uncertainty,0.25,0.5,0.6384375,3200
fcc,1,0,ACM-SVM,timing_uncertainty,0.25,0.6666667,0.885625,3200
fcc,1,0,ACM-SVM,timing_uncertainty,0.25,0.8333333,0.9603125,3200
fcc,1,0,ACM-SVM,timing_uncertainty,0.25,1.0,0.9746875,3200
fcc,1,0,ACM-SVM,timing_uncertainty,0.3,0.1666667,0.3428125,3200
fcc,1,0,ACM-SVM,timing_uncertainty,0.3,0.3333333,0.3428125,3200
fcc,1,0,ACM-SVM,timing_uncertainty,0.3,0.5,0.630625,3200
fcc,1,0,ACM-SVM,timing_uncertainty,0.3,0.6666667,0.8790625,3200
fcc,1,0,ACM-SVM,timing_uncertainty,0.3,0.8333333,0.95375,3200
fcc,1,0,ACM-SVM,timing_uncertainty,0.3,1.0,0.9696875,3200
fcc,1,0,ACM-SVM,timing_uncertainty,0.4,0.1666667,0.33375,3200
fcc,1,0,ACM-SVM,timing_uncertainty,0.4,0.3333333,0.33375,3200
fcc,1,0,ACM-SVM,timing_uncertainty,0.4,0.5,0.61,3200
fcc,1,0,ACM-SVM,timing_uncertainty,0.4,0.6666667,0.8640625,3200
fcc,1,0,ACM-SVM,timing_uncertainty,0.4,0.8333333,0.94,3200
fcc,1,0,ACM-SVM,timing_uncertainty,0.4,1.0,0.95125,3200
fcc,1,0,ACM-SVM,timing_uncertainty,0.5,0.1666667,0.3175,3200
fcc,1,0,ACM-SVM,timing_uncertainty,0.5,0.3333333,0.3175,3200
fcc,1,0,ACM-SVM,timing_uncertainty,0.5,0.5,0.6021875,3200
fcc,1,0,ACM-SVM,timing_uncertainty,0.5,0.6666667,0.846875,3200
fcc,1,0,ACM-SVM,timing_uncertainty,0.5,0.8333333,0.9253125,3200
fcc,1,0,ACM-SVM,timing_uncertainty,0.5,1.0,0.935,3200
fcc,1,0,ACM-SVM,timing_uncertainty,0.6,0.1666667,0.3040625,3200
fcc,1,0,ACM-SVM,timing_uncertainty,0.6,0.3333333,0.3040625,3200
fcc,1,0,ACM-SVM,timing_uncertainty,0.6,0.5,0.5890625,3200
fcc,1,0,ACM-SVM,timing_uncertainty,0.6,0.6666667,0.83625,3200
fcc,1,0,ACM-SVM,timing_uncertainty,0.6,0.8333333,0.906875,3200
fcc,1,0,ACM-SVM,timing_uncertainty,0.6,1.0,0.918125,3200
fcc,1,0,ACM-SVM,timing_uncertainty,0.7,0.1666667,0.295,3200
fcc,1,0,ACM-SVM,timing_uncertainty,0.7,0.3333333,0.295,3200
fcc,1,0,ACM-SVM,timing_uncertainty,0.7,0.5,0.5778125,3200
fcc,1,0,ACM-SVM,timing_uncertainty,0.7,0.6666667,0.81875,3200
fcc,1,0,ACM-SVM,timing_uncertainty,0.7,0.8333333,0.9003125,3200
fcc,1,0,ACM-SVM,timing_uncertainty,0.7,1.0,0.9128125,3200
fcc,1,0,ACM-SVM,timing_uncertainty,0.8,0.1666667,0.279375,3200
fcc,1,0,ACM-SVM,timing_uncertainty,0.8,0.3333333,0.279375,3200
fcc,1,0,ACM-SVM,timing_uncertainty,0.8,0.5,0.559375,3200
fcc,1,0,ACM-SVM,timing_uncertainty,0.8,0.6666667,0.79125,3200
fcc,1,0,ACM-SVM,timing_uncertainty,0.8,0.8333333,0.875,3200
fcc,1,0,ACM-SVM,timing_uncertainty,0.8,1.0,0.88625,3200
fcc,1,0,ACM-SVM,timing_uncertainty,0.9,0.1666667,0.2678125,3200
fcc,1,0,ACM-SVM,timing_uncertainty,0.9,0.3333333,0.2678125,3200
fcc,1,0,ACM-SVM,timing_uncertainty,0.9,0.5,0.5465625,3200
fcc,1,0,ACM-SVM,timing_uncertainty,0.9,0.6666667,0.773125,3200
fcc,1,0,ACM-SVM,timing_uncertainty,0.9,0.8333333,0.8628125,3200
fcc,1,0,ACM-SVM,timing_uncertainty,0.9,1.0,0.8709375,3200
fcc,1,0,CASIM-prefix,late_time_delay,0.0,0.1666667,0.953125,3200
fcc,1,0,CASIM-prefix,late_time_delay,0.0,0.3333333,0.953125,3200
fcc,1,0,CASIM-prefix,late_time_delay,0.0,0.5,1.0,3200
fcc,1,0,CASIM-prefix,late_time_delay,0.0,0.6666667,1.0,3200
fcc,1,0,CASIM-prefix,late_time_delay,0.0,0.8333333,1.0,3200
fcc,1,0,CASIM-prefix,late_time_delay,0.0,1.0,1.0,3200
fcc,1,0,CASIM-prefix,late_time_delay,0.05,0.1666667,0.30625,3200
fcc,1,0,CASIM-prefix,late_time_delay,0.05,0.3333333,0.30625,3200
fcc,1,0,CASIM-prefix,late_time_delay,0.05,0.5,0.478125,3200
fcc,1,0,CASIM-prefix,late_time_delay,0.05,0.6666667,0.603125,3200
fcc,1,0,CASIM-prefix,late_time_delay,0.05,0.8333333,0.671875,3200
fcc,1,0,CASIM-prefix,late_time_delay,0.05,1.0,0.690625,3200
fcc,1,0,CASIM-prefix,late_time_delay,0.1,0.1666667,0.228125,3200
fcc,1,0,CASIM-prefix,late_time_delay,0.1,0.3333333,0.228125,3200
fcc,1,0,CASIM-prefix,late_time_delay,0.1,0.5,0.35625,3200
fcc,1,0,CASIM-prefix,late_time_delay,0.1,0.6666667,0.465625,3200
fcc,1,0,CASIM-prefix,late_time_delay,0.1,0.8333333,0.525,3200
fcc,1,0,CASIM-prefix,late_time_delay,0.1,1.0,0.553125,3200
fcc,1,0,CASIM-prefix,late_time_delay,0.15,0.1666667,0.10625,3200
fcc,1,0,CASIM-prefix,late_time_delay,0.15,0.3333333,0.10625,3200
fcc,1,0,CASIM-prefix,late_time_delay,0.15,0.5,0.184375,3200
fcc,1,0,CASIM-prefix,late_time_delay,0.15,0.6666667,0.30625,3200
fcc,1,0,CASIM-prefix,late_time_delay,0.15,0.8333333,0.375,3200
fcc,1,0,CASIM-prefix,late_time_delay,0.15,1.0,0.475,3200
fcc,1,0,CASIM-prefix,late_time_delay,0.2,0.1666667,0.078125,3200
fcc,1,0,CASIM-prefix,late_time_delay,0.2,0.3333333,0.078125,3200
fcc,1,0,CASIM-prefix,late_time_delay,0.2,0.5,0.125,3200
fcc,1,0,CASIM-prefix,late_time_delay,0.2,0.6666667,0.221875,3200
fcc,1,0,CASIM-prefix,late_time_delay,0.2,0.8333333,0.221875,3200
fcc,1,0,CASIM-prefix,late_time_delay,0.2,1.0,0.415625,3200
fcc,1,0,CASIM-prefix,late_time_delay,0.25,0.1666667,0.10625,3200
fcc,1,0,CASIM-prefix,late_time_delay,0.25,0.3333333,0.10625,3200
fcc,1,0,CASIM-prefix,late_time_delay,0.25,0.5,0.090625,3200
fcc,1,0,CASIM-prefix,late_time_delay,0.25,0.6666667,0.090625,3200
fcc,1,0,CASIM-prefix,late_time_delay,0.25,0.8333333,0.221875,3200
fcc,1,0,CASIM-prefix,late_time_delay,0.25,1.0,0.34375,3200
fcc,1,0,CASIM-prefix,late_time_delay,0.3,0.1666667,0.10625,3200
fcc,1,0,CASIM-prefix,late_time_delay,0.3,0.3333333,0.10625,3200
fcc,1,0,CASIM-prefix,late_time_delay,0.3,0.5,0.06875,3200
fcc,1,0,CASIM-prefix,late_time_delay,0.3,0.6666667,0.06875,3200
fcc,1,0,CASIM-prefix,late_time_delay,0.3,0.8333333,0.16875,3200
fcc,1,0,CASIM-prefix,late_time_delay,0.3,1.0,0.278125,3200
fcc,1,0,CASIM-prefix,late_time_delay,0.4,0.1666667,0.071875,3200
fcc,1,0,CASIM-prefix,late_time_delay,0.4,0.3333333,0.071875,3200
fcc,1,0,CASIM-prefix,late_time_delay,0.4,0.5,0.071875,3200
fcc,1,0,CASIM-prefix,late_time_delay,0.4,0.6666667,0.078125,3200
fcc,1,0,CASIM-prefix,late_time_delay,0.4,0.8333333,0.078125,3200
fcc,1,0,CASIM-prefix,late_time_delay,0.4,1.0,0.134375,3200
fcc,1,0,CASIM-prefix,late_time_delay,0.5,0.1666667,0.05,3200
fcc,1,0,CASIM-prefix,late_time_delay,0.5,0.3333333,0.05,3200
fcc,1,0,CASIM-prefix,late_time_delay,0.5,0.5,0.05,3200
fcc,1,0,CASIM-prefix,late_time_delay,0.5,0.6666667,0.065625,3200
fcc,1,0,CASIM-prefix,late_time_delay,0.5,0.8333333,0.096875,3200
fcc,1,0,CASIM-prefix,late_time_delay,0.5,1.0,0.1125,3200
fcc,1,0,CASIM-prefix,late_time_delay,0.6,0.1666667,0.040625,3200
fcc,1,0,CASIM-prefix,late_time_delay,0.6,0.3333333,0.040625,3200
fcc,1,0,CASIM-prefix,late_time_delay,0.6,0.5,0.040625,3200
fcc,1,0,CASIM-prefix,late_time_delay,0.6,0.6666667,0.05625,3200
fcc,1,0,CASIM-prefix,late_time_delay,0.6,0.8333333,0.05625,3200
fcc,1,0,CASIM-prefix,late_time_delay,0.6,1.0,0.09375,3200
fcc,1,0,CASIM-prefix,late_time_delay,0.7,0.1666667,0.046875,3200
fcc,1,0,CASIM-prefix,late_time_delay,0.7,0.3333333,0.046875,3200
fcc,1,0,CASIM-prefix,late_time_delay,0.7,0.5,0.046875,3200
fcc,1,0,CASIM-prefix,late_time_delay,0.7,0.6666667,0.0625,3200
fcc,1,0,CASIM-prefix,late_time_delay,0.7,0.8333333,0.0625,3200
fcc,1,0,CASIM-prefix,late_time_delay,0.7,1.0,0.1,3200
fcc,1,0,CASIM-prefix,late_time_delay,0.8,0.1666667,0.053125,3200
fcc,1,0,CASIM-prefix,late_time_delay,0.8,0.3333333,0.053125,3200
fcc,1,0,CASIM-prefix,late_time_delay,0.8,0.5,0.053125,3200
fcc,1,0,CASIM-prefix,late_time_delay,0.8,0.6666667,0.06875,3200
fcc,1,0,CASIM-prefix,late_time_delay,0.8,0.8333333,0.06875,3200
fcc,1,0,CASIM-prefix,late_time_delay,0.8,1.0,0.084375,3200
fcc,1,0,CASIM-prefix,late_time_delay,0.9,0.1666667,0.053125,3200
fcc,1,0,CASIM-prefix,late_time_delay,0.9,0.3333333,0.053125,3200
fcc,1,0,CASIM-prefix,late_time_delay,0.9,0.5,0.053125,3200
fcc,1,0,CASIM-prefix,late_time_delay,0.9,0.6666667,0.06875,3200
fcc,1,0,CASIM-prefix,late_time_delay,0.9,0.8333333,0.06875,3200
fcc,1,0,CASIM-prefix,late_time_delay,0.9,1.0,0.078125,3200
fcc,1,0,CASIM-prefix,missing_events,0.0,0.1666667,0.953125,3200
fcc,1,0,CASIM-prefix,missing_events,0.0,0.3333333,0.953125,3200
fcc,1,0,CASIM-prefix,missing_events,0.0,0.5,1.0,3200
fcc,1,0,CASIM-prefix,missing_events,0.0,0.6666667,1.0,3200
fcc,1,0,CASIM-prefix,missing_events,0.0,0.8333333,1.0,3200
fcc,1,0,CASIM-prefix,missing_events,0.0,1.0,1.0,3200
fcc,1,0,CASIM-prefix,missing_events,0.05,0.1666667,0.951875,3200
fcc,1,0,CASIM-prefix,missing_events,0.05,0.3333333,0.951875,3200
fcc,1,0,CASIM-prefix,missing_events,0.05,0.5,0.9984375,3200
fcc,1,0,CASIM-prefix,missing_events,0.05,0.6666667,0.995625,3200
fcc,1,0,CASIM-prefix,missing_events,0.05,0.8333333,0.999375,3200
fcc,1,0,CASIM-prefix,missing_events,0.05,1.0,0.999375,3200
fcc,1,0,CASIM-prefix,missing_events,0.1,0.1666667,0.9196875,3200
fcc,1,0,CASIM-prefix,missing_events,0.1,0.3333333,0.9196875,3200
fcc,1,0,CASIM-prefix,missing_events,0.1,0.5,0.9696875,3200
fcc,1,0,CASIM-prefix,missing_events,0.1,0.6666667,0.97125,3200
fcc,1,0,CASIM-prefix,missing_events,0.1,0.8333333,0.9909375,3200
fcc,1,0,CASIM-prefix,missing_events,0.1,1.0,0.99125,3200
fcc,1,0,CASIM-prefix,missing_events,0.15,0.1666667,0.8984375,3200
fcc,1,0,CASIM-prefix,missing_events,0.15,0.3333333,0.8984375,3200
fcc,1,0,CASIM-prefix,missing_events,0.15,0.5,0.9446875,3200
fcc,1,0,CASIM-prefix,missing_events,0.15,0.6666667,0.9528125,3200
fcc,1,0,CASIM-prefix,missing_events,0.15,0.8333333,0.98,3200
fcc,1,0,CASIM-prefix,missing_events,0.15,1.0,0.984375,3200
fcc,1,0,CASIM-prefix,missing_events,0.2,0.1666667,0.8653125,3200
fcc,1,0,CASIM-prefix,missing_events,0.2,0.3333333,0.8653125,3200
fcc,1,0,CASIM-prefix,missing_events,0.2,0.5,0.9134375,3200
fcc,1,0,CASIM-prefix,missing_events,0.2,0.6666667,0.9175,3200
fcc,1,0,CASIM-prefix,missing_events,0.2,0.8333333,0.9521875,3200
fcc,1,0,CASIM-prefix,missing_events,0.2,1.0,0.96375,3200
fcc,1,0,CASIM-prefix,missing_events,0.25,0.1666667,0.81625,3200
fcc,1,0,CASIM-prefix,missing_events,0.25,0.3333333,0.81625,3200
fcc,1,0,CASIM-prefix,missing_events,0.25,0.5,0.86875,3200
fcc,1,0,CASIM-prefix,missing_events,0.25,0.6666667,0.883125,3200
fcc,1,0,CASIM-prefix,missing_events,0.25,0.8333333,0.9190625,3200
fcc,1,0,CASIM-prefix,missing_events,0.25,1.0,0.9403125,3200
fcc,1,0,CASIM-prefix,missing_events,0.3,0.1666667,0.773125,3200
fcc,1,0,CASIM-prefix,missing_events,0.3,0.3333333,0.773125,3200
fcc,1,0,CASIM-prefix,missing_events,0.3,0.5,0.82625,3200
fcc,1,0,CASIM-prefix,missing_events,0.3,0.6666667,0.854375,3200
fcc,1,0,CASIM-prefix,missing_events,0.3,0.8333333,0.8915625,3200
fcc,1,0,CASIM-prefix,missing_events,0.3,1.0,0.9159375,3200
fcc,1,0,CASIM-prefix,missing_events,0.4,0.1666667,0.6859375,3200
fcc,1,0,CASIM-prefix,missing_events,0.4,0.3333333,0.6859375,3200
fcc,1,0,CASIM-prefix,missing_events,0.4,0.5,0.71,3200
fcc,1,0,CASIM-prefix,missing_events,0.4,0.6666667,0.766875,3200
fcc,1,0,CASIM-prefix,missing_events,0.4,0.8333333,0.7909375,3200
fcc,1,0,CASIM-prefix,missing_events,0.4,1.0,0.839375,3200
fcc,1,0,CASIM-prefix,missing_events,0.5,0.1666667,0.57625,3200
fcc,1,0,CASIM-prefix,missing_events,0.5,0.3333333,0.57625,3200
fcc,1,0,CASIM-prefix,missing_events,0.5,0.5,0.57625,3200
fcc,1,0,CASIM-prefix,missing_events,0.5,0.6666667,0.65875,3200
fcc,1,0,CASIM-prefix,missing_events,0.5,0.8333333,0.6746875,3200
fcc,1,0,CASIM-prefix,missing_events,0.5,1.0,0.7259375,3200
fcc,1,0,CASIM-prefix,missing_events,0.6,0.1666667,0.4628125,3200
fcc,1,0,CASIM-prefix,missing_events,0.6,0.3333333,0.4628125,3200
fcc,1,0,CASIM-prefix,missing_events,0.6,0.5,0.4403125,3200
fcc,1,0,CASIM-prefix,missing_events,0.6,0.6666667,0.5515625,3200
fcc,1,0,CASIM-prefix,missing_events,0.6,0.8333333,0.554375,3200
fcc,1,0,CASIM-prefix,missing_events,0.6,1.0,0.6040625,3200
fcc,1,0,CASIM-prefix,missing_events,0.7,0.1666667,0.3640625,3200
fcc,1,0,CASIM-prefix,missing_events,0.7,0.3333333,0.3640625,3200
fcc,1,0,CASIM-prefix,missing_events,0.7,0.5,0.3178125,3200
fcc,1,0,CASIM-prefix,missing_events,0.7,0.6666667,0.4275,3200
fcc,1,0,CASIM-prefix,missing_events,0.7,0.8333333,0.4328125,3200
fcc,1,0,CASIM-prefix,missing_events,0.7,1.0,0.4640625,3200
fcc,1,0,CASIM-prefix,missing_events,0.8,0.1666667,0.265625,3200
fcc,1,0,CASIM-prefix,missing_events,0.8,0.3333333,0.265625,3200
fcc,1,0,CASIM-prefix,missing_events,0.8,0.5,0.2184375,3200
fcc,1,0,CASIM-prefix,missing_events,0.8,0.6666667,0.301875,3200
fcc,1,0,CASIM-prefix,missing_events,0.8,0.8333333,0.3071875,3200
fcc,1,0,CASIM-prefix,missing_events,0.8,1.0,0.3240625,3200
fcc,1,0,CASIM-prefix,missing_events,0.9,0.1666667,0.169375,3200
fcc,1,0,CASIM-prefix,missing_events,0.9,0.3333333,0.169375,3200
fcc,1,0,CASIM-prefix,missing_events,0.9,0.5,0.1275,3200
fcc,1,0,CASIM-prefix,missing_events,0.9,0.6666667,0.1828125,3200
fcc,1,0,CASIM-prefix,missing_events,0.9,0.8333333,0.1903125,3200
fcc,1,0,CASIM-prefix,missing_events,0.9,1.0,0.1959375,3200
fcc,1,0,CASIM-prefix,mixed_missing_spurious,0.0,0.1666667,0.953125,3200
fcc,1,0,CASIM-prefix,mixed_missing_spurious,0.0,0.3333333,0.953125,3200
fcc,1,0,CASIM-prefix,mixed_missing_spurious,0.0,0.5,1.0,3200
fcc,1,0,CASIM-prefix,mixed_missing_spurious,0.0,0.6666667,1.0,3200
fcc,1,0,CASIM-prefix,mixed_missing_spurious,0.0,0.8333333,1.0,3200
fcc,1,0,CASIM-prefix,mixed_missing_spurious,0.0,1.0,1.0,3200
fcc,1,0,CASIM-prefix,mixed_missing_spurious,0.05,0.1666667,0.9475,3200
fcc,1,0,CASIM-prefix,mixed_missing_spurious,0.05,0.3333333,0.9475,3200
fcc,1,0,CASIM-prefix,mixed_missing_spurious,0.05,0.5,0.990625,3200
fcc,1,0,CASIM-prefix,mixed_missing_spurious,0.05,0.6666667,0.984375,3200
fcc,1,0,CASIM-prefix,mixed_missing_spurious,0.05,0.8333333,0.996875,3200
fcc,1,0,CASIM-prefix,mixed_missing_spurious,0.05,1.0,0.9946875,3200
fcc,1,0,CASIM-prefix,mixed_missing_spurious,0.1,0.1666667,0.915,3200
fcc,1,0,CASIM-prefix,mixed_missing_spurious,0.1,0.3333333,0.915,3200
fcc,1,0,CASIM-prefix,mixed_missing_spurious,0.1,0.5,0.9459375,3200
fcc,1,0,CASIM-prefix,mixed_missing_spurious,0.1,0.6666667,0.935625,3200
fcc,1,0,CASIM-prefix,mixed_missing_spurious,0.1,0.8333333,0.9775,3200
fcc,1,0,CASIM-prefix,mixed_missing_spurious,0.1,1.0,0.9675,3200
fcc,1,0,CASIM-prefix,mixed_missing_spurious,0.15,0.1666667,0.8740625,3200
fcc,1,0,CASIM-prefix,mixed_missing_spurious,0.15,0.3333333,0.8740625,3200
fcc,1,0,CASIM-prefix,mixed_missing_spurious,0.15,0.5,0.9078125,3200
fcc,1,0,CASIM-prefix,mixed_missing_spurious,0.15,0.6666667,0.895,3200
fcc,1,0,CASIM-prefix,mixed_missing_spurious,0.15,0.8333333,0.95375,3200
fcc,1,0,CASIM-prefix,mixed_missing_spurious,0.15,1.0,0.939375,3200
fcc,1,0,CASIM-prefix,mixed_missing_spurious,0.2,0.1666667,0.8240625,3200
fcc,1,0,CASIM-prefix,mixed_missing_spurious,0.2,0.3333333,0.8240625,3200
fcc,1,0,CASIM-prefix,mixed_missing_spurious,0.2,0.5,0.8421875,3200
fcc,1,0,CASIM-prefix,mixed_missing_spurious,0.2,0.6666667,0.830625,3200
fcc,1,0,CASIM-prefix,mixed_missing_spurious,0.2,0.8333333,0.9,3200
fcc,1,0,CASIM-prefix,mixed_missing_spurious,0.2,1.0,0.9025,3200
fcc,1,0,CASIM-prefix,mixed_missing_spurious,0.25,0.1666667,0.7884375,3200
fcc,1,0,CASIM-prefix,mixed_missing_spurious,0.25,0.3333333,0.7884375,3200
fcc,1,0,CASIM-prefix,mixed_missing_spurious,0.25,0.5,0.8059375,3200
fcc,1,0,CASIM-prefix,mixed_missing_spurious,0.25,0.6666667,0.79,3200
fcc,1,0,CASIM-prefix,mixed_missing_spurious,0.25,0.8333333,0.86375,3200
fcc,1,0,CASIM-prefix,mixed_missing_spurious,0.25,1.0,0.846875,3200
fcc,1,0,CASIM-prefix,mixed_missing_spurious,0.3,0.1666667,0.7265625,3200
fcc,1,0,CASIM-prefix,mixed_missing_spurious,0.3,0.3333333,0.7265625,3200
fcc,1,0,CASIM-prefix,mixed_missing_spurious,0.3,0.5,0.7434375,3200
fcc,1,0,CASIM-prefix,mixed_missing_spurious,0.3,0.6666667,0.7471875,3200
fcc,1,0,CASIM-prefix,mixed_missing_spurious,0.3,0.8333333,0.8053125,3200
fcc,1,0,CASIM-prefix,mixed_missing_spurious,0.3,1.0,0.8075,3200
fcc,1,0,CASIM-prefix,mixed_missing_spurious,0.4,0.1666667,0.6215625,3200
fcc,1,0,CASIM-prefix,mixed_missing_spurious,0.4,0.3333333,0.6215625,3200
fcc,1,0,CASIM-prefix,mixed_missing_spurious,0.4,0.5,0.629375,3200
fcc,1,0,CASIM-prefix,mixed_missing_spurious,0.4,0.6666667,0.64375,3200
fcc,1,0,CASIM-prefix,mixed_missing_spurious,0.4,0.8333333,0.6928125,3200
fcc,1,0,CASIM-prefix,mixed_missing_spurious,0.4,1.0,0.6928125,3200
fcc,1,0,CASIM-prefix,mixed_missing_spurious,0.5,0.1666667,0.52125,3200
fcc,1,0,CASIM-prefix,mixed_missing_spurious,0.5,0.3333333,0.52125,3200
fcc,1,0,CASIM-prefix,mixed_missing_spurious,0.5,0.5,0.498125,3200
fcc,1,0,CASIM-prefix,mixed_missing_spurious,0.5,0.6666667,0.53625,3200
fcc,1,0,CASIM-prefix,mixed_missing_spurious,0.5,0.8333333,0.5725,3200
fcc,1,0,CASIM-prefix,mixed_missing_spurious,0.5,1.0,0.5678125,3200
fcc,1,0,CASIM-prefix,mixed_missing_spurious,0.6,0.1666667,0.439375,3200
fcc,1,0,CASIM-prefix,mixed_missing_spurious,0.6,0.3333333,0.439375,3200
fcc,1,0,CASIM-prefix,mixed_missing_spurious,0.6,0.5,0.3975,3200
fcc,1,0,CASIM-prefix,mixed_missing_spurious,0.6,0.6666667,0.468125,3200
fcc,1,0,CASIM-prefix,mixed_missing_spurious,0.6,0.8333333,0.4625,3200
fcc,1,0,CASIM-prefix,mixed_missing_spurious,0.6,1.0,0.4715625,3200
fcc,1,0,CASIM-prefix,mixed_missing_spurious,0.7,0.1666667,0.3475,3200
fcc,1,0,CASIM-prefix,mixed_missing_spurious,0.7,0.3333333,0.3475,3200
fcc,1,0,CASIM-prefix,mixed_missing_spurious,0.7,0.5,0.2940625,3200
fcc,1,0,CASIM-prefix,mixed_missing_spurious,0.7,0.6666667,0.385625,3200
fcc,1,0,CASIM-prefix,mixed_missing_spurious,0.7,0.8333333,0.379375,3200
fcc,1,0,CASIM-prefix,mixed_missing_spurious,0.7,1.0,0.3803125,3200
fcc,1,0,CASIM-prefix,mixed_missing_spurious,0.8,0.1666667,0.24625,3200
fcc,1,0,CASIM-prefix,mixed_missing_spurious,0.8,0.3333333,0.24625,3200
fcc,1,0,CASIM-prefix,mixed_missing_spurious,0.8,0.5,0.20375,3200
fcc,1,0,CASIM-prefix,mixed_missing_spurious,0.8,0.6666667,0.2753125,3200
fcc,1,0,CASIM-prefix,mixed_missing_spurious,0.8,0.8333333,0.2628125,3200
fcc,1,0,CASIM-prefix,mixed_missing_spurious,0.8,1.0,0.2846875,3200
fcc,1,0,CASIM-prefix,mixed_missing_spurious,0.9,0.1666667,0.1640625,3200
fcc,1,0,CASIM-prefix,mixed_missing_spurious,0.9,0.3333333,0.1640625,3200
fcc,1,0,CASIM-prefix,mixed_missing_spurious,0.9,0.5,0.1321875,3200
fcc,1,0,CASIM-prefix,mixed_missing_spurious,0.9,0.6666667,0.1803125,3200
fcc,1,0,CASIM-prefix,mixed_missing_spurious,0.9,0.8333333,0.1834375,3200
fcc,1,0,CASIM-prefix,mixed_missing_spurious,0.9,1.0,0.191875,3200
fcc,1,0,CASIM-prefix,mixed_spurious_timing_late,0.0,0.1666667,0.953125,3200
fcc,1,0,CASIM-prefix,mixed_spurious_timing_late,0.0,0.3333333,0.953125,3200
fcc,1,0,CASIM-prefix,mixed_spurious_timing_late,0.0,0.5,1.0,3200
fcc,1,0,CASIM-prefix,mixed_spurious_timing_late,0.0,0.6666667,1.0,3200
fcc,1,0,CASIM-prefix,mixed_spurious_timing_late,0.0,0.8333333,1.0,3200
fcc,1,0,CASIM-prefix,mixed_spurious_timing_late,0.0,1.0,1.0,3200
fcc,1,0,CASIM-prefix,mixed_spurious_timing_late,0.05,0.1666667,0.3028125,3200
fcc,1,0,CASIM-prefix,mixed_spurious_timing_late,0.05,0.3333333,0.3028125,3200
fcc,1,0,CASIM-prefix,mixed_spurious_timing_late,0.05,0.5,0.4690625,3200
fcc,1,0,CASIM-prefix,mixed_spurious_timing_late,0.05,0.6666667,0.5959375,3200
fcc,1,0,CASIM-prefix,mixed_spurious_timing_late,0.05,0.8333333,0.6646875,3200
fcc,1,0,CASIM-prefix,mixed_spurious_timing_late,0.05,1.0,0.6834375,3200
fcc,1,0,CASIM-prefix,mixed_spurious_timing_late,0.1,0.1666667,0.2234375,3200
fcc,1,0,CASIM-prefix,mixed_spurious_timing_late,0.1,0.3333333,0.2234375,3200
fcc,1,0,CASIM-prefix,mixed_spurious_timing_late,0.1,0.5,0.334375,3200
fcc,1,0,CASIM-prefix,mixed_spurious_timing_late,0.1,0.6666667,0.43875,3200
fcc,1,0,CASIM-prefix,mixed_spurious_timing_late,0.1,0.8333333,0.52125,3200
fcc,1,0,CASIM-prefix,mixed_spurious_timing_late,0.1,1.0,0.536875,3200
fcc,1,0,CASIM-prefix,mixed_spurious_timing_late,0.15,0.1666667,0.100625,3200
fcc,1,0,CASIM-prefix,mixed_spurious_timing_late,0.15,0.3333333,0.100625,3200
fcc,1,0,CASIM-prefix,mixed_spurious_timing_late,0.15,0.5,0.176875,3200
fcc,1,0,CASIM-prefix,mixed_spurious_timing_late,0.15,0.6666667,0.2840625,3200
fcc,1,0,CASIM-prefix,mixed_spurious_timing_late,0.15,0.8333333,0.3521875,3200
fcc,1,0,CASIM-prefix,mixed_spurious_timing_late,0.15,1.0,0.4325,3200
fcc,1,0,CASIM-prefix,mixed_spurious_timing_late,0.2,0.1666667,0.0753125,3200
fcc,1,0,CASIM-prefix,mixed_spurious_timing_late,0.2,0.3333333,0.0753125,3200
fcc,1,0,CASIM-prefix,mixed_spurious_timing_late,0.2,0.5,0.110625,3200
fcc,1,0,CASIM-prefix,mixed_spurious_timing_late,0.2,0.6666667,0.2040625,3200
fcc,1,0,CASIM-prefix,mixed_spurious_timing_late,0.2,0.8333333,0.2040625,3200
fcc,1,0,CASIM-prefix,mixed_spurious_timing_late,0.2,1.0,0.3640625,3200
fcc,1,0,CASIM-prefix,mixed_spurious_timing_late,0.25,0.1666667,0.100625,3200
fcc,1,0,CASIM-prefix,mixed_spurious_timing_late,0.25,0.3333333,0.100625,3200
fcc,1,0,CASIM-prefix,mixed_spurious_timing_late,0.25,0.5,0.0834375,3200
fcc,1,0,CASIM-prefix,mixed_spurious_timing_late,0.25,0.6666667,0.0834375,3200
fcc,1,0,CASIM-prefix,mixed_spurious_timing_late,0.25,0.8333333,0.1909375,3200
fcc,1,0,CASIM-prefix,mixed_spurious_timing_late,0.25,1.0,0.279375,3200
fcc,1,0,CASIM-prefix,mixed_spurious_timing_late,0.3,0.1666667,0.0946875,3200
fcc,1,0,CASIM-prefix,mixed_spurious_timing_late,0.3,0.3333333,0.0946875,3200
fcc,1,0,CASIM-prefix,mixed_spurious_timing_late,0.3,0.5,0.0621875,3200
fcc,1,0,CASIM-prefix,mixed_spurious_timing_late,0.3,0.6666667,0.0621875,3200
fcc,1,0,CASIM-prefix,mixed_spurious_timing_late,0.3,0.8333333,0.1559375,3200
fcc,1,0,CASIM-prefix,mixed_spurious_timing_late,0.3,1.0,0.22,3200
fcc,1,0,CASIM-prefix,mixed_spurious_timing_late,0.4,0.1666667,0.0765625,3200
fcc,1,0,CASIM-prefix,mixed_spurious_timing_late,0.4,0.3333333,0.0765625,3200
fcc,1,0,CASIM-prefix,mixed_spurious_timing_late,0.4,0.5,0.0765625,3200
fcc,1,0,CASIM-prefix,mixed_spurious_timing_late,0.4,0.6666667,0.0765625,3200
fcc,1,0,CASIM-prefix,mixed_spurious_timing_late,0.4,0.8333333,0.0765625,3200
fcc,1,0,CASIM-prefix,mixed_spurious_timing_late,0.4,1.0,0.1075,3200
fcc,1,0,CASIM-prefix,mixed_spurious_timing_late,0.5,0.1666667,0.059375,3200
fcc,1,0,CASIM-prefix,mixed_spurious_timing_late,0.5,0.3333333,0.059375,3200
fcc,1,0,CASIM-prefix,mixed_spurious_timing_late,0.5,0.5,0.059375,3200
fcc,1,0,CASIM-prefix,mixed_spurious_timing_late,0.5,0.6666667,0.0621875,3200
fcc,1,0,CASIM-prefix,mixed_spurious_timing_late,0.5,0.8333333,0.08125,3200
fcc,1,0,CASIM-prefix,mixed_spurious_timing_late,0.5,1.0,0.084375,3200
fcc,1,0,CASIM-prefix,mixed_spurious_timing_late,0.6,0.1666667,0.05375,3200
fcc,1,0,CASIM-prefix,mixed_spurious_timing_late,0.6,0.3333333,0.05375,3200
fcc,1,0,CASIM-prefix,mixed_spurious_timing_late,0.6,0.5,0.05375,3200
fcc,1,0,CASIM-prefix,mixed_spurious_timing_late,0.6,0.6666667,0.0559375,3200
fcc,1,0,CASIM-prefix,mixed_spurious_timing_late,0.6,0.8333333,0.05625,3200
fcc,1,0,CASIM-prefix,mixed_spurious_timing_late,0.6,1.0,0.0771875,3200
fcc,1,0,CASIM-prefix,mixed_spurious_timing_late,0.7,0.1666667,0.060625,3200
fcc,1,0,CASIM-prefix,mixed_spurious_timing_late,0.7,0.3333333,0.060625,3200
fcc,1,0,CASIM-prefix,mixed_spurious_timing_late,0.7,0.5,0.060625,3200
fcc,1,0,CASIM-prefix,mixed_spurious_timing_late,0.7,0.6666667,0.0634375,3200
fcc,1,0,CASIM-prefix,mixed_spurious_timing_late,0.7,0.8333333,0.0634375,3200
fcc,1,0,CASIM-prefix,mixed_spurious_timing_late,0.7,1.0,0.074375,3200
fcc,1,0,CASIM-prefix,mixed_spurious_timing_late,0.8,0.1666667,0.0584375,3200
fcc,1,0,CASIM-prefix,mixed_spurious_timing_late,0.8,0.3333333,0.0584375,3200
fcc,1,0,CASIM-prefix,mixed_spurious_timing_late,0.8,0.5,0.0584375,3200
fcc,1,0,CASIM-prefix,mixed_spurious_timing_late,0.8,0.6666667,0.059375,3200
fcc,1,0,CASIM-prefix,mixed_spurious_timing_late,0.8,0.8333333,0.059375,3200
fcc,1,0,CASIM-prefix,mixed_spurious_timing_late,0.8,1.0,0.0665625,3200
fcc,1,0,CASIM-prefix,mixed_spurious_timing_late,0.9,0.1666667,0.06,3200
fcc,1,0,CASIM-prefix,mixed_spurious_timing_late,0.9,0.3333333,0.06,3200
fcc,1,0,CASIM-prefix,mixed_spurious_timing_late,0.9,0.5,0.06,3200
fcc,1,0,CASIM-prefix,mixed_spurious_timing_late,0.9,0.6666667,0.0609375,3200
fcc,1,0,CASIM-prefix,mixed_spurious_timing_late,0.9,0.8333333,0.0609375,3200
fcc,1,0,CASIM-prefix,mixed_spurious_timing_late,0.9,1.0,0.060625,3200
fcc,1,0,CASIM-prefix,spurious_events,0.0,0.1666667,0.953125,3200
fcc,1,0,CASIM-prefix,spurious_events,0.0,0.3333333,0.953125,3200
fcc,1,0,CASIM-prefix,spurious_events,0.0,0.5,1.0,3200
fcc,1,0,CASIM-prefix,spurious_events,0.0,0.6666667,1.0,3200
fcc,1,0,CASIM-prefix,spurious_events,0.0,0.8333333,1.0,3200
fcc,1,0,CASIM-prefix,spurious_events,0.0,1.0,1.0,3200
fcc,1,0,CASIM-prefix,spurious_events,0.05,0.1666667,0.9503125,3200
fcc,1,0,CASIM-prefix,spurious_events,0.05,0.3333333,0.9503125,3200
fcc,1,0,CASIM-prefix,spurious_events,0.05,0.5,0.9925,3200
fcc,1,0,CASIM-prefix,spurious_events,0.05,0.6666667,0.9915625,3200
fcc,1,0,CASIM-prefix,spurious_events,0.05,0.8333333,0.9965625,3200
fcc,1,0,CASIM-prefix,spurious_events,0.05,1.0,0.9965625,3200
fcc,1,0,CASIM-prefix,spurious_events,0.1,0.1666667,0.93625,3200
fcc,1,0,CASIM-prefix,spurious_events,0.1,0.3333333,0.93625,3200
fcc,1,0,CASIM-prefix,spurious_events,0.1,0.5,0.9765625,3200
fcc,1,0,CASIM-prefix,spurious_events,0.1,0.6666667,0.9565625,3200
fcc,1,0,CASIM-prefix,spurious_events,0.1,0.8333333,0.9903125,3200
fcc,1,0,CASIM-prefix,spurious_events,0.1,1.0,0.98125,3200
fcc,1,0,CASIM-prefix,spurious_events,0.15,0.1666667,0.9275,3200
fcc,1,0,CASIM-prefix,spurious_events,0.15,0.3333333,0.9275,3200
fcc,1,0,CASIM-prefix,spurious_events,0.15,0.5,0.963125,3200
fcc,1,0,CASIM-prefix,spurious_events,0.15,0.6666667,0.9321875,3200
fcc,1,0,CASIM-prefix,spurious_events,0.15,0.8333333,0.98125,3200
fcc,1,0,CASIM-prefix,spurious_events,0.15,1.0,0.969375,3200
fcc,1,0,CASIM-prefix,spurious_events,0.2,0.1666667,0.9140625,3200
fcc,1,0,CASIM-prefix,spurious_events,0.2,0.3333333,0.9140625,3200
fcc,1,0,CASIM-prefix,spurious_events,0.2,0.5,0.9484375,3200
fcc,1,0,CASIM-prefix,spurious_events,0.2,0.6666667,0.895625,3200
fcc,1,0,CASIM-prefix,spurious_events,0.2,0.8333333,0.9740625,3200
fcc,1,0,CASIM-prefix,spurious_events,0.2,1.0,0.9540625,3200
fcc,1,0,CASIM-prefix,spurious_events,0.25,0.1666667,0.905625,3200
fcc,1,0,CASIM-prefix,spurious_events,0.25,0.3333333,0.905625,3200
fcc,1,0,CASIM-prefix,spurious_events,0.25,0.5,0.929375,3200
fcc,1,0,CASIM-prefix,spurious_events,0.25,0.6666667,0.876875,3200
fcc,1,0,CASIM-prefix,spurious_events,0.25,0.8333333,0.96375,3200
fcc,1,0,CASIM-prefix,spurious_events,0.25,1.0,0.9196875,3200
fcc,1,0,CASIM-prefix,spurious_events,0.3,0.1666667,0.9021875,3200
fcc,1,0,CASIM-prefix,spurious_events,0.3,0.3333333,0.9021875,3200
fcc,1,0,CASIM-prefix,spurious_events,0.3,0.5,0.9140625,3200
fcc,1,0,CASIM-prefix,spurious_events,0.3,0.6666667,0.844375,3200
fcc,1,0,CASIM-prefix,spurious_events,0.3,0.8333333,0.945,3200
fcc,1,0,CASIM-prefix,spurious_events,0.3,1.0,0.9096875,3200
fcc,1,0,CASIM-prefix,spurious_events,0.4,0.1666667,0.873125,3200
fcc,1,0,CASIM-prefix,spurious_events,0.4,0.3333333,0.873125,3200
fcc,1,0,CASIM-prefix,spurious_events,0.4,0.5,0.8853125,3200
fcc,1,0,CASIM-prefix,spurious_events,0.4,0.6666667,0.8003125,3200
fcc,1,0,CASIM-prefix,spurious_events,0.4,0.8333333,0.9253125,3200
fcc,1,0,CASIM-prefix,spurious_events,0.4,1.0,0.8775,3200
fcc,1,0,CASIM-prefix,spurious_events,0.5,0.1666667,0.855,3200
fcc,1,0,CASIM-prefix,spurious_events,0.5,0.3333333,0.855,3200
fcc,1,0,CASIM-prefix,spurious_events,0.5,0.5,0.835625,3200
fcc,1,0,CASIM-prefix,spurious_events,0.5,0.6666667,0.7446875,3200
fcc,1,0,CASIM-prefix,spurious_events,0.5,0.8333333,0.8890625,3200
fcc,1,0,CASIM-prefix,spurious_events,0.5,1.0,0.809375,3200
fcc,1,0,CASIM-prefix,spurious_events,0.6,0.1666667,0.851875,3200
fcc,1,0,CASIM-prefix,spurious_events,0.6,0.3333333,0.851875,3200
fcc,1,0,CASIM-prefix,spurious_events,0.6,0.5,0.806875,3200
fcc,1,0,CASIM-prefix,spurious_events,0.6,0.6666667,0.71125,3200
fcc,1,0,CASIM-prefix,spurious_events,0.6,0.8333333,0.8725,3200
fcc,1,0,CASIM-prefix,spurious_events,0.6,1.0,0.7765625,3200
fcc,1,0,CASIM-prefix,spurious_events,0.7,0.1666667,0.8265625,3200
fcc,1,0,CASIM-prefix,spurious_events,0.7,0.3333333,0.8265625,3200
fcc,1,0,CASIM-prefix,spurious_events,0.7,0.5,0.7859375,3200
fcc,1,0,CASIM-prefix,spurious_events,0.7,0.6666667,0.6534375,3200
fcc,1,0,CASIM-prefix,spurious_events,0.7,0.8333333,0.831875,3200
fcc,1,0,CASIM-prefix,spurious_events,0.7,1.0,0.7365625,3200
fcc,1,0,CASIM-prefix,spurious_events,0.8,0.1666667,0.815625,3200
fcc,1,0,CASIM-prefix,spurious_events,0.8,0.3333333,0.815625,3200
fcc,1,0,CASIM-prefix,spurious_events,0.8,0.5,0.74375,3200
fcc,1,0,CASIM-prefix,spurious_events,0.8,0.6666667,0.6253125,3200
fcc,1,0,CASIM-prefix,spurious_events,0.8,0.8333333,0.80375,3200
fcc,1,0,CASIM-prefix,spurious_events,0.8,1.0,0.6740625,3200
fcc,1,0,CASIM-prefix,spurious_events,0.9,0.1666667,0.7959375,3200
fcc,1,0,CASIM-prefix,spurious_events,0.9,0.3333333,0.7959375,3200
fcc,1,0,CASIM-prefix,spurious_events,0.9,0.5,0.7121875,3200
fcc,1,0,CASIM-prefix,spurious_events,0.9,0.6666667,0.59125,3200
fcc,1,0,CASIM-prefix,spurious_events,0.9,0.8333333,0.779375,3200
fcc,1,0,CASIM-prefix,spurious_events,0.9,1.0,0.6478125,3200
fcc,1,0,CASIM-prefix,timing_uncertainty,0.0,0.1666667,0.953125,3200
fcc,1,0,CASIM-prefix,timing_uncertainty,0.0,0.3333333,0.953125,3200
fcc,1,0,CASIM-prefix,timing_uncertainty,0.0,0.5,1.0,3200
fcc,1,0,CASIM-prefix,timing_uncertainty,0.0,0.6666667,1.0,3200
fcc,1,0,CASIM-prefix,timing_uncertainty,0.0,0.8333333,1.0,3200
fcc,1,0,CASIM-prefix,timing_uncertainty,0.0,1.0,1.0,3200
fcc,1,0,CASIM-prefix,timing_uncertainty,0.05,0.1666667,0.953125,3200
fcc,1,0,CASIM-prefix,timing_uncertainty,0.05,0.3333333,0.953125,3200
fcc,1,0,CASIM-prefix,timing_uncertainty,0.05,0.5,0.999375,3200
fcc,1,0,CASIM-prefix,timing_uncertainty,0.05,0.6666667,1.0,3200
fcc,1,0,CASIM-prefix,timing_uncertainty,0.05,0.8333333,1.0,3200
fcc,1,0,CASIM-prefix,timing_uncertainty,0.05,1.0,1.0,3200
fcc,1,0,CASIM-prefix,timing_uncertainty,0.1,0.1666667,0.9521875,3200
fcc,1,0,CASIM-prefix,timing_uncertainty,0.1,0.3333333,0.9521875,3200
fcc,1,0,CASIM-prefix,timing_uncertainty,0.1,0.5,0.996875,3200
fcc,1,0,CASIM-prefix,timing_uncertainty,0.1,0.6666667,0.999375,3200
fcc,1,0,CASIM-prefix,timing_uncertainty,0.1,0.8333333,0.999375,3200
fcc,1,0,CASIM-prefix,timing_uncertainty,0.1,1.0,0.999375,3200
fcc,1,0,CASIM-prefix,timing_uncertainty,0.15,0.1666667,0.9503125,3200
fcc,1,0,CASIM-prefix,timing_uncertainty,0.15,0.3333333,0.9503125,3200
fcc,1,0,CASIM-prefix,timing_uncertainty,0.15,0.5,0.9925,3200
fcc,1,0,CASIM-prefix,timing_uncertainty,0.15,0.6666667,0.99875,3200
fcc,1,0,CASIM-prefix,timing_uncertainty,0.15,0.8333333,0.99875,3200
fcc,1,0,CASIM-prefix,timing_uncertainty,0.15,1.0,0.99875,3200
fcc,1,0,CASIM-prefix,timing_uncertainty,0.2,0.1666667,0.9525,3200
fcc,1,0,CASIM-prefix,timing_uncertainty,0.2,0.3333333,0.9525,3200
fcc,1,0,CASIM-prefix,timing_uncertainty,0.2,0.5,0.9890625,3200
fcc,1,0,CASIM-prefix,timing_uncertainty,0.2,0.6666667,0.998125,3200
fcc,1,0,CASIM-prefix,timing_uncertainty,0.2,0.8333333,0.9990625,3200
fcc,1,0,CASIM-prefix,timing_uncertainty,0.2,1.0,0.9990625,3200
fcc,1,0,CASIM-prefix,timing_uncertainty,0.25,0.1666667,0.948125,3200
fcc,1,0,CASIM-prefix,timing_uncertainty,0.25,0.3333333,0.948125,3200
fcc,1,0,CASIM-prefix,timing_uncertainty,0.25,0.5,0.980625,3200
fcc,1,0,CASIM-prefix,timing_uncertainty,0.25,0.6666667,0.9984375,3200
fcc,1,0,CASIM-prefix,timing_uncertainty,0.25,0.8333333,0.99875,3200
fcc,1,0,CASIM-prefix,timing_uncertainty,0.25,1.0,0.9990625,3200
fcc,1,0,CASIM-prefix,timing_uncertainty,0.3,0.1666667,0.9459375,3200
fcc,1,0,CASIM-prefix,timing_uncertainty,0.3,0.3333333,0.9459375,3200
fcc,1,0,CASIM-prefix,timing_uncertainty,0.3,0.5,0.9746875,3200
fcc,1,0,CASIM-prefix,timing_uncertainty,0.3,0.6666667,0.9965625,3200
fcc,1,0,CASIM-prefix,timing_uncertainty,0.3,0.8333333,0.9965625,3200
fcc,1,0,CASIM-prefix,timing_uncertainty,0.3,1.0,0.9975,3200
fcc,1,0,CASIM-prefix,timing_uncertainty,0.4,0.1666667,0.9384375,3200
fcc,1,0,CASIM-prefix,timing_uncertainty,0.4,0.3333333,0.9384375,3200
fcc,1,0,CASIM-prefix,timing_uncertainty,0.4,0.5,0.9565625,3200
fcc,1,0,CASIM-prefix,timing_uncertainty,0.4,0.6666667,0.993125,3200
fcc,1,0,CASIM-prefix,timing_uncertainty,0.4,0.8333333,0.995,3200
fcc,1,0,CASIM-prefix,timing_uncertainty,0.4,1.0,0.9965625,3200
fcc,1,0,CASIM-prefix,timing_uncertainty,0.5,0.1666667,0.9221875,3200
fcc,1,0,CASIM-prefix,timing_uncertainty,0.5,0.3333333,0.9221875,3200
fcc,1,0,CASIM-prefix,timing_uncertainty,0.5,0.5,0.9434375,3200
fcc,1,0,CASIM-prefix,timing_uncertainty,0.5,0.6666667,0.9884375,3200
fcc,1,0,CASIM-prefix,timing_uncertainty,0.5,0.8333333,0.99125,3200
fcc,1,0,CASIM-prefix,timing_uncertainty,0.5,1.0,0.9959375,3200
fcc,1,0,CASIM-prefix,timing_uncertainty,0.6,0.1666667,0.895625,3200
fcc,1,0,CASIM-prefix,timing_uncertainty,0.6,0.3333333,0.895625,3200
fcc,1,0,CASIM-prefix,timing_uncertainty,0.6,0.5,0.9159375,3200
fcc,1,0,CASIM-prefix,timing_uncertainty,0.6,0.6666667,0.9765625,3200
fcc,1,0,CASIM-prefix,timing_uncertainty,0.6,0.8333333,0.9825,3200
fcc,1,0,CASIM-prefix,timing_uncertainty,0.6,1.0,0.985,3200
fcc,1,0,CASIM-prefix,timing_uncertainty,0.7,0.1666667,0.871875,3200
fcc,1,0,CASIM-prefix,timing_uncertainty,0.7,0.3333333,0.871875,3200
fcc,1,0,CASIM-prefix,timing_uncertainty,0.7,0.5,0.8803125,3200
fcc,1,0,CASIM-prefix,timing_uncertainty,0.7,0.6666667,0.969375,3200
fcc,1,0,CASIM-prefix,timing_uncertainty,0.7,0.8333333,0.97875,3200
fcc,1,0,CASIM-prefix,timing_uncertainty,0.7,1.0,0.9865625,3200
fcc,1,0,CASIM-prefix,timing_uncertainty,0.8,0.1666667,0.8259375,3200
fcc,1,0,CASIM-prefix,timing_uncertainty,0.8,0.3333333,0.8259375,3200
fcc,1,0,CASIM-prefix,timing_uncertainty,0.8,0.5,0.845,3200
fcc,1,0,CASIM-prefix,timing_uncertainty,0.8,0.6666667,0.9446875,3200
fcc,1,0,CASIM-prefix,timing_uncertainty,0.8,0.8333333,0.9684375,3200
fcc,1,0,CASIM-prefix,timing_uncertainty,0.8,1.0,0.9759375,3200
fcc,1,0,CASIM-prefix,timing_uncertainty,0.9,0.1666667,0.7765625,3200
fcc,1,0,CASIM-prefix,timing_uncertainty,0.9,0.3333333,0.7765625,3200
fcc,1,0,CASIM-prefix,timing_uncertainty,0.9,0.5,0.7909375,3200
fcc,1,0,CASIM-prefix,timing_uncertainty,0.9,0.6666667,0.9171875,3200
fcc,1,0,CASIM-prefix,timing_uncertainty,0.9,0.8333333,0.9634375,3200
fcc,1,0,CASIM-prefix,timing_uncertainty,0.9,1.0,0.9528125,3200
fcc,1,0,EAC-1NN,late_time_delay,0.0,0.1666667,0.809375,3200
fcc,1,0,EAC-1NN,late_time_delay,0.0,0.3333333,0.809375,3200
fcc,1,0,EAC-1NN,late_time_delay,0.0,0.5,0.93125,3200
fcc,1,0,EAC-1NN,late_time_delay,0.0,0.6666667,0.9875,3200
fcc,1,0,EAC-1NN,late_time_delay,0.0,0.8333333,0.990625,3200
fcc,1,0,EAC-1NN,late_time_delay,0.0,1.0,0.990625,3200
fcc,1,0,EAC-1NN,late_time_delay,0.05,0.1666667,0.35,3200
fcc,1,0,EAC-1NN,late_time_delay,0.05,0.3333333,0.35,3200
fcc,1,0,EAC-1NN,late_time_delay,0.05,0.5,0.571875,3200
fcc,1,0,EAC-1NN,late_time_delay,0.05,0.6666667,0.61875,3200
fcc,1,0,EAC-1NN,late_time_delay,0.05,0.8333333,0.6125,3200
fcc,1,0,EAC-1NN,late_time_delay,0.05,1.0,0.675,3200
fcc,1,0,EAC-1NN,late_time_delay,0.1,0.1666667,0.334375,3200
fcc,1,0,EAC-1NN,late_time_delay,0.1,0.3333333,0.334375,3200
fcc,1,0,EAC-1NN,late_time_delay,0.1,0.5,0.5375,3200
fcc,1,0,EAC-1NN,late_time_delay,0.1,0.6666667,0.575,3200
fcc,1,0,EAC-1NN,late_time_delay,0.1,0.8333333,0.559375,3200
fcc,1,0,EAC-1NN,late_time_delay,0.1,1.0,0.625,3200
fcc,1,0,EAC-1NN,late_time_delay,0.15,0.1666667,0.26875,3200
fcc,1,0,EAC-1NN,late_time_delay,0.15,0.3333333,0.26875,3200
fcc,1,0,EAC-1NN,late_time_delay,0.15,0.5,0.459375,3200
fcc,1,0,EAC-1NN,late_time_delay,0.15,0.6666667,0.490625,3200
fcc,1,0,EAC-1NN,late_time_delay,0.15,0.8333333,0.496875,3200
fcc,1,0,EAC-1NN,late_time_delay,0.15,1.0,0.534375,3200
fcc,1,0,EAC-1NN,late_time_delay,0.2,0.1666667,0.2875,3200
fcc,1,0,EAC-1NN,late_time_delay,0.2,0.3333333,0.2875,3200
fcc,1,0,EAC-1NN,late_time_delay,0.2,0.5,0.409375,3200
fcc,1,0,EAC-1NN,late_time_delay,0.2,0.6666667,0.43125,3200
fcc,1,0,EAC-1NN,late_time_delay,0.2,0.8333333,0.43125,3200
fcc,1,0,EAC-1NN,late_time_delay,0.2,1.0,0.459375,3200
fcc,1,0,EAC-1NN,late_time_delay,0.25,0.1666667,0.3125,3200
fcc,1,0,EAC-1NN,late_time_delay,0.25,0.3333333,0.3125,3200
fcc,1,0,EAC-1NN,late_time_delay,0.25,0.5,0.375,3200
fcc,1,0,EAC-1NN,late_time_delay,0.25,0.6666667,0.375,3200
fcc,1,0,EAC-1NN,late_time_delay,0.25,0.8333333,0.384375,3200
fcc,1,0,EAC-1NN,late_time_delay,0.25,1.0,0.428125,3200
fcc,1,0,EAC-1NN,late_time_delay,0.3,0.1666667,0.35,3200
fcc,1,0,EAC-1NN,late_time_delay,0.3,0.3333333,0.35,3200
fcc,1,0,EAC-1NN,late_time_delay,0.3,0.5,0.38125,3200
fcc,1,0,EAC-1NN,late_time_delay,0.3,0.6666667,0.38125,3200
fcc,1,0,EAC-1NN,late_time_delay,0.3,0.8333333,0.3875,3200
fcc,1,0,EAC-1NN,late_time_delay,0.3,1.0,0.4125,3200
fcc,1,0,EAC-1NN,late_time_delay,0.4,0.1666667,0.25,3200
fcc,1,0,EAC-1NN,late_time_delay,0.4,0.3333333,0.25,3200
fcc,1,0,EAC-1NN,late_time_delay,0.4,0.5,0.25,3200
fcc,1,0,EAC-1NN,late_time_delay,0.4,0.6666667,0.2875,3200
fcc,1,0,EAC-1NN,late_time_delay,0.4,0.8333333,0.2875,3200
fcc,1,0,EAC-1NN,late_time_delay,0.4,1.0,0.375,3200
fcc,1,0,EAC-1NN,late_time_delay,0.5,0.1666667,0.184375,3200
fcc,1,0,EAC-1NN,late_time_delay,0.5,0.3333333,0.184375,3200
fcc,1,0,EAC-1NN,late_time_delay,0.5,0.5,0.184375,3200
fcc,1,0,EAC-1NN,late_time_delay,0.5,0.6666667,0.184375,3200
fcc,1,0,EAC-1NN,late_time_delay,0.5,0.8333333,0.271875,3200
fcc,1,0,EAC-1NN,late_time_delay,0.5,1.0,0.296875,3200
fcc,1,0,EAC-1NN,late_time_delay,0.6,0.1666667,0.128125,3200
fcc,1,0,EAC-1NN,late_time_delay,0.6,0.3333333,0.128125,3200
fcc,1,0,EAC-1NN,late_time_delay,0.6,0.5,0.128125,3200
fcc,1,0,EAC-1NN,late_time_delay,0.6,0.6666667,0.128125,3200
fcc,1,0,EAC-1NN,late_time_delay,0.6,0.8333333,0.128125,3200
fcc,1,0,EAC-1NN,late_time_delay,0.6,1.0,0.259375,3200
fcc,1,0,EAC-1NN,late_time_delay,0.7,0.1666667,0.18125,3200
fcc,1,0,EAC-1NN,late_time_delay,0.7,0.3333333,0.18125,3200
fcc,1,0,EAC-1NN,late_time_delay,0.7,0.5,0.18125,3200
fcc,1,0,EAC-1NN,late_time_delay,0.7,0.6666667,0.18125,3200
fcc,1,0,EAC-1NN,late_time_delay,0.7,0.8333333,0.18125,3200
fcc,1,0,EAC-1NN,late_time_delay,0.7,1.0,0.215625,3200
fcc,1,0,EAC-1NN,late_time_delay,0.8,0.1666667,0.178125,3200
fcc,1,0,EAC-1NN,late_time_delay,0.8,0.3333333,0.178125,3200
fcc,1,0,EAC-1NN,late_time_delay,0.8,0.5,0.178125,3200
fcc,1,0,EAC-1NN,late_time_delay,0.8,0.6666667,0.178125,3200
fcc,1,0,EAC-1NN,late_time_delay,0.8,0.8333333,0.178125,3200
fcc,1,0,EAC-1NN,late_time_delay,0.8,1.0,0.18125,3200
fcc,1,0,EAC-1NN,late_time_delay,0.9,0.1666667,0.146875,3200
fcc,1,0,EAC-1NN,late_time_delay,0.9,0.3333333,0.146875,3200
fcc,1,0,EAC-1NN,late_time_delay,0.9,0.5,0.146875,3200
fcc,1,0,EAC-1NN,late_time_delay,0.9,0.6666667,0.146875,3200
fcc,1,0,EAC-1NN,late_time_delay,0.9,0.8333333,0.146875,3200
fcc,1,0,EAC-1NN,late_time_delay,0.9,1.0,0.146875,3200
fcc,1,0,EAC-1NN,missing_events,0.0,0.1666667,0.809375,3200
fcc,1,0,EAC-1NN,missing_events,0.0,0.3333333,0.809375,3200
fcc,1,0,EAC-1NN,missing_events,0.0,0.5,0.93125,3200
fcc,1,0,EAC-1NN,missing_events,0.0,0.6666667,0.9875,3200
fcc,1,0,EAC-1NN,missing_events,0.0,0.8333333,0.990625,3200
fcc,1,0,EAC-1NN,missing_events,0.0,1.0,0.990625,3200
fcc,1,0,EAC-1NN,missing_events,0.05,0.1666667,0.8034375,3200
fcc,1,0,EAC-1NN,missing_events,0.05,0.3333333,0.8034375,3200
fcc,1,0,EAC-1NN,missing_events,0.05,0.5,0.92875,3200
fcc,1,0,EAC-1NN,missing_events,0.05,0.6666667,0.985625,3200
fcc,1,0,EAC-1NN,missing_events,0.05,0.8333333,0.9903125,3200
fcc,1,0,EAC-1NN,missing_events,0.05,1.0,0.9903125,3200
fcc,1,0,EAC-1NN,missing_events,0.1,0.1666667,0.776875,3200
fcc,1,0,EAC-1NN,missing_events,0.1,0.3333333,0.776875,3200
fcc,1,0,EAC-1NN,missing_events,0.1,0.5,0.9153125,3200
fcc,1,0,EAC-1NN,missing_events,0.1,0.6666667,0.97875,3200
fcc,1,0,EAC-1NN,missing_events,0.1,0.8333333,0.9859375,3200
fcc,1,0,EAC-1NN,missing_events,0.1,1.0,0.9840625,3200
fcc,1,0,EAC-1NN,missing_events,0.15,0.1666667,0.7496875,3200
fcc,1,0,EAC-1NN,missing_events,0.15,0.3333333,0.7496875,3200
fcc,1,0,EAC-1NN,missing_events,0.15,0.5,0.9034375,3200
fcc,1,0,EAC-1NN,missing_events,0.15,0.6666667,0.9665625,3200
fcc,1,0,EAC-1NN,missing_events,0.15,0.8333333,0.97625,3200
fcc,1,0,EAC-1NN,missing_events,0.15,1.0,0.980625,3200
fcc,1,0,EAC-1NN,missing_events,0.2,0.1666667,0.73,3200
fcc,1,0,EAC-1NN,missing_events,0.2,0.3333333,0.73,3200
fcc,1,0,EAC-1NN,missing_events,0.2,0.5,0.87625,3200
fcc,1,0,EAC-1NN,missing_events,0.2,0.6666667,0.9525,3200
fcc,1,0,EAC-1NN,missing_events,0.2,0.8333333,0.966875,3200
fcc,1,0,EAC-1NN,missing_events,0.2,1.0,0.9715625,3200
fcc,1,0,EAC-1NN,missing_events,0.25,0.1666667,0.709375,3200
fcc,1,0,EAC-1NN,missing_events,0.25,0.3333333,0.709375,3200
fcc,1,0,EAC-1NN,missing_events,0.25,0.5,0.8628125,3200
fcc,1,0,EAC-1NN,missing_events,0.25,0.6666667,0.9440625,3200
fcc,1,0,EAC-1NN,missing_events,0.25,0.8333333,0.96,3200
fcc,1,0,EAC-1NN,missing_events,0.25,1.0,0.964375,3200
fcc,1,0,EAC-1NN,missing_events,0.3,0.1666667,0.6878125,3200
fcc,1,0,EAC-1NN,missing_events,0.3,0.3333333,0.6878125,3200
fcc,1,0,EAC-1NN,missing_events,0.3,0.5,0.851875,3200
fcc,1,0,EAC-1NN,missing_events,0.3,0.6666667,0.9346875,3200
fcc,1,0,EAC-1NN,missing_events,0.3,0.8333333,0.9496875,3200
fcc,1,0,EAC-1NN,missing_events,0.3,1.0,0.961875,3200
fcc,1,0,EAC-1NN,missing_events,0.4,0.1666667,0.630625,3200
fcc,1,0,EAC-1NN,missing_events,0.4,0.3333333,0.630625,3200
fcc,1,0,EAC-1NN,missing_events,0.4,0.5,0.7840625,3200
fcc,1,0,EAC-1NN,missing_events,0.4,0.6666667,0.89,3200
fcc,1,0,EAC-1NN,missing_events,0.4,0.8333333,0.91,3200
fcc,1,0,EAC-1NN,missing_events,0.4,1.0,0.9315625,3200
fcc,1,0,EAC-1NN,missing_events,0.5,0.1666667,0.5759375,3200
fcc,1,0,EAC-1NN,missing_events,0.5,0.3333333,0.5759375,3200
fcc,1,0,EAC-1NN,missing_events,0.5,0.5,0.7178125,3200
fcc,1,0,EAC-1NN,missing_events,0.5,0.6666667,0.82,3200
fcc,1,0,EAC-1NN,missing_events,0.5,0.8333333,0.83875,3200
fcc,1,0,EAC-1NN,missing_events,0.5,1.0,0.875625,3200
fcc,1,0,EAC-1NN,missing_events,0.6,0.1666667,0.5046875,3200
fcc,1,0,EAC-1NN,missing_events,0.6,0.3333333,0.5046875,3200
fcc,1,0,EAC-1NN,missing_events,0.6,0.5,0.6275,3200
fcc,1,0,EAC-1NN,missing_events,0.6,0.6666667,0.735,3200
fcc,1,0,EAC-1NN,missing_events,0.6,0.8333333,0.7571875,3200
fcc,1,0,EAC-1NN,missing_events,0.6,1.0,0.7953125,3200
fcc,1,0,EAC-1NN,missing_events,0.7,0.1666667,0.426875,3200
fcc,1,0,EAC-1NN,missing_events,0.7,0.3333333,0.426875,3200
fcc,1,0,EAC-1NN,missing_events,0.7,0.5,0.51,3200
fcc,1,0,EAC-1NN,missing_events,0.7,0.6666667,0.6096875,3200
fcc,1,0,EAC-1NN,missing_events,0.7,0.8333333,0.6440625,3200
fcc,1,0,EAC-1NN,missing_events,0.7,1.0,0.691875,3200
fcc,1,0,EAC-1NN,missing_events,0.8,0.1666667,0.34875,3200
fcc,1,0,EAC-1NN,missing_events,0.8,0.3333333,0.34875,3200
fcc,1,0,EAC-1NN,missing_events,0.8,0.5,0.410625,3200
fcc,1,0,EAC-1NN,missing_events,0.8,0.6666667,0.4859375,3200
fcc,1,0,EAC-1NN,missing_events,0.8,0.8333333,0.5084375,3200
fcc,1,0,EAC-1NN,missing_events,0.8,1.0,0.544375,3200
fcc,1,0,EAC-1NN,missing_events,0.9,0.1666667,0.261875,3200
fcc,1,0,EAC-1NN,missing_events,0.9,0.3333333,0.261875,3200
fcc,1,0,EAC-1NN,missing_events,0.9,0.5,0.2884375,3200
fcc,1,0,EAC-1NN,missing_events,0.9,0.6666667,0.33625,3200
fcc,1,0,EAC-1NN,missing_events,0.9,0.8333333,0.34625,3200
fcc,1,0,EAC-1NN,missing_events,0.9,1.0,0.363125,3200
fcc,1,0,EAC-1NN,mixed_missing_spurious,0.0,0.1666667,0.809375,3200
fcc,1,0,EAC-1NN,mixed_missing_spurious,0.0,0.3333333,0.809375,3200
fcc,1,0,EAC-1NN,mixed_missing_spurious,0.0,0.5,0.93125,3200
fcc,1,0,EAC-1NN,mixed_missing_spurious,0.0,0.6666667,0.9875,3200
fcc,1,0,EAC-1NN,mixed_missing_spurious,0.0,0.8333333,0.990625,3200
fcc,1,0,EAC-1NN,mixed_missing_spurious,0.0,1.0,0.990625,3200
fcc,1,0,EAC-1NN,mixed_missing_spurious,0.05,0.1666667,0.804375,3200
fcc,1,0,EAC-1NN,mixed_missing_spurious,0.05,0.3333333,0.804375,3200
fcc,1,0,EAC-1NN,mixed_missing_spurious,0.05,0.5,0.926875,3200
fcc,1,0,EAC-1NN,mixed_missing_spurious,0.05,0.6666667,0.985625,3200
fcc,1,0,EAC-1NN,mixed_missing_spurious,0.05,0.8333333,0.9890625,3200
fcc,1,0,EAC-1NN,mixed_missing_spurious,0.05,1.0,0.988125,3200
fcc,1,0,EAC-1NN,mixed_missing_spurious,0.1,0.1666667,0.7709375,3200
fcc,1,0,EAC-1NN,mixed_missing_spurious,0.1,0.3333333,0.7709375,3200
fcc,1,0,EAC-1NN,mixed_missing_spurious,0.1,0.5,0.914375,3200
fcc,1,0,EAC-1NN,mixed_missing_spurious,0.1,0.6666667,0.9725,3200
fcc,1,0,EAC-1NN,mixed_missing_spurious,0.1,0.8333333,0.9784375,3200
fcc,1,0,EAC-1NN,mixed_missing_spurious,0.1,1.0,0.97625,3200
fcc,1,0,EAC-1NN,mixed_missing_spurious,0.15,0.1666667,0.7434375,3200
fcc,1,0,EAC-1NN,mixed_missing_spurious,0.15,0.3333333,0.7434375,3200
fcc,1,0,EAC-1NN,mixed_missing_spurious,0.15,0.5,0.895625,3200
fcc,1,0,EAC-1NN,mixed_missing_spurious,0.15,0.6666667,0.965625,3200
fcc,1,0,EAC-1NN,mixed_missing_spurious,0.15,0.8333333,0.973125,3200
fcc,1,0,EAC-1NN,mixed_missing_spurious,0.15,1.0,0.975,3200
fcc,1,0,EAC-1NN,mixed_missing_spurious,0.2,0.1666667,0.7253125,3200
fcc,1,0,EAC-1NN,mixed_missing_spurious,0.2,0.3333333,0.7253125,3200
fcc,1,0,EAC-1NN,mixed_missing_spurious,0.2,0.5,0.8675,3200
fcc,1,0,EAC-1NN,mixed_missing_spurious,0.2,0.6666667,0.9453125,3200
fcc,1,0,EAC-1NN,mixed_missing_spurious,0.2,0.8333333,0.9540625,3200
fcc,1,0,EAC-1NN,mixed_missing_spurious,0.2,1.0,0.9625,3200
fcc,1,0,EAC-1NN,mixed_missing_spurious,0.25,0.1666667,0.7025,3200
fcc,1,0,EAC-1NN,mixed_missing_spurious,0.25,0.3333333,0.7025,3200
fcc,1,0,EAC-1NN,mixed_missing_spurious,0.25,0.5,0.854375,3200
fcc,1,0,EAC-1NN,mixed_missing_spurious,0.25,0.6666667,0.931875,3200
fcc,1,0,EAC-1NN,mixed_missing_spurious,0.25,0.8333333,0.94625,3200
fcc,1,0,EAC-1NN,mixed_missing_spurious,0.25,1.0,0.95375,3200
fcc,1,0,EAC-1NN,mixed_missing_spurious,0.3,0.1666667,0.6753125,3200
fcc,1,0,EAC-1NN,mixed_missing_spurious,0.3,0.3333333,0.6753125,3200
fcc,1,0,EAC-1NN,mixed_missing_spurious,0.3,0.5,0.8275,3200
fcc,1,0,EAC-1NN,mixed_missing_spurious,0.3,0.6666667,0.900625,3200
fcc,1,0,EAC-1NN,mixed_missing_spurious,0.3,0.8333333,0.9171875,3200
fcc,1,0,EAC-1NN,mixed_missing_spurious,0.3,1.0,0.9284375,3200
fcc,1,0,EAC-1NN,mixed_missing_spurious,0.4,0.1666667,0.6253125,3200
fcc,1,0,EAC-1NN,mixed_missing_spurious,0.4,0.3333333,0.6253125,3200
fcc,1,0,EAC-1NN,mixed_missing_spurious,0.4,0.5,0.7571875,3200
fcc,1,0,EAC-1NN,mixed_missing_spurious,0.4,0.6666667,0.845625,3200
fcc,1,0,EAC-1NN,mixed_missing_spurious,0.4,0.8333333,0.8625,3200
fcc,1,0,EAC-1NN,mixed_missing_spurious,0.4,1.0,0.8790625,3200
fcc,1,0,EAC-1NN,mixed_missing_spurious,0.5,0.1666667,0.55,3200
fcc,1,0,EAC-1NN,mixed_missing_spurious,0.5,0.3333333,0.55,3200
fcc,1,0,EAC-1NN,mixed_missing_spurious,0.5,0.5,0.6775,3200
fcc,1,0,EAC-1NN,mixed_missing_spurious,0.5,0.6666667,0.765,3200
fcc,1,0,EAC-1NN,mixed_missing_spurious,0.5,0.8333333,0.783125,3200
fcc,1,0,EAC-1NN,mixed_missing_spurious,0.5,1.0,0.799375,3200
fcc,1,0,EAC-1NN,mixed_missing_spurious,0.6,0.1666667,0.483125,3200
fcc,1,0,EAC-1NN,mixed_missing_spurious,0.6,0.3333333,0.483125,3200
fcc,1,0,EAC-1NN,mixed_missing_spurious,0.6,0.5,0.58,3200
fcc,1,0,EAC-1NN,mixed_missing_spurious,0.6,0.6666667,0.668125,3200
fcc,1,0,EAC-1NN,mixed_missing_spurious,0.6,0.8333333,0.69375,3200
fcc,1,0,EAC-1NN,mixed_missing_spurious,0.6,1.0,0.7053125,3200
fcc,1,0,EAC-1NN,mixed_missing_spurious,0.7,0.1666667,0.4196875,3200
fcc,1,0,EAC-1NN,mixed_missing_spurious,0.7,0.3333333,0.4196875,3200
fcc,1,0,EAC-1NN,mixed_missing_spurious,0.7,0.5,0.4953125,3200
fcc,1,0,EAC-1NN,mixed_missing_spurious,0.7,0.6666667,0.559375,3200
fcc,1,0,EAC-1NN,mixed_missing_spurious,0.7,0.8333333,0.5728125,3200
fcc,1,0,EAC-1NN,mixed_missing_spurious,0.7,1.0,0.5846875,3200
fcc,1,0,EAC-1NN,mixed_missing_spurious,0.8,0.1666667,0.3353125,3200
fcc,1,0,EAC-1NN,mixed_missing_spurious,0.8,0.3333333,0.3353125,3200
fcc,1,0,EAC-1NN,mixed_missing_spurious,0.8,0.5,0.376875,3200
fcc,1,0,EAC-1NN,mixed_missing_spurious,0.8,0.6666667,0.4296875,3200
fcc,1,0,EAC-1NN,mixed_missing_spurious,0.8,0.8333333,0.438125,3200
fcc,1,0,EAC-1NN,mixed_missing_spurious,0.8,1.0,0.4396875,3200
fcc,1,0,EAC-1NN,mixed_missing_spurious,0.9,0.1666667,0.2396875,3200
fcc,1,0,EAC-1NN,mixed_missing_spurious,0.9,0.3333333,0.2396875,3200
fcc,1,0,EAC-1NN,mixed_missing_spurious,0.9,0.5,0.265,3200
fcc,1,0,EAC-1NN,mixed_missing_spurious,0.9,0.6666667,0.2959375,3200
fcc,1,0,EAC-1NN,mixed_missing_spurious,0.9,0.8333333,0.30375,3200
fcc,1,0,EAC-1NN,mixed_missing_spurious,0.9,1.0,0.315625,3200
fcc,1,0,EAC-1NN,mixed_spurious_timing_late,0.0,0.1666667,0.809375,3200
fcc,1,0,EAC-1NN,mixed_spurious_timing_late,0.0,0.3333333,0.809375,3200
fcc,1,0,EAC-1NN,mixed_spurious_timing_late,0.0,0.5,0.93125,3200
fcc,1,0,EAC-1NN,mixed_spurious_timing_late,0.0,0.6666667,0.9875,3200
fcc,1,0,EAC-1NN,mixed_spurious_timing_late,0.0,0.8333333,0.990625,3200
fcc,1,0,EAC-1NN,mixed_spurious_timing_late,0.0,1.0,0.990625,3200
fcc,1,0,EAC-1NN,mixed_spurious_timing_late,0.05,0.1666667,0.348125,3200
fcc,1,0,EAC-1NN,mixed_spurious_timing_late,0.05,0.3333333,0.348125,3200
fcc,1,0,EAC-1NN,mixed_spurious_timing_late,0.05,0.5,0.57125,3200
fcc,1,0,EAC-1NN,mixed_spurious_timing_late,0.05,0.6666667,0.61625,3200
fcc,1,0,EAC-1NN,mixed_spurious_timing_late,0.05,0.8333333,0.613125,3200
fcc,1,0,EAC-1NN,mixed_spurious_timing_late,0.05,1.0,0.6778125,3200
fcc,1,0,EAC-1NN,mixed_spurious_timing_late,0.1,0.1666667,0.331875,3200
fcc,1,0,EAC-1NN,mixed_spurious_timing_late,0.1,0.3333333,0.331875,3200
fcc,1,0,EAC-1NN,mixed_spurious_timing_late,0.1,0.5,0.53125,3200
fcc,1,0,EAC-1NN,mixed_spurious_timing_late,0.1,0.6666667,0.570625,3200
fcc,1,0,EAC-1NN,mixed_spurious_timing_late,0.1,0.8333333,0.55625,3200
fcc,1,0,EAC-1NN,mixed_spurious_timing_late,0.1,1.0,0.616875,3200
fcc,1,0,EAC-1NN,mixed_spurious_timing_late,0.15,0.1666667,0.26125,3200
fcc,1,0,EAC-1NN,mixed_spurious_timing_late,0.15,0.3333333,0.26125,3200
fcc,1,0,EAC-1NN,mixed_spurious_timing_late,0.15,0.5,0.43375,3200
fcc,1,0,EAC-1NN,mixed_spurious_timing_late,0.15,0.6666667,0.4696875,3200
fcc,1,0,EAC-1NN,mixed_spurious_timing_late,0.15,0.8333333,0.4821875,3200
fcc,1,0,EAC-1NN,mixed_spurious_timing_late,0.15,1.0,0.5075,3200
fcc,1,0,EAC-1NN,mixed_spurious_timing_late,0.2,0.1666667,0.2834375,3200
fcc,1,0,EAC-1NN,mixed_spurious_timing_late,0.2,0.3333333,0.2834375,3200
fcc,1,0,EAC-1NN,mixed_spurious_timing_late,0.2,0.5,0.3834375,3200
fcc,1,0,EAC-1NN,mixed_spurious_timing_late,0.2,0.6666667,0.4065625,3200
fcc,1,0,EAC-1NN,mixed_spurious_timing_late,0.2,0.8333333,0.4065625,3200
fcc,1,0,EAC-1NN,mixed_spurious_timing_late,0.2,1.0,0.43875,3200
fcc,1,0,EAC-1NN,mixed_spurious_timing_late,0.25,0.1666667,0.2975,3200
fcc,1,0,EAC-1NN,mixed_spurious_timing_late,0.25,0.3333333,0.2975,3200
fcc,1,0,EAC-1NN,mixed_spurious_timing_late,0.25,0.5,0.3446875,3200
fcc,1,0,EAC-1NN,mixed_spurious_timing_late,0.25,0.6666667,0.3446875,3200
fcc,1,0,EAC-1NN,mixed_spurious_timing_late,0.25,0.8333333,0.373125,3200
fcc,1,0,EAC-1NN,mixed_spurious_timing_late,0.25,1.0,0.3959375,3200
fcc,1,0,EAC-1NN,mixed_spurious_timing_late,0.3,0.1666667,0.3228125,3200
fcc,1,0,EAC-1NN,mixed_spurious_timing_late,0.3,0.3333333,0.3228125,3200
fcc,1,0,EAC-1NN,mixed_spurious_timing_late,0.3,0.5,0.33625,3200
fcc,1,0,EAC-1NN,mixed_spurious_timing_late,0.3,0.6666667,0.33625,3200
fcc,1,0,EAC-1NN,mixed_spurious_timing_late,0.3,0.8333333,0.35375,3200
fcc,1,0,EAC-1NN,mixed_spurious_timing_late,0.3,1.0,0.3684375,3200
fcc,1,0,EAC-1NN,mixed_spurious_timing_late,0.4,0.1666667,0.1996875,3200
fcc,1,0,EAC-1NN,mixed_spurious_timing_late,0.4,0.3333333,0.1996875,3200
fcc,1,0,EAC-1NN,mixed_spurious_timing_late,0.4,0.5,0.1996875,3200
fcc,1,0,EAC-1NN,mixed_spurious_timing_late,0.4,0.6666667,0.23875,3200
fcc,1,0,EAC-1NN,mixed_spurious_timing_late,0.4,0.8333333,0.23875,3200
fcc,1,0,EAC-1NN,mixed_spurious_timing_late,0.4,1.0,0.2853125,3200
fcc,1,0,EAC-1NN,mixed_spurious_timing_late,0.5,0.1666667,0.1253125,3200
fcc,1,0,EAC-1NN,mixed_spurious_timing_late,0.5,0.3333333,0.1253125,3200
fcc,1,0,EAC-1NN,mixed_spurious_timing_late,0.5,0.5,0.1253125,3200
fcc,1,0,EAC-1NN,mixed_spurious_timing_late,0.5,0.6666667,0.1253125,3200
fcc,1,0,EAC-1NN,mixed_spurious_timing_late,0.5,0.8333333,0.1828125,3200
fcc,1,0,EAC-1NN,mixed_spurious_timing_late,0.5,1.0,0.201875,3200
fcc,1,0,EAC-1NN,mixed_spurious_timing_late,0.6,0.1666667,0.1025,3200
fcc,1,0,EAC-1NN,mixed_spurious_timing_late,0.6,0.3333333,0.1025,3200
fcc,1,0,EAC-1NN,mixed_spurious_timing_late,0.6,0.5,0.1025,3200
fcc,1,0,EAC-1NN,mixed_spurious_timing_late,0.6,0.6666667,0.1025,3200
fcc,1,0,EAC-1NN,mixed_spurious_timing_late,0.6,0.8333333,0.1025,3200
fcc,1,0,EAC-1NN,mixed_spurious_timing_late,0.6,1.0,0.1675,3200
fcc,1,0,EAC-1NN,mixed_spurious_timing_late,0.7,0.1666667,0.1015625,3200
fcc,1,0,EAC-1NN,mixed_spurious_timing_late,0.7,0.3333333,0.1015625,3200
fcc,1,0,EAC-1NN,mixed_spurious_timing_late,0.7,0.5,0.1015625,3200
fcc,1,0,EAC-1NN,mixed_spurious_timing_late,0.7,0.6666667,0.1015625,3200
fcc,1,0,EAC-1NN,mixed_spurious_timing_late,0.7,0.8333333,0.1015625,3200
fcc,1,0,EAC-1NN,mixed_spurious_timing_late,0.7,1.0,0.129375,3200
fcc,1,0,EAC-1NN,mixed_spurious_timing_late,0.8,0.1666667,0.0953125,3200
fcc,1,0,EAC-1NN,mixed_spurious_timing_late,0.8,0.3333333,0.0953125,3200
fcc,1,0,EAC-1NN,mixed_spurious_timing_late,0.8,0.5,0.0953125,3200
fcc,1,0,EAC-1NN,mixed_spurious_timing_late,0.8,0.6666667,0.0953125,3200
fcc,1,0,EAC-1NN,mixed_spurious_timing_late,0.8,0.8333333,0.0953125,3200
fcc,1,0,EAC-1NN,mixed_spurious_timing_late,0.8,1.0,0.096875,3200
fcc,1,0,EAC-1NN,mixed_spurious_timing_late,0.9,0.1666667,0.083125,3200
fcc,1,0,EAC-1NN,mixed_spurious_timing_late,0.9,0.3333333,0.083125,3200
fcc,1,0,EAC-1NN,mixed_spurious_timing_late,0.9,0.5,0.083125,3200
fcc,1,0,EAC-1NN,mixed_spurious_timing_late,0.9,0.6666667,0.083125,3200
fcc,1,0,EAC-1NN,mixed_spurious_timing_late,0.9,0.8333333,0.083125,3200
fcc,1,0,EAC-1NN,mixed_spurious_timing_late,0.9,1.0,0.083125,3200
fcc,1,0,EAC-1NN,spurious_events,0.0,0.1666667,0.809375,3200
fcc,1,0,EAC-1NN,spurious_events,0.0,0.3333333,0.809375,3200
fcc,1,0,EAC-1NN,spurious_events,0.0,0.5,0.93125,3200
fcc,1,0,EAC-1NN,spurious_events,0.0,0.6666667,0.9875,3200
fcc,1,0,EAC-1NN,spurious_events,0.0,0.8333333,0.990625,3200
fcc,1,0,EAC-1NN,spurious_events,0.0,1.0,0.990625,3200
fcc,1,0,EAC-1NN,spurious_events,0.05,0.1666667,0.8090625,3200
fcc,1,0,EAC-1NN,spurious_events,0.05,0.3333333,0.8090625,3200
fcc,1,0,EAC-1NN,spurious_events,0.05,0.5,0.9309375,3200
fcc,1,0,EAC-1NN,spurious_events,0.05,0.6666667,0.9871875,3200
fcc,1,0,EAC-1NN,spurious_events,0.05,0.8333333,0.9903125,3200
fcc,1,0,EAC-1NN,spurious_events,0.05,1.0,0.9903125,3200
fcc,1,0,EAC-1NN,spurious_events,0.1,0.1666667,0.8021875,3200
fcc,1,0,EAC-1NN,spurious_events,0.1,0.3333333,0.8021875,3200
fcc,1,0,EAC-1NN,spurious_events,0.1,0.5,0.9303125,3200
fcc,1,0,EAC-1NN,spurious_events,0.1,0.6666667,0.985,3200
fcc,1,0,EAC-1NN,spurious_events,0.1,0.8333333,0.98875,3200
fcc,1,0,EAC-1NN,spurious_events,0.1,1.0,0.9896875,3200
fcc,1,0,EAC-1NN,spurious_events,0.15,0.1666667,0.801875,3200
fcc,1,0,EAC-1NN,spurious_events,0.15,0.3333333,0.801875,3200
fcc,1,0,EAC-1NN,spurious_events,0.15,0.5,0.9259375,3200
fcc,1,0,EAC-1NN,spurious_events,0.15,0.6666667,0.9828125,3200
fcc,1,0,EAC-1NN,spurious_events,0.15,0.8333333,0.98625,3200
fcc,1,0,EAC-1NN,spurious_events,0.15,1.0,0.9871875,3200
fcc,1,0,EAC-1NN,spurious_events,0.2,0.1666667,0.7984375,3200
fcc,1,0,EAC-1NN,spurious_events,0.2,0.3333333,0.7984375,3200
fcc,1,0,EAC-1NN,spurious_events,0.2,0.5,0.92625,3200
fcc,1,0,EAC-1NN,spurious_events,0.2,0.6666667,0.9809375,3200
fcc,1,0,EAC-1NN,spurious_events,0.2,0.8333333,0.984375,3200
fcc,1,0,EAC-1NN,spurious_events,0.2,1.0,0.9840625,3200
fcc,1,0,EAC-1NN,spurious_events,0.25,0.1666667,0.789375,3200
fcc,1,0,EAC-1NN,spurious_events,0.25,0.3333333,0.789375,3200
fcc,1,0,EAC-1NN,spurious_events,0.25,0.5,0.92625,3200
fcc,1,0,EAC-1NN,spurious_events,0.25,0.6666667,0.9765625,3200
fcc,1,0,EAC-1NN,spurious_events,0.25,0.8333333,0.98,3200
fcc,1,0,EAC-1NN,spurious_events,0.25,1.0,0.9815625,3200
fcc,1,0,EAC-1NN,spurious_events,0.3,0.1666667,0.791875,3200
fcc,1,0,EAC-1NN,spurious_events,0.3,0.3333333,0.791875,3200
fcc,1,0,EAC-1NN,spurious_events,0.3,0.5,0.9225,3200
fcc,1,0,EAC-1NN,spurious_events,0.3,0.6666667,0.98125,3200
fcc,1,0,EAC-1NN,spurious_events,0.3,0.8333333,0.984375,3200
fcc,1,0,EAC-1NN,spurious_events,0.3,1.0,0.9853125,3200
fcc,1,0,EAC-1NN,spurious_events,0.4,0.1666667,0.7890625,3200
fcc,1,0,EAC-1NN,spurious_events,0.4,0.3333333,0.7890625,3200
fcc,1,0,EAC-1NN,spurious_events,0.4,0.5,0.92,3200
fcc,1,0,EAC-1NN,spurious_events,0.4,0.6666667,0.9690625,3200
fcc,1,0,EAC-1NN,spurious_events,0.4,0.8333333,0.9703125,3200
fcc,1,0,EAC-1NN,spurious_events,0.4,1.0,0.97375,3200
fcc,1,0,EAC-1NN,spurious_events,0.5,0.1666667,0.7825,3200
fcc,1,0,EAC-1NN,spurious_events,0.5,0.3333333,0.7825,3200
fcc,1,0,EAC-1NN,spurious_events,0.5,0.5,0.9125,3200
fcc,1,0,EAC-1NN,spurious_events,0.5,0.6666667,0.963125,3200
fcc,1,0,EAC-1NN,spurious_events,0.5,0.8333333,0.963125,3200
fcc,1,0,EAC-1NN,spurious_events,0.5,1.0,0.9646875,3200
fcc,1,0,EAC-1NN,spurious_events,0.6,0.1666667,0.7809375,3200
fcc,1,0,EAC-1NN,spurious_events,0.6,0.3333333,0.7809375,3200
fcc,1,0,EAC-1NN,spurious_events,0.6,0.5,0.9046875,3200
fcc,1,0,EAC-1NN,spurious_events,0.6,0.6666667,0.9625,3200
fcc,1,0,EAC-1NN,spurious_events,0.6,0.8333333,0.9625,3200
fcc,1,0,EAC-1NN,spurious_events,0.6,1.0,0.96625,3200
fcc,1,0,EAC-1NN,spurious_events,0.7,0.1666667,0.7775,3200
fcc,1,0,EAC-1NN,spurious_events,0.7,0.3333333,0.7775,3200
fcc,1,0,EAC-1NN,spurious_events,0.7,0.5,0.910625,3200
fcc,1,0,EAC-1NN,spurious_events,0.7,0.6666667,0.95375,3200
fcc,1,0,EAC-1NN,spurious_events,0.7,0.8333333,0.9565625,3200
fcc,1,0,EAC-1NN,spurious_events,0.7,1.0,0.9584375,3200
fcc,1,0,EAC-1NN,spurious_events,0.8,0.1666667,0.77,3200
fcc,1,0,EAC-1NN,spurious_events,0.8,0.3333333,0.77,3200
fcc,1,0,EAC-1NN,spurious_events,0.8,0.5,0.8996875,3200
fcc,1,0,EAC-1NN,spurious_events,0.8,0.6666667,0.9484375,3200
fcc,1,0,EAC-1NN,spurious_events,0.8,0.8333333,0.9496875,3200
fcc,1,0,EAC-1NN,spurious_events,0.8,1.0,0.9503125,3200
fcc,1,0,EAC-1NN,spurious_events,0.9,0.1666667,0.7553125,3200
fcc,1,0,EAC-1NN,spurious_events,0.9,0.3333333,0.7553125,3200
fcc,1,0,EAC-1NN,spurious_events,0.9,0.5,0.8946875,3200
fcc,1,0,EAC-1NN,spurious_events,0.9,0.6666667,0.9446875,3200
fcc,1,0,EAC-1NN,spurious_events,0.9,0.8333333,0.9303125,3200
fcc,1,0,EAC-1NN,spurious_events,0.9,1.0,0.93,3200
fcc,1,0,EAC-1NN,timing_uncertainty,0.0,0.1666667,0.809375,3200
fcc,1,0,EAC-1NN,timing_uncertainty,0.0,0.3333333,0.809375,3200
fcc,1,0,EAC-1NN,timing_uncertainty,0.0,0.5,0.93125,3200
fcc,1,0,EAC-1NN,timing_uncertainty,0.0,0.6666667,0.9875,3200
fcc,1,0,EAC-1NN,timing_uncertainty,0.0,0.8333333,0.990625,3200
fcc,1,0,EAC-1NN,timing_uncertainty,0.0,1.0,0.990625,3200
fcc,1,0,EAC-1NN,timing_uncertainty,0.05,0.1666667,0.809375,3200
fcc,1,0,EAC-1NN,timing_uncertainty,0.05,0.3333333,0.809375,3200
fcc,1,0,EAC-1NN,timing_uncertainty,0.05,0.5,0.9309375,3200
fcc,1,0,EAC-1NN,timing_uncertainty,0.05,0.6666667,0.9875,3200
fcc,1,0,EAC-1NN,timing_uncertainty,0.05,0.8333333,0.990625,3200
fcc,1,0,EAC-1NN,timing_uncertainty,0.05,1.0,0.990625,3200
fcc,1,0,EAC-1NN,timing_uncertainty,0.1,0.1666667,0.8084375,3200
fcc,1,0,EAC-1NN,timing_uncertainty,0.1,0.3333333,0.8084375,3200
fcc,1,0,EAC-1NN,timing_uncertainty,0.1,0.5,0.930625,3200
fcc,1,0,EAC-1NN,timing_uncertainty,0.1,0.6666667,0.9871875,3200
fcc,1,0,EAC-1NN,timing_uncertainty,0.1,0.8333333,0.9903125,3200
fcc,1,0,EAC-1NN,timing_uncertainty,0.1,1.0,0.9909375,3200
fcc,1,0,EAC-1NN,timing_uncertainty,0.15,0.1666667,0.8071875,3200
fcc,1,0,EAC-1NN,timing_uncertainty,0.15,0.3333333,0.8071875,3200
fcc,1,0,EAC-1NN,timing_uncertainty,0.15,0.5,0.9309375,3200
fcc,1,0,EAC-1NN,timing_uncertainty,0.15,0.6666667,0.9871875,3200
fcc,1,0,EAC-1NN,timing_uncertainty,0.15,0.8333333,0.9903125,3200
fcc,1,0,EAC-1NN,timing_uncertainty,0.15,1.0,0.9909375,3200
fcc,1,0,EAC-1NN,timing_uncertainty,0.2,0.1666667,0.8090625,3200
fcc,1,0,EAC-1NN,timing_uncertainty,0.2,0.3333333,0.8090625,3200
fcc,1,0,EAC-1NN,timing_uncertainty,0.2,0.5,0.9290625,3200
fcc,1,0,EAC-1NN,timing_uncertainty,0.2,0.6666667,0.9875,3200
fcc,1,0,EAC-1NN,timing_uncertainty,0.2,0.8333333,0.9896875,3200
fcc,1,0,EAC-1NN,timing_uncertainty,0.2,1.0,0.99125,3200
fcc,1,0,EAC-1NN,timing_uncertainty,0.25,0.1666667,0.801875,3200
fcc,1,0,EAC-1NN,timing_uncertainty,0.25,0.3333333,0.801875,3200
fcc,1,0,EAC-1NN,timing_uncertainty,0.25,0.5,0.9259375,3200
fcc,1,0,EAC-1NN,timing_uncertainty,0.25,0.6666667,0.986875,3200
fcc,1,0,EAC-1NN,timing_uncertainty,0.25,0.8333333,0.989375,3200
fcc,1,0,EAC-1NN,timing_uncertainty,0.25,1.0,0.9903125,3200
fcc,1,0,EAC-1NN,timing_uncertainty,0.3,0.1666667,0.801875,3200
fcc,1,0,EAC-1NN,timing_uncertainty,0.3,0.3333333,0.801875,3200
fcc,1,0,EAC-1NN,timing_uncertainty,0.3,0.5,0.925625,3200
fcc,1,0,EAC-1NN,timing_uncertainty,0.3,0.6666667,0.9865625,3200
fcc,1,0,EAC-1NN,timing_uncertainty,0.3,0.8333333,0.99,3200
fcc,1,0,EAC-1NN,timing_uncertainty,0.3,1.0,0.990625,3200
fcc,1,0,EAC-1NN,timing_uncertainty,0.4,0.1666667,0.798125,3200
fcc,1,0,EAC-1NN,timing_uncertainty,0.4,0.3333333,0.798125,3200
fcc,1,0,EAC-1NN,timing_uncertainty,0.4,0.5,0.92375,3200
fcc,1,0,EAC-1NN,timing_uncertainty,0.4,0.6666667,0.985625,3200
fcc,1,0,EAC-1NN,timing_uncertainty,0.4,0.8333333,0.988125,3200
fcc,1,0,EAC-1NN,timing_uncertainty,0.4,1.0,0.98875,3200
fcc,1,0,EAC-1NN,timing_uncertainty,0.5,0.1666667,0.785625,3200
fcc,1,0,EAC-1NN,timing_uncertainty,0.5,0.3333333,0.785625,3200
fcc,1,0,EAC-1NN,timing_uncertainty,0.5,0.5,0.9253125,3200
fcc,1,0,EAC-1NN,timing_uncertainty,0.5,0.6666667,0.9875,3200
fcc,1,0,EAC-1NN,timing_uncertainty,0.5,0.8333333,0.98875,3200
fcc,1,0,EAC-1NN,timing_uncertainty,0.5,1.0,0.99,3200
fcc,1,0,EAC-1NN,timing_uncertainty,0.6,0.1666667,0.780625,3200
fcc,1,0,EAC-1NN,timing_uncertainty,0.6,0.3333333,0.780625,3200
fcc,1,0,EAC-1NN,timing_uncertainty,0.6,0.5,0.9315625,3200
fcc,1,0,EAC-1NN,timing_uncertainty,0.6,0.6666667,0.98375,3200
fcc,1,0,EAC-1NN,timing_uncertainty,0.6,0.8333333,0.9884375,3200
fcc,1,0,EAC-1NN,timing_uncertainty,0.6,1.0,0.98875,3200
fcc,1,0,EAC-1NN,timing_uncertainty,0.7,0.1666667,0.7815625,3200
fcc,1,0,EAC-1NN,timing_uncertainty,0.7,0.3333333,0.7815625,3200
fcc,1,0,EAC-1NN,timing_uncertainty,0.7,0.5,0.923125,3200
fcc,1,0,EAC-1NN,timing_uncertainty,0.7,0.6666667,0.984375,3200
fcc,1,0,EAC-1NN,timing_uncertainty,0.7,0.8333333,0.9896875,3200
fcc,1,0,EAC-1NN,timing_uncertainty,0.7,1.0,0.9896875,3200
fcc,1,0,EAC-1NN,timing_uncertainty,0.8,0.1666667,0.7828125,3200
fcc,1,0,EAC-1NN,timing_uncertainty,0.8,0.3333333,0.7828125,3200
fcc,1,0,EAC-1NN,timing_uncertainty,0.8,0.5,0.9284375,3200
fcc,1,0,EAC-1NN,timing_uncertainty,0.8,0.6666667,0.981875,3200
fcc,1,0,EAC-1NN,timing_uncertainty,0.8,0.8333333,0.9871875,3200
fcc,1,0,EAC-1NN,timing_uncertainty,0.8,1.0,0.988125,3200
fcc,1,0,EAC-1NN,timing_uncertainty,0.9,0.1666667,0.7765625,3200
fcc,1,0,EAC-1NN,timing_uncertainty,0.9,0.3333333,0.7765625,3200
fcc,1,0,EAC-1NN,timing_uncertainty,0.9,0.5,0.92375,3200
fcc,1,0,EAC-1NN,timing_uncertainty,0.9,0.6666667,0.981875,3200
fcc,1,0,EAC-1NN,timing_uncertainty,0.9,0.8333333,0.98875,3200
fcc,1,0,EAC-1NN,timing_uncertainty,0.9,1.0,0.98875,3200
fcc,1,0,JAC-1NN,late_time_delay,0.0,0.1666667,0.671875,3200
fcc,1,0,JAC-1NN,late_time_delay,0.0,0.3333333,0.671875,3200
fcc,1,0,JAC-1NN,late_time_delay,0.0,0.5,0.93125,3200
fcc,1,0,JAC-1NN,late_time_delay,0.0,0.6666667,0.990625,3200
fcc,1,0,JAC-1NN,late_time_delay,0.0,0.8333333,0.99375,3200
fcc,1,0,JAC-1NN,late_time_delay,0.0,1.0,0.99375,3200
fcc,1,0,JAC-1NN,late_time_delay,0.05,0.1666667,0.309375,3200
fcc,1,0,JAC-1NN,late_time_delay,0.05,0.3333333,0.309375,3200
fcc,1,0,JAC-1NN,late_time_delay,0.05,0.5,0.54375,3200
fcc,1,0,JAC-1NN,late_time_delay,0.05,0.6666667,0.575,3200
fcc,1,0,JAC-1NN,late_time_delay,0.05,0.8333333,0.590625,3200
fcc,1,0,JAC-1NN,late_time_delay,0.05,1.0,0.671875,3200
fcc,1,0,JAC-1NN,late_time_delay,0.1,0.1666667,0.271875,3200
fcc,1,0,JAC-1NN,late_time_delay,0.1,0.3333333,0.271875,3200
fcc,1,0,JAC-1NN,late_time_delay,0.1,0.5,0.5375,3200
fcc,1,0,JAC-1NN,late_time_delay,0.1,0.6666667,0.5625,3200
fcc,1,0,JAC-1NN,late_time_delay,0.1,0.8333333,0.559375,3200
fcc,1,0,JAC-1NN,late_time_delay,0.1,1.0,0.634375,3200
fcc,1,0,JAC-1NN,late_time_delay,0.15,0.1666667,0.225,3200
fcc,1,0,JAC-1NN,late_time_delay,0.15,0.3333333,0.225,3200
fcc,1,0,JAC-1NN,late_time_delay,0.15,0.5,0.4125,3200
fcc,1,0,JAC-1NN,late_time_delay,0.15,0.6666667,0.459375,3200
fcc,1,0,JAC-1NN,late_time_delay,0.15,0.8333333,0.484375,3200
fcc,1,0,JAC-1NN,late_time_delay,0.15,1.0,0.51875,3200
fcc,1,0,JAC-1NN,late_time_delay,0.2,0.1666667,0.26875,3200
fcc,1,0,JAC-1NN,late_time_delay,0.2,0.3333333,0.26875,3200
fcc,1,0,JAC-1NN,late_time_delay,0.2,0.5,0.371875,3200
fcc,1,0,JAC-1NN,late_time_delay,0.2,0.6666667,0.415625,3200
fcc,1,0,JAC-1NN,late_time_delay,0.2,0.8333333,0.415625,3200
fcc,1,0,JAC-1NN,late_time_delay,0.2,1.0,0.4625,3200
fcc,1,0,JAC-1NN,late_time_delay,0.25,0.1666667,0.290625,3200
fcc,1,0,JAC-1NN,late_time_delay,0.25,0.3333333,0.290625,3200
fcc,1,0,JAC-1NN,late_time_delay,0.25,0.5,0.35625,3200
fcc,1,0,JAC-1NN,late_time_delay,0.25,0.6666667,0.35625,3200
fcc,1,0,JAC-1NN,late_time_delay,0.25,0.8333333,0.38125,3200
fcc,1,0,JAC-1NN,late_time_delay,0.25,1.0,0.428125,3200
fcc,1,0,JAC-1NN,late_time_delay,0.3,0.1666667,0.296875,3200
fcc,1,0,JAC-1NN,late_time_delay,0.3,0.3333333,0.296875,3200
fcc,1,0,JAC-1NN,late_time_delay,0.3,0.5,0.35,3200
fcc,1,0,JAC-1NN,late_time_delay,0.3,0.6666667,0.35,3200
fcc,1,0,JAC-1NN,late_time_delay,0.3,0.8333333,0.384375,3200
fcc,1,0,JAC-1NN,late_time_delay,0.3,1.0,0.421875,3200
fcc,1,0,JAC-1NN,late_time_delay,0.4,0.1666667,0.24375,3200
fcc,1,0,JAC-1NN,late_time_delay,0.4,0.3333333,0.24375,3200
fcc,1,0,JAC-1NN,late_time_delay,0.4,0.5,0.24375,3200
fcc,1,0,JAC-1NN,late_time_delay,0.4,0.6666667,0.290625,3200
fcc,1,0,JAC-1NN,late_time_delay,0.4,0.8333333,0.290625,3200
fcc,1,0,JAC-1NN,late_time_delay,0.4,1.0,0.378125,3200
fcc,1,0,JAC-1NN,late_time_delay,0.5,0.1666667,0.203125,3200
fcc,1,0,JAC-1NN,late_time_delay,0.5,0.3333333,0.203125,3200
fcc,1,0,JAC-1NN,late_time_delay,0.5,0.5,0.203125,3200
fcc,1,0,JAC-1NN,late_time_delay,0.5,0.6666667,0.203125,3200
fcc,1,0,JAC-1NN,late_time_delay,0.5,0.8333333,0.25,3200
fcc,1,0,JAC-1NN,late_time_delay,0.5,1.0,0.3,3200
fcc,1,0,JAC-1NN,late_time_delay,0.6,0.1666667,0.13125,3200
fcc,1,0,JAC-1NN,late_time_delay,0.6,0.3333333,0.13125,3200
fcc,1,0,JAC-1NN,late_time_delay,0.6,0.5,0.13125,3200
fcc,1,0,JAC-1NN,late_time_delay,0.6,0.6666667,0.13125,3200
fcc,1,0,JAC-1NN,late_time_delay,0.6,0.8333333,0.13125,3200
fcc,1,0,JAC-1NN,late_time_delay,0.6,1.0,0.246875,3200
fcc,1,0,JAC-1NN,late_time_delay,0.7,0.1666667,0.171875,3200
fcc,1,0,JAC-1NN,late_time_delay,0.7,0.3333333,0.171875,3200
fcc,1,0,JAC-1NN,late_time_delay,0.7,0.5,0.171875,3200
fcc,1,0,JAC-1NN,late_time_delay,0.7,0.6666667,0.171875,3200
fcc,1,0,JAC-1NN,late_time_delay,0.7,0.8333333,0.171875,3200
fcc,1,0,JAC-1NN,late_time_delay,0.7,1.0,0.1875,3200
fcc,1,0,JAC-1NN,late_time_delay,0.8,0.1666667,0.1625,3200
fcc,1,0,JAC-1NN,late_time_delay,0.8,0.3333333,0.1625,3200
fcc,1,0,JAC-1NN,late_time_delay,0.8,0.5,0.1625,3200
fcc,1,0,JAC-1NN,late_time_delay,0.8,0.6666667,0.1625,3200
fcc,1,0,JAC-1NN,late_time_delay,0.8,0.8333333,0.1625,3200
fcc,1,0,JAC-1NN,late_time_delay,0.8,1.0,0.175,3200
fcc,1,0,JAC-1NN,late_time_delay,0.9,0.1666667,0.15,3200
fcc,1,0,JAC-1NN,late_time_delay,0.9,0.3333333,0.15,3200
fcc,1,0,JAC-1NN,late_time_delay,0.9,0.5,0.15,3200
fcc,1,0,JAC-1NN,late_time_delay,0.9,0.6666667,0.15,3200
fcc,1,0,JAC-1NN,late_time_delay,0.9,0.8333333,0.15,3200
fcc,1,0,JAC-1NN,late_time_delay,0.9,1.0,0.15,3200
fcc,1,0,JAC-1NN,missing_events,0.0,0.1666667,0.671875,3200
fcc,1,0,JAC-1NN,missing_events,0.0,0.3333333,0.671875,3200
fcc,1,0,JAC-1NN,missing_events,0.0,0.5,0.93125,3200
fcc,1,0,JAC-1NN,missing_events,0.0,0.6666667,0.990625,3200
fcc,1,0,JAC-1NN,missing_events,0.0,0.8333333,0.99375,3200
fcc,1,0,JAC-1NN,missing_events,0.0,1.0,0.99375,3200
fcc,1,0,JAC-1NN,missing_events,0.05,0.1666667,0.6634375,3200
fcc,1,0,JAC-1NN,missing_events,0.05,0.3333333,0.6634375,3200
fcc,1,0,JAC-1NN,missing_events,0.05,0.5,0.925,3200
fcc,1,0,JAC-1NN,missing_events,0.05,0.6666667,0.98875,3200
fcc,1,0,JAC-1NN,missing_events,0.05,0.8333333,0.9934375,3200
fcc,1,0,JAC-1NN,missing_events,0.05,1.0,0.9934375,3200
fcc,1,0,JAC-1NN,missing_events,0.1,0.1666667,0.650625,3200
fcc,1,0,JAC-1NN,missing_events,0.1,0.3333333,0.650625,3200
fcc,1,0,JAC-1NN,missing_events,0.1,0.5,0.9025,3200
fcc,1,0,JAC-1NN,missing_events,0.1,0.6666667,0.9778125,3200
fcc,1,0,JAC-1NN,missing_events,0.1,0.8333333,0.9875,3200
fcc,1,0,JAC-1NN,missing_events,0.1,1.0,0.98875,3200
fcc,1,0,JAC-1NN,missing_events,0.15,0.1666667,0.63125,3200
fcc,1,0,JAC-1NN,missing_events,0.15,0.3333333,0.63125,3200
fcc,1,0,JAC-1NN,missing_events,0.15,0.5,0.8825,3200
fcc,1,0,JAC-1NN,missing_events,0.15,0.6666667,0.9621875,3200
fcc,1,0,JAC-1NN,missing_events,0.15,0.8333333,0.975625,3200
fcc,1,0,JAC-1NN,missing_events,0.15,1.0,0.9834375,3200
fcc,1,0,JAC-1NN,missing_events,0.2,0.1666667,0.6134375,3200
fcc,1,0,JAC-1NN,missing_events,0.2,0.3333333,0.6134375,3200
fcc,1,0,JAC-1NN,missing_events,0.2,0.5,0.8528125,3200
fcc,1,0,JAC-1NN,missing_events,0.2,0.6666667,0.948125,3200
fcc,1,0,JAC-1NN,missing_events,0.2,0.8333333,0.9653125,3200
fcc,1,0,JAC-1NN,missing_events,0.2,1.0,0.9771875,3200
fcc,1,0,JAC-1NN,missing_events,0.25,0.1666667,0.6046875,3200
fcc,1,0,JAC-1NN,missing_events,0.25,0.3333333,0.6046875,3200
fcc,1,0,JAC-1NN,missing_events,0.25,0.5,0.8203125,3200
fcc,1,0,JAC-1NN,missing_events,0.25,0.6666667,0.9359375,3200
fcc,1,0,JAC-1NN,missing_events,0.25,0.8333333,0.956875,3200
fcc,1,0,JAC-1NN,missing_events,0.25,1.0,0.968125,3200
fcc,1,0,JAC-1NN,missing_events,0.3,0.1666667,0.575625,3200
fcc,1,0,JAC-1NN,missing_events,0.3,0.3333333,0.575625,3200
fcc,1,0,JAC-1NN,missing_events,0.3,0.5,0.80625,3200
fcc,1,0,JAC-1NN,missing_events,0.3,0.6666667,0.918125,3200
fcc,1,0,JAC-1NN,missing_events,0.3,0.8333333,0.94125,3200
fcc,1,0,JAC-1NN,missing_events,0.3,1.0,0.9603125,3200
fcc,1,0,JAC-1NN,missing_events,0.4,0.1666667,0.5396875,3200
fcc,1,0,JAC-1NN,missing_events,0.4,0.3333333,0.5396875,3200
fcc,1,0,JAC-1NN,missing_events,0.4,0.5,0.7246875,3200
fcc,1,0,JAC-1NN,missing_events,0.4,0.6666667,0.8578125,3200
fcc,1,0,JAC-1NN,missing_events,0.4,0.8333333,0.89125,3200
fcc,1,0,JAC-1NN,missing_events,0.4,1.0,0.9178125,3200
fcc,1,0,JAC-1NN,missing_events,0.5,0.1666667,0.4875,3200
fcc,1,0,JAC-1NN,missing_events,0.5,0.3333333,0.4875,3200
fcc,1,0,JAC-1NN,missing_events,0.5,0.5,0.6440625,3200
fcc,1,0,JAC-1NN,missing_events,0.5,0.6666667,0.7675,3200
fcc,1,0,JAC-1NN,missing_events,0.5,0.8333333,0.8034375,3200
fcc,1,0,JAC-1NN,missing_events,0.5,1.0,0.8475,3200
fcc,1,0,JAC-1NN,missing_events,0.6,0.1666667,0.4303125,3200
fcc,1,0,JAC-1NN,missing_events,0.6,0.3333333,0.4303125,3200
fcc,1,0,JAC-1NN,missing_events,0.6,0.5,0.545625,3200
fcc,1,0,JAC-1NN,missing_events,0.6,0.6666667,0.6728125,3200
fcc,1,0,JAC-1NN,missing_events,0.6,0.8333333,0.7009375,3200
fcc,1,0,JAC-1NN,missing_events,0.6,1.0,0.7503125,3200
fcc,1,0,JAC-1NN,missing_events,0.7,0.1666667,0.355625,3200
fcc,1,0,JAC-1NN,missing_events,0.7,0.3333333,0.355625,3200
fcc,1,0,JAC-1NN,missing_events,0.7,0.5,0.4290625,3200
fcc,1,0,JAC-1NN,missing_events,0.7,0.6666667,0.5321875,3200
fcc,1,0,JAC-1NN,missing_events,0.7,0.8333333,0.5703125,3200
fcc,1,0,JAC-1NN,missing_events,0.7,1.0,0.611875,3200
fcc,1,0,JAC-1NN,missing_events,0.8,0.1666667,0.2921875,3200
fcc,1,0,JAC-1NN,missing_events,0.8,0.3333333,0.2921875,3200
fcc,1,0,JAC-1NN,missing_events,0.8,0.5,0.3415625,3200
fcc,1,0,JAC-1NN,missing_events,0.8,0.6666667,0.4096875,3200
fcc,1,0,JAC-1NN,missing_events,0.8,0.8333333,0.4275,3200
fcc,1,0,JAC-1NN,missing_events,0.8,1.0,0.45125,3200
fcc,1,0,JAC-1NN,missing_events,0.9,0.1666667,0.2134375,3200
fcc,1,0,JAC-1NN,missing_events,0.9,0.3333333,0.2134375,3200
fcc,1,0,JAC-1NN,missing_events,0.9,0.5,0.236875,3200
fcc,1,0,JAC-1NN,missing_events,0.9,0.6666667,0.275625,3200
fcc,1,0,JAC-1NN,missing_events,0.9,0.8333333,0.2846875,3200
fcc,1,0,JAC-1NN,missing_events,0.9,1.0,0.2965625,3200
fcc,1,0,JAC-1NN,mixed_missing_spurious,0.0,0.1666667,0.671875,3200
fcc,1,0,JAC-1NN,mixed_missing_spurious,0.0,0.3333333,0.671875,3200
fcc,1,0,JAC-1NN,mixed_missing_spurious,0.0,0.5,0.93125,3200
fcc,1,0,JAC-1NN,mixed_missing_spurious,0.0,0.6666667,0.990625,3200
fcc,1,0,JAC-1NN,mixed_missing_spurious,0.0,0.8333333,0.99375,3200
fcc,1,0,JAC-1NN,mixed_missing_spurious,0.0,1.0,0.99375,3200
fcc,1,0,JAC-1NN,mixed_missing_spurious,0.05,0.1666667,0.668125,3200
fcc,1,0,JAC-1NN,mixed_missing_spurious,0.05,0.3333333,0.668125,3200
fcc,1,0,JAC-1NN,mixed_missing_spurious,0.05,0.5,0.923125,3200
fcc,1,0,JAC-1NN,mixed_missing_spurious,0.05,0.6666667,0.9859375,3200
fcc,1,0,JAC-1NN,mixed_missing_spurious,0.05,0.8333333,0.991875,3200
fcc,1,0,JAC-1NN,mixed_missing_spurious,0.05,1.0,0.9925,3200
fcc,1,0,JAC-1NN,mixed_missing_spurious,0.1,0.1666667,0.648125,3200
fcc,1,0,JAC-1NN,mixed_missing_spurious,0.1,0.3333333,0.648125,3200
fcc,1,0,JAC-1NN,mixed_missing_spurious,0.1,0.5,0.9053125,3200
fcc,1,0,JAC-1NN,mixed_missing_spurious,0.1,0.6666667,0.974375,3200
fcc,1,0,JAC-1NN,mixed_missing_spurious,0.1,0.8333333,0.9803125,3200
fcc,1,0,JAC-1NN,mixed_missing_spurious,0.1,1.0,0.98125,3200
fcc,1,0,JAC-1NN,mixed_missing_spurious,0.15,0.1666667,0.628125,3200
fcc,1,0,JAC-1NN,mixed_missing_spurious,0.15,0.3333333,0.628125,3200
fcc,1,0,JAC-1NN,mixed_missing_spurious,0.15,0.5,0.883125,3200
fcc,1,0,JAC-1NN,mixed_missing_spurious,0.15,0.6666667,0.960625,3200
fcc,1,0,JAC-1NN,mixed_missing_spurious,0.15,0.8333333,0.9746875,3200
fcc,1,0,JAC-1NN,mixed_missing_spurious,0.15,1.0,0.9771875,3200
fcc,1,0,JAC-1NN,mixed_missing_spurious,0.2,0.1666667,0.614375,3200
fcc,1,0,JAC-1NN,mixed_missing_spurious,0.2,0.3333333,0.614375,3200
fcc,1,0,JAC-1NN,mixed_missing_spurious,0.2,0.5,0.8475,3200
fcc,1,0,JAC-1NN,mixed_missing_spurious,0.2,0.6666667,0.9425,3200
fcc,1,0,JAC-1NN,mixed_missing_spurious,0.2,0.8333333,0.9571875,3200
fcc,1,0,JAC-1NN,mixed_missing_spurious,0.2,1.0,0.9653125,3200
fcc,1,0,JAC-1NN,mixed_missing_spurious,0.25,0.1666667,0.6109375,3200
fcc,1,0,JAC-1NN,mixed_missing_spurious,0.25,0.3333333,0.6109375,3200
fcc,1,0,JAC-1NN,mixed_missing_spurious,0.25,0.5,0.8315625,3200
fcc,1,0,JAC-1NN,mixed_missing_spurious,0.25,0.6666667,0.9278125,3200
fcc,1,0,JAC-1NN,mixed_missing_spurious,0.25,0.8333333,0.9421875,3200
fcc,1,0,JAC-1NN,mixed_missing_spurious,0.25,1.0,0.9540625,3200
fcc,1,0,JAC-1NN,mixed_missing_spurious,0.3,0.1666667,0.584375,3200
fcc,1,0,JAC-1NN,mixed_missing_spurious,0.3,0.3333333,0.584375,3200
fcc,1,0,JAC-1NN,mixed_missing_spurious,0.3,0.5,0.7978125,3200
fcc,1,0,JAC-1NN,mixed_missing_spurious,0.3,0.6666667,0.8965625,3200
fcc,1,0,JAC-1NN,mixed_missing_spurious,0.3,0.8333333,0.9178125,3200
fcc,1,0,JAC-1NN,mixed_missing_spurious,0.3,1.0,0.930625,3200
fcc,1,0,JAC-1NN,mixed_missing_spurious,0.4,0.1666667,0.5434375,3200
fcc,1,0,JAC-1NN,mixed_missing_spurious,0.4,0.3333333,0.5434375,3200
fcc,1,0,JAC-1NN,mixed_missing_spurious,0.4,0.5,0.7209375,3200
fcc,1,0,JAC-1NN,mixed_missing_spurious,0.4,0.6666667,0.831875,3200
fcc,1,0,JAC-1NN,mixed_missing_spurious,0.4,0.8333333,0.855,3200
fcc,1,0,JAC-1NN,mixed_missing_spurious,0.4,1.0,0.8778125,3200
fcc,1,0,JAC-1NN,mixed_missing_spurious,0.5,0.1666667,0.476875,3200
fcc,1,0,JAC-1NN,mixed_missing_spurious,0.5,0.3333333,0.476875,3200
fcc,1,0,JAC-1NN,mixed_missing_spurious,0.5,0.5,0.628125,3200
fcc,1,0,JAC-1NN,mixed_missing_spurious,0.5,0.6666667,0.7496875,3200
fcc,1,0,JAC-1NN,mixed_missing_spurious,0.5,0.8333333,0.77375,3200
fcc,1,0,JAC-1NN,mixed_missing_spurious,0.5,1.0,0.8034375,3200
fcc,1,0,JAC-1NN,mixed_missing_spurious,0.6,0.1666667,0.42875,3200
fcc,1,0,JAC-1NN,mixed_missing_spurious,0.6,0.3333333,0.42875,3200
fcc,1,0,JAC-1NN,mixed_missing_spurious,0.6,0.5,0.5453125,3200
fcc,1,0,JAC-1NN,mixed_missing_spurious,0.6,0.6666667,0.6571875,3200
fcc,1,0,JAC-1NN,mixed_missing_spurious,0.6,0.8333333,0.6871875,3200
fcc,1,0,JAC-1NN,mixed_missing_spurious,0.6,1.0,0.71125,3200
fcc,1,0,JAC-1NN,mixed_missing_spurious,0.7,0.1666667,0.35875,3200
fcc,1,0,JAC-1NN,mixed_missing_spurious,0.7,0.3333333,0.35875,3200
fcc,1,0,JAC-1NN,mixed_missing_spurious,0.7,0.5,0.438125,3200
fcc,1,0,JAC-1NN,mixed_missing_spurious,0.7,0.6666667,0.53125,3200
fcc,1,0,JAC-1NN,mixed_missing_spurious,0.7,0.8333333,0.5559375,3200
fcc,1,0,JAC-1NN,mixed_missing_spurious,0.7,1.0,0.5853125,3200
fcc,1,0,JAC-1NN,mixed_missing_spurious,0.8,0.1666667,0.2846875,3200
fcc,1,0,JAC-1NN,mixed_missing_spurious,0.8,0.3333333,0.2846875,3200
fcc,1,0,JAC-1NN,mixed_missing_spurious,0.8,0.5,0.3228125,3200
fcc,1,0,JAC-1NN,mixed_missing_spurious,0.8,0.6666667,0.3834375,3200
fcc,1,0,JAC-1NN,mixed_missing_spurious,0.8,0.8333333,0.3984375,3200
fcc,1,0,JAC-1NN,mixed_missing_spurious,0.8,1.0,0.419375,3200
fcc,1,0,JAC-1NN,mixed_missing_spurious,0.9,0.1666667,0.20875,3200
fcc,1,0,JAC-1NN,mixed_missing_spurious,0.9,0.3333333,0.20875,3200
fcc,1,0,JAC-1NN,mixed_missing_spurious,0.9,0.5,0.228125,3200
fcc,1,0,JAC-1NN,mixed_missing_spurious,0.9,0.6666667,0.2628125,3200
fcc,1,0,JAC-1NN,mixed_missing_spurious,0.9,0.8333333,0.27125,3200
fcc,1,0,JAC-1NN,mixed_missing_spurious,0.9,1.0,0.28375,3200
fcc,1,0,JAC-1NN,mixed_spurious_timing_late,0.0,0.1666667,0.671875,3200
fcc,1,0,JAC-1NN,mixed_spurious_timing_late,0.0,0.3333333,0.671875,3200
fcc,1,0,JAC-1NN,mixed_spurious_timing_late,0.0,0.5,0.93125,3200
fcc,1,0,JAC-1NN,mixed_spurious_timing_late,0.0,0.6666667,0.990625,3200
fcc,1,0,JAC-1NN,mixed_spurious_timing_late,0.0,0.8333333,0.99375,3200
fcc,1,0,JAC-1NN,mixed_spurious_timing_late,0.0,1.0,0.99375,3200
fcc,1,0,JAC-1NN,mixed_spurious_timing_late,0.05,0.1666667,0.3115625,3200
fcc,1,0,JAC-1NN,mixed_spurious_timing_late,0.05,0.3333333,0.3115625,3200
fcc,1,0,JAC-1NN,mixed_spurious_timing_late,0.05,0.5,0.544375,3200
fcc,1,0,JAC-1NN,mixed_spurious_timing_late,0.05,0.6666667,0.5753125,3200
fcc,1,0,JAC-1NN,mixed_spurious_timing_late,0.05,0.8333333,0.591875,3200
fcc,1,0,JAC-1NN,mixed_spurious_timing_late,0.05,1.0,0.6709375,3200
fcc,1,0,JAC-1NN,mixed_spurious_timing_late,0.1,0.1666667,0.2715625,3200
fcc,1,0,JAC-1NN,mixed_spurious_timing_late,0.1,0.3333333,0.2715625,3200
fcc,1,0,JAC-1NN,mixed_spurious_timing_late,0.1,0.5,0.53375,3200
fcc,1,0,JAC-1NN,mixed_spurious_timing_late,0.1,0.6666667,0.5625,3200
fcc,1,0,JAC-1NN,mixed_spurious_timing_late,0.1,0.8333333,0.5596875,3200
fcc,1,0,JAC-1NN,mixed_spurious_timing_late,0.1,1.0,0.6275,3200
fcc,1,0,JAC-1NN,mixed_spurious_timing_late,0.15,0.1666667,0.2275,3200
fcc,1,0,JAC-1NN,mixed_spurious_timing_late,0.15,0.3333333,0.2275,3200
fcc,1,0,JAC-1NN,mixed_spurious_timing_late,0.15,0.5,0.41,3200
fcc,1,0,JAC-1NN,mixed_spurious_timing_late,0.15,0.6666667,0.4553125,3200
fcc,1,0,JAC-1NN,mixed_spurious_timing_late,0.15,0.8333333,0.4853125,3200
fcc,1,0,JAC-1NN,mixed_spurious_timing_late,0.15,1.0,0.5203125,3200
fcc,1,0,JAC-1NN,mixed_spurious_timing_late,0.2,0.1666667,0.270625,3200
fcc,1,0,JAC-1NN,mixed_spurious_timing_late,0.2,0.3333333,0.270625,3200
fcc,1,0,JAC-1NN,mixed_spurious_timing_late,0.2,0.5,0.3725,3200
fcc,1,0,JAC-1NN,mixed_spurious_timing_late,0.2,0.6666667,0.419375,3200
fcc,1,0,JAC-1NN,mixed_spurious_timing_late,0.2,0.8333333,0.419375,3200
fcc,1,0,JAC-1NN,mixed_spurious_timing_late,0.2,1.0,0.4584375,3200
fcc,1,0,JAC-1NN,mixed_spurious_timing_late,0.25,0.1666667,0.2721875,3200
fcc,1,0,JAC-1NN,mixed_spurious_timing_late,0.25,0.3333333,0.2721875,3200
fcc,1,0,JAC-1NN,mixed_spurious_timing_late,0.25,0.5,0.3484375,3200
fcc,1,0,JAC-1NN,mixed_spurious_timing_late,0.25,0.6666667,0.3484375,3200
fcc,1,0,JAC-1NN,mixed_spurious_timing_late,0.25,0.8333333,0.3909375,3200
fcc,1,0,JAC-1NN,mixed_spurious_timing_late,0.25,1.0,0.428125,3200
fcc,1,0,JAC-1NN,mixed_spurious_timing_late,0.3,0.1666667,0.2878125,3200
fcc,1,0,JAC-1NN,mixed_spurious_timing_late,0.3,0.3333333,0.2878125,3200
fcc,1,0,JAC-1NN,mixed_spurious_timing_late,0.3,0.5,0.34125,3200
fcc,1,0,JAC-1NN,mixed_spurious_timing_late,0.3,0.6666667,0.34125,3200
fcc,1,0,JAC-1NN,mixed_spurious_timing_late,0.3,0.8333333,0.3790625,3200
fcc,1,0,JAC-1NN,mixed_spurious_timing_late,0.3,1.0,0.4075,3200
fcc,1,0,JAC-1NN,mixed_spurious_timing_late,0.4,0.1666667,0.21125,3200
fcc,1,0,JAC-1NN,mixed_spurious_timing_late,0.4,0.3333333,0.21125,3200
fcc,1,0,JAC-1NN,mixed_spurious_timing_late,0.4,0.5,0.21125,3200
fcc,1,0,JAC-1NN,mixed_spurious_timing_late,0.4,0.6666667,0.245,3200
fcc,1,0,JAC-1NN,mixed_spurious_timing_late,0.4,0.8333333,0.245,3200
fcc,1,0,JAC-1NN,mixed_spurious_timing_late,0.4,1.0,0.306875,3200
fcc,1,0,JAC-1NN,mixed_spurious_timing_late,0.5,0.1666667,0.136875,3200
fcc,1,0,JAC-1NN,mixed_spurious_timing_late,0.5,0.3333333,0.136875,3200
fcc,1,0,JAC-1NN,mixed_spurious_timing_late,0.5,0.5,0.136875,3200
fcc,1,0,JAC-1NN,mixed_spurious_timing_late,0.5,0.6666667,0.136875,3200
fcc,1,0,JAC-1NN,mixed_spurious_timing_late,0.5,0.8333333,0.186875,3200
fcc,1,0,JAC-1NN,mixed_spurious_timing_late,0.5,1.0,0.2025,3200
fcc,1,0,JAC-1NN,mixed_spurious_timing_late,0.6,0.1666667,0.104375,3200
fcc,1,0,JAC-1NN,mixed_spurious_timing_late,0.6,0.3333333,0.104375,3200
fcc,1,0,JAC-1NN,mixed_spurious_timing_late,0.6,0.5,0.104375,3200
fcc,1,0,JAC-1NN,mixed_spurious_timing_late,0.6,0.6666667,0.104375,3200
fcc,1,0,JAC-1NN,mixed_spurious_timing_late,0.6,0.8333333,0.104375,3200
fcc,1,0,JAC-1NN,mixed_spurious_timing_late,0.6,1.0,0.15875,3200
fcc,1,0,JAC-1NN,mixed_spurious_timing_late,0.7,0.1666667,0.0996875,3200
fcc,1,0,JAC-1NN,mixed_spurious_timing_late,0.7,0.3333333,0.0996875,3200
fcc,1,0,JAC-1NN,mixed_spurious_timing_late,0.7,0.5,0.0996875,3200
fcc,1,0,JAC-1NN,mixed_spurious_timing_late,0.7,0.6666667,0.0996875,3200
fcc,1,0,JAC-1NN,mixed_spurious_timing_late,0.7,0.8333333,0.0996875,3200
fcc,1,0,JAC-1NN,mixed_spurious_timing_late,0.7,1.0,0.1234375,3200
fcc,1,0,JAC-1NN,mixed_spurious_timing_late,0.8,0.1666667,0.083125,3200
fcc,1,0,JAC-1NN,mixed_spurious_timing_late,0.8,0.3333333,0.083125,3200
fcc,1,0,JAC-1NN,mixed_spurious_timing_late,0.8,0.5,0.083125,3200
fcc,1,0,JAC-1NN,mixed_spurious_timing_late,0.8,0.6666667,0.083125,3200
fcc,1,0,JAC-1NN,mixed_spurious_timing_late,0.8,0.8333333,0.083125,3200
fcc,1,0,JAC-1NN,mixed_spurious_timing_late,0.8,1.0,0.088125,3200
fcc,1,0,JAC-1NN,mixed_spurious_timing_late,0.9,0.1666667,0.0790625,3200
fcc,1,0,JAC-1NN,mixed_spurious_timing_late,0.9,0.3333333,0.0790625,3200
fcc,1,0,JAC-1NN,mixed_spurious_timing_late,0.9,0.5,0.0790625,3200
fcc,1,0,JAC-1NN,mixed_spurious_timing_late,0.9,0.6666667,0.0790625,3200
fcc,1,0,JAC-1NN,mixed_spurious_timing_late,0.9,0.8333333,0.0790625,3200
fcc,1,0,JAC-1NN,mixed_spurious_timing_late,0.9,1.0,0.0790625,3200
fcc,1,0,JAC-1NN,spurious_events,0.0,0.1666667,0.671875,3200
fcc,1,0,JAC-1NN,spurious_events,0.0,0.3333333,0.671875,3200
fcc,1,0,JAC-1NN,spurious_events,0.0,0.5,0.93125,3200
fcc,1,0,JAC-1NN,spurious_events,0.0,0.6666667,0.990625,3200
fcc,1,0,JAC-1NN,spurious_events,0.0,0.8333333,0.99375,3200
fcc,1,0,JAC-1NN,spurious_events,0.0,1.0,0.99375,3200
fcc,1,0,JAC-1NN,spurious_events,0.05,0.1666667,0.671875,3200
fcc,1,0,JAC-1NN,spurious_events,0.05,0.3333333,0.671875,3200
fcc,1,0,JAC-1NN,spurious_events,0.05,0.5,0.9309375,3200
fcc,1,0,JAC-1NN,spurious_events,0.05,0.6666667,0.99,3200
fcc,1,0,JAC-1NN,spurious_events,0.05,0.8333333,0.9928125,3200
fcc,1,0,JAC-1NN,spurious_events,0.05,1.0,0.993125,3200
fcc,1,0,JAC-1NN,spurious_events,0.1,0.1666667,0.6715625,3200
fcc,1,0,JAC-1NN,spurious_events,0.1,0.3333333,0.6715625,3200
fcc,1,0,JAC-1NN,spurious_events,0.1,0.5,0.9334375,3200
fcc,1,0,JAC-1NN,spurious_events,0.1,0.6666667,0.9865625,3200
fcc,1,0,JAC-1NN,spurious_events,0.1,0.8333333,0.99125,3200
fcc,1,0,JAC-1NN,spurious_events,0.1,1.0,0.991875,3200
fcc,1,0,JAC-1NN,spurious_events,0.15,0.1666667,0.6746875,3200
fcc,1,0,JAC-1NN,spurious_events,0.15,0.3333333,0.6746875,3200
fcc,1,0,JAC-1NN,spurious_events,0.15,0.5,0.9284375,3200
fcc,1,0,JAC-1NN,spurious_events,0.15,0.6666667,0.983125,3200
fcc,1,0,JAC-1NN,spurious_events,0.15,0.8333333,0.9890625,3200
fcc,1,0,JAC-1NN,spurious_events,0.15,1.0,0.9896875,3200
fcc,1,0,JAC-1NN,spurious_events,0.2,0.1666667,0.6796875,3200
fcc,1,0,JAC-1NN,spurious_events,0.2,0.3333333,0.6796875,3200
fcc,1,0,JAC-1NN,spurious_events,0.2,0.5,0.9284375,3200
fcc,1,0,JAC-1NN,spurious_events,0.2,0.6666667,0.9803125,3200
fcc,1,0,JAC-1NN,spurious_events,0.2,0.8333333,0.9865625,3200
fcc,1,0,JAC-1NN,spurious_events,0.2,1.0,0.985625,3200
fcc,1,0,JAC-1NN,spurious_events,0.25,0.1666667,0.6725,3200
fcc,1,0,JAC-1NN,spurious_events,0.25,0.3333333,0.6725,3200
fcc,1,0,JAC-1NN,spurious_events,0.25,0.5,0.925625,3200
fcc,1,0,JAC-1NN,spurious_events,0.25,0.6666667,0.9775,3200
fcc,1,0,JAC-1NN,spurious_events,0.25,0.8333333,0.981875,3200
fcc,1,0,JAC-1NN,spurious_events,0.25,1.0,0.9834375,3200
fcc,1,0,JAC-1NN,spurious_events,0.3,0.1666667,0.68,3200
fcc,1,0,JAC-1NN,spurious_events,0.3,0.3333333,0.68,3200
fcc,1,0,JAC-1NN,spurious_events,0.3,0.5,0.9228125,3200
fcc,1,0,JAC-1NN,spurious_events,0.3,0.6666667,0.9784375,3200
fcc,1,0,JAC-1NN,spurious_events,0.3,0.8333333,0.9840625,3200
fcc,1,0,JAC-1NN,spurious_events,0.3,1.0,0.983125,3200
fcc,1,0,JAC-1NN,spurious_events,0.4,0.1666667,0.685625,3200
fcc,1,0,JAC-1NN,spurious_events,0.4,0.3333333,0.685625,3200
fcc,1,0,JAC-1NN,spurious_events,0.4,0.5,0.92125,3200
fcc,1,0,JAC-1NN,spurious_events,0.4,0.6666667,0.9653125,3200
fcc,1,0,JAC-1NN,spurious_events,0.4,0.8333333,0.9684375,3200
fcc,1,0,JAC-1NN,spurious_events,0.4,1.0,0.96875,3200
fcc,1,0,JAC-1NN,spurious_events,0.5,0.1666667,0.6878125,3200
fcc,1,0,JAC-1NN,spurious_events,0.5,0.3333333,0.6878125,3200
fcc,1,0,JAC-1NN,spurious_events,0.5,0.5,0.908125,3200
fcc,1,0,JAC-1NN,spurious_events,0.5,0.6666667,0.9596875,3200
fcc,1,0,JAC-1NN,spurious_events,0.5,0.8333333,0.9609375,3200
fcc,1,0,JAC-1NN,spurious_events,0.5,1.0,0.953125,3200
fcc,1,0,JAC-1NN,spurious_events,0.6,0.1666667,0.686875,3200
fcc,1,0,JAC-1NN,spurious_events,0.6,0.3333333,0.686875,3200
fcc,1,0,JAC-1NN,spurious_events,0.6,0.5,0.9096875,3200
fcc,1,0,JAC-1NN,spurious_events,0.6,0.6666667,0.956875,3200
fcc,1,0,JAC-1NN,spurious_events,0.6,0.8333333,0.955625,3200
fcc,1,0,JAC-1NN,spurious_events,0.6,1.0,0.9425,3200
fcc,1,0,JAC-1NN,spurious_events,0.7,0.1666667,0.69375,3200
fcc,1,0,JAC-1NN,spurious_events,0.7,0.3333333,0.69375,3200
fcc,1,0,JAC-1NN,spurious_events,0.7,0.5,0.908125,3200
fcc,1,0,JAC-1NN,spurious_events,0.7,0.6666667,0.945,3200
fcc,1,0,JAC-1NN,spurious_events,0.7,0.8333333,0.9434375,3200
fcc,1,0,JAC-1NN,spurious_events,0.7,1.0,0.92,3200
fcc,1,0,JAC-1NN,spurious_events,0.8,0.1666667,0.6896875,3200
fcc,1,0,JAC-1NN,spurious_events,0.8,0.3333333,0.6896875,3200
fcc,1,0,JAC-1NN,spurious_events,0.8,0.5,0.8875,3200
fcc,1,0,JAC-1NN,spurious_events,0.8,0.6666667,0.9359375,3200
fcc,1,0,JAC-1NN,spurious_events,0.8,0.8333333,0.9315625,3200
fcc,1,0,JAC-1NN,spurious_events,0.8,1.0,0.8984375,3200
fcc,1,0,JAC-1NN,spurious_events,0.9,0.1666667,0.691875,3200
fcc,1,0,JAC-1NN,spurious_events,0.9,0.3333333,0.691875,3200
fcc,1,0,JAC-1NN,spurious_events,0.9,0.5,0.8875,3200
fcc,1,0,JAC-1NN,spurious_events,0.9,0.6666667,0.92875,3200
fcc,1,0,JAC-1NN,spurious_events,0.9,0.8333333,0.9078125,3200
fcc,1,0,JAC-1NN,spurious_events,0.9,1.0,0.8675,3200
fcc,1,0,JAC-1NN,timing_uncertainty,0.0,0.1666667,0.671875,3200
fcc,1,0,JAC-1NN,timing_uncertainty,0.0,0.3333333,0.671875,3200
fcc,1,0,JAC-1NN,timing_uncertainty,0.0,0.5,0.93125,3200
fcc,1,0,JAC-1NN,timing_uncertainty,0.0,0.6666667,0.990625,3200
fcc,1,0,JAC-1NN,timing_uncertainty,0.0,0.8333333,0.99375,3200
fcc,1,0,JAC-1NN,timing_uncertainty,0.0,1.0,0.99375,3200
fcc,1,0,JAC-1NN,timing_uncertainty,0.05,0.1666667,0.6715625,3200
fcc,1,0,JAC-1NN,timing_uncertainty,0.05,0.3333333,0.6715625,3200
fcc,1,0,JAC-1NN,timing_uncertainty,0.05,0.5,0.9309375,3200
fcc,1,0,JAC-1NN,timing_uncertainty,0.05,0.6666667,0.990625,3200
fcc,1,0,JAC-1NN,timing_uncertainty,0.05,0.8333333,0.99375,3200
fcc,1,0,JAC-1NN,timing_uncertainty,0.05,1.0,0.99375,3200
fcc,1,0,JAC-1NN,timing_uncertainty,0.1,0.1666667,0.67125,3200
fcc,1,0,JAC-1NN,timing_uncertainty,0.1,0.3333333,0.67125,3200
fcc,1,0,JAC-1NN,timing_uncertainty,0.1,0.5,0.93,3200
fcc,1,0,JAC-1NN,timing_uncertainty,0.1,0.6666667,0.990625,3200
fcc,1,0,JAC-1NN,timing_uncertainty,0.1,0.8333333,0.99375,3200
fcc,1,0,JAC-1NN,timing_uncertainty,0.1,1.0,0.9934375,3200
fcc,1,0,JAC-1NN,timing_uncertainty,0.15,0.1666667,0.67,3200
fcc,1,0,JAC-1NN,timing_uncertainty,0.15,0.3333333,0.67,3200
fcc,1,0,JAC-1NN,timing_uncertainty,0.15,0.5,0.9315625,3200
fcc,1,0,JAC-1NN,timing_uncertainty,0.15,0.6666667,0.990625,3200
fcc,1,0,JAC-1NN,timing_uncertainty,0.15,0.8333333,0.99375,3200
fcc,1,0,JAC-1NN,timing_uncertainty,0.15,1.0,0.99375,3200
fcc,1,0,JAC-1NN,timing_uncertainty,0.2,0.1666667,0.6703125,3200
fcc,1,0,JAC-1NN,timing_uncertainty,0.2,0.3333333,0.6703125,3200
fcc,1,0,JAC-1NN,timing_uncertainty,0.2,0.5,0.9290625,3200
fcc,1,0,JAC-1NN,timing_uncertainty,0.2,0.6666667,0.99,3200
fcc,1,0,JAC-1NN,timing_uncertainty,0.2,0.8333333,0.9921875,3200
fcc,1,0,JAC-1NN,timing_uncertainty,0.2,1.0,0.993125,3200
fcc,1,0,JAC-1NN,timing_uncertainty,0.25,0.1666667,0.66625,3200
fcc,1,0,JAC-1NN,timing_uncertainty,0.25,0.3333333,0.66625,3200
fcc,1,0,JAC-1NN,timing_uncertainty,0.25,0.5,0.9228125,3200
fcc,1,0,JAC-1NN,timing_uncertainty,0.25,0.6666667,0.9903125,3200
fcc,1,0,JAC-1NN,timing_uncertainty,0.25,0.8333333,0.9928125,3200
fcc,1,0,JAC-1NN,timing_uncertainty,0.25,1.0,0.993125,3200
fcc,1,0,JAC-1NN,timing_uncertainty,0.3,0.1666667,0.67125,3200
fcc,1,0,JAC-1NN,timing_uncertainty,0.3,0.3333333,0.67125,3200
fcc,1,0,JAC-1NN,timing_uncertainty,0.3,0.5,0.925625,3200
fcc,1,0,JAC-1NN,timing_uncertainty,0.3,0.6666667,0.989375,3200
fcc,1,0,JAC-1NN,timing_uncertainty,0.3,0.8333333,0.993125,3200
fcc,1,0,JAC-1NN,timing_uncertainty,0.3,1.0,0.993125,3200
fcc,1,0,JAC-1NN,timing_uncertainty,0.4,0.1666667,0.6659375,3200
fcc,1,0,JAC-1NN,timing_uncertainty,0.4,0.3333333,0.6659375,3200
fcc,1,0,JAC-1NN,timing_uncertainty,0.4,0.5,0.9221875,3200
fcc,1,0,JAC-1NN,timing_uncertainty,0.4,0.6666667,0.989375,3200
fcc,1,0,JAC-1NN,timing_uncertainty,0.4,0.8333333,0.9921875,3200
fcc,1,0,JAC-1NN,timing_uncertainty,0.4,1.0,0.991875,3200
fcc,1,0,JAC-1NN,timing_uncertainty,0.5,0.1666667,0.665,3200
fcc,1,0,JAC-1NN,timing_uncertainty,0.5,0.3333333,0.665,3200
fcc,1,0,JAC-1NN,timing_uncertainty,0.5,0.5,0.9196875,3200
fcc,1,0,JAC-1NN,timing_uncertainty,0.5,0.6666667,0.9890625,3200
fcc,1,0,JAC-1NN,timing_uncertainty,0.5,0.8333333,0.99125,3200
fcc,1,0,JAC-1NN,timing_uncertainty,0.5,1.0,0.993125,3200
fcc,1,0,JAC-1NN,timing_uncertainty,0.6,0.1666667,0.6671875,3200
fcc,1,0,JAC-1NN,timing_uncertainty,0.6,0.3333333,0.6671875,3200
fcc,1,0,JAC-1NN,timing_uncertainty,0.6,0.5,0.924375,3200
fcc,1,0,JAC-1NN,timing_uncertainty,0.6,0.6666667,0.9853125,3200
fcc,1,0,JAC-1NN,timing_uncertainty,0.6,0.8333333,0.990625,3200
fcc,1,0,JAC-1NN,timing_uncertainty,0.6,1.0,0.99125,3200
fcc,1,0,JAC-1NN,timing_uncertainty,0.7,0.1666667,0.6690625,3200
fcc,1,0,JAC-1NN,timing_uncertainty,0.7,0.3333333,0.6690625,3200
fcc,1,0,JAC-1NN,timing_uncertainty,0.7,0.5,0.91625,3200
fcc,1,0,JAC-1NN,timing_uncertainty,0.7,0.6666667,0.986875,3200
fcc,1,0,JAC-1NN,timing_uncertainty,0.7,0.8333333,0.991875,3200
fcc,1,0,JAC-1NN,timing_uncertainty,0.7,1.0,0.9928125,3200
fcc,1,0,JAC-1NN,timing_uncertainty,0.8,0.1666667,0.673125,3200
fcc,1,0,JAC-1NN,timing_uncertainty,0.8,0.3333333,0.673125,3200
fcc,1,0,JAC-1NN,timing_uncertainty,0.8,0.5,0.9171875,3200
fcc,1,0,JAC-1NN,timing_uncertainty,0.8,0.6666667,0.98375,3200
fcc,1,0,JAC-1NN,timing_uncertainty,0.8,0.8333333,0.9896875,3200
fcc,1,0,JAC-1NN,timing_uncertainty,0.8,1.0,0.9925,3200
fcc,1,0,JAC-1NN,timing_uncertainty,0.9,0.1666667,0.6825,3200
fcc,1,0,JAC-1NN,timing_uncertainty,0.9,0.3333333,0.6825,3200
fcc,1,0,JAC-1NN,timing_uncertainty,0.9,0.5,0.9175,3200
fcc,1,0,JAC-1NN,timing_uncertainty,0.9,0.6666667,0.9846875,3200
fcc,1,0,JAC-1NN,timing_uncertainty,0.9,0.8333333,0.990625,3200
fcc,1,0,JAC-1NN,timing_uncertainty,0.9,1.0,0.9925,3200
fcc,1,0,MBW-LR,late_time_delay,0.0,0.1666667,0.890625,3200
fcc,1,0,MBW-LR,late_time_delay,0.0,0.3333333,0.890625,3200
fcc,1,0,MBW-LR,late_time_delay,0.0,0.5,0.971875,3200
fcc,1,0,MBW-LR,late_time_delay,0.0,0.6666667,0.984375,3200
fcc,1,0,MBW-LR,late_time_delay,0.0,0.8333333,0.996875,3200
fcc,1,0,MBW-LR,late_time_delay,0.0,1.0,1.0,3200
fcc,1,0,MBW-LR,late_time_delay,0.05,0.1666667,0.3125,3200
fcc,1,0,MBW-LR,late_time_delay,0.05,0.3333333,0.3125,3200
fcc,1,0,MBW-LR,late_time_delay,0.05,0.5,0.35,3200
fcc,1,0,MBW-LR,late_time_delay,0.05,0.6666667,0.38125,3200
fcc,1,0,MBW-LR,late_time_delay,0.05,0.8333333,0.390625,3200
fcc,1,0,MBW-LR,late_time_delay,0.05,1.0,0.384375,3200
fcc,1,0,MBW-LR,late_time_delay,0.1,0.1666667,0.275,3200
fcc,1,0,MBW-LR,late_time_delay,0.1,0.3333333,0.275,3200
fcc,1,0,MBW-LR,late_time_delay,0.1,0.5,0.315625,3200
fcc,1,0,MBW-LR,late_time_delay,0.1,0.6666667,0.34375,3200
fcc,1,0,MBW-LR,late_time_delay,0.1,0.8333333,0.35625,3200
fcc,1,0,MBW-LR,late_time_delay,0.1,1.0,0.371875,3200
fcc,1,0,MBW-LR,late_time_delay,0.15,0.1666667,0.18125,3200
fcc,1,0,MBW-LR,late_time_delay,0.15,0.3333333,0.18125,3200
fcc,1,0,MBW-LR,late_time_delay,0.15,0.5,0.221875,3200
fcc,1,0,MBW-LR,late_time_delay,0.15,0.6666667,0.26875,3200
fcc,1,0,MBW-LR,late_time_delay,0.15,0.8333333,0.29375,3200
fcc,1,0,MBW-LR,late_time_delay,0.15,1.0,0.296875,3200
fcc,1,0,MBW-LR,late_time_delay,0.2,0.1666667,0.171875,3200
fcc,1,0,MBW-LR,late_time_delay,0.2,0.3333333,0.171875,3200
fcc,1,0,MBW-LR,late_time_delay,0.2,0.5,0.234375,3200
fcc,1,0,MBW-LR,late_time_delay,0.2,0.6666667,0.2625,3200
fcc,1,0,MBW-LR,late_time_delay,0.2,0.8333333,0.2625,3200
fcc,1,0,MBW-LR,late_time_delay,0.2,1.0,0.265625,3200
fcc,1,0,MBW-LR,late_time_delay,0.25,0.1666667,0.203125,3200
fcc,1,0,MBW-LR,late_time_delay,0.25,0.3333333,0.203125,3200
fcc,1,0,MBW-LR,late_time_delay,0.25,0.5,0.23125,3200
fcc,1,0,MBW-LR,late_time_delay,0.25,0.6666667,0.23125,3200
fcc,1,0,MBW-LR,late_time_delay,0.25,0.8333333,0.234375,3200
fcc,1,0,MBW-LR,late_time_delay,0.25,1.0,0.2375,3200
fcc,1,0,MBW-LR,late_time_delay,0.3,0.1666667,0.184375,3200
fcc,1,0,MBW-LR,late_time_delay,0.3,0.3333333,0.184375,3200
fcc,1,0,MBW-LR,late_time_delay,0.3,0.5,0.234375,3200
fcc,1,0,MBW-LR,late_time_delay,0.3,0.6666667,0.234375,3200
fcc,1,0,MBW-LR,late_time_delay,0.3,0.8333333,0.240625,3200
fcc,1,0,MBW-LR,late_time_delay,0.3,1.0,0.240625,3200
fcc,1,0,MBW-LR,late_time_delay,0.4,0.1666667,0.184375,3200
fcc,1,0,MBW-LR,late_time_delay,0.4,0.3333333,0.184375,3200
fcc,1,0,MBW-LR,late_time_delay,0.4,0.5,0.184375,3200
fcc,1,0,MBW-LR,late_time_delay,0.4,0.6666667,0.221875,3200
fcc,1,0,MBW-LR,late_time_delay,0.4,0.8333333,0.221875,3200
fcc,1,0,MBW-LR,late_time_delay,0.4,1.0,0.21875,3200
fcc,1,0,MBW-LR,late_time_delay,0.5,0.1666667,0.1125,3200
fcc,1,0,MBW-LR,late_time_delay,0.5,0.3333333,0.1125,3200
fcc,1,0,MBW-LR,late_time_delay,0.5,0.5,0.1125,3200
fcc,1,0,MBW-LR,late_time_delay,0.5,0.6666667,0.1125,3200
fcc,1,0,MBW-LR,late_time_delay,0.5,0.8333333,0.140625,3200
fcc,1,0,MBW-LR,late_time_delay,0.5,1.0,0.15,3200
fcc,1,0,MBW-LR,late_time_delay,0.6,0.1666667,0.121875,3200
fcc,1,0,MBW-LR,late_time_delay,0.6,0.3333333,0.121875,3200
fcc,1,0,MBW-LR,late_time_delay,0.6,0.5,0.121875,3200
fcc,1,0,MBW-LR,late_time_delay,0.6,0.6666667,0.121875,3200
fcc,1,0,MBW-LR,late_time_delay,0.6,0.8333333,0.121875,3200
fcc,1,0,MBW-LR,late_time_delay,0.6,1.0,0.15,3200
fcc,1,0,MBW-LR,late_time_delay,0.7,0.1666667,0.109375,3200
fcc,1,0,MBW-LR,late_time_delay,0.7,0.3333333,0.109375,3200
fcc,1,0,MBW-LR,late_time_delay,0.7,0.5,0.109375,3200
fcc,1,0,MBW-LR,late_time_delay,0.7,0.6666667,0.109375,3200
fcc,1,0,MBW-LR,late_time_delay,0.7,0.8333333,0.109375,3200
fcc,1,0,MBW-LR,late_time_delay,0.7,1.0,0.14375,3200
fcc,1,0,MBW-LR,late_time_delay,0.8,0.1666667,0.13125,3200
fcc,1,0,MBW-LR,late_time_delay,0.8,0.3333333,0.13125,3200
fcc,1,0,MBW-LR,late_time_delay,0.8,0.5,0.13125,3200
fcc,1,0,MBW-LR,late_time_delay,0.8,0.6666667,0.13125,3200
fcc,1,0,MBW-LR,late_time_delay,0.8,0.8333333,0.13125,3200
fcc,1,0,MBW-LR,late_time_delay,0.8,1.0,0.134375,3200
fcc,1,0,MBW-LR,late_time_delay,0.9,0.1666667,0.125,3200
fcc,1,0,MBW-LR,late_time_delay,0.9,0.3333333,0.125,3200
fcc,1,0,MBW-LR,late_time_delay,0.9,0.5,0.125,3200
fcc,1,0,MBW-LR,late_time_delay,0.9,0.6666667,0.125,3200
fcc,1,0,MBW-LR,late_time_delay,0.9,0.8333333,0.125,3200
fcc,1,0,MBW-LR,late_time_delay,0.9,1.0,0.125,3200
fcc,1,0,MBW-LR,missing_events,0.0,0.1666667,0.890625,3200
fcc,1,0,MBW-LR,missing_events,0.0,0.3333333,0.890625,3200
fcc,1,0,MBW-LR,missing_events,0.0,0.5,0.971875,3200
fcc,1,0,MBW-LR,missing_events,0.0,0.6666667,0.984375,3200
fcc,1,0,MBW-LR,missing_events,0.0,0.8333333,0.996875,3200
fcc,1,0,MBW-LR,missing_events,0.0,1.0,1.0,3200
fcc,1,0,MBW-LR,missing_events,0.05,0.1666667,0.886875,3200
fcc,1,0,MBW-LR,missing_events,0.05,0.3333333,0.886875,3200
fcc,1,0,MBW-LR,missing_events,0.05,0.5,0.9684375,3200
fcc,1,0,MBW-LR,missing_events,0.05,0.6666667,0.98125,3200
fcc,1,0,MBW-LR,missing_events,0.05,0.8333333,0.994375,3200
fcc,1,0,MBW-LR,missing_events,0.05,1.0,0.9975,3200
fcc,1,0,MBW-LR,missing_events,0.1,0.1666667,0.8684375,3200
fcc,1,0,MBW-LR,missing_events,0.1,0.3333333,0.8684375,3200
fcc,1,0,MBW-LR,missing_events,0.1,0.5,0.944375,3200
fcc,1,0,MBW-LR,missing_events,0.1,0.6666667,0.9625,3200
fcc,1,0,MBW-LR,missing_events,0.1,0.8333333,0.978125,3200
fcc,1,0,MBW-LR,missing_events,0.1,1.0,0.9825,3200
fcc,1,0,MBW-LR,missing_events,0.15,0.1666667,0.8559375,3200
fcc,1,0,MBW-LR,missing_events,0.15,0.3333333,0.8559375,3200
fcc,1,0,MBW-LR,missing_events,0.15,0.5,0.9259375,3200
fcc,1,0,MBW-LR,missing_events,0.15,0.6666667,0.9503125,3200
fcc,1,0,MBW-LR,missing_events,0.15,0.8333333,0.964375,3200
fcc,1,0,MBW-LR,missing_events,0.15,1.0,0.9684375,3200
fcc,1,0,MBW-LR,missing_events,0.2,0.1666667,0.8271875,3200
fcc,1,0,MBW-LR,missing_events,0.2,0.3333333,0.8271875,3200
fcc,1,0,MBW-LR,missing_events,0.2,0.5,0.89375,3200
fcc,1,0,MBW-LR,missing_events,0.2,0.6666667,0.9246875,3200
fcc,1,0,MBW-LR,missing_events,0.2,0.8333333,0.9371875,3200
fcc,1,0,MBW-LR,missing_events,0.2,1.0,0.9446875,3200
fcc,1,0,MBW-LR,missing_events,0.25,0.1666667,0.79875,3200
fcc,1,0,MBW-LR,missing_events,0.25,0.3333333,0.79875,3200
fcc,1,0,MBW-LR,missing_events,0.25,0.5,0.8665625,3200
fcc,1,0,MBW-LR,missing_events,0.25,0.6666667,0.89875,3200
fcc,1,0,MBW-LR,missing_events,0.25,0.8333333,0.915,3200
fcc,1,0,MBW-LR,missing_events,0.25,1.0,0.9271875,3200
fcc,1,0,MBW-LR,missing_events,0.3,0.1666667,0.7803125,3200
fcc,1,0,MBW-LR,missing_events,0.3,0.3333333,0.7803125,3200
fcc,1,0,MBW-LR,missing_events,0.3,0.5,0.849375,3200
fcc,1,0,MBW-LR,missing_events,0.3,0.6666667,0.8828125,3200
fcc,1,0,MBW-LR,missing_events,0.3,0.8333333,0.8990625,3200
fcc,1,0,MBW-LR,missing_events,0.3,1.0,0.9040625,3200
fcc,1,0,MBW-LR,missing_events,0.4,0.1666667,0.7278125,3200
fcc,1,0,MBW-LR,missing_events,0.4,0.3333333,0.7278125,3200
fcc,1,0,MBW-LR,missing_events,0.4,0.5,0.794375,3200
fcc,1,0,MBW-LR,missing_events,0.4,0.6666667,0.830625,3200
fcc,1,0,MBW-LR,missing_events,0.4,0.8333333,0.8440625,3200
fcc,1,0,MBW-LR,missing_events,0.4,1.0,0.850625,3200
fcc,1,0,MBW-LR,missing_events,0.5,0.1666667,0.64625,3200
fcc,1,0,MBW-LR,missing_events,0.5,0.3333333,0.64625,3200
fcc,1,0,MBW-LR,missing_events,0.5,0.5,0.7109375,3200
fcc,1,0,MBW-LR,missing_events,0.5,0.6666667,0.753125,3200
fcc,1,0,MBW-LR,missing_events,0.5,0.8333333,0.7696875,3200
fcc,1,0,MBW-LR,missing_events,0.5,1.0,0.774375,3200
fcc,1,0,MBW-LR,missing_events,0.6,0.1666667,0.5859375,3200
fcc,1,0,MBW-LR,missing_events,0.6,0.3333333,0.5859375,3200
fcc,1,0,MBW-LR,missing_events,0.6,0.5,0.6403125,3200
fcc,1,0,MBW-LR,missing_events,0.6,0.6666667,0.6678125,3200
fcc,1,0,MBW-LR,missing_events,0.6,0.8333333,0.6803125,3200
fcc,1,0,MBW-LR,missing_events,0.6,1.0,0.695625,3200
fcc,1,0,MBW-LR,missing_events,0.7,0.1666667,0.506875,3200
fcc,1,0,MBW-LR,missing_events,0.7,0.3333333,0.506875,3200
fcc,1,0,MBW-LR,missing_events,0.7,0.5,0.55875,3200
fcc,1,0,MBW-LR,missing_events,0.7,0.6666667,0.5828125,3200
fcc,1,0,MBW-LR,missing_events,0.7,0.8333333,0.6,3200
fcc,1,0,MBW-LR,missing_events,0.7,1.0,0.6103125,3200
fcc,1,0,MBW-LR,missing_events,0.8,0.1666667,0.398125,3200
fcc,1,0,MBW-LR,missing_events,0.8,0.3333333,0.398125,3200
fcc,1,0,MBW-LR,missing_events,0.8,0.5,0.4384375,3200
fcc,1,0,MBW-LR,missing_events,0.8,0.6666667,0.4621875,3200
fcc,1,0,MBW-LR,missing_events,0.8,0.8333333,0.47,3200
fcc,1,0,MBW-LR,missing_events,0.8,1.0,0.4871875,3200
fcc,1,0,MBW-LR,missing_events,0.9,0.1666667,0.2853125,3200
fcc,1,0,MBW-LR,missing_events,0.9,0.3333333,0.2853125,3200
fcc,1,0,MBW-LR,missing_events,0.9,0.5,0.3196875,3200
fcc,1,0,MBW-LR,missing_events,0.9,0.6666667,0.336875,3200
fcc,1,0,MBW-LR,missing_events,0.9,0.8333333,0.349375,3200
fcc,1,0,MBW-LR,missing_events,0.9,1.0,0.3690625,3200
fcc,1,0,MBW-LR,mixed_missing_spurious,0.0,0.1666667,0.890625,3200
fcc,1,0,MBW-LR,mixed_missing_spurious,0.0,0.3333333,0.890625,3200
fcc,1,0,MBW-LR,mixed_missing_spurious,0.0,0.5,0.971875,3200
fcc,1,0,MBW-LR,mixed_missing_spurious,0.0,0.6666667,0.984375,3200
fcc,1,0,MBW-LR,mixed_missing_spurious,0.0,0.8333333,0.996875,3200
fcc,1,0,MBW-LR,mixed_missing_spurious,0.0,1.0,1.0,3200
fcc,1,0,MBW-LR,mixed_missing_spurious,0.05,0.1666667,0.8875,3200
fcc,1,0,MBW-LR,mixed_missing_spurious,0.05,0.3333333,0.8875,3200
fcc,1,0,MBW-LR,mixed_missing_spurious,0.05,0.5,0.965625,3200
fcc,1,0,MBW-LR,mixed_missing_spurious,0.05,0.6666667,0.9775,3200
fcc,1,0,MBW-LR,mixed_missing_spurious,0.05,0.8333333,0.99125,3200
fcc,1,0,MBW-LR,mixed_missing_spurious,0.05,1.0,0.9971875,3200
fcc,1,0,MBW-LR,mixed_missing_spurious,0.1,0.1666667,0.865,3200
fcc,1,0,MBW-LR,mixed_missing_spurious,0.1,0.3333333,0.865,3200
fcc,1,0,MBW-LR,mixed_missing_spurious,0.1,0.5,0.93375,3200
fcc,1,0,MBW-LR,mixed_missing_spurious,0.1,0.6666667,0.9490625,3200
fcc,1,0,MBW-LR,mixed_missing_spurious,0.1,0.8333333,0.96375,3200
fcc,1,0,MBW-LR,mixed_missing_spurious,0.1,1.0,0.9675,3200
fcc,1,0,MBW-LR,mixed_missing_spurious,0.15,0.1666667,0.8446875,3200
fcc,1,0,MBW-LR,mixed_missing_spurious,0.15,0.3333333,0.8446875,3200
fcc,1,0,MBW-LR,mixed_missing_spurious,0.15,0.5,0.8990625,3200
fcc,1,0,MBW-LR,mixed_missing_spurious,0.15,0.6666667,0.9209375,3200
fcc,1,0,MBW-LR,mixed_missing_spurious,0.15,0.8333333,0.934375,3200
fcc,1,0,MBW-LR,mixed_missing_spurious,0.15,1.0,0.934375,3200
fcc,1,0,MBW-LR,mixed_missing_spurious,0.2,0.1666667,0.8065625,3200
fcc,1,0,MBW-LR,mixed_missing_spurious,0.2,0.3333333,0.8065625,3200
fcc,1,0,MBW-LR,mixed_missing_spurious,0.2,0.5,0.86125,3200
fcc,1,0,MBW-LR,mixed_missing_spurious,0.2,0.6666667,0.8846875,3200
fcc,1,0,MBW-LR,mixed_missing_spurious,0.2,0.8333333,0.88875,3200
fcc,1,0,MBW-LR,mixed_missing_spurious,0.2,1.0,0.8934375,3200
fcc,1,0,MBW-LR,mixed_missing_spurious,0.25,0.1666667,0.7921875,3200
fcc,1,0,MBW-LR,mixed_missing_spurious,0.25,0.3333333,0.7921875,3200
fcc,1,0,MBW-LR,mixed_missing_spurious,0.25,0.5,0.8265625,3200
fcc,1,0,MBW-LR,mixed_missing_spurious,0.25,0.6666667,0.8546875,3200
fcc,1,0,MBW-LR,mixed_missing_spurious,0.25,0.8333333,0.8628125,3200
fcc,1,0,MBW-LR,mixed_missing_spurious,0.25,1.0,0.8546875,3200
fcc,1,0,MBW-LR,mixed_missing_spurious,0.3,0.1666667,0.7365625,3200
fcc,1,0,MBW-LR,mixed_missing_spurious,0.3,0.3333333,0.7365625,3200
fcc,1,0,MBW-LR,mixed_missing_spurious,0.3,0.5,0.7815625,3200
fcc,1,0,MBW-LR,mixed_missing_spurious,0.3,0.6666667,0.80125,3200
fcc,1,0,MBW-LR,mixed_missing_spurious,0.3,0.8333333,0.7990625,3200
fcc,1,0,MBW-LR,mixed_missing_spurious,0.3,1.0,0.790625,3200
fcc,1,0,MBW-LR,mixed_missing_spurious,0.4,0.1666667,0.6790625,3200
fcc,1,0,MBW-LR,mixed_missing_spurious,0.4,0.3333333,0.6790625,3200
fcc,1,0,MBW-LR,mixed_missing_spurious,0.4,0.5,0.713125,3200
fcc,1,0,MBW-LR,mixed_missing_spurious,0.4,0.6666667,0.7221875,3200
fcc,1,0,MBW-LR,mixed_missing_spurious,0.4,0.8333333,0.7190625,3200
fcc,1,0,MBW-LR,mixed_missing_spurious,0.4,1.0,0.705625,3200
fcc,1,0,MBW-LR,mixed_missing_spurious,0.5,0.1666667,0.6034375,3200
fcc,1,0,MBW-LR,mixed_missing_spurious,0.5,0.3333333,0.6034375,3200
fcc,1,0,MBW-LR,mixed_missing_spurious,0.5,0.5,0.6340625,3200
fcc,1,0,MBW-LR,mixed_missing_spurious,0.5,0.6666667,0.6346875,3200
fcc,1,0,MBW-LR,mixed_missing_spurious,0.5,0.8333333,0.6303125,3200
fcc,1,0,MBW-LR,mixed_missing_spurious,0.5,1.0,0.614375,3200
fcc,1,0,MBW-LR,mixed_missing_spurious,0.6,0.1666667,0.545,3200
fcc,1,0,MBW-LR,mixed_missing_spurious,0.6,0.3333333,0.545,3200
fcc,1,0,MBW-LR,mixed_missing_spurious,0.6,0.5,0.5578125,3200
fcc,1,0,MBW-LR,mixed_missing_spurious,0.6,0.6666667,0.560625,3200
fcc,1,0,MBW-LR,mixed_missing_spurious,0.6,0.8333333,0.55625,3200
fcc,1,0,MBW-LR,mixed_missing_spurious,0.6,1.0,0.533125,3200
fcc,1,0,MBW-LR,mixed_missing_spurious,0.7,0.1666667,0.46625,3200
fcc,1,0,MBW-LR,mixed_missing_spurious,0.7,0.3333333,0.46625,3200
fcc,1,0,MBW-LR,mixed_missing_spurious,0.7,0.5,0.4778125,3200
fcc,1,0,MBW-LR,mixed_missing_spurious,0.7,0.6666667,0.474375,3200
fcc,1,0,MBW-LR,mixed_missing_spurious,0.7,0.8333333,0.4715625,3200
fcc,1,0,MBW-LR,mixed_missing_spurious,0.7,1.0,0.4615625,3200
fcc,1,0,MBW-LR,mixed_missing_spurious,0.8,0.1666667,0.3709375,3200
fcc,1,0,MBW-LR,mixed_missing_spurious,0.8,0.3333333,0.3709375,3200
fcc,1,0,MBW-LR,mixed_missing_spurious,0.8,0.5,0.385,3200
fcc,1,0,MBW-LR,mixed_missing_spurious,0.8,0.6666667,0.3784375,3200
fcc,1,0,MBW-LR,mixed_missing_spurious,0.8,0.8333333,0.3709375,3200
fcc,1,0,MBW-LR,mixed_missing_spurious,0.8,1.0,0.361875,3200
fcc,1,0,MBW-LR,mixed_missing_spurious,0.9,0.1666667,0.2628125,3200
fcc,1,0,MBW-LR,mixed_missing_spurious,0.9,0.3333333,0.2628125,3200
fcc,1,0,MBW-LR,mixed_missing_spurious,0.9,0.5,0.2815625,3200
fcc,1,0,MBW-LR,mixed_missing_spurious,0.9,0.6666667,0.29375,3200
fcc,1,0,MBW-LR,mixed_missing_spurious,0.9,0.8333333,0.3003125,3200
fcc,1,0,MBW-LR,mixed_missing_spurious,0.9,1.0,0.2978125,3200
fcc,1,0,MBW-LR,mixed_spurious_timing_late,0.0,0.1666667,0.890625,3200
fcc,1,0,MBW-LR,mixed_spurious_timing_late,0.0,0.3333333,0.890625,3200
fcc,1,0,MBW-LR,mixed_spurious_timing_late,0.0,0.5,0.971875,3200
fcc,1,0,MBW-LR,mixed_spurious_timing_late,0.0,0.6666667,0.984375,3200
fcc,1,0,MBW-LR,mixed_spurious_timing_late,0.0,0.8333333,0.996875,3200
fcc,1,0,MBW-LR,mixed_spurious_timing_late,0.0,1.0,1.0,3200
fcc,1,0,MBW-LR,mixed_spurious_timing_late,0.05,0.1666667,0.3084375,3200
fcc,1,0,MBW-LR,mixed_spurious_timing_late,0.05,0.3333333,0.3084375,3200
fcc,1,0,MBW-LR,mixed_spurious_timing_late,0.05,0.5,0.346875,3200
fcc,1,0,MBW-LR,mixed_spurious_timing_late,0.05,0.6666667,0.375625,3200
fcc,1,0,MBW-LR,mixed_spurious_timing_late,0.05,0.8333333,0.3871875,3200
fcc,1,0,MBW-LR,mixed_spurious_timing_late,0.05,1.0,0.385625,3200
fcc,1,0,MBW-LR,mixed_spurious_timing_late,0.1,0.1666667,0.2659375,3200
fcc,1,0,MBW-LR,mixed_spurious_timing_late,0.1,0.3333333,0.2659375,3200
fcc,1,0,MBW-LR,mixed_spurious_timing_late,0.1,0.5,0.3009375,3200
fcc,1,0,MBW-LR,mixed_spurious_timing_late,0.1,0.6666667,0.326875,3200
fcc,1,0,MBW-LR,mixed_spurious_timing_late,0.1,0.8333333,0.339375,3200
fcc,1,0,MBW-LR,mixed_spurious_timing_late,0.1,1.0,0.35125,3200
fcc,1,0,MBW-LR,mixed_spurious_timing_late,0.15,0.1666667,0.174375,3200
fcc,1,0,MBW-LR,mixed_spurious_timing_late,0.15,0.3333333,0.174375,3200
fcc,1,0,MBW-LR,mixed_spurious_timing_late,0.15,0.5,0.2128125,3200
fcc,1,0,MBW-LR,mixed_spurious_timing_late,0.15,0.6666667,0.251875,3200
fcc,1,0,MBW-LR,mixed_spurious_timing_late,0.15,0.8333333,0.26875,3200
fcc,1,0,MBW-LR,mixed_spurious_timing_late,0.15,1.0,0.2709375,3200
fcc,1,0,MBW-LR,mixed_spurious_timing_late,0.2,0.1666667,0.1578125,3200
fcc,1,0,MBW-LR,mixed_spurious_timing_late,0.2,0.3333333,0.1578125,3200
fcc,1,0,MBW-LR,mixed_spurious_timing_late,0.2,0.5,0.21125,3200
fcc,1,0,MBW-LR,mixed_spurious_timing_late,0.2,0.6666667,0.2346875,3200
fcc,1,0,MBW-LR,mixed_spurious_timing_late,0.2,0.8333333,0.2346875,3200
fcc,1,0,MBW-LR,mixed_spurious_timing_late,0.2,1.0,0.238125,3200
fcc,1,0,MBW-LR,mixed_spurious_timing_late,0.25,0.1666667,0.1715625,3200
fcc,1,0,MBW-LR,mixed_spurious_timing_late,0.25,0.3333333,0.1715625,3200
fcc,1,0,MBW-LR,mixed_spurious_timing_late,0.25,0.5,0.2025,3200
fcc,1,0,MBW-LR,mixed_spurious_timing_late,0.25,0.6666667,0.2025,3200
fcc,1,0,MBW-LR,mixed_spurious_timing_late,0.25,0.8333333,0.2078125,3200
fcc,1,0,MBW-LR,mixed_spurious_timing_late,0.25,1.0,0.21,3200
fcc,1,0,MBW-LR,mixed_spurious_timing_late,0.3,0.1666667,0.1640625,3200
fcc,1,0,MBW-LR,mixed_spurious_timing_late,0.3,0.3333333,0.1640625,3200
fcc,1,0,MBW-LR,mixed_spurious_timing_late,0.3,0.5,0.1921875,3200
fcc,1,0,MBW-LR,mixed_spurious_timing_late,0.3,0.6666667,0.1921875,3200
fcc,1,0,MBW-LR,mixed_spurious_timing_late,0.3,0.8333333,0.1903125,3200
fcc,1,0,MBW-LR,mixed_spurious_timing_late,0.3,1.0,0.1871875,3200
fcc,1,0,MBW-LR,mixed_spurious_timing_late,0.4,0.1666667,0.145625,3200
fcc,1,0,MBW-LR,mixed_spurious_timing_late,0.4,0.3333333,0.145625,3200
fcc,1,0,MBW-LR,mixed_spurious_timing_late,0.4,0.5,0.145625,3200
fcc,1,0,MBW-LR,mixed_spurious_timing_late,0.4,0.6666667,0.1621875,3200
fcc,1,0,MBW-LR,mixed_spurious_timing_late,0.4,0.8333333,0.1621875,3200
fcc,1,0,MBW-LR,mixed_spurious_timing_late,0.4,1.0,0.140625,3200
fcc,1,0,MBW-LR,mixed_spurious_timing_late,0.5,0.1666667,0.0875,3200
fcc,1,0,MBW-LR,mixed_spurious_timing_late,0.5,0.3333333,0.0875,3200
fcc,1,0,MBW-LR,mixed_spurious_timing_late,0.5,0.5,0.0875,3200
fcc,1,0,MBW-LR,mixed_spurious_timing_late,0.5,0.6666667,0.0875,3200
fcc,1,0,MBW-LR,mixed_spurious_timing_late,0.5,0.8333333,0.0959375,3200
fcc,1,0,MBW-LR,mixed_spurious_timing_late,0.5,1.0,0.0975,3200
fcc,1,0,MBW-LR,mixed_spurious_timing_late,0.6,0.1666667,0.0821875,3200
fcc,1,0,MBW-LR,mixed_spurious_timing_late,0.6,0.3333333,0.0821875,3200
fcc,1,0,MBW-LR,mixed_spurious_timing_late,0.6,0.5,0.0821875,3200
fcc,1,0,MBW-LR,mixed_spurious_timing_late,0.6,0.6666667,0.0821875,3200
fcc,1,0,MBW-LR,mixed_spurious_timing_late,0.6,0.8333333,0.0821875,3200
fcc,1,0,MBW-LR,mixed_spurious_timing_late,0.6,1.0,0.086875,3200
fcc,1,0,MBW-LR,mixed_spurious_timing_late,0.7,0.1666667,0.0778125,3200
fcc,1,0,MBW-LR,mixed_spurious_timing_late,0.7,0.3333333,0.0778125,3200
fcc,1,0,MBW-LR,mixed_spurious_timing_late,0.7,0.5,0.0778125,3200
fcc,1,0,MBW-LR,mixed_spurious_timing_late,0.7,0.6666667,0.0778125,3200
fcc,1,0,MBW-LR,mixed_spurious_timing_late,0.7,0.8333333,0.0778125,3200
fcc,1,0,MBW-LR,mixed_spurious_timing_late,0.7,1.0,0.085625,3200
fcc,1,0,MBW-LR,mixed_spurious_timing_late,0.8,0.1666667,0.079375,3200
fcc,1,0,MBW-LR,mixed_spurious_timing_late,0.8,0.3333333,0.079375,3200
fcc,1,0,MBW-LR,mixed_spurious_timing_late,0.8,0.5,0.079375,3200
fcc,1,0,MBW-LR,mixed_spurious_timing_late,0.8,0.6666667,0.079375,3200
fcc,1,0,MBW-LR,mixed_spurious_timing_late,0.8,0.8333333,0.079375,3200
fcc,1,0,MBW-LR,mixed_spurious_timing_late,0.8,1.0,0.0828125,3200
fcc,1,0,MBW-LR,mixed_spurious_timing_late,0.9,0.1666667,0.08,3200
fcc,1,0,MBW-LR,mixed_spurious_timing_late,0.9,0.3333333,0.08,3200
fcc,1,0,MBW-LR,mixed_spurious_timing_late,0.9,0.5,0.08,3200
fcc,1,0,MBW-LR,mixed_spurious_timing_late,0.9,0.6666667,0.08,3200
fcc,1,0,MBW-LR,mixed_spurious_timing_late,0.9,0.8333333,0.08,3200
fcc,1,0,MBW-LR,mixed_spurious_timing_late,0.9,1.0,0.08,3200
fcc,1,0,MBW-LR,spurious_events,0.0,0.1666667,0.890625,3200
fcc,1,0,MBW-LR,spurious_events,0.0,0.3333333,0.890625,3200
fcc,1,0,MBW-LR,spurious_events,0.0,0.5,0.971875,3200
fcc,1,0,MBW-LR,spurious_events,0.0,0.6666667,0.984375,3200
fcc,1,0,MBW-LR,spurious_events,0.0,0.8333333,0.996875,3200
fcc,1,0,MBW-LR,spurious_events,0.0,1.0,1.0,3200
fcc,1,0,MBW-LR,spurious_events,0.05,0.1666667,0.890625,3200
fcc,1,0,MBW-LR,spurious_events,0.05,0.3333333,0.890625,3200
fcc,1,0,MBW-LR,spurious_events,0.05,0.5,0.9675,3200
fcc,1,0,MBW-LR,spurious_events,0.05,0.6666667,0.9821875,3200
fcc,1,0,MBW-LR,spurious_events,0.05,0.8333333,0.9953125,3200
fcc,1,0,MBW-LR,spurious_events,0.05,1.0,0.9996875,3200
fcc,1,0,MBW-LR,spurious_events,0.1,0.1666667,0.88625,3200
fcc,1,0,MBW-LR,spurious_events,0.1,0.3333333,0.88625,3200
fcc,1,0,MBW-LR,spurious_events,0.1,0.5,0.95625,3200
fcc,1,0,MBW-LR,spurious_events,0.1,0.6666667,0.97125,3200
fcc,1,0,MBW-LR,spurious_events,0.1,0.8333333,0.9834375,3200
fcc,1,0,MBW-LR,spurious_events,0.1,1.0,0.988125,3200
fcc,1,0,MBW-LR,spurious_events,0.15,0.1666667,0.8803125,3200
fcc,1,0,MBW-LR,spurious_events,0.15,0.3333333,0.8803125,3200
fcc,1,0,MBW-LR,spurious_events,0.15,0.5,0.9421875,3200
fcc,1,0,MBW-LR,spurious_events,0.15,0.6666667,0.9596875,3200
fcc,1,0,MBW-LR,spurious_events,0.15,0.8333333,0.970625,3200
fcc,1,0,MBW-LR,spurious_events,0.15,1.0,0.9765625,3200
fcc,1,0,MBW-LR,spurious_events,0.2,0.1666667,0.8684375,3200
fcc,1,0,MBW-LR,spurious_events,0.2,0.3333333,0.8684375,3200
fcc,1,0,MBW-LR,spurious_events,0.2,0.5,0.9246875,3200
fcc,1,0,MBW-LR,spurious_events,0.2,0.6666667,0.9428125,3200
fcc,1,0,MBW-LR,spurious_events,0.2,0.8333333,0.9503125,3200
fcc,1,0,MBW-LR,spurious_events,0.2,1.0,0.9578125,3200
fcc,1,0,MBW-LR,spurious_events,0.25,0.1666667,0.87,3200
fcc,1,0,MBW-LR,spurious_events,0.25,0.3333333,0.87,3200
fcc,1,0,MBW-LR,spurious_events,0.25,0.5,0.9221875,3200
fcc,1,0,MBW-LR,spurious_events,0.25,0.6666667,0.933125,3200
fcc,1,0,MBW-LR,spurious_events,0.25,0.8333333,0.940625,3200
fcc,1,0,MBW-LR,spurious_events,0.25,1.0,0.9378125,3200
fcc,1,0,MBW-LR,spurious_events,0.3,0.1666667,0.8609375,3200
fcc,1,0,MBW-LR,spurious_events,0.3,0.3333333,0.8609375,3200
fcc,1,0,MBW-LR,spurious_events,0.3,0.5,0.91375,3200
fcc,1,0,MBW-LR,spurious_events,0.3,0.6666667,0.925,3200
fcc,1,0,MBW-LR,spurious_events,0.3,0.8333333,0.930625,3200
fcc,1,0,MBW-LR,spurious_events,0.3,1.0,0.9259375,3200
fcc,1,0,MBW-LR,spurious_events,0.4,0.1666667,0.85,3200
fcc,1,0,MBW-LR,spurious_events,0.4,0.3333333,0.85,3200
fcc,1,0,MBW-LR,spurious_events,0.4,0.5,0.89375,3200
fcc,1,0,MBW-LR,spurious_events,0.4,0.6666667,0.9015625,3200
fcc,1,0,MBW-LR,spurious_events,0.4,0.8333333,0.9021875,3200
fcc,1,0,MBW-LR,spurious_events,0.4,1.0,0.8853125,3200
fcc,1,0,MBW-LR,spurious_events,0.5,0.1666667,0.8315625,3200
fcc,1,0,MBW-LR,spurious_events,0.5,0.3333333,0.8315625,3200
fcc,1,0,MBW-LR,spurious_events,0.5,0.5,0.8690625,3200
fcc,1,0,MBW-LR,spurious_events,0.5,0.6666667,0.8790625,3200
fcc,1,0,MBW-LR,spurious_events,0.5,0.8333333,0.868125,3200
fcc,1,0,MBW-LR,spurious_events,0.5,1.0,0.8484375,3200
fcc,1,0,MBW-LR,spurious_events,0.6,0.1666667,0.8278125,3200
fcc,1,0,MBW-LR,spurious_events,0.6,0.3333333,0.8278125,3200
fcc,1,0,MBW-LR,spurious_events,0.6,0.5,0.8590625,3200
fcc,1,0,MBW-LR,spurious_events,0.6,0.6666667,0.863125,3200
fcc,1,0,MBW-LR,spurious_events,0.6,0.8333333,0.85625,3200
fcc,1,0,MBW-LR,spurious_events,0.6,1.0,0.835,3200
fcc,1,0,MBW-LR,spurious_events,0.7,0.1666667,0.813125,3200
fcc,1,0,MBW-LR,spurious_events,0.7,0.3333333,0.813125,3200
fcc,1,0,MBW-LR,spurious_events,0.7,0.5,0.8459375,3200
fcc,1,0,MBW-LR,spurious_events,0.7,0.6666667,0.8421875,3200
fcc,1,0,MBW-LR,spurious_events,0.7,0.8333333,0.831875,3200
fcc,1,0,MBW-LR,spurious_events,0.7,1.0,0.79125,3200
fcc,1,0,MBW-LR,spurious_events,0.8,0.1666667,0.81,3200
fcc,1,0,MBW-LR,spurious_events,0.8,0.3333333,0.81,3200
fcc,1,0,MBW-LR,spurious_events,0.8,0.5,0.8228125,3200
fcc,1,0,MBW-LR,spurious_events,0.8,0.6666667,0.8171875,3200
fcc,1,0,MBW-LR,spurious_events,0.8,0.8333333,0.8053125,3200
fcc,1,0,MBW-LR,spurious_events,0.8,1.0,0.7540625,3200
fcc,1,0,MBW-LR,spurious_events,0.9,0.1666667,0.803125,3200
fcc,1,0,MBW-LR,spurious_events,0.9,0.3333333,0.803125,3200
fcc,1,0,MBW-LR,spurious_events,0.9,0.5,0.8103125,3200
fcc,1,0,MBW-LR,spurious_events,0.9,0.6666667,0.7975,3200
fcc,1,0,MBW-LR,spurious_events,0.9,0.8333333,0.77625,3200
fcc,1,0,MBW-LR,spurious_events,0.9,1.0,0.71875,3200
fcc,1,0,MBW-LR,timing_uncertainty,0.0,0.1666667,0.890625,3200
fcc,1,0,MBW-LR,timing_uncertainty,0.0,0.3333333,0.890625,3200
fcc,1,0,MBW-LR,timing_uncertainty,0.0,0.5,0.971875,3200
fcc,1,0,MBW-LR,timing_uncertainty,0.0,0.6666667,0.984375,3200
fcc,1,0,MBW-LR,timing_uncertainty,0.0,0.8333333,0.996875,3200
fcc,1,0,MBW-LR,timing_uncertainty,0.0,1.0,1.0,3200
fcc,1,0,MBW-LR,timing_uncertainty,0.05,0.1666667,0.8903125,3200
fcc,1,0,MBW-LR,timing_uncertainty,0.05,0.3333333,0.8903125,3200
fcc,1,0,MBW-LR,timing_uncertainty,0.05,0.5,0.970625,3200
fcc,1,0,MBW-LR,timing_uncertainty,0.05,0.6666667,0.984375,3200
fcc,1,0,MBW-LR,timing_uncertainty,0.05,0.8333333,0.996875,3200
fcc,1,0,MBW-LR,timing_uncertainty,0.05,1.0,1.0,3200
fcc,1,0,MBW-LR,timing_uncertainty,0.1,0.1666667,0.886875,3200
fcc,1,0,MBW-LR,timing_uncertainty,0.1,0.3333333,0.886875,3200
fcc,1,0,MBW-LR,timing_uncertainty,0.1,0.5,0.9690625,3200
fcc,1,0,MBW-LR,timing_uncertainty,0.1,0.6666667,0.9834375,3200
fcc,1,0,MBW-LR,timing_uncertainty,0.1,0.8333333,0.99625,3200
fcc,1,0,MBW-LR,timing_uncertainty,0.1,1.0,0.999375,3200
fcc,1,0,MBW-LR,timing_uncertainty,0.15,0.1666667,0.884375,3200
fcc,1,0,MBW-LR,timing_uncertainty,0.15,0.3333333,0.884375,3200
fcc,1,0,MBW-LR,timing_uncertainty,0.15,0.5,0.9671875,3200
fcc,1,0,MBW-LR,timing_uncertainty,0.15,0.6666667,0.9834375,3200
fcc,1,0,MBW-LR,timing_uncertainty,0.15,0.8333333,0.995625,3200
fcc,1,0,MBW-LR,timing_uncertainty,0.15,1.0,0.99875,3200
fcc,1,0,MBW-LR,timing_uncertainty,0.2,0.1666667,0.885625,3200
fcc,1,0,MBW-LR,timing_uncertainty,0.2,0.3333333,0.885625,3200
fcc,1,0,MBW-LR,timing_uncertainty,0.2,0.5,0.9621875,3200
fcc,1,0,MBW-LR,timing_uncertainty,0.2,0.6666667,0.9815625,3200
fcc,1,0,MBW-LR,timing_uncertainty,0.2,0.8333333,0.9953125,3200
fcc,1,0,MBW-LR,timing_uncertainty,0.2,1.0,0.99875,3200
fcc,1,0,MBW-LR,timing_uncertainty,0.25,0.1666667,0.87,3200
fcc,1,0,MBW-LR,timing_uncertainty,0.25,0.3333333,0.87,3200
fcc,1,0,MBW-LR,timing_uncertainty,0.25,0.5,0.959375,3200
fcc,1,0,MBW-LR,timing_uncertainty,0.25,0.6666667,0.9803125,3200
fcc,1,0,MBW-LR,timing_uncertainty,0.25,0.8333333,0.9946875,3200
fcc,1,0,MBW-LR,timing_uncertainty,0.25,1.0,0.998125,3200
fcc,1,0,MBW-LR,timing_uncertainty,0.3,0.1666667,0.8721875,3200
fcc,1,0,MBW-LR,timing_uncertainty,0.3,0.3333333,0.8721875,3200
fcc,1,0,MBW-LR,timing_uncertainty,0.3,0.5,0.95625,3200
fcc,1,0,MBW-LR,timing_uncertainty,0.3,0.6666667,0.979375,3200
fcc,1,0,MBW-LR,timing_uncertainty,0.3,0.8333333,0.9934375,3200
fcc,1,0,MBW-LR,timing_uncertainty,0.3,1.0,0.9959375,3200
fcc,1,0,MBW-LR,timing_uncertainty,0.4,0.1666667,0.8609375,3200
fcc,1,0,MBW-LR,timing_uncertainty,0.4,0.3333333,0.8609375,3200
fcc,1,0,MBW-LR,timing_uncertainty,0.4,0.5,0.9490625,3200
fcc,1,0,MBW-LR,timing_uncertainty,0.4,0.6666667,0.97375,3200
fcc,1,0,MBW-LR,timing_uncertainty,0.4,0.8333333,0.990625,3200
fcc,1,0,MBW-LR,timing_uncertainty,0.4,1.0,0.9928125,3200
fcc,1,0,MBW-LR,timing_uncertainty,0.5,0.1666667,0.8434375,3200
fcc,1,0,MBW-LR,timing_uncertainty,0.5,0.3333333,0.8434375,3200
fcc,1,0,MBW-LR,timing_uncertainty,0.5,0.5,0.9465625,3200
fcc,1,0,MBW-LR,timing_uncertainty,0.5,0.6666667,0.975625,3200
fcc,1,0,MBW-LR,timing_uncertainty,0.5,0.8333333,0.9890625,3200
fcc,1,0,MBW-LR,timing_uncertainty,0.5,1.0,0.9940625,3200
fcc,1,0,MBW-LR,timing_uncertainty,0.6,0.1666667,0.8203125,3200
fcc,1,0,MBW-LR,timing_uncertainty,0.6,0.3333333,0.8203125,3200
fcc,1,0,MBW-LR,timing_uncertainty,0.6,0.5,0.9334375,3200
fcc,1,0,MBW-LR,timing_uncertainty,0.6,0.6666667,0.966875,3200
fcc,1,0,MBW-LR,timing_uncertainty,0.6,0.8333333,0.9865625,3200
fcc,1,0,MBW-LR,timing_uncertainty,0.6,1.0,0.989375,3200
fcc,1,0,MBW-LR,timing_uncertainty,0.7,0.1666667,0.8015625,3200
fcc,1,0,MBW-LR,timing_uncertainty,0.7,0.3333333,0.8015625,3200
fcc,1,0,MBW-LR,timing_uncertainty,0.7,0.5,0.915,3200
fcc,1,0,MBW-LR,timing_uncertainty,0.7,0.6666667,0.96375,3200
fcc,1,0,MBW-LR,timing_uncertainty,0.7,0.8333333,0.985,3200
fcc,1,0,MBW-LR,timing_uncertainty,0.7,1.0,0.99,3200
fcc,1,0,MBW-LR,timing_uncertainty,0.8,0.1666667,0.7753125,3200
fcc,1,0,MBW-LR,timing_uncertainty,0.8,0.3333333,0.7753125,3200
fcc,1,0,MBW-LR,timing_uncertainty,0.8,0.5,0.898125,3200
fcc,1,0,MBW-LR,timing_uncertainty,0.8,0.6666667,0.9496875,3200
fcc,1,0,MBW-LR,timing_uncertainty,0.8,0.8333333,0.9734375,3200
fcc,1,0,MBW-LR,timing_uncertainty,0.8,1.0,0.981875,3200
fcc,1,0,MBW-LR,timing_uncertainty,0.9,0.1666667,0.741875,3200
fcc,1,0,MBW-LR,timing_uncertainty,0.9,0.3333333,0.741875,3200
fcc,1,0,MBW-LR,timing_uncertainty,0.9,0.5,0.8709375,3200
fcc,1,0,MBW-LR,timing_uncertainty,0.9,0.6666667,0.9328125,3200
fcc,1,0,MBW-LR,timing_uncertainty,0.9,0.8333333,0.965,3200
fcc,1,0,MBW-LR,timing_uncertainty,0.9,1.0,0.978125,3200
fcc,1,0,WDI-1NN,late_time_delay,0.0,0.1666667,0.384375,3200
fcc,1,0,WDI-1NN,late_time_delay,0.0,0.3333333,0.384375,3200
fcc,1,0,WDI-1NN,late_time_delay,0.0,0.5,0.521875,3200
fcc,1,0,WDI-1NN,late_time_delay,0.0,0.6666667,0.703125,3200
fcc,1,0,WDI-1NN,late_time_delay,0.0,0.8333333,0.759375,3200
fcc,1,0,WDI-1NN,late_time_delay,0.0,1.0,0.796875,3200
fcc,1,0,WDI-1NN,late_time_delay,0.05,0.1666667,0.15625,3200
fcc,1,0,WDI-1NN,late_time_delay,0.05,0.3333333,0.15625,3200
fcc,1,0,WDI-1NN,late_time_delay,0.05,0.5,0.325,3200
fcc,1,0,WDI-1NN,late_time_delay,0.05,0.6666667,0.46875,3200
fcc,1,0,WDI-1NN,late_time_delay,0.05,0.8333333,0.490625,3200
fcc,1,0,WDI-1NN,late_time_delay,0.05,1.0,0.50625,3200
fcc,1,0,WDI-1NN,late_time_delay,0.1,0.1666667,0.190625,3200
fcc,1,0,WDI-1NN,late_time_delay,0.1,0.3333333,0.190625,3200
fcc,1,0,WDI-1NN,late_time_delay,0.1,0.5,0.34375,3200
fcc,1,0,WDI-1NN,late_time_delay,0.1,0.6666667,0.409375,3200
fcc,1,0,WDI-1NN,late_time_delay,0.1,0.8333333,0.421875,3200
fcc,1,0,WDI-1NN,late_time_delay,0.1,1.0,0.425,3200
fcc,1,0,WDI-1NN,late_time_delay,0.15,0.1666667,0.171875,3200
fcc,1,0,WDI-1NN,late_time_delay,0.15,0.3333333,0.171875,3200
fcc,1,0,WDI-1NN,late_time_delay,0.15,0.5,0.303125,3200
fcc,1,0,WDI-1NN,late_time_delay,0.15,0.6666667,0.353125,3200
fcc,1,0,WDI-1NN,late_time_delay,0.15,0.8333333,0.36875,3200
fcc,1,0,WDI-1NN,late_time_delay,0.15,1.0,0.36875,3200
fcc,1,0,WDI-1NN,late_time_delay,0.2,0.1666667,0.13125,3200
fcc,1,0,WDI-1NN,late_time_delay,0.2,0.3333333,0.13125,3200
fcc,1,0,WDI-1NN,late_time_delay,0.2,0.5,0.246875,3200
fcc,1,0,WDI-1NN,late_time_delay,0.2,0.6666667,0.3125,3200
fcc,1,0,WDI-1NN,late_time_delay,0.2,0.8333333,0.3125,3200
fcc,1,0,WDI-1NN,late_time_delay,0.2,1.0,0.33125,3200
fcc,1,0,WDI-1NN,late_time_delay,0.25,0.1666667,0.09375,3200
fcc,1,0,WDI-1NN,late_time_delay,0.25,0.3333333,0.09375,3200
fcc,1,0,WDI-1NN,late_time_delay,0.25,0.5,0.215625,3200
fcc,1,0,WDI-1NN,late_time_delay,0.25,0.6666667,0.215625,3200
fcc,1,0,WDI-1NN,late_time_delay,0.25,0.8333333,0.265625,3200
fcc,1,0,WDI-1NN,late_time_delay,0.25,1.0,0.290625,3200
fcc,1,0,WDI-1NN,late_time_delay,0.3,0.1666667,0.103125,3200
fcc,1,0,WDI-1NN,late_time_delay,0.3,0.3333333,0.103125,3200
fcc,1,0,WDI-1NN,late_time_delay,0.3,0.5,0.16875,3200
fcc,1,0,WDI-1NN,late_time_delay,0.3,0.6666667,0.16875,3200
fcc,1,0,WDI-1NN,late_time_delay,0.3,0.8333333,0.2,3200
fcc,1,0,WDI-1NN,late_time_delay,0.3,1.0,0.240625,3200
fcc,1,0,WDI-1NN,late_time_delay,0.4,0.1666667,0.0625,3200
fcc,1,0,WDI-1NN,late_time_delay,0.4,0.3333333,0.0625,3200
fcc,1,0,WDI-1NN,late_time_delay,0.4,0.5,0.0625,3200
fcc,1,0,WDI-1NN,late_time_delay,0.4,0.6666667,0.075,3200
fcc,1,0,WDI-1NN,late_time_delay,0.4,0.8333333,0.075,3200
fcc,1,0,WDI-1NN,late_time_delay,0.4,1.0,0.153125,3200
fcc,1,0,WDI-1NN,late_time_delay,0.5,0.1666667,0.053125,3200
fcc,1,0,WDI-1NN,late_time_delay,0.5,0.3333333,0.053125,3200
fcc,1,0,WDI-1NN,late_time_delay,0.5,0.5,0.053125,3200
fcc,1,0,WDI-1NN,late_time_delay,0.5,0.6666667,0.053125,3200
fcc,1,0,WDI-1NN,late_time_delay,0.5,0.8333333,0.090625,3200
fcc,1,0,WDI-1NN,late_time_delay,0.5,1.0,0.121875,3200
fcc,1,0,WDI-1NN,late_time_delay,0.6,0.1666667,0.05,3200
fcc,1,0,WDI-1NN,late_time_delay,0.6,0.3333333,0.05,3200
fcc,1,0,WDI-1NN,late_time_delay,0.6,0.5,0.05,3200
fcc,1,0,WDI-1NN,late_time_delay,0.6,0.6666667,0.05,3200
fcc,1,0,WDI-1NN,late_time_delay,0.6,0.8333333,0.05,3200
fcc,1,0,WDI-1NN,late_time_delay,0.6,1.0,0.11875,3200
fcc,1,0,WDI-1NN,late_time_delay,0.7,0.1666667,0.078125,3200
fcc,1,0,WDI-1NN,late_time_delay,0.7,0.3333333,0.078125,3200
fcc,1,0,WDI-1NN,late_time_delay,0.7,0.5,0.078125,3200
fcc,1,0,WDI-1NN,late_time_delay,0.7,0.6666667,0.078125,3200
fcc,1,0,WDI-1NN,late_time_delay,0.7,0.8333333,0.078125,3200
fcc,1,0,WDI-1NN,late_time_delay,0.7,1.0,0.1,3200
fcc,1,0,WDI-1NN,late_time_delay,0.8,0.1666667,0.08125,3200
fcc,1,0,WDI-1NN,late_time_delay,0.8,0.3333333,0.08125,3200
fcc,1,0,WDI-1NN,late_time_delay,0.8,0.5,0.08125,3200
fcc,1,0,WDI-1NN,late_time_delay,0.8,0.6666667,0.08125,3200
fcc,1,0,WDI-1NN,late_time_delay,0.8,0.8333333,0.08125,3200
fcc,1,0,WDI-1NN,late_time_delay,0.8,1.0,0.090625,3200
fcc,1,0,WDI-1NN,late_time_delay,0.9,0.1666667,0.078125,3200
fcc,1,0,WDI-1NN,late_time_delay,0.9,0.3333333,0.078125,3200
fcc,1,0,WDI-1NN,late_time_delay,0.9,0.5,0.078125,3200
fcc,1,0,WDI-1NN,late_time_delay,0.9,0.6666667,0.078125,3200
fcc,1,0,WDI-1NN,late_time_delay,0.9,0.8333333,0.078125,3200
fcc,1,0,WDI-1NN,late_time_delay,0.9,1.0,0.078125,3200
fcc,1,0,WDI-1NN,missing_events,0.0,0.1666667,0.384375,3200
fcc,1,0,WDI-1NN,missing_events,0.0,0.3333333,0.384375,3200
fcc,1,0,WDI-1NN,missing_events,0.0,0.5,0.521875,3200
fcc,1,0,WDI-1NN,missing_events,0.0,0.6666667,0.703125,3200
fcc,1,0,WDI-1NN,missing_events,0.0,0.8333333,0.759375,3200
fcc,1,0,WDI-1NN,missing_events,0.0,1.0,0.796875,3200
fcc,1,0,WDI-1NN,missing_events,0.05,0.1666667,0.3725,3200
fcc,1,0,WDI-1NN,missing_events,0.05,0.3333333,0.3725,3200
fcc,1,0,WDI-1NN,missing_events,0.05,0.5,0.51625,3200
fcc,1,0,WDI-1NN,missing_events,0.05,0.6666667,0.70125,3200
fcc,1,0,WDI-1NN,missing_events,0.05,0.8333333,0.7525,3200
fcc,1,0,WDI-1NN,missing_events,0.05,1.0,0.786875,3200
fcc,1,0,WDI-1NN,missing_events,0.1,0.1666667,0.340625,3200
fcc,1,0,WDI-1NN,missing_events,0.1,0.3333333,0.340625,3200
fcc,1,0,WDI-1NN,missing_events,0.1,0.5,0.4890625,3200
fcc,1,0,WDI-1NN,missing_events,0.1,0.6666667,0.65625,3200
fcc,1,0,WDI-1NN,missing_events,0.1,0.8333333,0.7096875,3200
fcc,1,0,WDI-1NN,missing_events,0.1,1.0,0.755,3200
fcc,1,0,WDI-1NN,missing_events,0.15,0.1666667,0.3309375,3200
fcc,1,0,WDI-1NN,missing_events,0.15,0.3333333,0.3309375,3200
fcc,1,0,WDI-1NN,missing_events,0.15,0.5,0.478125,3200
fcc,1,0,WDI-1NN,missing_events,0.15,0.6666667,0.63625,3200
fcc,1,0,WDI-1NN,missing_events,0.15,0.8333333,0.683125,3200
fcc,1,0,WDI-1NN,missing_events,0.15,1.0,0.72875,3200
fcc,1,0,WDI-1NN,missing_events,0.2,0.1666667,0.306875,3200
fcc,1,0,WDI-1NN,missing_events,0.2,0.3333333,0.306875,3200
fcc,1,0,WDI-1NN,missing_events,0.2,0.5,0.4365625,3200
fcc,1,0,WDI-1NN,missing_events,0.2,0.6666667,0.5796875,3200
fcc,1,0,WDI-1NN,missing_events,0.2,0.8333333,0.6340625,3200
fcc,1,0,WDI-1NN,missing_events,0.2,1.0,0.6865625,3200
fcc,1,0,WDI-1NN,missing_events,0.25,0.1666667,0.2775,3200
fcc,1,0,WDI-1NN,missing_events,0.25,0.3333333,0.2775,3200
fcc,1,0,WDI-1NN,missing_events,0.25,0.5,0.41875,3200
fcc,1,0,WDI-1NN,missing_events,0.25,0.6666667,0.5378125,3200
fcc,1,0,WDI-1NN,missing_events,0.25,0.8333333,0.5925,3200
fcc,1,0,WDI-1NN,missing_events,0.25,1.0,0.6515625,3200
fcc,1,0,WDI-1NN,missing_events,0.3,0.1666667,0.263125,3200
fcc,1,0,WDI-1NN,missing_events,0.3,0.3333333,0.263125,3200
fcc,1,0,WDI-1NN,missing_events,0.3,0.5,0.39,3200
fcc,1,0,WDI-1NN,missing_events,0.3,0.6666667,0.5190625,3200
fcc,1,0,WDI-1NN,missing_events,0.3,0.8333333,0.5634375,3200
fcc,1,0,WDI-1NN,missing_events,0.3,1.0,0.62125,3200
fcc,1,0,WDI-1NN,missing_events,0.4,0.1666667,0.2171875,3200
fcc,1,0,WDI-1NN,missing_events,0.4,0.3333333,0.2171875,3200
fcc,1,0,WDI-1NN,missing_events,0.4,0.5,0.3175,3200
fcc,1,0,WDI-1NN,missing_events,0.4,0.6666667,0.419375,3200
fcc,1,0,WDI-1NN,missing_events,0.4,0.8333333,0.4734375,3200
fcc,1,0,WDI-1NN,missing_events,0.4,1.0,0.52625,3200
fcc,1,0,WDI-1NN,missing_events,0.5,0.1666667,0.1871875,3200
fcc,1,0,WDI-1NN,missing_events,0.5,0.3333333,0.1871875,3200
fcc,1,0,WDI-1NN,missing_events,0.5,0.5,0.2509375,3200
fcc,1,0,WDI-1NN,missing_events,0.5,0.6666667,0.3228125,3200
fcc,1,0,WDI-1NN,missing_events,0.5,0.8333333,0.37,3200
fcc,1,0,WDI-1NN,missing_events,0.5,1.0,0.4215625,3200
fcc,1,0,WDI-1NN,missing_events,0.6,0.1666667,0.1478125,3200
fcc,1,0,WDI-1NN,missing_events,0.6,0.3333333,0.1478125,3200
fcc,1,0,WDI-1NN,missing_events,0.6,0.5,0.2015625,3200
fcc,1,0,WDI-1NN,missing_events,0.6,0.6666667,0.250625,3200
fcc,1,0,WDI-1NN,missing_events,0.6,0.8333333,0.281875,3200
fcc,1,0,WDI-1NN,missing_events,0.6,1.0,0.3265625,3200
fcc,1,0,WDI-1NN,missing_events,0.7,0.1666667,0.1175,3200
fcc,1,0,WDI-1NN,missing_events,0.7,0.3333333,0.1175,3200
fcc,1,0,WDI-1NN,missing_events,0.7,0.5,0.1465625,3200
fcc,1,0,WDI-1NN,missing_events,0.7,0.6666667,0.1703125,3200
fcc,1,0,WDI-1NN,missing_events,0.7,0.8333333,0.189375,3200
fcc,1,0,WDI-1NN,missing_events,0.7,1.0,0.2240625,3200
fcc,1,0,WDI-1NN,missing_events,0.8,0.1666667,0.094375,3200
fcc,1,0,WDI-1NN,missing_events,0.8,0.3333333,0.094375,3200
fcc,1,0,WDI-1NN,missing_events,0.8,0.5,0.1203125,3200
fcc,1,0,WDI-1NN,missing_events,0.8,0.6666667,0.1234375,3200
fcc,1,0,WDI-1NN,missing_events,0.8,0.8333333,0.1296875,3200
fcc,1,0,WDI-1NN,missing_events,0.8,1.0,0.15125,3200
fcc,1,0,WDI-1NN,missing_events,0.9,0.1666667,0.079375,3200
fcc,1,0,WDI-1NN,missing_events,0.9,0.3333333,0.079375,3200
fcc,1,0,WDI-1NN,missing_events,0.9,0.5,0.085625,3200
fcc,1,0,WDI-1NN,missing_events,0.9,0.6666667,0.0825,3200
fcc,1,0,WDI-1NN,missing_events,0.9,0.8333333,0.0825,3200
fcc,1,0,WDI-1NN,missing_events,0.9,1.0,0.091875,3200
fcc,1,0,WDI-1NN,mixed_missing_spurious,0.0,0.1666667,0.384375,3200
fcc,1,0,WDI-1NN,mixed_missing_spurious,0.0,0.3333333,0.384375,3200
fcc,1,0,WDI-1NN,mixed_missing_spurious,0.0,0.5,0.521875,3200
fcc,1,0,WDI-1NN,mixed_missing_spurious,0.0,0.6666667,0.703125,3200
fcc,1,0,WDI-1NN,mixed_missing_spurious,0.0,0.8333333,0.759375,3200
fcc,1,0,WDI-1NN,mixed_missing_spurious,0.0,1.0,0.796875,3200
fcc,1,0,WDI-1NN,mixed_missing_spurious,0.05,0.1666667,0.374375,3200
fcc,1,0,WDI-1NN,mixed_missing_spurious,0.05,0.3333333,0.374375,3200
fcc,1,0,WDI-1NN,mixed_missing_spurious,0.05,0.5,0.52,3200
fcc,1,0,WDI-1NN,mixed_missing_spurious,0.05,0.6666667,0.7021875,3200
fcc,1,0,WDI-1NN,mixed_missing_spurious,0.05,0.8333333,0.7534375,3200
fcc,1,0,WDI-1NN,mixed_missing_spurious,0.05,1.0,0.7834375,3200
fcc,1,0,WDI-1NN,mixed_missing_spurious,0.1,0.1666667,0.3515625,3200
fcc,1,0,WDI-1NN,mixed_missing_spurious,0.1,0.3333333,0.3515625,3200
fcc,1,0,WDI-1NN,mixed_missing_spurious,0.1,0.5,0.495,3200
fcc,1,0,WDI-1NN,mixed_missing_spurious,0.1,0.6666667,0.6590625,3200
fcc,1,0,WDI-1NN,mixed_missing_spurious,0.1,0.8333333,0.7153125,3200
fcc,1,0,WDI-1NN,mixed_missing_spurious,0.1,1.0,0.755,3200
fcc,1,0,WDI-1NN,mixed_missing_spurious,0.15,0.1666667,0.32625,3200
fcc,1,0,WDI-1NN,mixed_missing_spurious,0.15,0.3333333,0.32625,3200
fcc,1,0,WDI-1NN,mixed_missing_spurious,0.15,0.5,0.4809375,3200
fcc,1,0,WDI-1NN,mixed_missing_spurious,0.15,0.6666667,0.6340625,3200
fcc,1,0,WDI-1NN,mixed_missing_spurious,0.15,0.8333333,0.6859375,3200
fcc,1,0,WDI-1NN,mixed_missing_spurious,0.15,1.0,0.7246875,3200
fcc,1,0,WDI-1NN,mixed_missing_spurious,0.2,0.1666667,0.293125,3200
fcc,1,0,WDI-1NN,mixed_missing_spurious,0.2,0.3333333,0.293125,3200
fcc,1,0,WDI-1NN,mixed_missing_spurious,0.2,0.5,0.4259375,3200
fcc,1,0,WDI-1NN,mixed_missing_spurious,0.2,0.6666667,0.5740625,3200
fcc,1,0,WDI-1NN,mixed_missing_spurious,0.2,0.8333333,0.6296875,3200
fcc,1,0,WDI-1NN,mixed_missing_spurious,0.2,1.0,0.674375,3200
fcc,1,0,WDI-1NN,mixed_missing_spurious,0.25,0.1666667,0.285,3200
fcc,1,0,WDI-1NN,mixed_missing_spurious,0.25,0.3333333,0.285,3200
fcc,1,0,WDI-1NN,mixed_missing_spurious,0.25,0.5,0.42125,3200
fcc,1,0,WDI-1NN,mixed_missing_spurious,0.25,0.6666667,0.54625,3200
fcc,1,0,WDI-1NN,mixed_missing_spurious,0.25,0.8333333,0.5940625,3200
fcc,1,0,WDI-1NN,mixed_missing_spurious,0.25,1.0,0.64375,3200
fcc,1,0,WDI-1NN,mixed_missing_spurious,0.3,0.1666667,0.2596875,3200
fcc,1,0,WDI-1NN,mixed_missing_spurious,0.3,0.3333333,0.2596875,3200
fcc,1,0,WDI-1NN,mixed_missing_spurious,0.3,0.5,0.380625,3200
fcc,1,0,WDI-1NN,mixed_missing_spurious,0.3,0.6666667,0.5046875,3200
fcc,1,0,WDI-1NN,mixed_missing_spurious,0.3,0.8333333,0.550625,3200
fcc,1,0,WDI-1NN,mixed_missing_spurious,0.3,1.0,0.59375,3200
fcc,1,0,WDI-1NN,mixed_missing_spurious,0.4,0.1666667,0.22375,3200
fcc,1,0,WDI-1NN,mixed_missing_spurious,0.4,0.3333333,0.22375,3200
fcc,1,0,WDI-1NN,mixed_missing_spurious,0.4,0.5,0.32625,3200
fcc,1,0,WDI-1NN,mixed_missing_spurious,0.4,0.6666667,0.425,3200
fcc,1,0,WDI-1NN,mixed_missing_spurious,0.4,0.8333333,0.465625,3200
fcc,1,0,WDI-1NN,mixed_missing_spurious,0.4,1.0,0.5075,3200
fcc,1,0,WDI-1NN,mixed_missing_spurious,0.5,0.1666667,0.1840625,3200
fcc,1,0,WDI-1NN,mixed_missing_spurious,0.5,0.3333333,0.1840625,3200
fcc,1,0,WDI-1NN,mixed_missing_spurious,0.5,0.5,0.2525,3200
fcc,1,0,WDI-1NN,mixed_missing_spurious,0.5,0.6666667,0.3215625,3200
fcc,1,0,WDI-1NN,mixed_missing_spurious,0.5,0.8333333,0.3584375,3200
fcc,1,0,WDI-1NN,mixed_missing_spurious,0.5,1.0,0.4090625,3200
fcc,1,0,WDI-1NN,mixed_missing_spurious,0.6,0.1666667,0.15125,3200
fcc,1,0,WDI-1NN,mixed_missing_spurious,0.6,0.3333333,0.15125,3200
fcc,1,0,WDI-1NN,mixed_missing_spurious,0.6,0.5,0.2059375,3200
fcc,1,0,WDI-1NN,mixed_missing_spurious,0.6,0.6666667,0.250625,3200
fcc,1,0,WDI-1NN,mixed_missing_spurious,0.6,0.8333333,0.273125,3200
fcc,1,0,WDI-1NN,mixed_missing_spurious,0.6,1.0,0.323125,3200
fcc,1,0,WDI-1NN,mixed_missing_spurious,0.7,0.1666667,0.121875,3200
fcc,1,0,WDI-1NN,mixed_missing_spurious,0.7,0.3333333,0.121875,3200
fcc,1,0,WDI-1NN,mixed_missing_spurious,0.7,0.5,0.156875,3200
fcc,1,0,WDI-1NN,mixed_missing_spurious,0.7,0.6666667,0.185,3200
fcc,1,0,WDI-1NN,mixed_missing_spurious,0.7,0.8333333,0.201875,3200
fcc,1,0,WDI-1NN,mixed_missing_spurious,0.7,1.0,0.2371875,3200
fcc,1,0,WDI-1NN,mixed_missing_spurious,0.8,0.1666667,0.0971875,3200
fcc,1,0,WDI-1NN,mixed_missing_spurious,0.8,0.3333333,0.0971875,3200
fcc,1,0,WDI-1NN,mixed_missing_spurious,0.8,0.5,0.114375,3200
fcc,1,0,WDI-1NN,mixed_missing_spurious,0.8,0.6666667,0.11875,3200
fcc,1,0,WDI-1NN,mixed_missing_spurious,0.8,0.8333333,0.128125,3200
fcc,1,0,WDI-1NN,mixed_missing_spurious,0.8,1.0,0.14875,3200
fcc,1,0,WDI-1NN,mixed_missing_spurious,0.9,0.1666667,0.07625,3200
fcc,1,0,WDI-1NN,mixed_missing_spurious,0.9,0.3333333,0.07625,3200
fcc,1,0,WDI-1NN,mixed_missing_spurious,0.9,0.5,0.08625,3200
fcc,1,0,WDI-1NN,mixed_missing_spurious,0.9,0.6666667,0.083125,3200
fcc,1,0,WDI-1NN,mixed_missing_spurious,0.9,0.8333333,0.0859375,3200
fcc,1,0,WDI-1NN,mixed_missing_spurious,0.9,1.0,0.095625,3200
fcc,1,0,WDI-1NN,mixed_spurious_timing_late,0.0,0.1666667,0.384375,3200
fcc,1,0,WDI-1NN,mixed_spurious_timing_late,0.0,0.3333333,0.384375,3200
fcc,1,0,WDI-1NN,mixed_spurious_timing_late,0.0,0.5,0.521875,3200
fcc,1,0,WDI-1NN,mixed_spurious_timing_late,0.0,0.6666667,0.703125,3200
fcc,1,0,WDI-1NN,mixed_spurious_timing_late,0.0,0.8333333,0.759375,3200
fcc,1,0,WDI-1NN,mixed_spurious_timing_late,0.0,1.0,0.796875,3200
fcc,1,0,WDI-1NN,mixed_spurious_timing_late,0.05,0.1666667,0.15625,3200
fcc,1,0,WDI-1NN,mixed_spurious_timing_late,0.05,0.3333333,0.15625,3200
fcc,1,0,WDI-1NN,mixed_spurious_timing_late,0.05,0.5,0.324375,3200
fcc,1,0,WDI-1NN,mixed_spurious_timing_late,0.05,0.6666667,0.4659375,3200
fcc,1,0,WDI-1NN,mixed_spurious_timing_late,0.05,0.8333333,0.489375,3200
fcc,1,0,WDI-1NN,mixed_spurious_timing_late,0.05,1.0,0.50375,3200
fcc,1,0,WDI-1NN,mixed_spurious_timing_late,0.1,0.1666667,0.1921875,3200
fcc,1,0,WDI-1NN,mixed_spurious_timing_late,0.1,0.3333333,0.1921875,3200
fcc,1,0,WDI-1NN,mixed_spurious_timing_late,0.1,0.5,0.3459375,3200
fcc,1,0,WDI-1NN,mixed_spurious_timing_late,0.1,0.6666667,0.41,3200
fcc,1,0,WDI-1NN,mixed_spurious_timing_late,0.1,0.8333333,0.4278125,3200
fcc,1,0,WDI-1NN,mixed_spurious_timing_late,0.1,1.0,0.426875,3200
fcc,1,0,WDI-1NN,mixed_spurious_timing_late,0.15,0.1666667,0.1696875,3200
fcc,1,0,WDI-1NN,mixed_spurious_timing_late,0.15,0.3333333,0.1696875,3200
fcc,1,0,WDI-1NN,mixed_spurious_timing_late,0.15,0.5,0.296875,3200
fcc,1,0,WDI-1NN,mixed_spurious_timing_late,0.15,0.6666667,0.3503125,3200
fcc,1,0,WDI-1NN,mixed_spurious_timing_late,0.15,0.8333333,0.3659375,3200
fcc,1,0,WDI-1NN,mixed_spurious_timing_late,0.15,1.0,0.3596875,3200
fcc,1,0,WDI-1NN,mixed_spurious_timing_late,0.2,0.1666667,0.1284375,3200
fcc,1,0,WDI-1NN,mixed_spurious_timing_late,0.2,0.3333333,0.1284375,3200
fcc,1,0,WDI-1NN,mixed_spurious_timing_late,0.2,0.5,0.2321875,3200
fcc,1,0,WDI-1NN,mixed_spurious_timing_late,0.2,0.6666667,0.29375,3200
fcc,1,0,WDI-1NN,mixed_spurious_timing_late,0.2,0.8333333,0.29375,3200
fcc,1,0,WDI-1NN,mixed_spurious_timing_late,0.2,1.0,0.3146875,3200
fcc,1,0,WDI-1NN,mixed_spurious_timing_late,0.25,0.1666667,0.0975,3200
fcc,1,0,WDI-1NN,mixed_spurious_timing_late,0.25,0.3333333,0.0975,3200
fcc,1,0,WDI-1NN,mixed_spurious_timing_late,0.25,0.5,0.199375,3200
fcc,1,0,WDI-1NN,mixed_spurious_timing_late,0.25,0.6666667,0.199375,3200
fcc,1,0,WDI-1NN,mixed_spurious_timing_late,0.25,0.8333333,0.243125,3200
fcc,1,0,WDI-1NN,mixed_spurious_timing_late,0.25,1.0,0.2609375,3200
fcc,1,0,WDI-1NN,mixed_spurious_timing_late,0.3,0.1666667,0.0996875,3200
fcc,1,0,WDI-1NN,mixed_spurious_timing_late,0.3,0.3333333,0.0996875,3200
fcc,1,0,WDI-1NN,mixed_spurious_timing_late,0.3,0.5,0.1559375,3200
fcc,1,0,WDI-1NN,mixed_spurious_timing_late,0.3,0.6666667,0.1559375,3200
fcc,1,0,WDI-1NN,mixed_spurious_timing_late,0.3,0.8333333,0.185625,3200
fcc,1,0,WDI-1NN,mixed_spurious_timing_late,0.3,1.0,0.21,3200
fcc,1,0,WDI-1NN,mixed_spurious_timing_late,0.4,0.1666667,0.0634375,3200
fcc,1,0,WDI-1NN,mixed_spurious_timing_late,0.4,0.3333333,0.0634375,3200
fcc,1,0,WDI-1NN,mixed_spurious_timing_late,0.4,0.5,0.0634375,3200
fcc,1,0,WDI-1NN,mixed_spurious_timing_late,0.4,0.6666667,0.0834375,3200
fcc,1,0,WDI-1NN,mixed_spurious_timing_late,0.4,0.8333333,0.0834375,3200
fcc,1,0,WDI-1NN,mixed_spurious_timing_late,0.4,1.0,0.1459375,3200
fcc,1,0,WDI-1NN,mixed_spurious_timing_late,0.5,0.1666667,0.0590625,3200
fcc,1,0,WDI-1NN,mixed_spurious_timing_late,0.5,0.3333333,0.0590625,3200
fcc,1,0,WDI-1NN,mixed_spurious_timing_late,0.5,0.5,0.0590625,3200
fcc,1,0,WDI-1NN,mixed_spurious_timing_late,0.5,0.6666667,0.0590625,3200
fcc,1,0,WDI-1NN,mixed_spurious_timing_late,0.5,0.8333333,0.0803125,3200
fcc,1,0,WDI-1NN,mixed_spurious_timing_late,0.5,1.0,0.10625,3200
fcc,1,0,WDI-1NN,mixed_spurious_timing_late,0.6,0.1666667,0.0628125,3200
fcc,1,0,WDI-1NN,mixed_spurious_timing_late,0.6,0.3333333,0.0628125,3200
fcc,1,0,WDI-1NN,mixed_spurious_timing_late,0.6,0.5,0.0628125,3200
fcc,1,0,WDI-1NN,mixed_spurious_timing_late,0.6,0.6666667,0.0628125,3200
fcc,1,0,WDI-1NN,mixed_spurious_timing_late,0.6,0.8333333,0.0628125,3200
fcc,1,0,WDI-1NN,mixed_spurious_timing_late,0.6,1.0,0.1128125,3200
fcc,1,0,WDI-1NN,mixed_spurious_timing_late,0.7,0.1666667,0.0771875,3200
fcc,1,0,WDI-1NN,mixed_spurious_timing_late,0.7,0.3333333,0.0771875,3200
fcc,1,0,WDI-1NN,mixed_spurious_timing_late,0.7,0.5,0.0771875,3200
fcc,1,0,WDI-1NN,mixed_spurious_timing_late,0.7,0.6666667,0.0771875,3200
fcc,1,0,WDI-1NN,mixed_spurious_timing_late,0.7,0.8333333,0.0771875,3200
fcc,1,0,WDI-1NN,mixed_spurious_timing_late,0.7,1.0,0.096875,3200
fcc,1,0,WDI-1NN,mixed_spurious_timing_late,0.8,0.1666667,0.080625,3200
fcc,1,0,WDI-1NN,mixed_spurious_timing_late,0.8,0.3333333,0.080625,3200
fcc,1,0,WDI-1NN,mixed_spurious_timing_late,0.8,0.5,0.080625,3200
fcc,1,0,WDI-1NN,mixed_spurious_timing_late,0.8,0.6666667,0.080625,3200
fcc,1,0,WDI-1NN,mixed_spurious_timing_late,0.8,0.8333333,0.080625,3200
fcc,1,0,WDI-1NN,mixed_spurious_timing_late,0.8,1.0,0.089375,3200
fcc,1,0,WDI-1NN,mixed_spurious_timing_late,0.9,0.1666667,0.0765625,3200
fcc,1,0,WDI-1NN,mixed_spurious_timing_late,0.9,0.3333333,0.0765625,3200
fcc,1,0,WDI-1NN,mixed_spurious_timing_late,0.9,0.5,0.0765625,3200
fcc,1,0,WDI-1NN,mixed_spurious_timing_late,0.9,0.6666667,0.0765625,3200
fcc,1,0,WDI-1NN,mixed_spurious_timing_late,0.9,0.8333333,0.0765625,3200
fcc,1,0,WDI-1NN,mixed_spurious_timing_late,0.9,1.0,0.0765625,3200
fcc,1,0,WDI-1NN,spurious_events,0.0,0.1666667,0.384375,3200
fcc,1,0,WDI-1NN,spurious_events,0.0,0.3333333,0.384375,3200
fcc,1,0,WDI-1NN,spurious_events,0.0,0.5,0.521875,3200
fcc,1,0,WDI-1NN,spurious_events,0.0,0.6666667,0.703125,3200
fcc,1,0,WDI-1NN,spurious_events,0.0,0.8333333,0.759375,3200
fcc,1,0,WDI-1NN,spurious_events,0.0,1.0,0.796875,3200
fcc,1,0,WDI-1NN,spurious_events,0.05,0.1666667,0.385,3200
fcc,1,0,WDI-1NN,spurious_events,0.05,0.3333333,0.385,3200
fcc,1,0,WDI-1NN,spurious_events,0.05,0.5,0.525625,3200
fcc,1,0,WDI-1NN,spurious_events,0.05,0.6666667,0.7053125,3200
fcc,1,0,WDI-1NN,spurious_events,0.05,0.8333333,0.760625,3200
fcc,1,0,WDI-1NN,spurious_events,0.05,1.0,0.79375,3200
fcc,1,0,WDI-1NN,spurious_events,0.1,0.1666667,0.3840625,3200
fcc,1,0,WDI-1NN,spurious_events,0.1,0.3333333,0.3840625,3200
fcc,1,0,WDI-1NN,spurious_events,0.1,0.5,0.525625,3200
fcc,1,0,WDI-1NN,spurious_events,0.1,0.6666667,0.6971875,3200
fcc,1,0,WDI-1NN,spurious_events,0.1,0.8333333,0.754375,3200
fcc,1,0,WDI-1NN,spurious_events,0.1,1.0,0.7853125,3200
fcc,1,0,WDI-1NN,spurious_events,0.15,0.1666667,0.3865625,3200
fcc,1,0,WDI-1NN,spurious_events,0.15,0.3333333,0.3865625,3200
fcc,1,0,WDI-1NN,spurious_events,0.15,0.5,0.5253125,3200
fcc,1,0,WDI-1NN,spurious_events,0.15,0.6666667,0.6971875,3200
fcc,1,0,WDI-1NN,spurious_events,0.15,0.8333333,0.7509375,3200
fcc,1,0,WDI-1NN,spurious_events,0.15,1.0,0.78125,3200
fcc,1,0,WDI-1NN,spurious_events,0.2,0.1666667,0.3840625,3200
fcc,1,0,WDI-1NN,spurious_events,0.2,0.3333333,0.3840625,3200
fcc,1,0,WDI-1NN,spurious_events,0.2,0.5,0.5290625,3200
fcc,1,0,WDI-1NN,spurious_events,0.2,0.6666667,0.7021875,3200
fcc,1,0,WDI-1NN,spurious_events,0.2,0.8333333,0.748125,3200
fcc,1,0,WDI-1NN,spurious_events,0.2,1.0,0.771875,3200
fcc,1,0,WDI-1NN,spurious_events,0.25,0.1666667,0.3840625,3200
fcc,1,0,WDI-1NN,spurious_events,0.25,0.3333333,0.3840625,3200
fcc,1,0,WDI-1NN,spurious_events,0.25,0.5,0.525,3200
fcc,1,0,WDI-1NN,spurious_events,0.25,0.6666667,0.6928125,3200
fcc,1,0,WDI-1NN,spurious_events,0.25,0.8333333,0.74125,3200
fcc,1,0,WDI-1NN,spurious_events,0.25,1.0,0.766875,3200
fcc,1,0,WDI-1NN,spurious_events,0.3,0.1666667,0.3796875,3200
fcc,1,0,WDI-1NN,spurious_events,0.3,0.3333333,0.3796875,3200
fcc,1,0,WDI-1NN,spurious_events,0.3,0.5,0.530625,3200
fcc,1,0,WDI-1NN,spurious_events,0.3,0.6666667,0.6965625,3200
fcc,1,0,WDI-1NN,spurious_events,0.3,0.8333333,0.740625,3200
fcc,1,0,WDI-1NN,spurious_events,0.3,1.0,0.7653125,3200
fcc,1,0,WDI-1NN,spurious_events,0.4,0.1666667,0.385625,3200
fcc,1,0,WDI-1NN,spurious_events,0.4,0.3333333,0.385625,3200
fcc,1,0,WDI-1NN,spurious_events,0.4,0.5,0.533125,3200
fcc,1,0,WDI-1NN,spurious_events,0.4,0.6666667,0.68375,3200
fcc,1,0,WDI-1NN,spurious_events,0.4,0.8333333,0.7275,3200
fcc,1,0,WDI-1NN,spurious_events,0.4,1.0,0.73875,3200
fcc,1,0,WDI-1NN,spurious_events,0.5,0.1666667,0.379375,3200
fcc,1,0,WDI-1NN,spurious_events,0.5,0.3333333,0.379375,3200
fcc,1,0,WDI-1NN,spurious_events,0.5,0.5,0.525625,3200
fcc,1,0,WDI-1NN,spurious_events,0.5,0.6666667,0.6740625,3200
fcc,1,0,WDI-1NN,spurious_events,0.5,0.8333333,0.7165625,3200
fcc,1,0,WDI-1NN,spurious_events,0.5,1.0,0.72125,3200
fcc,1,0,WDI-1NN,spurious_events,0.6,0.1666667,0.3828125,3200
fcc,1,0,WDI-1NN,spurious_events,0.6,0.3333333,0.3828125,3200
fcc,1,0,WDI-1NN,spurious_events,0.6,0.5,0.52875,3200
fcc,1,0,WDI-1NN,spurious_events,0.6,0.6666667,0.6740625,3200
fcc,1,0,WDI-1NN,spurious_events,0.6,0.8333333,0.715625,3200
fcc,1,0,WDI-1NN,spurious_events,0.6,1.0,0.7103125,3200
fcc,1,0,WDI-1NN,spurious_events,0.7,0.1666667,0.3815625,3200
fcc,1,0,WDI-1NN,spurious_events,0.7,0.3333333,0.3815625,3200
fcc,1,0,WDI-1NN,spurious_events,0.7,0.5,0.5278125,3200
fcc,1,0,WDI-1NN,spurious_events,0.7,0.6666667,0.665625,3200
fcc,1,0,WDI-1NN,spurious_events,0.7,0.8333333,0.6925,3200
fcc,1,0,WDI-1NN,spurious_events,0.7,1.0,0.684375,3200
fcc,1,0,WDI-1NN,spurious_events,0.8,0.1666667,0.39125,3200
fcc,1,0,WDI-1NN,spurious_events,0.8,0.3333333,0.39125,3200
fcc,1,0,WDI-1NN,spurious_events,0.8,0.5,0.528125,3200
fcc,1,0,WDI-1NN,spurious_events,0.8,0.6666667,0.6584375,3200
fcc,1,0,WDI-1NN,spurious_events,0.8,0.8333333,0.688125,3200
fcc,1,0,WDI-1NN,spurious_events,0.8,1.0,0.681875,3200
fcc,1,0,WDI-1NN,spurious_events,0.9,0.1666667,0.3796875,3200
fcc,1,0,WDI-1NN,spurious_events,0.9,0.3333333,0.3796875,3200
fcc,1,0,WDI-1NN,spurious_events,0.9,0.5,0.5253125,3200
fcc,1,0,WDI-1NN,spurious_events,0.9,0.6666667,0.654375,3200
fcc,1,0,WDI-1NN,spurious_events,0.9,0.8333333,0.6809375,3200
fcc,1,0,WDI-1NN,spurious_events,0.9,1.0,0.659375,3200
fcc,1,0,WDI-1NN,timing_uncertainty,0.0,0.1666667,0.384375,3200
fcc,1,0,WDI-1NN,timing_uncertainty,0.0,0.3333333,0.384375,3200
fcc,1,0,WDI-1NN,timing_uncertainty,0.0,0.5,0.521875,3200
fcc,1,0,WDI-1NN,timing_uncertainty,0.0,0.6666667,0.703125,3200
fcc,1,0,WDI-1NN,timing_uncertainty,0.0,0.8333333,0.759375,3200
fcc,1,0,WDI-1NN,timing_uncertainty,0.0,1.0,0.796875,3200
fcc,1,0,WDI-1NN,timing_uncertainty,0.05,0.1666667,0.3834375,3200
fcc,1,0,WDI-1NN,timing_uncertainty,0.05,0.3333333,0.3834375,3200
fcc,1,0,WDI-1NN,timing_uncertainty,0.05,0.5,0.52125,3200
fcc,1,0,WDI-1NN,timing_uncertainty,0.05,0.6666667,0.7025,3200
fcc,1,0,WDI-1NN,timing_uncertainty,0.05,0.8333333,0.7590625,3200
fcc,1,0,WDI-1NN,timing_uncertainty,0.05,1.0,0.7965625,3200
fcc,1,0,WDI-1NN,timing_uncertainty,0.1,0.1666667,0.38375,3200
fcc,1,0,WDI-1NN,timing_uncertainty,0.1,0.3333333,0.38375,3200
fcc,1,0,WDI-1NN,timing_uncertainty,0.1,0.5,0.520625,3200
fcc,1,0,WDI-1NN,timing_uncertainty,0.1,0.6666667,0.7021875,3200
fcc,1,0,WDI-1NN,timing_uncertainty,0.1,0.8333333,0.7578125,3200
fcc,1,0,WDI-1NN,timing_uncertainty,0.1,1.0,0.79625,3200
fcc,1,0,WDI-1NN,timing_uncertainty,0.15,0.1666667,0.3821875,3200
fcc,1,0,WDI-1NN,timing_uncertainty,0.15,0.3333333,0.3821875,3200
fcc,1,0,WDI-1NN,timing_uncertainty,0.15,0.5,0.52,3200
fcc,1,0,WDI-1NN,timing_uncertainty,0.15,0.6666667,0.700625,3200
fcc,1,0,WDI-1NN,timing_uncertainty,0.15,0.8333333,0.756875,3200
fcc,1,0,WDI-1NN,timing_uncertainty,0.15,1.0,0.796875,3200
fcc,1,0,WDI-1NN,timing_uncertainty,0.2,0.1666667,0.3834375,3200
fcc,1,0,WDI-1NN,timing_uncertainty,0.2,0.3333333,0.3834375,3200
fcc,1,0,WDI-1NN,timing_uncertainty,0.2,0.5,0.52,3200
fcc,1,0,WDI-1NN,timing_uncertainty,0.2,0.6666667,0.7015625,3200
fcc,1,0,WDI-1NN,timing_uncertainty,0.2,0.8333333,0.7584375,3200
fcc,1,0,WDI-1NN,timing_uncertainty,0.2,1.0,0.796875,3200
fcc,1,0,WDI-1NN,timing_uncertainty,0.25,0.1666667,0.3828125,3200
fcc,1,0,WDI-1NN,timing_uncertainty,0.25,0.3333333,0.3828125,3200
fcc,1,0,WDI-1NN,timing_uncertainty,0.25,0.5,0.5196875,3200
fcc,1,0,WDI-1NN,timing_uncertainty,0.25,0.6666667,0.7021875,3200
fcc,1,0,WDI-1NN,timing_uncertainty,0.25,0.8333333,0.756875,3200
fcc,1,0,WDI-1NN,timing_uncertainty,0.25,1.0,0.7971875,3200
fcc,1,0,WDI-1NN,timing_uncertainty,0.3,0.1666667,0.383125,3200
fcc,1,0,WDI-1NN,timing_uncertainty,0.3,0.3333333,0.383125,3200
fcc,1,0,WDI-1NN,timing_uncertainty,0.3,0.5,0.5196875,3200
fcc,1,0,WDI-1NN,timing_uncertainty,0.3,0.6666667,0.705,3200
fcc,1,0,WDI-1NN,timing_uncertainty,0.3,0.8333333,0.7584375,3200
fcc,1,0,WDI-1NN,timing_uncertainty,0.3,1.0,0.7975,3200
fcc,1,0,WDI-1NN,timing_uncertainty,0.4,0.1666667,0.3828125,3200
fcc,1,0,WDI-1NN,timing_uncertainty,0.4,0.3333333,0.3828125,3200
fcc,1,0,WDI-1NN,timing_uncertainty,0.4,0.5,0.5228125,3200
fcc,1,0,WDI-1NN,timing_uncertainty,0.4,0.6666667,0.7,3200
fcc,1,0,WDI-1NN,timing_uncertainty,0.4,0.8333333,0.7584375,3200
fcc,1,0,WDI-1NN,timing_uncertainty,0.4,1.0,0.7990625,3200
fcc,1,0,WDI-1NN,timing_uncertainty,0.5,0.1666667,0.3825,3200
fcc,1,0,WDI-1NN,timing_uncertainty,0.5,0.3333333,0.3825,3200
fcc,1,0,WDI-1NN,timing_uncertainty,0.5,0.5,0.52,3200
fcc,1,0,WDI-1NN,timing_uncertainty,0.5,0.6666667,0.7,3200
fcc,1,0,WDI-1NN,timing_uncertainty,0.5,0.8333333,0.7546875,3200
fcc,1,0,WDI-1NN,timing_uncertainty,0.5,1.0,0.7975,3200
fcc,1,0,WDI-1NN,timing_uncertainty,0.6,0.1666667,0.3840625,3200
fcc,1,0,WDI-1NN,timing_uncertainty,0.6,0.3333333,0.3840625,3200
fcc,1,0,WDI-1NN,timing_uncertainty,0.6,0.5,0.525625,3200
fcc,1,0,WDI-1NN,timing_uncertainty,0.6,0.6666667,0.6940625,3200
fcc,1,0,WDI-1NN,timing_uncertainty,0.6,0.8333333,0.7546875,3200
fcc,1,0,WDI-1NN,timing_uncertainty,0.6,1.0,0.7984375,3200
fcc,1,0,WDI-1NN,timing_uncertainty,0.7,0.1666667,0.3834375,3200
fcc,1,0,WDI-1NN,timing_uncertainty,0.7,0.3333333,0.3834375,3200
fcc,1,0,WDI-1NN,timing_uncertainty,0.7,0.5,0.529375,3200
fcc,1,0,WDI-1NN,timing_uncertainty,0.7,0.6666667,0.6990625,3200
fcc,1,0,WDI-1NN,timing_uncertainty,0.7,0.8333333,0.7596875,3200
fcc,1,0,WDI-1NN,timing_uncertainty,0.7,1.0,0.8015625,3200
fcc,1,0,WDI-1NN,timing_uncertainty,0.8,0.1666667,0.3721875,3200
fcc,1,0,WDI-1NN,timing_uncertainty,0.8,0.3333333,0.3721875,3200
fcc,1,0,WDI-1NN,timing_uncertainty,0.8,0.5,0.533125,3200
fcc,1,0,WDI-1NN,timing_uncertainty,0.8,0.6666667,0.6928125,3200
fcc,1,0,WDI-1NN,timing_uncertainty,0.8,0.8333333,0.755,3200
fcc,1,0,WDI-1NN,timing_uncertainty,0.8,1.0,0.8009375,3200
fcc,1,0,WDI-1NN,timing_uncertainty,0.9,0.1666667,0.37375,3200
fcc,1,0,WDI-1NN,timing_uncertainty,0.9,0.3333333,0.37375,3200
fcc,1,0,WDI-1NN,timing_uncertainty,0.9,0.5,0.53125,3200
fcc,1,0,WDI-1NN,timing_uncertainty,0.9,0.6666667,0.690625,3200
fcc,1,0,WDI-1NN,timing_uncertainty,0.9,0.8333333,0.753125,3200
fcc,1,0,WDI-1NN,timing_uncertainty,0.9,1.0,0.798125,3200
fcc,2,0,ACM-SVM,late_time_delay,0.0,0.1666667,0.378125,3200
fcc,2,0,ACM-SVM,late_time_delay,0.0,0.3333333,0.378125,3200
fcc,2,0,ACM-SVM,late_time_delay,0.0,0.5,0.675,3200
fcc,2,0,ACM-SVM,late_time_delay,0.0,0.6666667,0.896875,3200
fcc,2,0,ACM-SVM,late_time_delay,0.0,0.8333333,0.978125,3200
fcc,2,0,ACM-SVM,late_time_delay,0.0,1.0,0.98125,3200
fcc,2,0,ACM-SVM,late_time_delay,0.05,0.1666667,0.065625,3200
fcc,2,0,ACM-SVM,late_time_delay,0.05,0.3333333,0.065625,3200
fcc,2,0,ACM-SVM,late_time_delay,0.05,0.5,0.13125,3200
fcc,2,0,ACM-SVM,late_time_delay,0.05,0.6666667,0.278125,3200
fcc,2,0,ACM-SVM,late_time_delay,0.05,0.8333333,0.390625,3200
fcc,2,0,ACM-SVM,late_time_delay,0.05,1.0,0.434375,3200
fcc,2,0,ACM-SVM,late_time_delay,0.1,0.1666667,0.075,3200
fcc,2,0,ACM-SVM,late_time_delay,0.1,0.3333333,0.075,3200
fcc,2,0,ACM-SVM,late_time_delay,0.1,0.5,0.140625,3200
fcc,2,0,ACM-SVM,late_time_delay,0.1,0.6666667,0.28125,3200
fcc,2,0,ACM-SVM,late_time_delay,0.1,0.8333333,0.3375,3200
fcc,2,0,ACM-SVM,late_time_delay,0.1,1.0,0.365625,3200
fcc,2,0,ACM-SVM,late_time_delay,0.15,0.1666667,0.065625,3200
fcc,2,0,ACM-SVM,late_time_delay,0.15,0.3333333,0.065625,3200
fcc,2,0,ACM-SVM,late_time_delay,0.15,0.5,0.103125,3200
fcc,2,0,ACM-SVM,late_time_delay,0.15,0.6666667,0.178125,3200
fcc,2,0,ACM-SVM,late_time_delay,0.15,0.8333333,0.203125,3200
fcc,2,0,ACM-SVM,late_time_delay,0.15,1.0,0.21875,3200
fcc,2,0,ACM-SVM,late_time_delay,0.2,0.1666667,0.06875,3200
fcc,2,0,ACM-SVM,late_time_delay,0.2,0.3333333,0.06875,3200
fcc,2,0,ACM-SVM,late_time_delay,0.2,0.5,0.096875,3200
fcc,2,0,ACM-SVM,late_time_delay,0.2,0.6666667,0.140625,3200
fcc,2,0,ACM-SVM,late_time_delay,0.2,0.8333333,0.140625,3200
fcc,2,0,ACM-SVM,late_time_delay,0.2,1.0,0.153125,3200
fcc,2,0,ACM-SVM,late_time_delay,0.25,0.1666667,0.06875,3200
fcc,2,0,ACM-SVM,late_time_delay,0.25,0.3333333,0.06875,3200
fcc,2,0,ACM-SVM,late_time_delay,0.25,0.5,0.109375,3200
fcc,2,0,ACM-SVM,late_time_delay,0.25,0.6666667,0.109375,3200
fcc,2,0,ACM-SVM,late_time_delay,0.25,0.8333333,0.128125,3200
fcc,2,0,ACM-SVM,late_time_delay,0.25,1.0,0.140625,3200
fcc,2,0,ACM-SVM,late_time_delay,0.3,0.1666667,0.06875,3200
fcc,2,0,ACM-SVM,late_time_delay,0.3,0.3333333,0.06875,3200
fcc,2,0,ACM-SVM,late_time_delay,0.3,0.5,0.109375,3200
fcc,2,0,ACM-SVM,late_time_delay,0.3,0.6666667,0.109375,3200
fcc,2,0,ACM-SVM,late_time_delay,0.3,0.8333333,0.1125,3200
fcc,2,0,ACM-SVM,late_time_delay,0.3,1.0,0.13125,3200
fcc,2,0,ACM-SVM,late_time_delay,0.4,0.1666667,0.06875,3200
fcc,2,0,ACM-SVM,late_time_delay,0.4,0.3333333,0.06875,3200
fcc,2,0,ACM-SVM,late_time_delay,0.4,0.5,0.06875,3200
fcc,2,0,ACM-SVM,late_time_delay,0.4,0.6666667,0.096875,3200
fcc,2,0,ACM-SVM,late_time_delay,0.4,0.8333333,0.096875,3200
fcc,2,0,ACM-SVM,late_time_delay,0.4,1.0,0.103125,3200
fcc,2,0,ACM-SVM,late_time_delay,0.5,0.1666667,0.065625,3200
fcc,2,0,ACM-SVM,late_time_delay,0.5,0.3333333,0.065625,3200
fcc,2,0,ACM-SVM,late_time_delay,0.5,0.5,0.065625,3200
fcc,2,0,ACM-SVM,late_time_delay,0.5,0.6666667,0.065625,3200
fcc,2,0,ACM-SVM,late_time_delay,0.5,0.8333333,0.06875,3200
fcc,2,0,ACM-SVM,late_time_delay,0.5,1.0,0.0875,3200
fcc,2,0,ACM-SVM,late_time_delay,0.6,0.1666667,0.06875,3200
fcc,2,0,ACM-SVM,late_time_delay,0.6,0.3333333,0.06875,3200
fcc,2,0,ACM-SVM,late_time_delay,0.6,0.5,0.06875,3200
fcc,2,0,ACM-SVM,late_time_delay,0.6,0.6666667,0.06875,3200
fcc,2,0,ACM-SVM,late_time_delay,0.6,0.8333333,0.06875,3200
fcc,2,0,ACM-SVM,late_time_delay,0.6,1.0,0.084375,3200
fcc,2,0,ACM-SVM,late_time_delay,0.7,0.1666667,0.075,3200
fcc,2,0,ACM-SVM,late_time_delay,0.7,0.3333333,0.075,3200
fcc,2,0,ACM-SVM,late_time_delay,0.7,0.5,0.075,3200
fcc,2,0,ACM-SVM,late_time_delay,0.7,0.6666667,0.075,3200
fcc,2,0,ACM-SVM,late_time_delay,0.7,0.8333333,0.075,3200
fcc,2,0,ACM-SVM,late_time_delay,0.7,1.0,0.084375,3200
fcc,2,0,ACM-SVM,late_time_delay,0.8,0.1666667,0.078125,3200
fcc,2,0,ACM-SVM,late_time_delay,0.8,0.3333333,0.078125,3200
fcc,2,0,ACM-SVM,late_time_delay,0.8,0.5,0.078125,3200
fcc,2,0,ACM-SVM,late_time_delay,0.8,0.6666667,0.078125,3200
fcc,2,0,ACM-SVM,late_time_delay,0.8,0.8333333,0.078125,3200
fcc,2,0,ACM-SVM,late_time_delay,0.8,1.0,0.08125,3200
fcc,2,0,ACM-SVM,late_time_delay,0.9,0.1666667,0.078125,3200
fcc,2,0,ACM-SVM,late_time_delay,0.9,0.3333333,0.078125,3200
fcc,2,0,ACM-SVM,late_time_delay,0.9,0.5,0.078125,3200
fcc,2,0,ACM-SVM,late_time_delay,0.9,0.6666667,0.078125,3200
fcc,2,0,ACM-SVM,late_time_delay,0.9,0.8333333,0.078125,3200
fcc,2,0,ACM-SVM,late_time_delay,0.9,1.0,0.078125,3200
fcc,2,0,ACM-SVM,missing_events,0.0,0.1666667,0.378125,3200
fcc,2,0,ACM-SVM,missing_events,0.0,0.3333333,0.378125,3200
fcc,2,0,ACM-SVM,missing_events,0.0,0.5,0.675,3200
fcc,2,0,ACM-SVM,missing_events,0.0,0.6666667,0.896875,3200
fcc,2,0,ACM-SVM,missing_events,0.0,0.8333333,0.978125,3200
fcc,2,0,ACM-SVM,missing_events,0.0,1.0,0.98125,3200
fcc,2,0,ACM-SVM,missing_events,0.05,0.1666667,0.3659375,3200
fcc,2,0,ACM-SVM,missing_events,0.05,0.3333333,0.3659375,3200
fcc,2,0,ACM-SVM,missing_events,0.05,0.5,0.65625,3200
fcc,2,0,ACM-SVM,missing_events,0.05,0.6666667,0.8753125,3200
fcc,2,0,ACM-SVM,missing_events,0.05,0.8333333,0.9621875,3200
fcc,2,0,ACM-SVM,missing_events,0.05,1.0,0.9653125,3200
fcc,2,0,ACM-SVM,missing_events,0.1,0.1666667,0.2996875,3200
fcc,2,0,ACM-SVM,missing_events,0.1,0.3333333,0.2996875,3200
fcc,2,0,ACM-SVM,missing_events,0.1,0.5,0.564375,3200
fcc,2,0,ACM-SVM,missing_events,0.1,0.6666667,0.79375,3200
fcc,2,0,ACM-SVM,missing_events,0.1,0.8333333,0.9025,3200
fcc,2,0,ACM-SVM,missing_events,0.1,1.0,0.9253125,3200
fcc,2,0,ACM-SVM,missing_events,0.15,0.1666667,0.25875,3200
fcc,2,0,ACM-SVM,missing_events,0.15,0.3333333,0.25875,3200
fcc,2,0,ACM-SVM,missing_events,0.15,0.5,0.476875,3200
fcc,2,0,ACM-SVM,missing_events,0.15,0.6666667,0.713125,3200
fcc,2,0,ACM-SVM,missing_events,0.15,0.8333333,0.8365625,3200
fcc,2,0,ACM-SVM,missing_events,0.15,1.0,0.884375,3200
fcc,2,0,ACM-SVM,missing_events,0.2,0.1666667,0.230625,3200
fcc,2,0,ACM-SVM,missing_events,0.2,0.3333333,0.230625,3200
fcc,2,0,ACM-SVM,missing_events,0.2,0.5,0.399375,3200
fcc,2,0,ACM-SVM,missing_events,0.2,0.6666667,0.605,3200
fcc,2,0,ACM-SVM,missing_events,0.2,0.8333333,0.741875,3200
fcc,2,0,ACM-SVM,missing_events,0.2,1.0,0.8290625,3200
fcc,2,0,ACM-SVM,missing_events,0.25,0.1666667,0.2071875,3200
fcc,2,0,ACM-SVM,missing_events,0.25,0.3333333,0.2071875,3200
fcc,2,0,ACM-SVM,missing_events,0.25,0.5,0.32875,3200
fcc,2,0,ACM-SVM,missing_events,0.25,0.6666667,0.5115625,3200
fcc,2,0,ACM-SVM,missing_events,0.25,0.8333333,0.6415625,3200
fcc,2,0,ACM-SVM,missing_events,0.25,1.0,0.7315625,3200
fcc,2,0,ACM-SVM,missing_events,0.3,0.1666667,0.1859375,3200
fcc,2,0,ACM-SVM,missing_events,0.3,0.3333333,0.1859375,3200
fcc,2,0,ACM-SVM,missing_events,0.3,0.5,0.28,3200
fcc,2,0,ACM-SVM,missing_events,0.3,0.6666667,0.4309375,3200
fcc,2,0,ACM-SVM,missing_events,0.3,0.8333333,0.5478125,3200
fcc,2,0,ACM-SVM,missing_events,0.3,1.0,0.6615625,3200
fcc,2,0,ACM-SVM,missing_events,0.4,0.1666667,0.1465625,3200
fcc,2,0,ACM-SVM,missing_events,0.4,0.3333333,0.1465625,3200
fcc,2,0,ACM-SVM,missing_events,0.4,0.5,0.204375,3200
fcc,2,0,ACM-SVM,missing_events,0.4,0.6666667,0.286875,3200
fcc,2,0,ACM-SVM,missing_events,0.4,0.8333333,0.3653125,3200
fcc,2,0,ACM-SVM,missing_events,0.4,1.0,0.4703125,3200
fcc,2,0,ACM-SVM,missing_events,0.5,0.1666667,0.125,3200
fcc,2,0,ACM-SVM,missing_events,0.5,0.3333333,0.125,3200
fcc,2,0,ACM-SVM,missing_events,0.5,0.5,0.151875,3200
fcc,2,0,ACM-SVM,missing_events,0.5,0.6666667,0.195625,3200
fcc,2,0,ACM-SVM,missing_events,0.5,0.8333333,0.2396875,3200
fcc,2,0,ACM-SVM,missing_events,0.5,1.0,0.2865625,3200
fcc,2,0,ACM-SVM,missing_events,0.6,0.1666667,0.1034375,3200
fcc,2,0,ACM-SVM,missing_events,0.6,0.3333333,0.1034375,3200
fcc,2,0,ACM-SVM,missing_events,0.6,0.5,0.119375,3200
fcc,2,0,ACM-SVM,missing_events,0.6,0.6666667,0.143125,3200
fcc,2,0,ACM-SVM,missing_events,0.6,0.8333333,0.1703125,3200
fcc,2,0,ACM-SVM,missing_events,0.6,1.0,0.19875,3200
fcc,2,0,ACM-SVM,missing_events,0.7,0.1666667,0.0965625,3200
fcc,2,0,ACM-SVM,missing_events,0.7,0.3333333,0.0965625,3200
fcc,2,0,ACM-SVM,missing_events,0.7,0.5,0.1025,3200
fcc,2,0,ACM-SVM,missing_events,0.7,0.6666667,0.1109375,3200
fcc,2,0,ACM-SVM,missing_events,0.7,0.8333333,0.129375,3200
fcc,2,0,ACM-SVM,missing_events,0.7,1.0,0.144375,3200
fcc,2,0,ACM-SVM,missing_events,0.8,0.1666667,0.0746875,3200
fcc,2,0,ACM-SVM,missing_events,0.8,0.3333333,0.0746875,3200
fcc,2,0,ACM-SVM,missing_events,0.8,0.5,0.0746875,3200
fcc,2,0,ACM-SVM,missing_events,0.8,0.6666667,0.0765625,3200
fcc,2,0,ACM-SVM,missing_events,0.8,0.8333333,0.0834375,3200
fcc,2,0,ACM-SVM,missing_events,0.8,1.0,0.093125,3200
fcc,2,0,ACM-SVM,missing_events,0.9,0.1666667,0.0671875,3200
fcc,2,0,ACM-SVM,missing_events,0.9,0.3333333,0.0671875,3200
fcc,2,0,ACM-SVM,missing_events,0.9,0.5,0.066875,3200
fcc,2,0,ACM-SVM,missing_events,0.9,0.6666667,0.0675,3200
fcc,2,0,ACM-SVM,missing_events,0.9,0.8333333,0.06875,3200
fcc,2,0,ACM-SVM,missing_events,0.9,1.0,0.070625,3200
fcc,2,0,ACM-SVM,mixed_missing_spurious,0.0,0.1666667,0.378125,3200
fcc,2,0,ACM-SVM,mixed_missing_spurious,0.0,0.3333333,0.378125,3200
fcc,2,0,ACM-SVM,mixed_missing_spurious,0.0,0.5,0.675,3200
fcc,2,0,ACM-SVM,mixed_missing_spurious,0.0,0.6666667,0.896875,3200
fcc,2,0,ACM-SVM,mixed_missing_spurious,0.0,0.8333333,0.978125,3200
fcc,2,0,ACM-SVM,mixed_missing_spurious,0.0,1.0,0.98125,3200
fcc,2,0,ACM-SVM,mixed_missing_spurious,0.05,0.1666667,0.365,3200
fcc,2,0,ACM-SVM,mixed_missing_spurious,0.05,0.3333333,0.365,3200
fcc,2,0,ACM-SVM,mixed_missing_spurious,0.05,0.5,0.6403125,3200
fcc,2,0,ACM-SVM,mixed_missing_spurious,0.05,0.6666667,0.845,3200
fcc,2,0,ACM-SVM,mixed_missing_spurious,0.05,0.8333333,0.9203125,3200
fcc,2,0,ACM-SVM,mixed_missing_spurious,0.05,1.0,0.9053125,3200
fcc,2,0,ACM-SVM,mixed_missing_spurious,0.1,0.1666667,0.2975,3200
fcc,2,0,ACM-SVM,mixed_missing_spurious,0.1,0.3333333,0.2975,3200
fcc,2,0,ACM-SVM,mixed_missing_spurious,0.1,0.5,0.5384375,3200
fcc,2,0,ACM-SVM,mixed_missing_spurious,0.1,0.6666667,0.7259375,3200
fcc,2,0,ACM-SVM,mixed_missing_spurious,0.1,0.8333333,0.783125,3200
fcc,2,0,ACM-SVM,mixed_missing_spurious,0.1,1.0,0.74,3200
fcc,2,0,ACM-SVM,mixed_missing_spurious,0.15,0.1666667,0.2634375,3200
fcc,2,0,ACM-SVM,mixed_missing_spurious,0.15,0.3333333,0.2634375,3200
fcc,2,0,ACM-SVM,mixed_missing_spurious,0.15,0.5,0.446875,3200
fcc,2,0,ACM-SVM,mixed_missing_spurious,0.15,0.6666667,0.6040625,3200
fcc,2,0,ACM-SVM,mixed_missing_spurious,0.15,0.8333333,0.6590625,3200
fcc,2,0,ACM-SVM,mixed_missing_spurious,0.15,1.0,0.618125,3200
fcc,2,0,ACM-SVM,mixed_missing_spurious,0.2,0.1666667,0.2203125,3200
fcc,2,0,ACM-SVM,mixed_missing_spurious,0.2,0.3333333,0.2203125,3200
fcc,2,0,ACM-SVM,mixed_missing_spurious,0.2,0.5,0.35375,3200
fcc,2,0,ACM-SVM,mixed_missing_spurious,0.2,0.6666667,0.4734375,3200
fcc,2,0,ACM-SVM,mixed_missing_spurious,0.2,0.8333333,0.5184375,3200
fcc,2,0,ACM-SVM,mixed_missing_spurious,0.2,1.0,0.49125,3200
fcc,2,0,ACM-SVM,mixed_missing_spurious,0.25,0.1666667,0.195625,3200
fcc,2,0,ACM-SVM,mixed_missing_spurious,0.25,0.3333333,0.195625,3200
fcc,2,0,ACM-SVM,mixed_missing_spurious,0.25,0.5,0.2909375,3200
fcc,2,0,ACM-SVM,mixed_missing_spurious,0.25,0.6666667,0.4,3200
fcc,2,0,ACM-SVM,mixed_missing_spurious,0.25,0.8333333,0.445,3200
fcc,2,0,ACM-SVM,mixed_missing_spurious,0.25,1.0,0.4175,3200
fcc,2,0,ACM-SVM,mixed_missing_spurious,0.3,0.1666667,0.1834375,3200
fcc,2,0,ACM-SVM,mixed_missing_spurious,0.3,0.3333333,0.1834375,3200
fcc,2,0,ACM-SVM,mixed_missing_spurious,0.3,0.5,0.2615625,3200
fcc,2,0,ACM-SVM,mixed_missing_spurious,0.3,0.6666667,0.346875,3200
fcc,2,0,ACM-SVM,mixed_missing_spurious,0.3,0.8333333,0.3884375,3200
fcc,2,0,ACM-SVM,mixed_missing_spurious,0.3,1.0,0.3678125,3200
fcc,2,0,ACM-SVM,mixed_missing_spurious,0.4,0.1666667,0.1403125,3200
fcc,2,0,ACM-SVM,mixed_missing_spurious,0.4,0.3333333,0.1403125,3200
fcc,2,0,ACM-SVM,mixed_missing_spurious,0.4,0.5,0.1875,3200
fcc,2,0,ACM-SVM,mixed_missing_spurious,0.4,0.6666667,0.2346875,3200
fcc,2,0,ACM-SVM,mixed_missing_spurious,0.4,0.8333333,0.2684375,3200
fcc,2,0,ACM-SVM,mixed_missing_spurious,0.4,1.0,0.261875,3200
fcc,2,0,ACM-SVM,mixed_missing_spurious,0.5,0.1666667,0.1259375,3200
fcc,2,0,ACM-SVM,mixed_missing_spurious,0.5,0.3333333,0.1259375,3200
fcc,2,0,ACM-SVM,mixed_missing_spurious,0.5,0.5,0.15625,3200
fcc,2,0,ACM-SVM,mixed_missing_spurious,0.5,0.6666667,0.18625,3200
fcc,2,0,ACM-SVM,mixed_missing_spurious,0.5,0.8333333,0.2115625,3200
fcc,2,0,ACM-SVM,mixed_missing_spurious,0.5,1.0,0.2184375,3200
fcc,2,0,ACM-SVM,mixed_missing_spurious,0.6,0.1666667,0.11,3200
fcc,2,0,ACM-SVM,mixed_missing_spurious,0.6,0.3333333,0.11,3200
fcc,2,0,ACM-SVM,mixed_missing_spurious,0.6,0.5,0.124375,3200
fcc,2,0,ACM-SVM,mixed_missing_spurious,0.6,0.6666667,0.1425,3200
fcc,2,0,ACM-SVM,mixed_missing_spurious,0.6,0.8333333,0.1640625,3200
fcc,2,0,ACM-SVM,mixed_missing_spurious,0.6,1.0,0.171875,3200
fcc,2,0,ACM-SVM,mixed_missing_spurious,0.7,0.1666667,0.1015625,3200
fcc,2,0,ACM-SVM,mixed_missing_spurious,0.7,0.3333333,0.1015625,3200
fcc,2,0,ACM-SVM,mixed_missing_spurious,0.7,0.5,0.1075,3200
fcc,2,0,ACM-SVM,mixed_missing_spurious,0.7,0.6666667,0.114375,3200
fcc,2,0,ACM-SVM,mixed_missing_spurious,0.7,0.8333333,0.1234375,3200
fcc,2,0,ACM-SVM,mixed_missing_spurious,0.7,1.0,0.131875,3200
fcc,2,0,ACM-SVM,mixed_missing_spurious,0.8,0.1666667,0.081875,3200
fcc,2,0,ACM-SVM,mixed_missing_spurious,0.8,0.3333333,0.081875,3200
fcc,2,0,ACM-SVM,mixed_missing_spurious,0.8,0.5,0.0871875,3200
fcc,2,0,ACM-SVM,mixed_missing_spurious,0.8,0.6666667,0.094375,3200
fcc,2,0,ACM-SVM,mixed_missing_spurious,0.8,0.8333333,0.0984375,3200
fcc,2,0,ACM-SVM,mixed_missing_spurious,0.8,1.0,0.10625,3200
fcc,2,0,ACM-SVM,mixed_missing_spurious,0.9,0.1666667,0.0646875,3200
fcc,2,0,ACM-SVM,mixed_missing_spurious,0.9,0.3333333,0.0646875,3200
fcc,2,0,ACM-SVM,mixed_missing_spurious,0.9,0.5,0.0665625,3200
fcc,2,0,ACM-SVM,mixed_missing_spurious,0.9,0.6666667,0.0678125,3200
fcc,2,0,ACM-SVM,mixed_missing_spurious,0.9,0.8333333,0.069375,3200
fcc,2,0,ACM-SVM,mixed_missing_spurious,0.9,1.0,0.073125,3200
fcc,2,0,ACM-SVM,mixed_spurious_timing_late,0.0,0.1666667,0.378125,3200
fcc,2,0,ACM-SVM,mixed_spurious_timing_late,0.0,0.3333333,0.378125,3200
fcc,2,0,ACM-SVM,mixed_spurious_timing_late,0.0,0.5,0.675,3200
fcc,2,0,ACM-SVM,mixed_spurious_timing_late,0.0,0.6666667,0.896875,3200
fcc,2,0,ACM-SVM,mixed_spurious_timing_late,0.0,0.8333333,0.978125,3200
fcc,2,0,ACM-SVM,mixed_spurious_timing_late,0.0,1.0,0.98125,3200
fcc,2,0,ACM-SVM,mixed_spurious_timing_late,0.05,0.1666667,0.06625,3200
fcc,2,0,ACM-SVM,mixed_spurious_timing_late,0.05,0.3333333,0.06625,3200
fcc,2,0,ACM-SVM,mixed_spurious_timing_late,0.05,0.5,0.1321875,3200
fcc,2,0,ACM-SVM,mixed_spurious_timing_late,0.05,0.6666667,0.27375,3200
fcc,2,0,ACM-SVM,mixed_spurious_timing_late,0.05,0.8333333,0.3778125,3200
fcc,2,0,ACM-SVM,mixed_spurious_timing_late,0.05,1.0,0.4196875,3200
fcc,2,0,ACM-SVM,mixed_spurious_timing_late,0.1,0.1666667,0.075,3200
fcc,2,0,ACM-SVM,mixed_spurious_timing_late,0.1,0.3333333,0.075,3200
fcc,2,0,ACM-SVM,mixed_spurious_timing_late,0.1,0.5,0.1425,3200
fcc,2,0,ACM-SVM,mixed_spurious_timing_late,0.1,0.6666667,0.256875,3200
fcc,2,0,ACM-SVM,mixed_spurious_timing_late,0.1,0.8333333,0.2984375,3200
fcc,2,0,ACM-SVM,mixed_spurious_timing_late,0.1,1.0,0.3159375,3200
fcc,2,0,ACM-SVM,mixed_spurious_timing_late,0.15,0.1666667,0.0665625,3200
fcc,2,0,ACM-SVM,mixed_spurious_timing_late,0.15,0.3333333,0.0665625,3200
fcc,2,0,ACM-SVM,mixed_spurious_timing_late,0.15,0.5,0.1034375,3200
fcc,2,0,ACM-SVM,mixed_spurious_timing_late,0.15,0.6666667,0.1721875,3200
fcc,2,0,ACM-SVM,mixed_spurious_timing_late,0.15,0.8333333,0.190625,3200
fcc,2,0,ACM-SVM,mixed_spurious_timing_late,0.15,1.0,0.208125,3200
fcc,2,0,ACM-SVM,mixed_spurious_timing_late,0.2,0.1666667,0.0721875,3200
fcc,2,0,ACM-SVM,mixed_spurious_timing_late,0.2,0.3333333,0.0721875,3200
fcc,2,0,ACM-SVM,mixed_spurious_timing_late,0.2,0.5,0.10375,3200
fcc,2,0,ACM-SVM,mixed_spurious_timing_late,0.2,0.6666667,0.1309375,3200
fcc,2,0,ACM-SVM,mixed_spurious_timing_late,0.2,0.8333333,0.1309375,3200
fcc,2,0,ACM-SVM,mixed_spurious_timing_late,0.2,1.0,0.14875,3200
fcc,2,0,ACM-SVM,mixed_spurious_timing_late,0.25,0.1666667,0.07,3200
fcc,2,0,ACM-SVM,mixed_spurious_timing_late,0.25,0.3333333,0.07,3200
fcc,2,0,ACM-SVM,mixed_spurious_timing_late,0.25,0.5,0.11,3200
fcc,2,0,ACM-SVM,mixed_spurious_timing_late,0.25,0.6666667,0.11,3200
fcc,2,0,ACM-SVM,mixed_spurious_timing_late,0.25,0.8333333,0.128125,3200
fcc,2,0,ACM-SVM,mixed_spurious_timing_late,0.25,1.0,0.13625,3200
fcc,2,0,ACM-SVM,mixed_spurious_timing_late,0.3,0.1666667,0.0721875,3200
fcc,2,0,ACM-SVM,mixed_spurious_timing_late,0.3,0.3333333,0.0721875,3200
fcc,2,0,ACM-SVM,mixed_spurious_timing_late,0.3,0.5,0.1065625,3200
fcc,2,0,ACM-SVM,mixed_spurious_timing_late,0.3,0.6666667,0.1065625,3200
fcc,2,0,ACM-SVM,mixed_spurious_timing_late,0.3,0.8333333,0.1134375,3200
fcc,2,0,ACM-SVM,mixed_spurious_timing_late,0.3,1.0,0.1215625,3200
fcc,2,0,ACM-SVM,mixed_spurious_timing_late,0.4,0.1666667,0.071875,3200
fcc,2,0,ACM-SVM,mixed_spurious_timing_late,0.4,0.3333333,0.071875,3200
fcc,2,0,ACM-SVM,mixed_spurious_timing_late,0.4,0.5,0.071875,3200
fcc,2,0,ACM-SVM,mixed_spurious_timing_late,0.4,0.6666667,0.0928125,3200
fcc,2,0,ACM-SVM,mixed_spurious_timing_late,0.4,0.8333333,0.0928125,3200
fcc,2,0,ACM-SVM,mixed_spurious_timing_late,0.4,1.0,0.1040625,3200
fcc,2,0,ACM-SVM,mixed_spurious_timing_late,0.5,0.1666667,0.069375,3200
fcc,2,0,ACM-SVM,mixed_spurious_timing_late,0.5,0.3333333,0.069375,3200
fcc,2,0,ACM-SVM,mixed_spurious_timing_late,0.5,0.5,0.069375,3200
fcc,2,0,ACM-SVM,mixed_spurious_timing_late,0.5,0.6666667,0.069375,3200
fcc,2,0,ACM-SVM,mixed_spurious_timing_late,0.5,0.8333333,0.070625,3200
fcc,2,0,ACM-SVM,mixed_spurious_timing_late,0.5,1.0,0.0878125,3200
fcc,2,0,ACM-SVM,mixed_spurious_timing_late,0.6,0.1666667,0.0653125,3200
fcc,2,0,ACM-SVM,mixed_spurious_timing_late,0.6,0.3333333,0.0653125,3200
fcc,2,0,ACM-SVM,mixed_spurious_timing_late,0.6,0.5,0.0653125,3200
fcc,2,0,ACM-SVM,mixed_spurious_timing_late,0.6,0.6666667,0.0653125,3200
fcc,2,0,ACM-SVM,mixed_spurious_timing_late,0.6,0.8333333,0.0653125,3200
fcc,2,0,ACM-SVM,mixed_spurious_timing_late,0.6,1.0,0.0859375,3200
fcc,2,0,ACM-SVM,mixed_spurious_timing_late,0.7,0.1666667,0.07125,3200
fcc,2,0,ACM-SVM,mixed_spurious_timing_late,0.7,0.3333333,0.07125,3200
fcc,2,0,ACM-SVM,mixed_spurious_timing_late,0.7,0.5,0.07125,3200
fcc,2,0,ACM-SVM,mixed_spurious_timing_late,0.7,0.6666667,0.07125,3200
fcc,2,0,ACM-SVM,mixed_spurious_timing_late,0.7,0.8333333,0.07125,3200
fcc,2,0,ACM-SVM,mixed_spurious_timing_late,0.7,1.0,0.0821875,3200
fcc,2,0,ACM-SVM,mixed_spurious_timing_late,0.8,0.1666667,0.0746875,3200
fcc,2,0,ACM-SVM,mixed_spurious_timing_late,0.8,0.3333333,0.0746875,3200
fcc,2,0,ACM-SVM,mixed_spurious_timing_late,0.8,0.5,0.0746875,3200
fcc,2,0,ACM-SVM,mixed_spurious_timing_late,0.8,0.6666667,0.0746875,3200
fcc,2,0,ACM-SVM,mixed_spurious_timing_late,0.8,0.8333333,0.0746875,3200
fcc,2,0,ACM-SVM,mixed_spurious_timing_late,0.8,1.0,0.0746875,3200
fcc,2,0,ACM-SVM,mixed_spurious_timing_late,0.9,0.1666667,0.0690625,3200
fcc,2,0,ACM-SVM,mixed_spurious_timing_late,0.9,0.3333333,0.0690625,3200
fcc,2,0,ACM-SVM,mixed_spurious_timing_late,0.9,0.5,0.0690625,3200
fcc,2,0,ACM-SVM,mixed_spurious_timing_late,0.9,0.6666667,0.0690625,3200
fcc,2,0,ACM-SVM,mixed_spurious_timing_late,0.9,0.8333333,0.0690625,3200
fcc,2,0,ACM-SVM,mixed_spurious_timing_late,0.9,1.0,0.0690625,3200
fcc,2,0,ACM-SVM,spurious_events,0.0,0.1666667,0.378125,3200
fcc,2,0,ACM-SVM,spurious_events,0.0,0.3333333,0.378125,3200
fcc,2,0,ACM-SVM,spurious_events,0.0,0.5,0.675,3200
fcc,2,0,ACM-SVM,spurious_events,0.0,0.6666667,0.896875,3200
fcc,2,0,ACM-SVM,spurious_events,0.0,0.8333333,0.978125,3200
fcc,2,0,ACM-SVM,spurious_events,0.0,1.0,0.98125,3200
fcc,2,0,ACM-SVM,spurious_events,0.05,0.1666667,0.3759375,3200
fcc,2,0,ACM-SVM,spurious_events,0.05,0.3333333,0.3759375,3200
fcc,2,0,ACM-SVM,spurious_events,0.05,0.5,0.66,3200
fcc,2,0,ACM-SVM,spurious_events,0.05,0.6666667,0.8615625,3200
fcc,2,0,ACM-SVM,spurious_events,0.05,0.8333333,0.92875,3200
fcc,2,0,ACM-SVM,spurious_events,0.05,1.0,0.9046875,3200
fcc,2,0,ACM-SVM,spurious_events,0.1,0.1666667,0.370625,3200
fcc,2,0,ACM-SVM,spurious_events,0.1,0.3333333,0.370625,3200
fcc,2,0,ACM-SVM,spurious_events,0.1,0.5,0.6271875,3200
fcc,2,0,ACM-SVM,spurious_events,0.1,0.6666667,0.7846875,3200
fcc,2,0,ACM-SVM,spurious_events,0.1,0.8333333,0.8159375,3200
fcc,2,0,ACM-SVM,spurious_events,0.1,1.0,0.7459375,3200
fcc,2,0,ACM-SVM,spurious_events,0.15,0.1666667,0.358125,3200
fcc,2,0,ACM-SVM,spurious_events,0.15,0.3333333,0.358125,3200
fcc,2,0,ACM-SVM,spurious_events,0.15,0.5,0.5853125,3200
fcc,2,0,ACM-SVM,spurious_events,0.15,0.6666667,0.7109375,3200
fcc,2,0,ACM-SVM,spurious_events,0.15,0.8333333,0.7196875,3200
fcc,2,0,ACM-SVM,spurious_events,0.15,1.0,0.6253125,3200
fcc,2,0,ACM-SVM,spurious_events,0.2,0.1666667,0.3559375,3200
fcc,2,0,ACM-SVM,spurious_events,0.2,0.3333333,0.3559375,3200
fcc,2,0,ACM-SVM,spurious_events,0.2,0.5,0.553125,3200
fcc,2,0,ACM-SVM,spurious_events,0.2,0.6666667,0.644375,3200
fcc,2,0,ACM-SVM,spurious_events,0.2,0.8333333,0.6325,3200
fcc,2,0,ACM-SVM,spurious_events,0.2,1.0,0.5259375,3200
fcc,2,0,ACM-SVM,spurious_events,0.25,0.1666667,0.349375,3200
fcc,2,0,ACM-SVM,spurious_events,0.25,0.3333333,0.349375,3200
fcc,2,0,ACM-SVM,spurious_events,0.25,0.5,0.5278125,3200
fcc,2,0,ACM-SVM,spurious_events,0.25,0.6666667,0.5959375,3200
fcc,2,0,ACM-SVM,spurious_events,0.25,0.8333333,0.5659375,3200
fcc,2,0,ACM-SVM,spurious_events,0.25,1.0,0.44,3200
fcc,2,0,ACM-SVM,spurious_events,0.3,0.1666667,0.3428125,3200
fcc,2,0,ACM-SVM,spurious_events,0.3,0.3333333,0.3428125,3200
fcc,2,0,ACM-SVM,spurious_events,0.3,0.5,0.5078125,3200
fcc,2,0,ACM-SVM,spurious_events,0.3,0.6666667,0.54875,3200
fcc,2,0,ACM-SVM,spurious_events,0.3,0.8333333,0.513125,3200
fcc,2,0,ACM-SVM,spurious_events,0.3,1.0,0.38625,3200
fcc,2,0,ACM-SVM,spurious_events,0.4,0.1666667,0.33375,3200
fcc,2,0,ACM-SVM,spurious_events,0.4,0.3333333,0.33375,3200
fcc,2,0,ACM-SVM,spurious_events,0.4,0.5,0.460625,3200
fcc,2,0,ACM-SVM,spurious_events,0.4,0.6666667,0.463125,3200
fcc,2,0,ACM-SVM,spurious_events,0.4,0.8333333,0.41,3200
fcc,2,0,ACM-SVM,spurious_events,0.4,1.0,0.289375,3200
fcc,2,0,ACM-SVM,spurious_events,0.5,0.1666667,0.314375,3200
fcc,2,0,ACM-SVM,spurious_events,0.5,0.3333333,0.314375,3200
fcc,2,0,ACM-SVM,spurious_events,0.5,0.5,0.403125,3200
fcc,2,0,ACM-SVM,spurious_events,0.5,0.6666667,0.389375,3200
fcc,2,0,ACM-SVM,spurious_events,0.5,0.8333333,0.33875,3200
fcc,2,0,ACM-SVM,spurious_events,0.5,1.0,0.2315625,3200
fcc,2,0,ACM-SVM,spurious_events,0.6,0.1666667,0.3115625,3200
fcc,2,0,ACM-SVM,spurious_events,0.6,0.3333333,0.3115625,3200
fcc,2,0,ACM-SVM,spurious_events,0.6,0.5,0.37625,3200
fcc,2,0,ACM-SVM,spurious_events,0.6,0.6666667,0.34375,3200
fcc,2,0,ACM-SVM,spurious_events,0.6,0.8333333,0.2915625,3200
fcc,2,0,ACM-SVM,spurious_events,0.6,1.0,0.1953125,3200
fcc,2,0,ACM-SVM,spurious_events,0.7,0.1666667,0.2915625,3200
fcc,2,0,ACM-SVM,spurious_events,0.7,0.3333333,0.2915625,3200
fcc,2,0,ACM-SVM,spurious_events,0.7,0.5,0.3309375,3200
fcc,2,0,ACM-SVM,spurious_events,0.7,0.6666667,0.3059375,3200
fcc,2,0,ACM-SVM,spurious_events,0.7,0.8333333,0.2559375,3200
fcc,2,0,ACM-SVM,spurious_events,0.7,1.0,0.1703125,3200
fcc,2,0,ACM-SVM,spurious_events,0.8,0.1666667,0.28,3200
fcc,2,0,ACM-SVM,spurious_events,0.8,0.3333333,0.28,3200
fcc,2,0,ACM-SVM,spurious_events,0.8,0.5,0.3090625,3200
fcc,2,0,ACM-SVM,spurious_events,0.8,0.6666667,0.2528125,3200
fcc,2,0,ACM-SVM,spurious_events,0.8,0.8333333,0.2128125,3200
fcc,2,0,ACM-SVM,spurious_events,0.8,1.0,0.1346875,3200
fcc,2,0,ACM-SVM,spurious_events,0.9,0.1666667,0.2765625,3200
fcc,2,0,ACM-SVM,spurious_events,0.9,0.3333333,0.2765625,3200
fcc,2,0,ACM-SVM,spurious_events,0.9,0.5,0.289375,3200
fcc,2,0,ACM-SVM,spurious_events,0.9,0.6666667,0.2384375,3200
fcc,2,0,ACM-SVM,spurious_events,0.9,0.8333333,0.190625,3200
fcc,2,0,ACM-SVM,spurious_events,0.9,1.0,0.120625,3200
fcc,2,0,ACM-SVM,timing_uncertainty,0.0,0.1666667,0.378125,3200
fcc,2,0,ACM-SVM,timing_uncertainty,0.0,0.3333333,0.378125,3200
fcc,2,0,ACM-SVM,timing_uncertainty,0.0,0.5,0.675,3200
fcc,2,0,ACM-SVM,timing_uncertainty,0.0,0.6666667,0.896875,3200
fcc,2,0,ACM-SVM,timing_uncertainty,0.0,0.8333333,0.978125,3200
fcc,2,0,ACM-SVM,timing_uncertainty,0.0,1.0,0.98125,3200
fcc,2,0,ACM-SVM,timing_uncertainty,0.05,0.1666667,0.3775,3200
fcc,2,0,ACM-SVM,timing_uncertainty,0.05,0.3333333,0.3775,3200
fcc,2,0,ACM-SVM,timing_uncertainty,0.05,0.5,0.675625,3200
fcc,2,0,ACM-SVM,timing_uncertainty,0.05,0.6666667,0.8965625,3200
fcc,2,0,ACM-SVM,timing_uncertainty,0.05,0.8333333,0.978125,3200
fcc,2,0,ACM-SVM,timing_uncertainty,0.05,1.0,0.9815625,3200
fcc,2,0,ACM-SVM,timing_uncertainty,0.1,0.1666667,0.378125,3200
fcc,2,0,ACM-SVM,timing_uncertainty,0.1,0.3333333,0.378125,3200
fcc,2,0,ACM-SVM,timing_uncertainty,0.1,0.5,0.674375,3200
fcc,2,0,ACM-SVM,timing_uncertainty,0.1,0.6666667,0.8953125,3200
fcc,2,0,ACM-SVM,timing_uncertainty,0.1,0.8333333,0.9778125,3200
fcc,2,0,ACM-SVM,timing_uncertainty,0.1,1.0,0.9809375,3200
fcc,2,0,ACM-SVM,timing_uncertainty,0.15,0.1666667,0.3721875,3200
fcc,2,0,ACM-SVM,timing_uncertainty,0.15,0.3333333,0.3721875,3200
fcc,2,0,ACM-SVM,timing_uncertainty,0.15,0.5,0.6709375,3200
fcc,2,0,ACM-SVM,timing_uncertainty,0.15,0.6666667,0.891875,3200
fcc,2,0,ACM-SVM,timing_uncertainty,0.15,0.8333333,0.975,3200
fcc,2,0,ACM-SVM,timing_uncertainty,0.15,1.0,0.9803125,3200
fcc,2,0,ACM-SVM,timing_uncertainty,0.2,0.1666667,0.365625,3200
fcc,2,0,ACM-SVM,timing_uncertainty,0.2,0.3333333,0.365625,3200
fcc,2,0,ACM-SVM,timing_uncertainty,0.2,0.5,0.6671875,3200
fcc,2,0,ACM-SVM,timing_uncertainty,0.2,0.6666667,0.8884375,3200
fcc,2,0,ACM-SVM,timing_uncertainty,0.2,0.8333333,0.971875,3200
fcc,2,0,ACM-SVM,timing_uncertainty,0.2,1.0,0.9753125,3200
fcc,2,0,ACM-SVM,timing_uncertainty,0.25,0.1666667,0.3540625,3200
fcc,2,0,ACM-SVM,timing_uncertainty,0.25,0.3333333,0.3540625,3200
fcc,2,0,ACM-SVM,timing_uncertainty,0.25,0.5,0.666875,3200
fcc,2,0,ACM-SVM,timing_uncertainty,0.25,0.6666667,0.880625,3200
fcc,2,0,ACM-SVM,timing_uncertainty,0.25,0.8333333,0.9690625,3200
fcc,2,0,ACM-SVM,timing_uncertainty,0.25,1.0,0.9728125,3200
fcc,2,0,ACM-SVM,timing_uncertainty,0.3,0.1666667,0.3546875,3200
fcc,2,0,ACM-SVM,timing_uncertainty,0.3,0.3333333,0.3546875,3200
fcc,2,0,ACM-SVM,timing_uncertainty,0.3,0.5,0.655,3200
fcc,2,0,ACM-SVM,timing_uncertainty,0.3,0.6666667,0.8746875,3200
fcc,2,0,ACM-SVM,timing_uncertainty,0.3,0.8333333,0.960625,3200
fcc,2,0,ACM-SVM,timing_uncertainty,0.3,1.0,0.96625,3200
fcc,2,0,ACM-SVM,timing_uncertainty,0.4,0.1666667,0.3396875,3200
fcc,2,0,ACM-SVM,timing_uncertainty,0.4,0.3333333,0.3396875,3200
fcc,2,0,ACM-SVM,timing_uncertainty,0.4,0.5,0.6396875,3200
fcc,2,0,ACM-SVM,timing_uncertainty,0.4,0.6666667,0.8540625,3200
fcc,2,0,ACM-SVM,timing_uncertainty,0.4,0.8333333,0.94625,3200
fcc,2,0,ACM-SVM,timing_uncertainty,0.4,1.0,0.9503125,3200
fcc,2,0,ACM-SVM,timing_uncertainty,0.5,0.1666667,0.31375,3200
fcc,2,0,ACM-SVM,timing_uncertainty,0.5,0.3333333,0.31375,3200
fcc,2,0,ACM-SVM,timing_uncertainty,0.5,0.5,0.6209375,3200
fcc,2,0,ACM-SVM,timing_uncertainty,0.5,0.6666667,0.8365625,3200
fcc,2,0,ACM-SVM,timing_uncertainty,0.5,0.8333333,0.93,3200
fcc,2,0,ACM-SVM,timing_uncertainty,0.5,1.0,0.93625,3200
fcc,2,0,ACM-SVM,timing_uncertainty,0.6,0.1666667,0.28875,3200
fcc,2,0,ACM-SVM,timing_uncertainty,0.6,0.3333333,0.28875,3200
fcc,2,0,ACM-SVM,timing_uncertainty,0.6,0.5,0.60375,3200
fcc,2,0,ACM-SVM,timing_uncertainty,0.6,0.6666667,0.8225,3200
fcc,2,0,ACM-SVM,timing_uncertainty,0.6,0.8333333,0.9175,3200
fcc,2,0,ACM-SVM,timing_uncertainty,0.6,1.0,0.9209375,3200
fcc,2,0,ACM-SVM,timing_uncertainty,0.7,0.1666667,0.28375,3200
fcc,2,0,ACM-SVM,timing_uncertainty,0.7,0.3333333,0.28375,3200
fcc,2,0,ACM-SVM,timing_uncertainty,0.7,0.5,0.5871875,3200
fcc,2,0,ACM-SVM,timing_uncertainty,0.7,0.6666667,0.7903125,3200
fcc,2,0,ACM-SVM,timing_uncertainty,0.7,0.8333333,0.888125,3200
fcc,2,0,ACM-SVM,timing_uncertainty,0.7,1.0,0.8940625,3200
fcc,2,0,ACM-SVM,timing_uncertainty,0.8,0.1666667,0.274375,3200
fcc,2,0,ACM-SVM,timing_uncertainty,0.8,0.3333333,0.274375,3200
fcc,2,0,ACM-SVM,timing_uncertainty,0.8,0.5,0.57875,3200
fcc,2,0,ACM-SVM,timing_uncertainty,0.8,0.6666667,0.7825,3200
fcc,2,0,ACM-SVM,timing_uncertainty,0.8,0.8333333,0.87375,3200
fcc,2,0,ACM-SVM,timing_uncertainty,0.8,1.0,0.88375,3200
fcc,2,0,ACM-SVM,timing_uncertainty,0.9,0.1666667,0.2521875,3200
fcc,2,0,ACM-SVM,timing_uncertainty,0.9,0.3333333,0.2521875,3200
fcc,2,0,ACM-SVM,timing_uncertainty,0.9,0.5,0.5603125,3200
fcc,2,0,ACM-SVM,timing_uncertainty,0.9,0.6666667,0.768125,3200
fcc,2,0,ACM-SVM,timing_uncertainty,0.9,0.8333333,0.8596875,3200
fcc,2,0,ACM-SVM,timing_uncertainty,0.9,1.0,0.86375,3200
fcc,2,0,CASIM-prefix,late_time_delay,0.0,0.1666667,0.95625,3200
fcc,2,0,CASIM-prefix,late_time_delay,0.0,0.3333333,0.95625,3200
fcc,2,0,CASIM-prefix,late_time_delay,0.0,0.5,0.990625,3200
fcc,2,0,CASIM-prefix,late_time_delay,0.0,0.6666667,0.996875,3200
fcc,2,0,CASIM-prefix,late_time_delay,0.0,0.8333333,0.996875,3200
fcc,2,0,CASIM-prefix,late_time_delay,0.0,1.0,1.0,3200
fcc,2,0,CASIM-prefix,late_time_delay,0.05,0.1666667,0.40625,3200
fcc,2,0,CASIM-prefix,late_time_delay,0.05,0.3333333,0.40625,3200
fcc,2,0,CASIM-prefix,late_time_delay,0.05,0.5,0.45625,3200
fcc,2,0,CASIM-prefix,late_time_delay,0.05,0.6666667,0.45625,3200
fcc,2,0,CASIM-prefix,late_time_delay,0.05,0.8333333,0.559375,3200
fcc,2,0,CASIM-prefix,late_time_delay,0.05,1.0,0.684375,3200
fcc,2,0,CASIM-prefix,late_time_delay,0.1,0.1666667,0.20625,3200
fcc,2,0,CASIM-prefix,late_time_delay,0.1,0.3333333,0.20625,3200
fcc,2,0,CASIM-prefix,late_time_delay,0.1,0.5,0.359375,3200
fcc,2,0,CASIM-prefix,late_time_delay,0.1,0.6666667,0.384375,3200
fcc,2,0,CASIM-prefix,late_time_delay,0.1,0.8333333,0.5,3200
fcc,2,0,CASIM-prefix,late_time_delay,0.1,1.0,0.553125,3200
fcc,2,0,CASIM-prefix,late_time_delay,0.15,0.1666667,0.115625,3200
fcc,2,0,CASIM-prefix,late_time_delay,0.15,0.3333333,0.115625,3200
fcc,2,0,CASIM-prefix,late_time_delay,0.15,0.5,0.240625,3200
fcc,2,0,CASIM-prefix,late_time_delay,0.15,0.6666667,0.28125,3200
fcc,2,0,CASIM-prefix,late_time_delay,0.15,0.8333333,0.44375,3200
fcc,2,0,CASIM-prefix,late_time_delay,0.15,1.0,0.45,3200
fcc,2,0,CASIM-prefix,late_time_delay,0.2,0.1666667,0.090625,3200
fcc,2,0,CASIM-prefix,late_time_delay,0.2,0.3333333,0.090625,3200
fcc,2,0,CASIM-prefix,late_time_delay,0.2,0.5,0.115625,3200
fcc,2,0,CASIM-prefix,late_time_delay,0.2,0.6666667,0.19375,3200
fcc,2,0,CASIM-prefix,late_time_delay,0.2,0.8333333,0.19375,3200
fcc,2,0,CASIM-prefix,late_time_delay,0.2,1.0,0.4,3200
fcc,2,0,CASIM-prefix,late_time_delay,0.25,0.1666667,0.059375,3200
fcc,2,0,CASIM-prefix,late_time_delay,0.25,0.3333333,0.059375,3200
fcc,2,0,CASIM-prefix,late_time_delay,0.25,0.5,0.084375,3200
fcc,2,0,CASIM-prefix,late_time_delay,0.25,0.6666667,0.084375,3200
fcc,2,0,CASIM-prefix,late_time_delay,0.25,0.8333333,0.275,3200
fcc,2,0,CASIM-prefix,late_time_delay,0.25,1.0,0.35625,3200
fcc,2,0,CASIM-prefix,late_time_delay,0.3,0.1666667,0.059375,3200
fcc,2,0,CASIM-prefix,late_time_delay,0.3,0.3333333,0.059375,3200
fcc,2,0,CASIM-prefix,late_time_delay,0.3,0.5,0.06875,3200
fcc,2,0,CASIM-prefix,late_time_delay,0.3,0.6666667,0.06875,3200
fcc,2,0,CASIM-prefix,late_time_delay,0.3,0.8333333,0.2,3200
fcc,2,0,CASIM-prefix,late_time_delay,0.3,1.0,0.3125,3200
fcc,2,0,CASIM-prefix,late_time_delay,0.4,0.1666667,0.015625,3200
fcc,2,0,CASIM-prefix,late_time_delay,0.4,0.3333333,0.015625,3200
fcc,2,0,CASIM-prefix,late_time_delay,0.4,0.5,0.015625,3200
fcc,2,0,CASIM-prefix,late_time_delay,0.4,0.6666667,0.103125,3200
fcc,2,0,CASIM-prefix,late_time_delay,0.4,0.8333333,0.103125,3200
fcc,2,0,CASIM-prefix,late_time_delay,0.4,1.0,0.2125,3200
fcc,2,0,CASIM-prefix,late_time_delay,0.5,0.1666667,0.0625,3200
fcc,2,0,CASIM-prefix,late_time_delay,0.5,0.3333333,0.0625,3200
fcc,2,0,CASIM-prefix,late_time_delay,0.5,0.5,0.0625,3200
fcc,2,0,CASIM-prefix,late_time_delay,0.5,0.6666667,0.065625,3200
fcc,2,0,CASIM-prefix,late_time_delay,0.5,0.8333333,0.078125,3200
fcc,2,0,CASIM-prefix,late_time_delay,0.5,1.0,0.13125,3200
fcc,2,0,CASIM-prefix,late_time_delay,0.6,0.1666667,0.071875,3200
fcc,2,0,CASIM-prefix,late_time_delay,0.6,0.3333333,0.071875,3200
fcc,2,0,CASIM-prefix,late_time_delay,0.6,0.5,0.071875,3200
fcc,2,0,CASIM-prefix,late_time_delay,0.6,0.6666667,0.075,3200
fcc,2,0,CASIM-prefix,late_time_delay,0.6,0.8333333,0.075,3200
fcc,2,0,CASIM-prefix,late_time_delay,0.6,1.0,0.09375,3200
fcc,2,0,CASIM-prefix,late_time_delay,0.7,0.1666667,0.078125,3200
fcc,2,0,CASIM-prefix,late_time_delay,0.7,0.3333333,0.078125,3200
fcc,2,0,CASIM-prefix,late_time_delay,0.7,0.5,0.078125,3200
fcc,2,0,CASIM-prefix,late_time_delay,0.7,0.6666667,0.08125,3200
fcc,2,0,CASIM-prefix,late_time_delay,0.7,0.8333333,0.08125,3200
fcc,2,0,CASIM-prefix,late_time_delay,0.7,1.0,0.090625,3200
fcc,2,0,CASIM-prefix,late_time_delay,0.8,0.1666667,0.059375,3200
fcc,2,0,CASIM-prefix,late_time_delay,0.8,0.3333333,0.059375,3200
fcc,2,0,CASIM-prefix,late_time_delay,0.8,0.5,0.059375,3200
fcc,2,0,CASIM-prefix,late_time_delay,0.8,0.6666667,0.0625,3200
fcc,2,0,CASIM-prefix,late_time_delay,0.8,0.8333333,0.0625,3200
fcc,2,0,CASIM-prefix,late_time_delay,0.8,1.0,0.0875,3200
fcc,2,0,CASIM-prefix,late_time_delay,0.9,0.1666667,0.046875,3200
fcc,2,0,CASIM-prefix,late_time_delay,0.9,0.3333333,0.046875,3200
fcc,2,0,CASIM-prefix,late_time_delay,0.9,0.5,0.046875,3200
fcc,2,0,CASIM-prefix,late_time_delay,0.9,0.6666667,0.05,3200
fcc,2,0,CASIM-prefix,late_time_delay,0.9,0.8333333,0.05,3200
fcc,2,0,CASIM-prefix,late_time_delay,0.9,1.0,0.078125,3200
fcc,2,0,CASIM-prefix,missing_events,0.0,0.1666667,0.95625,3200
fcc,2,0,CASIM-prefix,missing_events,0.0,0.3333333,0.95625,3200
fcc,2,0,CASIM-prefix,missing_events,0.0,0.5,0.990625,3200
fcc,2,0,CASIM-prefix,missing_events,0.0,0.6666667,0.996875,3200
fcc,2,0,CASIM-prefix,missing_events,0.0,0.8333333,0.996875,3200
fcc,2,0,CASIM-prefix,missing_events,0.0,1.0,1.0,3200
fcc,2,0,CASIM-prefix,missing_events,0.05,0.1666667,0.94875,3200
fcc,2,0,CASIM-prefix,missing_events,0.05,0.3333333,0.94875,3200
fcc,2,0,CASIM-prefix,missing_events,0.05,0.5,0.9871875,3200
fcc,2,0,CASIM-prefix,missing_events,0.05,0.6666667,0.9934375,3200
fcc,2,0,CASIM-prefix,missing_events,0.05,0.8333333,0.9928125,3200
fcc,2,0,CASIM-prefix,missing_events,0.05,1.0,0.99625,3200
fcc,2,0,CASIM-prefix,missing_events,0.1,0.1666667,0.9221875,3200
fcc,2,0,CASIM-prefix,missing_events,0.1,0.3333333,0.9221875,3200
fcc,2,0,CASIM-prefix,missing_events,0.1,0.5,0.968125,3200
fcc,2,0,CASIM-prefix,missing_events,0.1,0.6666667,0.9721875,3200
fcc,2,0,CASIM-prefix,missing_events,0.1,0.8333333,0.98125,3200
fcc,2,0,CASIM-prefix,missing_events,0.1,1.0,0.9846875,3200
fcc,2,0,CASIM-prefix,missing_events,0.15,0.1666667,0.9025,3200
fcc,2,0,CASIM-prefix,missing_events,0.15,0.3333333,0.9025,3200
fcc,2,0,CASIM-prefix,missing_events,0.15,0.5,0.949375,3200
fcc,2,0,CASIM-prefix,missing_events,0.15,0.6666667,0.9465625,3200
fcc,2,0,CASIM-prefix,missing_events,0.15,0.8333333,0.973125,3200
fcc,2,0,CASIM-prefix,missing_events,0.15,1.0,0.978125,3200
fcc,2,0,CASIM-prefix,missing_events,0.2,0.1666667,0.8571875,3200
fcc,2,0,CASIM-prefix,missing_events,0.2,0.3333333,0.8571875,3200
fcc,2,0,CASIM-prefix,missing_events,0.2,0.5,0.9171875,3200
fcc,2,0,CASIM-prefix,missing_events,0.2,0.6666667,0.916875,3200
fcc,2,0,CASIM-prefix,missing_events,0.2,0.8333333,0.9384375,3200
fcc,2,0,CASIM-prefix,missing_events,0.2,1.0,0.9490625,3200
fcc,2,0,CASIM-prefix,missing_events,0.25,0.1666667,0.8296875,3200
fcc,2,0,CASIM-prefix,missing_events,0.25,0.3333333,0.8296875,3200
fcc,2,0,CASIM-prefix,missing_events,0.25,0.5,0.8784375,3200
fcc,2,0,CASIM-prefix,missing_events,0.25,0.6666667,0.8740625,3200
fcc,2,0,CASIM-prefix,missing_events,0.25,0.8333333,0.9121875,3200
fcc,2,0,CASIM-prefix,missing_events,0.25,1.0,0.9325,3200
fcc,2,0,CASIM-prefix,missing_events,0.3,0.1666667,0.800625,3200
fcc,2,0,CASIM-prefix,missing_events,0.3,0.3333333,0.800625,3200
fcc,2,0,CASIM-prefix,missing_events,0.3,0.5,0.8475,3200
fcc,2,0,CASIM-prefix,missing_events,0.3,0.6666667,0.8446875,3200
fcc,2,0,CASIM-prefix,missing_events,0.3,0.8333333,0.875625,3200
fcc,2,0,CASIM-prefix,missing_events,0.3,1.0,0.8975,3200
fcc,2,0,CASIM-prefix,missing_events,0.4,0.1666667,0.709375,3200
fcc,2,0,CASIM-prefix,missing_events,0.4,0.3333333,0.709375,3200
fcc,2,0,CASIM-prefix,missing_events,0.4,0.5,0.7265625,3200
fcc,2,0,CASIM-prefix,missing_events,0.4,0.6666667,0.7359375,3200
fcc,2,0,CASIM-prefix,missing_events,0.4,0.8333333,0.7728125,3200
fcc,2,0,CASIM-prefix,missing_events,0.4,1.0,0.8175,3200
fcc,2,0,CASIM-prefix,missing_events,0.5,0.1666667,0.6165625,3200
fcc,2,0,CASIM-prefix,missing_events,0.5,0.3333333,0.6165625,3200
fcc,2,0,CASIM-prefix,missing_events,0.5,0.5,0.5940625,3200
fcc,2,0,CASIM-prefix,missing_events,0.5,0.6666667,0.606875,3200
fcc,2,0,CASIM-prefix,missing_events,0.5,0.8333333,0.6309375,3200
fcc,2,0,CASIM-prefix,missing_events,0.5,1.0,0.6996875,3200
fcc,2,0,CASIM-prefix,missing_events,0.6,0.1666667,0.5271875,3200
fcc,2,0,CASIM-prefix,missing_events,0.6,0.3333333,0.5271875,3200
fcc,2,0,CASIM-prefix,missing_events,0.6,0.5,0.4765625,3200
fcc,2,0,CASIM-prefix,missing_events,0.6,0.6666667,0.5078125,3200
fcc,2,0,CASIM-prefix,missing_events,0.6,0.8333333,0.5259375,3200
fcc,2,0,CASIM-prefix,missing_events,0.6,1.0,0.595625,3200
fcc,2,0,CASIM-prefix,missing_events,0.7,0.1666667,0.4146875,3200
fcc,2,0,CASIM-prefix,missing_events,0.7,0.3333333,0.4146875,3200
fcc,2,0,CASIM-prefix,missing_events,0.7,0.5,0.3465625,3200
fcc,2,0,CASIM-prefix,missing_events,0.7,0.6666667,0.3803125,3200
fcc,2,0,CASIM-prefix,missing_events,0.7,0.8333333,0.4115625,3200
fcc,2,0,CASIM-prefix,missing_events,0.7,1.0,0.4603125,3200
fcc,2,0,CASIM-prefix,missing_events,0.8,0.1666667,0.3078125,3200
fcc,2,0,CASIM-prefix,missing_events,0.8,0.3333333,0.3078125,3200
fcc,2,0,CASIM-prefix,missing_events,0.8,0.5,0.2575,3200
fcc,2,0,CASIM-prefix,missing_events,0.8,0.6666667,0.2684375,3200
fcc,2,0,CASIM-prefix,missing_events,0.8,0.8333333,0.3078125,3200
fcc,2,0,CASIM-prefix,missing_events,0.8,1.0,0.3228125,3200
fcc,2,0,CASIM-prefix,missing_events,0.9,0.1666667,0.22625,3200
fcc,2,0,CASIM-prefix,missing_events,0.9,0.3333333,0.22625,3200
fcc,2,0,CASIM-prefix,missing_events,0.9,0.5,0.1646875,3200
fcc,2,0,CASIM-prefix,missing_events,0.9,0.6666667,0.1640625,3200
fcc,2,0,CASIM-prefix,missing_events,0.9,0.8333333,0.215625,3200
fcc,2,0,CASIM-prefix,missing_events,0.9,1.0,0.208125,3200
fcc,2,0,CASIM-prefix,mixed_missing_spurious,0.0,0.1666667,0.95625,3200
fcc,2,0,CASIM-prefix,mixed_missing_spurious,0.0,0.3333333,0.95625,3200
fcc,2,0,CASIM-prefix,mixed_missing_spurious,0.0,0.5,0.990625,3200
fcc,2,0,CASIM-prefix,mixed_missing_spurious,0.0,0.6666667,0.996875,3200
fcc,2,0,CASIM-prefix,mixed_missing_spurious,0.0,0.8333333,0.996875,3200
fcc,2,0,CASIM-prefix,mixed_missing_spurious,0.0,1.0,1.0,3200
fcc,2,0,CASIM-prefix,mixed_missing_spurious,0.05,0.1666667,0.946875,3200
fcc,2,0,CASIM-prefix,mixed_missing_spurious,0.05,0.3333333,0.946875,3200
fcc,2,0,CASIM-prefix,mixed_missing_spurious,0.05,0.5,0.9840625,3200
fcc,2,0,CASIM-prefix,mixed_missing_spurious,0.05,0.6666667,0.9890625,3200
fcc,2,0,CASIM-prefix,mixed_missing_spurious,0.05,0.8333333,0.98625,3200
fcc,2,0,CASIM-prefix,mixed_missing_spurious,0.05,1.0,0.9853125,3200
fcc,2,0,CASIM-prefix,mixed_missing_spurious,0.1,0.1666667,0.915625,3200
fcc,2,0,CASIM-prefix,mixed_missing_spurious,0.1,0.3333333,0.915625,3200
fcc,2,0,CASIM-prefix,mixed_missing_spurious,0.1,0.5,0.95375,3200
fcc,2,0,CASIM-prefix,mixed_missing_spurious,0.1,0.6666667,0.9446875,3200
fcc,2,0,CASIM-prefix,mixed_missing_spurious,0.1,0.8333333,0.955625,3200
fcc,2,0,CASIM-prefix,mixed_missing_spurious,0.1,1.0,0.94125,3200
fcc,2,0,CASIM-prefix,mixed_missing_spurious,0.15,0.1666667,0.8878125,3200
fcc,2,0,CASIM-prefix,mixed_missing_spurious,0.15,0.3333333,0.8878125,3200
fcc,2,0,CASIM-prefix,mixed_missing_spurious,0.15,0.5,0.915625,3200
fcc,2,0,CASIM-prefix,mixed_missing_spurious,0.15,0.6666667,0.9090625,3200
fcc,2,0,CASIM-prefix,mixed_missing_spurious,0.15,0.8333333,0.921875,3200
fcc,2,0,CASIM-prefix,mixed_missing_spurious,0.15,1.0,0.8934375,3200
fcc,2,0,CASIM-prefix,mixed_missing_spurious,0.2,0.1666667,0.8315625,3200
fcc,2,0,CASIM-prefix,mixed_missing_spurious,0.2,0.3333333,0.8315625,3200
fcc,2,0,CASIM-prefix,mixed_missing_spurious,0.2,0.5,0.8603125,3200
fcc,2,0,CASIM-prefix,mixed_missing_spurious,0.2,0.6666667,0.855,3200
fcc,2,0,CASIM-prefix,mixed_missing_spurious,0.2,0.8333333,0.8584375,3200
fcc,2,0,CASIM-prefix,mixed_missing_spurious,0.2,1.0,0.828125,3200
fcc,2,0,CASIM-prefix,mixed_missing_spurious,0.25,0.1666667,0.7834375,3200
fcc,2,0,CASIM-prefix,mixed_missing_spurious,0.25,0.3333333,0.7834375,3200
fcc,2,0,CASIM-prefix,mixed_missing_spurious,0.25,0.5,0.786875,3200
fcc,2,0,CASIM-prefix,mixed_missing_spurious,0.25,0.6666667,0.7871875,3200
fcc,2,0,CASIM-prefix,mixed_missing_spurious,0.25,0.8333333,0.801875,3200
fcc,2,0,CASIM-prefix,mixed_missing_spurious,0.25,1.0,0.7575,3200
fcc,2,0,CASIM-prefix,mixed_missing_spurious,0.3,0.1666667,0.7478125,3200
fcc,2,0,CASIM-prefix,mixed_missing_spurious,0.3,0.3333333,0.7478125,3200
fcc,2,0,CASIM-prefix,mixed_missing_spurious,0.3,0.5,0.75875,3200
fcc,2,0,CASIM-prefix,mixed_missing_spurious,0.3,0.6666667,0.744375,3200
fcc,2,0,CASIM-prefix,mixed_missing_spurious,0.3,0.8333333,0.75,3200
fcc,2,0,CASIM-prefix,mixed_missing_spurious,0.3,1.0,0.71625,3200
fcc,2,0,CASIM-prefix,mixed_missing_spurious,0.4,0.1666667,0.6534375,3200
fcc,2,0,CASIM-prefix,mixed_missing_spurious,0.4,0.3333333,0.6534375,3200
fcc,2,0,CASIM-prefix,mixed_missing_spurious,0.4,0.5,0.6325,3200
fcc,2,0,CASIM-prefix,mixed_missing_spurious,0.4,0.6666667,0.6221875,3200
fcc,2,0,CASIM-prefix,mixed_missing_spurious,0.4,0.8333333,0.6471875,3200
fcc,2,0,CASIM-prefix,mixed_missing_spurious,0.4,1.0,0.6065625,3200
fcc,2,0,CASIM-prefix,mixed_missing_spurious,0.5,0.1666667,0.555,3200
fcc,2,0,CASIM-prefix,mixed_missing_spurious,0.5,0.3333333,0.555,3200
fcc,2,0,CASIM-prefix,mixed_missing_spurious,0.5,0.5,0.5128125,3200
fcc,2,0,CASIM-prefix,mixed_missing_spurious,0.5,0.6666667,0.523125,3200
fcc,2,0,CASIM-prefix,mixed_missing_spurious,0.5,0.8333333,0.5265625,3200
fcc,2,0,CASIM-prefix,mixed_missing_spurious,0.5,1.0,0.4921875,3200
fcc,2,0,CASIM-prefix,mixed_missing_spurious,0.6,0.1666667,0.4759375,3200
fcc,2,0,CASIM-prefix,mixed_missing_spurious,0.6,0.3333333,0.4759375,3200
fcc,2,0,CASIM-prefix,mixed_missing_spurious,0.6,0.5,0.41875,3200
fcc,2,0,CASIM-prefix,mixed_missing_spurious,0.6,0.6666667,0.44875,3200
fcc,2,0,CASIM-prefix,mixed_missing_spurious,0.6,0.8333333,0.436875,3200
fcc,2,0,CASIM-prefix,mixed_missing_spurious,0.6,1.0,0.4134375,3200
fcc,2,0,CASIM-prefix,mixed_missing_spurious,0.7,0.1666667,0.386875,3200
fcc,2,0,CASIM-prefix,mixed_missing_spurious,0.7,0.3333333,0.386875,3200
fcc,2,0,CASIM-prefix,mixed_missing_spurious,0.7,0.5,0.3328125,3200
fcc,2,0,CASIM-prefix,mixed_missing_spurious,0.7,0.6666667,0.349375,3200
fcc,2,0,CASIM-prefix,mixed_missing_spurious,0.7,0.8333333,0.3359375,3200
fcc,2,0,CASIM-prefix,mixed_missing_spurious,0.7,1.0,0.33875,3200
fcc,2,0,CASIM-prefix,mixed_missing_spurious,0.8,0.1666667,0.2975,3200
fcc,2,0,CASIM-prefix,mixed_missing_spurious,0.8,0.3333333,0.2975,3200
fcc,2,0,CASIM-prefix,mixed_missing_spurious,0.8,0.5,0.2409375,3200
fcc,2,0,CASIM-prefix,mixed_missing_spurious,0.8,0.6666667,0.251875,3200
fcc,2,0,CASIM-prefix,mixed_missing_spurious,0.8,0.8333333,0.2725,3200
fcc,2,0,CASIM-prefix,mixed_missing_spurious,0.8,1.0,0.2653125,3200
fcc,2,0,CASIM-prefix,mixed_missing_spurious,0.9,0.1666667,0.2059375,3200
fcc,2,0,CASIM-prefix,mixed_missing_spurious,0.9,0.3333333,0.2059375,3200
fcc,2,0,CASIM-prefix,mixed_missing_spurious,0.9,0.5,0.1646875,3200
fcc,2,0,CASIM-prefix,mixed_missing_spurious,0.9,0.6666667,0.1603125,3200
fcc,2,0,CASIM-prefix,mixed_missing_spurious,0.9,0.8333333,0.195625,3200
fcc,2,0,CASIM-prefix,mixed_missing_spurious,0.9,1.0,0.175,3200
fcc,2,0,CASIM-prefix,mixed_spurious_timing_late,0.0,0.1666667,0.95625,3200
fcc,2,0,CASIM-prefix,mixed_spurious_timing_late,0.0,0.3333333,0.95625,3200
fcc,2,0,CASIM-prefix,mixed_spurious_timing_late,0.0,0.5,0.990625,3200
fcc,2,0,CASIM-prefix,mixed_spurious_timing_late,0.0,0.6666667,0.996875,3200
fcc,2,0,CASIM-prefix,mixed_spurious_timing_late,0.0,0.8333333,0.996875,3200
fcc,2,0,CASIM-prefix,mixed_spurious_timing_late,0.0,1.0,1.0,3200
fcc,2,0,CASIM-prefix,mixed_spurious_timing_late,0.05,0.1666667,0.4,3200
fcc,2,0,CASIM-prefix,mixed_spurious_timing_late,0.05,0.3333333,0.4,3200
fcc,2,0,CASIM-prefix,mixed_spurious_timing_late,0.05,0.5,0.4521875,3200
fcc,2,0,CASIM-prefix,mixed_spurious_timing_late,0.05,0.6666667,0.454375,3200
fcc,2,0,CASIM-prefix,mixed_spurious_timing_late,0.05,0.8333333,0.5578125,3200
fcc,2,0,CASIM-prefix,mixed_spurious_timing_late,0.05,1.0,0.6753125,3200
fcc,2,0,CASIM-prefix,mixed_spurious_timing_late,0.1,0.1666667,0.1946875,3200
fcc,2,0,CASIM-prefix,mixed_spurious_timing_late,0.1,0.3333333,0.1946875,3200
fcc,2,0,CASIM-prefix,mixed_spurious_timing_late,0.1,0.5,0.3409375,3200
fcc,2,0,CASIM-prefix,mixed_spurious_timing_late,0.1,0.6666667,0.3653125,3200
fcc,2,0,CASIM-prefix,mixed_spurious_timing_late,0.1,0.8333333,0.473125,3200
fcc,2,0,CASIM-prefix,mixed_spurious_timing_late,0.1,1.0,0.4978125,3200
fcc,2,0,CASIM-prefix,mixed_spurious_timing_late,0.15,0.1666667,0.11125,3200
fcc,2,0,CASIM-prefix,mixed_spurious_timing_late,0.15,0.3333333,0.11125,3200
fcc,2,0,CASIM-prefix,mixed_spurious_timing_late,0.15,0.5,0.2134375,3200
fcc,2,0,CASIM-prefix,mixed_spurious_timing_late,0.15,0.6666667,0.2534375,3200
fcc,2,0,CASIM-prefix,mixed_spurious_timing_late,0.15,0.8333333,0.3934375,3200
fcc,2,0,CASIM-prefix,mixed_spurious_timing_late,0.15,1.0,0.38125,3200
fcc,2,0,CASIM-prefix,mixed_spurious_timing_late,0.2,0.1666667,0.08375,3200
fcc,2,0,CASIM-prefix,mixed_spurious_timing_late,0.2,0.3333333,0.08375,3200
fcc,2,0,CASIM-prefix,mixed_spurious_timing_late,0.2,0.5,0.1134375,3200
fcc,2,0,CASIM-prefix,mixed_spurious_timing_late,0.2,0.6666667,0.18,3200
fcc,2,0,CASIM-prefix,mixed_spurious_timing_late,0.2,0.8333333,0.18,3200
fcc,2,0,CASIM-prefix,mixed_spurious_timing_late,0.2,1.0,0.310625,3200
fcc,2,0,CASIM-prefix,mixed_spurious_timing_late,0.25,0.1666667,0.0621875,3200
fcc,2,0,CASIM-prefix,mixed_spurious_timing_late,0.25,0.3333333,0.0621875,3200
fcc,2,0,CASIM-prefix,mixed_spurious_timing_late,0.25,0.5,0.0865625,3200
fcc,2,0,CASIM-prefix,mixed_spurious_timing_late,0.25,0.6666667,0.0865625,3200
fcc,2,0,CASIM-prefix,mixed_spurious_timing_late,0.25,0.8333333,0.2190625,3200
fcc,2,0,CASIM-prefix,mixed_spurious_timing_late,0.25,1.0,0.27875,3200
fcc,2,0,CASIM-prefix,mixed_spurious_timing_late,0.3,0.1666667,0.06,3200
fcc,2,0,CASIM-prefix,mixed_spurious_timing_late,0.3,0.3333333,0.06,3200
fcc,2,0,CASIM-prefix,mixed_spurious_timing_late,0.3,0.5,0.06875,3200
fcc,2,0,CASIM-prefix,mixed_spurious_timing_late,0.3,0.6666667,0.06875,3200
fcc,2,0,CASIM-prefix,mixed_spurious_timing_late,0.3,0.8333333,0.1665625,3200
fcc,2,0,CASIM-prefix,mixed_spurious_timing_late,0.3,1.0,0.2346875,3200
fcc,2,0,CASIM-prefix,mixed_spurious_timing_late,0.4,0.1666667,0.0303125,3200
fcc,2,0,CASIM-prefix,mixed_spurious_timing_late,0.4,0.3333333,0.0303125,3200
fcc,2,0,CASIM-prefix,mixed_spurious_timing_late,0.4,0.5,0.0303125,3200
fcc,2,0,CASIM-prefix,mixed_spurious_timing_late,0.4,0.6666667,0.0884375,3200
fcc,2,0,CASIM-prefix,mixed_spurious_timing_late,0.4,0.8333333,0.08875,3200
fcc,2,0,CASIM-prefix,mixed_spurious_timing_late,0.4,1.0,0.1459375,3200
fcc,2,0,CASIM-prefix,mixed_spurious_timing_late,0.5,0.1666667,0.0628125,3200
fcc,2,0,CASIM-prefix,mixed_spurious_timing_late,0.5,0.3333333,0.0628125,3200
fcc,2,0,CASIM-prefix,mixed_spurious_timing_late,0.5,0.5,0.0628125,3200
fcc,2,0,CASIM-prefix,mixed_spurious_timing_late,0.5,0.6666667,0.064375,3200
fcc,2,0,CASIM-prefix,mixed_spurious_timing_late,0.5,0.8333333,0.063125,3200
fcc,2,0,CASIM-prefix,mixed_spurious_timing_late,0.5,1.0,0.0890625,3200
fcc,2,0,CASIM-prefix,mixed_spurious_timing_late,0.6,0.1666667,0.0675,3200
fcc,2,0,CASIM-prefix,mixed_spurious_timing_late,0.6,0.3333333,0.0675,3200
fcc,2,0,CASIM-prefix,mixed_spurious_timing_late,0.6,0.5,0.0675,3200
fcc,2,0,CASIM-prefix,mixed_spurious_timing_late,0.6,0.6666667,0.06875,3200
fcc,2,0,CASIM-prefix,mixed_spurious_timing_late,0.6,0.8333333,0.0684375,3200
fcc,2,0,CASIM-prefix,mixed_spurious_timing_late,0.6,1.0,0.0690625,3200
fcc,2,0,CASIM-prefix,mixed_spurious_timing_late,0.7,0.1666667,0.075625,3200
fcc,2,0,CASIM-prefix,mixed_spurious_timing_late,0.7,0.3333333,0.075625,3200
fcc,2,0,CASIM-prefix,mixed_spurious_timing_late,0.7,0.5,0.075625,3200
fcc,2,0,CASIM-prefix,mixed_spurious_timing_late,0.7,0.6666667,0.07625,3200
fcc,2,0,CASIM-prefix,mixed_spurious_timing_late,0.7,0.8333333,0.0759375,3200
fcc,2,0,CASIM-prefix,mixed_spurious_timing_late,0.7,1.0,0.0615625,3200
fcc,2,0,CASIM-prefix,mixed_spurious_timing_late,0.8,0.1666667,0.0659375,3200
fcc,2,0,CASIM-prefix,mixed_spurious_timing_late,0.8,0.3333333,0.0659375,3200
fcc,2,0,CASIM-prefix,mixed_spurious_timing_late,0.8,0.5,0.0659375,3200
fcc,2,0,CASIM-prefix,mixed_spurious_timing_late,0.8,0.6666667,0.0665625,3200
fcc,2,0,CASIM-prefix,mixed_spurious_timing_late,0.8,0.8333333,0.0671875,3200
fcc,2,0,CASIM-prefix,mixed_spurious_timing_late,0.8,1.0,0.0640625,3200
fcc,2,0,CASIM-prefix,mixed_spurious_timing_late,0.9,0.1666667,0.065,3200
fcc,2,0,CASIM-prefix,mixed_spurious_timing_late,0.9,0.3333333,0.065,3200
fcc,2,0,CASIM-prefix,mixed_spurious_timing_late,0.9,0.5,0.065,3200
fcc,2,0,CASIM-prefix,mixed_spurious_timing_late,0.9,0.6666667,0.065625,3200
fcc,2,0,CASIM-prefix,mixed_spurious_timing_late,0.9,0.8333333,0.0653125,3200
fcc,2,0,CASIM-prefix,mixed_spurious_timing_late,0.9,1.0,0.0646875,3200
fcc,2,0,CASIM-prefix,spurious_events,0.0,0.1666667,0.95625,3200
fcc,2,0,CASIM-prefix,spurious_events,0.0,0.3333333,0.95625,3200
fcc,2,0,CASIM-prefix,spurious_events,0.0,0.5,0.990625,3200
fcc,2,0,CASIM-prefix,spurious_events,0.0,0.6666667,0.996875,3200
fcc,2,0,CASIM-prefix,spurious_events,0.0,0.8333333,0.996875,3200
fcc,2,0,CASIM-prefix,spurious_events,0.0,1.0,1.0,3200
fcc,2,0,CASIM-prefix,spurious_events,0.05,0.1666667,0.951875,3200
fcc,2,0,CASIM-prefix,spurious_events,0.05,0.3333333,0.951875,3200
fcc,2,0,CASIM-prefix,spurious_events,0.05,0.5,0.9834375,3200
fcc,2,0,CASIM-prefix,spurious_events,0.05,0.6666667,0.989375,3200
fcc,2,0,CASIM-prefix,spurious_events,0.05,0.8333333,0.989375,3200
fcc,2,0,CASIM-prefix,spurious_events,0.05,1.0,0.9859375,3200
fcc,2,0,CASIM-prefix,spurious_events,0.1,0.1666667,0.9415625,3200
fcc,2,0,CASIM-prefix,spurious_events,0.1,0.3333333,0.9415625,3200
fcc,2,0,CASIM-prefix,spurious_events,0.1,0.5,0.9678125,3200
fcc,2,0,CASIM-prefix,spurious_events,0.1,0.6666667,0.971875,3200
fcc,2,0,CASIM-prefix,spurious_events,0.1,0.8333333,0.9734375,3200
fcc,2,0,CASIM-prefix,spurious_events,0.1,1.0,0.94875,3200
fcc,2,0,CASIM-prefix,spurious_events,0.15,0.1666667,0.9384375,3200
fcc,2,0,CASIM-prefix,spurious_events,0.15,0.3333333,0.9384375,3200
fcc,2,0,CASIM-prefix,spurious_events,0.15,0.5,0.9528125,3200
fcc,2,0,CASIM-prefix,spurious_events,0.15,0.6666667,0.955625,3200
fcc,2,0,CASIM-prefix,spurious_events,0.15,0.8333333,0.955625,3200
fcc,2,0,CASIM-prefix,spurious_events,0.15,1.0,0.9146875,3200
fcc,2,0,CASIM-prefix,spurious_events,0.2,0.1666667,0.925,3200
fcc,2,0,CASIM-prefix,spurious_events,0.2,0.3333333,0.925,3200
fcc,2,0,CASIM-prefix,spurious_events,0.2,0.5,0.940625,3200
fcc,2,0,CASIM-prefix,spurious_events,0.2,0.6666667,0.9346875,3200
fcc,2,0,CASIM-prefix,spurious_events,0.2,0.8333333,0.93625,3200
fcc,2,0,CASIM-prefix,spurious_events,0.2,1.0,0.875,3200
fcc,2,0,CASIM-prefix,spurious_events,0.25,0.1666667,0.9171875,3200
fcc,2,0,CASIM-prefix,spurious_events,0.25,0.3333333,0.9171875,3200
fcc,2,0,CASIM-prefix,spurious_events,0.25,0.5,0.9325,3200
fcc,2,0,CASIM-prefix,spurious_events,0.25,0.6666667,0.9196875,3200
fcc,2,0,CASIM-prefix,spurious_events,0.25,0.8333333,0.9246875,3200
fcc,2,0,CASIM-prefix,spurious_events,0.25,1.0,0.8340625,3200
fcc,2,0,CASIM-prefix,spurious_events,0.3,0.1666667,0.9165625,3200
fcc,2,0,CASIM-prefix,spurious_events,0.3,0.3333333,0.9165625,3200
fcc,2,0,CASIM-prefix,spurious_events,0.3,0.5,0.915,3200
fcc,2,0,CASIM-prefix,spurious_events,0.3,0.6666667,0.9128125,3200
fcc,2,0,CASIM-prefix,spurious_events,0.3,0.8333333,0.8871875,3200
fcc,2,0,CASIM-prefix,spurious_events,0.3,1.0,0.7953125,3200
fcc,2,0,CASIM-prefix,spurious_events,0.4,0.1666667,0.8965625,3200
fcc,2,0,CASIM-prefix,spurious_events,0.4,0.3333333,0.8965625,3200
fcc,2,0,CASIM-prefix,spurious_events,0.4,0.5,0.8834375,3200
fcc,2,0,CASIM-prefix,spurious_events,0.4,0.6666667,0.8628125,3200
fcc,2,0,CASIM-prefix,spurious_events,0.4,0.8333333,0.86,3200
fcc,2,0,CASIM-prefix,spurious_events,0.4,1.0,0.743125,3200
fcc,2,0,CASIM-prefix,spurious_events,0.5,0.1666667,0.8778125,3200
fcc,2,0,CASIM-prefix,spurious_events,0.5,0.3333333,0.8778125,3200
fcc,2,0,CASIM-prefix,spurious_events,0.5,0.5,0.856875,3200
fcc,2,0,CASIM-prefix,spurious_events,0.5,0.6666667,0.83,3200
fcc,2,0,CASIM-prefix,spurious_events,0.5,0.8333333,0.8025,3200
fcc,2,0,CASIM-prefix,spurious_events,0.5,1.0,0.6478125,3200
fcc,2,0,CASIM-prefix,spurious_events,0.6,0.1666667,0.8625,3200
fcc,2,0,CASIM-prefix,spurious_events,0.6,0.3333333,0.8625,3200
fcc,2,0,CASIM-prefix,spurious_events,0.6,0.5,0.826875,3200
fcc,2,0,CASIM-prefix,spurious_events,0.6,0.6666667,0.791875,3200
fcc,2,0,CASIM-prefix,spurious_events,0.6,0.8333333,0.7728125,3200
fcc,2,0,CASIM-prefix,spurious_events,0.6,1.0,0.6040625,3200
fcc,2,0,CASIM-prefix,spurious_events,0.7,0.1666667,0.8390625,3200
fcc,2,0,CASIM-prefix,spurious_events,0.7,0.3333333,0.8390625,3200
fcc,2,0,CASIM-prefix,spurious_events,0.7,0.5,0.80125,3200
fcc,2,0,CASIM-prefix,spurious_events,0.7,0.6666667,0.7571875,3200
fcc,2,0,CASIM-prefix,spurious_events,0.7,0.8333333,0.7153125,3200
fcc,2,0,CASIM-prefix,spurious_events,0.7,1.0,0.5465625,3200
fcc,2,0,CASIM-prefix,spurious_events,0.8,0.1666667,0.8284375,3200
fcc,2,0,CASIM-prefix,spurious_events,0.8,0.3333333,0.8284375,3200
fcc,2,0,CASIM-prefix,spurious_events,0.8,0.5,0.7721875,3200
fcc,2,0,CASIM-prefix,spurious_events,0.8,0.6666667,0.7153125,3200
fcc,2,0,CASIM-prefix,spurious_events,0.8,0.8333333,0.6734375,3200
fcc,2,0,CASIM-prefix,spurious_events,0.8,1.0,0.493125,3200
fcc,2,0,CASIM-prefix,spurious_events,0.9,0.1666667,0.8140625,3200
fcc,2,0,CASIM-prefix,spurious_events,0.9,0.3333333,0.8140625,3200
fcc,2,0,CASIM-prefix,spurious_events,0.9,0.5,0.7425,3200
fcc,2,0,CASIM-prefix,spurious_events,0.9,0.6666667,0.6825,3200
fcc,2,0,CASIM-prefix,spurious_events,0.9,0.8333333,0.6421875,3200
fcc,2,0,CASIM-prefix,spurious_events,0.9,1.0,0.4696875,3200
fcc,2,0,CASIM-prefix,timing_uncertainty,0.0,0.1666667,0.95625,3200
fcc,2,0,CASIM-prefix,timing_uncertainty,0.0,0.3333333,0.95625,3200
fcc,2,0,CASIM-prefix,timing_uncertainty,0.0,0.5,0.990625,3200
fcc,2,0,CASIM-prefix,timing_uncertainty,0.0,0.6666667,0.996875,3200
fcc,2,0,CASIM-prefix,timing_uncertainty,0.0,0.8333333,0.996875,3200
fcc,2,0,CASIM-prefix,timing_uncertainty,0.0,1.0,1.0,3200
fcc,2,0,CASIM-prefix,timing_uncertainty,0.05,0.1666667,0.95625,3200
fcc,2,0,CASIM-prefix,timing_uncertainty,0.05,0.3333333,0.95625,3200
fcc,2,0,CASIM-prefix,timing_uncertainty,0.05,0.5,0.990625,3200
fcc,2,0,CASIM-prefix,timing_uncertainty,0.05,0.6666667,0.9975,3200
fcc,2,0,CASIM-prefix,timing_uncertainty,0.05,0.8333333,0.996875,3200
fcc,2,0,CASIM-prefix,timing_uncertainty,0.05,1.0,1.0,3200
fcc,2,0,CASIM-prefix,timing_uncertainty,0.1,0.1666667,0.9540625,3200
fcc,2,0,CASIM-prefix,timing_uncertainty,0.1,0.3333333,0.9540625,3200
fcc,2,0,CASIM-prefix,timing_uncertainty,0.1,0.5,0.9890625,3200
fcc,2,0,CASIM-prefix,timing_uncertainty,0.1,0.6666667,0.996875,3200
fcc,2,0,CASIM-prefix,timing_uncertainty,0.1,0.8333333,0.9965625,3200
fcc,2,0,CASIM-prefix,timing_uncertainty,0.1,1.0,0.999375,3200
fcc,2,0,CASIM-prefix,timing_uncertainty,0.15,0.1666667,0.9525,3200
fcc,2,0,CASIM-prefix,timing_uncertainty,0.15,0.3333333,0.9525,3200
fcc,2,0,CASIM-prefix,timing_uncertainty,0.15,0.5,0.98875,3200
fcc,2,0,CASIM-prefix,timing_uncertainty,0.15,0.6666667,0.9978125,3200
fcc,2,0,CASIM-prefix,timing_uncertainty,0.15,0.8333333,0.9965625,3200
fcc,2,0,CASIM-prefix,timing_uncertainty,0.15,1.0,0.999375,3200
fcc,2,0,CASIM-prefix,timing_uncertainty,0.2,0.1666667,0.94875,3200
fcc,2,0,CASIM-prefix,timing_uncertainty,0.2,0.3333333,0.94875,3200
fcc,2,0,CASIM-prefix,timing_uncertainty,0.2,0.5,0.9865625,3200
fcc,2,0,CASIM-prefix,timing_uncertainty,0.2,0.6666667,0.9965625,3200
fcc,2,0,CASIM-prefix,timing_uncertainty,0.2,0.8333333,0.995,3200
fcc,2,0,CASIM-prefix,timing_uncertainty,0.2,1.0,0.9978125,3200
fcc,2,0,CASIM-prefix,timing_uncertainty,0.25,0.1666667,0.9484375,3200
fcc,2,0,CASIM-prefix,timing_uncertainty,0.25,0.3333333,0.9484375,3200
fcc,2,0,CASIM-prefix,timing_uncertainty,0.25,0.5,0.9890625,3200
fcc,2,0,CASIM-prefix,timing_uncertainty,0.25,0.6666667,0.9978125,3200
fcc,2,0,CASIM-prefix,timing_uncertainty,0.25,0.8333333,0.996875,3200
fcc,2,0,CASIM-prefix,timing_uncertainty,0.25,1.0,0.999375,3200
fcc,2,0,CASIM-prefix,timing_uncertainty,0.3,0.1666667,0.945,3200
fcc,2,0,CASIM-prefix,timing_uncertainty,0.3,0.3333333,0.945,3200
fcc,2,0,CASIM-prefix,timing_uncertainty,0.3,0.5,0.985625,3200
fcc,2,0,CASIM-prefix,timing_uncertainty,0.3,0.6666667,0.998125,3200
fcc,2,0,CASIM-prefix,timing_uncertainty,0.3,0.8333333,0.9953125,3200
fcc,2,0,CASIM-prefix,timing_uncertainty,0.3,1.0,0.9984375,3200
fcc,2,0,CASIM-prefix,timing_uncertainty,0.4,0.1666667,0.9346875,3200
fcc,2,0,CASIM-prefix,timing_uncertainty,0.4,0.3333333,0.9346875,3200
fcc,2,0,CASIM-prefix,timing_uncertainty,0.4,0.5,0.9828125,3200
fcc,2,0,CASIM-prefix,timing_uncertainty,0.4,0.6666667,0.99625,3200
fcc,2,0,CASIM-prefix,timing_uncertainty,0.4,0.8333333,0.9934375,3200
fcc,2,0,CASIM-prefix,timing_uncertainty,0.4,1.0,0.996875,3200
fcc,2,0,CASIM-prefix,timing_uncertainty,0.5,0.1666667,0.9203125,3200
fcc,2,0,CASIM-prefix,timing_uncertainty,0.5,0.3333333,0.9203125,3200
fcc,2,0,CASIM-prefix,timing_uncertainty,0.5,0.5,0.97125,3200
fcc,2,0,CASIM-prefix,timing_uncertainty,0.5,0.6666667,0.9946875,3200
fcc,2,0,CASIM-prefix,timing_uncertainty,0.5,0.8333333,0.9928125,3200
fcc,2,0,CASIM-prefix,timing_uncertainty,0.5,1.0,0.9965625,3200
fcc,2,0,CASIM-prefix,timing_uncertainty,0.6,0.1666667,0.879375,3200
fcc,2,0,CASIM-prefix,timing_uncertainty,0.6,0.3333333,0.879375,3200
fcc,2,0,CASIM-prefix,timing_uncertainty,0.6,0.5,0.9440625,3200
fcc,2,0,CASIM-prefix,timing_uncertainty,0.6,0.6666667,0.9859375,3200
fcc,2,0,CASIM-prefix,timing_uncertainty,0.6,0.8333333,0.9903125,3200
fcc,2,0,CASIM-prefix,timing_uncertainty,0.6,1.0,0.990625,3200
fcc,2,0,CASIM-prefix,timing_uncertainty,0.7,0.1666667,0.8490625,3200
fcc,2,0,CASIM-prefix,timing_uncertainty,0.7,0.3333333,0.8490625,3200
fcc,2,0,CASIM-prefix,timing_uncertainty,0.7,0.5,0.9225,3200
fcc,2,0,CASIM-prefix,timing_uncertainty,0.7,0.6666667,0.9790625,3200
fcc,2,0,CASIM-prefix,timing_uncertainty,0.7,0.8333333,0.9859375,3200
fcc,2,0,CASIM-prefix,timing_uncertainty,0.7,1.0,0.9890625,3200
fcc,2,0,CASIM-prefix,timing_uncertainty,0.8,0.1666667,0.8009375,3200
fcc,2,0,CASIM-prefix,timing_uncertainty,0.8,0.3333333,0.8009375,3200
fcc,2,0,CASIM-prefix,timing_uncertainty,0.8,0.5,0.8675,3200
fcc,2,0,CASIM-prefix,timing_uncertainty,0.8,0.6666667,0.9646875,3200
fcc,2,0,CASIM-prefix,timing_uncertainty,0.8,0.8333333,0.9846875,3200
fcc,2,0,CASIM-prefix,timing_uncertainty,0.8,1.0,0.9890625,3200
fcc,2,0,CASIM-prefix,timing_uncertainty,0.9,0.1666667,0.7521875,3200
fcc,2,0,CASIM-prefix,timing_uncertainty,0.9,0.3333333,0.7521875,3200
fcc,2,0,CASIM-prefix,timing_uncertainty,0.9,0.5,0.8321875,3200
fcc,2,0,CASIM-prefix,timing_uncertainty,0.9,0.6666667,0.9540625,3200
fcc,2,0,CASIM-prefix,timing_uncertainty,0.9,0.8333333,0.9753125,3200
fcc,2,0,CASIM-prefix,timing_uncertainty,0.9,1.0,0.98375,3200
fcc,2,0,EAC-1NN,late_time_delay,0.0,0.1666667,0.80625,3200
fcc,2,0,EAC-1NN,late_time_delay,0.0,0.3333333,0.80625,3200
fcc,2,0,EAC-1NN,late_time_delay,0.0,0.5,0.896875,3200
fcc,2,0,EAC-1NN,late_time_delay,0.0,0.6666667,0.978125,3200
fcc,2,0,EAC-1NN,late_time_delay,0.0,0.8333333,0.9875,3200
fcc,2,0,EAC-1NN,late_time_delay,0.0,1.0,0.990625,3200
fcc,2,0,EAC-1NN,late_time_delay,0.05,0.1666667,0.378125,3200
fcc,2,0,EAC-1NN,late_time_delay,0.05,0.3333333,0.378125,3200
fcc,2,0,EAC-1NN,late_time_delay,0.05,0.5,0.49375,3200
fcc,2,0,EAC-1NN,late_time_delay,0.05,0.6666667,0.6125,3200
fcc,2,0,EAC-1NN,late_time_delay,0.05,0.8333333,0.625,3200
fcc,2,0,EAC-1NN,late_time_delay,0.05,1.0,0.6875,3200
fcc,2,0,EAC-1NN,late_time_delay,0.1,0.1666667,0.325,3200
fcc,2,0,EAC-1NN,late_time_delay,0.1,0.3333333,0.325,3200
fcc,2,0,EAC-1NN,late_time_delay,0.1,0.5,0.5625,3200
fcc,2,0,EAC-1NN,late_time_delay,0.1,0.6666667,0.596875,3200
fcc,2,0,EAC-1NN,late_time_delay,0.1,0.8333333,0.58125,3200
fcc,2,0,EAC-1NN,late_time_delay,0.1,1.0,0.634375,3200
fcc,2,0,EAC-1NN,late_time_delay,0.15,0.1666667,0.303125,3200
fcc,2,0,EAC-1NN,late_time_delay,0.15,0.3333333,0.303125,3200
fcc,2,0,EAC-1NN,late_time_delay,0.15,0.5,0.48125,3200
fcc,2,0,EAC-1NN,late_time_delay,0.15,0.6666667,0.509375,3200
fcc,2,0,EAC-1NN,late_time_delay,0.15,0.8333333,0.50625,3200
fcc,2,0,EAC-1NN,late_time_delay,0.15,1.0,0.534375,3200
fcc,2,0,EAC-1NN,late_time_delay,0.2,0.1666667,0.26875,3200
fcc,2,0,EAC-1NN,late_time_delay,0.2,0.3333333,0.26875,3200
fcc,2,0,EAC-1NN,late_time_delay,0.2,0.5,0.428125,3200
fcc,2,0,EAC-1NN,late_time_delay,0.2,0.6666667,0.43125,3200
fcc,2,0,EAC-1NN,late_time_delay,0.2,0.8333333,0.43125,3200
fcc,2,0,EAC-1NN,late_time_delay,0.2,1.0,0.4625,3200
fcc,2,0,EAC-1NN,late_time_delay,0.25,0.1666667,0.290625,3200
fcc,2,0,EAC-1NN,late_time_delay,0.25,0.3333333,0.290625,3200
fcc,2,0,EAC-1NN,late_time_delay,0.25,0.5,0.375,3200
fcc,2,0,EAC-1NN,late_time_delay,0.25,0.6666667,0.375,3200
fcc,2,0,EAC-1NN,late_time_delay,0.25,0.8333333,0.4,3200
fcc,2,0,EAC-1NN,late_time_delay,0.25,1.0,0.43125,3200
fcc,2,0,EAC-1NN,late_time_delay,0.3,0.1666667,0.3125,3200
fcc,2,0,EAC-1NN,late_time_delay,0.3,0.3333333,0.3125,3200
fcc,2,0,EAC-1NN,late_time_delay,0.3,0.5,0.34375,3200
fcc,2,0,EAC-1NN,late_time_delay,0.3,0.6666667,0.34375,3200
fcc,2,0,EAC-1NN,late_time_delay,0.3,0.8333333,0.39375,3200
fcc,2,0,EAC-1NN,late_time_delay,0.3,1.0,0.421875,3200
fcc,2,0,EAC-1NN,late_time_delay,0.4,0.1666667,0.215625,3200
fcc,2,0,EAC-1NN,late_time_delay,0.4,0.3333333,0.215625,3200
fcc,2,0,EAC-1NN,late_time_delay,0.4,0.5,0.215625,3200
fcc,2,0,EAC-1NN,late_time_delay,0.4,0.6666667,0.296875,3200
fcc,2,0,EAC-1NN,late_time_delay,0.4,0.8333333,0.296875,3200
fcc,2,0,EAC-1NN,late_time_delay,0.4,1.0,0.3875,3200
fcc,2,0,EAC-1NN,late_time_delay,0.5,0.1666667,0.175,3200
fcc,2,0,EAC-1NN,late_time_delay,0.5,0.3333333,0.175,3200
fcc,2,0,EAC-1NN,late_time_delay,0.5,0.5,0.175,3200
fcc,2,0,EAC-1NN,late_time_delay,0.5,0.6666667,0.175,3200
fcc,2,0,EAC-1NN,late_time_delay,0.5,0.8333333,0.2625,3200
fcc,2,0,EAC-1NN,late_time_delay,0.5,1.0,0.334375,3200
fcc,2,0,EAC-1NN,late_time_delay,0.6,0.1666667,0.1625,3200
fcc,2,0,EAC-1NN,late_time_delay,0.6,0.3333333,0.1625,3200
fcc,2,0,EAC-1NN,late_time_delay,0.6,0.5,0.1625,3200
fcc,2,0,EAC-1NN,late_time_delay,0.6,0.6666667,0.1625,3200
fcc,2,0,EAC-1NN,late_time_delay,0.6,0.8333333,0.1625,3200
fcc,2,0,EAC-1NN,late_time_delay,0.6,1.0,0.2875,3200
fcc,2,0,EAC-1NN,late_time_delay,0.7,0.1666667,0.159375,3200
fcc,2,0,EAC-1NN,late_time_delay,0.7,0.3333333,0.159375,3200
fcc,2,0,EAC-1NN,late_time_delay,0.7,0.5,0.159375,3200
fcc,2,0,EAC-1NN,late_time_delay,0.7,0.6666667,0.159375,3200
fcc,2,0,EAC-1NN,late_time_delay,0.7,0.8333333,0.159375,3200
fcc,2,0,EAC-1NN,late_time_delay,0.7,1.0,0.221875,3200
fcc,2,0,EAC-1NN,late_time_delay,0.8,0.1666667,0.20625,3200
fcc,2,0,EAC-1NN,late_time_delay,0.8,0.3333333,0.20625,3200
fcc,2,0,EAC-1NN,late_time_delay,0.8,0.5,0.20625,3200
fcc,2,0,EAC-1NN,late_time_delay,0.8,0.6666667,0.20625,3200
fcc,2,0,EAC-1NN,late_time_delay,0.8,0.8333333,0.20625,3200
fcc,2,0,EAC-1NN,late_time_delay,0.8,1.0,0.21875,3200
fcc,2,0,EAC-1NN,late_time_delay,0.9,0.1666667,0.16875,3200
fcc,2,0,EAC-1NN,late_time_delay,0.9,0.3333333,0.16875,3200
fcc,2,0,EAC-1NN,late_time_delay,0.9,0.5,0.16875,3200
fcc,2,0,EAC-1NN,late_time_delay,0.9,0.6666667,0.16875,3200
fcc,2,0,EAC-1NN,late_time_delay,0.9,0.8333333,0.16875,3200
fcc,2,0,EAC-1NN,late_time_delay,0.9,1.0,0.16875,3200
fcc,2,0,EAC-1NN,missing_events,0.0,0.1666667,0.80625,3200
fcc,2,0,EAC-1NN,missing_events,0.0,0.3333333,0.80625,3200
fcc,2,0,EAC-1NN,missing_events,0.0,0.5,0.896875,3200
fcc,2,0,EAC-1NN,missing_events,0.0,0.6666667,0.978125,3200
fcc,2,0,EAC-1NN,missing_events,0.0,0.8333333,0.9875,3200
fcc,2,0,EAC-1NN,missing_events,0.0,1.0,0.990625,3200
fcc,2,0,EAC-1NN,missing_events,0.05,0.1666667,0.7940625,3200
fcc,2,0,EAC-1NN,missing_events,0.05,0.3333333,0.7940625,3200
fcc,2,0,EAC-1NN,missing_events,0.05,0.5,0.894375,3200
fcc,2,0,EAC-1NN,missing_events,0.05,0.6666667,0.97625,3200
fcc,2,0,EAC-1NN,missing_events,0.05,0.8333333,0.9865625,3200
fcc,2,0,EAC-1NN,missing_events,0.05,1.0,0.988125,3200
fcc,2,0,EAC-1NN,missing_events,0.1,0.1666667,0.7746875,3200
fcc,2,0,EAC-1NN,missing_events,0.1,0.3333333,0.7746875,3200
fcc,2,0,EAC-1NN,missing_events,0.1,0.5,0.8809375,3200
fcc,2,0,EAC-1NN,missing_events,0.1,0.6666667,0.9665625,3200
fcc,2,0,EAC-1NN,missing_events,0.1,0.8333333,0.979375,3200
fcc,2,0,EAC-1NN,missing_events,0.1,1.0,0.9825,3200
fcc,2,0,EAC-1NN,missing_events,0.15,0.1666667,0.7659375,3200
fcc,2,0,EAC-1NN,missing_events,0.15,0.3333333,0.7659375,3200
fcc,2,0,EAC-1NN,missing_events,0.15,0.5,0.87,3200
fcc,2,0,EAC-1NN,missing_events,0.15,0.6666667,0.9646875,3200
fcc,2,0,EAC-1NN,missing_events,0.15,0.8333333,0.976875,3200
fcc,2,0,EAC-1NN,missing_events,0.15,1.0,0.9853125,3200
fcc,2,0,EAC-1NN,missing_events,0.2,0.1666667,0.733125,3200
fcc,2,0,EAC-1NN,missing_events,0.2,0.3333333,0.733125,3200
fcc,2,0,EAC-1NN,missing_events,0.2,0.5,0.8503125,3200
fcc,2,0,EAC-1NN,missing_events,0.2,0.6666667,0.95375,3200
fcc,2,0,EAC-1NN,missing_events,0.2,0.8333333,0.9646875,3200
fcc,2,0,EAC-1NN,missing_events,0.2,1.0,0.9725,3200
fcc,2,0,EAC-1NN,missing_events,0.25,0.1666667,0.718125,3200
fcc,2,0,EAC-1NN,missing_events,0.25,0.3333333,0.718125,3200
fcc,2,0,EAC-1NN,missing_events,0.25,0.5,0.8434375,3200
fcc,2,0,EAC-1NN,missing_events,0.25,0.6666667,0.94,3200
fcc,2,0,EAC-1NN,missing_events,0.25,0.8333333,0.9540625,3200
fcc,2,0,EAC-1NN,missing_events,0.25,1.0,0.9678125,3200
fcc,2,0,EAC-1NN,missing_events,0.3,0.1666667,0.6946875,3200
fcc,2,0,EAC-1NN,missing_events,0.3,0.3333333,0.6946875,3200
fcc,2,0,EAC-1NN,missing_events,0.3,0.5,0.8209375,3200
fcc,2,0,EAC-1NN,missing_events,0.3,0.6666667,0.9253125,3200
fcc,2,0,EAC-1NN,missing_events,0.3,0.8333333,0.9434375,3200
fcc,2,0,EAC-1NN,missing_events,0.3,1.0,0.955625,3200
fcc,2,0,EAC-1NN,missing_events,0.4,0.1666667,0.644375,3200
fcc,2,0,EAC-1NN,missing_events,0.4,0.3333333,0.644375,3200
fcc,2,0,EAC-1NN,missing_events,0.4,0.5,0.76625,3200
fcc,2,0,EAC-1NN,missing_events,0.4,0.6666667,0.884375,3200
fcc,2,0,EAC-1NN,missing_events,0.4,0.8333333,0.9078125,3200
fcc,2,0,EAC-1NN,missing_events,0.4,1.0,0.926875,3200
fcc,2,0,EAC-1NN,missing_events,0.5,0.1666667,0.5603125,3200
fcc,2,0,EAC-1NN,missing_events,0.5,0.3333333,0.5603125,3200
fcc,2,0,EAC-1NN,missing_events,0.5,0.5,0.6865625,3200
fcc,2,0,EAC-1NN,missing_events,0.5,0.6666667,0.8,3200
fcc,2,0,EAC-1NN,missing_events,0.5,0.8333333,0.834375,3200
fcc,2,0,EAC-1NN,missing_events,0.5,1.0,0.8603125,3200
fcc,2,0,EAC-1NN,missing_events,0.6,0.1666667,0.48875,3200
fcc,2,0,EAC-1NN,missing_events,0.6,0.3333333,0.48875,3200
fcc,2,0,EAC-1NN,missing_events,0.6,0.5,0.603125,3200
fcc,2,0,EAC-1NN,missing_events,0.6,0.6666667,0.719375,3200
fcc,2,0,EAC-1NN,missing_events,0.6,0.8333333,0.7575,3200
fcc,2,0,EAC-1NN,missing_events,0.6,1.0,0.789375,3200
fcc,2,0,EAC-1NN,missing_events,0.7,0.1666667,0.4075,3200
fcc,2,0,EAC-1NN,missing_events,0.7,0.3333333,0.4075,3200
fcc,2,0,EAC-1NN,missing_events,0.7,0.5,0.4965625,3200
fcc,2,0,EAC-1NN,missing_events,0.7,0.6666667,0.5940625,3200
fcc,2,0,EAC-1NN,missing_events,0.7,0.8333333,0.6328125,3200
fcc,2,0,EAC-1NN,missing_events,0.7,1.0,0.6815625,3200
fcc,2,0,EAC-1NN,missing_events,0.8,0.1666667,0.321875,3200
fcc,2,0,EAC-1NN,missing_events,0.8,0.3333333,0.321875,3200
fcc,2,0,EAC-1NN,missing_events,0.8,0.5,0.38,3200
fcc,2,0,EAC-1NN,missing_events,0.8,0.6666667,0.4584375,3200
fcc,2,0,EAC-1NN,missing_events,0.8,0.8333333,0.48,3200
fcc,2,0,EAC-1NN,missing_events,0.8,1.0,0.52875,3200
fcc,2,0,EAC-1NN,missing_events,0.9,0.1666667,0.23875,3200
fcc,2,0,EAC-1NN,missing_events,0.9,0.3333333,0.23875,3200
fcc,2,0,EAC-1NN,missing_events,0.9,0.5,0.2578125,3200
fcc,2,0,EAC-1NN,missing_events,0.9,0.6666667,0.31,3200
fcc,2,0,EAC-1NN,missing_events,0.9,0.8333333,0.32875,3200
fcc,2,0,EAC-1NN,missing_events,0.9,1.0,0.3571875,3200
fcc,2,0,EAC-1NN,mixed_missing_spurious,0.0,0.1666667,0.80625,3200
fcc,2,0,EAC-1NN,mixed_missing_spurious,0.0,0.3333333,0.80625,3200
fcc,2,0,EAC-1NN,mixed_missing_spurious,0.0,0.5,0.896875,3200
fcc,2,0,EAC-1NN,mixed_missing_spurious,0.0,0.6666667,0.978125,3200
fcc,2,0,EAC-1NN,mixed_missing_spurious,0.0,0.8333333,0.9875,3200
fcc,2,0,EAC-1NN,mixed_missing_spurious,0.0,1.0,0.990625,3200
fcc,2,0,EAC-1NN,mixed_missing_spurious,0.05,0.1666667,0.7934375,3200
fcc,2,0,EAC-1NN,mixed_missing_spurious,0.05,0.3333333,0.7934375,3200
fcc,2,0,EAC-1NN,mixed_missing_spurious,0.05,0.5,0.893125,3200
fcc,2,0,EAC-1NN,mixed_missing_spurious,0.05,0.6666667,0.97625,3200
fcc,2,0,EAC-1NN,mixed_missing_spurious,0.05,0.8333333,0.9859375,3200
fcc,2,0,EAC-1NN,mixed_missing_spurious,0.05,1.0,0.986875,3200
fcc,2,0,EAC-1NN,mixed_missing_spurious,0.1,0.1666667,0.77,3200
fcc,2,0,EAC-1NN,mixed_missing_spurious,0.1,0.3333333,0.77,3200
fcc,2,0,EAC-1NN,mixed_missing_spurious,0.1,0.5,0.8821875,3200
fcc,2,0,EAC-1NN,mixed_missing_spurious,0.1,0.6666667,0.9640625,3200
fcc,2,0,EAC-1NN,mixed_missing_spurious,0.1,0.8333333,0.978125,3200
fcc,2,0,EAC-1NN,mixed_missing_spurious,0.1,1.0,0.9809375,3200
fcc,2,0,EAC-1NN,mixed_missing_spurious,0.15,0.1666667,0.750625,3200
fcc,2,0,EAC-1NN,mixed_missing_spurious,0.15,0.3333333,0.750625,3200
fcc,2,0,EAC-1NN,mixed_missing_spurious,0.15,0.5,0.8596875,3200
fcc,2,0,EAC-1NN,mixed_missing_spurious,0.15,0.6666667,0.9515625,3200
fcc,2,0,EAC-1NN,mixed_missing_spurious,0.15,0.8333333,0.9665625,3200
fcc,2,0,EAC-1NN,mixed_missing_spurious,0.15,1.0,0.978125,3200
fcc,2,0,EAC-1NN,mixed_missing_spurious,0.2,0.1666667,0.726875,3200
fcc,2,0,EAC-1NN,mixed_missing_spurious,0.2,0.3333333,0.726875,3200
fcc,2,0,EAC-1NN,mixed_missing_spurious,0.2,0.5,0.83875,3200
fcc,2,0,EAC-1NN,mixed_missing_spurious,0.2,0.6666667,0.9259375,3200
fcc,2,0,EAC-1NN,mixed_missing_spurious,0.2,0.8333333,0.9425,3200
fcc,2,0,EAC-1NN,mixed_missing_spurious,0.2,1.0,0.9571875,3200
fcc,2,0,EAC-1NN,mixed_missing_spurious,0.25,0.1666667,0.6934375,3200
fcc,2,0,EAC-1NN,mixed_missing_spurious,0.25,0.3333333,0.6934375,3200
fcc,2,0,EAC-1NN,mixed_missing_spurious,0.25,0.5,0.823125,3200
fcc,2,0,EAC-1NN,mixed_missing_spurious,0.25,0.6666667,0.918125,3200
fcc,2,0,EAC-1NN,mixed_missing_spurious,0.25,0.8333333,0.9371875,3200
fcc,2,0,EAC-1NN,mixed_missing_spurious,0.25,1.0,0.945625,3200
fcc,2,0,EAC-1NN,mixed_missing_spurious,0.3,0.1666667,0.674375,3200
fcc,2,0,EAC-1NN,mixed_missing_spurious,0.3,0.3333333,0.674375,3200
fcc,2,0,EAC-1NN,mixed_missing_spurious,0.3,0.5,0.800625,3200
fcc,2,0,EAC-1NN,mixed_missing_spurious,0.3,0.6666667,0.8928125,3200
fcc,2,0,EAC-1NN,mixed_missing_spurious,0.3,0.8333333,0.9121875,3200
fcc,2,0,EAC-1NN,mixed_missing_spurious,0.3,1.0,0.929375,3200
fcc,2,0,EAC-1NN,mixed_missing_spurious,0.4,0.1666667,0.6046875,3200
fcc,2,0,EAC-1NN,mixed_missing_spurious,0.4,0.3333333,0.6046875,3200
fcc,2,0,EAC-1NN,mixed_missing_spurious,0.4,0.5,0.729375,3200
fcc,2,0,EAC-1NN,mixed_missing_spurious,0.4,0.6666667,0.82875,3200
fcc,2,0,EAC-1NN,mixed_missing_spurious,0.4,0.8333333,0.8446875,3200
fcc,2,0,EAC-1NN,mixed_missing_spurious,0.4,1.0,0.865625,3200
fcc,2,0,EAC-1NN,mixed_missing_spurious,0.5,0.1666667,0.5575,3200
fcc,2,0,EAC-1NN,mixed_missing_spurious,0.5,0.3333333,0.5575,3200
fcc,2,0,EAC-1NN,mixed_missing_spurious,0.5,0.5,0.66,3200
fcc,2,0,EAC-1NN,mixed_missing_spurious,0.5,0.6666667,0.75125,3200
fcc,2,0,EAC-1NN,mixed_missing_spurious,0.5,0.8333333,0.7715625,3200
fcc,2,0,EAC-1NN,mixed_missing_spurious,0.5,1.0,0.7803125,3200
fcc,2,0,EAC-1NN,mixed_missing_spurious,0.6,0.1666667,0.4834375,3200
fcc,2,0,EAC-1NN,mixed_missing_spurious,0.6,0.3333333,0.4834375,3200
fcc,2,0,EAC-1NN,mixed_missing_spurious,0.6,0.5,0.5821875,3200
fcc,2,0,EAC-1NN,mixed_missing_spurious,0.6,0.6666667,0.6609375,3200
fcc,2,0,EAC-1NN,mixed_missing_spurious,0.6,0.8333333,0.6803125,3200
fcc,2,0,EAC-1NN,mixed_missing_spurious,0.6,1.0,0.70625,3200
fcc,2,0,EAC-1NN,mixed_missing_spurious,0.7,0.1666667,0.39,3200
fcc,2,0,EAC-1NN,mixed_missing_spurious,0.7,0.3333333,0.39,3200
fcc,2,0,EAC-1NN,mixed_missing_spurious,0.7,0.5,0.45625,3200
fcc,2,0,EAC-1NN,mixed_missing_spurious,0.7,0.6666667,0.524375,3200
fcc,2,0,EAC-1NN,mixed_missing_spurious,0.7,0.8333333,0.544375,3200
fcc,2,0,EAC-1NN,mixed_missing_spurious,0.7,1.0,0.561875,3200
fcc,2,0,EAC-1NN,mixed_missing_spurious,0.8,0.1666667,0.31,3200
fcc,2,0,EAC-1NN,mixed_missing_spurious,0.8,0.3333333,0.31,3200
fcc,2,0,EAC-1NN,mixed_missing_spurious,0.8,0.5,0.355,3200
fcc,2,0,EAC-1NN,mixed_missing_spurious,0.8,0.6666667,0.4065625,3200
fcc,2,0,EAC-1NN,mixed_missing_spurious,0.8,0.8333333,0.41125,3200
fcc,2,0,EAC-1NN,mixed_missing_spurious,0.8,1.0,0.4275,3200
fcc,2,0,EAC-1NN,mixed_missing_spurious,0.9,0.1666667,0.2303125,3200
fcc,2,0,EAC-1NN,mixed_missing_spurious,0.9,0.3333333,0.2303125,3200
fcc,2,0,EAC-1NN,mixed_missing_spurious,0.9,0.5,0.249375,3200
fcc,2,0,EAC-1NN,mixed_missing_spurious,0.9,0.6666667,0.2828125,3200
fcc,2,0,EAC-1NN,mixed_missing_spurious,0.9,0.8333333,0.2965625,3200
fcc,2,0,EAC-1NN,mixed_missing_spurious,0.9,1.0,0.31125,3200
fcc,2,0,EAC-1NN,mixed_spurious_timing_late,0.0,0.1666667,0.80625,3200
fcc,2,0,EAC-1NN,mixed_spurious_timing_late,0.0,0.3333333,0.80625,3200
fcc,2,0,EAC-1NN,mixed_spurious_timing_late,0.0,0.5,0.896875,3200
fcc,2,0,EAC-1NN,mixed_spurious_timing_late,0.0,0.6666667,0.978125,3200
fcc,2,0,EAC-1NN,mixed_spurious_timing_late,0.0,0.8333333,0.9875,3200
fcc,2,0,EAC-1NN,mixed_spurious_timing_late,0.0,1.0,0.990625,3200
fcc,2,0,EAC-1NN,mixed_spurious_timing_late,0.05,0.1666667,0.3740625,3200
fcc,2,0,EAC-1NN,mixed_spurious_timing_late,0.05,0.3333333,0.3740625,3200
fcc,2,0,EAC-1NN,mixed_spurious_timing_late,0.05,0.5,0.494375,3200
fcc,2,0,EAC-1NN,mixed_spurious_timing_late,0.05,0.6666667,0.6125,3200
fcc,2,0,EAC-1NN,mixed_spurious_timing_late,0.05,0.8333333,0.6259375,3200
fcc,2,0,EAC-1NN,mixed_spurious_timing_late,0.05,1.0,0.6828125,3200
fcc,2,0,EAC-1NN,mixed_spurious_timing_late,0.1,0.1666667,0.3178125,3200
fcc,2,0,EAC-1NN,mixed_spurious_timing_late,0.1,0.3333333,0.3178125,3200
fcc,2,0,EAC-1NN,mixed_spurious_timing_late,0.1,0.5,0.5515625,3200
fcc,2,0,EAC-1NN,mixed_spurious_timing_late,0.1,0.6666667,0.5821875,3200
fcc,2,0,EAC-1NN,mixed_spurious_timing_late,0.1,0.8333333,0.5684375,3200
fcc,2,0,EAC-1NN,mixed_spurious_timing_late,0.1,1.0,0.62,3200
fcc,2,0,EAC-1NN,mixed_spurious_timing_late,0.15,0.1666667,0.293125,3200
fcc,2,0,EAC-1NN,mixed_spurious_timing_late,0.15,0.3333333,0.293125,3200
fcc,2,0,EAC-1NN,mixed_spurious_timing_late,0.15,0.5,0.449375,3200
fcc,2,0,EAC-1NN,mixed_spurious_timing_late,0.15,0.6666667,0.4821875,3200
fcc,2,0,EAC-1NN,mixed_spurious_timing_late,0.15,0.8333333,0.485,3200
fcc,2,0,EAC-1NN,mixed_spurious_timing_late,0.15,1.0,0.51625,3200
fcc,2,0,EAC-1NN,mixed_spurious_timing_late,0.2,0.1666667,0.2590625,3200
fcc,2,0,EAC-1NN,mixed_spurious_timing_late,0.2,0.3333333,0.2590625,3200
fcc,2,0,EAC-1NN,mixed_spurious_timing_late,0.2,0.5,0.393125,3200
fcc,2,0,EAC-1NN,mixed_spurious_timing_late,0.2,0.6666667,0.401875,3200
fcc,2,0,EAC-1NN,mixed_spurious_timing_late,0.2,0.8333333,0.401875,3200
fcc,2,0,EAC-1NN,mixed_spurious_timing_late,0.2,1.0,0.4475,3200
fcc,2,0,EAC-1NN,mixed_spurious_timing_late,0.25,0.1666667,0.276875,3200
fcc,2,0,EAC-1NN,mixed_spurious_timing_late,0.25,0.3333333,0.276875,3200
fcc,2,0,EAC-1NN,mixed_spurious_timing_late,0.25,0.5,0.338125,3200
fcc,2,0,EAC-1NN,mixed_spurious_timing_late,0.25,0.6666667,0.338125,3200
fcc,2,0,EAC-1NN,mixed_spurious_timing_late,0.25,0.8333333,0.363125,3200
fcc,2,0,EAC-1NN,mixed_spurious_timing_late,0.25,1.0,0.4025,3200
fcc,2,0,EAC-1NN,mixed_spurious_timing_late,0.3,0.1666667,0.280625,3200
fcc,2,0,EAC-1NN,mixed_spurious_timing_late,0.3,0.3333333,0.280625,3200
fcc,2,0,EAC-1NN,mixed_spurious_timing_late,0.3,0.5,0.3203125,3200
fcc,2,0,EAC-1NN,mixed_spurious_timing_late,0.3,0.6666667,0.3203125,3200
fcc,2,0,EAC-1NN,mixed_spurious_timing_late,0.3,0.8333333,0.353125,3200
fcc,2,0,EAC-1NN,mixed_spurious_timing_late,0.3,1.0,0.3909375,3200
fcc,2,0,EAC-1NN,mixed_spurious_timing_late,0.4,0.1666667,0.1928125,3200
fcc,2,0,EAC-1NN,mixed_spurious_timing_late,0.4,0.3333333,0.1928125,3200
fcc,2,0,EAC-1NN,mixed_spurious_timing_late,0.4,0.5,0.1928125,3200
fcc,2,0,EAC-1NN,mixed_spurious_timing_late,0.4,0.6666667,0.2340625,3200
fcc,2,0,EAC-1NN,mixed_spurious_timing_late,0.4,0.8333333,0.2340625,3200
fcc,2,0,EAC-1NN,mixed_spurious_timing_late,0.4,1.0,0.299375,3200
fcc,2,0,EAC-1NN,mixed_spurious_timing_late,0.5,0.1666667,0.1190625,3200
fcc,2,0,EAC-1NN,mixed_spurious_timing_late,0.5,0.3333333,0.1190625,3200
fcc,2,0,EAC-1NN,mixed_spurious_timing_late,0.5,0.5,0.1190625,3200
fcc,2,0,EAC-1NN,mixed_spurious_timing_late,0.5,0.6666667,0.1190625,3200
fcc,2,0,EAC-1NN,mixed_spurious_timing_late,0.5,0.8333333,0.1740625,3200
fcc,2,0,EAC-1NN,mixed_spurious_timing_late,0.5,1.0,0.20125,3200
fcc,2,0,EAC-1NN,mixed_spurious_timing_late,0.6,0.1666667,0.1209375,3200
fcc,2,0,EAC-1NN,mixed_spurious_timing_late,0.6,0.3333333,0.1209375,3200
fcc,2,0,EAC-1NN,mixed_spurious_timing_late,0.6,0.5,0.1209375,3200
fcc,2,0,EAC-1NN,mixed_spurious_timing_late,0.6,0.6666667,0.1209375,3200
fcc,2,0,EAC-1NN,mixed_spurious_timing_late,0.6,0.8333333,0.1209375,3200
fcc,2,0,EAC-1NN,mixed_spurious_timing_late,0.6,1.0,0.1665625,3200
fcc,2,0,EAC-1NN,mixed_spurious_timing_late,0.7,0.1666667,0.105625,3200
fcc,2,0,EAC-1NN,mixed_spurious_timing_late,0.7,0.3333333,0.105625,3200
fcc,2,0,EAC-1NN,mixed_spurious_timing_late,0.7,0.5,0.105625,3200
fcc,2,0,EAC-1NN,mixed_spurious_timing_late,0.7,0.6666667,0.105625,3200
fcc,2,0,EAC-1NN,mixed_spurious_timing_late,0.7,0.8333333,0.105625,3200
fcc,2,0,EAC-1NN,mixed_spurious_timing_late,0.7,1.0,0.13,3200
fcc,2,0,EAC-1NN,mixed_spurious_timing_late,0.8,0.1666667,0.109375,3200
fcc,2,0,EAC-1NN,mixed_spurious_timing_late,0.8,0.3333333,0.109375,3200
fcc,2,0,EAC-1NN,mixed_spurious_timing_late,0.8,0.5,0.109375,3200
fcc,2,0,EAC-1NN,mixed_spurious_timing_late,0.8,0.6666667,0.109375,3200
fcc,2,0,EAC-1NN,mixed_spurious_timing_late,0.8,0.8333333,0.109375,3200
fcc,2,0,EAC-1NN,mixed_spurious_timing_late,0.8,1.0,0.115,3200
fcc,2,0,EAC-1NN,mixed_spurious_timing_late,0.9,0.1666667,0.096875,3200
fcc,2,0,EAC-1NN,mixed_spurious_timing_late,0.9,0.3333333,0.096875,3200
fcc,2,0,EAC-1NN,mixed_spurious_timing_late,0.9,0.5,0.096875,3200
fcc,2,0,EAC-1NN,mixed_spurious_timing_late,0.9,0.6666667,0.096875,3200
fcc,2,0,EAC-1NN,mixed_spurious_timing_late,0.9,0.8333333,0.096875,3200
fcc,2,0,EAC-1NN,mixed_spurious_timing_late,0.9,1.0,0.096875,3200
fcc,2,0,EAC-1NN,spurious_events,0.0,0.1666667,0.80625,3200
fcc,2,0,EAC-1NN,spurious_events,0.0,0.3333333,0.80625,3200
fcc,2,0,EAC-1NN,spurious_events,0.0,0.5,0.896875,3200
fcc,2,0,EAC-1NN,spurious_events,0.0,0.6666667,0.978125,3200
fcc,2,0,EAC-1NN,spurious_events,0.0,0.8333333,0.9875,3200
fcc,2,0,EAC-1NN,spurious_events,0.0,1.0,0.990625,3200
fcc,2,0,EAC-1NN,spurious_events,0.05,0.1666667,0.8053125,3200
fcc,2,0,EAC-1NN,spurious_events,0.05,0.3333333,0.8053125,3200
fcc,2,0,EAC-1NN,spurious_events,0.05,0.5,0.896875,3200
fcc,2,0,EAC-1NN,spurious_events,0.05,0.6666667,0.9778125,3200
fcc,2,0,EAC-1NN,spurious_events,0.05,0.8333333,0.986875,3200
fcc,2,0,EAC-1NN,spurious_events,0.05,1.0,0.99,3200
fcc,2,0,EAC-1NN,spurious_events,0.1,0.1666667,0.80375,3200
fcc,2,0,EAC-1NN,spurious_events,0.1,0.3333333,0.80375,3200
fcc,2,0,EAC-1NN,spurious_events,0.1,0.5,0.8946875,3200
fcc,2,0,EAC-1NN,spurious_events,0.1,0.6666667,0.9759375,3200
fcc,2,0,EAC-1NN,spurious_events,0.1,0.8333333,0.985,3200
fcc,2,0,EAC-1NN,spurious_events,0.1,1.0,0.98875,3200
fcc,2,0,EAC-1NN,spurious_events,0.15,0.1666667,0.8003125,3200
fcc,2,0,EAC-1NN,spurious_events,0.15,0.3333333,0.8003125,3200
fcc,2,0,EAC-1NN,spurious_events,0.15,0.5,0.8928125,3200
fcc,2,0,EAC-1NN,spurious_events,0.15,0.6666667,0.973125,3200
fcc,2,0,EAC-1NN,spurious_events,0.15,0.8333333,0.9834375,3200
fcc,2,0,EAC-1NN,spurious_events,0.15,1.0,0.988125,3200
fcc,2,0,EAC-1NN,spurious_events,0.2,0.1666667,0.7946875,3200
fcc,2,0,EAC-1NN,spurious_events,0.2,0.3333333,0.7946875,3200
fcc,2,0,EAC-1NN,spurious_events,0.2,0.5,0.8896875,3200
fcc,2,0,EAC-1NN,spurious_events,0.2,0.6666667,0.9703125,3200
fcc,2,0,EAC-1NN,spurious_events,0.2,0.8333333,0.9803125,3200
fcc,2,0,EAC-1NN,spurious_events,0.2,1.0,0.9859375,3200
fcc,2,0,EAC-1NN,spurious_events,0.25,0.1666667,0.79375,3200
fcc,2,0,EAC-1NN,spurious_events,0.25,0.3333333,0.79375,3200
fcc,2,0,EAC-1NN,spurious_events,0.25,0.5,0.8925,3200
fcc,2,0,EAC-1NN,spurious_events,0.25,0.6666667,0.9696875,3200
fcc,2,0,EAC-1NN,spurious_events,0.25,0.8333333,0.9759375,3200
fcc,2,0,EAC-1NN,spurious_events,0.25,1.0,0.9828125,3200
fcc,2,0,EAC-1NN,spurious_events,0.3,0.1666667,0.79375,3200
fcc,2,0,EAC-1NN,spurious_events,0.3,0.3333333,0.79375,3200
fcc,2,0,EAC-1NN,spurious_events,0.3,0.5,0.8884375,3200
fcc,2,0,EAC-1NN,spurious_events,0.3,0.6666667,0.9659375,3200
fcc,2,0,EAC-1NN,spurious_events,0.3,0.8333333,0.9753125,3200
fcc,2,0,EAC-1NN,spurious_events,0.3,1.0,0.98125,3200
fcc,2,0,EAC-1NN,spurious_events,0.4,0.1666667,0.79,3200
fcc,2,0,EAC-1NN,spurious_events,0.4,0.3333333,0.79,3200
fcc,2,0,EAC-1NN,spurious_events,0.4,0.5,0.8853125,3200
fcc,2,0,EAC-1NN,spurious_events,0.4,0.6666667,0.958125,3200
fcc,2,0,EAC-1NN,spurious_events,0.4,0.8333333,0.9703125,3200
fcc,2,0,EAC-1NN,spurious_events,0.4,1.0,0.975,3200
fcc,2,0,EAC-1NN,spurious_events,0.5,0.1666667,0.781875,3200
fcc,2,0,EAC-1NN,spurious_events,0.5,0.3333333,0.781875,3200
fcc,2,0,EAC-1NN,spurious_events,0.5,0.5,0.8803125,3200
fcc,2,0,EAC-1NN,spurious_events,0.5,0.6666667,0.9540625,3200
fcc,2,0,EAC-1NN,spurious_events,0.5,0.8333333,0.963125,3200
fcc,2,0,EAC-1NN,spurious_events,0.5,1.0,0.9640625,3200
fcc,2,0,EAC-1NN,spurious_events,0.6,0.1666667,0.7746875,3200
fcc,2,0,EAC-1NN,spurious_events,0.6,0.3333333,0.7746875,3200
fcc,2,0,EAC-1NN,spurious_events,0.6,0.5,0.8725,3200
fcc,2,0,EAC-1NN,spurious_events,0.6,0.6666667,0.94625,3200
fcc,2,0,EAC-1NN,spurious_events,0.6,0.8333333,0.9540625,3200
fcc,2,0,EAC-1NN,spurious_events,0.6,1.0,0.9553125,3200
fcc,2,0,EAC-1NN,spurious_events,0.7,0.1666667,0.7859375,3200
fcc,2,0,EAC-1NN,spurious_events,0.7,0.3333333,0.7859375,3200
fcc,2,0,EAC-1NN,spurious_events,0.7,0.5,0.8778125,3200
fcc,2,0,EAC-1NN,spurious_events,0.7,0.6666667,0.941875,3200
fcc,2,0,EAC-1NN,spurious_events,0.7,0.8333333,0.945,3200
fcc,2,0,EAC-1NN,spurious_events,0.7,1.0,0.950625,3200
fcc,2,0,EAC-1NN,spurious_events,0.8,0.1666667,0.770625,3200
fcc,2,0,EAC-1NN,spurious_events,0.8,0.3333333,0.770625,3200
fcc,2,0,EAC-1NN,spurious_events,0.8,0.5,0.85625,3200
fcc,2,0,EAC-1NN,spurious_events,0.8,0.6666667,0.9278125,3200
fcc,2,0,EAC-1NN,spurious_events,0.8,0.8333333,0.93375,3200
fcc,2,0,EAC-1NN,spurious_events,0.8,1.0,0.93625,3200
fcc,2,0,EAC-1NN,spurious_events,0.9,0.1666667,0.7671875,3200
fcc,2,0,EAC-1NN,spurious_events,0.9,0.3333333,0.7671875,3200
fcc,2,0,EAC-1NN,spurious_events,0.9,0.5,0.854375,3200
fcc,2,0,EAC-1NN,spurious_events,0.9,0.6666667,0.9140625,3200
fcc,2,0,EAC-1NN,spurious_events,0.9,0.8333333,0.919375,3200
fcc,2,0,EAC-1NN,spurious_events,0.9,1.0,0.9153125,3200
fcc,2,0,EAC-1NN,timing_uncertainty,0.0,0.1666667,0.80625,3200
fcc,2,0,EAC-1NN,timing_uncertainty,0.0,0.3333333,0.80625,3200
fcc,2,0,EAC-1NN,timing_uncertainty,0.0,0.5,0.896875,3200
fcc,2,0,EAC-1NN,timing_uncertainty,0.0,0.6666667,0.978125,3200
fcc,2,0,EAC-1NN,timing_uncertainty,0.0,0.8333333,0.9875,3200
fcc,2,0,EAC-1NN,timing_uncertainty,0.0,1.0,0.990625,3200
fcc,2,0,EAC-1NN,timing_uncertainty,0.05,0.1666667,0.8053125,3200
fcc,2,0,EAC-1NN,timing_uncertainty,0.05,0.3333333,0.8053125,3200
fcc,2,0,EAC-1NN,timing_uncertainty,0.05,0.5,0.896875,3200
fcc,2,0,EAC-1NN,timing_uncertainty,0.05,0.6666667,0.978125,3200
fcc,2,0,EAC-1NN,timing_uncertainty,0.05,0.8333333,0.9875,3200
fcc,2,0,EAC-1NN,timing_uncertainty,0.05,1.0,0.990625,3200
fcc,2,0,EAC-1NN,timing_uncertainty,0.1,0.1666667,0.804375,3200
fcc,2,0,EAC-1NN,timing_uncertainty,0.1,0.3333333,0.804375,3200
fcc,2,0,EAC-1NN,timing_uncertainty,0.1,0.5,0.8975,3200
fcc,2,0,EAC-1NN,timing_uncertainty,0.1,0.6666667,0.9790625,3200
fcc,2,0,EAC-1NN,timing_uncertainty,0.1,0.8333333,0.9878125,3200
fcc,2,0,EAC-1NN,timing_uncertainty,0.1,1.0,0.990625,3200
fcc,2,0,EAC-1NN,timing_uncertainty,0.15,0.1666667,0.80125,3200
fcc,2,0,EAC-1NN,timing_uncertainty,0.15,0.3333333,0.80125,3200
fcc,2,0,EAC-1NN,timing_uncertainty,0.15,0.5,0.8953125,3200
fcc,2,0,EAC-1NN,timing_uncertainty,0.15,0.6666667,0.9771875,3200
fcc,2,0,EAC-1NN,timing_uncertainty,0.15,0.8333333,0.9871875,3200
fcc,2,0,EAC-1NN,timing_uncertainty,0.15,1.0,0.9903125,3200
fcc,2,0,EAC-1NN,timing_uncertainty,0.2,0.1666667,0.798125,3200
fcc,2,0,EAC-1NN,timing_uncertainty,0.2,0.3333333,0.798125,3200
fcc,2,0,EAC-1NN,timing_uncertainty,0.2,0.5,0.8946875,3200
fcc,2,0,EAC-1NN,timing_uncertainty,0.2,0.6666667,0.976875,3200
fcc,2,0,EAC-1NN,timing_uncertainty,0.2,0.8333333,0.985625,3200
fcc,2,0,EAC-1NN,timing_uncertainty,0.2,1.0,0.99,3200
fcc,2,0,EAC-1NN,timing_uncertainty,0.25,0.1666667,0.7978125,3200
fcc,2,0,EAC-1NN,timing_uncertainty,0.25,0.3333333,0.7978125,3200
fcc,2,0,EAC-1NN,timing_uncertainty,0.25,0.5,0.8971875,3200
fcc,2,0,EAC-1NN,timing_uncertainty,0.25,0.6666667,0.9784375,3200
fcc,2,0,EAC-1NN,timing_uncertainty,0.25,0.8333333,0.986875,3200
fcc,2,0,EAC-1NN,timing_uncertainty,0.25,1.0,0.989375,3200
fcc,2,0,EAC-1NN,timing_uncertainty,0.3,0.1666667,0.795,3200
fcc,2,0,EAC-1NN,timing_uncertainty,0.3,0.3333333,0.795,3200
fcc,2,0,EAC-1NN,timing_uncertainty,0.3,0.5,0.8928125,3200
fcc,2,0,EAC-1NN,timing_uncertainty,0.3,0.6666667,0.9775,3200
fcc,2,0,EAC-1NN,timing_uncertainty,0.3,0.8333333,0.986875,3200
fcc,2,0,EAC-1NN,timing_uncertainty,0.3,1.0,0.98875,3200
fcc,2,0,EAC-1NN,timing_uncertainty,0.4,0.1666667,0.788125,3200
fcc,2,0,EAC-1NN,timing_uncertainty,0.4,0.3333333,0.788125,3200
fcc,2,0,EAC-1NN,timing_uncertainty,0.4,0.5,0.889375,3200
fcc,2,0,EAC-1NN,timing_uncertainty,0.4,0.6666667,0.97625,3200
fcc,2,0,EAC-1NN,timing_uncertainty,0.4,0.8333333,0.98375,3200
fcc,2,0,EAC-1NN,timing_uncertainty,0.4,1.0,0.98875,3200
fcc,2,0,EAC-1NN,timing_uncertainty,0.5,0.1666667,0.7803125,3200
fcc,2,0,EAC-1NN,timing_uncertainty,0.5,0.3333333,0.7803125,3200
fcc,2,0,EAC-1NN,timing_uncertainty,0.5,0.5,0.889375,3200
fcc,2,0,EAC-1NN,timing_uncertainty,0.5,0.6666667,0.974375,3200
fcc,2,0,EAC-1NN,timing_uncertainty,0.5,0.8333333,0.9846875,3200
fcc,2,0,EAC-1NN,timing_uncertainty,0.5,1.0,0.9890625,3200
fcc,2,0,EAC-1NN,timing_uncertainty,0.6,0.1666667,0.774375,3200
fcc,2,0,EAC-1NN,timing_uncertainty,0.6,0.3333333,0.774375,3200
fcc,2,0,EAC-1NN,timing_uncertainty,0.6,0.5,0.8896875,3200
fcc,2,0,EAC-1NN,timing_uncertainty,0.6,0.6666667,0.9715625,3200
fcc,2,0,EAC-1NN,timing_uncertainty,0.6,0.8333333,0.98,3200
fcc,2,0,EAC-1NN,timing_uncertainty,0.6,1.0,0.985625,3200
fcc,2,0,EAC-1NN,timing_uncertainty,0.7,0.1666667,0.77,3200
fcc,2,0,EAC-1NN,timing_uncertainty,0.7,0.3333333,0.77,3200
fcc,2,0,EAC-1NN,timing_uncertainty,0.7,0.5,0.8953125,3200
fcc,2,0,EAC-1NN,timing_uncertainty,0.7,0.6666667,0.971875,3200
fcc,2,0,EAC-1NN,timing_uncertainty,0.7,0.8333333,0.9803125,3200
fcc,2,0,EAC-1NN,timing_uncertainty,0.7,1.0,0.983125,3200
fcc,2,0,EAC-1NN,timing_uncertainty,0.8,0.1666667,0.7690625,3200
fcc,2,0,EAC-1NN,timing_uncertainty,0.8,0.3333333,0.7690625,3200
fcc,2,0,EAC-1NN,timing_uncertainty,0.8,0.5,0.895,3200
fcc,2,0,EAC-1NN,timing_uncertainty,0.8,0.6666667,0.970625,3200
fcc,2,0,EAC-1NN,timing_uncertainty,0.8,0.8333333,0.98625,3200
fcc,2,0,EAC-1NN,timing_uncertainty,0.8,1.0,0.9871875,3200
fcc,2,0,EAC-1NN,timing_uncertainty,0.9,0.1666667,0.7709375,3200
fcc,2,0,EAC-1NN,timing_uncertainty,0.9,0.3333333,0.7709375,3200
fcc,2,0,EAC-1NN,timing_uncertainty,0.9,0.5,0.8959375,3200
fcc,2,0,EAC-1NN,timing_uncertainty,0.9,0.6666667,0.969375,3200
fcc,2,0,EAC-1NN,timing_uncertainty,0.9,0.8333333,0.9825,3200
fcc,2,0,EAC-1NN,timing_uncertainty,0.9,1.0,0.9871875,3200
fcc,2,0,JAC-1NN,late_time_delay,0.0,0.1666667,0.6875,3200
fcc,2,0,JAC-1NN,late_time_delay,0.0,0.3333333,0.6875,3200
fcc,2,0,JAC-1NN,late_time_delay,0.0,0.5,0.8875,3200
fcc,2,0,JAC-1NN,late_time_delay,0.0,0.6666667,0.975,3200
fcc,2,0,JAC-1NN,late_time_delay,0.0,0.8333333,0.984375,3200
fcc,2,0,JAC-1NN,late_time_delay,0.0,1.0,0.990625,3200
fcc,2,0,JAC-1NN,late_time_delay,0.05,0.1666667,0.284375,3200
fcc,2,0,JAC-1NN,late_time_delay,0.05,0.3333333,0.284375,3200
fcc,2,0,JAC-1NN,late_time_delay,0.05,0.5,0.484375,3200
fcc,2,0,JAC-1NN,late_time_delay,0.05,0.6666667,0.596875,3200
fcc,2,0,JAC-1NN,late_time_delay,0.05,0.8333333,0.590625,3200
fcc,2,0,JAC-1NN,late_time_delay,0.05,1.0,0.66875,3200
fcc,2,0,JAC-1NN,late_time_delay,0.1,0.1666667,0.2875,3200
fcc,2,0,JAC-1NN,late_time_delay,0.1,0.3333333,0.2875,3200
fcc,2,0,JAC-1NN,late_time_delay,0.1,0.5,0.540625,3200
fcc,2,0,JAC-1NN,late_time_delay,0.1,0.6666667,0.596875,3200
fcc,2,0,JAC-1NN,late_time_delay,0.1,0.8333333,0.58125,3200
fcc,2,0,JAC-1NN,late_time_delay,0.1,1.0,0.6125,3200
fcc,2,0,JAC-1NN,late_time_delay,0.15,0.1666667,0.253125,3200
fcc,2,0,JAC-1NN,late_time_delay,0.15,0.3333333,0.253125,3200
fcc,2,0,JAC-1NN,late_time_delay,0.15,0.5,0.459375,3200
fcc,2,0,JAC-1NN,late_time_delay,0.15,0.6666667,0.496875,3200
fcc,2,0,JAC-1NN,late_time_delay,0.15,0.8333333,0.5,3200
fcc,2,0,JAC-1NN,late_time_delay,0.15,1.0,0.51875,3200
fcc,2,0,JAC-1NN,late_time_delay,0.2,0.1666667,0.225,3200
fcc,2,0,JAC-1NN,late_time_delay,0.2,0.3333333,0.225,3200
fcc,2,0,JAC-1NN,late_time_delay,0.2,0.5,0.396875,3200
fcc,2,0,JAC-1NN,late_time_delay,0.2,0.6666667,0.415625,3200
fcc,2,0,JAC-1NN,late_time_delay,0.2,0.8333333,0.415625,3200
fcc,2,0,JAC-1NN,late_time_delay,0.2,1.0,0.45625,3200
fcc,2,0,JAC-1NN,late_time_delay,0.25,0.1666667,0.278125,3200
fcc,2,0,JAC-1NN,late_time_delay,0.25,0.3333333,0.278125,3200
fcc,2,0,JAC-1NN,late_time_delay,0.25,0.5,0.3625,3200
fcc,2,0,JAC-1NN,late_time_delay,0.25,0.6666667,0.3625,3200
fcc,2,0,JAC-1NN,late_time_delay,0.25,0.8333333,0.378125,3200
fcc,2,0,JAC-1NN,late_time_delay,0.25,1.0,0.434375,3200
fcc,2,0,JAC-1NN,late_time_delay,0.3,0.1666667,0.284375,3200
fcc,2,0,JAC-1NN,late_time_delay,0.3,0.3333333,0.284375,3200
fcc,2,0,JAC-1NN,late_time_delay,0.3,0.5,0.334375,3200
fcc,2,0,JAC-1NN,late_time_delay,0.3,0.6666667,0.334375,3200
fcc,2,0,JAC-1NN,late_time_delay,0.3,0.8333333,0.371875,3200
fcc,2,0,JAC-1NN,late_time_delay,0.3,1.0,0.41875,3200
fcc,2,0,JAC-1NN,late_time_delay,0.4,0.1666667,0.209375,3200
fcc,2,0,JAC-1NN,late_time_delay,0.4,0.3333333,0.209375,3200
fcc,2,0,JAC-1NN,late_time_delay,0.4,0.5,0.209375,3200
fcc,2,0,JAC-1NN,late_time_delay,0.4,0.6666667,0.2625,3200
fcc,2,0,JAC-1NN,late_time_delay,0.4,0.8333333,0.2625,3200
fcc,2,0,JAC-1NN,late_time_delay,0.4,1.0,0.3625,3200
fcc,2,0,JAC-1NN,late_time_delay,0.5,0.1666667,0.175,3200
fcc,2,0,JAC-1NN,late_time_delay,0.5,0.3333333,0.175,3200
fcc,2,0,JAC-1NN,late_time_delay,0.5,0.5,0.175,3200
fcc,2,0,JAC-1NN,late_time_delay,0.5,0.6666667,0.175,3200
fcc,2,0,JAC-1NN,late_time_delay,0.5,0.8333333,0.240625,3200
fcc,2,0,JAC-1NN,late_time_delay,0.5,1.0,0.3,3200
fcc,2,0,JAC-1NN,late_time_delay,0.6,0.1666667,0.178125,3200
fcc,2,0,JAC-1NN,late_time_delay,0.6,0.3333333,0.178125,3200
fcc,2,0,JAC-1NN,late_time_delay,0.6,0.5,0.178125,3200
fcc,2,0,JAC-1NN,late_time_delay,0.6,0.6666667,0.178125,3200
fcc,2,0,JAC-1NN,late_time_delay,0.6,0.8333333,0.178125,3200
fcc,2,0,JAC-1NN,late_time_delay,0.6,1.0,0.2625,3200
fcc,2,0,JAC-1NN,late_time_delay,0.7,0.1666667,0.1875,3200
fcc,2,0,JAC-1NN,late_time_delay,0.7,0.3333333,0.1875,3200
fcc,2,0,JAC-1NN,late_time_delay,0.7,0.5,0.1875,3200
fcc,2,0,JAC-1NN,late_time_delay,0.7,0.6666667,0.1875,3200
fcc,2,0,JAC-1NN,late_time_delay,0.7,0.8333333,0.1875,3200
fcc,2,0,JAC-1NN,late_time_delay,0.7,1.0,0.2125,3200
fcc,2,0,JAC-1NN,late_time_delay,0.8,0.1666667,0.20625,3200
fcc,2,0,JAC-1NN,late_time_delay,0.8,0.3333333,0.20625,3200
fcc,2,0,JAC-1NN,late_time_delay,0.8,0.5,0.20625,3200
fcc,2,0,JAC-1NN,late_time_delay,0.8,0.6666667,0.20625,3200
fcc,2,0,JAC-1NN,late_time_delay,0.8,0.8333333,0.20625,3200
fcc,2,0,JAC-1NN,late_time_delay,0.8,1.0,0.2125,3200
fcc,2,0,JAC-1NN,late_time_delay,0.9,0.1666667,0.178125,3200
fcc,2,0,JAC-1NN,late_time_delay,0.9,0.3333333,0.178125,3200
fcc,2,0,JAC-1NN,late_time_delay,0.9,0.5,0.178125,3200
fcc,2,0,JAC-1NN,late_time_delay,0.9,0.6666667,0.178125,3200
fcc,2,0,JAC-1NN,late_time_delay,0.9,0.8333333,0.178125,3200
fcc,2,0,JAC-1NN,late_time_delay,0.9,1.0,0.178125,3200
fcc,2,0,JAC-1NN,missing_events,0.0,0.1666667,0.6875,3200
fcc,2,0,JAC-1NN,missing_events,0.0,0.3333333,0.6875,3200
fcc,2,0,JAC-1NN,missing_events,0.0,0.5,0.8875,3200
fcc,2,0,JAC-1NN,missing_events,0.0,0.6666667,0.975,3200
fcc,2,0,JAC-1NN,missing_events,0.0,0.8333333,0.984375,3200
fcc,2,0,JAC-1NN,missing_events,0.0,1.0,0.990625,3200
fcc,2,0,JAC-1NN,missing_events,0.05,0.1666667,0.6825,3200
fcc,2,0,JAC-1NN,missing_events,0.05,0.3333333,0.6825,3200
fcc,2,0,JAC-1NN,missing_events,0.05,0.5,0.880625,3200
fcc,2,0,JAC-1NN,missing_events,0.05,0.6666667,0.9721875,3200
fcc,2,0,JAC-1NN,missing_events,0.05,0.8333333,0.98375,3200
fcc,2,0,JAC-1NN,missing_events,0.05,1.0,0.99,3200
fcc,2,0,JAC-1NN,missing_events,0.1,0.1666667,0.6671875,3200
fcc,2,0,JAC-1NN,missing_events,0.1,0.3333333,0.6671875,3200
fcc,2,0,JAC-1NN,missing_events,0.1,0.5,0.864375,3200
fcc,2,0,JAC-1NN,missing_events,0.1,0.6666667,0.9634375,3200
fcc,2,0,JAC-1NN,missing_events,0.1,0.8333333,0.9784375,3200
fcc,2,0,JAC-1NN,missing_events,0.1,1.0,0.9859375,3200
fcc,2,0,JAC-1NN,missing_events,0.15,0.1666667,0.6471875,3200
fcc,2,0,JAC-1NN,missing_events,0.15,0.3333333,0.6471875,3200
fcc,2,0,JAC-1NN,missing_events,0.15,0.5,0.845625,3200
fcc,2,0,JAC-1NN,missing_events,0.15,0.6666667,0.954375,3200
fcc,2,0,JAC-1NN,missing_events,0.15,0.8333333,0.9746875,3200
fcc,2,0,JAC-1NN,missing_events,0.15,1.0,0.9859375,3200
fcc,2,0,JAC-1NN,missing_events,0.2,0.1666667,0.630625,3200
fcc,2,0,JAC-1NN,missing_events,0.2,0.3333333,0.630625,3200
fcc,2,0,JAC-1NN,missing_events,0.2,0.5,0.82375,3200
fcc,2,0,JAC-1NN,missing_events,0.2,0.6666667,0.9390625,3200
fcc,2,0,JAC-1NN,missing_events,0.2,0.8333333,0.9584375,3200
fcc,2,0,JAC-1NN,missing_events,0.2,1.0,0.9734375,3200
fcc,2,0,JAC-1NN,missing_events,0.25,0.1666667,0.608125,3200
fcc,2,0,JAC-1NN,missing_events,0.25,0.3333333,0.608125,3200
fcc,2,0,JAC-1NN,missing_events,0.25,0.5,0.800625,3200
fcc,2,0,JAC-1NN,missing_events,0.25,0.6666667,0.9234375,3200
fcc,2,0,JAC-1NN,missing_events,0.25,0.8333333,0.9471875,3200
fcc,2,0,JAC-1NN,missing_events,0.25,1.0,0.9675,3200
fcc,2,0,JAC-1NN,missing_events,0.3,0.1666667,0.58625,3200
fcc,2,0,JAC-1NN,missing_events,0.3,0.3333333,0.58625,3200
fcc,2,0,JAC-1NN,missing_events,0.3,0.5,0.770625,3200
fcc,2,0,JAC-1NN,missing_events,0.3,0.6666667,0.904375,3200
fcc,2,0,JAC-1NN,missing_events,0.3,0.8333333,0.93125,3200
fcc,2,0,JAC-1NN,missing_events,0.3,1.0,0.956875,3200
fcc,2,0,JAC-1NN,missing_events,0.4,0.1666667,0.551875,3200
fcc,2,0,JAC-1NN,missing_events,0.4,0.3333333,0.551875,3200
fcc,2,0,JAC-1NN,missing_events,0.4,0.5,0.7078125,3200
fcc,2,0,JAC-1NN,missing_events,0.4,0.6666667,0.8484375,3200
fcc,2,0,JAC-1NN,missing_events,0.4,0.8333333,0.8840625,3200
fcc,2,0,JAC-1NN,missing_events,0.4,1.0,0.91625,3200
fcc,2,0,JAC-1NN,missing_events,0.5,0.1666667,0.4778125,3200
fcc,2,0,JAC-1NN,missing_events,0.5,0.3333333,0.4778125,3200
fcc,2,0,JAC-1NN,missing_events,0.5,0.5,0.6115625,3200
fcc,2,0,JAC-1NN,missing_events,0.5,0.6666667,0.746875,3200
fcc,2,0,JAC-1NN,missing_events,0.5,0.8333333,0.7828125,3200
fcc,2,0,JAC-1NN,missing_events,0.5,1.0,0.8234375,3200
fcc,2,0,JAC-1NN,missing_events,0.6,0.1666667,0.428125,3200
fcc,2,0,JAC-1NN,missing_events,0.6,0.3333333,0.428125,3200
fcc,2,0,JAC-1NN,missing_events,0.6,0.5,0.534375,3200
fcc,2,0,JAC-1NN,missing_events,0.6,0.6666667,0.6565625,3200
fcc,2,0,JAC-1NN,missing_events,0.6,0.8333333,0.691875,3200
fcc,2,0,JAC-1NN,missing_events,0.6,1.0,0.7284375,3200
fcc,2,0,JAC-1NN,missing_events,0.7,0.1666667,0.3525,3200
fcc,2,0,JAC-1NN,missing_events,0.7,0.3333333,0.3525,3200
fcc,2,0,JAC-1NN,missing_events,0.7,0.5,0.421875,3200
fcc,2,0,JAC-1NN,missing_events,0.7,0.6666667,0.5271875,3200
fcc,2,0,JAC-1NN,missing_events,0.7,0.8333333,0.5621875,3200
fcc,2,0,JAC-1NN,missing_events,0.7,1.0,0.6075,3200
fcc,2,0,JAC-1NN,missing_events,0.8,0.1666667,0.28125,3200
fcc,2,0,JAC-1NN,missing_events,0.8,0.3333333,0.28125,3200
fcc,2,0,JAC-1NN,missing_events,0.8,0.5,0.3209375,3200
fcc,2,0,JAC-1NN,missing_events,0.8,0.6666667,0.3925,3200
fcc,2,0,JAC-1NN,missing_events,0.8,0.8333333,0.4175,3200
fcc,2,0,JAC-1NN,missing_events,0.8,1.0,0.443125,3200
fcc,2,0,JAC-1NN,missing_events,0.9,0.1666667,0.21125,3200
fcc,2,0,JAC-1NN,missing_events,0.9,0.3333333,0.21125,3200
fcc,2,0,JAC-1NN,missing_events,0.9,0.5,0.2271875,3200
fcc,2,0,JAC-1NN,missing_events,0.9,0.6666667,0.2775,3200
fcc,2,0,JAC-1NN,missing_events,0.9,0.8333333,0.291875,3200
fcc,2,0,JAC-1NN,missing_events,0.9,1.0,0.3175,3200
fcc,2,0,JAC-1NN,mixed_missing_spurious,0.0,0.1666667,0.6875,3200
fcc,2,0,JAC-1NN,mixed_missing_spurious,0.0,0.3333333,0.6875,3200
fcc,2,0,JAC-1NN,mixed_missing_spurious,0.0,0.5,0.8875,3200
fcc,2,0,JAC-1NN,mixed_missing_spurious,0.0,0.6666667,0.975,3200
fcc,2,0,JAC-1NN,mixed_missing_spurious,0.0,0.8333333,0.984375,3200
fcc,2,0,JAC-1NN,mixed_missing_spurious,0.0,1.0,0.990625,3200
fcc,2,0,JAC-1NN,mixed_missing_spurious,0.05,0.1666667,0.68375,3200
fcc,2,0,JAC-1NN,mixed_missing_spurious,0.05,0.3333333,0.68375,3200
fcc,2,0,JAC-1NN,mixed_missing_spurious,0.05,0.5,0.8796875,3200
fcc,2,0,JAC-1NN,mixed_missing_spurious,0.05,0.6666667,0.97125,3200
fcc,2,0,JAC-1NN,mixed_missing_spurious,0.05,0.8333333,0.981875,3200
fcc,2,0,JAC-1NN,mixed_missing_spurious,0.05,1.0,0.988125,3200
fcc,2,0,JAC-1NN,mixed_missing_spurious,0.1,0.1666667,0.6603125,3200
fcc,2,0,JAC-1NN,mixed_missing_spurious,0.1,0.3333333,0.6603125,3200
fcc,2,0,JAC-1NN,mixed_missing_spurious,0.1,0.5,0.869375,3200
fcc,2,0,JAC-1NN,mixed_missing_spurious,0.1,0.6666667,0.96,3200
fcc,2,0,JAC-1NN,mixed_missing_spurious,0.1,0.8333333,0.975625,3200
fcc,2,0,JAC-1NN,mixed_missing_spurious,0.1,1.0,0.9821875,3200
fcc,2,0,JAC-1NN,mixed_missing_spurious,0.15,0.1666667,0.64375,3200
fcc,2,0,JAC-1NN,mixed_missing_spurious,0.15,0.3333333,0.64375,3200
fcc,2,0,JAC-1NN,mixed_missing_spurious,0.15,0.5,0.8425,3200
fcc,2,0,JAC-1NN,mixed_missing_spurious,0.15,0.6666667,0.95,3200
fcc,2,0,JAC-1NN,mixed_missing_spurious,0.15,0.8333333,0.965,3200
fcc,2,0,JAC-1NN,mixed_missing_spurious,0.15,1.0,0.9740625,3200
fcc,2,0,JAC-1NN,mixed_missing_spurious,0.2,0.1666667,0.625625,3200
fcc,2,0,JAC-1NN,mixed_missing_spurious,0.2,0.3333333,0.625625,3200
fcc,2,0,JAC-1NN,mixed_missing_spurious,0.2,0.5,0.8121875,3200
fcc,2,0,JAC-1NN,mixed_missing_spurious,0.2,0.6666667,0.9190625,3200
fcc,2,0,JAC-1NN,mixed_missing_spurious,0.2,0.8333333,0.9403125,3200
fcc,2,0,JAC-1NN,mixed_missing_spurious,0.2,1.0,0.9571875,3200
fcc,2,0,JAC-1NN,mixed_missing_spurious,0.25,0.1666667,0.611875,3200
fcc,2,0,JAC-1NN,mixed_missing_spurious,0.25,0.3333333,0.611875,3200
fcc,2,0,JAC-1NN,mixed_missing_spurious,0.25,0.5,0.7940625,3200
fcc,2,0,JAC-1NN,mixed_missing_spurious,0.25,0.6666667,0.91125,3200
fcc,2,0,JAC-1NN,mixed_missing_spurious,0.25,0.8333333,0.9325,3200
fcc,2,0,JAC-1NN,mixed_missing_spurious,0.25,1.0,0.9471875,3200
fcc,2,0,JAC-1NN,mixed_missing_spurious,0.3,0.1666667,0.5871875,3200
fcc,2,0,JAC-1NN,mixed_missing_spurious,0.3,0.3333333,0.5871875,3200
fcc,2,0,JAC-1NN,mixed_missing_spurious,0.3,0.5,0.761875,3200
fcc,2,0,JAC-1NN,mixed_missing_spurious,0.3,0.6666667,0.8796875,3200
fcc,2,0,JAC-1NN,mixed_missing_spurious,0.3,0.8333333,0.9090625,3200
fcc,2,0,JAC-1NN,mixed_missing_spurious,0.3,1.0,0.9296875,3200
fcc,2,0,JAC-1NN,mixed_missing_spurious,0.4,0.1666667,0.52125,3200
fcc,2,0,JAC-1NN,mixed_missing_spurious,0.4,0.3333333,0.52125,3200
fcc,2,0,JAC-1NN,mixed_missing_spurious,0.4,0.5,0.6825,3200
fcc,2,0,JAC-1NN,mixed_missing_spurious,0.4,0.6666667,0.8153125,3200
fcc,2,0,JAC-1NN,mixed_missing_spurious,0.4,0.8333333,0.8403125,3200
fcc,2,0,JAC-1NN,mixed_missing_spurious,0.4,1.0,0.8603125,3200
fcc,2,0,JAC-1NN,mixed_missing_spurious,0.5,0.1666667,0.4828125,3200
fcc,2,0,JAC-1NN,mixed_missing_spurious,0.5,0.3333333,0.4828125,3200
fcc,2,0,JAC-1NN,mixed_missing_spurious,0.5,0.5,0.618125,3200
fcc,2,0,JAC-1NN,mixed_missing_spurious,0.5,0.6666667,0.735,3200
fcc,2,0,JAC-1NN,mixed_missing_spurious,0.5,0.8333333,0.765625,3200
fcc,2,0,JAC-1NN,mixed_missing_spurious,0.5,1.0,0.7934375,3200
fcc,2,0,JAC-1NN,mixed_missing_spurious,0.6,0.1666667,0.4315625,3200
fcc,2,0,JAC-1NN,mixed_missing_spurious,0.6,0.3333333,0.4315625,3200
fcc,2,0,JAC-1NN,mixed_missing_spurious,0.6,0.5,0.528125,3200
fcc,2,0,JAC-1NN,mixed_missing_spurious,0.6,0.6666667,0.6409375,3200
fcc,2,0,JAC-1NN,mixed_missing_spurious,0.6,0.8333333,0.6725,3200
fcc,2,0,JAC-1NN,mixed_missing_spurious,0.6,1.0,0.7040625,3200
fcc,2,0,JAC-1NN,mixed_missing_spurious,0.7,0.1666667,0.3425,3200
fcc,2,0,JAC-1NN,mixed_missing_spurious,0.7,0.3333333,0.3425,3200
fcc,2,0,JAC-1NN,mixed_missing_spurious,0.7,0.5,0.411875,3200
fcc,2,0,JAC-1NN,mixed_missing_spurious,0.7,0.6666667,0.49875,3200
fcc,2,0,JAC-1NN,mixed_missing_spurious,0.7,0.8333333,0.5275,3200
fcc,2,0,JAC-1NN,mixed_missing_spurious,0.7,1.0,0.55625,3200
fcc,2,0,JAC-1NN,mixed_missing_spurious,0.8,0.1666667,0.2765625,3200
fcc,2,0,JAC-1NN,mixed_missing_spurious,0.8,0.3333333,0.2765625,3200
fcc,2,0,JAC-1NN,mixed_missing_spurious,0.8,0.5,0.31625,3200
fcc,2,0,JAC-1NN,mixed_missing_spurious,0.8,0.6666667,0.3796875,3200
fcc,2,0,JAC-1NN,mixed_missing_spurious,0.8,0.8333333,0.4021875,3200
fcc,2,0,JAC-1NN,mixed_missing_spurious,0.8,1.0,0.424375,3200
fcc,2,0,JAC-1NN,mixed_missing_spurious,0.9,0.1666667,0.1975,3200
fcc,2,0,JAC-1NN,mixed_missing_spurious,0.9,0.3333333,0.1975,3200
fcc,2,0,JAC-1NN,mixed_missing_spurious,0.9,0.5,0.2140625,3200
fcc,2,0,JAC-1NN,mixed_missing_spurious,0.9,0.6666667,0.2471875,3200
fcc,2,0,JAC-1NN,mixed_missing_spurious,0.9,0.8333333,0.2584375,3200
fcc,2,0,JAC-1NN,mixed_missing_spurious,0.9,1.0,0.286875,3200
fcc,2,0,JAC-1NN,mixed_spurious_timing_late,0.0,0.1666667,0.6875,3200
fcc,2,0,JAC-1NN,mixed_spurious_timing_late,0.0,0.3333333,0.6875,3200
fcc,2,0,JAC-1NN,mixed_spurious_timing_late,0.0,0.5,0.8875,3200
fcc,2,0,JAC-1NN,mixed_spurious_timing_late,0.0,0.6666667,0.975,3200
fcc,2,0,JAC-1NN,mixed_spurious_timing_late,0.0,0.8333333,0.984375,3200
fcc,2,0,JAC-1NN,mixed_spurious_timing_late,0.0,1.0,0.990625,3200
fcc,2,0,JAC-1NN,mixed_spurious_timing_late,0.05,0.1666667,0.2871875,3200
fcc,2,0,JAC-1NN,mixed_spurious_timing_late,0.05,0.3333333,0.2871875,3200
fcc,2,0,JAC-1NN,mixed_spurious_timing_late,0.05,0.5,0.485,3200
fcc,2,0,JAC-1NN,mixed_spurious_timing_late,0.05,0.6666667,0.5975,3200
fcc,2,0,JAC-1NN,mixed_spurious_timing_late,0.05,0.8333333,0.5903125,3200
fcc,2,0,JAC-1NN,mixed_spurious_timing_late,0.05,1.0,0.665,3200
fcc,2,0,JAC-1NN,mixed_spurious_timing_late,0.1,0.1666667,0.2853125,3200
fcc,2,0,JAC-1NN,mixed_spurious_timing_late,0.1,0.3333333,0.2853125,3200
fcc,2,0,JAC-1NN,mixed_spurious_timing_late,0.1,0.5,0.53375,3200
fcc,2,0,JAC-1NN,mixed_spurious_timing_late,0.1,0.6666667,0.58625,3200
fcc,2,0,JAC-1NN,mixed_spurious_timing_late,0.1,0.8333333,0.571875,3200
fcc,2,0,JAC-1NN,mixed_spurious_timing_late,0.1,1.0,0.6059375,3200
fcc,2,0,JAC-1NN,mixed_spurious_timing_late,0.15,0.1666667,0.2490625,3200
fcc,2,0,JAC-1NN,mixed_spurious_timing_late,0.15,0.3333333,0.2490625,3200
fcc,2,0,JAC-1NN,mixed_spurious_timing_late,0.15,0.5,0.44125,3200
fcc,2,0,JAC-1NN,mixed_spurious_timing_late,0.15,0.6666667,0.4759375,3200
fcc,2,0,JAC-1NN,mixed_spurious_timing_late,0.15,0.8333333,0.48125,3200
fcc,2,0,JAC-1NN,mixed_spurious_timing_late,0.15,1.0,0.511875,3200
fcc,2,0,JAC-1NN,mixed_spurious_timing_late,0.2,0.1666667,0.2328125,3200
fcc,2,0,JAC-1NN,mixed_spurious_timing_late,0.2,0.3333333,0.2328125,3200
fcc,2,0,JAC-1NN,mixed_spurious_timing_late,0.2,0.5,0.3784375,3200
fcc,2,0,JAC-1NN,mixed_spurious_timing_late,0.2,0.6666667,0.4,3200
fcc,2,0,JAC-1NN,mixed_spurious_timing_late,0.2,0.8333333,0.4,3200
fcc,2,0,JAC-1NN,mixed_spurious_timing_late,0.2,1.0,0.458125,3200
fcc,2,0,JAC-1NN,mixed_spurious_timing_late,0.25,0.1666667,0.266875,3200
fcc,2,0,JAC-1NN,mixed_spurious_timing_late,0.25,0.3333333,0.266875,3200
fcc,2,0,JAC-1NN,mixed_spurious_timing_late,0.25,0.5,0.3346875,3200
fcc,2,0,JAC-1NN,mixed_spurious_timing_late,0.25,0.6666667,0.3346875,3200
fcc,2,0,JAC-1NN,mixed_spurious_timing_late,0.25,0.8333333,0.3675,3200
fcc,2,0,JAC-1NN,mixed_spurious_timing_late,0.25,1.0,0.4165625,3200
fcc,2,0,JAC-1NN,mixed_spurious_timing_late,0.3,0.1666667,0.2684375,3200
fcc,2,0,JAC-1NN,mixed_spurious_timing_late,0.3,0.3333333,0.2684375,3200
fcc,2,0,JAC-1NN,mixed_spurious_timing_late,0.3,0.5,0.32375,3200
fcc,2,0,JAC-1NN,mixed_spurious_timing_late,0.3,0.6666667,0.32375,3200
fcc,2,0,JAC-1NN,mixed_spurious_timing_late,0.3,0.8333333,0.3521875,3200
fcc,2,0,JAC-1NN,mixed_spurious_timing_late,0.3,1.0,0.3875,3200
fcc,2,0,JAC-1NN,mixed_spurious_timing_late,0.4,0.1666667,0.1865625,3200
fcc,2,0,JAC-1NN,mixed_spurious_timing_late,0.4,0.3333333,0.1865625,3200
fcc,2,0,JAC-1NN,mixed_spurious_timing_late,0.4,0.5,0.1865625,3200
fcc,2,0,JAC-1NN,mixed_spurious_timing_late,0.4,0.6666667,0.2315625,3200
fcc,2,0,JAC-1NN,mixed_spurious_timing_late,0.4,0.8333333,0.2315625,3200
fcc,2,0,JAC-1NN,mixed_spurious_timing_late,0.4,1.0,0.2953125,3200
fcc,2,0,JAC-1NN,mixed_spurious_timing_late,0.5,0.1666667,0.1215625,3200
fcc,2,0,JAC-1NN,mixed_spurious_timing_late,0.5,0.3333333,0.1215625,3200
fcc,2,0,JAC-1NN,mixed_spurious_timing_late,0.5,0.5,0.1215625,3200
fcc,2,0,JAC-1NN,mixed_spurious_timing_late,0.5,0.6666667,0.1215625,3200
fcc,2,0,JAC-1NN,mixed_spurious_timing_late,0.5,0.8333333,0.175,3200
fcc,2,0,JAC-1NN,mixed_spurious_timing_late,0.5,1.0,0.21,3200
fcc,2,0,JAC-1NN,mixed_spurious_timing_late,0.6,0.1666667,0.119375,3200
fcc,2,0,JAC-1NN,mixed_spurious_timing_late,0.6,0.3333333,0.119375,3200
fcc,2,0,JAC-1NN,mixed_spurious_timing_late,0.6,0.5,0.119375,3200
fcc,2,0,JAC-1NN,mixed_spurious_timing_late,0.6,0.6666667,0.119375,3200
fcc,2,0,JAC-1NN,mixed_spurious_timing_late,0.6,0.8333333,0.119375,3200
fcc,2,0,JAC-1NN,mixed_spurious_timing_late,0.6,1.0,0.1721875,3200
fcc,2,0,JAC-1NN,mixed_spurious_timing_late,0.7,0.1666667,0.115,3200
fcc,2,0,JAC-1NN,mixed_spurious_timing_late,0.7,0.3333333,0.115,3200
fcc,2,0,JAC-1NN,mixed_spurious_timing_late,0.7,0.5,0.115,3200
fcc,2,0,JAC-1NN,mixed_spurious_timing_late,0.7,0.6666667,0.115,3200
fcc,2,0,JAC-1NN,mixed_spurious_timing_late,0.7,0.8333333,0.115,3200
fcc,2,0,JAC-1NN,mixed_spurious_timing_late,0.7,1.0,0.1290625,3200
fcc,2,0,JAC-1NN,mixed_spurious_timing_late,0.8,0.1666667,0.1078125,3200
fcc,2,0,JAC-1NN,mixed_spurious_timing_late,0.8,0.3333333,0.1078125,3200
fcc,2,0,JAC-1NN,mixed_spurious_timing_late,0.8,0.5,0.1078125,3200
fcc,2,0,JAC-1NN,mixed_spurious_timing_late,0.8,0.6666667,0.1078125,3200
fcc,2,0,JAC-1NN,mixed_spurious_timing_late,0.8,0.8333333,0.1078125,3200
fcc,2,0,JAC-1NN,mixed_spurious_timing_late,0.8,1.0,0.1125,3200
fcc,2,0,JAC-1NN,mixed_spurious_timing_late,0.9,0.1666667,0.0953125,3200
fcc,2,0,JAC-1NN,mixed_spurious_timing_late,0.9,0.3333333,0.0953125,3200
fcc,2,0,JAC-1NN,mixed_spurious_timing_late,0.9,0.5,0.0953125,3200
fcc,2,0,JAC-1NN,mixed_spurious_timing_late,0.9,0.6666667,0.0953125,3200
fcc,2,0,JAC-1NN,mixed_spurious_timing_late,0.9,0.8333333,0.0953125,3200
fcc,2,0,JAC-1NN,mixed_spurious_timing_late,0.9,1.0,0.0953125,3200
fcc,2,0,JAC-1NN,spurious_events,0.0,0.1666667,0.6875,3200
fcc,2,0,JAC-1NN,spurious_events,0.0,0.3333333,0.6875,3200
fcc,2,0,JAC-1NN,spurious_events,0.0,0.5,0.8875,3200
fcc,2,0,JAC-1NN,spurious_events,0.0,0.6666667,0.975,3200
fcc,2,0,JAC-1NN,spurious_events,0.0,0.8333333,0.984375,3200
fcc,2,0,JAC-1NN,spurious_events,0.0,1.0,0.990625,3200
fcc,2,0,JAC-1NN,spurious_events,0.05,0.1666667,0.6875,3200
fcc,2,0,JAC-1NN,spurious_events,0.05,0.3333333,0.6875,3200
fcc,2,0,JAC-1NN,spurious_events,0.05,0.5,0.8878125,3200
fcc,2,0,JAC-1NN,spurious_events,0.05,0.6666667,0.974375,3200
fcc,2,0,JAC-1NN,spurious_events,0.05,0.8333333,0.98375,3200
fcc,2,0,JAC-1NN,spurious_events,0.05,1.0,0.990625,3200
fcc,2,0,JAC-1NN,spurious_events,0.1,0.1666667,0.6853125,3200
fcc,2,0,JAC-1NN,spurious_events,0.1,0.3333333,0.6853125,3200
fcc,2,0,JAC-1NN,spurious_events,0.1,0.5,0.8865625,3200
fcc,2,0,JAC-1NN,spurious_events,0.1,0.6666667,0.97125,3200
fcc,2,0,JAC-1NN,spurious_events,0.1,0.8333333,0.98125,3200
fcc,2,0,JAC-1NN,spurious_events,0.1,1.0,0.9878125,3200
fcc,2,0,JAC-1NN,spurious_events,0.15,0.1666667,0.6909375,3200
fcc,2,0,JAC-1NN,spurious_events,0.15,0.3333333,0.6909375,3200
fcc,2,0,JAC-1NN,spurious_events,0.15,0.5,0.884375,3200
fcc,2,0,JAC-1NN,spurious_events,0.15,0.6666667,0.9659375,3200
fcc,2,0,JAC-1NN,spurious_events,0.15,0.8333333,0.979375,3200
fcc,2,0,JAC-1NN,spurious_events,0.15,1.0,0.986875,3200
fcc,2,0,JAC-1NN,spurious_events,0.2,0.1666667,0.6903125,3200
fcc,2,0,JAC-1NN,spurious_events,0.2,0.3333333,0.6903125,3200
fcc,2,0,JAC-1NN,spurious_events,0.2,0.5,0.8815625,3200
fcc,2,0,JAC-1NN,spurious_events,0.2,0.6666667,0.964375,3200
fcc,2,0,JAC-1NN,spurious_events,0.2,0.8333333,0.9740625,3200
fcc,2,0,JAC-1NN,spurious_events,0.2,1.0,0.981875,3200
fcc,2,0,JAC-1NN,spurious_events,0.25,0.1666667,0.6946875,3200
fcc,2,0,JAC-1NN,spurious_events,0.25,0.3333333,0.6946875,3200
fcc,2,0,JAC-1NN,spurious_events,0.25,0.5,0.883125,3200
fcc,2,0,JAC-1NN,spurious_events,0.25,0.6666667,0.9625,3200
fcc,2,0,JAC-1NN,spurious_events,0.25,0.8333333,0.973125,3200
fcc,2,0,JAC-1NN,spurious_events,0.25,1.0,0.9790625,3200
fcc,2,0,JAC-1NN,spurious_events,0.3,0.1666667,0.69375,3200
fcc,2,0,JAC-1NN,spurious_events,0.3,0.3333333,0.69375,3200
fcc,2,0,JAC-1NN,spurious_events,0.3,0.5,0.8825,3200
fcc,2,0,JAC-1NN,spurious_events,0.3,0.6666667,0.958125,3200
fcc,2,0,JAC-1NN,spurious_events,0.3,0.8333333,0.9709375,3200
fcc,2,0,JAC-1NN,spurious_events,0.3,1.0,0.973125,3200
fcc,2,0,JAC-1NN,spurious_events,0.4,0.1666667,0.6953125,3200
fcc,2,0,JAC-1NN,spurious_events,0.4,0.3333333,0.6953125,3200
fcc,2,0,JAC-1NN,spurious_events,0.4,0.5,0.8721875,3200
fcc,2,0,JAC-1NN,spurious_events,0.4,0.6666667,0.9525,3200
fcc,2,0,JAC-1NN,spurious_events,0.4,0.8333333,0.96,3200
fcc,2,0,JAC-1NN,spurious_events,0.4,1.0,0.9625,3200
fcc,2,0,JAC-1NN,spurious_events,0.5,0.1666667,0.69875,3200
fcc,2,0,JAC-1NN,spurious_events,0.5,0.3333333,0.69875,3200
fcc,2,0,JAC-1NN,spurious_events,0.5,0.5,0.8665625,3200
fcc,2,0,JAC-1NN,spurious_events,0.5,0.6666667,0.940625,3200
fcc,2,0,JAC-1NN,spurious_events,0.5,0.8333333,0.9465625,3200
fcc,2,0,JAC-1NN,spurious_events,0.5,1.0,0.9428125,3200
fcc,2,0,JAC-1NN,spurious_events,0.6,0.1666667,0.6971875,3200
fcc,2,0,JAC-1NN,spurious_events,0.6,0.3333333,0.6971875,3200
fcc,2,0,JAC-1NN,spurious_events,0.6,0.5,0.863125,3200
fcc,2,0,JAC-1NN,spurious_events,0.6,0.6666667,0.9353125,3200
fcc,2,0,JAC-1NN,spurious_events,0.6,0.8333333,0.9403125,3200
fcc,2,0,JAC-1NN,spurious_events,0.6,1.0,0.9284375,3200
fcc,2,0,JAC-1NN,spurious_events,0.7,0.1666667,0.7103125,3200
fcc,2,0,JAC-1NN,spurious_events,0.7,0.3333333,0.7103125,3200
fcc,2,0,JAC-1NN,spurious_events,0.7,0.5,0.860625,3200
fcc,2,0,JAC-1NN,spurious_events,0.7,0.6666667,0.9296875,3200
fcc,2,0,JAC-1NN,spurious_events,0.7,0.8333333,0.9203125,3200
fcc,2,0,JAC-1NN,spurious_events,0.7,1.0,0.90625,3200
fcc,2,0,JAC-1NN,spurious_events,0.8,0.1666667,0.7015625,3200
fcc,2,0,JAC-1NN,spurious_events,0.8,0.3333333,0.7015625,3200
fcc,2,0,JAC-1NN,spurious_events,0.8,0.5,0.8425,3200
fcc,2,0,JAC-1NN,spurious_events,0.8,0.6666667,0.9115625,3200
fcc,2,0,JAC-1NN,spurious_events,0.8,0.8333333,0.90875,3200
fcc,2,0,JAC-1NN,spurious_events,0.8,1.0,0.8734375,3200
fcc,2,0,JAC-1NN,spurious_events,0.9,0.1666667,0.6975,3200
fcc,2,0,JAC-1NN,spurious_events,0.9,0.3333333,0.6975,3200
fcc,2,0,JAC-1NN,spurious_events,0.9,0.5,0.840625,3200
fcc,2,0,JAC-1NN,spurious_events,0.9,0.6666667,0.8984375,3200
fcc,2,0,JAC-1NN,spurious_events,0.9,0.8333333,0.88625,3200
fcc,2,0,JAC-1NN,spurious_events,0.9,1.0,0.854375,3200
fcc,2,0,JAC-1NN,timing_uncertainty,0.0,0.1666667,0.6875,3200
fcc,2,0,JAC-1NN,timing_uncertainty,0.0,0.3333333,0.6875,3200
fcc,2,0,JAC-1NN,timing_uncertainty,0.0,0.5,0.8875,3200
fcc,2,0,JAC-1NN,timing_uncertainty,0.0,0.6666667,0.975,3200
fcc,2,0,JAC-1NN,timing_uncertainty,0.0,0.8333333,0.984375,3200
fcc,2,0,JAC-1NN,timing_uncertainty,0.0,1.0,0.990625,3200
fcc,2,0,JAC-1NN,timing_uncertainty,0.05,0.1666667,0.6875,3200
fcc,2,0,JAC-1NN,timing_uncertainty,0.05,0.3333333,0.6875,3200
fcc,2,0,JAC-1NN,timing_uncertainty,0.05,0.5,0.8875,3200
fcc,2,0,JAC-1NN,timing_uncertainty,0.05,0.6666667,0.975,3200
fcc,2,0,JAC-1NN,timing_uncertainty,0.05,0.8333333,0.984375,3200
fcc,2,0,JAC-1NN,timing_uncertainty,0.05,1.0,0.990625,3200
fcc,2,0,JAC-1NN,timing_uncertainty,0.1,0.1666667,0.6859375,3200
fcc,2,0,JAC-1NN,timing_uncertainty,0.1,0.3333333,0.6859375,3200
fcc,2,0,JAC-1NN,timing_uncertainty,0.1,0.5,0.886875,3200
fcc,2,0,JAC-1NN,timing_uncertainty,0.1,0.6666667,0.9746875,3200
fcc,2,0,JAC-1NN,timing_uncertainty,0.1,0.8333333,0.9840625,3200
fcc,2,0,JAC-1NN,timing_uncertainty,0.1,1.0,0.9909375,3200
fcc,2,0,JAC-1NN,timing_uncertainty,0.15,0.1666667,0.683125,3200
fcc,2,0,JAC-1NN,timing_uncertainty,0.15,0.3333333,0.683125,3200
fcc,2,0,JAC-1NN,timing_uncertainty,0.15,0.5,0.8853125,3200
fcc,2,0,JAC-1NN,timing_uncertainty,0.15,0.6666667,0.9740625,3200
fcc,2,0,JAC-1NN,timing_uncertainty,0.15,0.8333333,0.9834375,3200
fcc,2,0,JAC-1NN,timing_uncertainty,0.15,1.0,0.9896875,3200
fcc,2,0,JAC-1NN,timing_uncertainty,0.2,0.1666667,0.681875,3200
fcc,2,0,JAC-1NN,timing_uncertainty,0.2,0.3333333,0.681875,3200
fcc,2,0,JAC-1NN,timing_uncertainty,0.2,0.5,0.8859375,3200
fcc,2,0,JAC-1NN,timing_uncertainty,0.2,0.6666667,0.9734375,3200
fcc,2,0,JAC-1NN,timing_uncertainty,0.2,0.8333333,0.981875,3200
fcc,2,0,JAC-1NN,timing_uncertainty,0.2,1.0,0.9903125,3200
fcc,2,0,JAC-1NN,timing_uncertainty,0.25,0.1666667,0.6834375,3200
fcc,2,0,JAC-1NN,timing_uncertainty,0.25,0.3333333,0.6834375,3200
fcc,2,0,JAC-1NN,timing_uncertainty,0.25,0.5,0.886875,3200
fcc,2,0,JAC-1NN,timing_uncertainty,0.25,0.6666667,0.97375,3200
fcc,2,0,JAC-1NN,timing_uncertainty,0.25,0.8333333,0.9828125,3200
fcc,2,0,JAC-1NN,timing_uncertainty,0.25,1.0,0.9896875,3200
fcc,2,0,JAC-1NN,timing_uncertainty,0.3,0.1666667,0.679375,3200
fcc,2,0,JAC-1NN,timing_uncertainty,0.3,0.3333333,0.679375,3200
fcc,2,0,JAC-1NN,timing_uncertainty,0.3,0.5,0.88125,3200
fcc,2,0,JAC-1NN,timing_uncertainty,0.3,0.6666667,0.971875,3200
fcc,2,0,JAC-1NN,timing_uncertainty,0.3,0.8333333,0.98125,3200
fcc,2,0,JAC-1NN,timing_uncertainty,0.3,1.0,0.989375,3200
fcc,2,0,JAC-1NN,timing_uncertainty,0.4,0.1666667,0.6790625,3200
fcc,2,0,JAC-1NN,timing_uncertainty,0.4,0.3333333,0.6790625,3200
fcc,2,0,JAC-1NN,timing_uncertainty,0.4,0.5,0.8828125,3200
fcc,2,0,JAC-1NN,timing_uncertainty,0.4,0.6666667,0.97375,3200
fcc,2,0,JAC-1NN,timing_uncertainty,0.4,0.8333333,0.9828125,3200
fcc,2,0,JAC-1NN,timing_uncertainty,0.4,1.0,0.99,3200
fcc,2,0,JAC-1NN,timing_uncertainty,0.5,0.1666667,0.6778125,3200
fcc,2,0,JAC-1NN,timing_uncertainty,0.5,0.3333333,0.6778125,3200
fcc,2,0,JAC-1NN,timing_uncertainty,0.5,0.5,0.8853125,3200
fcc,2,0,JAC-1NN,timing_uncertainty,0.5,0.6666667,0.9709375,3200
fcc,2,0,JAC-1NN,timing_uncertainty,0.5,0.8333333,0.98,3200
fcc,2,0,JAC-1NN,timing_uncertainty,0.5,1.0,0.989375,3200
fcc,2,0,JAC-1NN,timing_uncertainty,0.6,0.1666667,0.681875,3200
fcc,2,0,JAC-1NN,timing_uncertainty,0.6,0.3333333,0.681875,3200
fcc,2,0,JAC-1NN,timing_uncertainty,0.6,0.5,0.88125,3200
fcc,2,0,JAC-1NN,timing_uncertainty,0.6,0.6666667,0.9690625,3200
fcc,2,0,JAC-1NN,timing_uncertainty,0.6,0.8333333,0.9778125,3200
fcc,2,0,JAC-1NN,timing_uncertainty,0.6,1.0,0.986875,3200
fcc,2,0,JAC-1NN,timing_uncertainty,0.7,0.1666667,0.681875,3200
fcc,2,0,JAC-1NN,timing_uncertainty,0.7,0.3333333,0.681875,3200
fcc,2,0,JAC-1NN,timing_uncertainty,0.7,0.5,0.8875,3200
fcc,2,0,JAC-1NN,timing_uncertainty,0.7,0.6666667,0.97,3200
fcc,2,0,JAC-1NN,timing_uncertainty,0.7,0.8333333,0.9796875,3200
fcc,2,0,JAC-1NN,timing_uncertainty,0.7,1.0,0.9865625,3200
fcc,2,0,JAC-1NN,timing_uncertainty,0.8,0.1666667,0.684375,3200
fcc,2,0,JAC-1NN,timing_uncertainty,0.8,0.3333333,0.684375,3200
fcc,2,0,JAC-1NN,timing_uncertainty,0.8,0.5,0.8896875,3200
fcc,2,0,JAC-1NN,timing_uncertainty,0.8,0.6666667,0.9675,3200
fcc,2,0,JAC-1NN,timing_uncertainty,0.8,0.8333333,0.981875,3200
fcc,2,0,JAC-1NN,timing_uncertainty,0.8,1.0,0.9878125,3200
fcc,2,0,JAC-1NN,timing_uncertainty,0.9,0.1666667,0.6928125,3200
fcc,2,0,JAC-1NN,timing_uncertainty,0.9,0.3333333,0.6928125,3200
fcc,2,0,JAC-1NN,timing_uncertainty,0.9,0.5,0.893125,3200
fcc,2,0,JAC-1NN,timing_uncertainty,0.9,0.6666667,0.96625,3200
fcc,2,0,JAC-1NN,timing_uncertainty,0.9,0.8333333,0.9771875,3200
fcc,2,0,JAC-1NN,timing_uncertainty,0.9,1.0,0.9878125,3200
fcc,2,0,MBW-LR,late_time_delay,0.0,0.1666667,0.878125,3200
fcc,2,0,MBW-LR,late_time_delay,0.0,0.3333333,0.878125,3200
fcc,2,0,MBW-LR,late_time_delay,0.0,0.5,0.971875,3200
fcc,2,0,MBW-LR,late_time_delay,0.0,0.6666667,0.984375,3200
fcc,2,0,MBW-LR,late_time_delay,0.0,0.8333333,1.0,3200
fcc,2,0,MBW-LR,late_time_delay,0.0,1.0,0.996875,3200
fcc,2,0,MBW-LR,late_time_delay,0.05,0.1666667,0.26875,3200
fcc,2,0,MBW-LR,late_time_delay,0.05,0.3333333,0.26875,3200
fcc,2,0,MBW-LR,late_time_delay,0.05,0.5,0.31875,3200
fcc,2,0,MBW-LR,late_time_delay,0.05,0.6666667,0.3375,3200
fcc,2,0,MBW-LR,late_time_delay,0.05,0.8333333,0.35,3200
fcc,2,0,MBW-LR,late_time_delay,0.05,1.0,0.35,3200
fcc,2,0,MBW-LR,late_time_delay,0.1,0.1666667,0.246875,3200
fcc,2,0,MBW-LR,late_time_delay,0.1,0.3333333,0.246875,3200
fcc,2,0,MBW-LR,late_time_delay,0.1,0.5,0.275,3200
fcc,2,0,MBW-LR,late_time_delay,0.1,0.6666667,0.309375,3200
fcc,2,0,MBW-LR,late_time_delay,0.1,0.8333333,0.34375,3200
fcc,2,0,MBW-LR,late_time_delay,0.1,1.0,0.34375,3200
fcc,2,0,MBW-LR,late_time_delay,0.15,0.1666667,0.19375,3200
fcc,2,0,MBW-LR,late_time_delay,0.15,0.3333333,0.19375,3200
fcc,2,0,MBW-LR,late_time_delay,0.15,0.5,0.21875,3200
fcc,2,0,MBW-LR,late_time_delay,0.15,0.6666667,0.265625,3200
fcc,2,0,MBW-LR,late_time_delay,0.15,0.8333333,0.290625,3200
fcc,2,0,MBW-LR,late_time_delay,0.15,1.0,0.30625,3200
fcc,2,0,MBW-LR,late_time_delay,0.2,0.1666667,0.146875,3200
fcc,2,0,MBW-LR,late_time_delay,0.2,0.3333333,0.146875,3200
fcc,2,0,MBW-LR,late_time_delay,0.2,0.5,0.203125,3200
fcc,2,0,MBW-LR,late_time_delay,0.2,0.6666667,0.2375,3200
fcc,2,0,MBW-LR,late_time_delay,0.2,0.8333333,0.2375,3200
fcc,2,0,MBW-LR,late_time_delay,0.2,1.0,0.25625,3200
fcc,2,0,MBW-LR,late_time_delay,0.25,0.1666667,0.15,3200
fcc,2,0,MBW-LR,late_time_delay,0.25,0.3333333,0.15,3200
fcc,2,0,MBW-LR,late_time_delay,0.25,0.5,0.19375,3200
fcc,2,0,MBW-LR,late_time_delay,0.25,0.6666667,0.19375,3200
fcc,2,0,MBW-LR,late_time_delay,0.25,0.8333333,0.215625,3200
fcc,2,0,MBW-LR,late_time_delay,0.25,1.0,0.225,3200
fcc,2,0,MBW-LR,late_time_delay,0.3,0.1666667,0.203125,3200
fcc,2,0,MBW-LR,late_time_delay,0.3,0.3333333,0.203125,3200
fcc,2,0,MBW-LR,late_time_delay,0.3,0.5,0.221875,3200
fcc,2,0,MBW-LR,late_time_delay,0.3,0.6666667,0.221875,3200
fcc,2,0,MBW-LR,late_time_delay,0.3,0.8333333,0.23125,3200
fcc,2,0,MBW-LR,late_time_delay,0.3,1.0,0.24375,3200
fcc,2,0,MBW-LR,late_time_delay,0.4,0.1666667,0.14375,3200
fcc,2,0,MBW-LR,late_time_delay,0.4,0.3333333,0.14375,3200
fcc,2,0,MBW-LR,late_time_delay,0.4,0.5,0.14375,3200
fcc,2,0,MBW-LR,late_time_delay,0.4,0.6666667,0.1875,3200
fcc,2,0,MBW-LR,late_time_delay,0.4,0.8333333,0.1875,3200
fcc,2,0,MBW-LR,late_time_delay,0.4,1.0,0.209375,3200
fcc,2,0,MBW-LR,late_time_delay,0.5,0.1666667,0.140625,3200
fcc,2,0,MBW-LR,late_time_delay,0.5,0.3333333,0.140625,3200
fcc,2,0,MBW-LR,late_time_delay,0.5,0.5,0.140625,3200
fcc,2,0,MBW-LR,late_time_delay,0.5,0.6666667,0.140625,3200
fcc,2,0,MBW-LR,late_time_delay,0.5,0.8333333,0.1875,3200
fcc,2,0,MBW-LR,late_time_delay,0.5,1.0,0.190625,3200
fcc,2,0,MBW-LR,late_time_delay,0.6,0.1666667,0.140625,3200
fcc,2,0,MBW-LR,late_time_delay,0.6,0.3333333,0.140625,3200
fcc,2,0,MBW-LR,late_time_delay,0.6,0.5,0.140625,3200
fcc,2,0,MBW-LR,late_time_delay,0.6,0.6666667,0.140625,3200
fcc,2,0,MBW-LR,late_time_delay,0.6,0.8333333,0.140625,3200
fcc,2,0,MBW-LR,late_time_delay,0.6,1.0,0.159375,3200
fcc,2,0,MBW-LR,late_time_delay,0.7,0.1666667,0.1125,3200
fcc,2,0,MBW-LR,late_time_delay,0.7,0.3333333,0.1125,3200
fcc,2,0,MBW-LR,late_time_delay,0.7,0.5,0.1125,3200
fcc,2,0,MBW-LR,late_time_delay,0.7,0.6666667,0.1125,3200
fcc,2,0,MBW-LR,late_time_delay,0.7,0.8333333,0.1125,3200
fcc,2,0,MBW-LR,late_time_delay,0.7,1.0,0.125,3200
fcc,2,0,MBW-LR,late_time_delay,0.8,0.1666667,0.128125,3200
fcc,2,0,MBW-LR,late_time_delay,0.8,0.3333333,0.128125,3200
fcc,2,0,MBW-LR,late_time_delay,0.8,0.5,0.128125,3200
fcc,2,0,MBW-LR,late_time_delay,0.8,0.6666667,0.128125,3200
fcc,2,0,MBW-LR,late_time_delay,0.8,0.8333333,0.128125,3200
fcc,2,0,MBW-LR,late_time_delay,0.8,1.0,0.13125,3200
fcc,2,0,MBW-LR,late_time_delay,0.9,0.1666667,0.1125,3200
fcc,2,0,MBW-LR,late_time_delay,0.9,0.3333333,0.1125,3200
fcc,2,0,MBW-LR,late_time_delay,0.9,0.5,0.1125,3200
fcc,2,0,MBW-LR,late_time_delay,0.9,0.6666667,0.1125,3200
fcc,2,0,MBW-LR,late_time_delay,0.9,0.8333333,0.1125,3200
fcc,2,0,MBW-LR,late_time_delay,0.9,1.0,0.1125,3200
fcc,2,0,MBW-LR,missing_events,0.0,0.1666667,0.878125,3200
fcc,2,0,MBW-LR,missing_events,0.0,0.3333333,0.878125,3200
fcc,2,0,MBW-LR,missing_events,0.0,0.5,0.971875,3200
fcc,2,0,MBW-LR,missing_events,0.0,0.6666667,0.984375,3200
fcc,2,0,MBW-LR,missing_events,0.0,0.8333333,1.0,3200
fcc,2,0,MBW-LR,missing_events,0.0,1.0,0.996875,3200
fcc,2,0,MBW-LR,missing_events,0.05,0.1666667,0.873125,3200
fcc,2,0,MBW-LR,missing_events,0.05,0.3333333,0.873125,3200
fcc,2,0,MBW-LR,missing_events,0.05,0.5,0.9675,3200
fcc,2,0,MBW-LR,missing_events,0.05,0.6666667,0.980625,3200
fcc,2,0,MBW-LR,missing_events,0.05,0.8333333,0.99625,3200
fcc,2,0,MBW-LR,missing_events,0.05,1.0,0.993125,3200
fcc,2,0,MBW-LR,missing_events,0.1,0.1666667,0.8540625,3200
fcc,2,0,MBW-LR,missing_events,0.1,0.3333333,0.8540625,3200
fcc,2,0,MBW-LR,missing_events,0.1,0.5,0.9503125,3200
fcc,2,0,MBW-LR,missing_events,0.1,0.6666667,0.9659375,3200
fcc,2,0,MBW-LR,missing_events,0.1,0.8333333,0.9815625,3200
fcc,2,0,MBW-LR,missing_events,0.1,1.0,0.9815625,3200
fcc,2,0,MBW-LR,missing_events,0.15,0.1666667,0.84375,3200
fcc,2,0,MBW-LR,missing_events,0.15,0.3333333,0.84375,3200
fcc,2,0,MBW-LR,missing_events,0.15,0.5,0.9378125,3200
fcc,2,0,MBW-LR,missing_events,0.15,0.6666667,0.956875,3200
fcc,2,0,MBW-LR,missing_events,0.15,0.8333333,0.975625,3200
fcc,2,0,MBW-LR,missing_events,0.15,1.0,0.97,3200
fcc,2,0,MBW-LR,missing_events,0.2,0.1666667,0.8190625,3200
fcc,2,0,MBW-LR,missing_events,0.2,0.3333333,0.8190625,3200
fcc,2,0,MBW-LR,missing_events,0.2,0.5,0.90375,3200
fcc,2,0,MBW-LR,missing_events,0.2,0.6666667,0.925625,3200
fcc,2,0,MBW-LR,missing_events,0.2,0.8333333,0.94375,3200
fcc,2,0,MBW-LR,missing_events,0.2,1.0,0.9428125,3200
fcc,2,0,MBW-LR,missing_events,0.25,0.1666667,0.7975,3200
fcc,2,0,MBW-LR,missing_events,0.25,0.3333333,0.7975,3200
fcc,2,0,MBW-LR,missing_events,0.25,0.5,0.8884375,3200
fcc,2,0,MBW-LR,missing_events,0.25,0.6666667,0.9103125,3200
fcc,2,0,MBW-LR,missing_events,0.25,0.8333333,0.9278125,3200
fcc,2,0,MBW-LR,missing_events,0.25,1.0,0.925,3200
fcc,2,0,MBW-LR,missing_events,0.3,0.1666667,0.7821875,3200
fcc,2,0,MBW-LR,missing_events,0.3,0.3333333,0.7821875,3200
fcc,2,0,MBW-LR,missing_events,0.3,0.5,0.86875,3200
fcc,2,0,MBW-LR,missing_events,0.3,0.6666667,0.8946875,3200
fcc,2,0,MBW-LR,missing_events,0.3,0.8333333,0.9125,3200
fcc,2,0,MBW-LR,missing_events,0.3,1.0,0.9121875,3200
fcc,2,0,MBW-LR,missing_events,0.4,0.1666667,0.73,3200
fcc,2,0,MBW-LR,missing_events,0.4,0.3333333,0.73,3200
fcc,2,0,MBW-LR,missing_events,0.4,0.5,0.799375,3200
fcc,2,0,MBW-LR,missing_events,0.4,0.6666667,0.8296875,3200
fcc,2,0,MBW-LR,missing_events,0.4,0.8333333,0.846875,3200
fcc,2,0,MBW-LR,missing_events,0.4,1.0,0.8521875,3200
fcc,2,0,MBW-LR,missing_events,0.5,0.1666667,0.6653125,3200
fcc,2,0,MBW-LR,missing_events,0.5,0.3333333,0.6653125,3200
fcc,2,0,MBW-LR,missing_events,0.5,0.5,0.7265625,3200
fcc,2,0,MBW-LR,missing_events,0.5,0.6666667,0.7509375,3200
fcc,2,0,MBW-LR,missing_events,0.5,0.8333333,0.7675,3200
fcc,2,0,MBW-LR,missing_events,0.5,1.0,0.768125,3200
fcc,2,0,MBW-LR,missing_events,0.6,0.1666667,0.6015625,3200
fcc,2,0,MBW-LR,missing_events,0.6,0.3333333,0.6015625,3200
fcc,2,0,MBW-LR,missing_events,0.6,0.5,0.6625,3200
fcc,2,0,MBW-LR,missing_events,0.6,0.6666667,0.6928125,3200
fcc,2,0,MBW-LR,missing_events,0.6,0.8333333,0.6990625,3200
fcc,2,0,MBW-LR,missing_events,0.6,1.0,0.7003125,3200
fcc,2,0,MBW-LR,missing_events,0.7,0.1666667,0.50375,3200
fcc,2,0,MBW-LR,missing_events,0.7,0.3333333,0.50375,3200
fcc,2,0,MBW-LR,missing_events,0.7,0.5,0.5553125,3200
fcc,2,0,MBW-LR,missing_events,0.7,0.6666667,0.5778125,3200
fcc,2,0,MBW-LR,missing_events,0.7,0.8333333,0.5859375,3200
fcc,2,0,MBW-LR,missing_events,0.7,1.0,0.5959375,3200
fcc,2,0,MBW-LR,missing_events,0.8,0.1666667,0.401875,3200
fcc,2,0,MBW-LR,missing_events,0.8,0.3333333,0.401875,3200
fcc,2,0,MBW-LR,missing_events,0.8,0.5,0.4428125,3200
fcc,2,0,MBW-LR,missing_events,0.8,0.6666667,0.458125,3200
fcc,2,0,MBW-LR,missing_events,0.8,0.8333333,0.4671875,3200
fcc,2,0,MBW-LR,missing_events,0.8,1.0,0.4803125,3200
fcc,2,0,MBW-LR,missing_events,0.9,0.1666667,0.2940625,3200
fcc,2,0,MBW-LR,missing_events,0.9,0.3333333,0.2940625,3200
fcc,2,0,MBW-LR,missing_events,0.9,0.5,0.3290625,3200
fcc,2,0,MBW-LR,missing_events,0.9,0.6666667,0.3425,3200
fcc,2,0,MBW-LR,missing_events,0.9,0.8333333,0.3503125,3200
fcc,2,0,MBW-LR,missing_events,0.9,1.0,0.364375,3200
fcc,2,0,MBW-LR,mixed_missing_spurious,0.0,0.1666667,0.878125,3200
fcc,2,0,MBW-LR,mixed_missing_spurious,0.0,0.3333333,0.878125,3200
fcc,2,0,MBW-LR,mixed_missing_spurious,0.0,0.5,0.971875,3200
fcc,2,0,MBW-LR,mixed_missing_spurious,0.0,0.6666667,0.984375,3200
fcc,2,0,MBW-LR,mixed_missing_spurious,0.0,0.8333333,1.0,3200
fcc,2,0,MBW-LR,mixed_missing_spurious,0.0,1.0,0.996875,3200
fcc,2,0,MBW-LR,mixed_missing_spurious,0.05,0.1666667,0.8696875,3200
fcc,2,0,MBW-LR,mixed_missing_spurious,0.05,0.3333333,0.8696875,3200
fcc,2,0,MBW-LR,mixed_missing_spurious,0.05,0.5,0.9625,3200
fcc,2,0,MBW-LR,mixed_missing_spurious,0.05,0.6666667,0.9765625,3200
fcc,2,0,MBW-LR,mixed_missing_spurious,0.05,0.8333333,0.99375,3200
fcc,2,0,MBW-LR,mixed_missing_spurious,0.05,1.0,0.99125,3200
fcc,2,0,MBW-LR,mixed_missing_spurious,0.1,0.1666667,0.853125,3200
fcc,2,0,MBW-LR,mixed_missing_spurious,0.1,0.3333333,0.853125,3200
fcc,2,0,MBW-LR,mixed_missing_spurious,0.1,0.5,0.9421875,3200
fcc,2,0,MBW-LR,mixed_missing_spurious,0.1,0.6666667,0.951875,3200
fcc,2,0,MBW-LR,mixed_missing_spurious,0.1,0.8333333,0.9690625,3200
fcc,2,0,MBW-LR,mixed_missing_spurious,0.1,1.0,0.9671875,3200
fcc,2,0,MBW-LR,mixed_missing_spurious,0.15,0.1666667,0.8278125,3200
fcc,2,0,MBW-LR,mixed_missing_spurious,0.15,0.3333333,0.8278125,3200
fcc,2,0,MBW-LR,mixed_missing_spurious,0.15,0.5,0.9075,3200
fcc,2,0,MBW-LR,mixed_missing_spurious,0.15,0.6666667,0.916875,3200
fcc,2,0,MBW-LR,mixed_missing_spurious,0.15,0.8333333,0.9353125,3200
fcc,2,0,MBW-LR,mixed_missing_spurious,0.15,1.0,0.9321875,3200
fcc,2,0,MBW-LR,mixed_missing_spurious,0.2,0.1666667,0.8021875,3200
fcc,2,0,MBW-LR,mixed_missing_spurious,0.2,0.3333333,0.8021875,3200
fcc,2,0,MBW-LR,mixed_missing_spurious,0.2,0.5,0.8659375,3200
fcc,2,0,MBW-LR,mixed_missing_spurious,0.2,0.6666667,0.87625,3200
fcc,2,0,MBW-LR,mixed_missing_spurious,0.2,0.8333333,0.8909375,3200
fcc,2,0,MBW-LR,mixed_missing_spurious,0.2,1.0,0.8821875,3200
fcc,2,0,MBW-LR,mixed_missing_spurious,0.25,0.1666667,0.771875,3200
fcc,2,0,MBW-LR,mixed_missing_spurious,0.25,0.3333333,0.771875,3200
fcc,2,0,MBW-LR,mixed_missing_spurious,0.25,0.5,0.826875,3200
fcc,2,0,MBW-LR,mixed_missing_spurious,0.25,0.6666667,0.8390625,3200
fcc,2,0,MBW-LR,mixed_missing_spurious,0.25,0.8333333,0.846875,3200
fcc,2,0,MBW-LR,mixed_missing_spurious,0.25,1.0,0.8421875,3200
fcc,2,0,MBW-LR,mixed_missing_spurious,0.3,0.1666667,0.75125,3200
fcc,2,0,MBW-LR,mixed_missing_spurious,0.3,0.3333333,0.75125,3200
fcc,2,0,MBW-LR,mixed_missing_spurious,0.3,0.5,0.799375,3200
fcc,2,0,MBW-LR,mixed_missing_spurious,0.3,0.6666667,0.80875,3200
fcc,2,0,MBW-LR,mixed_missing_spurious,0.3,0.8333333,0.8171875,3200
fcc,2,0,MBW-LR,mixed_missing_spurious,0.3,1.0,0.8015625,3200
fcc,2,0,MBW-LR,mixed_missing_spurious,0.4,0.1666667,0.67,3200
fcc,2,0,MBW-LR,mixed_missing_spurious,0.4,0.3333333,0.67,3200
fcc,2,0,MBW-LR,mixed_missing_spurious,0.4,0.5,0.715625,3200
fcc,2,0,MBW-LR,mixed_missing_spurious,0.4,0.6666667,0.71625,3200
fcc,2,0,MBW-LR,mixed_missing_spurious,0.4,0.8333333,0.7196875,3200
fcc,2,0,MBW-LR,mixed_missing_spurious,0.4,1.0,0.7,3200
fcc,2,0,MBW-LR,mixed_missing_spurious,0.5,0.1666667,0.613125,3200
fcc,2,0,MBW-LR,mixed_missing_spurious,0.5,0.3333333,0.613125,3200
fcc,2,0,MBW-LR,mixed_missing_spurious,0.5,0.5,0.6490625,3200
fcc,2,0,MBW-LR,mixed_missing_spurious,0.5,0.6666667,0.648125,3200
fcc,2,0,MBW-LR,mixed_missing_spurious,0.5,0.8333333,0.64125,3200
fcc,2,0,MBW-LR,mixed_missing_spurious,0.5,1.0,0.6209375,3200
fcc,2,0,MBW-LR,mixed_missing_spurious,0.6,0.1666667,0.5525,3200
fcc,2,0,MBW-LR,mixed_missing_spurious,0.6,0.3333333,0.5525,3200
fcc,2,0,MBW-LR,mixed_missing_spurious,0.6,0.5,0.5825,3200
fcc,2,0,MBW-LR,mixed_missing_spurious,0.6,0.6666667,0.5840625,3200
fcc,2,0,MBW-LR,mixed_missing_spurious,0.6,0.8333333,0.575625,3200
fcc,2,0,MBW-LR,mixed_missing_spurious,0.6,1.0,0.54875,3200
fcc,2,0,MBW-LR,mixed_missing_spurious,0.7,0.1666667,0.4690625,3200
fcc,2,0,MBW-LR,mixed_missing_spurious,0.7,0.3333333,0.4690625,3200
fcc,2,0,MBW-LR,mixed_missing_spurious,0.7,0.5,0.485,3200
fcc,2,0,MBW-LR,mixed_missing_spurious,0.7,0.6666667,0.476875,3200
fcc,2,0,MBW-LR,mixed_missing_spurious,0.7,0.8333333,0.46625,3200
fcc,2,0,MBW-LR,mixed_missing_spurious,0.7,1.0,0.439375,3200
fcc,2,0,MBW-LR,mixed_missing_spurious,0.8,0.1666667,0.3671875,3200
fcc,2,0,MBW-LR,mixed_missing_spurious,0.8,0.3333333,0.3671875,3200
fcc,2,0,MBW-LR,mixed_missing_spurious,0.8,0.5,0.38875,3200
fcc,2,0,MBW-LR,mixed_missing_spurious,0.8,0.6666667,0.379375,3200
fcc,2,0,MBW-LR,mixed_missing_spurious,0.8,0.8333333,0.374375,3200
fcc,2,0,MBW-LR,mixed_missing_spurious,0.8,1.0,0.35375,3200
fcc,2,0,MBW-LR,mixed_missing_spurious,0.9,0.1666667,0.2625,3200
fcc,2,0,MBW-LR,mixed_missing_spurious,0.9,0.3333333,0.2625,3200
fcc,2,0,MBW-LR,mixed_missing_spurious,0.9,0.5,0.290625,3200
fcc,2,0,MBW-LR,mixed_missing_spurious,0.9,0.6666667,0.284375,3200
fcc,2,0,MBW-LR,mixed_missing_spurious,0.9,0.8333333,0.285,3200
fcc,2,0,MBW-LR,mixed_missing_spurious,0.9,1.0,0.2925,3200
fcc,2,0,MBW-LR,mixed_spurious_timing_late,0.0,0.1666667,0.878125,3200
fcc,2,0,MBW-LR,mixed_spurious_timing_late,0.0,0.3333333,0.878125,3200
fcc,2,0,MBW-LR,mixed_spurious_timing_late,0.0,0.5,0.971875,3200
fcc,2,0,MBW-LR,mixed_spurious_timing_late,0.0,0.6666667,0.984375,3200
fcc,2,0,MBW-LR,mixed_spurious_timing_late,0.0,0.8333333,1.0,3200
fcc,2,0,MBW-LR,mixed_spurious_timing_late,0.0,1.0,0.996875,3200
fcc,2,0,MBW-LR,mixed_spurious_timing_late,0.05,0.1666667,0.265,3200
fcc,2,0,MBW-LR,mixed_spurious_timing_late,0.05,0.3333333,0.265,3200
fcc,2,0,MBW-LR,mixed_spurious_timing_late,0.05,0.5,0.3096875,3200
fcc,2,0,MBW-LR,mixed_spurious_timing_late,0.05,0.6666667,0.326875,3200
fcc,2,0,MBW-LR,mixed_spurious_timing_late,0.05,0.8333333,0.344375,3200
fcc,2,0,MBW-LR,mixed_spurious_timing_late,0.05,1.0,0.34875,3200
fcc,2,0,MBW-LR,mixed_spurious_timing_late,0.1,0.1666667,0.2415625,3200
fcc,2,0,MBW-LR,mixed_spurious_timing_late,0.1,0.3333333,0.2415625,3200
fcc,2,0,MBW-LR,mixed_spurious_timing_late,0.1,0.5,0.2659375,3200
fcc,2,0,MBW-LR,mixed_spurious_timing_late,0.1,0.6666667,0.2865625,3200
fcc,2,0,MBW-LR,mixed_spurious_timing_late,0.1,0.8333333,0.31125,3200
fcc,2,0,MBW-LR,mixed_spurious_timing_late,0.1,1.0,0.3203125,3200
fcc,2,0,MBW-LR,mixed_spurious_timing_late,0.15,0.1666667,0.1878125,3200
fcc,2,0,MBW-LR,mixed_spurious_timing_late,0.15,0.3333333,0.1878125,3200
fcc,2,0,MBW-LR,mixed_spurious_timing_late,0.15,0.5,0.2059375,3200
fcc,2,0,MBW-LR,mixed_spurious_timing_late,0.15,0.6666667,0.2403125,3200
fcc,2,0,MBW-LR,mixed_spurious_timing_late,0.15,0.8333333,0.2659375,3200
fcc,2,0,MBW-LR,mixed_spurious_timing_late,0.15,1.0,0.279375,3200
fcc,2,0,MBW-LR,mixed_spurious_timing_late,0.2,0.1666667,0.1396875,3200
fcc,2,0,MBW-LR,mixed_spurious_timing_late,0.2,0.3333333,0.1396875,3200
fcc,2,0,MBW-LR,mixed_spurious_timing_late,0.2,0.5,0.1815625,3200
fcc,2,0,MBW-LR,mixed_spurious_timing_late,0.2,0.6666667,0.209375,3200
fcc,2,0,MBW-LR,mixed_spurious_timing_late,0.2,0.8333333,0.209375,3200
fcc,2,0,MBW-LR,mixed_spurious_timing_late,0.2,1.0,0.223125,3200
fcc,2,0,MBW-LR,mixed_spurious_timing_late,0.25,0.1666667,0.141875,3200
fcc,2,0,MBW-LR,mixed_spurious_timing_late,0.25,0.3333333,0.141875,3200
fcc,2,0,MBW-LR,mixed_spurious_timing_late,0.25,0.5,0.17,3200
fcc,2,0,MBW-LR,mixed_spurious_timing_late,0.25,0.6666667,0.17,3200
fcc,2,0,MBW-LR,mixed_spurious_timing_late,0.25,0.8333333,0.1871875,3200
fcc,2,0,MBW-LR,mixed_spurious_timing_late,0.25,1.0,0.1928125,3200
fcc,2,0,MBW-LR,mixed_spurious_timing_late,0.3,0.1666667,0.1565625,3200
fcc,2,0,MBW-LR,mixed_spurious_timing_late,0.3,0.3333333,0.1565625,3200
fcc,2,0,MBW-LR,mixed_spurious_timing_late,0.3,0.5,0.1771875,3200
fcc,2,0,MBW-LR,mixed_spurious_timing_late,0.3,0.6666667,0.1771875,3200
fcc,2,0,MBW-LR,mixed_spurious_timing_late,0.3,0.8333333,0.1775,3200
fcc,2,0,MBW-LR,mixed_spurious_timing_late,0.3,1.0,0.1809375,3200
fcc,2,0,MBW-LR,mixed_spurious_timing_late,0.4,0.1666667,0.125,3200
fcc,2,0,MBW-LR,mixed_spurious_timing_late,0.4,0.3333333,0.125,3200
fcc,2,0,MBW-LR,mixed_spurious_timing_late,0.4,0.5,0.125,3200
fcc,2,0,MBW-LR,mixed_spurious_timing_late,0.4,0.6666667,0.1440625,3200
fcc,2,0,MBW-LR,mixed_spurious_timing_late,0.4,0.8333333,0.1440625,3200
fcc,2,0,MBW-LR,mixed_spurious_timing_late,0.4,1.0,0.1396875,3200
fcc,2,0,MBW-LR,mixed_spurious_timing_late,0.5,0.1666667,0.0884375,3200
fcc,2,0,MBW-LR,mixed_spurious_timing_late,0.5,0.3333333,0.0884375,3200
fcc,2,0,MBW-LR,mixed_spurious_timing_late,0.5,0.5,0.0884375,3200
fcc,2,0,MBW-LR,mixed_spurious_timing_late,0.5,0.6666667,0.0884375,3200
fcc,2,0,MBW-LR,mixed_spurious_timing_late,0.5,0.8333333,0.09625,3200
fcc,2,0,MBW-LR,mixed_spurious_timing_late,0.5,1.0,0.09625,3200
fcc,2,0,MBW-LR,mixed_spurious_timing_late,0.6,0.1666667,0.0934375,3200
fcc,2,0,MBW-LR,mixed_spurious_timing_late,0.6,0.3333333,0.0934375,3200
fcc,2,0,MBW-LR,mixed_spurious_timing_late,0.6,0.5,0.0934375,3200
fcc,2,0,MBW-LR,mixed_spurious_timing_late,0.6,0.6666667,0.0934375,3200
fcc,2,0,MBW-LR,mixed_spurious_timing_late,0.6,0.8333333,0.0934375,3200
fcc,2,0,MBW-LR,mixed_spurious_timing_late,0.6,1.0,0.0953125,3200
fcc,2,0,MBW-LR,mixed_spurious_timing_late,0.7,0.1666667,0.0784375,3200
fcc,2,0,MBW-LR,mixed_spurious_timing_late,0.7,0.3333333,0.0784375,3200
fcc,2,0,MBW-LR,mixed_spurious_timing_late,0.7,0.5,0.0784375,3200
fcc,2,0,MBW-LR,mixed_spurious_timing_late,0.7,0.6666667,0.0784375,3200
fcc,2,0,MBW-LR,mixed_spurious_timing_late,0.7,0.8333333,0.0784375,3200
fcc,2,0,MBW-LR,mixed_spurious_timing_late,0.7,1.0,0.0828125,3200
fcc,2,0,MBW-LR,mixed_spurious_timing_late,0.8,0.1666667,0.0725,3200
fcc,2,0,MBW-LR,mixed_spurious_timing_late,0.8,0.3333333,0.0725,3200
fcc,2,0,MBW-LR,mixed_spurious_timing_late,0.8,0.5,0.0725,3200
fcc,2,0,MBW-LR,mixed_spurious_timing_late,0.8,0.6666667,0.0725,3200
fcc,2,0,MBW-LR,mixed_spurious_timing_late,0.8,0.8333333,0.0725,3200
fcc,2,0,MBW-LR,mixed_spurious_timing_late,0.8,1.0,0.076875,3200
fcc,2,0,MBW-LR,mixed_spurious_timing_late,0.9,0.1666667,0.0775,3200
fcc,2,0,MBW-LR,mixed_spurious_timing_late,0.9,0.3333333,0.0775,3200
fcc,2,0,MBW-LR,mixed_spurious_timing_late,0.9,0.5,0.0775,3200
fcc,2,0,MBW-LR,mixed_spurious_timing_late,0.9,0.6666667,0.0775,3200
fcc,2,0,MBW-LR,mixed_spurious_timing_late,0.9,0.8333333,0.0775,3200
fcc,2,0,MBW-LR,mixed_spurious_timing_late,0.9,1.0,0.0775,3200
fcc,2,0,MBW-LR,spurious_events,0.0,0.1666667,0.878125,3200
fcc,2,0,MBW-LR,spurious_events,0.0,0.3333333,0.878125,3200
fcc,2,0,MBW-LR,spurious_events,0.0,0.5,0.971875,3200
fcc,2,0,MBW-LR,spurious_events,0.0,0.6666667,0.984375,3200
fcc,2,0,MBW-LR,spurious_events,0.0,0.8333333,1.0,3200
fcc,2,0,MBW-LR,spurious_events,0.0,1.0,0.996875,3200
fcc,2,0,MBW-LR,spurious_events,0.05,0.1666667,0.876875,3200
fcc,2,0,MBW-LR,spurious_events,0.05,0.3333333,0.876875,3200
fcc,2,0,MBW-LR,spurious_events,0.05,0.5,0.9675,3200
fcc,2,0,MBW-LR,spurious_events,0.05,0.6666667,0.98,3200
fcc,2,0,MBW-LR,spurious_events,0.05,0.8333333,0.9965625,3200
fcc,2,0,MBW-LR,spurious_events,0.05,1.0,0.995,3200
fcc,2,0,MBW-LR,spurious_events,0.1,0.1666667,0.87,3200
fcc,2,0,MBW-LR,spurious_events,0.1,0.3333333,0.87,3200
fcc,2,0,MBW-LR,spurious_events,0.1,0.5,0.9525,3200
fcc,2,0,MBW-LR,spurious_events,0.1,0.6666667,0.9653125,3200
fcc,2,0,MBW-LR,spurious_events,0.1,0.8333333,0.9840625,3200
fcc,2,0,MBW-LR,spurious_events,0.1,1.0,0.9853125,3200
fcc,2,0,MBW-LR,spurious_events,0.15,0.1666667,0.866875,3200
fcc,2,0,MBW-LR,spurious_events,0.15,0.3333333,0.866875,3200
fcc,2,0,MBW-LR,spurious_events,0.15,0.5,0.945625,3200
fcc,2,0,MBW-LR,spurious_events,0.15,0.6666667,0.955,3200
fcc,2,0,MBW-LR,spurious_events,0.15,0.8333333,0.9725,3200
fcc,2,0,MBW-LR,spurious_events,0.15,1.0,0.974375,3200
fcc,2,0,MBW-LR,spurious_events,0.2,0.1666667,0.8596875,3200
fcc,2,0,MBW-LR,spurious_events,0.2,0.3333333,0.8596875,3200
fcc,2,0,MBW-LR,spurious_events,0.2,0.5,0.9328125,3200
fcc,2,0,MBW-LR,spurious_events,0.2,0.6666667,0.9421875,3200
fcc,2,0,MBW-LR,spurious_events,0.2,0.8333333,0.9515625,3200
fcc,2,0,MBW-LR,spurious_events,0.2,1.0,0.94875,3200
fcc,2,0,MBW-LR,spurious_events,0.25,0.1666667,0.8509375,3200
fcc,2,0,MBW-LR,spurious_events,0.25,0.3333333,0.8509375,3200
fcc,2,0,MBW-LR,spurious_events,0.25,0.5,0.9190625,3200
fcc,2,0,MBW-LR,spurious_events,0.25,0.6666667,0.9253125,3200
fcc,2,0,MBW-LR,spurious_events,0.25,0.8333333,0.935625,3200
fcc,2,0,MBW-LR,spurious_events,0.25,1.0,0.930625,3200
fcc,2,0,MBW-LR,spurious_events,0.3,0.1666667,0.8503125,3200
fcc,2,0,MBW-LR,spurious_events,0.3,0.3333333,0.8503125,3200
fcc,2,0,MBW-LR,spurious_events,0.3,0.5,0.9171875,3200
fcc,2,0,MBW-LR,spurious_events,0.3,0.6666667,0.92625,3200
fcc,2,0,MBW-LR,spurious_events,0.3,0.8333333,0.9328125,3200
fcc,2,0,MBW-LR,spurious_events,0.3,1.0,0.9175,3200
fcc,2,0,MBW-LR,spurious_events,0.4,0.1666667,0.836875,3200
fcc,2,0,MBW-LR,spurious_events,0.4,0.3333333,0.836875,3200
fcc,2,0,MBW-LR,spurious_events,0.4,0.5,0.8859375,3200
fcc,2,0,MBW-LR,spurious_events,0.4,0.6666667,0.8865625,3200
fcc,2,0,MBW-LR,spurious_events,0.4,0.8333333,0.885,3200
fcc,2,0,MBW-LR,spurious_events,0.4,1.0,0.864375,3200
fcc,2,0,MBW-LR,spurious_events,0.5,0.1666667,0.821875,3200
fcc,2,0,MBW-LR,spurious_events,0.5,0.3333333,0.821875,3200
fcc,2,0,MBW-LR,spurious_events,0.5,0.5,0.8690625,3200
fcc,2,0,MBW-LR,spurious_events,0.5,0.6666667,0.8709375,3200
fcc,2,0,MBW-LR,spurious_events,0.5,0.8333333,0.859375,3200
fcc,2,0,MBW-LR,spurious_events,0.5,1.0,0.8365625,3200
fcc,2,0,MBW-LR,spurious_events,0.6,0.1666667,0.82,3200
fcc,2,0,MBW-LR,spurious_events,0.6,0.3333333,0.82,3200
fcc,2,0,MBW-LR,spurious_events,0.6,0.5,0.8546875,3200
fcc,2,0,MBW-LR,spurious_events,0.6,0.6666667,0.85125,3200
fcc,2,0,MBW-LR,spurious_events,0.6,0.8333333,0.8403125,3200
fcc,2,0,MBW-LR,spurious_events,0.6,1.0,0.8015625,3200
fcc,2,0,MBW-LR,spurious_events,0.7,0.1666667,0.805625,3200
fcc,2,0,MBW-LR,spurious_events,0.7,0.3333333,0.805625,3200
fcc,2,0,MBW-LR,spurious_events,0.7,0.5,0.84,3200
fcc,2,0,MBW-LR,spurious_events,0.7,0.6666667,0.8296875,3200
fcc,2,0,MBW-LR,spurious_events,0.7,0.8333333,0.8140625,3200
fcc,2,0,MBW-LR,spurious_events,0.7,1.0,0.77125,3200
fcc,2,0,MBW-LR,spurious_events,0.8,0.1666667,0.8025,3200
fcc,2,0,MBW-LR,spurious_events,0.8,0.3333333,0.8025,3200
fcc,2,0,MBW-LR,spurious_events,0.8,0.5,0.8140625,3200
fcc,2,0,MBW-LR,spurious_events,0.8,0.6666667,0.805,3200
fcc,2,0,MBW-LR,spurious_events,0.8,0.8333333,0.7815625,3200
fcc,2,0,MBW-LR,spurious_events,0.8,1.0,0.7340625,3200
fcc,2,0,MBW-LR,spurious_events,0.9,0.1666667,0.795625,3200
fcc,2,0,MBW-LR,spurious_events,0.9,0.3333333,0.795625,3200
fcc,2,0,MBW-LR,spurious_events,0.9,0.5,0.8065625,3200
fcc,2,0,MBW-LR,spurious_events,0.9,0.6666667,0.7771875,3200
fcc,2,0,MBW-LR,spurious_events,0.9,0.8333333,0.7553125,3200
fcc,2,0,MBW-LR,spurious_events,0.9,1.0,0.693125,3200
fcc,2,0,MBW-LR,timing_uncertainty,0.0,0.1666667,0.878125,3200
fcc,2,0,MBW-LR,timing_uncertainty,0.0,0.3333333,0.878125,3200
fcc,2,0,MBW-LR,timing_uncertainty,0.0,0.5,0.971875,3200
fcc,2,0,MBW-LR,timing_uncertainty,0.0,0.6666667,0.984375,3200
fcc,2,0,MBW-LR,timing_uncertainty,0.0,0.8333333,1.0,3200
fcc,2,0,MBW-LR,timing_uncertainty,0.0,1.0,0.996875,3200
fcc,2,0,MBW-LR,timing_uncertainty,0.05,0.1666667,0.8778125,3200
fcc,2,0,MBW-LR,timing_uncertainty,0.05,0.3333333,0.8778125,3200
fcc,2,0,MBW-LR,timing_uncertainty,0.05,0.5,0.971875,3200
fcc,2,0,MBW-LR,timing_uncertainty,0.05,0.6666667,0.984375,3200
fcc,2,0,MBW-LR,timing_uncertainty,0.05,0.8333333,1.0,3200
fcc,2,0,MBW-LR,timing_uncertainty,0.05,1.0,0.996875,3200
fcc,2,0,MBW-LR,timing_uncertainty,0.1,0.1666667,0.8775,3200
fcc,2,0,MBW-LR,timing_uncertainty,0.1,0.3333333,0.8775,3200
fcc,2,0,MBW-LR,timing_uncertainty,0.1,0.5,0.9721875,3200
fcc,2,0,MBW-LR,timing_uncertainty,0.1,0.6666667,0.98375,3200
fcc,2,0,MBW-LR,timing_uncertainty,0.1,0.8333333,0.999375,3200
fcc,2,0,MBW-LR,timing_uncertainty,0.1,1.0,0.99625,3200
fcc,2,0,MBW-LR,timing_uncertainty,0.15,0.1666667,0.876875,3200
fcc,2,0,MBW-LR,timing_uncertainty,0.15,0.3333333,0.876875,3200
fcc,2,0,MBW-LR,timing_uncertainty,0.15,0.5,0.970625,3200
fcc,2,0,MBW-LR,timing_uncertainty,0.15,0.6666667,0.984375,3200
fcc,2,0,MBW-LR,timing_uncertainty,0.15,0.8333333,0.9984375,3200
fcc,2,0,MBW-LR,timing_uncertainty,0.15,1.0,0.99625,3200
fcc,2,0,MBW-LR,timing_uncertainty,0.2,0.1666667,0.8753125,3200
fcc,2,0,MBW-LR,timing_uncertainty,0.2,0.3333333,0.8753125,3200
fcc,2,0,MBW-LR,timing_uncertainty,0.2,0.5,0.9684375,3200
fcc,2,0,MBW-LR,timing_uncertainty,0.2,0.6666667,0.98,3200
fcc,2,0,MBW-LR,timing_uncertainty,0.2,0.8333333,0.996875,3200
fcc,2,0,MBW-LR,timing_uncertainty,0.2,1.0,0.9946875,3200
fcc,2,0,MBW-LR,timing_uncertainty,0.25,0.1666667,0.86875,3200
fcc,2,0,MBW-LR,timing_uncertainty,0.25,0.3333333,0.86875,3200
fcc,2,0,MBW-LR,timing_uncertainty,0.25,0.5,0.9640625,3200
fcc,2,0,MBW-LR,timing_uncertainty,0.25,0.6666667,0.981875,3200
fcc,2,0,MBW-LR,timing_uncertainty,0.25,0.8333333,0.9978125,3200
fcc,2,0,MBW-LR,timing_uncertainty,0.25,1.0,0.995625,3200
fcc,2,0,MBW-LR,timing_uncertainty,0.3,0.1666667,0.8665625,3200
fcc,2,0,MBW-LR,timing_uncertainty,0.3,0.3333333,0.8665625,3200
fcc,2,0,MBW-LR,timing_uncertainty,0.3,0.5,0.961875,3200
fcc,2,0,MBW-LR,timing_uncertainty,0.3,0.6666667,0.9775,3200
fcc,2,0,MBW-LR,timing_uncertainty,0.3,0.8333333,0.9946875,3200
fcc,2,0,MBW-LR,timing_uncertainty,0.3,1.0,0.995,3200
fcc,2,0,MBW-LR,timing_uncertainty,0.4,0.1666667,0.85625,3200
fcc,2,0,MBW-LR,timing_uncertainty,0.4,0.3333333,0.85625,3200
fcc,2,0,MBW-LR,timing_uncertainty,0.4,0.5,0.9515625,3200
fcc,2,0,MBW-LR,timing_uncertainty,0.4,0.6666667,0.9740625,3200
fcc,2,0,MBW-LR,timing_uncertainty,0.4,0.8333333,0.990625,3200
fcc,2,0,MBW-LR,timing_uncertainty,0.4,1.0,0.9928125,3200
fcc,2,0,MBW-LR,timing_uncertainty,0.5,0.1666667,0.8428125,3200
fcc,2,0,MBW-LR,timing_uncertainty,0.5,0.3333333,0.8428125,3200
fcc,2,0,MBW-LR,timing_uncertainty,0.5,0.5,0.94625,3200
fcc,2,0,MBW-LR,timing_uncertainty,0.5,0.6666667,0.974375,3200
fcc,2,0,MBW-LR,timing_uncertainty,0.5,0.8333333,0.9853125,3200
fcc,2,0,MBW-LR,timing_uncertainty,0.5,1.0,0.988125,3200
fcc,2,0,MBW-LR,timing_uncertainty,0.6,0.1666667,0.8178125,3200
fcc,2,0,MBW-LR,timing_uncertainty,0.6,0.3333333,0.8178125,3200
fcc,2,0,MBW-LR,timing_uncertainty,0.6,0.5,0.93,3200
fcc,2,0,MBW-LR,timing_uncertainty,0.6,0.6666667,0.96125,3200
fcc,2,0,MBW-LR,timing_uncertainty,0.6,0.8333333,0.97875,3200
fcc,2,0,MBW-LR,timing_uncertainty,0.6,1.0,0.9853125,3200
fcc,2,0,MBW-LR,timing_uncertainty,0.7,0.1666667,0.8034375,3200
fcc,2,0,MBW-LR,timing_uncertainty,0.7,0.3333333,0.8034375,3200
fcc,2,0,MBW-LR,timing_uncertainty,0.7,0.5,0.9125,3200
fcc,2,0,MBW-LR,timing_uncertainty,0.7,0.6666667,0.955625,3200
fcc,2,0,MBW-LR,timing_uncertainty,0.7,0.8333333,0.973125,3200
fcc,2,0,MBW-LR,timing_uncertainty,0.7,1.0,0.97875,3200
fcc,2,0,MBW-LR,timing_uncertainty,0.8,0.1666667,0.78625,3200
fcc,2,0,MBW-LR,timing_uncertainty,0.8,0.3333333,0.78625,3200
fcc,2,0,MBW-LR,timing_uncertainty,0.8,0.5,0.905,3200
fcc,2,0,MBW-LR,timing_uncertainty,0.8,0.6666667,0.945,3200
fcc,2,0,MBW-LR,timing_uncertainty,0.8,0.8333333,0.970625,3200
fcc,2,0,MBW-LR,timing_uncertainty,0.8,1.0,0.97875,3200
fcc,2,0,MBW-LR,timing_uncertainty,0.9,0.1666667,0.7578125,3200
fcc,2,0,MBW-LR,timing_uncertainty,0.9,0.3333333,0.7578125,3200
fcc,2,0,MBW-LR,timing_uncertainty,0.9,0.5,0.8771875,3200
fcc,2,0,MBW-LR,timing_uncertainty,0.9,0.6666667,0.9275,3200
fcc,2,0,MBW-LR,timing_uncertainty,0.9,0.8333333,0.954375,3200
fcc,2,0,MBW-LR,timing_uncertainty,0.9,1.0,0.9690625,3200
fcc,2,0,WDI-1NN,late_time_delay,0.0,0.1666667,0.35625,3200
fcc,2,0,WDI-1NN,late_time_delay,0.0,0.3333333,0.35625,3200
fcc,2,0,WDI-1NN,late_time_delay,0.0,0.5,0.53125,3200
fcc,2,0,WDI-1NN,late_time_delay,0.0,0.6666667,0.69375,3200
fcc,2,0,WDI-1NN,late_time_delay,0.0,0.8333333,0.75,3200
fcc,2,0,WDI-1NN,late_time_delay,0.0,1.0,0.753125,3200
fcc,2,0,WDI-1NN,late_time_delay,0.05,0.1666667,0.165625,3200
fcc,2,0,WDI-1NN,late_time_delay,0.05,0.3333333,0.165625,3200
fcc,2,0,WDI-1NN,late_time_delay,0.05,0.5,0.303125,3200
fcc,2,0,WDI-1NN,late_time_delay,0.05,0.6666667,0.421875,3200
fcc,2,0,WDI-1NN,late_time_delay,0.05,0.8333333,0.46875,3200
fcc,2,0,WDI-1NN,late_time_delay,0.05,1.0,0.48125,3200
fcc,2,0,WDI-1NN,late_time_delay,0.1,0.1666667,0.203125,3200
fcc,2,0,WDI-1NN,late_time_delay,0.1,0.3333333,0.203125,3200
fcc,2,0,WDI-1NN,late_time_delay,0.1,0.5,0.30625,3200
fcc,2,0,WDI-1NN,late_time_delay,0.1,0.6666667,0.409375,3200
fcc,2,0,WDI-1NN,late_time_delay,0.1,0.8333333,0.39375,3200
fcc,2,0,WDI-1NN,late_time_delay,0.1,1.0,0.428125,3200
fcc,2,0,WDI-1NN,late_time_delay,0.15,0.1666667,0.171875,3200
fcc,2,0,WDI-1NN,late_time_delay,0.15,0.3333333,0.171875,3200
fcc,2,0,WDI-1NN,late_time_delay,0.15,0.5,0.253125,3200
fcc,2,0,WDI-1NN,late_time_delay,0.15,0.6666667,0.31875,3200
fcc,2,0,WDI-1NN,late_time_delay,0.15,0.8333333,0.346875,3200
fcc,2,0,WDI-1NN,late_time_delay,0.15,1.0,0.365625,3200
fcc,2,0,WDI-1NN,late_time_delay,0.2,0.1666667,0.15,3200
fcc,2,0,WDI-1NN,late_time_delay,0.2,0.3333333,0.15,3200
fcc,2,0,WDI-1NN,late_time_delay,0.2,0.5,0.221875,3200
fcc,2,0,WDI-1NN,late_time_delay,0.2,0.6666667,0.240625,3200
fcc,2,0,WDI-1NN,late_time_delay,0.2,0.8333333,0.240625,3200
fcc,2,0,WDI-1NN,late_time_delay,0.2,1.0,0.303125,3200
fcc,2,0,WDI-1NN,late_time_delay,0.25,0.1666667,0.1,3200
fcc,2,0,WDI-1NN,late_time_delay,0.25,0.3333333,0.1,3200
fcc,2,0,WDI-1NN,late_time_delay,0.25,0.5,0.1625,3200
fcc,2,0,WDI-1NN,late_time_delay,0.25,0.6666667,0.1625,3200
fcc,2,0,WDI-1NN,late_time_delay,0.25,0.8333333,0.19375,3200
fcc,2,0,WDI-1NN,late_time_delay,0.25,1.0,0.28125,3200
fcc,2,0,WDI-1NN,late_time_delay,0.3,0.1666667,0.08125,3200
fcc,2,0,WDI-1NN,late_time_delay,0.3,0.3333333,0.08125,3200
fcc,2,0,WDI-1NN,late_time_delay,0.3,0.5,0.153125,3200
fcc,2,0,WDI-1NN,late_time_delay,0.3,0.6666667,0.153125,3200
fcc,2,0,WDI-1NN,late_time_delay,0.3,0.8333333,0.175,3200
fcc,2,0,WDI-1NN,late_time_delay,0.3,1.0,0.259375,3200
fcc,2,0,WDI-1NN,late_time_delay,0.4,0.1666667,0.096875,3200
fcc,2,0,WDI-1NN,late_time_delay,0.4,0.3333333,0.096875,3200
fcc,2,0,WDI-1NN,late_time_delay,0.4,0.5,0.096875,3200
fcc,2,0,WDI-1NN,late_time_delay,0.4,0.6666667,0.103125,3200
fcc,2,0,WDI-1NN,late_time_delay,0.4,0.8333333,0.103125,3200
fcc,2,0,WDI-1NN,late_time_delay,0.4,1.0,0.19375,3200
fcc,2,0,WDI-1NN,late_time_delay,0.5,0.1666667,0.06875,3200
fcc,2,0,WDI-1NN,late_time_delay,0.5,0.3333333,0.06875,3200
fcc,2,0,WDI-1NN,late_time_delay,0.5,0.5,0.06875,3200
fcc,2,0,WDI-1NN,late_time_delay,0.5,0.6666667,0.06875,3200
fcc,2,0,WDI-1NN,late_time_delay,0.5,0.8333333,0.078125,3200
fcc,2,0,WDI-1NN,late_time_delay,0.5,1.0,0.121875,3200
fcc,2,0,WDI-1NN,late_time_delay,0.6,0.1666667,0.071875,3200
fcc,2,0,WDI-1NN,late_time_delay,0.6,0.3333333,0.071875,3200
fcc,2,0,WDI-1NN,late_time_delay,0.6,0.5,0.071875,3200
fcc,2,0,WDI-1NN,late_time_delay,0.6,0.6666667,0.071875,3200
fcc,2,0,WDI-1NN,late_time_delay,0.6,0.8333333,0.071875,3200
fcc,2,0,WDI-1NN,late_time_delay,0.6,1.0,0.115625,3200
fcc,2,0,WDI-1NN,late_time_delay,0.7,0.1666667,0.078125,3200
fcc,2,0,WDI-1NN,late_time_delay,0.7,0.3333333,0.078125,3200
fcc,2,0,WDI-1NN,late_time_delay,0.7,0.5,0.078125,3200
fcc,2,0,WDI-1NN,late_time_delay,0.7,0.6666667,0.078125,3200
fcc,2,0,WDI-1NN,late_time_delay,0.7,0.8333333,0.078125,3200
fcc,2,0,WDI-1NN,late_time_delay,0.7,1.0,0.109375,3200
fcc,2,0,WDI-1NN,late_time_delay,0.8,0.1666667,0.1,3200
fcc,2,0,WDI-1NN,late_time_delay,0.8,0.3333333,0.1,3200
fcc,2,0,WDI-1NN,late_time_delay,0.8,0.5,0.1,3200
fcc,2,0,WDI-1NN,late_time_delay,0.8,0.6666667,0.1,3200
fcc,2,0,WDI-1NN,late_time_delay,0.8,0.8333333,0.1,3200
fcc,2,0,WDI-1NN,late_time_delay,0.8,1.0,0.1,3200
fcc,2,0,WDI-1NN,late_time_delay,0.9,0.1666667,0.08125,3200
fcc,2,0,WDI-1NN,late_time_delay,0.9,0.3333333,0.08125,3200
fcc,2,0,WDI-1NN,late_time_delay,0.9,0.5,0.08125,3200
fcc,2,0,WDI-1NN,late_time_delay,0.9,0.6666667,0.08125,3200
fcc,2,0,WDI-1NN,late_time_delay,0.9,0.8333333,0.08125,3200
fcc,2,0,WDI-1NN,late_time_delay,0.9,1.0,0.08125,3200
fcc,2,0,WDI-1NN,missing_events,0.0,0.1666667,0.35625,3200
fcc,2,0,WDI-1NN,missing_events,0.0,0.3333333,0.35625,3200
fcc,2,0,WDI-1NN,missing_events,0.0,0.5,0.53125,3200
fcc,2,0,WDI-1NN,missing_events,0.0,0.6666667,0.69375,3200
fcc,2,0,WDI-1NN,missing_events,0.0,0.8333333,0.75,3200
fcc,2,0,WDI-1NN,missing_events,0.0,1.0,0.753125,3200
fcc,2,0,WDI-1NN,missing_events,0.05,0.1666667,0.3484375,3200
fcc,2,0,WDI-1NN,missing_events,0.05,0.3333333,0.3484375,3200
fcc,2,0,WDI-1NN,missing_events,0.05,0.5,0.5215625,3200
fcc,2,0,WDI-1NN,missing_events,0.05,0.6666667,0.6796875,3200
fcc,2,0,WDI-1NN,missing_events,0.05,0.8333333,0.74,3200
fcc,2,0,WDI-1NN,missing_events,0.05,1.0,0.748125,3200
fcc,2,0,WDI-1NN,missing_events,0.1,0.1666667,0.3171875,3200
fcc,2,0,WDI-1NN,missing_events,0.1,0.3333333,0.3171875,3200
fcc,2,0,WDI-1NN,missing_events,0.1,0.5,0.4896875,3200
fcc,2,0,WDI-1NN,missing_events,0.1,0.6666667,0.6396875,3200
fcc,2,0,WDI-1NN,missing_events,0.1,0.8333333,0.7,3200
fcc,2,0,WDI-1NN,missing_events,0.1,1.0,0.725,3200
fcc,2,0,WDI-1NN,missing_events,0.15,0.1666667,0.3146875,3200
fcc,2,0,WDI-1NN,missing_events,0.15,0.3333333,0.3146875,3200
fcc,2,0,WDI-1NN,missing_events,0.15,0.5,0.479375,3200
fcc,2,0,WDI-1NN,missing_events,0.15,0.6666667,0.6121875,3200
fcc,2,0,WDI-1NN,missing_events,0.15,0.8333333,0.6684375,3200
fcc,2,0,WDI-1NN,missing_events,0.15,1.0,0.70625,3200
fcc,2,0,WDI-1NN,missing_events,0.2,0.1666667,0.29125,3200
fcc,2,0,WDI-1NN,missing_events,0.2,0.3333333,0.29125,3200
fcc,2,0,WDI-1NN,missing_events,0.2,0.5,0.4428125,3200
fcc,2,0,WDI-1NN,missing_events,0.2,0.6666667,0.5684375,3200
fcc,2,0,WDI-1NN,missing_events,0.2,0.8333333,0.6278125,3200
fcc,2,0,WDI-1NN,missing_events,0.2,1.0,0.6615625,3200
fcc,2,0,WDI-1NN,missing_events,0.25,0.1666667,0.2628125,3200
fcc,2,0,WDI-1NN,missing_events,0.25,0.3333333,0.2628125,3200
fcc,2,0,WDI-1NN,missing_events,0.25,0.5,0.405,3200
fcc,2,0,WDI-1NN,missing_events,0.25,0.6666667,0.5234375,3200
fcc,2,0,WDI-1NN,missing_events,0.25,0.8333333,0.5871875,3200
fcc,2,0,WDI-1NN,missing_events,0.25,1.0,0.62875,3200
fcc,2,0,WDI-1NN,missing_events,0.3,0.1666667,0.24875,3200
fcc,2,0,WDI-1NN,missing_events,0.3,0.3333333,0.24875,3200
fcc,2,0,WDI-1NN,missing_events,0.3,0.5,0.3834375,3200
fcc,2,0,WDI-1NN,missing_events,0.3,0.6666667,0.4975,3200
fcc,2,0,WDI-1NN,missing_events,0.3,0.8333333,0.550625,3200
fcc,2,0,WDI-1NN,missing_events,0.3,1.0,0.595625,3200
fcc,2,0,WDI-1NN,missing_events,0.4,0.1666667,0.2225,3200
fcc,2,0,WDI-1NN,missing_events,0.4,0.3333333,0.2225,3200
fcc,2,0,WDI-1NN,missing_events,0.4,0.5,0.31625,3200
fcc,2,0,WDI-1NN,missing_events,0.4,0.6666667,0.3915625,3200
fcc,2,0,WDI-1NN,missing_events,0.4,0.8333333,0.4390625,3200
fcc,2,0,WDI-1NN,missing_events,0.4,1.0,0.4896875,3200
fcc,2,0,WDI-1NN,missing_events,0.5,0.1666667,0.1996875,3200
fcc,2,0,WDI-1NN,missing_events,0.5,0.3333333,0.1996875,3200
fcc,2,0,WDI-1NN,missing_events,0.5,0.5,0.27375,3200
fcc,2,0,WDI-1NN,missing_events,0.5,0.6666667,0.329375,3200
fcc,2,0,WDI-1NN,missing_events,0.5,0.8333333,0.365,3200
fcc,2,0,WDI-1NN,missing_events,0.5,1.0,0.40875,3200
fcc,2,0,WDI-1NN,missing_events,0.6,0.1666667,0.153125,3200
fcc,2,0,WDI-1NN,missing_events,0.6,0.3333333,0.153125,3200
fcc,2,0,WDI-1NN,missing_events,0.6,0.5,0.2078125,3200
fcc,2,0,WDI-1NN,missing_events,0.6,0.6666667,0.2425,3200
fcc,2,0,WDI-1NN,missing_events,0.6,0.8333333,0.2715625,3200
fcc,2,0,WDI-1NN,missing_events,0.6,1.0,0.31125,3200
fcc,2,0,WDI-1NN,missing_events,0.7,0.1666667,0.12375,3200
fcc,2,0,WDI-1NN,missing_events,0.7,0.3333333,0.12375,3200
fcc,2,0,WDI-1NN,missing_events,0.7,0.5,0.159375,3200
fcc,2,0,WDI-1NN,missing_events,0.7,0.6666667,0.175,3200
fcc,2,0,WDI-1NN,missing_events,0.7,0.8333333,0.193125,3200
fcc,2,0,WDI-1NN,missing_events,0.7,1.0,0.224375,3200
fcc,2,0,WDI-1NN,missing_events,0.8,0.1666667,0.09,3200
fcc,2,0,WDI-1NN,missing_events,0.8,0.3333333,0.09,3200
fcc,2,0,WDI-1NN,missing_events,0.8,0.5,0.1140625,3200
fcc,2,0,WDI-1NN,missing_events,0.8,0.6666667,0.1203125,3200
fcc,2,0,WDI-1NN,missing_events,0.8,0.8333333,0.128125,3200
fcc,2,0,WDI-1NN,missing_events,0.8,1.0,0.1475,3200
fcc,2,0,WDI-1NN,missing_events,0.9,0.1666667,0.0734375,3200
fcc,2,0,WDI-1NN,missing_events,0.9,0.3333333,0.0734375,3200
fcc,2,0,WDI-1NN,missing_events,0.9,0.5,0.0825,3200
fcc,2,0,WDI-1NN,missing_events,0.9,0.6666667,0.0834375,3200
fcc,2,0,WDI-1NN,missing_events,0.9,0.8333333,0.0834375,3200
fcc,2,0,WDI-1NN,missing_events,0.9,1.0,0.0884375,3200
fcc,2,0,WDI-1NN,mixed_missing_spurious,0.0,0.1666667,0.35625,3200
fcc,2,0,WDI-1NN,mixed_missing_spurious,0.0,0.3333333,0.35625,3200
fcc,2,0,WDI-1NN,mixed_missing_spurious,0.0,0.5,0.53125,3200
fcc,2,0,WDI-1NN,mixed_missing_spurious,0.0,0.6666667,0.69375,3200
fcc,2,0,WDI-1NN,mixed_missing_spurious,0.0,0.8333333,0.75,3200
fcc,2,0,WDI-1NN,mixed_missing_spurious,0.0,1.0,0.753125,3200
fcc,2,0,WDI-1NN,mixed_missing_spurious,0.05,0.1666667,0.346875,3200
fcc,2,0,WDI-1NN,mixed_missing_spurious,0.05,0.3333333,0.346875,3200
fcc,2,0,WDI-1NN,mixed_missing_spurious,0.05,0.5,0.520625,3200
fcc,2,0,WDI-1NN,mixed_missing_spurious,0.05,0.6666667,0.6815625,3200
fcc,2,0,WDI-1NN,mixed_missing_spurious,0.05,0.8333333,0.7396875,3200
fcc,2,0,WDI-1NN,mixed_missing_spurious,0.05,1.0,0.753125,3200
fcc,2,0,WDI-1NN,mixed_missing_spurious,0.1,0.1666667,0.320625,3200
fcc,2,0,WDI-1NN,mixed_missing_spurious,0.1,0.3333333,0.320625,3200
fcc,2,0,WDI-1NN,mixed_missing_spurious,0.1,0.5,0.4921875,3200
fcc,2,0,WDI-1NN,mixed_missing_spurious,0.1,0.6666667,0.6375,3200
fcc,2,0,WDI-1NN,mixed_missing_spurious,0.1,0.8333333,0.6996875,3200
fcc,2,0,WDI-1NN,mixed_missing_spurious,0.1,1.0,0.7209375,3200
fcc,2,0,WDI-1NN,mixed_missing_spurious,0.15,0.1666667,0.3128125,3200
fcc,2,0,WDI-1NN,mixed_missing_spurious,0.15,0.3333333,0.3128125,3200
fcc,2,0,WDI-1NN,mixed_missing_spurious,0.15,0.5,0.4671875,3200
fcc,2,0,WDI-1NN,mixed_missing_spurious,0.15,0.6666667,0.60875,3200
fcc,2,0,WDI-1NN,mixed_missing_spurious,0.15,0.8333333,0.665625,3200
fcc,2,0,WDI-1NN,mixed_missing_spurious,0.15,1.0,0.698125,3200
fcc,2,0,WDI-1NN,mixed_missing_spurious,0.2,0.1666667,0.2934375,3200
fcc,2,0,WDI-1NN,mixed_missing_spurious,0.2,0.3333333,0.2934375,3200
fcc,2,0,WDI-1NN,mixed_missing_spurious,0.2,0.5,0.4403125,3200
fcc,2,0,WDI-1NN,mixed_missing_spurious,0.2,0.6666667,0.56875,3200
fcc,2,0,WDI-1NN,mixed_missing_spurious,0.2,0.8333333,0.6209375,3200
fcc,2,0,WDI-1NN,mixed_missing_spurious,0.2,1.0,0.6534375,3200
fcc,2,0,WDI-1NN,mixed_missing_spurious,0.25,0.1666667,0.2825,3200
fcc,2,0,WDI-1NN,mixed_missing_spurious,0.25,0.3333333,0.2825,3200
fcc,2,0,WDI-1NN,mixed_missing_spurious,0.25,0.5,0.42,3200
fcc,2,0,WDI-1NN,mixed_missing_spurious,0.25,0.6666667,0.52875,3200
fcc,2,0,WDI-1NN,mixed_missing_spurious,0.25,0.8333333,0.5784375,3200
fcc,2,0,WDI-1NN,mixed_missing_spurious,0.25,1.0,0.614375,3200
fcc,2,0,WDI-1NN,mixed_missing_spurious,0.3,0.1666667,0.248125,3200
fcc,2,0,WDI-1NN,mixed_missing_spurious,0.3,0.3333333,0.248125,3200
fcc,2,0,WDI-1NN,mixed_missing_spurious,0.3,0.5,0.375625,3200
fcc,2,0,WDI-1NN,mixed_missing_spurious,0.3,0.6666667,0.4815625,3200
fcc,2,0,WDI-1NN,mixed_missing_spurious,0.3,0.8333333,0.5371875,3200
fcc,2,0,WDI-1NN,mixed_missing_spurious,0.3,1.0,0.5771875,3200
fcc,2,0,WDI-1NN,mixed_missing_spurious,0.4,0.1666667,0.21625,3200
fcc,2,0,WDI-1NN,mixed_missing_spurious,0.4,0.3333333,0.21625,3200
fcc,2,0,WDI-1NN,mixed_missing_spurious,0.4,0.5,0.3071875,3200
fcc,2,0,WDI-1NN,mixed_missing_spurious,0.4,0.6666667,0.3884375,3200
fcc,2,0,WDI-1NN,mixed_missing_spurious,0.4,0.8333333,0.44625,3200
fcc,2,0,WDI-1NN,mixed_missing_spurious,0.4,1.0,0.4934375,3200
fcc,2,0,WDI-1NN,mixed_missing_spurious,0.5,0.1666667,0.1903125,3200
fcc,2,0,WDI-1NN,mixed_missing_spurious,0.5,0.3333333,0.1903125,3200
fcc,2,0,WDI-1NN,mixed_missing_spurious,0.5,0.5,0.2609375,3200
fcc,2,0,WDI-1NN,mixed_missing_spurious,0.5,0.6666667,0.321875,3200
fcc,2,0,WDI-1NN,mixed_missing_spurious,0.5,0.8333333,0.3575,3200
fcc,2,0,WDI-1NN,mixed_missing_spurious,0.5,1.0,0.3965625,3200
fcc,2,0,WDI-1NN,mixed_missing_spurious,0.6,0.1666667,0.1596875,3200
fcc,2,0,WDI-1NN,mixed_missing_spurious,0.6,0.3333333,0.1596875,3200
fcc,2,0,WDI-1NN,mixed_missing_spurious,0.6,0.5,0.2025,3200
fcc,2,0,WDI-1NN,mixed_missing_spurious,0.6,0.6666667,0.2415625,3200
fcc,2,0,WDI-1NN,mixed_missing_spurious,0.6,0.8333333,0.2746875,3200
fcc,2,0,WDI-1NN,mixed_missing_spurious,0.6,1.0,0.315625,3200
fcc,2,0,WDI-1NN,mixed_missing_spurious,0.7,0.1666667,0.1421875,3200
fcc,2,0,WDI-1NN,mixed_missing_spurious,0.7,0.3333333,0.1421875,3200
fcc,2,0,WDI-1NN,mixed_missing_spurious,0.7,0.5,0.17625,3200
fcc,2,0,WDI-1NN,mixed_missing_spurious,0.7,0.6666667,0.1978125,3200
fcc,2,0,WDI-1NN,mixed_missing_spurious,0.7,0.8333333,0.2128125,3200
fcc,2,0,WDI-1NN,mixed_missing_spurious,0.7,1.0,0.240625,3200
fcc,2,0,WDI-1NN,mixed_missing_spurious,0.8,0.1666667,0.0971875,3200
fcc,2,0,WDI-1NN,mixed_missing_spurious,0.8,0.3333333,0.0971875,3200
fcc,2,0,WDI-1NN,mixed_missing_spurious,0.8,0.5,0.1175,3200
fcc,2,0,WDI-1NN,mixed_missing_spurious,0.8,0.6666667,0.1296875,3200
fcc,2,0,WDI-1NN,mixed_missing_spurious,0.8,0.8333333,0.1384375,3200
fcc,2,0,WDI-1NN,mixed_missing_spurious,0.8,1.0,0.158125,3200
fcc,2,0,WDI-1NN,mixed_missing_spurious,0.9,0.1666667,0.07875,3200
fcc,2,0,WDI-1NN,mixed_missing_spurious,0.9,0.3333333,0.07875,3200
fcc,2,0,WDI-1NN,mixed_missing_spurious,0.9,0.5,0.0875,3200
fcc,2,0,WDI-1NN,mixed_missing_spurious,0.9,0.6666667,0.09,3200
fcc,2,0,WDI-1NN,mixed_missing_spurious,0.9,0.8333333,0.0925,3200
fcc,2,0,WDI-1NN,mixed_missing_spurious,0.9,1.0,0.0975,3200
fcc,2,0,WDI-1NN,mixed_spurious_timing_late,0.0,0.1666667,0.35625,3200
fcc,2,0,WDI-1NN,mixed_spurious_timing_late,0.0,0.3333333,0.35625,3200
fcc,2,0,WDI-1NN,mixed_spurious_timing_late,0.0,0.5,0.53125,3200
fcc,2,0,WDI-1NN,mixed_spurious_timing_late,0.0,0.6666667,0.69375,3200
fcc,2,0,WDI-1NN,mixed_spurious_timing_late,0.0,0.8333333,0.75,3200
fcc,2,0,WDI-1NN,mixed_spurious_timing_late,0.0,1.0,0.753125,3200
fcc,2,0,WDI-1NN,mixed_spurious_timing_late,0.05,0.1666667,0.1653125,3200
fcc,2,0,WDI-1NN,mixed_spurious_timing_late,0.05,0.3333333,0.1653125,3200
fcc,2,0,WDI-1NN,mixed_spurious_timing_late,0.05,0.5,0.3025,3200
fcc,2,0,WDI-1NN,mixed_spurious_timing_late,0.05,0.6666667,0.4196875,3200
fcc,2,0,WDI-1NN,mixed_spurious_timing_late,0.05,0.8333333,0.464375,3200
fcc,2,0,WDI-1NN,mixed_spurious_timing_late,0.05,1.0,0.4803125,3200
fcc,2,0,WDI-1NN,mixed_spurious_timing_late,0.1,0.1666667,0.205625,3200
fcc,2,0,WDI-1NN,mixed_spurious_timing_late,0.1,0.3333333,0.205625,3200
fcc,2,0,WDI-1NN,mixed_spurious_timing_late,0.1,0.5,0.3084375,3200
fcc,2,0,WDI-1NN,mixed_spurious_timing_late,0.1,0.6666667,0.404375,3200
fcc,2,0,WDI-1NN,mixed_spurious_timing_late,0.1,0.8333333,0.39125,3200
fcc,2,0,WDI-1NN,mixed_spurious_timing_late,0.1,1.0,0.424375,3200
fcc,2,0,WDI-1NN,mixed_spurious_timing_late,0.15,0.1666667,0.175,3200
fcc,2,0,WDI-1NN,mixed_spurious_timing_late,0.15,0.3333333,0.175,3200
fcc,2,0,WDI-1NN,mixed_spurious_timing_late,0.15,0.5,0.2571875,3200
fcc,2,0,WDI-1NN,mixed_spurious_timing_late,0.15,0.6666667,0.314375,3200
fcc,2,0,WDI-1NN,mixed_spurious_timing_late,0.15,0.8333333,0.3303125,3200
fcc,2,0,WDI-1NN,mixed_spurious_timing_late,0.15,1.0,0.3503125,3200
fcc,2,0,WDI-1NN,mixed_spurious_timing_late,0.2,0.1666667,0.1484375,3200
fcc,2,0,WDI-1NN,mixed_spurious_timing_late,0.2,0.3333333,0.1484375,3200
fcc,2,0,WDI-1NN,mixed_spurious_timing_late,0.2,0.5,0.2228125,3200
fcc,2,0,WDI-1NN,mixed_spurious_timing_late,0.2,0.6666667,0.246875,3200
fcc,2,0,WDI-1NN,mixed_spurious_timing_late,0.2,0.8333333,0.246875,3200
fcc,2,0,WDI-1NN,mixed_spurious_timing_late,0.2,1.0,0.3059375,3200
fcc,2,0,WDI-1NN,mixed_spurious_timing_late,0.25,0.1666667,0.101875,3200
fcc,2,0,WDI-1NN,mixed_spurious_timing_late,0.25,0.3333333,0.101875,3200
fcc,2,0,WDI-1NN,mixed_spurious_timing_late,0.25,0.5,0.1628125,3200
fcc,2,0,WDI-1NN,mixed_spurious_timing_late,0.25,0.6666667,0.1628125,3200
fcc,2,0,WDI-1NN,mixed_spurious_timing_late,0.25,0.8333333,0.1934375,3200
fcc,2,0,WDI-1NN,mixed_spurious_timing_late,0.25,1.0,0.25625,3200
fcc,2,0,WDI-1NN,mixed_spurious_timing_late,0.3,0.1666667,0.0865625,3200
fcc,2,0,WDI-1NN,mixed_spurious_timing_late,0.3,0.3333333,0.0865625,3200
fcc,2,0,WDI-1NN,mixed_spurious_timing_late,0.3,0.5,0.1403125,3200
fcc,2,0,WDI-1NN,mixed_spurious_timing_late,0.3,0.6666667,0.1403125,3200
fcc,2,0,WDI-1NN,mixed_spurious_timing_late,0.3,0.8333333,0.164375,3200
fcc,2,0,WDI-1NN,mixed_spurious_timing_late,0.3,1.0,0.2203125,3200
fcc,2,0,WDI-1NN,mixed_spurious_timing_late,0.4,0.1666667,0.0878125,3200
fcc,2,0,WDI-1NN,mixed_spurious_timing_late,0.4,0.3333333,0.0878125,3200
fcc,2,0,WDI-1NN,mixed_spurious_timing_late,0.4,0.5,0.0878125,3200
fcc,2,0,WDI-1NN,mixed_spurious_timing_late,0.4,0.6666667,0.0990625,3200
fcc,2,0,WDI-1NN,mixed_spurious_timing_late,0.4,0.8333333,0.0990625,3200
fcc,2,0,WDI-1NN,mixed_spurious_timing_late,0.4,1.0,0.1615625,3200
fcc,2,0,WDI-1NN,mixed_spurious_timing_late,0.5,0.1666667,0.0709375,3200
fcc,2,0,WDI-1NN,mixed_spurious_timing_late,0.5,0.3333333,0.0709375,3200
fcc,2,0,WDI-1NN,mixed_spurious_timing_late,0.5,0.5,0.0709375,3200
fcc,2,0,WDI-1NN,mixed_spurious_timing_late,0.5,0.6666667,0.0709375,3200
fcc,2,0,WDI-1NN,mixed_spurious_timing_late,0.5,0.8333333,0.0809375,3200
fcc,2,0,WDI-1NN,mixed_spurious_timing_late,0.5,1.0,0.11875,3200
fcc,2,0,WDI-1NN,mixed_spurious_timing_late,0.6,0.1666667,0.07125,3200
fcc,2,0,WDI-1NN,mixed_spurious_timing_late,0.6,0.3333333,0.07125,3200
fcc,2,0,WDI-1NN,mixed_spurious_timing_late,0.6,0.5,0.07125,3200
fcc,2,0,WDI-1NN,mixed_spurious_timing_late,0.6,0.6666667,0.07125,3200
fcc,2,0,WDI-1NN,mixed_spurious_timing_late,0.6,0.8333333,0.07125,3200
fcc,2,0,WDI-1NN,mixed_spurious_timing_late,0.6,1.0,0.106875,3200
fcc,2,0,WDI-1NN,mixed_spurious_timing_late,0.7,0.1666667,0.071875,3200
fcc,2,0,WDI-1NN,mixed_spurious_timing_late,0.7,0.3333333,0.071875,3200
fcc,2,0,WDI-1NN,mixed_spurious_timing_late,0.7,0.5,0.071875,3200
fcc,2,0,WDI-1NN,mixed_spurious_timing_late,0.7,0.6666667,0.071875,3200
fcc,2,0,WDI-1NN,mixed_spurious_timing_late,0.7,0.8333333,0.071875,3200
fcc,2,0,WDI-1NN,mixed_spurious_timing_late,0.7,1.0,0.09,3200
fcc,2,0,WDI-1NN,mixed_spurious_timing_late,0.8,0.1666667,0.0815625,3200
fcc,2,0,WDI-1NN,mixed_spurious_timing_late,0.8,0.3333333,0.0815625,3200
fcc,2,0,WDI-1NN,mixed_spurious_timing_late,0.8,0.5,0.0815625,3200
fcc,2,0,WDI-1NN,mixed_spurious_timing_late,0.8,0.6666667,0.0815625,3200
fcc,2,0,WDI-1NN,mixed_spurious_timing_late,0.8,0.8333333,0.0815625,3200
fcc,2,0,WDI-1NN,mixed_spurious_timing_late,0.8,1.0,0.0865625,3200
fcc,2,0,WDI-1NN,mixed_spurious_timing_late,0.9,0.1666667,0.0709375,3200
fcc,2,0,WDI-1NN,mixed_spurious_timing_late,0.9,0.3333333,0.0709375,3200
fcc,2,0,WDI-1NN,mixed_spurious_timing_late,0.9,0.5,0.0709375,3200
fcc,2,0,WDI-1NN,mixed_spurious_timing_late,0.9,0.6666667,0.0709375,3200
fcc,2,0,WDI-1NN,mixed_spurious_timing_late,0.9,0.8333333,0.0709375,3200
fcc,2,0,WDI-1NN,mixed_spurious_timing_late,0.9,1.0,0.0709375,3200
fcc,2,0,WDI-1NN,spurious_events,0.0,0.1666667,0.35625,3200
fcc,2,0,WDI-1NN,spurious_events,0.0,0.3333333,0.35625,3200
fcc,2,0,WDI-1NN,spurious_events,0.0,0.5,0.53125,3200
fcc,2,0,WDI-1NN,spurious_events,0.0,0.6666667,0.69375,3200
fcc,2,0,WDI-1NN,spurious_events,0.0,0.8333333,0.75,3200
fcc,2,0,WDI-1NN,spurious_events,0.0,1.0,0.753125,3200
fcc,2,0,WDI-1NN,spurious_events,0.05,0.1666667,0.3565625,3200
fcc,2,0,WDI-1NN,spurious_events,0.05,0.3333333,0.3565625,3200
fcc,2,0,WDI-1NN,spurious_events,0.05,0.5,0.5328125,3200
fcc,2,0,WDI-1NN,spurious_events,0.05,0.6666667,0.693125,3200
fcc,2,0,WDI-1NN,spurious_events,0.05,0.8333333,0.750625,3200
fcc,2,0,WDI-1NN,spurious_events,0.05,1.0,0.75625,3200
fcc,2,0,WDI-1NN,spurious_events,0.1,0.1666667,0.35625,3200
fcc,2,0,WDI-1NN,spurious_events,0.1,0.3333333,0.35625,3200
fcc,2,0,WDI-1NN,spurious_events,0.1,0.5,0.5309375,3200
fcc,2,0,WDI-1NN,spurious_events,0.1,0.6666667,0.6890625,3200
fcc,2,0,WDI-1NN,spurious_events,0.1,0.8333333,0.7440625,3200
fcc,2,0,WDI-1NN,spurious_events,0.1,1.0,0.7534375,3200
fcc,2,0,WDI-1NN,spurious_events,0.15,0.1666667,0.3559375,3200
fcc,2,0,WDI-1NN,spurious_events,0.15,0.3333333,0.3559375,3200
fcc,2,0,WDI-1NN,spurious_events,0.15,0.5,0.5275,3200
fcc,2,0,WDI-1NN,spurious_events,0.15,0.6666667,0.684375,3200
fcc,2,0,WDI-1NN,spurious_events,0.15,0.8333333,0.73625,3200
fcc,2,0,WDI-1NN,spurious_events,0.15,1.0,0.7371875,3200
fcc,2,0,WDI-1NN,spurious_events,0.2,0.1666667,0.3565625,3200
fcc,2,0,WDI-1NN,spurious_events,0.2,0.3333333,0.3565625,3200
fcc,2,0,WDI-1NN,spurious_events,0.2,0.5,0.5284375,3200
fcc,2,0,WDI-1NN,spurious_events,0.2,0.6666667,0.6871875,3200
fcc,2,0,WDI-1NN,spurious_events,0.2,0.8333333,0.7365625,3200
fcc,2,0,WDI-1NN,spurious_events,0.2,1.0,0.7315625,3200
fcc,2,0,WDI-1NN,spurious_events,0.25,0.1666667,0.3603125,3200
fcc,2,0,WDI-1NN,spurious_events,0.25,0.3333333,0.3603125,3200
fcc,2,0,WDI-1NN,spurious_events,0.25,0.5,0.5275,3200
fcc,2,0,WDI-1NN,spurious_events,0.25,0.6666667,0.6784375,3200
fcc,2,0,WDI-1NN,spurious_events,0.25,0.8333333,0.72375,3200
fcc,2,0,WDI-1NN,spurious_events,0.25,1.0,0.729375,3200
fcc,2,0,WDI-1NN,spurious_events,0.3,0.1666667,0.363125,3200
fcc,2,0,WDI-1NN,spurious_events,0.3,0.3333333,0.363125,3200
fcc,2,0,WDI-1NN,spurious_events,0.3,0.5,0.525,3200
fcc,2,0,WDI-1NN,spurious_events,0.3,0.6666667,0.675625,3200
fcc,2,0,WDI-1NN,spurious_events,0.3,0.8333333,0.72,3200
fcc,2,0,WDI-1NN,spurious_events,0.3,1.0,0.7184375,3200
fcc,2,0,WDI-1NN,spurious_events,0.4,0.1666667,0.365,3200
fcc,2,0,WDI-1NN,spurious_events,0.4,0.3333333,0.365,3200
fcc,2,0,WDI-1NN,spurious_events,0.4,0.5,0.5271875,3200
fcc,2,0,WDI-1NN,spurious_events,0.4,0.6666667,0.6709375,3200
fcc,2,0,WDI-1NN,spurious_events,0.4,0.8333333,0.7175,3200
fcc,2,0,WDI-1NN,spurious_events,0.4,1.0,0.701875,3200
fcc,2,0,WDI-1NN,spurious_events,0.5,0.1666667,0.365,3200
fcc,2,0,WDI-1NN,spurious_events,0.5,0.3333333,0.365,3200
fcc,2,0,WDI-1NN,spurious_events,0.5,0.5,0.523125,3200
fcc,2,0,WDI-1NN,spurious_events,0.5,0.6666667,0.6575,3200
fcc,2,0,WDI-1NN,spurious_events,0.5,0.8333333,0.6946875,3200
fcc,2,0,WDI-1NN,spurious_events,0.5,1.0,0.6828125,3200
fcc,2,0,WDI-1NN,spurious_events,0.6,0.1666667,0.3665625,3200
fcc,2,0,WDI-1NN,spurious_events,0.6,0.3333333,0.3665625,3200
fcc,2,0,WDI-1NN,spurious_events,0.6,0.5,0.5321875,3200
fcc,2,0,WDI-1NN,spurious_events,0.6,0.6666667,0.665,3200
fcc,2,0,WDI-1NN,spurious_events,0.6,0.8333333,0.704375,3200
fcc,2,0,WDI-1NN,spurious_events,0.6,1.0,0.67125,3200
fcc,2,0,WDI-1NN,spurious_events,0.7,0.1666667,0.36625,3200
fcc,2,0,WDI-1NN,spurious_events,0.7,0.3333333,0.36625,3200
fcc,2,0,WDI-1NN,spurious_events,0.7,0.5,0.5184375,3200
fcc,2,0,WDI-1NN,spurious_events,0.7,0.6666667,0.651875,3200
fcc,2,0,WDI-1NN,spurious_events,0.7,0.8333333,0.678125,3200
fcc,2,0,WDI-1NN,spurious_events,0.7,1.0,0.6509375,3200
fcc,2,0,WDI-1NN,spurious_events,0.8,0.1666667,0.37125,3200
fcc,2,0,WDI-1NN,spurious_events,0.8,0.3333333,0.37125,3200
fcc,2,0,WDI-1NN,spurious_events,0.8,0.5,0.5240625,3200
fcc,2,0,WDI-1NN,spurious_events,0.8,0.6666667,0.64875,3200
fcc,2,0,WDI-1NN,spurious_events,0.8,0.8333333,0.6740625,3200
fcc,2,0,WDI-1NN,spurious_events,0.8,1.0,0.6440625,3200
fcc,2,0,WDI-1NN,spurious_events,0.9,0.1666667,0.375625,3200
fcc,2,0,WDI-1NN,spurious_events,0.9,0.3333333,0.375625,3200
fcc,2,0,WDI-1NN,spurious_events,0.9,0.5,0.5203125,3200
fcc,2,0,WDI-1NN,spurious_events,0.9,0.6666667,0.6303125,3200
fcc,2,0,WDI-1NN,spurious_events,0.9,0.8333333,0.66,3200
fcc,2,0,WDI-1NN,spurious_events,0.9,1.0,0.6275,3200
fcc,2,0,WDI-1NN,timing_uncertainty,0.0,0.1666667,0.35625,3200
fcc,2,0,WDI-1NN,timing_uncertainty,0.0,0.3333333,0.35625,3200
fcc,2,0,WDI-1NN,timing_uncertainty,0.0,0.5,0.53125,3200
fcc,2,0,WDI-1NN,timing_uncertainty,0.0,0.6666667,0.69375,3200
fcc,2,0,WDI-1NN,timing_uncertainty,0.0,0.8333333,0.75,3200
fcc,2,0,WDI-1NN,timing_uncertainty,0.0,1.0,0.753125,3200
fcc,2,0,WDI-1NN,timing_uncertainty,0.05,0.1666667,0.355625,3200
fcc,2,0,WDI-1NN,timing_uncertainty,0.05,0.3333333,0.355625,3200
fcc,2,0,WDI-1NN,timing_uncertainty,0.05,0.5,0.5303125,3200
fcc,2,0,WDI-1NN,timing_uncertainty,0.05,0.6666667,0.693125,3200
fcc,2,0,WDI-1NN,timing_uncertainty,0.05,0.8333333,0.75,3200
fcc,2,0,WDI-1NN,timing_uncertainty,0.05,1.0,0.7534375,3200
fcc,2,0,WDI-1NN,timing_uncertainty,0.1,0.1666667,0.3546875,3200
fcc,2,0,WDI-1NN,timing_uncertainty,0.1,0.3333333,0.3546875,3200
fcc,2,0,WDI-1NN,timing_uncertainty,0.1,0.5,0.53,3200
fcc,2,0,WDI-1NN,timing_uncertainty,0.1,0.6666667,0.6925,3200
fcc,2,0,WDI-1NN,timing_uncertainty,0.1,0.8333333,0.7496875,3200
fcc,2,0,WDI-1NN,timing_uncertainty,0.1,1.0,0.753125,3200
fcc,2,0,WDI-1NN,timing_uncertainty,0.15,0.1666667,0.3571875,3200
fcc,2,0,WDI-1NN,timing_uncertainty,0.15,0.3333333,0.3571875,3200
fcc,2,0,WDI-1NN,timing_uncertainty,0.15,0.5,0.5290625,3200
fcc,2,0,WDI-1NN,timing_uncertainty,0.15,0.6666667,0.6925,3200
fcc,2,0,WDI-1NN,timing_uncertainty,0.15,0.8333333,0.7509375,3200
fcc,2,0,WDI-1NN,timing_uncertainty,0.15,1.0,0.75375,3200
fcc,2,0,WDI-1NN,timing_uncertainty,0.2,0.1666667,0.3559375,3200
fcc,2,0,WDI-1NN,timing_uncertainty,0.2,0.3333333,0.3559375,3200
fcc,2,0,WDI-1NN,timing_uncertainty,0.2,0.5,0.5309375,3200
fcc,2,0,WDI-1NN,timing_uncertainty,0.2,0.6666667,0.6928125,3200
fcc,2,0,WDI-1NN,timing_uncertainty,0.2,0.8333333,0.7496875,3200
fcc,2,0,WDI-1NN,timing_uncertainty,0.2,1.0,0.7534375,3200
fcc,2,0,WDI-1NN,timing_uncertainty,0.25,0.1666667,0.356875,3200
fcc,2,0,WDI-1NN,timing_uncertainty,0.25,0.3333333,0.356875,3200
fcc,2,0,WDI-1NN,timing_uncertainty,0.25,0.5,0.529375,3200
fcc,2,0,WDI-1NN,timing_uncertainty,0.25,0.6666667,0.6909375,3200
fcc,2,0,WDI-1NN,timing_uncertainty,0.25,0.8333333,0.750625,3200
fcc,2,0,WDI-1NN,timing_uncertainty,0.25,1.0,0.755,3200
fcc,2,0,WDI-1NN,timing_uncertainty,0.3,0.1666667,0.3559375,3200
fcc,2,0,WDI-1NN,timing_uncertainty,0.3,0.3333333,0.3559375,3200
fcc,2,0,WDI-1NN,timing_uncertainty,0.3,0.5,0.525625,3200
fcc,2,0,WDI-1NN,timing_uncertainty,0.3,0.6666667,0.6890625,3200
fcc,2,0,WDI-1NN,timing_uncertainty,0.3,0.8333333,0.74875,3200
fcc,2,0,WDI-1NN,timing_uncertainty,0.3,1.0,0.7525,3200
fcc,2,0,WDI-1NN,timing_uncertainty,0.4,0.1666667,0.358125,3200
fcc,2,0,WDI-1NN,timing_uncertainty,0.4,0.3333333,0.358125,3200
fcc,2,0,WDI-1NN,timing_uncertainty,0.4,0.5,0.531875,3200
fcc,2,0,WDI-1NN,timing_uncertainty,0.4,0.6666667,0.693125,3200
fcc,2,0,WDI-1NN,timing_uncertainty,0.4,0.8333333,0.7553125,3200
fcc,2,0,WDI-1NN,timing_uncertainty,0.4,1.0,0.75375,3200
fcc,2,0,WDI-1NN,timing_uncertainty,0.5,0.1666667,0.3565625,3200
fcc,2,0,WDI-1NN,timing_uncertainty,0.5,0.3333333,0.3565625,3200
fcc,2,0,WDI-1NN,timing_uncertainty,0.5,0.5,0.5309375,3200
fcc,2,0,WDI-1NN,timing_uncertainty,0.5,0.6666667,0.6928125,3200
fcc,2,0,WDI-1NN,timing_uncertainty,0.5,0.8333333,0.75125,3200
fcc,2,0,WDI-1NN,timing_uncertainty,0.5,1.0,0.755,3200
fcc,2,0,WDI-1NN,timing_uncertainty,0.6,0.1666667,0.360625,3200
fcc,2,0,WDI-1NN,timing_uncertainty,0.6,0.3333333,0.360625,3200
fcc,2,0,WDI-1NN,timing_uncertainty,0.6,0.5,0.5334375,3200
fcc,2,0,WDI-1NN,timing_uncertainty,0.6,0.6666667,0.6825,3200
fcc,2,0,WDI-1NN,timing_uncertainty,0.6,0.8333333,0.7478125,3200
fcc,2,0,WDI-1NN,timing_uncertainty,0.6,1.0,0.7525,3200
fcc,2,0,WDI-1NN,timing_uncertainty,0.7,0.1666667,0.361875,3200
fcc,2,0,WDI-1NN,timing_uncertainty,0.7,0.3333333,0.361875,3200
fcc,2,0,WDI-1NN,timing_uncertainty,0.7,0.5,0.53,3200
fcc,2,0,WDI-1NN,timing_uncertainty,0.7,0.6666667,0.6853125,3200
fcc,2,0,WDI-1NN,timing_uncertainty,0.7,0.8333333,0.75375,3200
fcc,2,0,WDI-1NN,timing_uncertainty,0.7,1.0,0.75375,3200
fcc,2,0,WDI-1NN,timing_uncertainty,0.8,0.1666667,0.3559375,3200
fcc,2,0,WDI-1NN,timing_uncertainty,0.8,0.3333333,0.3559375,3200
fcc,2,0,WDI-1NN,timing_uncertainty,0.8,0.5,0.5303125,3200
fcc,2,0,WDI-1NN,timing_uncertainty,0.8,0.6666667,0.6840625,3200
fcc,2,0,WDI-1NN,timing_uncertainty,0.8,0.8333333,0.75375,3200
fcc,2,0,WDI-1NN,timing_uncertainty,0.8,1.0,0.7553125,3200
fcc,2,0,WDI-1NN,timing_uncertainty,0.9,0.1666667,0.355,3200
fcc,2,0,WDI-1NN,timing_uncertainty,0.9,0.3333333,0.355,3200
fcc,2,0,WDI-1NN,timing_uncertainty,0.9,0.5,0.530625,3200
fcc,2,0,WDI-1NN,timing_uncertainty,0.9,0.6666667,0.68125,3200
fcc,2,0,WDI-1NN,timing_uncertainty,0.9,0.8333333,0.74625,3200
fcc,2,0,WDI-1NN,timing_uncertainty,0.9,1.0,0.7534375,3200
fcc,3,0,ACM-SVM,late_time_delay,0.0,0.1666667,0.35625,3200
fcc,3,0,ACM-SVM,late_time_delay,0.0,0.3333333,0.35625,3200
fcc,3,0,ACM-SVM,late_time_delay,0.0,0.5,0.625,3200
fcc,3,0,ACM-SVM,late_time_delay,0.0,0.6666667,0.909375,3200
fcc,3,0,ACM-SVM,late_time_delay,0.0,0.8333333,0.971875,3200
fcc,3,0,ACM-SVM,late_time_delay,0.0,1.0,0.9625,3200
fcc,3,0,ACM-SVM,late_time_delay,0.05,0.1666667,0.06875,3200
fcc,3,0,ACM-SVM,late_time_delay,0.05,0.3333333,0.06875,3200
fcc,3,0,ACM-SVM,late_time_delay,0.05,0.5,0.134375,3200
fcc,3,0,ACM-SVM,late_time_delay,0.05,0.6666667,0.278125,3200
fcc,3,0,ACM-SVM,late_time_delay,0.05,0.8333333,0.403125,3200
fcc,3,0,ACM-SVM,late_time_delay,0.05,1.0,0.45,3200
fcc,3,0,ACM-SVM,late_time_delay,0.1,0.1666667,0.075,3200
fcc,3,0,ACM-SVM,late_time_delay,0.1,0.3333333,0.075,3200
fcc,3,0,ACM-SVM,late_time_delay,0.1,0.5,0.146875,3200
fcc,3,0,ACM-SVM,late_time_delay,0.1,0.6666667,0.26875,3200
fcc,3,0,ACM-SVM,late_time_delay,0.1,0.8333333,0.35,3200
fcc,3,0,ACM-SVM,late_time_delay,0.1,1.0,0.396875,3200
fcc,3,0,ACM-SVM,late_time_delay,0.15,0.1666667,0.0625,3200
fcc,3,0,ACM-SVM,late_time_delay,0.15,0.3333333,0.0625,3200
fcc,3,0,ACM-SVM,late_time_delay,0.15,0.5,0.1,3200
fcc,3,0,ACM-SVM,late_time_delay,0.15,0.6666667,0.159375,3200
fcc,3,0,ACM-SVM,late_time_delay,0.15,0.8333333,0.228125,3200
fcc,3,0,ACM-SVM,late_time_delay,0.15,1.0,0.25,3200
fcc,3,0,ACM-SVM,late_time_delay,0.2,0.1666667,0.065625,3200
fcc,3,0,ACM-SVM,late_time_delay,0.2,0.3333333,0.065625,3200
fcc,3,0,ACM-SVM,late_time_delay,0.2,0.5,0.103125,3200
fcc,3,0,ACM-SVM,late_time_delay,0.2,0.6666667,0.11875,3200
fcc,3,0,ACM-SVM,late_time_delay,0.2,0.8333333,0.11875,3200
fcc,3,0,ACM-SVM,late_time_delay,0.2,1.0,0.18125,3200
fcc,3,0,ACM-SVM,late_time_delay,0.25,0.1666667,0.065625,3200
fcc,3,0,ACM-SVM,late_time_delay,0.25,0.3333333,0.065625,3200
fcc,3,0,ACM-SVM,late_time_delay,0.25,0.5,0.090625,3200
fcc,3,0,ACM-SVM,late_time_delay,0.25,0.6666667,0.090625,3200
fcc,3,0,ACM-SVM,late_time_delay,0.25,0.8333333,0.128125,3200
fcc,3,0,ACM-SVM,late_time_delay,0.25,1.0,0.15,3200
fcc,3,0,ACM-SVM,late_time_delay,0.3,0.1666667,0.065625,3200
fcc,3,0,ACM-SVM,late_time_delay,0.3,0.3333333,0.065625,3200
fcc,3,0,ACM-SVM,late_time_delay,0.3,0.5,0.09375,3200
fcc,3,0,ACM-SVM,late_time_delay,0.3,0.6666667,0.09375,3200
fcc,3,0,ACM-SVM,late_time_delay,0.3,0.8333333,0.115625,3200
fcc,3,0,ACM-SVM,late_time_delay,0.3,1.0,0.128125,3200
fcc,3,0,ACM-SVM,late_time_delay,0.4,0.1666667,0.06875,3200
fcc,3,0,ACM-SVM,late_time_delay,0.4,0.3333333,0.06875,3200
fcc,3,0,ACM-SVM,late_time_delay,0.4,0.5,0.06875,3200
fcc,3,0,ACM-SVM,late_time_delay,0.4,0.6666667,0.0875,3200
fcc,3,0,ACM-SVM,late_time_delay,0.4,0.8333333,0.0875,3200
fcc,3,0,ACM-SVM,late_time_delay,0.4,1.0,0.090625,3200
fcc,3,0,ACM-SVM,late_time_delay,0.5,0.1666667,0.071875,3200
fcc,3,0,ACM-SVM,late_time_delay,0.5,0.3333333,0.071875,3200
fcc,3,0,ACM-SVM,late_time_delay,0.5,0.5,0.071875,3200
fcc,3,0,ACM-SVM,late_time_delay,0.5,0.6666667,0.071875,3200
fcc,3,0,ACM-SVM,late_time_delay,0.5,0.8333333,0.084375,3200
fcc,3,0,ACM-SVM,late_time_delay,0.5,1.0,0.08125,3200
fcc,3,0,ACM-SVM,late_time_delay,0.6,0.1666667,0.08125,3200
fcc,3,0,ACM-SVM,late_time_delay,0.6,0.3333333,0.08125,3200
fcc,3,0,ACM-SVM,late_time_delay,0.6,0.5,0.08125,3200
fcc,3,0,ACM-SVM,late_time_delay,0.6,0.6666667,0.08125,3200
fcc,3,0,ACM-SVM,late_time_delay,0.6,0.8333333,0.08125,3200
fcc,3,0,ACM-SVM,late_time_delay,0.6,1.0,0.08125,3200
fcc,3,0,ACM-SVM,late_time_delay,0.7,0.1666667,0.08125,3200
fcc,3,0,ACM-SVM,late_time_delay,0.7,0.3333333,0.08125,3200
fcc,3,0,ACM-SVM,late_time_delay,0.7,0.5,0.08125,3200
fcc,3,0,ACM-SVM,late_time_delay,0.7,0.6666667,0.08125,3200
fcc,3,0,ACM-SVM,late_time_delay,0.7,0.8333333,0.08125,3200
fcc,3,0,ACM-SVM,late_time_delay,0.7,1.0,0.08125,3200
fcc,3,0,ACM-SVM,late_time_delay,0.8,0.1666667,0.078125,3200
fcc,3,0,ACM-SVM,late_time_delay,0.8,0.3333333,0.078125,3200
fcc,3,0,ACM-SVM,late_time_delay,0.8,0.5,0.078125,3200
fcc,3,0,ACM-SVM,late_time_delay,0.8,0.6666667,0.078125,3200
fcc,3,0,ACM-SVM,late_time_delay,0.8,0.8333333,0.078125,3200
fcc,3,0,ACM-SVM,late_time_delay,0.8,1.0,0.08125,3200
fcc,3,0,ACM-SVM,late_time_delay,0.9,0.1666667,0.08125,3200
fcc,3,0,ACM-SVM,late_time_delay,0.9,0.3333333,0.08125,3200
fcc,3,0,ACM-SVM,late_time_delay,0.9,0.5,0.08125,3200
fcc,3,0,ACM-SVM,late_time_delay,0.9,0.6666667,0.08125,3200
fcc,3,0,ACM-SVM,late_time_delay,0.9,0.8333333,0.08125,3200
fcc,3,0,ACM-SVM,late_time_delay,0.9,1.0,0.08125,3200
fcc,3,0,ACM-SVM,missing_events,0.0,0.1666667,0.35625,3200
fcc,3,0,ACM-SVM,missing_events,0.0,0.3333333,0.35625,3200
fcc,3,0,ACM-SVM,missing_events,0.0,0.5,0.625,3200
fcc,3,0,ACM-SVM,missing_events,0.0,0.6666667,0.909375,3200
fcc,3,0,ACM-SVM,missing_events,0.0,0.8333333,0.971875,3200
fcc,3,0,ACM-SVM,missing_events,0.0,1.0,0.9625,3200
fcc,3,0,ACM-SVM,missing_events,0.05,0.1666667,0.349375,3200
fcc,3,0,ACM-SVM,missing_events,0.05,0.3333333,0.349375,3200
fcc,3,0,ACM-SVM,missing_events,0.05,0.5,0.6071875,3200
fcc,3,0,ACM-SVM,missing_events,0.05,0.6666667,0.884375,3200
fcc,3,0,ACM-SVM,missing_events,0.05,0.8333333,0.955625,3200
fcc,3,0,ACM-SVM,missing_events,0.05,1.0,0.945625,3200
fcc,3,0,ACM-SVM,missing_events,0.1,0.1666667,0.2996875,3200
fcc,3,0,ACM-SVM,missing_events,0.1,0.3333333,0.2996875,3200
fcc,3,0,ACM-SVM,missing_events,0.1,0.5,0.5340625,3200
fcc,3,0,ACM-SVM,missing_events,0.1,0.6666667,0.8103125,3200
fcc,3,0,ACM-SVM,missing_events,0.1,0.8333333,0.90375,3200
fcc,3,0,ACM-SVM,missing_events,0.1,1.0,0.90625,3200
fcc,3,0,ACM-SVM,missing_events,0.15,0.1666667,0.2675,3200
fcc,3,0,ACM-SVM,missing_events,0.15,0.3333333,0.2675,3200
fcc,3,0,ACM-SVM,missing_events,0.15,0.5,0.47,3200
fcc,3,0,ACM-SVM,missing_events,0.15,0.6666667,0.7178125,3200
fcc,3,0,ACM-SVM,missing_events,0.15,0.8333333,0.8371875,3200
fcc,3,0,ACM-SVM,missing_events,0.15,1.0,0.8603125,3200
fcc,3,0,ACM-SVM,missing_events,0.2,0.1666667,0.2409375,3200
fcc,3,0,ACM-SVM,missing_events,0.2,0.3333333,0.2409375,3200
fcc,3,0,ACM-SVM,missing_events,0.2,0.5,0.378125,3200
fcc,3,0,ACM-SVM,missing_events,0.2,0.6666667,0.595,3200
fcc,3,0,ACM-SVM,missing_events,0.2,0.8333333,0.7328125,3200
fcc,3,0,ACM-SVM,missing_events,0.2,1.0,0.8021875,3200
fcc,3,0,ACM-SVM,missing_events,0.25,0.1666667,0.214375,3200
fcc,3,0,ACM-SVM,missing_events,0.25,0.3333333,0.214375,3200
fcc,3,0,ACM-SVM,missing_events,0.25,0.5,0.3359375,3200
fcc,3,0,ACM-SVM,missing_events,0.25,0.6666667,0.4909375,3200
fcc,3,0,ACM-SVM,missing_events,0.25,0.8333333,0.631875,3200
fcc,3,0,ACM-SVM,missing_events,0.25,1.0,0.7271875,3200
fcc,3,0,ACM-SVM,missing_events,0.3,0.1666667,0.203125,3200
fcc,3,0,ACM-SVM,missing_events,0.3,0.3333333,0.203125,3200
fcc,3,0,ACM-SVM,missing_events,0.3,0.5,0.2784375,3200
fcc,3,0,ACM-SVM,missing_events,0.3,0.6666667,0.424375,3200
fcc,3,0,ACM-SVM,missing_events,0.3,0.8333333,0.5528125,3200
fcc,3,0,ACM-SVM,missing_events,0.3,1.0,0.655,3200
fcc,3,0,ACM-SVM,missing_events,0.4,0.1666667,0.1678125,3200
fcc,3,0,ACM-SVM,missing_events,0.4,0.3333333,0.1678125,3200
fcc,3,0,ACM-SVM,missing_events,0.4,0.5,0.215,3200
fcc,3,0,ACM-SVM,missing_events,0.4,0.6666667,0.2865625,3200
fcc,3,0,ACM-SVM,missing_events,0.4,0.8333333,0.369375,3200
fcc,3,0,ACM-SVM,missing_events,0.4,1.0,0.4590625,3200
fcc,3,0,ACM-SVM,missing_events,0.5,0.1666667,0.1484375,3200
fcc,3,0,ACM-SVM,missing_events,0.5,0.3333333,0.1484375,3200
fcc,3,0,ACM-SVM,missing_events,0.5,0.5,0.175,3200
fcc,3,0,ACM-SVM,missing_events,0.5,0.6666667,0.2084375,3200
fcc,3,0,ACM-SVM,missing_events,0.5,0.8333333,0.263125,3200
fcc,3,0,ACM-SVM,missing_events,0.5,1.0,0.31125,3200
fcc,3,0,ACM-SVM,missing_events,0.6,0.1666667,0.1178125,3200
fcc,3,0,ACM-SVM,missing_events,0.6,0.3333333,0.1178125,3200
fcc,3,0,ACM-SVM,missing_events,0.6,0.5,0.1328125,3200
fcc,3,0,ACM-SVM,missing_events,0.6,0.6666667,0.1571875,3200
fcc,3,0,ACM-SVM,missing_events,0.6,0.8333333,0.1859375,3200
fcc,3,0,ACM-SVM,missing_events,0.6,1.0,0.22375,3200
fcc,3,0,ACM-SVM,missing_events,0.7,0.1666667,0.099375,3200
fcc,3,0,ACM-SVM,missing_events,0.7,0.3333333,0.099375,3200
fcc,3,0,ACM-SVM,missing_events,0.7,0.5,0.1075,3200
fcc,3,0,ACM-SVM,missing_events,0.7,0.6666667,0.116875,3200
fcc,3,0,ACM-SVM,missing_events,0.7,0.8333333,0.1359375,3200
fcc,3,0,ACM-SVM,missing_events,0.7,1.0,0.159375,3200
fcc,3,0,ACM-SVM,missing_events,0.8,0.1666667,0.0834375,3200
fcc,3,0,ACM-SVM,missing_events,0.8,0.3333333,0.0834375,3200
fcc,3,0,ACM-SVM,missing_events,0.8,0.5,0.0875,3200
fcc,3,0,ACM-SVM,missing_events,0.8,0.6666667,0.0878125,3200
fcc,3,0,ACM-SVM,missing_events,0.8,0.8333333,0.095,3200
fcc,3,0,ACM-SVM,missing_events,0.8,1.0,0.1084375,3200
fcc,3,0,ACM-SVM,missing_events,0.9,0.1666667,0.066875,3200
fcc,3,0,ACM-SVM,missing_events,0.9,0.3333333,0.066875,3200
fcc,3,0,ACM-SVM,missing_events,0.9,0.5,0.0659375,3200
fcc,3,0,ACM-SVM,missing_events,0.9,0.6666667,0.0665625,3200
fcc,3,0,ACM-SVM,missing_events,0.9,0.8333333,0.06875,3200
fcc,3,0,ACM-SVM,missing_events,0.9,1.0,0.0715625,3200
fcc,3,0,ACM-SVM,mixed_missing_spurious,0.0,0.1666667,0.35625,3200
fcc,3,0,ACM-SVM,mixed_missing_spurious,0.0,0.3333333,0.35625,3200
fcc,3,0,ACM-SVM,mixed_missing_spurious,0.0,0.5,0.625,3200
fcc,3,0,ACM-SVM,mixed_missing_spurious,0.0,0.6666667,0.909375,3200
fcc,3,0,ACM-SVM,mixed_missing_spurious,0.0,0.8333333,0.971875,3200
fcc,3,0,ACM-SVM,mixed_missing_spurious,0.0,1.0,0.9625,3200
fcc,3,0,ACM-SVM,mixed_missing_spurious,0.05,0.1666667,0.350625,3200
fcc,3,0,ACM-SVM,mixed_missing_spurious,0.05,0.3333333,0.350625,3200
fcc,3,0,ACM-SVM,mixed_missing_spurious,0.05,0.5,0.605625,3200
fcc,3,0,ACM-SVM,mixed_missing_spurious,0.05,0.6666667,0.861875,3200
fcc,3,0,ACM-SVM,mixed_missing_spurious,0.05,0.8333333,0.9190625,3200
fcc,3,0,ACM-SVM,mixed_missing_spurious,0.05,1.0,0.8859375,3200
fcc,3,0,ACM-SVM,mixed_missing_spurious,0.1,0.1666667,0.299375,3200
fcc,3,0,ACM-SVM,mixed_missing_spurious,0.1,0.3333333,0.299375,3200
fcc,3,0,ACM-SVM,mixed_missing_spurious,0.1,0.5,0.5021875,3200
fcc,3,0,ACM-SVM,mixed_missing_spurious,0.1,0.6666667,0.7225,3200
fcc,3,0,ACM-SVM,mixed_missing_spurious,0.1,0.8333333,0.7625,3200
fcc,3,0,ACM-SVM,mixed_missing_spurious,0.1,1.0,0.7040625,3200
fcc,3,0,ACM-SVM,mixed_missing_spurious,0.15,0.1666667,0.26625,3200
fcc,3,0,ACM-SVM,mixed_missing_spurious,0.15,0.3333333,0.26625,3200
fcc,3,0,ACM-SVM,mixed_missing_spurious,0.15,0.5,0.433125,3200
fcc,3,0,ACM-SVM,mixed_missing_spurious,0.15,0.6666667,0.5996875,3200
fcc,3,0,ACM-SVM,mixed_missing_spurious,0.15,0.8333333,0.633125,3200
fcc,3,0,ACM-SVM,mixed_missing_spurious,0.15,1.0,0.56625,3200
fcc,3,0,ACM-SVM,mixed_missing_spurious,0.2,0.1666667,0.2328125,3200
fcc,3,0,ACM-SVM,mixed_missing_spurious,0.2,0.3333333,0.2328125,3200
fcc,3,0,ACM-SVM,mixed_missing_spurious,0.2,0.5,0.3471875,3200
fcc,3,0,ACM-SVM,mixed_missing_spurious,0.2,0.6666667,0.4771875,3200
fcc,3,0,ACM-SVM,mixed_missing_spurious,0.2,0.8333333,0.5190625,3200
fcc,3,0,ACM-SVM,mixed_missing_spurious,0.2,1.0,0.4634375,3200
fcc,3,0,ACM-SVM,mixed_missing_spurious,0.25,0.1666667,0.21625,3200
fcc,3,0,ACM-SVM,mixed_missing_spurious,0.25,0.3333333,0.21625,3200
fcc,3,0,ACM-SVM,mixed_missing_spurious,0.25,0.5,0.305,3200
fcc,3,0,ACM-SVM,mixed_missing_spurious,0.25,0.6666667,0.4084375,3200
fcc,3,0,ACM-SVM,mixed_missing_spurious,0.25,0.8333333,0.4434375,3200
fcc,3,0,ACM-SVM,mixed_missing_spurious,0.25,1.0,0.400625,3200
fcc,3,0,ACM-SVM,mixed_missing_spurious,0.3,0.1666667,0.19625,3200
fcc,3,0,ACM-SVM,mixed_missing_spurious,0.3,0.3333333,0.19625,3200
fcc,3,0,ACM-SVM,mixed_missing_spurious,0.3,0.5,0.265,3200
fcc,3,0,ACM-SVM,mixed_missing_spurious,0.3,0.6666667,0.336875,3200
fcc,3,0,ACM-SVM,mixed_missing_spurious,0.3,0.8333333,0.3796875,3200
fcc,3,0,ACM-SVM,mixed_missing_spurious,0.3,1.0,0.3490625,3200
fcc,3,0,ACM-SVM,mixed_missing_spurious,0.4,0.1666667,0.16875,3200
fcc,3,0,ACM-SVM,mixed_missing_spurious,0.4,0.3333333,0.16875,3200
fcc,3,0,ACM-SVM,mixed_missing_spurious,0.4,0.5,0.1990625,3200
fcc,3,0,ACM-SVM,mixed_missing_spurious,0.4,0.6666667,0.255625,3200
fcc,3,0,ACM-SVM,mixed_missing_spurious,0.4,0.8333333,0.2765625,3200
fcc,3,0,ACM-SVM,mixed_missing_spurious,0.4,1.0,0.270625,3200
fcc,3,0,ACM-SVM,mixed_missing_spurious,0.5,0.1666667,0.145625,3200
fcc,3,0,ACM-SVM,mixed_missing_spurious,0.5,0.3333333,0.145625,3200
fcc,3,0,ACM-SVM,mixed_missing_spurious,0.5,0.5,0.169375,3200
fcc,3,0,ACM-SVM,mixed_missing_spurious,0.5,0.6666667,0.2003125,3200
fcc,3,0,ACM-SVM,mixed_missing_spurious,0.5,0.8333333,0.2121875,3200
fcc,3,0,ACM-SVM,mixed_missing_spurious,0.5,1.0,0.2046875,3200
fcc,3,0,ACM-SVM,mixed_missing_spurious,0.6,0.1666667,0.1259375,3200
fcc,3,0,ACM-SVM,mixed_missing_spurious,0.6,0.3333333,0.1259375,3200
fcc,3,0,ACM-SVM,mixed_missing_spurious,0.6,0.5,0.144375,3200
fcc,3,0,ACM-SVM,mixed_missing_spurious,0.6,0.6666667,0.165625,3200
fcc,3,0,ACM-SVM,mixed_missing_spurious,0.6,0.8333333,0.181875,3200
fcc,3,0,ACM-SVM,mixed_missing_spurious,0.6,1.0,0.1878125,3200
fcc,3,0,ACM-SVM,mixed_missing_spurious,0.7,0.1666667,0.108125,3200
fcc,3,0,ACM-SVM,mixed_missing_spurious,0.7,0.3333333,0.108125,3200
fcc,3,0,ACM-SVM,mixed_missing_spurious,0.7,0.5,0.12125,3200
fcc,3,0,ACM-SVM,mixed_missing_spurious,0.7,0.6666667,0.1328125,3200
fcc,3,0,ACM-SVM,mixed_missing_spurious,0.7,0.8333333,0.145,3200
fcc,3,0,ACM-SVM,mixed_missing_spurious,0.7,1.0,0.1546875,3200
fcc,3,0,ACM-SVM,mixed_missing_spurious,0.8,0.1666667,0.0859375,3200
fcc,3,0,ACM-SVM,mixed_missing_spurious,0.8,0.3333333,0.0859375,3200
fcc,3,0,ACM-SVM,mixed_missing_spurious,0.8,0.5,0.0915625,3200
fcc,3,0,ACM-SVM,mixed_missing_spurious,0.8,0.6666667,0.09875,3200
fcc,3,0,ACM-SVM,mixed_missing_spurious,0.8,0.8333333,0.104375,3200
fcc,3,0,ACM-SVM,mixed_missing_spurious,0.8,1.0,0.114375,3200
fcc,3,0,ACM-SVM,mixed_missing_spurious,0.9,0.1666667,0.0678125,3200
fcc,3,0,ACM-SVM,mixed_missing_spurious,0.9,0.3333333,0.0678125,3200
fcc,3,0,ACM-SVM,mixed_missing_spurious,0.9,0.5,0.069375,3200
fcc,3,0,ACM-SVM,mixed_missing_spurious,0.9,0.6666667,0.0709375,3200
fcc,3,0,ACM-SVM,mixed_missing_spurious,0.9,0.8333333,0.07375,3200
fcc,3,0,ACM-SVM,mixed_missing_spurious,0.9,1.0,0.0796875,3200
fcc,3,0,ACM-SVM,mixed_spurious_timing_late,0.0,0.1666667,0.35625,3200
fcc,3,0,ACM-SVM,mixed_spurious_timing_late,0.0,0.3333333,0.35625,3200
fcc,3,0,ACM-SVM,mixed_spurious_timing_late,0.0,0.5,0.625,3200
fcc,3,0,ACM-SVM,mixed_spurious_timing_late,0.0,0.6666667,0.909375,3200
fcc,3,0,ACM-SVM,mixed_spurious_timing_late,0.0,0.8333333,0.971875,3200
fcc,3,0,ACM-SVM,mixed_spurious_timing_late,0.0,1.0,0.9625,3200
fcc,3,0,ACM-SVM,mixed_spurious_timing_late,0.05,0.1666667,0.0696875,3200
fcc,3,0,ACM-SVM,mixed_spurious_timing_late,0.05,0.3333333,0.0696875,3200
fcc,3,0,ACM-SVM,mixed_spurious_timing_late,0.05,0.5,0.1375,3200
fcc,3,0,ACM-SVM,mixed_spurious_timing_late,0.05,0.6666667,0.27,3200
fcc,3,0,ACM-SVM,mixed_spurious_timing_late,0.05,0.8333333,0.383125,3200
fcc,3,0,ACM-SVM,mixed_spurious_timing_late,0.05,1.0,0.4171875,3200
fcc,3,0,ACM-SVM,mixed_spurious_timing_late,0.1,0.1666667,0.0759375,3200
fcc,3,0,ACM-SVM,mixed_spurious_timing_late,0.1,0.3333333,0.0759375,3200
fcc,3,0,ACM-SVM,mixed_spurious_timing_late,0.1,0.5,0.14625,3200
fcc,3,0,ACM-SVM,mixed_spurious_timing_late,0.1,0.6666667,0.2478125,3200
fcc,3,0,ACM-SVM,mixed_spurious_timing_late,0.1,0.8333333,0.303125,3200
fcc,3,0,ACM-SVM,mixed_spurious_timing_late,0.1,1.0,0.3246875,3200
fcc,3,0,ACM-SVM,mixed_spurious_timing_late,0.15,0.1666667,0.065,3200
fcc,3,0,ACM-SVM,mixed_spurious_timing_late,0.15,0.3333333,0.065,3200
fcc,3,0,ACM-SVM,mixed_spurious_timing_late,0.15,0.5,0.1040625,3200
fcc,3,0,ACM-SVM,mixed_spurious_timing_late,0.15,0.6666667,0.1534375,3200
fcc,3,0,ACM-SVM,mixed_spurious_timing_late,0.15,0.8333333,0.204375,3200
fcc,3,0,ACM-SVM,mixed_spurious_timing_late,0.15,1.0,0.22375,3200
fcc,3,0,ACM-SVM,mixed_spurious_timing_late,0.2,0.1666667,0.068125,3200
fcc,3,0,ACM-SVM,mixed_spurious_timing_late,0.2,0.3333333,0.068125,3200
fcc,3,0,ACM-SVM,mixed_spurious_timing_late,0.2,0.5,0.1,3200
fcc,3,0,ACM-SVM,mixed_spurious_timing_late,0.2,0.6666667,0.1234375,3200
fcc,3,0,ACM-SVM,mixed_spurious_timing_late,0.2,0.8333333,0.1234375,3200
fcc,3,0,ACM-SVM,mixed_spurious_timing_late,0.2,1.0,0.166875,3200
fcc,3,0,ACM-SVM,mixed_spurious_timing_late,0.25,0.1666667,0.07125,3200
fcc,3,0,ACM-SVM,mixed_spurious_timing_late,0.25,0.3333333,0.07125,3200
fcc,3,0,ACM-SVM,mixed_spurious_timing_late,0.25,0.5,0.0959375,3200
fcc,3,0,ACM-SVM,mixed_spurious_timing_late,0.25,0.6666667,0.0959375,3200
fcc,3,0,ACM-SVM,mixed_spurious_timing_late,0.25,0.8333333,0.1221875,3200
fcc,3,0,ACM-SVM,mixed_spurious_timing_late,0.25,1.0,0.1415625,3200
fcc,3,0,ACM-SVM,mixed_spurious_timing_late,0.3,0.1666667,0.0771875,3200
fcc,3,0,ACM-SVM,mixed_spurious_timing_late,0.3,0.3333333,0.0771875,3200
fcc,3,0,ACM-SVM,mixed_spurious_timing_late,0.3,0.5,0.1028125,3200
fcc,3,0,ACM-SVM,mixed_spurious_timing_late,0.3,0.6666667,0.1028125,3200
fcc,3,0,ACM-SVM,mixed_spurious_timing_late,0.3,0.8333333,0.1225,3200
fcc,3,0,ACM-SVM,mixed_spurious_timing_late,0.3,1.0,0.1340625,3200
fcc,3,0,ACM-SVM,mixed_spurious_timing_late,0.4,0.1666667,0.071875,3200
fcc,3,0,ACM-SVM,mixed_spurious_timing_late,0.4,0.3333333,0.071875,3200
fcc,3,0,ACM-SVM,mixed_spurious_timing_late,0.4,0.5,0.071875,3200
fcc,3,0,ACM-SVM,mixed_spurious_timing_late,0.4,0.6666667,0.076875,3200
fcc,3,0,ACM-SVM,mixed_spurious_timing_late,0.4,0.8333333,0.076875,3200
fcc,3,0,ACM-SVM,mixed_spurious_timing_late,0.4,1.0,0.0978125,3200
fcc,3,0,ACM-SVM,mixed_spurious_timing_late,0.5,0.1666667,0.07125,3200
fcc,3,0,ACM-SVM,mixed_spurious_timing_late,0.5,0.3333333,0.07125,3200
fcc,3,0,ACM-SVM,mixed_spurious_timing_late,0.5,0.5,0.07125,3200
fcc,3,0,ACM-SVM,mixed_spurious_timing_late,0.5,0.6666667,0.07125,3200
fcc,3,0,ACM-SVM,mixed_spurious_timing_late,0.5,0.8333333,0.0765625,3200
fcc,3,0,ACM-SVM,mixed_spurious_timing_late,0.5,1.0,0.0890625,3200
fcc,3,0,ACM-SVM,mixed_spurious_timing_late,0.6,0.1666667,0.0725,3200
fcc,3,0,ACM-SVM,mixed_spurious_timing_late,0.6,0.3333333,0.0725,3200
fcc,3,0,ACM-SVM,mixed_spurious_timing_late,0.6,0.5,0.0725,3200
fcc,3,0,ACM-SVM,mixed_spurious_timing_late,0.6,0.6666667,0.0725,3200
fcc,3,0,ACM-SVM,mixed_spurious_timing_late,0.6,0.8333333,0.0725,3200
fcc,3,0,ACM-SVM,mixed_spurious_timing_late,0.6,1.0,0.0840625,3200
fcc,3,0,ACM-SVM,mixed_spurious_timing_late,0.7,0.1666667,0.0715625,3200
fcc,3,0,ACM-SVM,mixed_spurious_timing_late,0.7,0.3333333,0.0715625,3200
fcc,3,0,ACM-SVM,mixed_spurious_timing_late,0.7,0.5,0.0715625,3200
fcc,3,0,ACM-SVM,mixed_spurious_timing_late,0.7,0.6666667,0.0715625,3200
fcc,3,0,ACM-SVM,mixed_spurious_timing_late,0.7,0.8333333,0.0715625,3200
fcc,3,0,ACM-SVM,mixed_spurious_timing_late,0.7,1.0,0.078125,3200
fcc,3,0,ACM-SVM,mixed_spurious_timing_late,0.8,0.1666667,0.0715625,3200
fcc,3,0,ACM-SVM,mixed_spurious_timing_late,0.8,0.3333333,0.0715625,3200
fcc,3,0,ACM-SVM,mixed_spurious_timing_late,0.8,0.5,0.0715625,3200
fcc,3,0,ACM-SVM,mixed_spurious_timing_late,0.8,0.6666667,0.0715625,3200
fcc,3,0,ACM-SVM,mixed_spurious_timing_late,0.8,0.8333333,0.0715625,3200
fcc,3,0,ACM-SVM,mixed_spurious_timing_late,0.8,1.0,0.07375,3200
fcc,3,0,ACM-SVM,mixed_spurious_timing_late,0.9,0.1666667,0.07,3200
fcc,3,0,ACM-SVM,mixed_spurious_timing_late,0.9,0.3333333,0.07,3200
fcc,3,0,ACM-SVM,mixed_spurious_timing_late,0.9,0.5,0.07,3200
fcc,3,0,ACM-SVM,mixed_spurious_timing_late,0.9,0.6666667,0.07,3200
fcc,3,0,ACM-SVM,mixed_spurious_timing_late,0.9,0.8333333,0.07,3200
fcc,3,0,ACM-SVM,mixed_spurious_timing_late,0.9,1.0,0.07,3200
fcc,3,0,ACM-SVM,spurious_events,0.0,0.1666667,0.35625,3200
fcc,3,0,ACM-SVM,spurious_events,0.0,0.3333333,0.35625,3200
fcc,3,0,ACM-SVM,spurious_events,0.0,0.5,0.625,3200
fcc,3,0,ACM-SVM,spurious_events,0.0,0.6666667,0.909375,3200
fcc,3,0,ACM-SVM,spurious_events,0.0,0.8333333,0.971875,3200
fcc,3,0,ACM-SVM,spurious_events,0.0,1.0,0.9625,3200
fcc,3,0,ACM-SVM,spurious_events,0.05,0.1666667,0.3571875,3200
fcc,3,0,ACM-SVM,spurious_events,0.05,0.3333333,0.3571875,3200
fcc,3,0,ACM-SVM,spurious_events,0.05,0.5,0.6140625,3200
fcc,3,0,ACM-SVM,spurious_events,0.05,0.6666667,0.87125,3200
fcc,3,0,ACM-SVM,spurious_events,0.05,0.8333333,0.9109375,3200
fcc,3,0,ACM-SVM,spurious_events,0.05,1.0,0.871875,3200
fcc,3,0,ACM-SVM,spurious_events,0.1,0.1666667,0.3515625,3200
fcc,3,0,ACM-SVM,spurious_events,0.1,0.3333333,0.3515625,3200
fcc,3,0,ACM-SVM,spurious_events,0.1,0.5,0.574375,3200
fcc,3,0,ACM-SVM,spurious_events,0.1,0.6666667,0.7709375,3200
fcc,3,0,ACM-SVM,spurious_events,0.1,0.8333333,0.7825,3200
fcc,3,0,ACM-SVM,spurious_events,0.1,1.0,0.6975,3200
fcc,3,0,ACM-SVM,spurious_events,0.15,0.1666667,0.345,3200
fcc,3,0,ACM-SVM,spurious_events,0.15,0.3333333,0.345,3200
fcc,3,0,ACM-SVM,spurious_events,0.15,0.5,0.5446875,3200
fcc,3,0,ACM-SVM,spurious_events,0.15,0.6666667,0.6965625,3200
fcc,3,0,ACM-SVM,spurious_events,0.15,0.8333333,0.6740625,3200
fcc,3,0,ACM-SVM,spurious_events,0.15,1.0,0.57375,3200
fcc,3,0,ACM-SVM,spurious_events,0.2,0.1666667,0.33875,3200
fcc,3,0,ACM-SVM,spurious_events,0.2,0.3333333,0.33875,3200
fcc,3,0,ACM-SVM,spurious_events,0.2,0.5,0.51625,3200
fcc,3,0,ACM-SVM,spurious_events,0.2,0.6666667,0.6425,3200
fcc,3,0,ACM-SVM,spurious_events,0.2,0.8333333,0.6034375,3200
fcc,3,0,ACM-SVM,spurious_events,0.2,1.0,0.480625,3200
fcc,3,0,ACM-SVM,spurious_events,0.25,0.1666667,0.32875,3200
fcc,3,0,ACM-SVM,spurious_events,0.25,0.3333333,0.32875,3200
fcc,3,0,ACM-SVM,spurious_events,0.25,0.5,0.4875,3200
fcc,3,0,ACM-SVM,spurious_events,0.25,0.6666667,0.5784375,3200
fcc,3,0,ACM-SVM,spurious_events,0.25,0.8333333,0.5146875,3200
fcc,3,0,ACM-SVM,spurious_events,0.25,1.0,0.3975,3200
fcc,3,0,ACM-SVM,spurious_events,0.3,0.1666667,0.325,3200
fcc,3,0,ACM-SVM,spurious_events,0.3,0.3333333,0.325,3200
fcc,3,0,ACM-SVM,spurious_events,0.3,0.5,0.4659375,3200
fcc,3,0,ACM-SVM,spurious_events,0.3,0.6666667,0.524375,3200
fcc,3,0,ACM-SVM,spurious_events,0.3,0.8333333,0.46625,3200
fcc,3,0,ACM-SVM,spurious_events,0.3,1.0,0.336875,3200
fcc,3,0,ACM-SVM,spurious_events,0.4,0.1666667,0.31625,3200
fcc,3,0,ACM-SVM,spurious_events,0.4,0.3333333,0.31625,3200
fcc,3,0,ACM-SVM,spurious_events,0.4,0.5,0.4146875,3200
fcc,3,0,ACM-SVM,spurious_events,0.4,0.6666667,0.439375,3200
fcc,3,0,ACM-SVM,spurious_events,0.4,0.8333333,0.3715625,3200
fcc,3,0,ACM-SVM,spurious_events,0.4,1.0,0.255,3200
fcc,3,0,ACM-SVM,spurious_events,0.5,0.1666667,0.3025,3200
fcc,3,0,ACM-SVM,spurious_events,0.5,0.3333333,0.3025,3200
fcc,3,0,ACM-SVM,spurious_events,0.5,0.5,0.378125,3200
fcc,3,0,ACM-SVM,spurious_events,0.5,0.6666667,0.3675,3200
fcc,3,0,ACM-SVM,spurious_events,0.5,0.8333333,0.29125,3200
fcc,3,0,ACM-SVM,spurious_events,0.5,1.0,0.1890625,3200
fcc,3,0,ACM-SVM,spurious_events,0.6,0.1666667,0.3009375,3200
fcc,3,0,ACM-SVM,spurious_events,0.6,0.3333333,0.3009375,3200
fcc,3,0,ACM-SVM,spurious_events,0.6,0.5,0.3353125,3200
fcc,3,0,ACM-SVM,spurious_events,0.6,0.6666667,0.313125,3200
fcc,3,0,ACM-SVM,spurious_events,0.6,0.8333333,0.2515625,3200
fcc,3,0,ACM-SVM,spurious_events,0.6,1.0,0.1690625,3200
fcc,3,0,ACM-SVM,spurious_events,0.7,0.1666667,0.286875,3200
fcc,3,0,ACM-SVM,spurious_events,0.7,0.3333333,0.286875,3200
fcc,3,0,ACM-SVM,spurious_events,0.7,0.5,0.3165625,3200
fcc,3,0,ACM-SVM,spurious_events,0.7,0.6666667,0.281875,3200
fcc,3,0,ACM-SVM,spurious_events,0.7,0.8333333,0.2303125,3200
fcc,3,0,ACM-SVM,spurious_events,0.7,1.0,0.1509375,3200
fcc,3,0,ACM-SVM,spurious_events,0.8,0.1666667,0.271875,3200
fcc,3,0,ACM-SVM,spurious_events,0.8,0.3333333,0.271875,3200
fcc,3,0,ACM-SVM,spurious_events,0.8,0.5,0.2875,3200
fcc,3,0,ACM-SVM,spurious_events,0.8,0.6666667,0.2471875,3200
fcc,3,0,ACM-SVM,spurious_events,0.8,0.8333333,0.18625,3200
fcc,3,0,ACM-SVM,spurious_events,0.8,1.0,0.1225,3200
fcc,3,0,ACM-SVM,spurious_events,0.9,0.1666667,0.2690625,3200
fcc,3,0,ACM-SVM,spurious_events,0.9,0.3333333,0.2690625,3200
fcc,3,0,ACM-SVM,spurious_events,0.9,0.5,0.2640625,3200
fcc,3,0,ACM-SVM,spurious_events,0.9,0.6666667,0.2128125,3200
fcc,3,0,ACM-SVM,spurious_events,0.9,0.8333333,0.1696875,3200
fcc,3,0,ACM-SVM,spurious_events,0.9,1.0,0.109375,3200
fcc,3,0,ACM-SVM,timing_uncertainty,0.0,0.1666667,0.35625,3200
fcc,3,0,ACM-SVM,timing_uncertainty,0.0,0.3333333,0.35625,3200
fcc,3,0,ACM-SVM,timing_uncertainty,0.0,0.5,0.625,3200
fcc,3,0,ACM-SVM,timing_uncertainty,0.0,0.6666667,0.909375,3200
fcc,3,0,ACM-SVM,timing_uncertainty,0.0,0.8333333,0.971875,3200
fcc,3,0,ACM-SVM,timing_uncertainty,0.0,1.0,0.9625,3200
fcc,3,0,ACM-SVM,timing_uncertainty,0.05,0.1666667,0.355625,3200
fcc,3,0,ACM-SVM,timing_uncertainty,0.05,0.3333333,0.355625,3200
fcc,3,0,ACM-SVM,timing_uncertainty,0.05,0.5,0.625,3200
fcc,3,0,ACM-SVM,timing_uncertainty,0.05,0.6666667,0.90875,3200
fcc,3,0,ACM-SVM,timing_uncertainty,0.05,0.8333333,0.9715625,3200
fcc,3,0,ACM-SVM,timing_uncertainty,0.05,1.0,0.9625,3200
fcc,3,0,ACM-SVM,timing_uncertainty,0.1,0.1666667,0.3553125,3200
fcc,3,0,ACM-SVM,timing_uncertainty,0.1,0.3333333,0.3553125,3200
fcc,3,0,ACM-SVM,timing_uncertainty,0.1,0.5,0.6246875,3200
fcc,3,0,ACM-SVM,timing_uncertainty,0.1,0.6666667,0.91,3200
fcc,3,0,ACM-SVM,timing_uncertainty,0.1,0.8333333,0.970625,3200
fcc,3,0,ACM-SVM,timing_uncertainty,0.1,1.0,0.9625,3200
fcc,3,0,ACM-SVM,timing_uncertainty,0.15,0.1666667,0.353125,3200
fcc,3,0,ACM-SVM,timing_uncertainty,0.15,0.3333333,0.353125,3200
fcc,3,0,ACM-SVM,timing_uncertainty,0.15,0.5,0.6284375,3200
fcc,3,0,ACM-SVM,timing_uncertainty,0.15,0.6666667,0.9090625,3200
fcc,3,0,ACM-SVM,timing_uncertainty,0.15,0.8333333,0.97125,3200
fcc,3,0,ACM-SVM,timing_uncertainty,0.15,1.0,0.961875,3200
fcc,3,0,ACM-SVM,timing_uncertainty,0.2,0.1666667,0.35125,3200
fcc,3,0,ACM-SVM,timing_uncertainty,0.2,0.3333333,0.35125,3200
fcc,3,0,ACM-SVM,timing_uncertainty,0.2,0.5,0.625,3200
fcc,3,0,ACM-SVM,timing_uncertainty,0.2,0.6666667,0.903125,3200
fcc,3,0,ACM-SVM,timing_uncertainty,0.2,0.8333333,0.9678125,3200
fcc,3,0,ACM-SVM,timing_uncertainty,0.2,1.0,0.9565625,3200
fcc,3,0,ACM-SVM,timing_uncertainty,0.25,0.1666667,0.34625,3200
fcc,3,0,ACM-SVM,timing_uncertainty,0.25,0.3333333,0.34625,3200
fcc,3,0,ACM-SVM,timing_uncertainty,0.25,0.5,0.619375,3200
fcc,3,0,ACM-SVM,timing_uncertainty,0.25,0.6666667,0.9009375,3200
fcc,3,0,ACM-SVM,timing_uncertainty,0.25,0.8333333,0.96125,3200
fcc,3,0,ACM-SVM,timing_uncertainty,0.25,1.0,0.9540625,3200
fcc,3,0,ACM-SVM,timing_uncertainty,0.3,0.1666667,0.341875,3200
fcc,3,0,ACM-SVM,timing_uncertainty,0.3,0.3333333,0.341875,3200
fcc,3,0,ACM-SVM,timing_uncertainty,0.3,0.5,0.6165625,3200
fcc,3,0,ACM-SVM,timing_uncertainty,0.3,0.6666667,0.8978125,3200
fcc,3,0,ACM-SVM,timing_uncertainty,0.3,0.8333333,0.9603125,3200
fcc,3,0,ACM-SVM,timing_uncertainty,0.3,1.0,0.9509375,3200
fcc,3,0,ACM-SVM,timing_uncertainty,0.4,0.1666667,0.3384375,3200
fcc,3,0,ACM-SVM,timing_uncertainty,0.4,0.3333333,0.3384375,3200
fcc,3,0,ACM-SVM,timing_uncertainty,0.4,0.5,0.613125,3200
fcc,3,0,ACM-SVM,timing_uncertainty,0.4,0.6666667,0.88,3200
fcc,3,0,ACM-SVM,timing_uncertainty,0.4,0.8333333,0.9440625,3200
fcc,3,0,ACM-SVM,timing_uncertainty,0.4,1.0,0.938125,3200
fcc,3,0,ACM-SVM,timing_uncertainty,0.5,0.1666667,0.33375,3200
fcc,3,0,ACM-SVM,timing_uncertainty,0.5,0.3333333,0.33375,3200
fcc,3,0,ACM-SVM,timing_uncertainty,0.5,0.5,0.5996875,3200
fcc,3,0,ACM-SVM,timing_uncertainty,0.5,0.6666667,0.8646875,3200
fcc,3,0,ACM-SVM,timing_uncertainty,0.5,0.8333333,0.9309375,3200
fcc,3,0,ACM-SVM,timing_uncertainty,0.5,1.0,0.92375,3200
fcc,3,0,ACM-SVM,timing_uncertainty,0.6,0.1666667,0.3225,3200
fcc,3,0,ACM-SVM,timing_uncertainty,0.6,0.3333333,0.3225,3200
fcc,3,0,ACM-SVM,timing_uncertainty,0.6,0.5,0.5809375,3200
fcc,3,0,ACM-SVM,timing_uncertainty,0.6,0.6666667,0.8475,3200
fcc,3,0,ACM-SVM,timing_uncertainty,0.6,0.8333333,0.918125,3200
fcc,3,0,ACM-SVM,timing_uncertainty,0.6,1.0,0.9103125,3200
fcc,3,0,ACM-SVM,timing_uncertainty,0.7,0.1666667,0.3125,3200
fcc,3,0,ACM-SVM,timing_uncertainty,0.7,0.3333333,0.3125,3200
fcc,3,0,ACM-SVM,timing_uncertainty,0.7,0.5,0.575,3200
fcc,3,0,ACM-SVM,timing_uncertainty,0.7,0.6666667,0.8253125,3200
fcc,3,0,ACM-SVM,timing_uncertainty,0.7,0.8333333,0.895,3200
fcc,3,0,ACM-SVM,timing_uncertainty,0.7,1.0,0.886875,3200
fcc,3,0,ACM-SVM,timing_uncertainty,0.8,0.1666667,0.29625,3200
fcc,3,0,ACM-SVM,timing_uncertainty,0.8,0.3333333,0.29625,3200
fcc,3,0,ACM-SVM,timing_uncertainty,0.8,0.5,0.5696875,3200
fcc,3,0,ACM-SVM,timing_uncertainty,0.8,0.6666667,0.80375,3200
fcc,3,0,ACM-SVM,timing_uncertainty,0.8,0.8333333,0.8771875,3200
fcc,3,0,ACM-SVM,timing_uncertainty,0.8,1.0,0.87625,3200
fcc,3,0,ACM-SVM,timing_uncertainty,0.9,0.1666667,0.285625,3200
fcc,3,0,ACM-SVM,timing_uncertainty,0.9,0.3333333,0.285625,3200
fcc,3,0,ACM-SVM,timing_uncertainty,0.9,0.5,0.551875,3200
fcc,3,0,ACM-SVM,timing_uncertainty,0.9,0.6666667,0.7903125,3200
fcc,3,0,ACM-SVM,timing_uncertainty,0.9,0.8333333,0.8625,3200
fcc,3,0,ACM-SVM,timing_uncertainty,0.9,1.0,0.8575,3200
fcc,3,0,CASIM-prefix,late_time_delay,0.0,0.1666667,0.93125,3200
fcc,3,0,CASIM-prefix,late_time_delay,0.0,0.3333333,0.93125,3200
fcc,3,0,CASIM-prefix,late_time_delay,0.0,0.5,0.99375,3200
fcc,3,0,CASIM-prefix,late_time_delay,0.0,0.6666667,0.996875,3200
fcc,3,0,CASIM-prefix,late_time_delay,0.0,0.8333333,1.0,3200
fcc,3,0,CASIM-prefix,late_time_delay,0.0,1.0,0.996875,3200
fcc,3,0,CASIM-prefix,late_time_delay,0.05,0.1666667,0.328125,3200
fcc,3,0,CASIM-prefix,late_time_delay,0.05,0.3333333,0.328125,3200
fcc,3,0,CASIM-prefix,late_time_delay,0.05,0.5,0.43125,3200
fcc,3,0,CASIM-prefix,late_time_delay,0.05,0.6666667,0.65,3200
fcc,3,0,CASIM-prefix,late_time_delay,0.05,0.8333333,0.5875,3200
fcc,3,0,CASIM-prefix,late_time_delay,0.05,1.0,0.809375,3200
fcc,3,0,CASIM-prefix,late_time_delay,0.1,0.1666667,0.1625,3200
fcc,3,0,CASIM-prefix,late_time_delay,0.1,0.3333333,0.1625,3200
fcc,3,0,CASIM-prefix,late_time_delay,0.1,0.5,0.29375,3200
fcc,3,0,CASIM-prefix,late_time_delay,0.1,0.6666667,0.4875,3200
fcc,3,0,CASIM-prefix,late_time_delay,0.1,0.8333333,0.503125,3200
fcc,3,0,CASIM-prefix,late_time_delay,0.1,1.0,0.565625,3200
fcc,3,0,CASIM-prefix,late_time_delay,0.15,0.1666667,0.08125,3200
fcc,3,0,CASIM-prefix,late_time_delay,0.15,0.3333333,0.08125,3200
fcc,3,0,CASIM-prefix,late_time_delay,0.15,0.5,0.1625,3200
fcc,3,0,CASIM-prefix,late_time_delay,0.15,0.6666667,0.371875,3200
fcc,3,0,CASIM-prefix,late_time_delay,0.15,0.8333333,0.378125,3200
fcc,3,0,CASIM-prefix,late_time_delay,0.15,1.0,0.41875,3200
fcc,3,0,CASIM-prefix,late_time_delay,0.2,0.1666667,0.05625,3200
fcc,3,0,CASIM-prefix,late_time_delay,0.2,0.3333333,0.05625,3200
fcc,3,0,CASIM-prefix,late_time_delay,0.2,0.5,0.109375,3200
fcc,3,0,CASIM-prefix,late_time_delay,0.2,0.6666667,0.278125,3200
fcc,3,0,CASIM-prefix,late_time_delay,0.2,0.8333333,0.278125,3200
fcc,3,0,CASIM-prefix,late_time_delay,0.2,1.0,0.353125,3200
fcc,3,0,CASIM-prefix,late_time_delay,0.25,0.1666667,0.05,3200
fcc,3,0,CASIM-prefix,late_time_delay,0.25,0.3333333,0.05,3200
fcc,3,0,CASIM-prefix,late_time_delay,0.25,0.5,0.06875,3200
fcc,3,0,CASIM-prefix,late_time_delay,0.25,0.6666667,0.071875,3200
fcc,3,0,CASIM-prefix,late_time_delay,0.25,0.8333333,0.29375,3200
fcc,3,0,CASIM-prefix,late_time_delay,0.25,1.0,0.303125,3200
fcc,3,0,CASIM-prefix,late_time_delay,0.3,0.1666667,0.071875,3200
fcc,3,0,CASIM-prefix,late_time_delay,0.3,0.3333333,0.071875,3200
fcc,3,0,CASIM-prefix,late_time_delay,0.3,0.5,0.071875,3200
fcc,3,0,CASIM-prefix,late_time_delay,0.3,0.6666667,0.075,3200
fcc,3,0,CASIM-prefix,late_time_delay,0.3,0.8333333,0.2625,3200
fcc,3,0,CASIM-prefix,late_time_delay,0.3,1.0,0.284375,3200
fcc,3,0,CASIM-prefix,late_time_delay,0.4,0.1666667,0.06875,3200
fcc,3,0,CASIM-prefix,late_time_delay,0.4,0.3333333,0.06875,3200
fcc,3,0,CASIM-prefix,late_time_delay,0.4,0.5,0.06875,3200
fcc,3,0,CASIM-prefix,late_time_delay,0.4,0.6666667,0.115625,3200
fcc,3,0,CASIM-prefix,late_time_delay,0.4,0.8333333,0.109375,3200
fcc,3,0,CASIM-prefix,late_time_delay,0.4,1.0,0.165625,3200
fcc,3,0,CASIM-prefix,late_time_delay,0.5,0.1666667,0.0625,3200
fcc,3,0,CASIM-prefix,late_time_delay,0.5,0.3333333,0.0625,3200
fcc,3,0,CASIM-prefix,late_time_delay,0.5,0.5,0.0625,3200
fcc,3,0,CASIM-prefix,late_time_delay,0.5,0.6666667,0.078125,3200
fcc,3,0,CASIM-prefix,late_time_delay,0.5,0.8333333,0.090625,3200
fcc,3,0,CASIM-prefix,late_time_delay,0.5,1.0,0.090625,3200
fcc,3,0,CASIM-prefix,late_time_delay,0.6,0.1666667,0.059375,3200
fcc,3,0,CASIM-prefix,late_time_delay,0.6,0.3333333,0.059375,3200
fcc,3,0,CASIM-prefix,late_time_delay,0.6,0.5,0.059375,3200
fcc,3,0,CASIM-prefix,late_time_delay,0.6,0.6666667,0.075,3200
fcc,3,0,CASIM-prefix,late_time_delay,0.6,0.8333333,0.06875,3200
fcc,3,0,CASIM-prefix,late_time_delay,0.6,1.0,0.071875,3200
fcc,3,0,CASIM-prefix,late_time_delay,0.7,0.1666667,0.059375,3200
fcc,3,0,CASIM-prefix,late_time_delay,0.7,0.3333333,0.059375,3200
fcc,3,0,CASIM-prefix,late_time_delay,0.7,0.5,0.059375,3200
fcc,3,0,CASIM-prefix,late_time_delay,0.7,0.6666667,0.075,3200
fcc,3,0,CASIM-prefix,late_time_delay,0.7,0.8333333,0.06875,3200
fcc,3,0,CASIM-prefix,late_time_delay,0.7,1.0,0.075,3200
fcc,3,0,CASIM-prefix,late_time_delay,0.8,0.1666667,0.0625,3200
fcc,3,0,CASIM-prefix,late_time_delay,0.8,0.3333333,0.0625,3200
fcc,3,0,CASIM-prefix,late_time_delay,0.8,0.5,0.0625,3200
fcc,3,0,CASIM-prefix,late_time_delay,0.8,0.6666667,0.078125,3200
fcc,3,0,CASIM-prefix,late_time_delay,0.8,0.8333333,0.071875,3200
fcc,3,0,CASIM-prefix,late_time_delay,0.8,1.0,0.0875,3200
fcc,3,0,CASIM-prefix,late_time_delay,0.9,0.1666667,0.071875,3200
fcc,3,0,CASIM-prefix,late_time_delay,0.9,0.3333333,0.071875,3200
fcc,3,0,CASIM-prefix,late_time_delay,0.9,0.5,0.071875,3200
fcc,3,0,CASIM-prefix,late_time_delay,0.9,0.6666667,0.0875,3200
fcc,3,0,CASIM-prefix,late_time_delay,0.9,0.8333333,0.08125,3200
fcc,3,0,CASIM-prefix,late_time_delay,0.9,1.0,0.09375,3200
fcc,3,0,CASIM-prefix,missing_events,0.0,0.1666667,0.93125,3200
fcc,3,0,CASIM-prefix,missing_events,0.0,0.3333333,0.93125,3200
fcc,3,0,CASIM-prefix,missing_events,0.0,0.5,0.99375,3200
fcc,3,0,CASIM-prefix,missing_events,0.0,0.6666667,0.996875,3200
fcc,3,0,CASIM-prefix,missing_events,0.0,0.8333333,1.0,3200
fcc,3,0,CASIM-prefix,missing_events,0.0,1.0,0.996875,3200
fcc,3,0,CASIM-prefix,missing_events,0.05,0.1666667,0.92375,3200
fcc,3,0,CASIM-prefix,missing_events,0.05,0.3333333,0.92375,3200
fcc,3,0,CASIM-prefix,missing_events,0.05,0.5,0.985,3200
fcc,3,0,CASIM-prefix,missing_events,0.05,0.6666667,0.995625,3200
fcc,3,0,CASIM-prefix,missing_events,0.05,0.8333333,0.99375,3200
fcc,3,0,CASIM-prefix,missing_events,0.05,1.0,0.9953125,3200
fcc,3,0,CASIM-prefix,missing_events,0.1,0.1666667,0.894375,3200
fcc,3,0,CASIM-prefix,missing_events,0.1,0.3333333,0.894375,3200
fcc,3,0,CASIM-prefix,missing_events,0.1,0.5,0.9671875,3200
fcc,3,0,CASIM-prefix,missing_events,0.1,0.6666667,0.988125,3200
fcc,3,0,CASIM-prefix,missing_events,0.1,0.8333333,0.9759375,3200
fcc,3,0,CASIM-prefix,missing_events,0.1,1.0,0.98625,3200
fcc,3,0,CASIM-prefix,missing_events,0.15,0.1666667,0.8603125,3200
fcc,3,0,CASIM-prefix,missing_events,0.15,0.3333333,0.8603125,3200
fcc,3,0,CASIM-prefix,missing_events,0.15,0.5,0.929375,3200
fcc,3,0,CASIM-prefix,missing_events,0.15,0.6666667,0.971875,3200
fcc,3,0,CASIM-prefix,missing_events,0.15,0.8333333,0.9525,3200
fcc,3,0,CASIM-prefix,missing_events,0.15,1.0,0.9621875,3200
fcc,3,0,CASIM-prefix,missing_events,0.2,0.1666667,0.82625,3200
fcc,3,0,CASIM-prefix,missing_events,0.2,0.3333333,0.82625,3200
fcc,3,0,CASIM-prefix,missing_events,0.2,0.5,0.884375,3200
fcc,3,0,CASIM-prefix,missing_events,0.2,0.6666667,0.9371875,3200
fcc,3,0,CASIM-prefix,missing_events,0.2,0.8333333,0.9290625,3200
fcc,3,0,CASIM-prefix,missing_events,0.2,1.0,0.9465625,3200
fcc,3,0,CASIM-prefix,missing_events,0.25,0.1666667,0.793125,3200
fcc,3,0,CASIM-prefix,missing_events,0.25,0.3333333,0.793125,3200
fcc,3,0,CASIM-prefix,missing_events,0.25,0.5,0.854375,3200
fcc,3,0,CASIM-prefix,missing_events,0.25,0.6666667,0.9165625,3200
fcc,3,0,CASIM-prefix,missing_events,0.25,0.8333333,0.895,3200
fcc,3,0,CASIM-prefix,missing_events,0.25,1.0,0.9184375,3200
fcc,3,0,CASIM-prefix,missing_events,0.3,0.1666667,0.7471875,3200
fcc,3,0,CASIM-prefix,missing_events,0.3,0.3333333,0.7471875,3200
fcc,3,0,CASIM-prefix,missing_events,0.3,0.5,0.810625,3200
fcc,3,0,CASIM-prefix,missing_events,0.3,0.6666667,0.8759375,3200
fcc,3,0,CASIM-prefix,missing_events,0.3,0.8333333,0.856875,3200
fcc,3,0,CASIM-prefix,missing_events,0.3,1.0,0.8853125,3200
fcc,3,0,CASIM-prefix,missing_events,0.4,0.1666667,0.68,3200
fcc,3,0,CASIM-prefix,missing_events,0.4,0.3333333,0.68,3200
fcc,3,0,CASIM-prefix,missing_events,0.4,0.5,0.709375,3200
fcc,3,0,CASIM-prefix,missing_events,0.4,0.6666667,0.77375,3200
fcc,3,0,CASIM-prefix,missing_events,0.4,0.8333333,0.7546875,3200
fcc,3,0,CASIM-prefix,missing_events,0.4,1.0,0.7996875,3200
fcc,3,0,CASIM-prefix,missing_events,0.5,0.1666667,0.564375,3200
fcc,3,0,CASIM-prefix,missing_events,0.5,0.3333333,0.564375,3200
fcc,3,0,CASIM-prefix,missing_events,0.5,0.5,0.6028125,3200
fcc,3,0,CASIM-prefix,missing_events,0.5,0.6666667,0.636875,3200
fcc,3,0,CASIM-prefix,missing_events,0.5,0.8333333,0.634375,3200
fcc,3,0,CASIM-prefix,missing_events,0.5,1.0,0.69375,3200
fcc,3,0,CASIM-prefix,missing_events,0.6,0.1666667,0.4725,3200
fcc,3,0,CASIM-prefix,missing_events,0.6,0.3333333,0.4725,3200
fcc,3,0,CASIM-prefix,missing_events,0.6,0.5,0.4965625,3200
fcc,3,0,CASIM-prefix,missing_events,0.6,0.6666667,0.52625,3200
fcc,3,0,CASIM-prefix,missing_events,0.6,0.8333333,0.5021875,3200
fcc,3,0,CASIM-prefix,missing_events,0.6,1.0,0.5690625,3200
fcc,3,0,CASIM-prefix,missing_events,0.7,0.1666667,0.3871875,3200
fcc,3,0,CASIM-prefix,missing_events,0.7,0.3333333,0.3871875,3200
fcc,3,0,CASIM-prefix,missing_events,0.7,0.5,0.3896875,3200
fcc,3,0,CASIM-prefix,missing_events,0.7,0.6666667,0.4253125,3200
fcc,3,0,CASIM-prefix,missing_events,0.7,0.8333333,0.404375,3200
fcc,3,0,CASIM-prefix,missing_events,0.7,1.0,0.463125,3200
fcc,3,0,CASIM-prefix,missing_events,0.8,0.1666667,0.2984375,3200
fcc,3,0,CASIM-prefix,missing_events,0.8,0.3333333,0.2984375,3200
fcc,3,0,CASIM-prefix,missing_events,0.8,0.5,0.2496875,3200
fcc,3,0,CASIM-prefix,missing_events,0.8,0.6666667,0.2865625,3200
fcc,3,0,CASIM-prefix,missing_events,0.8,0.8333333,0.2653125,3200
fcc,3,0,CASIM-prefix,missing_events,0.8,1.0,0.3221875,3200
fcc,3,0,CASIM-prefix,missing_events,0.9,0.1666667,0.191875,3200
fcc,3,0,CASIM-prefix,missing_events,0.9,0.3333333,0.191875,3200
fcc,3,0,CASIM-prefix,missing_events,0.9,0.5,0.161875,3200
fcc,3,0,CASIM-prefix,missing_events,0.9,0.6666667,0.209375,3200
fcc,3,0,CASIM-prefix,missing_events,0.9,0.8333333,0.1775,3200
fcc,3,0,CASIM-prefix,missing_events,0.9,1.0,0.2178125,3200
fcc,3,0,CASIM-prefix,mixed_missing_spurious,0.0,0.1666667,0.93125,3200
fcc,3,0,CASIM-prefix,mixed_missing_spurious,0.0,0.3333333,0.93125,3200
fcc,3,0,CASIM-prefix,mixed_missing_spurious,0.0,0.5,0.99375,3200
fcc,3,0,CASIM-prefix,mixed_missing_spurious,0.0,0.6666667,0.996875,3200
fcc,3,0,CASIM-prefix,mixed_missing_spurious,0.0,0.8333333,1.0,3200
fcc,3,0,CASIM-prefix,mixed_missing_spurious,0.0,1.0,0.996875,3200
fcc,3,0,CASIM-prefix,mixed_missing_spurious,0.05,0.1666667,0.92125,3200
fcc,3,0,CASIM-prefix,mixed_missing_spurious,0.05,0.3333333,0.92125,3200
fcc,3,0,CASIM-prefix,mixed_missing_spurious,0.05,0.5,0.98125,3200
fcc,3,0,CASIM-prefix,mixed_missing_spurious,0.05,0.6666667,0.9896875,3200
fcc,3,0,CASIM-prefix,mixed_missing_spurious,0.05,0.8333333,0.991875,3200
fcc,3,0,CASIM-prefix,mixed_missing_spurious,0.05,1.0,0.9871875,3200
fcc,3,0,CASIM-prefix,mixed_missing_spurious,0.1,0.1666667,0.88125,3200
fcc,3,0,CASIM-prefix,mixed_missing_spurious,0.1,0.3333333,0.88125,3200
fcc,3,0,CASIM-prefix,mixed_missing_spurious,0.1,0.5,0.9384375,3200
fcc,3,0,CASIM-prefix,mixed_missing_spurious,0.1,0.6666667,0.9515625,3200
fcc,3,0,CASIM-prefix,mixed_missing_spurious,0.1,0.8333333,0.940625,3200
fcc,3,0,CASIM-prefix,mixed_missing_spurious,0.1,1.0,0.96,3200
fcc,3,0,CASIM-prefix,mixed_missing_spurious,0.15,0.1666667,0.8353125,3200
fcc,3,0,CASIM-prefix,mixed_missing_spurious,0.15,0.3333333,0.8353125,3200
fcc,3,0,CASIM-prefix,mixed_missing_spurious,0.15,0.5,0.884375,3200
fcc,3,0,CASIM-prefix,mixed_missing_spurious,0.15,0.6666667,0.9115625,3200
fcc,3,0,CASIM-prefix,mixed_missing_spurious,0.15,0.8333333,0.8996875,3200
fcc,3,0,CASIM-prefix,mixed_missing_spurious,0.15,1.0,0.9109375,3200
fcc,3,0,CASIM-prefix,mixed_missing_spurious,0.2,0.1666667,0.7871875,3200
fcc,3,0,CASIM-prefix,mixed_missing_spurious,0.2,0.3333333,0.7871875,3200
fcc,3,0,CASIM-prefix,mixed_missing_spurious,0.2,0.5,0.8325,3200
fcc,3,0,CASIM-prefix,mixed_missing_spurious,0.2,0.6666667,0.8534375,3200
fcc,3,0,CASIM-prefix,mixed_missing_spurious,0.2,0.8333333,0.8403125,3200
fcc,3,0,CASIM-prefix,mixed_missing_spurious,0.2,1.0,0.8584375,3200
fcc,3,0,CASIM-prefix,mixed_missing_spurious,0.25,0.1666667,0.74125,3200
fcc,3,0,CASIM-prefix,mixed_missing_spurious,0.25,0.3333333,0.74125,3200
fcc,3,0,CASIM-prefix,mixed_missing_spurious,0.25,0.5,0.7771875,3200
fcc,3,0,CASIM-prefix,mixed_missing_spurious,0.25,0.6666667,0.8125,3200
fcc,3,0,CASIM-prefix,mixed_missing_spurious,0.25,0.8333333,0.7896875,3200
fcc,3,0,CASIM-prefix,mixed_missing_spurious,0.25,1.0,0.795625,3200
fcc,3,0,CASIM-prefix,mixed_missing_spurious,0.3,0.1666667,0.6878125,3200
fcc,3,0,CASIM-prefix,mixed_missing_spurious,0.3,0.3333333,0.6878125,3200
fcc,3,0,CASIM-prefix,mixed_missing_spurious,0.3,0.5,0.715,3200
fcc,3,0,CASIM-prefix,mixed_missing_spurious,0.3,0.6666667,0.7509375,3200
fcc,3,0,CASIM-prefix,mixed_missing_spurious,0.3,0.8333333,0.753125,3200
fcc,3,0,CASIM-prefix,mixed_missing_spurious,0.3,1.0,0.7521875,3200
fcc,3,0,CASIM-prefix,mixed_missing_spurious,0.4,0.1666667,0.618125,3200
fcc,3,0,CASIM-prefix,mixed_missing_spurious,0.4,0.3333333,0.618125,3200
fcc,3,0,CASIM-prefix,mixed_missing_spurious,0.4,0.5,0.6084375,3200
fcc,3,0,CASIM-prefix,mixed_missing_spurious,0.4,0.6666667,0.6196875,3200
fcc,3,0,CASIM-prefix,mixed_missing_spurious,0.4,0.8333333,0.6434375,3200
fcc,3,0,CASIM-prefix,mixed_missing_spurious,0.4,1.0,0.635,3200
fcc,3,0,CASIM-prefix,mixed_missing_spurious,0.5,0.1666667,0.4978125,3200
fcc,3,0,CASIM-prefix,mixed_missing_spurious,0.5,0.3333333,0.4978125,3200
fcc,3,0,CASIM-prefix,mixed_missing_spurious,0.5,0.5,0.4928125,3200
fcc,3,0,CASIM-prefix,mixed_missing_spurious,0.5,0.6666667,0.5075,3200
fcc,3,0,CASIM-prefix,mixed_missing_spurious,0.5,0.8333333,0.52375,3200
fcc,3,0,CASIM-prefix,mixed_missing_spurious,0.5,1.0,0.506875,3200
fcc,3,0,CASIM-prefix,mixed_missing_spurious,0.6,0.1666667,0.4475,3200
fcc,3,0,CASIM-prefix,mixed_missing_spurious,0.6,0.3333333,0.4475,3200
fcc,3,0,CASIM-prefix,mixed_missing_spurious,0.6,0.5,0.435,3200
fcc,3,0,CASIM-prefix,mixed_missing_spurious,0.6,0.6666667,0.449375,3200
fcc,3,0,CASIM-prefix,mixed_missing_spurious,0.6,0.8333333,0.4453125,3200
fcc,3,0,CASIM-prefix,mixed_missing_spurious,0.6,1.0,0.445,3200
fcc,3,0,CASIM-prefix,mixed_missing_spurious,0.7,0.1666667,0.3459375,3200
fcc,3,0,CASIM-prefix,mixed_missing_spurious,0.7,0.3333333,0.3459375,3200
fcc,3,0,CASIM-prefix,mixed_missing_spurious,0.7,0.5,0.3209375,3200
fcc,3,0,CASIM-prefix,mixed_missing_spurious,0.7,0.6666667,0.345,3200
fcc,3,0,CASIM-prefix,mixed_missing_spurious,0.7,0.8333333,0.345625,3200
fcc,3,0,CASIM-prefix,mixed_missing_spurious,0.7,1.0,0.3371875,3200
fcc,3,0,CASIM-prefix,mixed_missing_spurious,0.8,0.1666667,0.256875,3200
fcc,3,0,CASIM-prefix,mixed_missing_spurious,0.8,0.3333333,0.256875,3200
fcc,3,0,CASIM-prefix,mixed_missing_spurious,0.8,0.5,0.230625,3200
fcc,3,0,CASIM-prefix,mixed_missing_spurious,0.8,0.6666667,0.2628125,3200
fcc,3,0,CASIM-prefix,mixed_missing_spurious,0.8,0.8333333,0.2653125,3200
fcc,3,0,CASIM-prefix,mixed_missing_spurious,0.8,1.0,0.2653125,3200
fcc,3,0,CASIM-prefix,mixed_missing_spurious,0.9,0.1666667,0.1859375,3200
fcc,3,0,CASIM-prefix,mixed_missing_spurious,0.9,0.3333333,0.1859375,3200
fcc,3,0,CASIM-prefix,mixed_missing_spurious,0.9,0.5,0.158125,3200
fcc,3,0,CASIM-prefix,mixed_missing_spurious,0.9,0.6666667,0.1975,3200
fcc,3,0,CASIM-prefix,mixed_missing_spurious,0.9,0.8333333,0.164375,3200
fcc,3,0,CASIM-prefix,mixed_missing_spurious,0.9,1.0,0.201875,3200
fcc,3,0,CASIM-prefix,mixed_spurious_timing_late,0.0,0.1666667,0.93125,3200
fcc,3,0,CASIM-prefix,mixed_spurious_timing_late,0.0,0.3333333,0.93125,3200
fcc,3,0,CASIM-prefix,mixed_spurious_timing_late,0.0,0.5,0.99375,3200
fcc,3,0,CASIM-prefix,mixed_spurious_timing_late,0.0,0.6666667,0.996875,3200
fcc,3,0,CASIM-prefix,mixed_spurious_timing_late,0.0,0.8333333,1.0,3200
fcc,3,0,CASIM-prefix,mixed_spurious_timing_late,0.0,1.0,0.996875,3200
fcc,3,0,CASIM-prefix,mixed_spurious_timing_late,0.05,0.1666667,0.3190625,3200
fcc,3,0,CASIM-prefix,mixed_spurious_timing_late,0.05,0.3333333,0.3190625,3200
fcc,3,0,CASIM-prefix,mixed_spurious_timing_late,0.05,0.5,0.4271875,3200
fcc,3,0,CASIM-prefix,mixed_spurious_timing_late,0.05,0.6666667,0.6359375,3200
fcc,3,0,CASIM-prefix,mixed_spurious_timing_late,0.05,0.8333333,0.579375,3200
fcc,3,0,CASIM-prefix,mixed_spurious_timing_late,0.05,1.0,0.796875,3200
fcc,3,0,CASIM-prefix,mixed_spurious_timing_late,0.1,0.1666667,0.155,3200
fcc,3,0,CASIM-prefix,mixed_spurious_timing_late,0.1,0.3333333,0.155,3200
fcc,3,0,CASIM-prefix,mixed_spurious_timing_late,0.1,0.5,0.2784375,3200
fcc,3,0,CASIM-prefix,mixed_spurious_timing_late,0.1,0.6666667,0.4615625,3200
fcc,3,0,CASIM-prefix,mixed_spurious_timing_late,0.1,0.8333333,0.46625,3200
fcc,3,0,CASIM-prefix,mixed_spurious_timing_late,0.1,1.0,0.5175,3200
fcc,3,0,CASIM-prefix,mixed_spurious_timing_late,0.15,0.1666667,0.07875,3200
fcc,3,0,CASIM-prefix,mixed_spurious_timing_late,0.15,0.3333333,0.07875,3200
fcc,3,0,CASIM-prefix,mixed_spurious_timing_late,0.15,0.5,0.1471875,3200
fcc,3,0,CASIM-prefix,mixed_spurious_timing_late,0.15,0.6666667,0.31875,3200
fcc,3,0,CASIM-prefix,mixed_spurious_timing_late,0.15,0.8333333,0.341875,3200
fcc,3,0,CASIM-prefix,mixed_spurious_timing_late,0.15,1.0,0.3496875,3200
fcc,3,0,CASIM-prefix,mixed_spurious_timing_late,0.2,0.1666667,0.0540625,3200
fcc,3,0,CASIM-prefix,mixed_spurious_timing_late,0.2,0.3333333,0.0540625,3200
fcc,3,0,CASIM-prefix,mixed_spurious_timing_late,0.2,0.5,0.10125,3200
fcc,3,0,CASIM-prefix,mixed_spurious_timing_late,0.2,0.6666667,0.245,3200
fcc,3,0,CASIM-prefix,mixed_spurious_timing_late,0.2,0.8333333,0.245,3200
fcc,3,0,CASIM-prefix,mixed_spurious_timing_late,0.2,1.0,0.2640625,3200
fcc,3,0,CASIM-prefix,mixed_spurious_timing_late,0.25,0.1666667,0.0528125,3200
fcc,3,0,CASIM-prefix,mixed_spurious_timing_late,0.25,0.3333333,0.0528125,3200
fcc,3,0,CASIM-prefix,mixed_spurious_timing_late,0.25,0.5,0.0728125,3200
fcc,3,0,CASIM-prefix,mixed_spurious_timing_late,0.25,0.6666667,0.0734375,3200
fcc,3,0,CASIM-prefix,mixed_spurious_timing_late,0.25,0.8333333,0.2421875,3200
fcc,3,0,CASIM-prefix,mixed_spurious_timing_late,0.25,1.0,0.2025,3200
fcc,3,0,CASIM-prefix,mixed_spurious_timing_late,0.3,0.1666667,0.06875,3200
fcc,3,0,CASIM-prefix,mixed_spurious_timing_late,0.3,0.3333333,0.06875,3200
fcc,3,0,CASIM-prefix,mixed_spurious_timing_late,0.3,0.5,0.06875,3200
fcc,3,0,CASIM-prefix,mixed_spurious_timing_late,0.3,0.6666667,0.06875,3200
fcc,3,0,CASIM-prefix,mixed_spurious_timing_late,0.3,0.8333333,0.19625,3200
fcc,3,0,CASIM-prefix,mixed_spurious_timing_late,0.3,1.0,0.2,3200
fcc,3,0,CASIM-prefix,mixed_spurious_timing_late,0.4,0.1666667,0.0715625,3200
fcc,3,0,CASIM-prefix,mixed_spurious_timing_late,0.4,0.3333333,0.0715625,3200
fcc,3,0,CASIM-prefix,mixed_spurious_timing_late,0.4,0.5,0.0715625,3200
fcc,3,0,CASIM-prefix,mixed_spurious_timing_late,0.4,0.6666667,0.1009375,3200
fcc,3,0,CASIM-prefix,mixed_spurious_timing_late,0.4,0.8333333,0.1,3200
fcc,3,0,CASIM-prefix,mixed_spurious_timing_late,0.4,1.0,0.1159375,3200
fcc,3,0,CASIM-prefix,mixed_spurious_timing_late,0.5,0.1666667,0.0646875,3200
fcc,3,0,CASIM-prefix,mixed_spurious_timing_late,0.5,0.3333333,0.0646875,3200
fcc,3,0,CASIM-prefix,mixed_spurious_timing_late,0.5,0.5,0.0646875,3200
fcc,3,0,CASIM-prefix,mixed_spurious_timing_late,0.5,0.6666667,0.068125,3200
fcc,3,0,CASIM-prefix,mixed_spurious_timing_late,0.5,0.8333333,0.0715625,3200
fcc,3,0,CASIM-prefix,mixed_spurious_timing_late,0.5,1.0,0.0865625,3200
fcc,3,0,CASIM-prefix,mixed_spurious_timing_late,0.6,0.1666667,0.0684375,3200
fcc,3,0,CASIM-prefix,mixed_spurious_timing_late,0.6,0.3333333,0.0684375,3200
fcc,3,0,CASIM-prefix,mixed_spurious_timing_late,0.6,0.5,0.0684375,3200
fcc,3,0,CASIM-prefix,mixed_spurious_timing_late,0.6,0.6666667,0.071875,3200
fcc,3,0,CASIM-prefix,mixed_spurious_timing_late,0.6,0.8333333,0.071875,3200
fcc,3,0,CASIM-prefix,mixed_spurious_timing_late,0.6,1.0,0.0703125,3200
fcc,3,0,CASIM-prefix,mixed_spurious_timing_late,0.7,0.1666667,0.0684375,3200
fcc,3,0,CASIM-prefix,mixed_spurious_timing_late,0.7,0.3333333,0.0684375,3200
fcc,3,0,CASIM-prefix,mixed_spurious_timing_late,0.7,0.5,0.06875,3200
fcc,3,0,CASIM-prefix,mixed_spurious_timing_late,0.7,0.6666667,0.07,3200
fcc,3,0,CASIM-prefix,mixed_spurious_timing_late,0.7,0.8333333,0.0696875,3200
fcc,3,0,CASIM-prefix,mixed_spurious_timing_late,0.7,1.0,0.07125,3200
fcc,3,0,CASIM-prefix,mixed_spurious_timing_late,0.8,0.1666667,0.0678125,3200
fcc,3,0,CASIM-prefix,mixed_spurious_timing_late,0.8,0.3333333,0.0678125,3200
fcc,3,0,CASIM-prefix,mixed_spurious_timing_late,0.8,0.5,0.0678125,3200
fcc,3,0,CASIM-prefix,mixed_spurious_timing_late,0.8,0.6666667,0.069375,3200
fcc,3,0,CASIM-prefix,mixed_spurious_timing_late,0.8,0.8333333,0.0684375,3200
fcc,3,0,CASIM-prefix,mixed_spurious_timing_late,0.8,1.0,0.0596875,3200
fcc,3,0,CASIM-prefix,mixed_spurious_timing_late,0.9,0.1666667,0.0678125,3200
fcc,3,0,CASIM-prefix,mixed_spurious_timing_late,0.9,0.3333333,0.0678125,3200
fcc,3,0,CASIM-prefix,mixed_spurious_timing_late,0.9,0.5,0.0678125,3200
fcc,3,0,CASIM-prefix,mixed_spurious_timing_late,0.9,0.6666667,0.068125,3200
fcc,3,0,CASIM-prefix,mixed_spurious_timing_late,0.9,0.8333333,0.0675,3200
fcc,3,0,CASIM-prefix,mixed_spurious_timing_late,0.9,1.0,0.0678125,3200
fcc,3,0,CASIM-prefix,spurious_events,0.0,0.1666667,0.93125,3200
fcc,3,0,CASIM-prefix,spurious_events,0.0,0.3333333,0.93125,3200
fcc,3,0,CASIM-prefix,spurious_events,0.0,0.5,0.99375,3200
fcc,3,0,CASIM-prefix,spurious_events,0.0,0.6666667,0.996875,3200
fcc,3,0,CASIM-prefix,spurious_events,0.0,0.8333333,1.0,3200
fcc,3,0,CASIM-prefix,spurious_events,0.0,1.0,0.996875,3200
fcc,3,0,CASIM-prefix,spurious_events,0.05,0.1666667,0.926875,3200
fcc,3,0,CASIM-prefix,spurious_events,0.05,0.3333333,0.926875,3200
fcc,3,0,CASIM-prefix,spurious_events,0.05,0.5,0.9871875,3200
fcc,3,0,CASIM-prefix,spurious_events,0.05,0.6666667,0.9865625,3200
fcc,3,0,CASIM-prefix,spurious_events,0.05,0.8333333,0.9909375,3200
fcc,3,0,CASIM-prefix,spurious_events,0.05,1.0,0.9903125,3200
fcc,3,0,CASIM-prefix,spurious_events,0.1,0.1666667,0.904375,3200
fcc,3,0,CASIM-prefix,spurious_events,0.1,0.3333333,0.904375,3200
fcc,3,0,CASIM-prefix,spurious_events,0.1,0.5,0.9640625,3200
fcc,3,0,CASIM-prefix,spurious_events,0.1,0.6666667,0.966875,3200
fcc,3,0,CASIM-prefix,spurious_events,0.1,0.8333333,0.966875,3200
fcc,3,0,CASIM-prefix,spurious_events,0.1,1.0,0.9790625,3200
fcc,3,0,CASIM-prefix,spurious_events,0.15,0.1666667,0.9,3200
fcc,3,0,CASIM-prefix,spurious_events,0.15,0.3333333,0.9,3200
fcc,3,0,CASIM-prefix,spurious_events,0.15,0.5,0.9475,3200
fcc,3,0,CASIM-prefix,spurious_events,0.15,0.6666667,0.9540625,3200
fcc,3,0,CASIM-prefix,spurious_events,0.15,0.8333333,0.9425,3200
fcc,3,0,CASIM-prefix,spurious_events,0.15,1.0,0.9609375,3200
fcc,3,0,CASIM-prefix,spurious_events,0.2,0.1666667,0.8834375,3200
fcc,3,0,CASIM-prefix,spurious_events,0.2,0.3333333,0.8834375,3200
fcc,3,0,CASIM-prefix,spurious_events,0.2,0.5,0.93875,3200
fcc,3,0,CASIM-prefix,spurious_events,0.2,0.6666667,0.9246875,3200
fcc,3,0,CASIM-prefix,spurious_events,0.2,0.8333333,0.909375,3200
fcc,3,0,CASIM-prefix,spurious_events,0.2,1.0,0.9365625,3200
fcc,3,0,CASIM-prefix,spurious_events,0.25,0.1666667,0.87,3200
fcc,3,0,CASIM-prefix,spurious_events,0.25,0.3333333,0.87,3200
fcc,3,0,CASIM-prefix,spurious_events,0.25,0.5,0.913125,3200
fcc,3,0,CASIM-prefix,spurious_events,0.25,0.6666667,0.9090625,3200
fcc,3,0,CASIM-prefix,spurious_events,0.25,0.8333333,0.88375,3200
fcc,3,0,CASIM-prefix,spurious_events,0.25,1.0,0.910625,3200
fcc,3,0,CASIM-prefix,spurious_events,0.3,0.1666667,0.86625,3200
fcc,3,0,CASIM-prefix,spurious_events,0.3,0.3333333,0.86625,3200
fcc,3,0,CASIM-prefix,spurious_events,0.3,0.5,0.891875,3200
fcc,3,0,CASIM-prefix,spurious_events,0.3,0.6666667,0.879375,3200
fcc,3,0,CASIM-prefix,spurious_events,0.3,0.8333333,0.855,3200
fcc,3,0,CASIM-prefix,spurious_events,0.3,1.0,0.87875,3200
fcc,3,0,CASIM-prefix,spurious_events,0.4,0.1666667,0.83875,3200
fcc,3,0,CASIM-prefix,spurious_events,0.4,0.3333333,0.83875,3200
fcc,3,0,CASIM-prefix,spurious_events,0.4,0.5,0.868125,3200
fcc,3,0,CASIM-prefix,spurious_events,0.4,0.6666667,0.834375,3200
fcc,3,0,CASIM-prefix,spurious_events,0.4,0.8333333,0.7971875,3200
fcc,3,0,CASIM-prefix,spurious_events,0.4,1.0,0.836875,3200
fcc,3,0,CASIM-prefix,spurious_events,0.5,0.1666667,0.8284375,3200
fcc,3,0,CASIM-prefix,spurious_events,0.5,0.3333333,0.8284375,3200
fcc,3,0,CASIM-prefix,spurious_events,0.5,0.5,0.8390625,3200
fcc,3,0,CASIM-prefix,spurious_events,0.5,0.6666667,0.8025,3200
fcc,3,0,CASIM-prefix,spurious_events,0.5,0.8333333,0.74875,3200
fcc,3,0,CASIM-prefix,spurious_events,0.5,1.0,0.7778125,3200
fcc,3,0,CASIM-prefix,spurious_events,0.6,0.1666667,0.805,3200
fcc,3,0,CASIM-prefix,spurious_events,0.6,0.3333333,0.805,3200
fcc,3,0,CASIM-prefix,spurious_events,0.6,0.5,0.805,3200
fcc,3,0,CASIM-prefix,spurious_events,0.6,0.6666667,0.7459375,3200
fcc,3,0,CASIM-prefix,spurious_events,0.6,0.8333333,0.72375,3200
fcc,3,0,CASIM-prefix,spurious_events,0.6,1.0,0.729375,3200
fcc,3,0,CASIM-prefix,spurious_events,0.7,0.1666667,0.7875,3200
fcc,3,0,CASIM-prefix,spurious_events,0.7,0.3333333,0.7875,3200
fcc,3,0,CASIM-prefix,spurious_events,0.7,0.5,0.7775,3200
fcc,3,0,CASIM-prefix,spurious_events,0.7,0.6666667,0.7325,3200
fcc,3,0,CASIM-prefix,spurious_events,0.7,0.8333333,0.68375,3200
fcc,3,0,CASIM-prefix,spurious_events,0.7,1.0,0.6875,3200
fcc,3,0,CASIM-prefix,spurious_events,0.8,0.1666667,0.764375,3200
fcc,3,0,CASIM-prefix,spurious_events,0.8,0.3333333,0.764375,3200
fcc,3,0,CASIM-prefix,spurious_events,0.8,0.5,0.746875,3200
fcc,3,0,CASIM-prefix,spurious_events,0.8,0.6666667,0.681875,3200
fcc,3,0,CASIM-prefix,spurious_events,0.8,0.8333333,0.6253125,3200
fcc,3,0,CASIM-prefix,spurious_events,0.8,1.0,0.6265625,3200
fcc,3,0,CASIM-prefix,spurious_events,0.9,0.1666667,0.7540625,3200
fcc,3,0,CASIM-prefix,spurious_events,0.9,0.3333333,0.7540625,3200
fcc,3,0,CASIM-prefix,spurious_events,0.9,0.5,0.7178125,3200
fcc,3,0,CASIM-prefix,spurious_events,0.9,0.6666667,0.6621875,3200
fcc,3,0,CASIM-prefix,spurious_events,0.9,0.8333333,0.600625,3200
fcc,3,0,CASIM-prefix,spurious_events,0.9,1.0,0.5903125,3200
fcc,3,0,CASIM-prefix,timing_uncertainty,0.0,0.1666667,0.93125,3200
fcc,3,0,CASIM-prefix,timing_uncertainty,0.0,0.3333333,0.93125,3200
fcc,3,0,CASIM-prefix,timing_uncertainty,0.0,0.5,0.99375,3200
fcc,3,0,CASIM-prefix,timing_uncertainty,0.0,0.6666667,0.996875,3200
fcc,3,0,CASIM-prefix,timing_uncertainty,0.0,0.8333333,1.0,3200
fcc,3,0,CASIM-prefix,timing_uncertainty,0.0,1.0,0.996875,3200
fcc,3,0,CASIM-prefix,timing_uncertainty,0.05,0.1666667,0.931875,3200
fcc,3,0,CASIM-prefix,timing_uncertainty,0.05,0.3333333,0.931875,3200
fcc,3,0,CASIM-prefix,timing_uncertainty,0.05,0.5,0.99375,3200
fcc,3,0,CASIM-prefix,timing_uncertainty,0.05,0.6666667,0.996875,3200
fcc,3,0,CASIM-prefix,timing_uncertainty,0.05,0.8333333,1.0,3200
fcc,3,0,CASIM-prefix,timing_uncertainty,0.05,1.0,0.996875,3200
fcc,3,0,CASIM-prefix,timing_uncertainty,0.1,0.1666667,0.9290625,3200
fcc,3,0,CASIM-prefix,timing_uncertainty,0.1,0.3333333,0.9290625,3200
fcc,3,0,CASIM-prefix,timing_uncertainty,0.1,0.5,0.991875,3200
fcc,3,0,CASIM-prefix,timing_uncertainty,0.1,0.6666667,0.99625,3200
fcc,3,0,CASIM-prefix,timing_uncertainty,0.1,0.8333333,0.999375,3200
fcc,3,0,CASIM-prefix,timing_uncertainty,0.1,1.0,0.996875,3200
fcc,3,0,CASIM-prefix,timing_uncertainty,0.15,0.1666667,0.9271875,3200
fcc,3,0,CASIM-prefix,timing_uncertainty,0.15,0.3333333,0.9271875,3200
fcc,3,0,CASIM-prefix,timing_uncertainty,0.15,0.5,0.99,3200
fcc,3,0,CASIM-prefix,timing_uncertainty,0.15,0.6666667,0.995625,3200
fcc,3,0,CASIM-prefix,timing_uncertainty,0.15,0.8333333,0.9996875,3200
fcc,3,0,CASIM-prefix,timing_uncertainty,0.15,1.0,0.996875,3200
fcc,3,0,CASIM-prefix,timing_uncertainty,0.2,0.1666667,0.92125,3200
fcc,3,0,CASIM-prefix,timing_uncertainty,0.2,0.3333333,0.92125,3200
fcc,3,0,CASIM-prefix,timing_uncertainty,0.2,0.5,0.9896875,3200
fcc,3,0,CASIM-prefix,timing_uncertainty,0.2,0.6666667,0.9953125,3200
fcc,3,0,CASIM-prefix,timing_uncertainty,0.2,0.8333333,0.999375,3200
fcc,3,0,CASIM-prefix,timing_uncertainty,0.2,1.0,0.996875,3200
fcc,3,0,CASIM-prefix,timing_uncertainty,0.25,0.1666667,0.9178125,3200
fcc,3,0,CASIM-prefix,timing_uncertainty,0.25,0.3333333,0.9178125,3200
fcc,3,0,CASIM-prefix,timing_uncertainty,0.25,0.5,0.983125,3200
fcc,3,0,CASIM-prefix,timing_uncertainty,0.25,0.6666667,0.99125,3200
fcc,3,0,CASIM-prefix,timing_uncertainty,0.25,0.8333333,0.9971875,3200
fcc,3,0,CASIM-prefix,timing_uncertainty,0.25,1.0,0.996875,3200
fcc,3,0,CASIM-prefix,timing_uncertainty,0.3,0.1666667,0.9165625,3200
fcc,3,0,CASIM-prefix,timing_uncertainty,0.3,0.3333333,0.9165625,3200
fcc,3,0,CASIM-prefix,timing_uncertainty,0.3,0.5,0.9790625,3200
fcc,3,0,CASIM-prefix,timing_uncertainty,0.3,0.6666667,0.9928125,3200
fcc,3,0,CASIM-prefix,timing_uncertainty,0.3,0.8333333,0.9984375,3200
fcc,3,0,CASIM-prefix,timing_uncertainty,0.3,1.0,0.99625,3200
fcc,3,0,CASIM-prefix,timing_uncertainty,0.4,0.1666667,0.880625,3200
fcc,3,0,CASIM-prefix,timing_uncertainty,0.4,0.3333333,0.880625,3200
fcc,3,0,CASIM-prefix,timing_uncertainty,0.4,0.5,0.973125,3200
fcc,3,0,CASIM-prefix,timing_uncertainty,0.4,0.6666667,0.9865625,3200
fcc,3,0,CASIM-prefix,timing_uncertainty,0.4,0.8333333,0.99625,3200
fcc,3,0,CASIM-prefix,timing_uncertainty,0.4,1.0,0.995625,3200
fcc,3,0,CASIM-prefix,timing_uncertainty,0.5,0.1666667,0.8559375,3200
fcc,3,0,CASIM-prefix,timing_uncertainty,0.5,0.3333333,0.8559375,3200
fcc,3,0,CASIM-prefix,timing_uncertainty,0.5,0.5,0.959375,3200
fcc,3,0,CASIM-prefix,timing_uncertainty,0.5,0.6666667,0.976875,3200
fcc,3,0,CASIM-prefix,timing_uncertainty,0.5,0.8333333,0.9953125,3200
fcc,3,0,CASIM-prefix,timing_uncertainty,0.5,1.0,0.9934375,3200
fcc,3,0,CASIM-prefix,timing_uncertainty,0.6,0.1666667,0.818125,3200
fcc,3,0,CASIM-prefix,timing_uncertainty,0.6,0.3333333,0.818125,3200
fcc,3,0,CASIM-prefix,timing_uncertainty,0.6,0.5,0.9446875,3200
fcc,3,0,CASIM-prefix,timing_uncertainty,0.6,0.6666667,0.9603125,3200
fcc,3,0,CASIM-prefix,timing_uncertainty,0.6,0.8333333,0.99375,3200
fcc,3,0,CASIM-prefix,timing_uncertainty,0.6,1.0,0.98875,3200
fcc,3,0,CASIM-prefix,timing_uncertainty,0.7,0.1666667,0.779375,3200
fcc,3,0,CASIM-prefix,timing_uncertainty,0.7,0.3333333,0.779375,3200
fcc,3,0,CASIM-prefix,timing_uncertainty,0.7,0.5,0.919375,3200
fcc,3,0,CASIM-prefix,timing_uncertainty,0.7,0.6666667,0.9490625,3200
fcc,3,0,CASIM-prefix,timing_uncertainty,0.7,0.8333333,0.9959375,3200
fcc,3,0,CASIM-prefix,timing_uncertainty,0.7,1.0,0.98375,3200
fcc,3,0,CASIM-prefix,timing_uncertainty,0.8,0.1666667,0.7203125,3200
fcc,3,0,CASIM-prefix,timing_uncertainty,0.8,0.3333333,0.7203125,3200
fcc,3,0,CASIM-prefix,timing_uncertainty,0.8,0.5,0.8884375,3200
fcc,3,0,CASIM-prefix,timing_uncertainty,0.8,0.6666667,0.925625,3200
fcc,3,0,CASIM-prefix,timing_uncertainty,0.8,0.8333333,0.995,3200
fcc,3,0,CASIM-prefix,timing_uncertainty,0.8,1.0,0.969375,3200
fcc,3,0,CASIM-prefix,timing_uncertainty,0.9,0.1666667,0.6775,3200
fcc,3,0,CASIM-prefix,timing_uncertainty,0.9,0.3333333,0.6775,3200
fcc,3,0,CASIM-prefix,timing_uncertainty,0.9,0.5,0.8540625,3200
fcc,3,0,CASIM-prefix,timing_uncertainty,0.9,0.6666667,0.9078125,3200
fcc,3,0,CASIM-prefix,timing_uncertainty,0.9,0.8333333,0.9890625,3200
fcc,3,0,CASIM-prefix,timing_uncertainty,0.9,1.0,0.96625,3200
fcc,3,0,EAC-1NN,late_time_delay,0.0,0.1666667,0.846875,3200
fcc,3,0,EAC-1NN,late_time_delay,0.0,0.3333333,0.846875,3200
fcc,3,0,EAC-1NN,late_time_delay,0.0,0.5,0.91875,3200
fcc,3,0,EAC-1NN,late_time_delay,0.0,0.6666667,0.975,3200
fcc,3,0,EAC-1NN,late_time_delay,0.0,0.8333333,0.990625,3200
fcc,3,0,EAC-1NN,late_time_delay,0.0,1.0,0.99375,3200
fcc,3,0,EAC-1NN,late_time_delay,0.05,0.1666667,0.4,3200
fcc,3,0,EAC-1NN,late_time_delay,0.05,0.3333333,0.4,3200
fcc,3,0,EAC-1NN,late_time_delay,0.05,0.5,0.590625,3200
fcc,3,0,EAC-1NN,late_time_delay,0.05,0.6666667,0.634375,3200
fcc,3,0,EAC-1NN,late_time_delay,0.05,0.8333333,0.640625,3200
fcc,3,0,EAC-1NN,late_time_delay,0.05,1.0,0.70625,3200
fcc,3,0,EAC-1NN,late_time_delay,0.1,0.1666667,0.34375,3200
fcc,3,0,EAC-1NN,late_time_delay,0.1,0.3333333,0.34375,3200
fcc,3,0,EAC-1NN,late_time_delay,0.1,0.5,0.553125,3200
fcc,3,0,EAC-1NN,late_time_delay,0.1,0.6666667,0.575,3200
fcc,3,0,EAC-1NN,late_time_delay,0.1,0.8333333,0.571875,3200
fcc,3,0,EAC-1NN,late_time_delay,0.1,1.0,0.615625,3200
fcc,3,0,EAC-1NN,late_time_delay,0.15,0.1666667,0.278125,3200
fcc,3,0,EAC-1NN,late_time_delay,0.15,0.3333333,0.278125,3200
fcc,3,0,EAC-1NN,late_time_delay,0.15,0.5,0.465625,3200
fcc,3,0,EAC-1NN,late_time_delay,0.15,0.6666667,0.496875,3200
fcc,3,0,EAC-1NN,late_time_delay,0.15,0.8333333,0.5375,3200
fcc,3,0,EAC-1NN,late_time_delay,0.15,1.0,0.5375,3200
fcc,3,0,EAC-1NN,late_time_delay,0.2,0.1666667,0.296875,3200
fcc,3,0,EAC-1NN,late_time_delay,0.2,0.3333333,0.296875,3200
fcc,3,0,EAC-1NN,late_time_delay,0.2,0.5,0.421875,3200
fcc,3,0,EAC-1NN,late_time_delay,0.2,0.6666667,0.45625,3200
fcc,3,0,EAC-1NN,late_time_delay,0.2,0.8333333,0.45625,3200
fcc,3,0,EAC-1NN,late_time_delay,0.2,1.0,0.478125,3200
fcc,3,0,EAC-1NN,late_time_delay,0.25,0.1666667,0.284375,3200
fcc,3,0,EAC-1NN,late_time_delay,0.25,0.3333333,0.284375,3200
fcc,3,0,EAC-1NN,late_time_delay,0.25,0.5,0.39375,3200
fcc,3,0,EAC-1NN,late_time_delay,0.25,0.6666667,0.39375,3200
fcc,3,0,EAC-1NN,late_time_delay,0.25,0.8333333,0.41875,3200
fcc,3,0,EAC-1NN,late_time_delay,0.25,1.0,0.453125,3200
fcc,3,0,EAC-1NN,late_time_delay,0.3,0.1666667,0.309375,3200
fcc,3,0,EAC-1NN,late_time_delay,0.3,0.3333333,0.309375,3200
fcc,3,0,EAC-1NN,late_time_delay,0.3,0.5,0.371875,3200
fcc,3,0,EAC-1NN,late_time_delay,0.3,0.6666667,0.371875,3200
fcc,3,0,EAC-1NN,late_time_delay,0.3,0.8333333,0.390625,3200
fcc,3,0,EAC-1NN,late_time_delay,0.3,1.0,0.434375,3200
fcc,3,0,EAC-1NN,late_time_delay,0.4,0.1666667,0.23125,3200
fcc,3,0,EAC-1NN,late_time_delay,0.4,0.3333333,0.23125,3200
fcc,3,0,EAC-1NN,late_time_delay,0.4,0.5,0.23125,3200
fcc,3,0,EAC-1NN,late_time_delay,0.4,0.6666667,0.309375,3200
fcc,3,0,EAC-1NN,late_time_delay,0.4,0.8333333,0.309375,3200
fcc,3,0,EAC-1NN,late_time_delay,0.4,1.0,0.39375,3200
fcc,3,0,EAC-1NN,late_time_delay,0.5,0.1666667,0.190625,3200
fcc,3,0,EAC-1NN,late_time_delay,0.5,0.3333333,0.190625,3200
fcc,3,0,EAC-1NN,late_time_delay,0.5,0.5,0.190625,3200
fcc,3,0,EAC-1NN,late_time_delay,0.5,0.6666667,0.190625,3200
fcc,3,0,EAC-1NN,late_time_delay,0.5,0.8333333,0.30625,3200
fcc,3,0,EAC-1NN,late_time_delay,0.5,1.0,0.321875,3200
fcc,3,0,EAC-1NN,late_time_delay,0.6,0.1666667,0.1875,3200
fcc,3,0,EAC-1NN,late_time_delay,0.6,0.3333333,0.1875,3200
fcc,3,0,EAC-1NN,late_time_delay,0.6,0.5,0.1875,3200
fcc,3,0,EAC-1NN,late_time_delay,0.6,0.6666667,0.1875,3200
fcc,3,0,EAC-1NN,late_time_delay,0.6,0.8333333,0.1875,3200
fcc,3,0,EAC-1NN,late_time_delay,0.6,1.0,0.253125,3200
fcc,3,0,EAC-1NN,late_time_delay,0.7,0.1666667,0.196875,3200
fcc,3,0,EAC-1NN,late_time_delay,0.7,0.3333333,0.196875,3200
fcc,3,0,EAC-1NN,late_time_delay,0.7,0.5,0.196875,3200
fcc,3,0,EAC-1NN,late_time_delay,0.7,0.6666667,0.196875,3200
fcc,3,0,EAC-1NN,late_time_delay,0.7,0.8333333,0.196875,3200
fcc,3,0,EAC-1NN,late_time_delay,0.7,1.0,0.225,3200
fcc,3,0,EAC-1NN,late_time_delay,0.8,0.1666667,0.1875,3200
fcc,3,0,EAC-1NN,late_time_delay,0.8,0.3333333,0.1875,3200
fcc,3,0,EAC-1NN,late_time_delay,0.8,0.5,0.1875,3200
fcc,3,0,EAC-1NN,late_time_delay,0.8,0.6666667,0.1875,3200
fcc,3,0,EAC-1NN,late_time_delay,0.8,0.8333333,0.1875,3200
fcc,3,0,EAC-1NN,late_time_delay,0.8,1.0,0.190625,3200
fcc,3,0,EAC-1NN,late_time_delay,0.9,0.1666667,0.15,3200
fcc,3,0,EAC-1NN,late_time_delay,0.9,0.3333333,0.15,3200
fcc,3,0,EAC-1NN,late_time_delay,0.9,0.5,0.15,3200
fcc,3,0,EAC-1NN,late_time_delay,0.9,0.6666667,0.15,3200
fcc,3,0,EAC-1NN,late_time_delay,0.9,0.8333333,0.15,3200
fcc,3,0,EAC-1NN,late_time_delay,0.9,1.0,0.15,3200
fcc,3,0,EAC-1NN,missing_events,0.0,0.1666667,0.846875,3200
fcc,3,0,EAC-1NN,missing_events,0.0,0.3333333,0.846875,3200
fcc,3,0,EAC-1NN,missing_events,0.0,0.5,0.91875,3200
fcc,3,0,EAC-1NN,missing_events,0.0,0.6666667,0.975,3200
fcc,3,0,EAC-1NN,missing_events,0.0,0.8333333,0.990625,3200
fcc,3,0,EAC-1NN,missing_events,0.0,1.0,0.99375,3200
fcc,3,0,EAC-1NN,missing_events,0.05,0.1666667,0.83625,3200
fcc,3,0,EAC-1NN,missing_events,0.05,0.3333333,0.83625,3200
fcc,3,0,EAC-1NN,missing_events,0.05,0.5,0.915625,3200
fcc,3,0,EAC-1NN,missing_events,0.05,0.6666667,0.9728125,3200
fcc,3,0,EAC-1NN,missing_events,0.05,0.8333333,0.988125,3200
fcc,3,0,EAC-1NN,missing_events,0.05,1.0,0.99,3200
fcc,3,0,EAC-1NN,missing_events,0.1,0.1666667,0.820625,3200
fcc,3,0,EAC-1NN,missing_events,0.1,0.3333333,0.820625,3200
fcc,3,0,EAC-1NN,missing_events,0.1,0.5,0.909375,3200
fcc,3,0,EAC-1NN,missing_events,0.1,0.6666667,0.969375,3200
fcc,3,0,EAC-1NN,missing_events,0.1,0.8333333,0.9859375,3200
fcc,3,0,EAC-1NN,missing_events,0.1,1.0,0.98625,3200
fcc,3,0,EAC-1NN,missing_events,0.15,0.1666667,0.7840625,3200
fcc,3,0,EAC-1NN,missing_events,0.15,0.3333333,0.7840625,3200
fcc,3,0,EAC-1NN,missing_events,0.15,0.5,0.90125,3200
fcc,3,0,EAC-1NN,missing_events,0.15,0.6666667,0.961875,3200
fcc,3,0,EAC-1NN,missing_events,0.15,0.8333333,0.9821875,3200
fcc,3,0,EAC-1NN,missing_events,0.15,1.0,0.98,3200
fcc,3,0,EAC-1NN,missing_events,0.2,0.1666667,0.7621875,3200
fcc,3,0,EAC-1NN,missing_events,0.2,0.3333333,0.7621875,3200
fcc,3,0,EAC-1NN,missing_events,0.2,0.5,0.88375,3200
fcc,3,0,EAC-1NN,missing_events,0.2,0.6666667,0.9553125,3200
fcc,3,0,EAC-1NN,missing_events,0.2,0.8333333,0.9740625,3200
fcc,3,0,EAC-1NN,missing_events,0.2,1.0,0.9740625,3200
fcc,3,0,EAC-1NN,missing_events,0.25,0.1666667,0.7246875,3200
fcc,3,0,EAC-1NN,missing_events,0.25,0.3333333,0.7246875,3200
fcc,3,0,EAC-1NN,missing_events,0.25,0.5,0.8665625,3200
fcc,3,0,EAC-1NN,missing_events,0.25,0.6666667,0.9390625,3200
fcc,3,0,EAC-1NN,missing_events,0.25,0.8333333,0.96,3200
fcc,3,0,EAC-1NN,missing_events,0.25,1.0,0.96125,3200
fcc,3,0,EAC-1NN,missing_events,0.3,0.1666667,0.719375,3200
fcc,3,0,EAC-1NN,missing_events,0.3,0.3333333,0.719375,3200
fcc,3,0,EAC-1NN,missing_events,0.3,0.5,0.8575,3200
fcc,3,0,EAC-1NN,missing_events,0.3,0.6666667,0.9328125,3200
fcc,3,0,EAC-1NN,missing_events,0.3,0.8333333,0.955625,3200
fcc,3,0,EAC-1NN,missing_events,0.3,1.0,0.9553125,3200
fcc,3,0,EAC-1NN,missing_events,0.4,0.1666667,0.669375,3200
fcc,3,0,EAC-1NN,missing_events,0.4,0.3333333,0.669375,3200
fcc,3,0,EAC-1NN,missing_events,0.4,0.5,0.815,3200
fcc,3,0,EAC-1NN,missing_events,0.4,0.6666667,0.8925,3200
fcc,3,0,EAC-1NN,missing_events,0.4,0.8333333,0.918125,3200
fcc,3,0,EAC-1NN,missing_events,0.4,1.0,0.9290625,3200
fcc,3,0,EAC-1NN,missing_events,0.5,0.1666667,0.5871875,3200
fcc,3,0,EAC-1NN,missing_events,0.5,0.3333333,0.5871875,3200
fcc,3,0,EAC-1NN,missing_events,0.5,0.5,0.720625,3200
fcc,3,0,EAC-1NN,missing_events,0.5,0.6666667,0.810625,3200
fcc,3,0,EAC-1NN,missing_events,0.5,0.8333333,0.8446875,3200
fcc,3,0,EAC-1NN,missing_events,0.5,1.0,0.8640625,3200
fcc,3,0,EAC-1NN,missing_events,0.6,0.1666667,0.531875,3200
fcc,3,0,EAC-1NN,missing_events,0.6,0.3333333,0.531875,3200
fcc,3,0,EAC-1NN,missing_events,0.6,0.5,0.6665625,3200
fcc,3,0,EAC-1NN,missing_events,0.6,0.6666667,0.75125,3200
fcc,3,0,EAC-1NN,missing_events,0.6,0.8333333,0.7896875,3200
fcc,3,0,EAC-1NN,missing_events,0.6,1.0,0.809375,3200
fcc,3,0,EAC-1NN,missing_events,0.7,0.1666667,0.4628125,3200
fcc,3,0,EAC-1NN,missing_events,0.7,0.3333333,0.4628125,3200
fcc,3,0,EAC-1NN,missing_events,0.7,0.5,0.5575,3200
fcc,3,0,EAC-1NN,missing_events,0.7,0.6666667,0.6359375,3200
fcc,3,0,EAC-1NN,missing_events,0.7,0.8333333,0.6721875,3200
fcc,3,0,EAC-1NN,missing_events,0.7,1.0,0.7084375,3200
fcc,3,0,EAC-1NN,missing_events,0.8,0.1666667,0.3496875,3200
fcc,3,0,EAC-1NN,missing_events,0.8,0.3333333,0.3496875,3200
fcc,3,0,EAC-1NN,missing_events,0.8,0.5,0.4034375,3200
fcc,3,0,EAC-1NN,missing_events,0.8,0.6666667,0.4740625,3200
fcc,3,0,EAC-1NN,missing_events,0.8,0.8333333,0.5046875,3200
fcc,3,0,EAC-1NN,missing_events,0.8,1.0,0.540625,3200
fcc,3,0,EAC-1NN,missing_events,0.9,0.1666667,0.239375,3200
fcc,3,0,EAC-1NN,missing_events,0.9,0.3333333,0.239375,3200
fcc,3,0,EAC-1NN,missing_events,0.9,0.5,0.279375,3200
fcc,3,0,EAC-1NN,missing_events,0.9,0.6666667,0.3121875,3200
fcc,3,0,EAC-1NN,missing_events,0.9,0.8333333,0.339375,3200
fcc,3,0,EAC-1NN,missing_events,0.9,1.0,0.354375,3200
fcc,3,0,EAC-1NN,mixed_missing_spurious,0.0,0.1666667,0.846875,3200
fcc,3,0,EAC-1NN,mixed_missing_spurious,0.0,0.3333333,0.846875,3200
fcc,3,0,EAC-1NN,mixed_missing_spurious,0.0,0.5,0.91875,3200
fcc,3,0,EAC-1NN,mixed_missing_spurious,0.0,0.6666667,0.975,3200
fcc,3,0,EAC-1NN,mixed_missing_spurious,0.0,0.8333333,0.990625,3200
fcc,3,0,EAC-1NN,mixed_missing_spurious,0.0,1.0,0.99375,3200
fcc,3,0,EAC-1NN,mixed_missing_spurious,0.05,0.1666667,0.83875,3200
fcc,3,0,EAC-1NN,mixed_missing_spurious,0.05,0.3333333,0.83875,3200
fcc,3,0,EAC-1NN,mixed_missing_spurious,0.05,0.5,0.9165625,3200
fcc,3,0,EAC-1NN,mixed_missing_spurious,0.05,0.6666667,0.973125,3200
fcc,3,0,EAC-1NN,mixed_missing_spurious,0.05,0.8333333,0.9884375,3200
fcc,3,0,EAC-1NN,mixed_missing_spurious,0.05,1.0,0.9925,3200
fcc,3,0,EAC-1NN,mixed_missing_spurious,0.1,0.1666667,0.804375,3200
fcc,3,0,EAC-1NN,mixed_missing_spurious,0.1,0.3333333,0.804375,3200
fcc,3,0,EAC-1NN,mixed_missing_spurious,0.1,0.5,0.9084375,3200
fcc,3,0,EAC-1NN,mixed_missing_spurious,0.1,0.6666667,0.9684375,3200
fcc,3,0,EAC-1NN,mixed_missing_spurious,0.1,0.8333333,0.9853125,3200
fcc,3,0,EAC-1NN,mixed_missing_spurious,0.1,1.0,0.9865625,3200
fcc,3,0,EAC-1NN,mixed_missing_spurious,0.15,0.1666667,0.778125,3200
fcc,3,0,EAC-1NN,mixed_missing_spurious,0.15,0.3333333,0.778125,3200
fcc,3,0,EAC-1NN,mixed_missing_spurious,0.15,0.5,0.8940625,3200
fcc,3,0,EAC-1NN,mixed_missing_spurious,0.15,0.6666667,0.9496875,3200
fcc,3,0,EAC-1NN,mixed_missing_spurious,0.15,0.8333333,0.9721875,3200
fcc,3,0,EAC-1NN,mixed_missing_spurious,0.15,1.0,0.975625,3200
fcc,3,0,EAC-1NN,mixed_missing_spurious,0.2,0.1666667,0.7565625,3200
fcc,3,0,EAC-1NN,mixed_missing_spurious,0.2,0.3333333,0.7565625,3200
fcc,3,0,EAC-1NN,mixed_missing_spurious,0.2,0.5,0.87875,3200
fcc,3,0,EAC-1NN,mixed_missing_spurious,0.2,0.6666667,0.9440625,3200
fcc,3,0,EAC-1NN,mixed_missing_spurious,0.2,0.8333333,0.963125,3200
fcc,3,0,EAC-1NN,mixed_missing_spurious,0.2,1.0,0.9646875,3200
fcc,3,0,EAC-1NN,mixed_missing_spurious,0.25,0.1666667,0.72125,3200
fcc,3,0,EAC-1NN,mixed_missing_spurious,0.25,0.3333333,0.72125,3200
fcc,3,0,EAC-1NN,mixed_missing_spurious,0.25,0.5,0.8528125,3200
fcc,3,0,EAC-1NN,mixed_missing_spurious,0.25,0.6666667,0.9175,3200
fcc,3,0,EAC-1NN,mixed_missing_spurious,0.25,0.8333333,0.939375,3200
fcc,3,0,EAC-1NN,mixed_missing_spurious,0.25,1.0,0.9471875,3200
fcc,3,0,EAC-1NN,mixed_missing_spurious,0.3,0.1666667,0.7028125,3200
fcc,3,0,EAC-1NN,mixed_missing_spurious,0.3,0.3333333,0.7028125,3200
fcc,3,0,EAC-1NN,mixed_missing_spurious,0.3,0.5,0.8346875,3200
fcc,3,0,EAC-1NN,mixed_missing_spurious,0.3,0.6666667,0.9015625,3200
fcc,3,0,EAC-1NN,mixed_missing_spurious,0.3,0.8333333,0.926875,3200
fcc,3,0,EAC-1NN,mixed_missing_spurious,0.3,1.0,0.9278125,3200
fcc,3,0,EAC-1NN,mixed_missing_spurious,0.4,0.1666667,0.6434375,3200
fcc,3,0,EAC-1NN,mixed_missing_spurious,0.4,0.3333333,0.6434375,3200
fcc,3,0,EAC-1NN,mixed_missing_spurious,0.4,0.5,0.766875,3200
fcc,3,0,EAC-1NN,mixed_missing_spurious,0.4,0.6666667,0.836875,3200
fcc,3,0,EAC-1NN,mixed_missing_spurious,0.4,0.8333333,0.8696875,3200
fcc,3,0,EAC-1NN,mixed_missing_spurious,0.4,1.0,0.880625,3200
fcc,3,0,EAC-1NN,mixed_missing_spurious,0.5,0.1666667,0.5675,3200
fcc,3,0,EAC-1NN,mixed_missing_spurious,0.5,0.3333333,0.5675,3200
fcc,3,0,EAC-1NN,mixed_missing_spurious,0.5,0.5,0.6934375,3200
fcc,3,0,EAC-1NN,mixed_missing_spurious,0.5,0.6666667,0.756875,3200
fcc,3,0,EAC-1NN,mixed_missing_spurious,0.5,0.8333333,0.785,3200
fcc,3,0,EAC-1NN,mixed_missing_spurious,0.5,1.0,0.79625,3200
fcc,3,0,EAC-1NN,mixed_missing_spurious,0.6,0.1666667,0.5075,3200
fcc,3,0,EAC-1NN,mixed_missing_spurious,0.6,0.3333333,0.5075,3200
fcc,3,0,EAC-1NN,mixed_missing_spurious,0.6,0.5,0.6134375,3200
fcc,3,0,EAC-1NN,mixed_missing_spurious,0.6,0.6666667,0.68,3200
fcc,3,0,EAC-1NN,mixed_missing_spurious,0.6,0.8333333,0.70875,3200
fcc,3,0,EAC-1NN,mixed_missing_spurious,0.6,1.0,0.72,3200
fcc,3,0,EAC-1NN,mixed_missing_spurious,0.7,0.1666667,0.428125,3200
fcc,3,0,EAC-1NN,mixed_missing_spurious,0.7,0.3333333,0.428125,3200
fcc,3,0,EAC-1NN,mixed_missing_spurious,0.7,0.5,0.514375,3200
fcc,3,0,EAC-1NN,mixed_missing_spurious,0.7,0.6666667,0.564375,3200
fcc,3,0,EAC-1NN,mixed_missing_spurious,0.7,0.8333333,0.5884375,3200
fcc,3,0,EAC-1NN,mixed_missing_spurious,0.7,1.0,0.5953125,3200
fcc,3,0,EAC-1NN,mixed_missing_spurious,0.8,0.1666667,0.3375,3200
fcc,3,0,EAC-1NN,mixed_missing_spurious,0.8,0.3333333,0.3375,3200
fcc,3,0,EAC-1NN,mixed_missing_spurious,0.8,0.5,0.3859375,3200
fcc,3,0,EAC-1NN,mixed_missing_spurious,0.8,0.6666667,0.4165625,3200
fcc,3,0,EAC-1NN,mixed_missing_spurious,0.8,0.8333333,0.438125,3200
fcc,3,0,EAC-1NN,mixed_missing_spurious,0.8,1.0,0.4496875,3200
fcc,3,0,EAC-1NN,mixed_missing_spurious,0.9,0.1666667,0.248125,3200
fcc,3,0,EAC-1NN,mixed_missing_spurious,0.9,0.3333333,0.248125,3200
fcc,3,0,EAC-1NN,mixed_missing_spurious,0.9,0.5,0.2746875,3200
fcc,3,0,EAC-1NN,mixed_missing_spurious,0.9,0.6666667,0.306875,3200
fcc,3,0,EAC-1NN,mixed_missing_spurious,0.9,0.8333333,0.319375,3200
fcc,3,0,EAC-1NN,mixed_missing_spurious,0.9,1.0,0.3303125,3200
fcc,3,0,EAC-1NN,mixed_spurious_timing_late,0.0,0.1666667,0.846875,3200
fcc,3,0,EAC-1NN,mixed_spurious_timing_late,0.0,0.3333333,0.846875,3200
fcc,3,0,EAC-1NN,mixed_spurious_timing_late,0.0,0.5,0.91875,3200
fcc,3,0,EAC-1NN,mixed_spurious_timing_late,0.0,0.6666667,0.975,3200
fcc,3,0,EAC-1NN,mixed_spurious_timing_late,0.0,0.8333333,0.990625,3200
fcc,3,0,EAC-1NN,mixed_spurious_timing_late,0.0,1.0,0.99375,3200
fcc,3,0,EAC-1NN,mixed_spurious_timing_late,0.05,0.1666667,0.399375,3200
fcc,3,0,EAC-1NN,mixed_spurious_timing_late,0.05,0.3333333,0.399375,3200
fcc,3,0,EAC-1NN,mixed_spurious_timing_late,0.05,0.5,0.5884375,3200
fcc,3,0,EAC-1NN,mixed_spurious_timing_late,0.05,0.6666667,0.6359375,3200
fcc,3,0,EAC-1NN,mixed_spurious_timing_late,0.05,0.8333333,0.6409375,3200
fcc,3,0,EAC-1NN,mixed_spurious_timing_late,0.05,1.0,0.7059375,3200
fcc,3,0,EAC-1NN,mixed_spurious_timing_late,0.1,0.1666667,0.33875,3200
fcc,3,0,EAC-1NN,mixed_spurious_timing_late,0.1,0.3333333,0.33875,3200
fcc,3,0,EAC-1NN,mixed_spurious_timing_late,0.1,0.5,0.5471875,3200
fcc,3,0,EAC-1NN,mixed_spurious_timing_late,0.1,0.6666667,0.568125,3200
fcc,3,0,EAC-1NN,mixed_spurious_timing_late,0.1,0.8333333,0.56875,3200
fcc,3,0,EAC-1NN,mixed_spurious_timing_late,0.1,1.0,0.61375,3200
fcc,3,0,EAC-1NN,mixed_spurious_timing_late,0.15,0.1666667,0.2721875,3200
fcc,3,0,EAC-1NN,mixed_spurious_timing_late,0.15,0.3333333,0.2721875,3200
fcc,3,0,EAC-1NN,mixed_spurious_timing_late,0.15,0.5,0.4396875,3200
fcc,3,0,EAC-1NN,mixed_spurious_timing_late,0.15,0.6666667,0.4821875,3200
fcc,3,0,EAC-1NN,mixed_spurious_timing_late,0.15,0.8333333,0.513125,3200
fcc,3,0,EAC-1NN,mixed_spurious_timing_late,0.15,1.0,0.51875,3200
fcc,3,0,EAC-1NN,mixed_spurious_timing_late,0.2,0.1666667,0.2859375,3200
fcc,3,0,EAC-1NN,mixed_spurious_timing_late,0.2,0.3333333,0.2859375,3200
fcc,3,0,EAC-1NN,mixed_spurious_timing_late,0.2,0.5,0.4,3200
fcc,3,0,EAC-1NN,mixed_spurious_timing_late,0.2,0.6666667,0.4325,3200
fcc,3,0,EAC-1NN,mixed_spurious_timing_late,0.2,0.8333333,0.4325,3200
fcc,3,0,EAC-1NN,mixed_spurious_timing_late,0.2,1.0,0.4521875,3200
fcc,3,0,EAC-1NN,mixed_spurious_timing_late,0.25,0.1666667,0.2665625,3200
fcc,3,0,EAC-1NN,mixed_spurious_timing_late,0.25,0.3333333,0.2665625,3200
fcc,3,0,EAC-1NN,mixed_spurious_timing_late,0.25,0.5,0.3478125,3200
fcc,3,0,EAC-1NN,mixed_spurious_timing_late,0.25,0.6666667,0.3478125,3200
fcc,3,0,EAC-1NN,mixed_spurious_timing_late,0.25,0.8333333,0.38625,3200
fcc,3,0,EAC-1NN,mixed_spurious_timing_late,0.25,1.0,0.41,3200
fcc,3,0,EAC-1NN,mixed_spurious_timing_late,0.3,0.1666667,0.28875,3200
fcc,3,0,EAC-1NN,mixed_spurious_timing_late,0.3,0.3333333,0.28875,3200
fcc,3,0,EAC-1NN,mixed_spurious_timing_late,0.3,0.5,0.3315625,3200
fcc,3,0,EAC-1NN,mixed_spurious_timing_late,0.3,0.6666667,0.3315625,3200
fcc,3,0,EAC-1NN,mixed_spurious_timing_late,0.3,0.8333333,0.3653125,3200
fcc,3,0,EAC-1NN,mixed_spurious_timing_late,0.3,1.0,0.3825,3200
fcc,3,0,EAC-1NN,mixed_spurious_timing_late,0.4,0.1666667,0.1903125,3200
fcc,3,0,EAC-1NN,mixed_spurious_timing_late,0.4,0.3333333,0.1903125,3200
fcc,3,0,EAC-1NN,mixed_spurious_timing_late,0.4,0.5,0.1903125,3200
fcc,3,0,EAC-1NN,mixed_spurious_timing_late,0.4,0.6666667,0.2371875,3200
fcc,3,0,EAC-1NN,mixed_spurious_timing_late,0.4,0.8333333,0.2371875,3200
fcc,3,0,EAC-1NN,mixed_spurious_timing_late,0.4,1.0,0.2740625,3200
fcc,3,0,EAC-1NN,mixed_spurious_timing_late,0.5,0.1666667,0.1384375,3200
fcc,3,0,EAC-1NN,mixed_spurious_timing_late,0.5,0.3333333,0.1384375,3200
fcc,3,0,EAC-1NN,mixed_spurious_timing_late,0.5,0.5,0.1384375,3200
fcc,3,0,EAC-1NN,mixed_spurious_timing_late,0.5,0.6666667,0.1384375,3200
fcc,3,0,EAC-1NN,mixed_spurious_timing_late,0.5,0.8333333,0.1984375,3200
fcc,3,0,EAC-1NN,mixed_spurious_timing_late,0.5,1.0,0.2071875,3200
fcc,3,0,EAC-1NN,mixed_spurious_timing_late,0.6,0.1666667,0.1340625,3200
fcc,3,0,EAC-1NN,mixed_spurious_timing_late,0.6,0.3333333,0.1340625,3200
fcc,3,0,EAC-1NN,mixed_spurious_timing_late,0.6,0.5,0.1340625,3200
fcc,3,0,EAC-1NN,mixed_spurious_timing_late,0.6,0.6666667,0.1340625,3200
fcc,3,0,EAC-1NN,mixed_spurious_timing_late,0.6,0.8333333,0.1340625,3200
fcc,3,0,EAC-1NN,mixed_spurious_timing_late,0.6,1.0,0.165625,3200
fcc,3,0,EAC-1NN,mixed_spurious_timing_late,0.7,0.1666667,0.115,3200
fcc,3,0,EAC-1NN,mixed_spurious_timing_late,0.7,0.3333333,0.115,3200
fcc,3,0,EAC-1NN,mixed_spurious_timing_late,0.7,0.5,0.115,3200
fcc,3,0,EAC-1NN,mixed_spurious_timing_late,0.7,0.6666667,0.115,3200
fcc,3,0,EAC-1NN,mixed_spurious_timing_late,0.7,0.8333333,0.115,3200
fcc,3,0,EAC-1NN,mixed_spurious_timing_late,0.7,1.0,0.1265625,3200
fcc,3,0,EAC-1NN,mixed_spurious_timing_late,0.8,0.1666667,0.103125,3200
fcc,3,0,EAC-1NN,mixed_spurious_timing_late,0.8,0.3333333,0.103125,3200
fcc,3,0,EAC-1NN,mixed_spurious_timing_late,0.8,0.5,0.103125,3200
fcc,3,0,EAC-1NN,mixed_spurious_timing_late,0.8,0.6666667,0.103125,3200
fcc,3,0,EAC-1NN,mixed_spurious_timing_late,0.8,0.8333333,0.103125,3200
fcc,3,0,EAC-1NN,mixed_spurious_timing_late,0.8,1.0,0.1040625,3200
fcc,3,0,EAC-1NN,mixed_spurious_timing_late,0.9,0.1666667,0.084375,3200
fcc,3,0,EAC-1NN,mixed_spurious_timing_late,0.9,0.3333333,0.084375,3200
fcc,3,0,EAC-1NN,mixed_spurious_timing_late,0.9,0.5,0.084375,3200
fcc,3,0,EAC-1NN,mixed_spurious_timing_late,0.9,0.6666667,0.084375,3200
fcc,3,0,EAC-1NN,mixed_spurious_timing_late,0.9,0.8333333,0.084375,3200
fcc,3,0,EAC-1NN,mixed_spurious_timing_late,0.9,1.0,0.084375,3200
fcc,3,0,EAC-1NN,spurious_events,0.0,0.1666667,0.846875,3200
fcc,3,0,EAC-1NN,spurious_events,0.0,0.3333333,0.846875,3200
fcc,3,0,EAC-1NN,spurious_events,0.0,0.5,0.91875,3200
fcc,3,0,EAC-1NN,spurious_events,0.0,0.6666667,0.975,3200
fcc,3,0,EAC-1NN,spurious_events,0.0,0.8333333,0.990625,3200
fcc,3,0,EAC-1NN,spurious_events,0.0,1.0,0.99375,3200
fcc,3,0,EAC-1NN,spurious_events,0.05,0.1666667,0.845625,3200
fcc,3,0,EAC-1NN,spurious_events,0.05,0.3333333,0.845625,3200
fcc,3,0,EAC-1NN,spurious_events,0.05,0.5,0.919375,3200
fcc,3,0,EAC-1NN,spurious_events,0.05,0.6666667,0.97375,3200
fcc,3,0,EAC-1NN,spurious_events,0.05,0.8333333,0.9903125,3200
fcc,3,0,EAC-1NN,spurious_events,0.05,1.0,0.9934375,3200
fcc,3,0,EAC-1NN,spurious_events,0.1,0.1666667,0.84125,3200
fcc,3,0,EAC-1NN,spurious_events,0.1,0.3333333,0.84125,3200
fcc,3,0,EAC-1NN,spurious_events,0.1,0.5,0.916875,3200
fcc,3,0,EAC-1NN,spurious_events,0.1,0.6666667,0.9715625,3200
fcc,3,0,EAC-1NN,spurious_events,0.1,0.8333333,0.9878125,3200
fcc,3,0,EAC-1NN,spurious_events,0.1,1.0,0.9915625,3200
fcc,3,0,EAC-1NN,spurious_events,0.15,0.1666667,0.840625,3200
fcc,3,0,EAC-1NN,spurious_events,0.15,0.3333333,0.840625,3200
fcc,3,0,EAC-1NN,spurious_events,0.15,0.5,0.9175,3200
fcc,3,0,EAC-1NN,spurious_events,0.15,0.6666667,0.9690625,3200
fcc,3,0,EAC-1NN,spurious_events,0.15,0.8333333,0.9871875,3200
fcc,3,0,EAC-1NN,spurious_events,0.15,1.0,0.9921875,3200
fcc,3,0,EAC-1NN,spurious_events,0.2,0.1666667,0.835625,3200
fcc,3,0,EAC-1NN,spurious_events,0.2,0.3333333,0.835625,3200
fcc,3,0,EAC-1NN,spurious_events,0.2,0.5,0.913125,3200
fcc,3,0,EAC-1NN,spurious_events,0.2,0.6666667,0.966875,3200
fcc,3,0,EAC-1NN,spurious_events,0.2,0.8333333,0.9809375,3200
fcc,3,0,EAC-1NN,spurious_events,0.2,1.0,0.988125,3200
fcc,3,0,EAC-1NN,spurious_events,0.25,0.1666667,0.8340625,3200
fcc,3,0,EAC-1NN,spurious_events,0.25,0.3333333,0.8340625,3200
fcc,3,0,EAC-1NN,spurious_events,0.25,0.5,0.9071875,3200
fcc,3,0,EAC-1NN,spurious_events,0.25,0.6666667,0.9615625,3200
fcc,3,0,EAC-1NN,spurious_events,0.25,0.8333333,0.97875,3200
fcc,3,0,EAC-1NN,spurious_events,0.25,1.0,0.98375,3200
fcc,3,0,EAC-1NN,spurious_events,0.3,0.1666667,0.828125,3200
fcc,3,0,EAC-1NN,spurious_events,0.3,0.3333333,0.828125,3200
fcc,3,0,EAC-1NN,spurious_events,0.3,0.5,0.9071875,3200
fcc,3,0,EAC-1NN,spurious_events,0.3,0.6666667,0.958125,3200
fcc,3,0,EAC-1NN,spurious_events,0.3,0.8333333,0.978125,3200
fcc,3,0,EAC-1NN,spurious_events,0.3,1.0,0.983125,3200
fcc,3,0,EAC-1NN,spurious_events,0.4,0.1666667,0.82375,3200
fcc,3,0,EAC-1NN,spurious_events,0.4,0.3333333,0.82375,3200
fcc,3,0,EAC-1NN,spurious_events,0.4,0.5,0.8978125,3200
fcc,3,0,EAC-1NN,spurious_events,0.4,0.6666667,0.9515625,3200
fcc,3,0,EAC-1NN,spurious_events,0.4,0.8333333,0.9665625,3200
fcc,3,0,EAC-1NN,spurious_events,0.4,1.0,0.9746875,3200
fcc,3,0,EAC-1NN,spurious_events,0.5,0.1666667,0.820625,3200
fcc,3,0,EAC-1NN,spurious_events,0.5,0.3333333,0.820625,3200
fcc,3,0,EAC-1NN,spurious_events,0.5,0.5,0.8984375,3200
fcc,3,0,EAC-1NN,spurious_events,0.5,0.6666667,0.9415625,3200
fcc,3,0,EAC-1NN,spurious_events,0.5,0.8333333,0.963125,3200
fcc,3,0,EAC-1NN,spurious_events,0.5,1.0,0.970625,3200
fcc,3,0,EAC-1NN,spurious_events,0.6,0.1666667,0.8065625,3200
fcc,3,0,EAC-1NN,spurious_events,0.6,0.3333333,0.8065625,3200
fcc,3,0,EAC-1NN,spurious_events,0.6,0.5,0.898125,3200
fcc,3,0,EAC-1NN,spurious_events,0.6,0.6666667,0.9409375,3200
fcc,3,0,EAC-1NN,spurious_events,0.6,0.8333333,0.9609375,3200
fcc,3,0,EAC-1NN,spurious_events,0.6,1.0,0.96875,3200
fcc,3,0,EAC-1NN,spurious_events,0.7,0.1666667,0.801875,3200
fcc,3,0,EAC-1NN,spurious_events,0.7,0.3333333,0.801875,3200
fcc,3,0,EAC-1NN,spurious_events,0.7,0.5,0.8928125,3200
fcc,3,0,EAC-1NN,spurious_events,0.7,0.6666667,0.935625,3200
fcc,3,0,EAC-1NN,spurious_events,0.7,0.8333333,0.9503125,3200
fcc,3,0,EAC-1NN,spurious_events,0.7,1.0,0.9575,3200
fcc,3,0,EAC-1NN,spurious_events,0.8,0.1666667,0.788125,3200
fcc,3,0,EAC-1NN,spurious_events,0.8,0.3333333,0.788125,3200
fcc,3,0,EAC-1NN,spurious_events,0.8,0.5,0.878125,3200
fcc,3,0,EAC-1NN,spurious_events,0.8,0.6666667,0.9221875,3200
fcc,3,0,EAC-1NN,spurious_events,0.8,0.8333333,0.9346875,3200
fcc,3,0,EAC-1NN,spurious_events,0.8,1.0,0.935625,3200
fcc,3,0,EAC-1NN,spurious_events,0.9,0.1666667,0.7878125,3200
fcc,3,0,EAC-1NN,spurious_events,0.9,0.3333333,0.7878125,3200
fcc,3,0,EAC-1NN,spurious_events,0.9,0.5,0.876875,3200
fcc,3,0,EAC-1NN,spurious_events,0.9,0.6666667,0.921875,3200
fcc,3,0,EAC-1NN,spurious_events,0.9,0.8333333,0.9321875,3200
fcc,3,0,EAC-1NN,spurious_events,0.9,1.0,0.926875,3200
fcc,3,0,EAC-1NN,timing_uncertainty,0.0,0.1666667,0.846875,3200
fcc,3,0,EAC-1NN,timing_uncertainty,0.0,0.3333333,0.846875,3200
fcc,3,0,EAC-1NN,timing_uncertainty,0.0,0.5,0.91875,3200
fcc,3,0,EAC-1NN,timing_uncertainty,0.0,0.6666667,0.975,3200
fcc,3,0,EAC-1NN,timing_uncertainty,0.0,0.8333333,0.990625,3200
fcc,3,0,EAC-1NN,timing_uncertainty,0.0,1.0,0.99375,3200
fcc,3,0,EAC-1NN,timing_uncertainty,0.05,0.1666667,0.84625,3200
fcc,3,0,EAC-1NN,timing_uncertainty,0.05,0.3333333,0.84625,3200
fcc,3,0,EAC-1NN,timing_uncertainty,0.05,0.5,0.91875,3200
fcc,3,0,EAC-1NN,timing_uncertainty,0.05,0.6666667,0.975,3200
fcc,3,0,EAC-1NN,timing_uncertainty,0.05,0.8333333,0.990625,3200
fcc,3,0,EAC-1NN,timing_uncertainty,0.05,1.0,0.99375,3200
fcc,3,0,EAC-1NN,timing_uncertainty,0.1,0.1666667,0.8446875,3200
fcc,3,0,EAC-1NN,timing_uncertainty,0.1,0.3333333,0.8446875,3200
fcc,3,0,EAC-1NN,timing_uncertainty,0.1,0.5,0.9171875,3200
fcc,3,0,EAC-1NN,timing_uncertainty,0.1,0.6666667,0.9740625,3200
fcc,3,0,EAC-1NN,timing_uncertainty,0.1,0.8333333,0.9896875,3200
fcc,3,0,EAC-1NN,timing_uncertainty,0.1,1.0,0.993125,3200
fcc,3,0,EAC-1NN,timing_uncertainty,0.15,0.1666667,0.84375,3200
fcc,3,0,EAC-1NN,timing_uncertainty,0.15,0.3333333,0.84375,3200
fcc,3,0,EAC-1NN,timing_uncertainty,0.15,0.5,0.915625,3200
fcc,3,0,EAC-1NN,timing_uncertainty,0.15,0.6666667,0.975625,3200
fcc,3,0,EAC-1NN,timing_uncertainty,0.15,0.8333333,0.99125,3200
fcc,3,0,EAC-1NN,timing_uncertainty,0.15,1.0,0.9940625,3200
fcc,3,0,EAC-1NN,timing_uncertainty,0.2,0.1666667,0.8415625,3200
fcc,3,0,EAC-1NN,timing_uncertainty,0.2,0.3333333,0.8415625,3200
fcc,3,0,EAC-1NN,timing_uncertainty,0.2,0.5,0.918125,3200
fcc,3,0,EAC-1NN,timing_uncertainty,0.2,0.6666667,0.97625,3200
fcc,3,0,EAC-1NN,timing_uncertainty,0.2,0.8333333,0.9915625,3200
fcc,3,0,EAC-1NN,timing_uncertainty,0.2,1.0,0.993125,3200
fcc,3,0,EAC-1NN,timing_uncertainty,0.25,0.1666667,0.8346875,3200
fcc,3,0,EAC-1NN,timing_uncertainty,0.25,0.3333333,0.8346875,3200
fcc,3,0,EAC-1NN,timing_uncertainty,0.25,0.5,0.91375,3200
fcc,3,0,EAC-1NN,timing_uncertainty,0.25,0.6666667,0.9728125,3200
fcc,3,0,EAC-1NN,timing_uncertainty,0.25,0.8333333,0.9884375,3200
fcc,3,0,EAC-1NN,timing_uncertainty,0.25,1.0,0.9921875,3200
fcc,3,0,EAC-1NN,timing_uncertainty,0.3,0.1666667,0.8303125,3200
fcc,3,0,EAC-1NN,timing_uncertainty,0.3,0.3333333,0.8303125,3200
fcc,3,0,EAC-1NN,timing_uncertainty,0.3,0.5,0.9121875,3200
fcc,3,0,EAC-1NN,timing_uncertainty,0.3,0.6666667,0.974375,3200
fcc,3,0,EAC-1NN,timing_uncertainty,0.3,0.8333333,0.99,3200
fcc,3,0,EAC-1NN,timing_uncertainty,0.3,1.0,0.9934375,3200
fcc,3,0,EAC-1NN,timing_uncertainty,0.4,0.1666667,0.826875,3200
fcc,3,0,EAC-1NN,timing_uncertainty,0.4,0.3333333,0.826875,3200
fcc,3,0,EAC-1NN,timing_uncertainty,0.4,0.5,0.9140625,3200
fcc,3,0,EAC-1NN,timing_uncertainty,0.4,0.6666667,0.9715625,3200
fcc,3,0,EAC-1NN,timing_uncertainty,0.4,0.8333333,0.986875,3200
fcc,3,0,EAC-1NN,timing_uncertainty,0.4,1.0,0.990625,3200
fcc,3,0,EAC-1NN,timing_uncertainty,0.5,0.1666667,0.815625,3200
fcc,3,0,EAC-1NN,timing_uncertainty,0.5,0.3333333,0.815625,3200
fcc,3,0,EAC-1NN,timing_uncertainty,0.5,0.5,0.9165625,3200
fcc,3,0,EAC-1NN,timing_uncertainty,0.5,0.6666667,0.9721875,3200
fcc,3,0,EAC-1NN,timing_uncertainty,0.5,0.8333333,0.986875,3200
fcc,3,0,EAC-1NN,timing_uncertainty,0.5,1.0,0.9909375,3200
fcc,3,0,EAC-1NN,timing_uncertainty,0.6,0.1666667,0.8121875,3200
fcc,3,0,EAC-1NN,timing_uncertainty,0.6,0.3333333,0.8121875,3200
fcc,3,0,EAC-1NN,timing_uncertainty,0.6,0.5,0.915625,3200
fcc,3,0,EAC-1NN,timing_uncertainty,0.6,0.6666667,0.97375,3200
fcc,3,0,EAC-1NN,timing_uncertainty,0.6,0.8333333,0.9875,3200
fcc,3,0,EAC-1NN,timing_uncertainty,0.6,1.0,0.990625,3200
fcc,3,0,EAC-1NN,timing_uncertainty,0.7,0.1666667,0.799375,3200
fcc,3,0,EAC-1NN,timing_uncertainty,0.7,0.3333333,0.799375,3200
fcc,3,0,EAC-1NN,timing_uncertainty,0.7,0.5,0.9140625,3200
fcc,3,0,EAC-1NN,timing_uncertainty,0.7,0.6666667,0.973125,3200
fcc,3,0,EAC-1NN,timing_uncertainty,0.7,0.8333333,0.986875,3200
fcc,3,0,EAC-1NN,timing_uncertainty,0.7,1.0,0.9915625,3200
fcc,3,0,EAC-1NN,timing_uncertainty,0.8,0.1666667,0.8034375,3200
fcc,3,0,EAC-1NN,timing_uncertainty,0.8,0.3333333,0.8034375,3200
fcc,3,0,EAC-1NN,timing_uncertainty,0.8,0.5,0.9134375,3200
fcc,3,0,EAC-1NN,timing_uncertainty,0.8,0.6666667,0.9753125,3200
fcc,3,0,EAC-1NN,timing_uncertainty,0.8,0.8333333,0.9878125,3200
fcc,3,0,EAC-1NN,timing_uncertainty,0.8,1.0,0.9915625,3200
fcc,3,0,EAC-1NN,timing_uncertainty,0.9,0.1666667,0.7940625,3200
fcc,3,0,EAC-1NN,timing_uncertainty,0.9,0.3333333,0.7940625,3200
fcc,3,0,EAC-1NN,timing_uncertainty,0.9,0.5,0.918125,3200
fcc,3,0,EAC-1NN,timing_uncertainty,0.9,0.6666667,0.9709375,3200
fcc,3,0,EAC-1NN,timing_uncertainty,0.9,0.8333333,0.9853125,3200
fcc,3,0,EAC-1NN,timing_uncertainty,0.9,1.0,0.98875,3200
fcc,3,0,JAC-1NN,late_time_delay,0.0,0.1666667,0.70625,3200
fcc,3,0,JAC-1NN,late_time_delay,0.0,0.3333333,0.70625,3200
fcc,3,0,JAC-1NN,late_time_delay,0.0,0.5,0.9,3200
fcc,3,0,JAC-1NN,late_time_delay,0.0,0.6666667,0.96875,3200
fcc,3,0,JAC-1NN,late_time_delay,0.0,0.8333333,0.984375,3200
fcc,3,0,JAC-1NN,late_time_delay,0.0,1.0,0.99375,3200
fcc,3,0,JAC-1NN,late_time_delay,0.05,0.1666667,0.31875,3200
fcc,3,0,JAC-1NN,late_time_delay,0.05,0.3333333,0.31875,3200
fcc,3,0,JAC-1NN,late_time_delay,0.05,0.5,0.5625,3200
fcc,3,0,JAC-1NN,late_time_delay,0.05,0.6666667,0.6375,3200
fcc,3,0,JAC-1NN,late_time_delay,0.05,0.8333333,0.6375,3200
fcc,3,0,JAC-1NN,late_time_delay,0.05,1.0,0.678125,3200
fcc,3,0,JAC-1NN,late_time_delay,0.1,0.1666667,0.290625,3200
fcc,3,0,JAC-1NN,late_time_delay,0.1,0.3333333,0.290625,3200
fcc,3,0,JAC-1NN,late_time_delay,0.1,0.5,0.553125,3200
fcc,3,0,JAC-1NN,late_time_delay,0.1,0.6666667,0.596875,3200
fcc,3,0,JAC-1NN,late_time_delay,0.1,0.8333333,0.596875,3200
fcc,3,0,JAC-1NN,late_time_delay,0.1,1.0,0.621875,3200
fcc,3,0,JAC-1NN,late_time_delay,0.15,0.1666667,0.2625,3200
fcc,3,0,JAC-1NN,late_time_delay,0.15,0.3333333,0.2625,3200
fcc,3,0,JAC-1NN,late_time_delay,0.15,0.5,0.45,3200
fcc,3,0,JAC-1NN,late_time_delay,0.15,0.6666667,0.496875,3200
fcc,3,0,JAC-1NN,late_time_delay,0.15,0.8333333,0.51875,3200
fcc,3,0,JAC-1NN,late_time_delay,0.15,1.0,0.525,3200
fcc,3,0,JAC-1NN,late_time_delay,0.2,0.1666667,0.303125,3200
fcc,3,0,JAC-1NN,late_time_delay,0.2,0.3333333,0.303125,3200
fcc,3,0,JAC-1NN,late_time_delay,0.2,0.5,0.403125,3200
fcc,3,0,JAC-1NN,late_time_delay,0.2,0.6666667,0.453125,3200
fcc,3,0,JAC-1NN,late_time_delay,0.2,0.8333333,0.453125,3200
fcc,3,0,JAC-1NN,late_time_delay,0.2,1.0,0.46875,3200
fcc,3,0,JAC-1NN,late_time_delay,0.25,0.1666667,0.275,3200
fcc,3,0,JAC-1NN,late_time_delay,0.25,0.3333333,0.275,3200
fcc,3,0,JAC-1NN,late_time_delay,0.25,0.5,0.375,3200
fcc,3,0,JAC-1NN,late_time_delay,0.25,0.6666667,0.375,3200
fcc,3,0,JAC-1NN,late_time_delay,0.25,0.8333333,0.421875,3200
fcc,3,0,JAC-1NN,late_time_delay,0.25,1.0,0.453125,3200
fcc,3,0,JAC-1NN,late_time_delay,0.3,0.1666667,0.309375,3200
fcc,3,0,JAC-1NN,late_time_delay,0.3,0.3333333,0.309375,3200
fcc,3,0,JAC-1NN,late_time_delay,0.3,0.5,0.365625,3200
fcc,3,0,JAC-1NN,late_time_delay,0.3,0.6666667,0.365625,3200
fcc,3,0,JAC-1NN,late_time_delay,0.3,0.8333333,0.3875,3200
fcc,3,0,JAC-1NN,late_time_delay,0.3,1.0,0.425,3200
fcc,3,0,JAC-1NN,late_time_delay,0.4,0.1666667,0.234375,3200
fcc,3,0,JAC-1NN,late_time_delay,0.4,0.3333333,0.234375,3200
fcc,3,0,JAC-1NN,late_time_delay,0.4,0.5,0.234375,3200
fcc,3,0,JAC-1NN,late_time_delay,0.4,0.6666667,0.321875,3200
fcc,3,0,JAC-1NN,late_time_delay,0.4,0.8333333,0.321875,3200
fcc,3,0,JAC-1NN,late_time_delay,0.4,1.0,0.378125,3200
fcc,3,0,JAC-1NN,late_time_delay,0.5,0.1666667,0.20625,3200
fcc,3,0,JAC-1NN,late_time_delay,0.5,0.3333333,0.20625,3200
fcc,3,0,JAC-1NN,late_time_delay,0.5,0.5,0.20625,3200
fcc,3,0,JAC-1NN,late_time_delay,0.5,0.6666667,0.20625,3200
fcc,3,0,JAC-1NN,late_time_delay,0.5,0.8333333,0.29375,3200
fcc,3,0,JAC-1NN,late_time_delay,0.5,1.0,0.303125,3200
fcc,3,0,JAC-1NN,late_time_delay,0.6,0.1666667,0.19375,3200
fcc,3,0,JAC-1NN,late_time_delay,0.6,0.3333333,0.19375,3200
fcc,3,0,JAC-1NN,late_time_delay,0.6,0.5,0.19375,3200
fcc,3,0,JAC-1NN,late_time_delay,0.6,0.6666667,0.19375,3200
fcc,3,0,JAC-1NN,late_time_delay,0.6,0.8333333,0.19375,3200
fcc,3,0,JAC-1NN,late_time_delay,0.6,1.0,0.234375,3200
fcc,3,0,JAC-1NN,late_time_delay,0.7,0.1666667,0.184375,3200
fcc,3,0,JAC-1NN,late_time_delay,0.7,0.3333333,0.184375,3200
fcc,3,0,JAC-1NN,late_time_delay,0.7,0.5,0.184375,3200
fcc,3,0,JAC-1NN,late_time_delay,0.7,0.6666667,0.184375,3200
fcc,3,0,JAC-1NN,late_time_delay,0.7,0.8333333,0.184375,3200
fcc,3,0,JAC-1NN,late_time_delay,0.7,1.0,0.175,3200
fcc,3,0,JAC-1NN,late_time_delay,0.8,0.1666667,0.16875,3200
fcc,3,0,JAC-1NN,late_time_delay,0.8,0.3333333,0.16875,3200
fcc,3,0,JAC-1NN,late_time_delay,0.8,0.5,0.16875,3200
fcc,3,0,JAC-1NN,late_time_delay,0.8,0.6666667,0.16875,3200
fcc,3,0,JAC-1NN,late_time_delay,0.8,0.8333333,0.16875,3200
fcc,3,0,JAC-1NN,late_time_delay,0.8,1.0,0.1625,3200
fcc,3,0,JAC-1NN,late_time_delay,0.9,0.1666667,0.146875,3200
fcc,3,0,JAC-1NN,late_time_delay,0.9,0.3333333,0.146875,3200
fcc,3,0,JAC-1NN,late_time_delay,0.9,0.5,0.146875,3200
fcc,3,0,JAC-1NN,late_time_delay,0.9,0.6666667,0.146875,3200
fcc,3,0,JAC-1NN,late_time_delay,0.9,0.8333333,0.146875,3200
fcc,3,0,JAC-1NN,late_time_delay,0.9,1.0,0.146875,3200
fcc,3,0,JAC-1NN,missing_events,0.0,0.1666667,0.70625,3200
fcc,3,0,JAC-1NN,missing_events,0.0,0.3333333,0.70625,3200
fcc,3,0,JAC-1NN,missing_events,0.0,0.5,0.9,3200
fcc,3,0,JAC-1NN,missing_events,0.0,0.6666667,0.96875,3200
fcc,3,0,JAC-1NN,missing_events,0.0,0.8333333,0.984375,3200
fcc,3,0,JAC-1NN,missing_events,0.0,1.0,0.99375,3200
fcc,3,0,JAC-1NN,missing_events,0.05,0.1666667,0.696875,3200
fcc,3,0,JAC-1NN,missing_events,0.05,0.3333333,0.696875,3200
fcc,3,0,JAC-1NN,missing_events,0.05,0.5,0.8903125,3200
fcc,3,0,JAC-1NN,missing_events,0.05,0.6666667,0.9653125,3200
fcc,3,0,JAC-1NN,missing_events,0.05,0.8333333,0.9821875,3200
fcc,3,0,JAC-1NN,missing_events,0.05,1.0,0.9909375,3200
fcc,3,0,JAC-1NN,missing_events,0.1,0.1666667,0.6775,3200
fcc,3,0,JAC-1NN,missing_events,0.1,0.3333333,0.6775,3200
fcc,3,0,JAC-1NN,missing_events,0.1,0.5,0.8734375,3200
fcc,3,0,JAC-1NN,missing_events,0.1,0.6666667,0.961875,3200
fcc,3,0,JAC-1NN,missing_events,0.1,0.8333333,0.9809375,3200
fcc,3,0,JAC-1NN,missing_events,0.1,1.0,0.9878125,3200
fcc,3,0,JAC-1NN,missing_events,0.15,0.1666667,0.650625,3200
fcc,3,0,JAC-1NN,missing_events,0.15,0.3333333,0.650625,3200
fcc,3,0,JAC-1NN,missing_events,0.15,0.5,0.8609375,3200
fcc,3,0,JAC-1NN,missing_events,0.15,0.6666667,0.95125,3200
fcc,3,0,JAC-1NN,missing_events,0.15,0.8333333,0.97625,3200
fcc,3,0,JAC-1NN,missing_events,0.15,1.0,0.9859375,3200
fcc,3,0,JAC-1NN,missing_events,0.2,0.1666667,0.65,3200
fcc,3,0,JAC-1NN,missing_events,0.2,0.3333333,0.65,3200
fcc,3,0,JAC-1NN,missing_events,0.2,0.5,0.8425,3200
fcc,3,0,JAC-1NN,missing_events,0.2,0.6666667,0.943125,3200
fcc,3,0,JAC-1NN,missing_events,0.2,0.8333333,0.96875,3200
fcc,3,0,JAC-1NN,missing_events,0.2,1.0,0.978125,3200
fcc,3,0,JAC-1NN,missing_events,0.25,0.1666667,0.616875,3200
fcc,3,0,JAC-1NN,missing_events,0.25,0.3333333,0.616875,3200
fcc,3,0,JAC-1NN,missing_events,0.25,0.5,0.8184375,3200
fcc,3,0,JAC-1NN,missing_events,0.25,0.6666667,0.925625,3200
fcc,3,0,JAC-1NN,missing_events,0.25,0.8333333,0.953125,3200
fcc,3,0,JAC-1NN,missing_events,0.25,1.0,0.96375,3200
fcc,3,0,JAC-1NN,missing_events,0.3,0.1666667,0.599375,3200
fcc,3,0,JAC-1NN,missing_events,0.3,0.3333333,0.599375,3200
fcc,3,0,JAC-1NN,missing_events,0.3,0.5,0.794375,3200
fcc,3,0,JAC-1NN,missing_events,0.3,0.6666667,0.9090625,3200
fcc,3,0,JAC-1NN,missing_events,0.3,0.8333333,0.9403125,3200
fcc,3,0,JAC-1NN,missing_events,0.3,1.0,0.95375,3200
fcc,3,0,JAC-1NN,missing_events,0.4,0.1666667,0.5590625,3200
fcc,3,0,JAC-1NN,missing_events,0.4,0.3333333,0.5590625,3200
fcc,3,0,JAC-1NN,missing_events,0.4,0.5,0.72875,3200
fcc,3,0,JAC-1NN,missing_events,0.4,0.6666667,0.850625,3200
fcc,3,0,JAC-1NN,missing_events,0.4,0.8333333,0.8921875,3200
fcc,3,0,JAC-1NN,missing_events,0.4,1.0,0.91625,3200
fcc,3,0,JAC-1NN,missing_events,0.5,0.1666667,0.494375,3200
fcc,3,0,JAC-1NN,missing_events,0.5,0.3333333,0.494375,3200
fcc,3,0,JAC-1NN,missing_events,0.5,0.5,0.6321875,3200
fcc,3,0,JAC-1NN,missing_events,0.5,0.6666667,0.75,3200
fcc,3,0,JAC-1NN,missing_events,0.5,0.8333333,0.79125,3200
fcc,3,0,JAC-1NN,missing_events,0.5,1.0,0.829375,3200
fcc,3,0,JAC-1NN,missing_events,0.6,0.1666667,0.4471875,3200
fcc,3,0,JAC-1NN,missing_events,0.6,0.3333333,0.4471875,3200
fcc,3,0,JAC-1NN,missing_events,0.6,0.5,0.5634375,3200
fcc,3,0,JAC-1NN,missing_events,0.6,0.6666667,0.6696875,3200
fcc,3,0,JAC-1NN,missing_events,0.6,0.8333333,0.708125,3200
fcc,3,0,JAC-1NN,missing_events,0.6,1.0,0.74,3200
fcc,3,0,JAC-1NN,missing_events,0.7,0.1666667,0.38375,3200
fcc,3,0,JAC-1NN,missing_events,0.7,0.3333333,0.38375,3200
fcc,3,0,JAC-1NN,missing_events,0.7,0.5,0.454375,3200
fcc,3,0,JAC-1NN,missing_events,0.7,0.6666667,0.543125,3200
fcc,3,0,JAC-1NN,missing_events,0.7,0.8333333,0.57875,3200
fcc,3,0,JAC-1NN,missing_events,0.7,1.0,0.61625,3200
fcc,3,0,JAC-1NN,missing_events,0.8,0.1666667,0.2884375,3200
fcc,3,0,JAC-1NN,missing_events,0.8,0.3333333,0.2884375,3200
fcc,3,0,JAC-1NN,missing_events,0.8,0.5,0.335,3200
fcc,3,0,JAC-1NN,missing_events,0.8,0.6666667,0.4009375,3200
fcc,3,0,JAC-1NN,missing_events,0.8,0.8333333,0.4296875,3200
fcc,3,0,JAC-1NN,missing_events,0.8,1.0,0.450625,3200
fcc,3,0,JAC-1NN,missing_events,0.9,0.1666667,0.2090625,3200
fcc,3,0,JAC-1NN,missing_events,0.9,0.3333333,0.2090625,3200
fcc,3,0,JAC-1NN,missing_events,0.9,0.5,0.239375,3200
fcc,3,0,JAC-1NN,missing_events,0.9,0.6666667,0.2771875,3200
fcc,3,0,JAC-1NN,missing_events,0.9,0.8333333,0.29875,3200
fcc,3,0,JAC-1NN,missing_events,0.9,1.0,0.3103125,3200
fcc,3,0,JAC-1NN,mixed_missing_spurious,0.0,0.1666667,0.70625,3200
fcc,3,0,JAC-1NN,mixed_missing_spurious,0.0,0.3333333,0.70625,3200
fcc,3,0,JAC-1NN,mixed_missing_spurious,0.0,0.5,0.9,3200
fcc,3,0,JAC-1NN,mixed_missing_spurious,0.0,0.6666667,0.96875,3200
fcc,3,0,JAC-1NN,mixed_missing_spurious,0.0,0.8333333,0.984375,3200
fcc,3,0,JAC-1NN,mixed_missing_spurious,0.0,1.0,0.99375,3200
fcc,3,0,JAC-1NN,mixed_missing_spurious,0.05,0.1666667,0.7009375,3200
fcc,3,0,JAC-1NN,mixed_missing_spurious,0.05,0.3333333,0.7009375,3200
fcc,3,0,JAC-1NN,mixed_missing_spurious,0.05,0.5,0.8934375,3200
fcc,3,0,JAC-1NN,mixed_missing_spurious,0.05,0.6666667,0.966875,3200
fcc,3,0,JAC-1NN,mixed_missing_spurious,0.05,0.8333333,0.9825,3200
fcc,3,0,JAC-1NN,mixed_missing_spurious,0.05,1.0,0.9921875,3200
fcc,3,0,JAC-1NN,mixed_missing_spurious,0.1,0.1666667,0.6765625,3200
fcc,3,0,JAC-1NN,mixed_missing_spurious,0.1,0.3333333,0.6765625,3200
fcc,3,0,JAC-1NN,mixed_missing_spurious,0.1,0.5,0.878125,3200
fcc,3,0,JAC-1NN,mixed_missing_spurious,0.1,0.6666667,0.9596875,3200
fcc,3,0,JAC-1NN,mixed_missing_spurious,0.1,0.8333333,0.97875,3200
fcc,3,0,JAC-1NN,mixed_missing_spurious,0.1,1.0,0.988125,3200
fcc,3,0,JAC-1NN,mixed_missing_spurious,0.15,0.1666667,0.6578125,3200
fcc,3,0,JAC-1NN,mixed_missing_spurious,0.15,0.3333333,0.6578125,3200
fcc,3,0,JAC-1NN,mixed_missing_spurious,0.15,0.5,0.8590625,3200
fcc,3,0,JAC-1NN,mixed_missing_spurious,0.15,0.6666667,0.9434375,3200
fcc,3,0,JAC-1NN,mixed_missing_spurious,0.15,0.8333333,0.9684375,3200
fcc,3,0,JAC-1NN,mixed_missing_spurious,0.15,1.0,0.9784375,3200
fcc,3,0,JAC-1NN,mixed_missing_spurious,0.2,0.1666667,0.6503125,3200
fcc,3,0,JAC-1NN,mixed_missing_spurious,0.2,0.3333333,0.6503125,3200
fcc,3,0,JAC-1NN,mixed_missing_spurious,0.2,0.5,0.8359375,3200
fcc,3,0,JAC-1NN,mixed_missing_spurious,0.2,0.6666667,0.93125,3200
fcc,3,0,JAC-1NN,mixed_missing_spurious,0.2,0.8333333,0.9534375,3200
fcc,3,0,JAC-1NN,mixed_missing_spurious,0.2,1.0,0.964375,3200
fcc,3,0,JAC-1NN,mixed_missing_spurious,0.25,0.1666667,0.6196875,3200
fcc,3,0,JAC-1NN,mixed_missing_spurious,0.25,0.3333333,0.6196875,3200
fcc,3,0,JAC-1NN,mixed_missing_spurious,0.25,0.5,0.8053125,3200
fcc,3,0,JAC-1NN,mixed_missing_spurious,0.25,0.6666667,0.904375,3200
fcc,3,0,JAC-1NN,mixed_missing_spurious,0.25,0.8333333,0.935,3200
fcc,3,0,JAC-1NN,mixed_missing_spurious,0.25,1.0,0.94625,3200
fcc,3,0,JAC-1NN,mixed_missing_spurious,0.3,0.1666667,0.6053125,3200
fcc,3,0,JAC-1NN,mixed_missing_spurious,0.3,0.3333333,0.6053125,3200
fcc,3,0,JAC-1NN,mixed_missing_spurious,0.3,0.5,0.7884375,3200
fcc,3,0,JAC-1NN,mixed_missing_spurious,0.3,0.6666667,0.8865625,3200
fcc,3,0,JAC-1NN,mixed_missing_spurious,0.3,0.8333333,0.9215625,3200
fcc,3,0,JAC-1NN,mixed_missing_spurious,0.3,1.0,0.9321875,3200
fcc,3,0,JAC-1NN,mixed_missing_spurious,0.4,0.1666667,0.545625,3200
fcc,3,0,JAC-1NN,mixed_missing_spurious,0.4,0.3333333,0.545625,3200
fcc,3,0,JAC-1NN,mixed_missing_spurious,0.4,0.5,0.7128125,3200
fcc,3,0,JAC-1NN,mixed_missing_spurious,0.4,0.6666667,0.8215625,3200
fcc,3,0,JAC-1NN,mixed_missing_spurious,0.4,0.8333333,0.8609375,3200
fcc,3,0,JAC-1NN,mixed_missing_spurious,0.4,1.0,0.8840625,3200
fcc,3,0,JAC-1NN,mixed_missing_spurious,0.5,0.1666667,0.494375,3200
fcc,3,0,JAC-1NN,mixed_missing_spurious,0.5,0.3333333,0.494375,3200
fcc,3,0,JAC-1NN,mixed_missing_spurious,0.5,0.5,0.6365625,3200
fcc,3,0,JAC-1NN,mixed_missing_spurious,0.5,0.6666667,0.7353125,3200
fcc,3,0,JAC-1NN,mixed_missing_spurious,0.5,0.8333333,0.7796875,3200
fcc,3,0,JAC-1NN,mixed_missing_spurious,0.5,1.0,0.796875,3200
fcc,3,0,JAC-1NN,mixed_missing_spurious,0.6,0.1666667,0.4440625,3200
fcc,3,0,JAC-1NN,mixed_missing_spurious,0.6,0.3333333,0.4440625,3200
fcc,3,0,JAC-1NN,mixed_missing_spurious,0.6,0.5,0.55125,3200
fcc,3,0,JAC-1NN,mixed_missing_spurious,0.6,0.6666667,0.6478125,3200
fcc,3,0,JAC-1NN,mixed_missing_spurious,0.6,0.8333333,0.6915625,3200
fcc,3,0,JAC-1NN,mixed_missing_spurious,0.6,1.0,0.725625,3200
fcc,3,0,JAC-1NN,mixed_missing_spurious,0.7,0.1666667,0.3675,3200
fcc,3,0,JAC-1NN,mixed_missing_spurious,0.7,0.3333333,0.3675,3200
fcc,3,0,JAC-1NN,mixed_missing_spurious,0.7,0.5,0.449375,3200
fcc,3,0,JAC-1NN,mixed_missing_spurious,0.7,0.6666667,0.525625,3200
fcc,3,0,JAC-1NN,mixed_missing_spurious,0.7,0.8333333,0.56375,3200
fcc,3,0,JAC-1NN,mixed_missing_spurious,0.7,1.0,0.5828125,3200
fcc,3,0,JAC-1NN,mixed_missing_spurious,0.8,0.1666667,0.29125,3200
fcc,3,0,JAC-1NN,mixed_missing_spurious,0.8,0.3333333,0.29125,3200
fcc,3,0,JAC-1NN,mixed_missing_spurious,0.8,0.5,0.3425,3200
fcc,3,0,JAC-1NN,mixed_missing_spurious,0.8,0.6666667,0.385,3200
fcc,3,0,JAC-1NN,mixed_missing_spurious,0.8,0.8333333,0.405625,3200
fcc,3,0,JAC-1NN,mixed_missing_spurious,0.8,1.0,0.429375,3200
fcc,3,0,JAC-1NN,mixed_missing_spurious,0.9,0.1666667,0.2053125,3200
fcc,3,0,JAC-1NN,mixed_missing_spurious,0.9,0.3333333,0.2053125,3200
fcc,3,0,JAC-1NN,mixed_missing_spurious,0.9,0.5,0.235,3200
fcc,3,0,JAC-1NN,mixed_missing_spurious,0.9,0.6666667,0.27875,3200
fcc,3,0,JAC-1NN,mixed_missing_spurious,0.9,0.8333333,0.295625,3200
fcc,3,0,JAC-1NN,mixed_missing_spurious,0.9,1.0,0.310625,3200
fcc,3,0,JAC-1NN,mixed_spurious_timing_late,0.0,0.1666667,0.70625,3200
fcc,3,0,JAC-1NN,mixed_spurious_timing_late,0.0,0.3333333,0.70625,3200
fcc,3,0,JAC-1NN,mixed_spurious_timing_late,0.0,0.5,0.9,3200
fcc,3,0,JAC-1NN,mixed_spurious_timing_late,0.0,0.6666667,0.96875,3200
fcc,3,0,JAC-1NN,mixed_spurious_timing_late,0.0,0.8333333,0.984375,3200
fcc,3,0,JAC-1NN,mixed_spurious_timing_late,0.0,1.0,0.99375,3200
fcc,3,0,JAC-1NN,mixed_spurious_timing_late,0.05,0.1666667,0.32,3200
fcc,3,0,JAC-1NN,mixed_spurious_timing_late,0.05,0.3333333,0.32,3200
fcc,3,0,JAC-1NN,mixed_spurious_timing_late,0.05,0.5,0.5621875,3200
fcc,3,0,JAC-1NN,mixed_spurious_timing_late,0.05,0.6666667,0.6403125,3200
fcc,3,0,JAC-1NN,mixed_spurious_timing_late,0.05,0.8333333,0.64125,3200
fcc,3,0,JAC-1NN,mixed_spurious_timing_late,0.05,1.0,0.686875,3200
fcc,3,0,JAC-1NN,mixed_spurious_timing_late,0.1,0.1666667,0.2896875,3200
fcc,3,0,JAC-1NN,mixed_spurious_timing_late,0.1,0.3333333,0.2896875,3200
fcc,3,0,JAC-1NN,mixed_spurious_timing_late,0.1,0.5,0.5490625,3200
fcc,3,0,JAC-1NN,mixed_spurious_timing_late,0.1,0.6666667,0.5934375,3200
fcc,3,0,JAC-1NN,mixed_spurious_timing_late,0.1,0.8333333,0.5915625,3200
fcc,3,0,JAC-1NN,mixed_spurious_timing_late,0.1,1.0,0.6203125,3200
fcc,3,0,JAC-1NN,mixed_spurious_timing_late,0.15,0.1666667,0.2596875,3200
fcc,3,0,JAC-1NN,mixed_spurious_timing_late,0.15,0.3333333,0.2596875,3200
fcc,3,0,JAC-1NN,mixed_spurious_timing_late,0.15,0.5,0.44125,3200
fcc,3,0,JAC-1NN,mixed_spurious_timing_late,0.15,0.6666667,0.4846875,3200
fcc,3,0,JAC-1NN,mixed_spurious_timing_late,0.15,0.8333333,0.51125,3200
fcc,3,0,JAC-1NN,mixed_spurious_timing_late,0.15,1.0,0.5228125,3200
fcc,3,0,JAC-1NN,mixed_spurious_timing_late,0.2,0.1666667,0.289375,3200
fcc,3,0,JAC-1NN,mixed_spurious_timing_late,0.2,0.3333333,0.289375,3200
fcc,3,0,JAC-1NN,mixed_spurious_timing_late,0.2,0.5,0.39375,3200
fcc,3,0,JAC-1NN,mixed_spurious_timing_late,0.2,0.6666667,0.4303125,3200
fcc,3,0,JAC-1NN,mixed_spurious_timing_late,0.2,0.8333333,0.4303125,3200
fcc,3,0,JAC-1NN,mixed_spurious_timing_late,0.2,1.0,0.468125,3200
fcc,3,0,JAC-1NN,mixed_spurious_timing_late,0.25,0.1666667,0.2671875,3200
fcc,3,0,JAC-1NN,mixed_spurious_timing_late,0.25,0.3333333,0.2671875,3200
fcc,3,0,JAC-1NN,mixed_spurious_timing_late,0.25,0.5,0.349375,3200
fcc,3,0,JAC-1NN,mixed_spurious_timing_late,0.25,0.6666667,0.349375,3200
fcc,3,0,JAC-1NN,mixed_spurious_timing_late,0.25,0.8333333,0.396875,3200
fcc,3,0,JAC-1NN,mixed_spurious_timing_late,0.25,1.0,0.4265625,3200
fcc,3,0,JAC-1NN,mixed_spurious_timing_late,0.3,0.1666667,0.288125,3200
fcc,3,0,JAC-1NN,mixed_spurious_timing_late,0.3,0.3333333,0.288125,3200
fcc,3,0,JAC-1NN,mixed_spurious_timing_late,0.3,0.5,0.3396875,3200
fcc,3,0,JAC-1NN,mixed_spurious_timing_late,0.3,0.6666667,0.3396875,3200
fcc,3,0,JAC-1NN,mixed_spurious_timing_late,0.3,0.8333333,0.37625,3200
fcc,3,0,JAC-1NN,mixed_spurious_timing_late,0.3,1.0,0.3990625,3200
fcc,3,0,JAC-1NN,mixed_spurious_timing_late,0.4,0.1666667,0.195625,3200
fcc,3,0,JAC-1NN,mixed_spurious_timing_late,0.4,0.3333333,0.195625,3200
fcc,3,0,JAC-1NN,mixed_spurious_timing_late,0.4,0.5,0.195625,3200
fcc,3,0,JAC-1NN,mixed_spurious_timing_late,0.4,0.6666667,0.2634375,3200
fcc,3,0,JAC-1NN,mixed_spurious_timing_late,0.4,0.8333333,0.2634375,3200
fcc,3,0,JAC-1NN,mixed_spurious_timing_late,0.4,1.0,0.2884375,3200
fcc,3,0,JAC-1NN,mixed_spurious_timing_late,0.5,0.1666667,0.15,3200
fcc,3,0,JAC-1NN,mixed_spurious_timing_late,0.5,0.3333333,0.15,3200
fcc,3,0,JAC-1NN,mixed_spurious_timing_late,0.5,0.5,0.15,3200
fcc,3,0,JAC-1NN,mixed_spurious_timing_late,0.5,0.6666667,0.15,3200
fcc,3,0,JAC-1NN,mixed_spurious_timing_late,0.5,0.8333333,0.2096875,3200
fcc,3,0,JAC-1NN,mixed_spurious_timing_late,0.5,1.0,0.215,3200
fcc,3,0,JAC-1NN,mixed_spurious_timing_late,0.6,0.1666667,0.1375,3200
fcc,3,0,JAC-1NN,mixed_spurious_timing_late,0.6,0.3333333,0.1375,3200
fcc,3,0,JAC-1NN,mixed_spurious_timing_late,0.6,0.5,0.1375,3200
fcc,3,0,JAC-1NN,mixed_spurious_timing_late,0.6,0.6666667,0.1375,3200
fcc,3,0,JAC-1NN,mixed_spurious_timing_late,0.6,0.8333333,0.1375,3200
fcc,3,0,JAC-1NN,mixed_spurious_timing_late,0.6,1.0,0.17,3200
fcc,3,0,JAC-1NN,mixed_spurious_timing_late,0.7,0.1666667,0.110625,3200
fcc,3,0,JAC-1NN,mixed_spurious_timing_late,0.7,0.3333333,0.110625,3200
fcc,3,0,JAC-1NN,mixed_spurious_timing_late,0.7,0.5,0.110625,3200
fcc,3,0,JAC-1NN,mixed_spurious_timing_late,0.7,0.6666667,0.110625,3200
fcc,3,0,JAC-1NN,mixed_spurious_timing_late,0.7,0.8333333,0.110625,3200
fcc,3,0,JAC-1NN,mixed_spurious_timing_late,0.7,1.0,0.119375,3200
fcc,3,0,JAC-1NN,mixed_spurious_timing_late,0.8,0.1666667,0.0946875,3200
fcc,3,0,JAC-1NN,mixed_spurious_timing_late,0.8,0.3333333,0.0946875,3200
fcc,3,0,JAC-1NN,mixed_spurious_timing_late,0.8,0.5,0.0946875,3200
fcc,3,0,JAC-1NN,mixed_spurious_timing_late,0.8,0.6666667,0.0946875,3200
fcc,3,0,JAC-1NN,mixed_spurious_timing_late,0.8,0.8333333,0.0946875,3200
fcc,3,0,JAC-1NN,mixed_spurious_timing_late,0.8,1.0,0.0975,3200
fcc,3,0,JAC-1NN,mixed_spurious_timing_late,0.9,0.1666667,0.0778125,3200
fcc,3,0,JAC-1NN,mixed_spurious_timing_late,0.9,0.3333333,0.0778125,3200
fcc,3,0,JAC-1NN,mixed_spurious_timing_late,0.9,0.5,0.0778125,3200
fcc,3,0,JAC-1NN,mixed_spurious_timing_late,0.9,0.6666667,0.0778125,3200
fcc,3,0,JAC-1NN,mixed_spurious_timing_late,0.9,0.8333333,0.0778125,3200
fcc,3,0,JAC-1NN,mixed_spurious_timing_late,0.9,1.0,0.0778125,3200
fcc,3,0,JAC-1NN,spurious_events,0.0,0.1666667,0.70625,3200
fcc,3,0,JAC-1NN,spurious_events,0.0,0.3333333,0.70625,3200
fcc,3,0,JAC-1NN,spurious_events,0.0,0.5,0.9,3200
fcc,3,0,JAC-1NN,spurious_events,0.0,0.6666667,0.96875,3200
fcc,3,0,JAC-1NN,spurious_events,0.0,0.8333333,0.984375,3200
fcc,3,0,JAC-1NN,spurious_events,0.0,1.0,0.99375,3200
fcc,3,0,JAC-1NN,spurious_events,0.05,0.1666667,0.7071875,3200
fcc,3,0,JAC-1NN,spurious_events,0.05,0.3333333,0.7071875,3200
fcc,3,0,JAC-1NN,spurious_events,0.05,0.5,0.9,3200
fcc,3,0,JAC-1NN,spurious_events,0.05,0.6666667,0.96875,3200
fcc,3,0,JAC-1NN,spurious_events,0.05,0.8333333,0.9846875,3200
fcc,3,0,JAC-1NN,spurious_events,0.05,1.0,0.993125,3200
fcc,3,0,JAC-1NN,spurious_events,0.1,0.1666667,0.7090625,3200
fcc,3,0,JAC-1NN,spurious_events,0.1,0.3333333,0.7090625,3200
fcc,3,0,JAC-1NN,spurious_events,0.1,0.5,0.9028125,3200
fcc,3,0,JAC-1NN,spurious_events,0.1,0.6666667,0.966875,3200
fcc,3,0,JAC-1NN,spurious_events,0.1,0.8333333,0.9834375,3200
fcc,3,0,JAC-1NN,spurious_events,0.1,1.0,0.9915625,3200
fcc,3,0,JAC-1NN,spurious_events,0.15,0.1666667,0.71625,3200
fcc,3,0,JAC-1NN,spurious_events,0.15,0.3333333,0.71625,3200
fcc,3,0,JAC-1NN,spurious_events,0.15,0.5,0.905625,3200
fcc,3,0,JAC-1NN,spurious_events,0.15,0.6666667,0.9653125,3200
fcc,3,0,JAC-1NN,spurious_events,0.15,0.8333333,0.9815625,3200
fcc,3,0,JAC-1NN,spurious_events,0.15,1.0,0.9890625,3200
fcc,3,0,JAC-1NN,spurious_events,0.2,0.1666667,0.7115625,3200
fcc,3,0,JAC-1NN,spurious_events,0.2,0.3333333,0.7115625,3200
fcc,3,0,JAC-1NN,spurious_events,0.2,0.5,0.899375,3200
fcc,3,0,JAC-1NN,spurious_events,0.2,0.6666667,0.96125,3200
fcc,3,0,JAC-1NN,spurious_events,0.2,0.8333333,0.9784375,3200
fcc,3,0,JAC-1NN,spurious_events,0.2,1.0,0.985,3200
fcc,3,0,JAC-1NN,spurious_events,0.25,0.1666667,0.713125,3200
fcc,3,0,JAC-1NN,spurious_events,0.25,0.3333333,0.713125,3200
fcc,3,0,JAC-1NN,spurious_events,0.25,0.5,0.8959375,3200
fcc,3,0,JAC-1NN,spurious_events,0.25,0.6666667,0.955625,3200
fcc,3,0,JAC-1NN,spurious_events,0.25,0.8333333,0.973125,3200
fcc,3,0,JAC-1NN,spurious_events,0.25,1.0,0.9765625,3200
fcc,3,0,JAC-1NN,spurious_events,0.3,0.1666667,0.7103125,3200
fcc,3,0,JAC-1NN,spurious_events,0.3,0.3333333,0.7103125,3200
fcc,3,0,JAC-1NN,spurious_events,0.3,0.5,0.8965625,3200
fcc,3,0,JAC-1NN,spurious_events,0.3,0.6666667,0.9525,3200
fcc,3,0,JAC-1NN,spurious_events,0.3,0.8333333,0.96875,3200
fcc,3,0,JAC-1NN,spurious_events,0.3,1.0,0.973125,3200
fcc,3,0,JAC-1NN,spurious_events,0.4,0.1666667,0.714375,3200
fcc,3,0,JAC-1NN,spurious_events,0.4,0.3333333,0.714375,3200
fcc,3,0,JAC-1NN,spurious_events,0.4,0.5,0.88625,3200
fcc,3,0,JAC-1NN,spurious_events,0.4,0.6666667,0.941875,3200
fcc,3,0,JAC-1NN,spurious_events,0.4,0.8333333,0.9590625,3200
fcc,3,0,JAC-1NN,spurious_events,0.4,1.0,0.9609375,3200
fcc,3,0,JAC-1NN,spurious_events,0.5,0.1666667,0.71875,3200
fcc,3,0,JAC-1NN,spurious_events,0.5,0.3333333,0.71875,3200
fcc,3,0,JAC-1NN,spurious_events,0.5,0.5,0.889375,3200
fcc,3,0,JAC-1NN,spurious_events,0.5,0.6666667,0.9325,3200
fcc,3,0,JAC-1NN,spurious_events,0.5,0.8333333,0.949375,3200
fcc,3,0,JAC-1NN,spurious_events,0.5,1.0,0.9425,3200
fcc,3,0,JAC-1NN,spurious_events,0.6,0.1666667,0.7128125,3200
fcc,3,0,JAC-1NN,spurious_events,0.6,0.3333333,0.7128125,3200
fcc,3,0,JAC-1NN,spurious_events,0.6,0.5,0.881875,3200
fcc,3,0,JAC-1NN,spurious_events,0.6,0.6666667,0.9221875,3200
fcc,3,0,JAC-1NN,spurious_events,0.6,0.8333333,0.9396875,3200
fcc,3,0,JAC-1NN,spurious_events,0.6,1.0,0.9296875,3200
fcc,3,0,JAC-1NN,spurious_events,0.7,0.1666667,0.7109375,3200
fcc,3,0,JAC-1NN,spurious_events,0.7,0.3333333,0.7109375,3200
fcc,3,0,JAC-1NN,spurious_events,0.7,0.5,0.876875,3200
fcc,3,0,JAC-1NN,spurious_events,0.7,0.6666667,0.920625,3200
fcc,3,0,JAC-1NN,spurious_events,0.7,0.8333333,0.9303125,3200
fcc,3,0,JAC-1NN,spurious_events,0.7,1.0,0.9134375,3200
fcc,3,0,JAC-1NN,spurious_events,0.8,0.1666667,0.711875,3200
fcc,3,0,JAC-1NN,spurious_events,0.8,0.3333333,0.711875,3200
fcc,3,0,JAC-1NN,spurious_events,0.8,0.5,0.8609375,3200
fcc,3,0,JAC-1NN,spurious_events,0.8,0.6666667,0.9096875,3200
fcc,3,0,JAC-1NN,spurious_events,0.8,0.8333333,0.91625,3200
fcc,3,0,JAC-1NN,spurious_events,0.8,1.0,0.8821875,3200
fcc,3,0,JAC-1NN,spurious_events,0.9,0.1666667,0.7125,3200
fcc,3,0,JAC-1NN,spurious_events,0.9,0.3333333,0.7125,3200
fcc,3,0,JAC-1NN,spurious_events,0.9,0.5,0.8625,3200
fcc,3,0,JAC-1NN,spurious_events,0.9,0.6666667,0.8990625,3200
fcc,3,0,JAC-1NN,spurious_events,0.9,0.8333333,0.8978125,3200
fcc,3,0,JAC-1NN,spurious_events,0.9,1.0,0.860625,3200
fcc,3,0,JAC-1NN,timing_uncertainty,0.0,0.1666667,0.70625,3200
fcc,3,0,JAC-1NN,timing_uncertainty,0.0,0.3333333,0.70625,3200
fcc,3,0,JAC-1NN,timing_uncertainty,0.0,0.5,0.9,3200
fcc,3,0,JAC-1NN,timing_uncertainty,0.0,0.6666667,0.96875,3200
fcc,3,0,JAC-1NN,timing_uncertainty,0.0,0.8333333,0.984375,3200
fcc,3,0,JAC-1NN,timing_uncertainty,0.0,1.0,0.99375,3200
fcc,3,0,JAC-1NN,timing_uncertainty,0.05,0.1666667,0.7059375,3200
fcc,3,0,JAC-1NN,timing_uncertainty,0.05,0.3333333,0.7059375,3200
fcc,3,0,JAC-1NN,timing_uncertainty,0.05,0.5,0.9,3200
fcc,3,0,JAC-1NN,timing_uncertainty,0.05,0.6666667,0.96875,3200
fcc,3,0,JAC-1NN,timing_uncertainty,0.05,0.8333333,0.984375,3200
fcc,3,0,JAC-1NN,timing_uncertainty,0.05,1.0,0.99375,3200
fcc,3,0,JAC-1NN,timing_uncertainty,0.1,0.1666667,0.704375,3200
fcc,3,0,JAC-1NN,timing_uncertainty,0.1,0.3333333,0.704375,3200
fcc,3,0,JAC-1NN,timing_uncertainty,0.1,0.5,0.89875,3200
fcc,3,0,JAC-1NN,timing_uncertainty,0.1,0.6666667,0.968125,3200
fcc,3,0,JAC-1NN,timing_uncertainty,0.1,0.8333333,0.98375,3200
fcc,3,0,JAC-1NN,timing_uncertainty,0.1,1.0,0.993125,3200
fcc,3,0,JAC-1NN,timing_uncertainty,0.15,0.1666667,0.70375,3200
fcc,3,0,JAC-1NN,timing_uncertainty,0.15,0.3333333,0.70375,3200
fcc,3,0,JAC-1NN,timing_uncertainty,0.15,0.5,0.89625,3200
fcc,3,0,JAC-1NN,timing_uncertainty,0.15,0.6666667,0.96875,3200
fcc,3,0,JAC-1NN,timing_uncertainty,0.15,0.8333333,0.984375,3200
fcc,3,0,JAC-1NN,timing_uncertainty,0.15,1.0,0.99375,3200
fcc,3,0,JAC-1NN,timing_uncertainty,0.2,0.1666667,0.7028125,3200
fcc,3,0,JAC-1NN,timing_uncertainty,0.2,0.3333333,0.7028125,3200
fcc,3,0,JAC-1NN,timing_uncertainty,0.2,0.5,0.8975,3200
fcc,3,0,JAC-1NN,timing_uncertainty,0.2,0.6666667,0.968125,3200
fcc,3,0,JAC-1NN,timing_uncertainty,0.2,0.8333333,0.9834375,3200
fcc,3,0,JAC-1NN,timing_uncertainty,0.2,1.0,0.9928125,3200
fcc,3,0,JAC-1NN,timing_uncertainty,0.25,0.1666667,0.7021875,3200
fcc,3,0,JAC-1NN,timing_uncertainty,0.25,0.3333333,0.7021875,3200
fcc,3,0,JAC-1NN,timing_uncertainty,0.25,0.5,0.89375,3200
fcc,3,0,JAC-1NN,timing_uncertainty,0.25,0.6666667,0.966875,3200
fcc,3,0,JAC-1NN,timing_uncertainty,0.25,0.8333333,0.9821875,3200
fcc,3,0,JAC-1NN,timing_uncertainty,0.25,1.0,0.9915625,3200
fcc,3,0,JAC-1NN,timing_uncertainty,0.3,0.1666667,0.69875,3200
fcc,3,0,JAC-1NN,timing_uncertainty,0.3,0.3333333,0.69875,3200
fcc,3,0,JAC-1NN,timing_uncertainty,0.3,0.5,0.89375,3200
fcc,3,0,JAC-1NN,timing_uncertainty,0.3,0.6666667,0.9671875,3200
fcc,3,0,JAC-1NN,timing_uncertainty,0.3,0.8333333,0.9828125,3200
fcc,3,0,JAC-1NN,timing_uncertainty,0.3,1.0,0.9921875,3200
fcc,3,0,JAC-1NN,timing_uncertainty,0.4,0.1666667,0.6965625,3200
fcc,3,0,JAC-1NN,timing_uncertainty,0.4,0.3333333,0.6965625,3200
fcc,3,0,JAC-1NN,timing_uncertainty,0.4,0.5,0.8971875,3200
fcc,3,0,JAC-1NN,timing_uncertainty,0.4,0.6666667,0.9678125,3200
fcc,3,0,JAC-1NN,timing_uncertainty,0.4,0.8333333,0.9821875,3200
fcc,3,0,JAC-1NN,timing_uncertainty,0.4,1.0,0.99125,3200
fcc,3,0,JAC-1NN,timing_uncertainty,0.5,0.1666667,0.6903125,3200
fcc,3,0,JAC-1NN,timing_uncertainty,0.5,0.3333333,0.6903125,3200
fcc,3,0,JAC-1NN,timing_uncertainty,0.5,0.5,0.895,3200
fcc,3,0,JAC-1NN,timing_uncertainty,0.5,0.6666667,0.96625,3200
fcc,3,0,JAC-1NN,timing_uncertainty,0.5,0.8333333,0.9809375,3200
fcc,3,0,JAC-1NN,timing_uncertainty,0.5,1.0,0.9903125,3200
fcc,3,0,JAC-1NN,timing_uncertainty,0.6,0.1666667,0.688125,3200
fcc,3,0,JAC-1NN,timing_uncertainty,0.6,0.3333333,0.688125,3200
fcc,3,0,JAC-1NN,timing_uncertainty,0.6,0.5,0.89125,3200
fcc,3,0,JAC-1NN,timing_uncertainty,0.6,0.6666667,0.966875,3200
fcc,3,0,JAC-1NN,timing_uncertainty,0.6,0.8333333,0.9821875,3200
fcc,3,0,JAC-1NN,timing_uncertainty,0.6,1.0,0.990625,3200
fcc,3,0,JAC-1NN,timing_uncertainty,0.7,0.1666667,0.6896875,3200
fcc,3,0,JAC-1NN,timing_uncertainty,0.7,0.3333333,0.6896875,3200
fcc,3,0,JAC-1NN,timing_uncertainty,0.7,0.5,0.88875,3200
fcc,3,0,JAC-1NN,timing_uncertainty,0.7,0.6666667,0.96625,3200
fcc,3,0,JAC-1NN,timing_uncertainty,0.7,0.8333333,0.9825,3200
fcc,3,0,JAC-1NN,timing_uncertainty,0.7,1.0,0.991875,3200
fcc,3,0,JAC-1NN,timing_uncertainty,0.8,0.1666667,0.6925,3200
fcc,3,0,JAC-1NN,timing_uncertainty,0.8,0.3333333,0.6925,3200
fcc,3,0,JAC-1NN,timing_uncertainty,0.8,0.5,0.8959375,3200
fcc,3,0,JAC-1NN,timing_uncertainty,0.8,0.6666667,0.966875,3200
fcc,3,0,JAC-1NN,timing_uncertainty,0.8,0.8333333,0.98125,3200
fcc,3,0,JAC-1NN,timing_uncertainty,0.8,1.0,0.99,3200
fcc,3,0,JAC-1NN,timing_uncertainty,0.9,0.1666667,0.6978125,3200
fcc,3,0,JAC-1NN,timing_uncertainty,0.9,0.3333333,0.6978125,3200
fcc,3,0,JAC-1NN,timing_uncertainty,0.9,0.5,0.8915625,3200
fcc,3,0,JAC-1NN,timing_uncertainty,0.9,0.6666667,0.9628125,3200
fcc,3,0,JAC-1NN,timing_uncertainty,0.9,0.8333333,0.9815625,3200
fcc,3,0,JAC-1NN,timing_uncertainty,0.9,1.0,0.9903125,3200
fcc,3,0,MBW-LR,late_time_delay,0.0,0.1666667,0.8875,3200
fcc,3,0,MBW-LR,late_time_delay,0.0,0.3333333,0.8875,3200
fcc,3,0,MBW-LR,late_time_delay,0.0,0.5,0.978125,3200
fcc,3,0,MBW-LR,late_time_delay,0.0,0.6666667,0.9875,3200
fcc,3,0,MBW-LR,late_time_delay,0.0,0.8333333,1.0,3200
fcc,3,0,MBW-LR,late_time_delay,0.0,1.0,1.0,3200
fcc,3,0,MBW-LR,late_time_delay,0.05,0.1666667,0.3,3200
fcc,3,0,MBW-LR,late_time_delay,0.05,0.3333333,0.3,3200
fcc,3,0,MBW-LR,late_time_delay,0.05,0.5,0.353125,3200
fcc,3,0,MBW-LR,late_time_delay,0.05,0.6666667,0.3875,3200
fcc,3,0,MBW-LR,late_time_delay,0.05,0.8333333,0.384375,3200
fcc,3,0,MBW-LR,late_time_delay,0.05,1.0,0.378125,3200
fcc,3,0,MBW-LR,late_time_delay,0.1,0.1666667,0.2375,3200
fcc,3,0,MBW-LR,late_time_delay,0.1,0.3333333,0.2375,3200
fcc,3,0,MBW-LR,late_time_delay,0.1,0.5,0.296875,3200
fcc,3,0,MBW-LR,late_time_delay,0.1,0.6666667,0.309375,3200
fcc,3,0,MBW-LR,late_time_delay,0.1,0.8333333,0.321875,3200
fcc,3,0,MBW-LR,late_time_delay,0.1,1.0,0.35625,3200
fcc,3,0,MBW-LR,late_time_delay,0.15,0.1666667,0.178125,3200
fcc,3,0,MBW-LR,late_time_delay,0.15,0.3333333,0.178125,3200
fcc,3,0,MBW-LR,late_time_delay,0.15,0.5,0.215625,3200
fcc,3,0,MBW-LR,late_time_delay,0.15,0.6666667,0.25625,3200
fcc,3,0,MBW-LR,late_time_delay,0.15,0.8333333,0.278125,3200
fcc,3,0,MBW-LR,late_time_delay,0.15,1.0,0.29375,3200
fcc,3,0,MBW-LR,late_time_delay,0.2,0.1666667,0.178125,3200
fcc,3,0,MBW-LR,late_time_delay,0.2,0.3333333,0.178125,3200
fcc,3,0,MBW-LR,late_time_delay,0.2,0.5,0.2375,3200
fcc,3,0,MBW-LR,late_time_delay,0.2,0.6666667,0.246875,3200
fcc,3,0,MBW-LR,late_time_delay,0.2,0.8333333,0.246875,3200
fcc,3,0,MBW-LR,late_time_delay,0.2,1.0,0.25,3200
fcc,3,0,MBW-LR,late_time_delay,0.25,0.1666667,0.1625,3200
fcc,3,0,MBW-LR,late_time_delay,0.25,0.3333333,0.1625,3200
fcc,3,0,MBW-LR,late_time_delay,0.25,0.5,0.221875,3200
fcc,3,0,MBW-LR,late_time_delay,0.25,0.6666667,0.221875,3200
fcc,3,0,MBW-LR,late_time_delay,0.25,0.8333333,0.246875,3200
fcc,3,0,MBW-LR,late_time_delay,0.25,1.0,0.25,3200
fcc,3,0,MBW-LR,late_time_delay,0.3,0.1666667,0.19375,3200
fcc,3,0,MBW-LR,late_time_delay,0.3,0.3333333,0.19375,3200
fcc,3,0,MBW-LR,late_time_delay,0.3,0.5,0.234375,3200
fcc,3,0,MBW-LR,late_time_delay,0.3,0.6666667,0.234375,3200
fcc,3,0,MBW-LR,late_time_delay,0.3,0.8333333,0.24375,3200
fcc,3,0,MBW-LR,late_time_delay,0.3,1.0,0.25625,3200
fcc,3,0,MBW-LR,late_time_delay,0.4,0.1666667,0.175,3200
fcc,3,0,MBW-LR,late_time_delay,0.4,0.3333333,0.175,3200
fcc,3,0,MBW-LR,late_time_delay,0.4,0.5,0.175,3200
fcc,3,0,MBW-LR,late_time_delay,0.4,0.6666667,0.2375,3200
fcc,3,0,MBW-LR,late_time_delay,0.4,0.8333333,0.2375,3200
fcc,3,0,MBW-LR,late_time_delay,0.4,1.0,0.215625,3200
fcc,3,0,MBW-LR,late_time_delay,0.5,0.1666667,0.14375,3200
fcc,3,0,MBW-LR,late_time_delay,0.5,0.3333333,0.14375,3200
fcc,3,0,MBW-LR,late_time_delay,0.5,0.5,0.14375,3200
fcc,3,0,MBW-LR,late_time_delay,0.5,0.6666667,0.14375,3200
fcc,3,0,MBW-LR,late_time_delay,0.5,0.8333333,0.178125,3200
fcc,3,0,MBW-LR,late_time_delay,0.5,1.0,0.165625,3200
fcc,3,0,MBW-LR,late_time_delay,0.6,0.1666667,0.140625,3200
fcc,3,0,MBW-LR,late_time_delay,0.6,0.3333333,0.140625,3200
fcc,3,0,MBW-LR,late_time_delay,0.6,0.5,0.140625,3200
fcc,3,0,MBW-LR,late_time_delay,0.6,0.6666667,0.140625,3200
fcc,3,0,MBW-LR,late_time_delay,0.6,0.8333333,0.140625,3200
fcc,3,0,MBW-LR,late_time_delay,0.6,1.0,0.153125,3200
fcc,3,0,MBW-LR,late_time_delay,0.7,0.1666667,0.11875,3200
fcc,3,0,MBW-LR,late_time_delay,0.7,0.3333333,0.11875,3200
fcc,3,0,MBW-LR,late_time_delay,0.7,0.5,0.11875,3200
fcc,3,0,MBW-LR,late_time_delay,0.7,0.6666667,0.11875,3200
fcc,3,0,MBW-LR,late_time_delay,0.7,0.8333333,0.11875,3200
fcc,3,0,MBW-LR,late_time_delay,0.7,1.0,0.121875,3200
fcc,3,0,MBW-LR,late_time_delay,0.8,0.1666667,0.11875,3200
fcc,3,0,MBW-LR,late_time_delay,0.8,0.3333333,0.11875,3200
fcc,3,0,MBW-LR,late_time_delay,0.8,0.5,0.11875,3200
fcc,3,0,MBW-LR,late_time_delay,0.8,0.6666667,0.11875,3200
fcc,3,0,MBW-LR,late_time_delay,0.8,0.8333333,0.11875,3200
fcc,3,0,MBW-LR,late_time_delay,0.8,1.0,0.121875,3200
fcc,3,0,MBW-LR,late_time_delay,0.9,0.1666667,0.1,3200
fcc,3,0,MBW-LR,late_time_delay,0.9,0.3333333,0.1,3200
fcc,3,0,MBW-LR,late_time_delay,0.9,0.5,0.1,3200
fcc,3,0,MBW-LR,late_time_delay,0.9,0.6666667,0.1,3200
fcc,3,0,MBW-LR,late_time_delay,0.9,0.8333333,0.1,3200
fcc,3,0,MBW-LR,late_time_delay,0.9,1.0,0.1,3200
fcc,3,0,MBW-LR,missing_events,0.0,0.1666667,0.8875,3200
fcc,3,0,MBW-LR,missing_events,0.0,0.3333333,0.8875,3200
fcc,3,0,MBW-LR,missing_events,0.0,0.5,0.978125,3200
fcc,3,0,MBW-LR,missing_events,0.0,0.6666667,0.9875,3200
fcc,3,0,MBW-LR,missing_events,0.0,0.8333333,1.0,3200
fcc,3,0,MBW-LR,missing_events,0.0,1.0,1.0,3200
fcc,3,0,MBW-LR,missing_events,0.05,0.1666667,0.880625,3200
fcc,3,0,MBW-LR,missing_events,0.05,0.3333333,0.880625,3200
fcc,3,0,MBW-LR,missing_events,0.05,0.5,0.9721875,3200
fcc,3,0,MBW-LR,missing_events,0.05,0.6666667,0.981875,3200
fcc,3,0,MBW-LR,missing_events,0.05,0.8333333,0.9946875,3200
fcc,3,0,MBW-LR,missing_events,0.05,1.0,0.9946875,3200
fcc,3,0,MBW-LR,missing_events,0.1,0.1666667,0.8684375,3200
fcc,3,0,MBW-LR,missing_events,0.1,0.3333333,0.8684375,3200
fcc,3,0,MBW-LR,missing_events,0.1,0.5,0.9584375,3200
fcc,3,0,MBW-LR,missing_events,0.1,0.6666667,0.970625,3200
fcc,3,0,MBW-LR,missing_events,0.1,0.8333333,0.9853125,3200
fcc,3,0,MBW-LR,missing_events,0.1,1.0,0.9846875,3200
fcc,3,0,MBW-LR,missing_events,0.15,0.1666667,0.8490625,3200
fcc,3,0,MBW-LR,missing_events,0.15,0.3333333,0.8490625,3200
fcc,3,0,MBW-LR,missing_events,0.15,0.5,0.9375,3200
fcc,3,0,MBW-LR,missing_events,0.15,0.6666667,0.9503125,3200
fcc,3,0,MBW-LR,missing_events,0.15,0.8333333,0.9621875,3200
fcc,3,0,MBW-LR,missing_events,0.15,1.0,0.9625,3200
fcc,3,0,MBW-LR,missing_events,0.2,0.1666667,0.8321875,3200
fcc,3,0,MBW-LR,missing_events,0.2,0.3333333,0.8321875,3200
fcc,3,0,MBW-LR,missing_events,0.2,0.5,0.911875,3200
fcc,3,0,MBW-LR,missing_events,0.2,0.6666667,0.9290625,3200
fcc,3,0,MBW-LR,missing_events,0.2,0.8333333,0.943125,3200
fcc,3,0,MBW-LR,missing_events,0.2,1.0,0.94625,3200
fcc,3,0,MBW-LR,missing_events,0.25,0.1666667,0.8090625,3200
fcc,3,0,MBW-LR,missing_events,0.25,0.3333333,0.8090625,3200
fcc,3,0,MBW-LR,missing_events,0.25,0.5,0.88375,3200
fcc,3,0,MBW-LR,missing_events,0.25,0.6666667,0.9075,3200
fcc,3,0,MBW-LR,missing_events,0.25,0.8333333,0.9190625,3200
fcc,3,0,MBW-LR,missing_events,0.25,1.0,0.9215625,3200
fcc,3,0,MBW-LR,missing_events,0.3,0.1666667,0.7878125,3200
fcc,3,0,MBW-LR,missing_events,0.3,0.3333333,0.7878125,3200
fcc,3,0,MBW-LR,missing_events,0.3,0.5,0.863125,3200
fcc,3,0,MBW-LR,missing_events,0.3,0.6666667,0.889375,3200
fcc,3,0,MBW-LR,missing_events,0.3,0.8333333,0.89875,3200
fcc,3,0,MBW-LR,missing_events,0.3,1.0,0.898125,3200
fcc,3,0,MBW-LR,missing_events,0.4,0.1666667,0.748125,3200
fcc,3,0,MBW-LR,missing_events,0.4,0.3333333,0.748125,3200
fcc,3,0,MBW-LR,missing_events,0.4,0.5,0.8084375,3200
fcc,3,0,MBW-LR,missing_events,0.4,0.6666667,0.836875,3200
fcc,3,0,MBW-LR,missing_events,0.4,0.8333333,0.8440625,3200
fcc,3,0,MBW-LR,missing_events,0.4,1.0,0.84875,3200
fcc,3,0,MBW-LR,missing_events,0.5,0.1666667,0.6671875,3200
fcc,3,0,MBW-LR,missing_events,0.5,0.3333333,0.6671875,3200
fcc,3,0,MBW-LR,missing_events,0.5,0.5,0.731875,3200
fcc,3,0,MBW-LR,missing_events,0.5,0.6666667,0.7571875,3200
fcc,3,0,MBW-LR,missing_events,0.5,0.8333333,0.7728125,3200
fcc,3,0,MBW-LR,missing_events,0.5,1.0,0.7709375,3200
fcc,3,0,MBW-LR,missing_events,0.6,0.1666667,0.6059375,3200
fcc,3,0,MBW-LR,missing_events,0.6,0.3333333,0.6059375,3200
fcc,3,0,MBW-LR,missing_events,0.6,0.5,0.659375,3200
fcc,3,0,MBW-LR,missing_events,0.6,0.6666667,0.688125,3200
fcc,3,0,MBW-LR,missing_events,0.6,0.8333333,0.705,3200
fcc,3,0,MBW-LR,missing_events,0.6,1.0,0.70125,3200
fcc,3,0,MBW-LR,missing_events,0.7,0.1666667,0.519375,3200
fcc,3,0,MBW-LR,missing_events,0.7,0.3333333,0.519375,3200
fcc,3,0,MBW-LR,missing_events,0.7,0.5,0.5621875,3200
fcc,3,0,MBW-LR,missing_events,0.7,0.6666667,0.585625,3200
fcc,3,0,MBW-LR,missing_events,0.7,0.8333333,0.600625,3200
fcc,3,0,MBW-LR,missing_events,0.7,1.0,0.6021875,3200
fcc,3,0,MBW-LR,missing_events,0.8,0.1666667,0.4109375,3200
fcc,3,0,MBW-LR,missing_events,0.8,0.3333333,0.4109375,3200
fcc,3,0,MBW-LR,missing_events,0.8,0.5,0.4465625,3200
fcc,3,0,MBW-LR,missing_events,0.8,0.6666667,0.46625,3200
fcc,3,0,MBW-LR,missing_events,0.8,0.8333333,0.473125,3200
fcc,3,0,MBW-LR,missing_events,0.8,1.0,0.47875,3200
fcc,3,0,MBW-LR,missing_events,0.9,0.1666667,0.2975,3200
fcc,3,0,MBW-LR,missing_events,0.9,0.3333333,0.2975,3200
fcc,3,0,MBW-LR,missing_events,0.9,0.5,0.3278125,3200
fcc,3,0,MBW-LR,missing_events,0.9,0.6666667,0.35,3200
fcc,3,0,MBW-LR,missing_events,0.9,0.8333333,0.3603125,3200
fcc,3,0,MBW-LR,missing_events,0.9,1.0,0.375,3200
fcc,3,0,MBW-LR,mixed_missing_spurious,0.0,0.1666667,0.8875,3200
fcc,3,0,MBW-LR,mixed_missing_spurious,0.0,0.3333333,0.8875,3200
fcc,3,0,MBW-LR,mixed_missing_spurious,0.0,0.5,0.978125,3200
fcc,3,0,MBW-LR,mixed_missing_spurious,0.0,0.6666667,0.9875,3200
fcc,3,0,MBW-LR,mixed_missing_spurious,0.0,0.8333333,1.0,3200
fcc,3,0,MBW-LR,mixed_missing_spurious,0.0,1.0,1.0,3200
fcc,3,0,MBW-LR,mixed_missing_spurious,0.05,0.1666667,0.88375,3200
fcc,3,0,MBW-LR,mixed_missing_spurious,0.05,0.3333333,0.88375,3200
fcc,3,0,MBW-LR,mixed_missing_spurious,0.05,0.5,0.969375,3200
fcc,3,0,MBW-LR,mixed_missing_spurious,0.05,0.6666667,0.9784375,3200
fcc,3,0,MBW-LR,mixed_missing_spurious,0.05,0.8333333,0.9953125,3200
fcc,3,0,MBW-LR,mixed_missing_spurious,0.05,1.0,0.99625,3200
fcc,3,0,MBW-LR,mixed_missing_spurious,0.1,0.1666667,0.8609375,3200
fcc,3,0,MBW-LR,mixed_missing_spurious,0.1,0.3333333,0.8609375,3200
fcc,3,0,MBW-LR,mixed_missing_spurious,0.1,0.5,0.9440625,3200
fcc,3,0,MBW-LR,mixed_missing_spurious,0.1,0.6666667,0.9559375,3200
fcc,3,0,MBW-LR,mixed_missing_spurious,0.1,0.8333333,0.9740625,3200
fcc,3,0,MBW-LR,mixed_missing_spurious,0.1,1.0,0.973125,3200
fcc,3,0,MBW-LR,mixed_missing_spurious,0.15,0.1666667,0.8371875,3200
fcc,3,0,MBW-LR,mixed_missing_spurious,0.15,0.3333333,0.8371875,3200
fcc,3,0,MBW-LR,mixed_missing_spurious,0.15,0.5,0.9109375,3200
fcc,3,0,MBW-LR,mixed_missing_spurious,0.15,0.6666667,0.9240625,3200
fcc,3,0,MBW-LR,mixed_missing_spurious,0.15,0.8333333,0.93375,3200
fcc,3,0,MBW-LR,mixed_missing_spurious,0.15,1.0,0.9325,3200
fcc,3,0,MBW-LR,mixed_missing_spurious,0.2,0.1666667,0.8140625,3200
fcc,3,0,MBW-LR,mixed_missing_spurious,0.2,0.3333333,0.8140625,3200
fcc,3,0,MBW-LR,mixed_missing_spurious,0.2,0.5,0.8728125,3200
fcc,3,0,MBW-LR,mixed_missing_spurious,0.2,0.6666667,0.8859375,3200
fcc,3,0,MBW-LR,mixed_missing_spurious,0.2,0.8333333,0.8946875,3200
fcc,3,0,MBW-LR,mixed_missing_spurious,0.2,1.0,0.8909375,3200
fcc,3,0,MBW-LR,mixed_missing_spurious,0.25,0.1666667,0.786875,3200
fcc,3,0,MBW-LR,mixed_missing_spurious,0.25,0.3333333,0.786875,3200
fcc,3,0,MBW-LR,mixed_missing_spurious,0.25,0.5,0.8459375,3200
fcc,3,0,MBW-LR,mixed_missing_spurious,0.25,0.6666667,0.853125,3200
fcc,3,0,MBW-LR,mixed_missing_spurious,0.25,0.8333333,0.8625,3200
fcc,3,0,MBW-LR,mixed_missing_spurious,0.25,1.0,0.850625,3200
fcc,3,0,MBW-LR,mixed_missing_spurious,0.3,0.1666667,0.7653125,3200
fcc,3,0,MBW-LR,mixed_missing_spurious,0.3,0.3333333,0.7653125,3200
fcc,3,0,MBW-LR,mixed_missing_spurious,0.3,0.5,0.8121875,3200
fcc,3,0,MBW-LR,mixed_missing_spurious,0.3,0.6666667,0.824375,3200
fcc,3,0,MBW-LR,mixed_missing_spurious,0.3,0.8333333,0.8171875,3200
fcc,3,0,MBW-LR,mixed_missing_spurious,0.3,1.0,0.8090625,3200
fcc,3,0,MBW-LR,mixed_missing_spurious,0.4,0.1666667,0.703125,3200
fcc,3,0,MBW-LR,mixed_missing_spurious,0.4,0.3333333,0.703125,3200
fcc,3,0,MBW-LR,mixed_missing_spurious,0.4,0.5,0.74375,3200
fcc,3,0,MBW-LR,mixed_missing_spurious,0.4,0.6666667,0.743125,3200
fcc,3,0,MBW-LR,mixed_missing_spurious,0.4,0.8333333,0.7434375,3200
fcc,3,0,MBW-LR,mixed_missing_spurious,0.4,1.0,0.7334375,3200
fcc,3,0,MBW-LR,mixed_missing_spurious,0.5,0.1666667,0.6265625,3200
fcc,3,0,MBW-LR,mixed_missing_spurious,0.5,0.3333333,0.6265625,3200
fcc,3,0,MBW-LR,mixed_missing_spurious,0.5,0.5,0.6434375,3200
fcc,3,0,MBW-LR,mixed_missing_spurious,0.5,0.6666667,0.6446875,3200
fcc,3,0,MBW-LR,mixed_missing_spurious,0.5,0.8333333,0.6353125,3200
fcc,3,0,MBW-LR,mixed_missing_spurious,0.5,1.0,0.6115625,3200
fcc,3,0,MBW-LR,mixed_missing_spurious,0.6,0.1666667,0.5684375,3200
fcc,3,0,MBW-LR,mixed_missing_spurious,0.6,0.3333333,0.5684375,3200
fcc,3,0,MBW-LR,mixed_missing_spurious,0.6,0.5,0.5809375,3200
fcc,3,0,MBW-LR,mixed_missing_spurious,0.6,0.6666667,0.5803125,3200
fcc,3,0,MBW-LR,mixed_missing_spurious,0.6,0.8333333,0.5746875,3200
fcc,3,0,MBW-LR,mixed_missing_spurious,0.6,1.0,0.5546875,3200
fcc,3,0,MBW-LR,mixed_missing_spurious,0.7,0.1666667,0.4934375,3200
fcc,3,0,MBW-LR,mixed_missing_spurious,0.7,0.3333333,0.4934375,3200
fcc,3,0,MBW-LR,mixed_missing_spurious,0.7,0.5,0.49625,3200
fcc,3,0,MBW-LR,mixed_missing_spurious,0.7,0.6666667,0.486875,3200
fcc,3,0,MBW-LR,mixed_missing_spurious,0.7,0.8333333,0.47875,3200
fcc,3,0,MBW-LR,mixed_missing_spurious,0.7,1.0,0.4590625,3200
fcc,3,0,MBW-LR,mixed_missing_spurious,0.8,0.1666667,0.3753125,3200
fcc,3,0,MBW-LR,mixed_missing_spurious,0.8,0.3333333,0.3753125,3200
fcc,3,0,MBW-LR,mixed_missing_spurious,0.8,0.5,0.391875,3200
fcc,3,0,MBW-LR,mixed_missing_spurious,0.8,0.6666667,0.3890625,3200
fcc,3,0,MBW-LR,mixed_missing_spurious,0.8,0.8333333,0.379375,3200
fcc,3,0,MBW-LR,mixed_missing_spurious,0.8,1.0,0.365,3200
fcc,3,0,MBW-LR,mixed_missing_spurious,0.9,0.1666667,0.2740625,3200
fcc,3,0,MBW-LR,mixed_missing_spurious,0.9,0.3333333,0.2740625,3200
fcc,3,0,MBW-LR,mixed_missing_spurious,0.9,0.5,0.2959375,3200
fcc,3,0,MBW-LR,mixed_missing_spurious,0.9,0.6666667,0.306875,3200
fcc,3,0,MBW-LR,mixed_missing_spurious,0.9,0.8333333,0.3040625,3200
fcc,3,0,MBW-LR,mixed_missing_spurious,0.9,1.0,0.3059375,3200
fcc,3,0,MBW-LR,mixed_spurious_timing_late,0.0,0.1666667,0.8875,3200
fcc,3,0,MBW-LR,mixed_spurious_timing_late,0.0,0.3333333,0.8875,3200
fcc,3,0,MBW-LR,mixed_spurious_timing_late,0.0,0.5,0.978125,3200
fcc,3,0,MBW-LR,mixed_spurious_timing_late,0.0,0.6666667,0.9875,3200
fcc,3,0,MBW-LR,mixed_spurious_timing_late,0.0,0.8333333,1.0,3200
fcc,3,0,MBW-LR,mixed_spurious_timing_late,0.0,1.0,1.0,3200
fcc,3,0,MBW-LR,mixed_spurious_timing_late,0.05,0.1666667,0.29,3200
fcc,3,0,MBW-LR,mixed_spurious_timing_late,0.05,0.3333333,0.29,3200
fcc,3,0,MBW-LR,mixed_spurious_timing_late,0.05,0.5,0.34375,3200
fcc,3,0,MBW-LR,mixed_spurious_timing_late,0.05,0.6666667,0.380625,3200
fcc,3,0,MBW-LR,mixed_spurious_timing_late,0.05,0.8333333,0.380625,3200
fcc,3,0,MBW-LR,mixed_spurious_timing_late,0.05,1.0,0.376875,3200
fcc,3,0,MBW-LR,mixed_spurious_timing_late,0.1,0.1666667,0.2328125,3200
fcc,3,0,MBW-LR,mixed_spurious_timing_late,0.1,0.3333333,0.2328125,3200
fcc,3,0,MBW-LR,mixed_spurious_timing_late,0.1,0.5,0.28625,3200
fcc,3,0,MBW-LR,mixed_spurious_timing_late,0.1,0.6666667,0.2978125,3200
fcc,3,0,MBW-LR,mixed_spurious_timing_late,0.1,0.8333333,0.3128125,3200
fcc,3,0,MBW-LR,mixed_spurious_timing_late,0.1,1.0,0.3421875,3200
fcc,3,0,MBW-LR,mixed_spurious_timing_late,0.15,0.1666667,0.173125,3200
fcc,3,0,MBW-LR,mixed_spurious_timing_late,0.15,0.3333333,0.173125,3200
fcc,3,0,MBW-LR,mixed_spurious_timing_late,0.15,0.5,0.1990625,3200
fcc,3,0,MBW-LR,mixed_spurious_timing_late,0.15,0.6666667,0.233125,3200
fcc,3,0,MBW-LR,mixed_spurious_timing_late,0.15,0.8333333,0.258125,3200
fcc,3,0,MBW-LR,mixed_spurious_timing_late,0.15,1.0,0.265625,3200
fcc,3,0,MBW-LR,mixed_spurious_timing_late,0.2,0.1666667,0.1634375,3200
fcc,3,0,MBW-LR,mixed_spurious_timing_late,0.2,0.3333333,0.1634375,3200
fcc,3,0,MBW-LR,mixed_spurious_timing_late,0.2,0.5,0.203125,3200
fcc,3,0,MBW-LR,mixed_spurious_timing_late,0.2,0.6666667,0.22125,3200
fcc,3,0,MBW-LR,mixed_spurious_timing_late,0.2,0.8333333,0.22125,3200
fcc,3,0,MBW-LR,mixed_spurious_timing_late,0.2,1.0,0.2340625,3200
fcc,3,0,MBW-LR,mixed_spurious_timing_late,0.25,0.1666667,0.1509375,3200
fcc,3,0,MBW-LR,mixed_spurious_timing_late,0.25,0.3333333,0.1509375,3200
fcc,3,0,MBW-LR,mixed_spurious_timing_late,0.25,0.5,0.1871875,3200
fcc,3,0,MBW-LR,mixed_spurious_timing_late,0.25,0.6666667,0.1871875,3200
fcc,3,0,MBW-LR,mixed_spurious_timing_late,0.25,0.8333333,0.2,3200
fcc,3,0,MBW-LR,mixed_spurious_timing_late,0.25,1.0,0.2,3200
fcc,3,0,MBW-LR,mixed_spurious_timing_late,0.3,0.1666667,0.1721875,3200
fcc,3,0,MBW-LR,mixed_spurious_timing_late,0.3,0.3333333,0.1721875,3200
fcc,3,0,MBW-LR,mixed_spurious_timing_late,0.3,0.5,0.1925,3200
fcc,3,0,MBW-LR,mixed_spurious_timing_late,0.3,0.6666667,0.1925,3200
fcc,3,0,MBW-LR,mixed_spurious_timing_late,0.3,0.8333333,0.2028125,3200
fcc,3,0,MBW-LR,mixed_spurious_timing_late,0.3,1.0,0.1971875,3200
fcc,3,0,MBW-LR,mixed_spurious_timing_late,0.4,0.1666667,0.1271875,3200
fcc,3,0,MBW-LR,mixed_spurious_timing_late,0.4,0.3333333,0.1271875,3200
fcc,3,0,MBW-LR,mixed_spurious_timing_late,0.4,0.5,0.1271875,3200
fcc,3,0,MBW-LR,mixed_spurious_timing_late,0.4,0.6666667,0.1459375,3200
fcc,3,0,MBW-LR,mixed_spurious_timing_late,0.4,0.8333333,0.1459375,3200
fcc,3,0,MBW-LR,mixed_spurious_timing_late,0.4,1.0,0.125,3200
fcc,3,0,MBW-LR,mixed_spurious_timing_late,0.5,0.1666667,0.0965625,3200
fcc,3,0,MBW-LR,mixed_spurious_timing_late,0.5,0.3333333,0.0965625,3200
fcc,3,0,MBW-LR,mixed_spurious_timing_late,0.5,0.5,0.0965625,3200
fcc,3,0,MBW-LR,mixed_spurious_timing_late,0.5,0.6666667,0.0965625,3200
fcc,3,0,MBW-LR,mixed_spurious_timing_late,0.5,0.8333333,0.1084375,3200
fcc,3,0,MBW-LR,mixed_spurious_timing_late,0.5,1.0,0.10125,3200
fcc,3,0,MBW-LR,mixed_spurious_timing_late,0.6,0.1666667,0.09,3200
fcc,3,0,MBW-LR,mixed_spurious_timing_late,0.6,0.3333333,0.09,3200
fcc,3,0,MBW-LR,mixed_spurious_timing_late,0.6,0.5,0.09,3200
fcc,3,0,MBW-LR,mixed_spurious_timing_late,0.6,0.6666667,0.09,3200
fcc,3,0,MBW-LR,mixed_spurious_timing_late,0.6,0.8333333,0.09,3200
fcc,3,0,MBW-LR,mixed_spurious_timing_late,0.6,1.0,0.0925,3200
fcc,3,0,MBW-LR,mixed_spurious_timing_late,0.7,0.1666667,0.093125,3200
fcc,3,0,MBW-LR,mixed_spurious_timing_late,0.7,0.3333333,0.093125,3200
fcc,3,0,MBW-LR,mixed_spurious_timing_late,0.7,0.5,0.093125,3200
fcc,3,0,MBW-LR,mixed_spurious_timing_late,0.7,0.6666667,0.093125,3200
fcc,3,0,MBW-LR,mixed_spurious_timing_late,0.7,0.8333333,0.093125,3200
fcc,3,0,MBW-LR,mixed_spurious_timing_late,0.7,1.0,0.085,3200
fcc,3,0,MBW-LR,mixed_spurious_timing_late,0.8,0.1666667,0.0759375,3200
fcc,3,0,MBW-LR,mixed_spurious_timing_late,0.8,0.3333333,0.0759375,3200
fcc,3,0,MBW-LR,mixed_spurious_timing_late,0.8,0.5,0.0759375,3200
fcc,3,0,MBW-LR,mixed_spurious_timing_late,0.8,0.6666667,0.0759375,3200
fcc,3,0,MBW-LR,mixed_spurious_timing_late,0.8,0.8333333,0.0759375,3200
fcc,3,0,MBW-LR,mixed_spurious_timing_late,0.8,1.0,0.0725,3200
fcc,3,0,MBW-LR,mixed_spurious_timing_late,0.9,0.1666667,0.0765625,3200
fcc,3,0,MBW-LR,mixed_spurious_timing_late,0.9,0.3333333,0.0765625,3200
fcc,3,0,MBW-LR,mixed_spurious_timing_late,0.9,0.5,0.0765625,3200
fcc,3,0,MBW-LR,mixed_spurious_timing_late,0.9,0.6666667,0.0765625,3200
fcc,3,0,MBW-LR,mixed_spurious_timing_late,0.9,0.8333333,0.0765625,3200
fcc,3,0,MBW-LR,mixed_spurious_timing_late,0.9,1.0,0.0765625,3200
fcc,3,0,MBW-LR,spurious_events,0.0,0.1666667,0.8875,3200
fcc,3,0,MBW-LR,spurious_events,0.0,0.3333333,0.8875,3200
fcc,3,0,MBW-LR,spurious_events,0.0,0.5,0.978125,3200
fcc,3,0,MBW-LR,spurious_events,0.0,0.6666667,0.9875,3200
fcc,3,0,MBW-LR,spurious_events,0.0,0.8333333,1.0,3200
fcc,3,0,MBW-LR,spurious_events,0.0,1.0,1.0,3200
fcc,3,0,MBW-LR,spurious_events,0.05,0.1666667,0.8865625,3200
fcc,3,0,MBW-LR,spurious_events,0.05,0.3333333,0.8865625,3200
fcc,3,0,MBW-LR,spurious_events,0.05,0.5,0.97125,3200
fcc,3,0,MBW-LR,spurious_events,0.05,0.6666667,0.979375,3200
fcc,3,0,MBW-LR,spurious_events,0.05,0.8333333,0.9953125,3200
fcc,3,0,MBW-LR,spurious_events,0.05,1.0,0.9978125,3200
fcc,3,0,MBW-LR,spurious_events,0.1,0.1666667,0.8828125,3200
fcc,3,0,MBW-LR,spurious_events,0.1,0.3333333,0.8828125,3200
fcc,3,0,MBW-LR,spurious_events,0.1,0.5,0.959375,3200
fcc,3,0,MBW-LR,spurious_events,0.1,0.6666667,0.97,3200
fcc,3,0,MBW-LR,spurious_events,0.1,0.8333333,0.98375,3200
fcc,3,0,MBW-LR,spurious_events,0.1,1.0,0.9865625,3200
fcc,3,0,MBW-LR,spurious_events,0.15,0.1666667,0.88375,3200
fcc,3,0,MBW-LR,spurious_events,0.15,0.3333333,0.88375,3200
fcc,3,0,MBW-LR,spurious_events,0.15,0.5,0.9503125,3200
fcc,3,0,MBW-LR,spurious_events,0.15,0.6666667,0.960625,3200
fcc,3,0,MBW-LR,spurious_events,0.15,0.8333333,0.969375,3200
fcc,3,0,MBW-LR,spurious_events,0.15,1.0,0.969375,3200
fcc,3,0,MBW-LR,spurious_events,0.2,0.1666667,0.8753125,3200
fcc,3,0,MBW-LR,spurious_events,0.2,0.3333333,0.8753125,3200
fcc,3,0,MBW-LR,spurious_events,0.2,0.5,0.9390625,3200
fcc,3,0,MBW-LR,spurious_events,0.2,0.6666667,0.9484375,3200
fcc,3,0,MBW-LR,spurious_events,0.2,0.8333333,0.955625,3200
fcc,3,0,MBW-LR,spurious_events,0.2,1.0,0.9565625,3200
fcc,3,0,MBW-LR,spurious_events,0.25,0.1666667,0.86625,3200
fcc,3,0,MBW-LR,spurious_events,0.25,0.3333333,0.86625,3200
fcc,3,0,MBW-LR,spurious_events,0.25,0.5,0.9225,3200
fcc,3,0,MBW-LR,spurious_events,0.25,0.6666667,0.9315625,3200
fcc,3,0,MBW-LR,spurious_events,0.25,0.8333333,0.93625,3200
fcc,3,0,MBW-LR,spurious_events,0.25,1.0,0.93375,3200
fcc,3,0,MBW-LR,spurious_events,0.3,0.1666667,0.86375,3200
fcc,3,0,MBW-LR,spurious_events,0.3,0.3333333,0.86375,3200
fcc,3,0,MBW-LR,spurious_events,0.3,0.5,0.9190625,3200
fcc,3,0,MBW-LR,spurious_events,0.3,0.6666667,0.92625,3200
fcc,3,0,MBW-LR,spurious_events,0.3,0.8333333,0.9215625,3200
fcc,3,0,MBW-LR,spurious_events,0.3,1.0,0.9215625,3200
fcc,3,0,MBW-LR,spurious_events,0.4,0.1666667,0.850625,3200
fcc,3,0,MBW-LR,spurious_events,0.4,0.3333333,0.850625,3200
fcc,3,0,MBW-LR,spurious_events,0.4,0.5,0.9034375,3200
fcc,3,0,MBW-LR,spurious_events,0.4,0.6666667,0.9084375,3200
fcc,3,0,MBW-LR,spurious_events,0.4,0.8333333,0.9009375,3200
fcc,3,0,MBW-LR,spurious_events,0.4,1.0,0.8928125,3200
fcc,3,0,MBW-LR,spurious_events,0.5,0.1666667,0.8484375,3200
fcc,3,0,MBW-LR,spurious_events,0.5,0.3333333,0.8484375,3200
fcc,3,0,MBW-LR,spurious_events,0.5,0.5,0.881875,3200
fcc,3,0,MBW-LR,spurious_events,0.5,0.6666667,0.881875,3200
fcc,3,0,MBW-LR,spurious_events,0.5,0.8333333,0.8696875,3200
fcc,3,0,MBW-LR,spurious_events,0.5,1.0,0.8465625,3200
fcc,3,0,MBW-LR,spurious_events,0.6,0.1666667,0.83625,3200
fcc,3,0,MBW-LR,spurious_events,0.6,0.3333333,0.83625,3200
fcc,3,0,MBW-LR,spurious_events,0.6,0.5,0.8634375,3200
fcc,3,0,MBW-LR,spurious_events,0.6,0.6666667,0.86375,3200
fcc,3,0,MBW-LR,spurious_events,0.6,0.8333333,0.8465625,3200
fcc,3,0,MBW-LR,spurious_events,0.6,1.0,0.8046875,3200
fcc,3,0,MBW-LR,spurious_events,0.7,0.1666667,0.8240625,3200
fcc,3,0,MBW-LR,spurious_events,0.7,0.3333333,0.8240625,3200
fcc,3,0,MBW-LR,spurious_events,0.7,0.5,0.8546875,3200
fcc,3,0,MBW-LR,spurious_events,0.7,0.6666667,0.836875,3200
fcc,3,0,MBW-LR,spurious_events,0.7,0.8333333,0.8209375,3200
fcc,3,0,MBW-LR,spurious_events,0.7,1.0,0.77,3200
fcc,3,0,MBW-LR,spurious_events,0.8,0.1666667,0.82625,3200
fcc,3,0,MBW-LR,spurious_events,0.8,0.3333333,0.82625,3200
fcc,3,0,MBW-LR,spurious_events,0.8,0.5,0.839375,3200
fcc,3,0,MBW-LR,spurious_events,0.8,0.6666667,0.829375,3200
fcc,3,0,MBW-LR,spurious_events,0.8,0.8333333,0.8,3200
fcc,3,0,MBW-LR,spurious_events,0.8,1.0,0.7403125,3200
fcc,3,0,MBW-LR,spurious_events,0.9,0.1666667,0.8184375,3200
fcc,3,0,MBW-LR,spurious_events,0.9,0.3333333,0.8184375,3200
fcc,3,0,MBW-LR,spurious_events,0.9,0.5,0.8190625,3200
fcc,3,0,MBW-LR,spurious_events,0.9,0.6666667,0.796875,3200
fcc,3,0,MBW-LR,spurious_events,0.9,0.8333333,0.76875,3200
fcc,3,0,MBW-LR,spurious_events,0.9,1.0,0.7065625,3200
fcc,3,0,MBW-LR,timing_uncertainty,0.0,0.1666667,0.8875,3200
fcc,3,0,MBW-LR,timing_uncertainty,0.0,0.3333333,0.8875,3200
fcc,3,0,MBW-LR,timing_uncertainty,0.0,0.5,0.978125,3200
fcc,3,0,MBW-LR,timing_uncertainty,0.0,0.6666667,0.9875,3200
fcc,3,0,MBW-LR,timing_uncertainty,0.0,0.8333333,1.0,3200
fcc,3,0,MBW-LR,timing_uncertainty,0.0,1.0,1.0,3200
fcc,3,0,MBW-LR,timing_uncertainty,0.05,0.1666667,0.8875,3200
fcc,3,0,MBW-LR,timing_uncertainty,0.05,0.3333333,0.8875,3200
fcc,3,0,MBW-LR,timing_uncertainty,0.05,0.5,0.978125,3200
fcc,3,0,MBW-LR,timing_uncertainty,0.05,0.6666667,0.9875,3200
fcc,3,0,MBW-LR,timing_uncertainty,0.05,0.8333333,1.0,3200
fcc,3,0,MBW-LR,timing_uncertainty,0.05,1.0,1.0,3200
fcc,3,0,MBW-LR,timing_uncertainty,0.1,0.1666667,0.88625,3200
fcc,3,0,MBW-LR,timing_uncertainty,0.1,0.3333333,0.88625,3200
fcc,3,0,MBW-LR,timing_uncertainty,0.1,0.5,0.976875,3200
fcc,3,0,MBW-LR,timing_uncertainty,0.1,0.6666667,0.986875,3200
fcc,3,0,MBW-LR,timing_uncertainty,0.1,0.8333333,0.999375,3200
fcc,3,0,MBW-LR,timing_uncertainty,0.1,1.0,0.999375,3200
fcc,3,0,MBW-LR,timing_uncertainty,0.15,0.1666667,0.8859375,3200
fcc,3,0,MBW-LR,timing_uncertainty,0.15,0.3333333,0.8859375,3200
fcc,3,0,MBW-LR,timing_uncertainty,0.15,0.5,0.9740625,3200
fcc,3,0,MBW-LR,timing_uncertainty,0.15,0.6666667,0.986875,3200
fcc,3,0,MBW-LR,timing_uncertainty,0.15,0.8333333,0.9990625,3200
fcc,3,0,MBW-LR,timing_uncertainty,0.15,1.0,0.9996875,3200
fcc,3,0,MBW-LR,timing_uncertainty,0.2,0.1666667,0.883125,3200
fcc,3,0,MBW-LR,timing_uncertainty,0.2,0.3333333,0.883125,3200
fcc,3,0,MBW-LR,timing_uncertainty,0.2,0.5,0.973125,3200
fcc,3,0,MBW-LR,timing_uncertainty,0.2,0.6666667,0.985625,3200
fcc,3,0,MBW-LR,timing_uncertainty,0.2,0.8333333,0.9978125,3200
fcc,3,0,MBW-LR,timing_uncertainty,0.2,1.0,0.99875,3200
fcc,3,0,MBW-LR,timing_uncertainty,0.25,0.1666667,0.88,3200
fcc,3,0,MBW-LR,timing_uncertainty,0.25,0.3333333,0.88,3200
fcc,3,0,MBW-LR,timing_uncertainty,0.25,0.5,0.966875,3200
fcc,3,0,MBW-LR,timing_uncertainty,0.25,0.6666667,0.9825,3200
fcc,3,0,MBW-LR,timing_uncertainty,0.25,0.8333333,0.995,3200
fcc,3,0,MBW-LR,timing_uncertainty,0.25,1.0,0.9959375,3200
fcc,3,0,MBW-LR,timing_uncertainty,0.3,0.1666667,0.8725,3200
fcc,3,0,MBW-LR,timing_uncertainty,0.3,0.3333333,0.8725,3200
fcc,3,0,MBW-LR,timing_uncertainty,0.3,0.5,0.9640625,3200
fcc,3,0,MBW-LR,timing_uncertainty,0.3,0.6666667,0.983125,3200
fcc,3,0,MBW-LR,timing_uncertainty,0.3,0.8333333,0.994375,3200
fcc,3,0,MBW-LR,timing_uncertainty,0.3,1.0,0.9971875,3200
fcc,3,0,MBW-LR,timing_uncertainty,0.4,0.1666667,0.8696875,3200
fcc,3,0,MBW-LR,timing_uncertainty,0.4,0.3333333,0.8696875,3200
fcc,3,0,MBW-LR,timing_uncertainty,0.4,0.5,0.964375,3200
fcc,3,0,MBW-LR,timing_uncertainty,0.4,0.6666667,0.9809375,3200
fcc,3,0,MBW-LR,timing_uncertainty,0.4,0.8333333,0.9896875,3200
fcc,3,0,MBW-LR,timing_uncertainty,0.4,1.0,0.9934375,3200
fcc,3,0,MBW-LR,timing_uncertainty,0.5,0.1666667,0.85,3200
fcc,3,0,MBW-LR,timing_uncertainty,0.5,0.3333333,0.85,3200
fcc,3,0,MBW-LR,timing_uncertainty,0.5,0.5,0.9440625,3200
fcc,3,0,MBW-LR,timing_uncertainty,0.5,0.6666667,0.973125,3200
fcc,3,0,MBW-LR,timing_uncertainty,0.5,0.8333333,0.9803125,3200
fcc,3,0,MBW-LR,timing_uncertainty,0.5,1.0,0.98875,3200
fcc,3,0,MBW-LR,timing_uncertainty,0.6,0.1666667,0.84,3200
fcc,3,0,MBW-LR,timing_uncertainty,0.6,0.3333333,0.84,3200
fcc,3,0,MBW-LR,timing_uncertainty,0.6,0.5,0.93875,3200
fcc,3,0,MBW-LR,timing_uncertainty,0.6,0.6666667,0.965625,3200
fcc,3,0,MBW-LR,timing_uncertainty,0.6,0.8333333,0.975,3200
fcc,3,0,MBW-LR,timing_uncertainty,0.6,1.0,0.9853125,3200
fcc,3,0,MBW-LR,timing_uncertainty,0.7,0.1666667,0.8215625,3200
fcc,3,0,MBW-LR,timing_uncertainty,0.7,0.3333333,0.8215625,3200
fcc,3,0,MBW-LR,timing_uncertainty,0.7,0.5,0.9221875,3200
fcc,3,0,MBW-LR,timing_uncertainty,0.7,0.6666667,0.9546875,3200
fcc,3,0,MBW-LR,timing_uncertainty,0.7,0.8333333,0.9678125,3200
fcc,3,0,MBW-LR,timing_uncertainty,0.7,1.0,0.9796875,3200
fcc,3,0,MBW-LR,timing_uncertainty,0.8,0.1666667,0.7971875,3200
fcc,3,0,MBW-LR,timing_uncertainty,0.8,0.3333333,0.7971875,3200
fcc,3,0,MBW-LR,timing_uncertainty,0.8,0.5,0.8975,3200
fcc,3,0,MBW-LR,timing_uncertainty,0.8,0.6666667,0.9496875,3200
fcc,3,0,MBW-LR,timing_uncertainty,0.8,0.8333333,0.96375,3200
fcc,3,0,MBW-LR,timing_uncertainty,0.8,1.0,0.9771875,3200
fcc,3,0,MBW-LR,timing_uncertainty,0.9,0.1666667,0.766875,3200
fcc,3,0,MBW-LR,timing_uncertainty,0.9,0.3333333,0.766875,3200
fcc,3,0,MBW-LR,timing_uncertainty,0.9,0.5,0.87875,3200
fcc,3,0,MBW-LR,timing_uncertainty,0.9,0.6666667,0.9284375,3200
fcc,3,0,MBW-LR,timing_uncertainty,0.9,0.8333333,0.945,3200
fcc,3,0,MBW-LR,timing_uncertainty,0.9,1.0,0.9575,3200
fcc,3,0,WDI-1NN,late_time_delay,0.0,0.1666667,0.396875,3200
fcc,3,0,WDI-1NN,late_time_delay,0.0,0.3333333,0.396875,3200
fcc,3,0,WDI-1NN,late_time_delay,0.0,0.5,0.565625,3200
fcc,3,0,WDI-1NN,late_time_delay,0.0,0.6666667,0.753125,3200
fcc,3,0,WDI-1NN,late_time_delay,0.0,0.8333333,0.809375,3200
fcc,3,0,WDI-1NN,late_time_delay,0.0,1.0,0.80625,3200
fcc,3,0,WDI-1NN,late_time_delay,0.05,0.1666667,0.190625,3200
fcc,3,0,WDI-1NN,late_time_delay,0.05,0.3333333,0.190625,3200
fcc,3,0,WDI-1NN,late_time_delay,0.05,0.5,0.365625,3200
fcc,3,0,WDI-1NN,late_time_delay,0.05,0.6666667,0.48125,3200
fcc,3,0,WDI-1NN,late_time_delay,0.05,0.8333333,0.515625,3200
fcc,3,0,WDI-1NN,late_time_delay,0.05,1.0,0.496875,3200
fcc,3,0,WDI-1NN,late_time_delay,0.1,0.1666667,0.184375,3200
fcc,3,0,WDI-1NN,late_time_delay,0.1,0.3333333,0.184375,3200
fcc,3,0,WDI-1NN,late_time_delay,0.1,0.5,0.390625,3200
fcc,3,0,WDI-1NN,late_time_delay,0.1,0.6666667,0.46875,3200
fcc,3,0,WDI-1NN,late_time_delay,0.1,0.8333333,0.48125,3200
fcc,3,0,WDI-1NN,late_time_delay,0.1,1.0,0.490625,3200
fcc,3,0,WDI-1NN,late_time_delay,0.15,0.1666667,0.178125,3200
fcc,3,0,WDI-1NN,late_time_delay,0.15,0.3333333,0.178125,3200
fcc,3,0,WDI-1NN,late_time_delay,0.15,0.5,0.315625,3200
fcc,3,0,WDI-1NN,late_time_delay,0.15,0.6666667,0.371875,3200
fcc,3,0,WDI-1NN,late_time_delay,0.15,0.8333333,0.3875,3200
fcc,3,0,WDI-1NN,late_time_delay,0.15,1.0,0.396875,3200
fcc,3,0,WDI-1NN,late_time_delay,0.2,0.1666667,0.15,3200
fcc,3,0,WDI-1NN,late_time_delay,0.2,0.3333333,0.15,3200
fcc,3,0,WDI-1NN,late_time_delay,0.2,0.5,0.2625,3200
fcc,3,0,WDI-1NN,late_time_delay,0.2,0.6666667,0.309375,3200
fcc,3,0,WDI-1NN,late_time_delay,0.2,0.8333333,0.309375,3200
fcc,3,0,WDI-1NN,late_time_delay,0.2,1.0,0.334375,3200
fcc,3,0,WDI-1NN,late_time_delay,0.25,0.1666667,0.140625,3200
fcc,3,0,WDI-1NN,late_time_delay,0.25,0.3333333,0.140625,3200
fcc,3,0,WDI-1NN,late_time_delay,0.25,0.5,0.225,3200
fcc,3,0,WDI-1NN,late_time_delay,0.25,0.6666667,0.225,3200
fcc,3,0,WDI-1NN,late_time_delay,0.25,0.8333333,0.2625,3200
fcc,3,0,WDI-1NN,late_time_delay,0.25,1.0,0.2875,3200
fcc,3,0,WDI-1NN,late_time_delay,0.3,0.1666667,0.115625,3200
fcc,3,0,WDI-1NN,late_time_delay,0.3,0.3333333,0.115625,3200
fcc,3,0,WDI-1NN,late_time_delay,0.3,0.5,0.16875,3200
fcc,3,0,WDI-1NN,late_time_delay,0.3,0.6666667,0.16875,3200
fcc,3,0,WDI-1NN,late_time_delay,0.3,0.8333333,0.190625,3200
fcc,3,0,WDI-1NN,late_time_delay,0.3,1.0,0.2375,3200
fcc,3,0,WDI-1NN,late_time_delay,0.4,0.1666667,0.09375,3200
fcc,3,0,WDI-1NN,late_time_delay,0.4,0.3333333,0.09375,3200
fcc,3,0,WDI-1NN,late_time_delay,0.4,0.5,0.09375,3200
fcc,3,0,WDI-1NN,late_time_delay,0.4,0.6666667,0.1125,3200
fcc,3,0,WDI-1NN,late_time_delay,0.4,0.8333333,0.1125,3200
fcc,3,0,WDI-1NN,late_time_delay,0.4,1.0,0.1875,3200
fcc,3,0,WDI-1NN,late_time_delay,0.5,0.1666667,0.0875,3200
fcc,3,0,WDI-1NN,late_time_delay,0.5,0.3333333,0.0875,3200
fcc,3,0,WDI-1NN,late_time_delay,0.5,0.5,0.0875,3200
fcc,3,0,WDI-1NN,late_time_delay,0.5,0.6666667,0.0875,3200
fcc,3,0,WDI-1NN,late_time_delay,0.5,0.8333333,0.121875,3200
fcc,3,0,WDI-1NN,late_time_delay,0.5,1.0,0.159375,3200
fcc,3,0,WDI-1NN,late_time_delay,0.6,0.1666667,0.0875,3200
fcc,3,0,WDI-1NN,late_time_delay,0.6,0.3333333,0.0875,3200
fcc,3,0,WDI-1NN,late_time_delay,0.6,0.5,0.0875,3200
fcc,3,0,WDI-1NN,late_time_delay,0.6,0.6666667,0.0875,3200
fcc,3,0,WDI-1NN,late_time_delay,0.6,0.8333333,0.0875,3200
fcc,3,0,WDI-1NN,late_time_delay,0.6,1.0,0.14375,3200
fcc,3,0,WDI-1NN,late_time_delay,0.7,0.1666667,0.109375,3200
fcc,3,0,WDI-1NN,late_time_delay,0.7,0.3333333,0.109375,3200
fcc,3,0,WDI-1NN,late_time_delay,0.7,0.5,0.109375,3200
fcc,3,0,WDI-1NN,late_time_delay,0.7,0.6666667,0.109375,3200
fcc,3,0,WDI-1NN,late_time_delay,0.7,0.8333333,0.109375,3200
fcc,3,0,WDI-1NN,late_time_delay,0.7,1.0,0.128125,3200
fcc,3,0,WDI-1NN,late_time_delay,0.8,0.1666667,0.121875,3200
fcc,3,0,WDI-1NN,late_time_delay,0.8,0.3333333,0.121875,3200
fcc,3,0,WDI-1NN,late_time_delay,0.8,0.5,0.121875,3200
fcc,3,0,WDI-1NN,late_time_delay,0.8,0.6666667,0.121875,3200
fcc,3,0,WDI-1NN,late_time_delay,0.8,0.8333333,0.121875,3200
fcc,3,0,WDI-1NN,late_time_delay,0.8,1.0,0.125,3200
fcc,3,0,WDI-1NN,late_time_delay,0.9,0.1666667,0.09375,3200
fcc,3,0,WDI-1NN,late_time_delay,0.9,0.3333333,0.09375,3200
fcc,3,0,WDI-1NN,late_time_delay,0.9,0.5,0.09375,3200
fcc,3,0,WDI-1NN,late_time_delay,0.9,0.6666667,0.09375,3200
fcc,3,0,WDI-1NN,late_time_delay,0.9,0.8333333,0.09375,3200
fcc,3,0,WDI-1NN,late_time_delay,0.9,1.0,0.09375,3200
fcc,3,0,WDI-1NN,missing_events,0.0,0.1666667,0.396875,3200
fcc,3,0,WDI-1NN,missing_events,0.0,0.3333333,0.396875,3200
fcc,3,0,WDI-1NN,missing_events,0.0,0.5,0.565625,3200
fcc,3,0,WDI-1NN,missing_events,0.0,0.6666667,0.753125,3200
fcc,3,0,WDI-1NN,missing_events,0.0,0.8333333,0.809375,3200
fcc,3,0,WDI-1NN,missing_events,0.0,1.0,0.80625,3200
fcc,3,0,WDI-1NN,missing_events,0.05,0.1666667,0.3871875,3200
fcc,3,0,WDI-1NN,missing_events,0.05,0.3333333,0.3871875,3200
fcc,3,0,WDI-1NN,missing_events,0.05,0.5,0.5575,3200
fcc,3,0,WDI-1NN,missing_events,0.05,0.6666667,0.739375,3200
fcc,3,0,WDI-1NN,missing_events,0.05,0.8333333,0.7921875,3200
fcc,3,0,WDI-1NN,missing_events,0.05,1.0,0.800625,3200
fcc,3,0,WDI-1NN,missing_events,0.1,0.1666667,0.36,3200
fcc,3,0,WDI-1NN,missing_events,0.1,0.3333333,0.36,3200
fcc,3,0,WDI-1NN,missing_events,0.1,0.5,0.5240625,3200
fcc,3,0,WDI-1NN,missing_events,0.1,0.6666667,0.699375,3200
fcc,3,0,WDI-1NN,missing_events,0.1,0.8333333,0.764375,3200
fcc,3,0,WDI-1NN,missing_events,0.1,1.0,0.780625,3200
fcc,3,0,WDI-1NN,missing_events,0.15,0.1666667,0.3375,3200
fcc,3,0,WDI-1NN,missing_events,0.15,0.3333333,0.3375,3200
fcc,3,0,WDI-1NN,missing_events,0.15,0.5,0.4915625,3200
fcc,3,0,WDI-1NN,missing_events,0.15,0.6666667,0.65875,3200
fcc,3,0,WDI-1NN,missing_events,0.15,0.8333333,0.723125,3200
fcc,3,0,WDI-1NN,missing_events,0.15,1.0,0.75,3200
fcc,3,0,WDI-1NN,missing_events,0.2,0.1666667,0.3071875,3200
fcc,3,0,WDI-1NN,missing_events,0.2,0.3333333,0.3071875,3200
fcc,3,0,WDI-1NN,missing_events,0.2,0.5,0.455,3200
fcc,3,0,WDI-1NN,missing_events,0.2,0.6666667,0.6071875,3200
fcc,3,0,WDI-1NN,missing_events,0.2,0.8333333,0.6715625,3200
fcc,3,0,WDI-1NN,missing_events,0.2,1.0,0.725625,3200
fcc,3,0,WDI-1NN,missing_events,0.25,0.1666667,0.28875,3200
fcc,3,0,WDI-1NN,missing_events,0.25,0.3333333,0.28875,3200
fcc,3,0,WDI-1NN,missing_events,0.25,0.5,0.4328125,3200
fcc,3,0,WDI-1NN,missing_events,0.25,0.6666667,0.5684375,3200
fcc,3,0,WDI-1NN,missing_events,0.25,0.8333333,0.6371875,3200
fcc,3,0,WDI-1NN,missing_events,0.25,1.0,0.686875,3200
fcc,3,0,WDI-1NN,missing_events,0.3,0.1666667,0.270625,3200
fcc,3,0,WDI-1NN,missing_events,0.3,0.3333333,0.270625,3200
fcc,3,0,WDI-1NN,missing_events,0.3,0.5,0.399375,3200
fcc,3,0,WDI-1NN,missing_events,0.3,0.6666667,0.5353125,3200
fcc,3,0,WDI-1NN,missing_events,0.3,0.8333333,0.6040625,3200
fcc,3,0,WDI-1NN,missing_events,0.3,1.0,0.654375,3200
fcc,3,0,WDI-1NN,missing_events,0.4,0.1666667,0.2253125,3200
fcc,3,0,WDI-1NN,missing_events,0.4,0.3333333,0.2253125,3200
fcc,3,0,WDI-1NN,missing_events,0.4,0.5,0.333125,3200
fcc,3,0,WDI-1NN,missing_events,0.4,0.6666667,0.433125,3200
fcc,3,0,WDI-1NN,missing_events,0.4,0.8333333,0.4953125,3200
fcc,3,0,WDI-1NN,missing_events,0.4,1.0,0.5528125,3200
fcc,3,0,WDI-1NN,missing_events,0.5,0.1666667,0.18625,3200
fcc,3,0,WDI-1NN,missing_events,0.5,0.3333333,0.18625,3200
fcc,3,0,WDI-1NN,missing_events,0.5,0.5,0.25,3200
fcc,3,0,WDI-1NN,missing_events,0.5,0.6666667,0.328125,3200
fcc,3,0,WDI-1NN,missing_events,0.5,0.8333333,0.37875,3200
fcc,3,0,WDI-1NN,missing_events,0.5,1.0,0.4278125,3200
fcc,3,0,WDI-1NN,missing_events,0.6,0.1666667,0.1603125,3200
fcc,3,0,WDI-1NN,missing_events,0.6,0.3333333,0.1603125,3200
fcc,3,0,WDI-1NN,missing_events,0.6,0.5,0.2034375,3200
fcc,3,0,WDI-1NN,missing_events,0.6,0.6666667,0.243125,3200
fcc,3,0,WDI-1NN,missing_events,0.6,0.8333333,0.2784375,3200
fcc,3,0,WDI-1NN,missing_events,0.6,1.0,0.3346875,3200
fcc,3,0,WDI-1NN,missing_events,0.7,0.1666667,0.1334375,3200
fcc,3,0,WDI-1NN,missing_events,0.7,0.3333333,0.1334375,3200
fcc,3,0,WDI-1NN,missing_events,0.7,0.5,0.1621875,3200
fcc,3,0,WDI-1NN,missing_events,0.7,0.6666667,0.184375,3200
fcc,3,0,WDI-1NN,missing_events,0.7,0.8333333,0.204375,3200
fcc,3,0,WDI-1NN,missing_events,0.7,1.0,0.2321875,3200
fcc,3,0,WDI-1NN,missing_events,0.8,0.1666667,0.0990625,3200
fcc,3,0,WDI-1NN,missing_events,0.8,0.3333333,0.0990625,3200
fcc,3,0,WDI-1NN,missing_events,0.8,0.5,0.1134375,3200
fcc,3,0,WDI-1NN,missing_events,0.8,0.6666667,0.1259375,3200
fcc,3,0,WDI-1NN,missing_events,0.8,0.8333333,0.1378125,3200
fcc,3,0,WDI-1NN,missing_events,0.8,1.0,0.156875,3200
fcc,3,0,WDI-1NN,missing_events,0.9,0.1666667,0.081875,3200
fcc,3,0,WDI-1NN,missing_events,0.9,0.3333333,0.081875,3200
fcc,3,0,WDI-1NN,missing_events,0.9,0.5,0.0846875,3200
fcc,3,0,WDI-1NN,missing_events,0.9,0.6666667,0.0878125,3200
fcc,3,0,WDI-1NN,missing_events,0.9,0.8333333,0.093125,3200
fcc,3,0,WDI-1NN,missing_events,0.9,1.0,0.10875,3200
fcc,3,0,WDI-1NN,mixed_missing_spurious,0.0,0.1666667,0.396875,3200
fcc,3,0,WDI-1NN,mixed_missing_spurious,0.0,0.3333333,0.396875,3200
fcc,3,0,WDI-1NN,mixed_missing_spurious,0.0,0.5,0.565625,3200
fcc,3,0,WDI-1NN,mixed_missing_spurious,0.0,0.6666667,0.753125,3200
fcc,3,0,WDI-1NN,mixed_missing_spurious,0.0,0.8333333,0.809375,3200
fcc,3,0,WDI-1NN,mixed_missing_spurious,0.0,1.0,0.80625,3200
fcc,3,0,WDI-1NN,mixed_missing_spurious,0.05,0.1666667,0.38875,3200
fcc,3,0,WDI-1NN,mixed_missing_spurious,0.05,0.3333333,0.38875,3200
fcc,3,0,WDI-1NN,mixed_missing_spurious,0.05,0.5,0.5634375,3200
fcc,3,0,WDI-1NN,mixed_missing_spurious,0.05,0.6666667,0.740625,3200
fcc,3,0,WDI-1NN,mixed_missing_spurious,0.05,0.8333333,0.7953125,3200
fcc,3,0,WDI-1NN,mixed_missing_spurious,0.05,1.0,0.8,3200
fcc,3,0,WDI-1NN,mixed_missing_spurious,0.1,0.1666667,0.3578125,3200
fcc,3,0,WDI-1NN,mixed_missing_spurious,0.1,0.3333333,0.3578125,3200
fcc,3,0,WDI-1NN,mixed_missing_spurious,0.1,0.5,0.528125,3200
fcc,3,0,WDI-1NN,mixed_missing_spurious,0.1,0.6666667,0.6971875,3200
fcc,3,0,WDI-1NN,mixed_missing_spurious,0.1,0.8333333,0.755,3200
fcc,3,0,WDI-1NN,mixed_missing_spurious,0.1,1.0,0.7775,3200
fcc,3,0,WDI-1NN,mixed_missing_spurious,0.15,0.1666667,0.3359375,3200
fcc,3,0,WDI-1NN,mixed_missing_spurious,0.15,0.3333333,0.3359375,3200
fcc,3,0,WDI-1NN,mixed_missing_spurious,0.15,0.5,0.4959375,3200
fcc,3,0,WDI-1NN,mixed_missing_spurious,0.15,0.6666667,0.65125,3200
fcc,3,0,WDI-1NN,mixed_missing_spurious,0.15,0.8333333,0.7053125,3200
fcc,3,0,WDI-1NN,mixed_missing_spurious,0.15,1.0,0.7359375,3200
fcc,3,0,WDI-1NN,mixed_missing_spurious,0.2,0.1666667,0.3115625,3200
fcc,3,0,WDI-1NN,mixed_missing_spurious,0.2,0.3333333,0.3115625,3200
fcc,3,0,WDI-1NN,mixed_missing_spurious,0.2,0.5,0.46,3200
fcc,3,0,WDI-1NN,mixed_missing_spurious,0.2,0.6666667,0.6096875,3200
fcc,3,0,WDI-1NN,mixed_missing_spurious,0.2,0.8333333,0.6665625,3200
fcc,3,0,WDI-1NN,mixed_missing_spurious,0.2,1.0,0.7103125,3200
fcc,3,0,WDI-1NN,mixed_missing_spurious,0.25,0.1666667,0.2934375,3200
fcc,3,0,WDI-1NN,mixed_missing_spurious,0.25,0.3333333,0.2934375,3200
fcc,3,0,WDI-1NN,mixed_missing_spurious,0.25,0.5,0.431875,3200
fcc,3,0,WDI-1NN,mixed_missing_spurious,0.25,0.6666667,0.5653125,3200
fcc,3,0,WDI-1NN,mixed_missing_spurious,0.25,0.8333333,0.6225,3200
fcc,3,0,WDI-1NN,mixed_missing_spurious,0.25,1.0,0.6703125,3200
fcc,3,0,WDI-1NN,mixed_missing_spurious,0.3,0.1666667,0.2796875,3200
fcc,3,0,WDI-1NN,mixed_missing_spurious,0.3,0.3333333,0.2796875,3200
fcc,3,0,WDI-1NN,mixed_missing_spurious,0.3,0.5,0.404375,3200
fcc,3,0,WDI-1NN,mixed_missing_spurious,0.3,0.6666667,0.5303125,3200
fcc,3,0,WDI-1NN,mixed_missing_spurious,0.3,0.8333333,0.5896875,3200
fcc,3,0,WDI-1NN,mixed_missing_spurious,0.3,1.0,0.63625,3200
fcc,3,0,WDI-1NN,mixed_missing_spurious,0.4,0.1666667,0.2225,3200
fcc,3,0,WDI-1NN,mixed_missing_spurious,0.4,0.3333333,0.2225,3200
fcc,3,0,WDI-1NN,mixed_missing_spurious,0.4,0.5,0.3184375,3200
fcc,3,0,WDI-1NN,mixed_missing_spurious,0.4,0.6666667,0.4209375,3200
fcc,3,0,WDI-1NN,mixed_missing_spurious,0.4,0.8333333,0.48,3200
fcc,3,0,WDI-1NN,mixed_missing_spurious,0.4,1.0,0.5296875,3200
fcc,3,0,WDI-1NN,mixed_missing_spurious,0.5,0.1666667,0.193125,3200
fcc,3,0,WDI-1NN,mixed_missing_spurious,0.5,0.3333333,0.193125,3200
fcc,3,0,WDI-1NN,mixed_missing_spurious,0.5,0.5,0.26625,3200
fcc,3,0,WDI-1NN,mixed_missing_spurious,0.5,0.6666667,0.3325,3200
fcc,3,0,WDI-1NN,mixed_missing_spurious,0.5,0.8333333,0.38625,3200
fcc,3,0,WDI-1NN,mixed_missing_spurious,0.5,1.0,0.4271875,3200
fcc,3,0,WDI-1NN,mixed_missing_spurious,0.6,0.1666667,0.1625,3200
fcc,3,0,WDI-1NN,mixed_missing_spurious,0.6,0.3333333,0.1625,3200
fcc,3,0,WDI-1NN,mixed_missing_spurious,0.6,0.5,0.2196875,3200
fcc,3,0,WDI-1NN,mixed_missing_spurious,0.6,0.6666667,0.2696875,3200
fcc,3,0,WDI-1NN,mixed_missing_spurious,0.6,0.8333333,0.305,3200
fcc,3,0,WDI-1NN,mixed_missing_spurious,0.6,1.0,0.34875,3200
fcc,3,0,WDI-1NN,mixed_missing_spurious,0.7,0.1666667,0.12875,3200
fcc,3,0,WDI-1NN,mixed_missing_spurious,0.7,0.3333333,0.12875,3200
fcc,3,0,WDI-1NN,mixed_missing_spurious,0.7,0.5,0.1675,3200
fcc,3,0,WDI-1NN,mixed_missing_spurious,0.7,0.6666667,0.1884375,3200
fcc,3,0,WDI-1NN,mixed_missing_spurious,0.7,0.8333333,0.2175,3200
fcc,3,0,WDI-1NN,mixed_missing_spurious,0.7,1.0,0.2409375,3200
fcc,3,0,WDI-1NN,mixed_missing_spurious,0.8,0.1666667,0.1025,3200
fcc,3,0,WDI-1NN,mixed_missing_spurious,0.8,0.3333333,0.1025,3200
fcc,3,0,WDI-1NN,mixed_missing_spurious,0.8,0.5,0.125,3200
fcc,3,0,WDI-1NN,mixed_missing_spurious,0.8,0.6666667,0.1378125,3200
fcc,3,0,WDI-1NN,mixed_missing_spurious,0.8,0.8333333,0.1515625,3200
fcc,3,0,WDI-1NN,mixed_missing_spurious,0.8,1.0,0.1725,3200
fcc,3,0,WDI-1NN,mixed_missing_spurious,0.9,0.1666667,0.0815625,3200
fcc,3,0,WDI-1NN,mixed_missing_spurious,0.9,0.3333333,0.0815625,3200
fcc,3,0,WDI-1NN,mixed_missing_spurious,0.9,0.5,0.0884375,3200
fcc,3,0,WDI-1NN,mixed_missing_spurious,0.9,0.6666667,0.09375,3200
fcc,3,0,WDI-1NN,mixed_missing_spurious,0.9,0.8333333,0.09875,3200
fcc,3,0,WDI-1NN,mixed_missing_spurious,0.9,1.0,0.1175,3200
fcc,3,0,WDI-1NN,mixed_spurious_timing_late,0.0,0.1666667,0.396875,3200
fcc,3,0,WDI-1NN,mixed_spurious_timing_late,0.0,0.3333333,0.396875,3200
fcc,3,0,WDI-1NN,mixed_spurious_timing_late,0.0,0.5,0.565625,3200
fcc,3,0,WDI-1NN,mixed_spurious_timing_late,0.0,0.6666667,0.753125,3200
fcc,3,0,WDI-1NN,mixed_spurious_timing_late,0.0,0.8333333,0.809375,3200
fcc,3,0,WDI-1NN,mixed_spurious_timing_late,0.0,1.0,0.80625,3200
fcc,3,0,WDI-1NN,mixed_spurious_timing_late,0.05,0.1666667,0.19,3200
fcc,3,0,WDI-1NN,mixed_spurious_timing_late,0.05,0.3333333,0.19,3200
fcc,3,0,WDI-1NN,mixed_spurious_timing_late,0.05,0.5,0.36,3200
fcc,3,0,WDI-1NN,mixed_spurious_timing_late,0.05,0.6666667,0.4796875,3200
fcc,3,0,WDI-1NN,mixed_spurious_timing_late,0.05,0.8333333,0.5115625,3200
fcc,3,0,WDI-1NN,mixed_spurious_timing_late,0.05,1.0,0.4965625,3200
fcc,3,0,WDI-1NN,mixed_spurious_timing_late,0.1,0.1666667,0.18375,3200
fcc,3,0,WDI-1NN,mixed_spurious_timing_late,0.1,0.3333333,0.18375,3200
fcc,3,0,WDI-1NN,mixed_spurious_timing_late,0.1,0.5,0.3828125,3200
fcc,3,0,WDI-1NN,mixed_spurious_timing_late,0.1,0.6666667,0.4603125,3200
fcc,3,0,WDI-1NN,mixed_spurious_timing_late,0.1,0.8333333,0.469375,3200
fcc,3,0,WDI-1NN,mixed_spurious_timing_late,0.1,1.0,0.48625,3200
fcc,3,0,WDI-1NN,mixed_spurious_timing_late,0.15,0.1666667,0.1753125,3200
fcc,3,0,WDI-1NN,mixed_spurious_timing_late,0.15,0.3333333,0.1753125,3200
fcc,3,0,WDI-1NN,mixed_spurious_timing_late,0.15,0.5,0.303125,3200
fcc,3,0,WDI-1NN,mixed_spurious_timing_late,0.15,0.6666667,0.3584375,3200
fcc,3,0,WDI-1NN,mixed_spurious_timing_late,0.15,0.8333333,0.371875,3200
fcc,3,0,WDI-1NN,mixed_spurious_timing_late,0.15,1.0,0.3871875,3200
fcc,3,0,WDI-1NN,mixed_spurious_timing_late,0.2,0.1666667,0.1490625,3200
fcc,3,0,WDI-1NN,mixed_spurious_timing_late,0.2,0.3333333,0.1490625,3200
fcc,3,0,WDI-1NN,mixed_spurious_timing_late,0.2,0.5,0.254375,3200
fcc,3,0,WDI-1NN,mixed_spurious_timing_late,0.2,0.6666667,0.298125,3200
fcc,3,0,WDI-1NN,mixed_spurious_timing_late,0.2,0.8333333,0.298125,3200
fcc,3,0,WDI-1NN,mixed_spurious_timing_late,0.2,1.0,0.3159375,3200
fcc,3,0,WDI-1NN,mixed_spurious_timing_late,0.25,0.1666667,0.1403125,3200
fcc,3,0,WDI-1NN,mixed_spurious_timing_late,0.25,0.3333333,0.1403125,3200
fcc,3,0,WDI-1NN,mixed_spurious_timing_late,0.25,0.5,0.210625,3200
fcc,3,0,WDI-1NN,mixed_spurious_timing_late,0.25,0.6666667,0.210625,3200
fcc,3,0,WDI-1NN,mixed_spurious_timing_late,0.25,0.8333333,0.2496875,3200
fcc,3,0,WDI-1NN,mixed_spurious_timing_late,0.25,1.0,0.2690625,3200
fcc,3,0,WDI-1NN,mixed_spurious_timing_late,0.3,0.1666667,0.1109375,3200
fcc,3,0,WDI-1NN,mixed_spurious_timing_late,0.3,0.3333333,0.1109375,3200
fcc,3,0,WDI-1NN,mixed_spurious_timing_late,0.3,0.5,0.1553125,3200
fcc,3,0,WDI-1NN,mixed_spurious_timing_late,0.3,0.6666667,0.1553125,3200
fcc,3,0,WDI-1NN,mixed_spurious_timing_late,0.3,0.8333333,0.18875,3200
fcc,3,0,WDI-1NN,mixed_spurious_timing_late,0.3,1.0,0.22125,3200
fcc,3,0,WDI-1NN,mixed_spurious_timing_late,0.4,0.1666667,0.0896875,3200
fcc,3,0,WDI-1NN,mixed_spurious_timing_late,0.4,0.3333333,0.0896875,3200
fcc,3,0,WDI-1NN,mixed_spurious_timing_late,0.4,0.5,0.0896875,3200
fcc,3,0,WDI-1NN,mixed_spurious_timing_late,0.4,0.6666667,0.1171875,3200
fcc,3,0,WDI-1NN,mixed_spurious_timing_late,0.4,0.8333333,0.1171875,3200
fcc,3,0,WDI-1NN,mixed_spurious_timing_late,0.4,1.0,0.165625,3200
fcc,3,0,WDI-1NN,mixed_spurious_timing_late,0.5,0.1666667,0.085,3200
fcc,3,0,WDI-1NN,mixed_spurious_timing_late,0.5,0.3333333,0.085,3200
fcc,3,0,WDI-1NN,mixed_spurious_timing_late,0.5,0.5,0.085,3200
fcc,3,0,WDI-1NN,mixed_spurious_timing_late,0.5,0.6666667,0.085,3200
fcc,3,0,WDI-1NN,mixed_spurious_timing_late,0.5,0.8333333,0.1128125,3200
fcc,3,0,WDI-1NN,mixed_spurious_timing_late,0.5,1.0,0.1340625,3200
fcc,3,0,WDI-1NN,mixed_spurious_timing_late,0.6,0.1666667,0.0875,3200
fcc,3,0,WDI-1NN,mixed_spurious_timing_late,0.6,0.3333333,0.0875,3200
fcc,3,0,WDI-1NN,mixed_spurious_timing_late,0.6,0.5,0.0875,3200
fcc,3,0,WDI-1NN,mixed_spurious_timing_late,0.6,0.6666667,0.0875,3200
fcc,3,0,WDI-1NN,mixed_spurious_timing_late,0.6,0.8333333,0.0875,3200
fcc,3,0,WDI-1NN,mixed_spurious_timing_late,0.6,1.0,0.1246875,3200
fcc,3,0,WDI-1NN,mixed_spurious_timing_late,0.7,0.1666667,0.1003125,3200
fcc,3,0,WDI-1NN,mixed_spurious_timing_late,0.7,0.3333333,0.1003125,3200
fcc,3,0,WDI-1NN,mixed_spurious_timing_late,0.7,0.5,0.1003125,3200
fcc,3,0,WDI-1NN,mixed_spurious_timing_late,0.7,0.6666667,0.1003125,3200
fcc,3,0,WDI-1NN,mixed_spurious_timing_late,0.7,0.8333333,0.1003125,3200
fcc,3,0,WDI-1NN,mixed_spurious_timing_late,0.7,1.0,0.11625,3200
fcc,3,0,WDI-1NN,mixed_spurious_timing_late,0.8,0.1666667,0.1003125,3200
fcc,3,0,WDI-1NN,mixed_spurious_timing_late,0.8,0.3333333,0.1003125,3200
fcc,3,0,WDI-1NN,mixed_spurious_timing_late,0.8,0.5,0.1003125,3200
fcc,3,0,WDI-1NN,mixed_spurious_timing_late,0.8,0.6666667,0.1003125,3200
fcc,3,0,WDI-1NN,mixed_spurious_timing_late,0.8,0.8333333,0.1003125,3200
fcc,3,0,WDI-1NN,mixed_spurious_timing_late,0.8,1.0,0.10375,3200
fcc,3,0,WDI-1NN,mixed_spurious_timing_late,0.9,0.1666667,0.0846875,3200
fcc,3,0,WDI-1NN,mixed_spurious_timing_late,0.9,0.3333333,0.0846875,3200
fcc,3,0,WDI-1NN,mixed_spurious_timing_late,0.9,0.5,0.0846875,3200
fcc,3,0,WDI-1NN,mixed_spurious_timing_late,0.9,0.6666667,0.0846875,3200
fcc,3,0,WDI-1NN,mixed_spurious_timing_late,0.9,0.8333333,0.0846875,3200
fcc,3,0,WDI-1NN,mixed_spurious_timing_late,0.9,1.0,0.0846875,3200
fcc,3,0,WDI-1NN,spurious_events,0.0,0.1666667,0.396875,3200
fcc,3,0,WDI-1NN,spurious_events,0.0,0.3333333,0.396875,3200
fcc,3,0,WDI-1NN,spurious_events,0.0,0.5,0.565625,3200
fcc,3,0,WDI-1NN,spurious_events,0.0,0.6666667,0.753125,3200
fcc,3,0,WDI-1NN,spurious_events,0.0,0.8333333,0.809375,3200
fcc,3,0,WDI-1NN,spurious_events,0.0,1.0,0.80625,3200
fcc,3,0,WDI-1NN,spurious_events,0.05,0.1666667,0.3971875,3200
fcc,3,0,WDI-1NN,spurious_events,0.05,0.3333333,0.3971875,3200
fcc,3,0,WDI-1NN,spurious_events,0.05,0.5,0.5675,3200
fcc,3,0,WDI-1NN,spurious_events,0.05,0.6666667,0.7525,3200
fcc,3,0,WDI-1NN,spurious_events,0.05,0.8333333,0.806875,3200
fcc,3,0,WDI-1NN,spurious_events,0.05,1.0,0.80375,3200
fcc,3,0,WDI-1NN,spurious_events,0.1,0.1666667,0.3978125,3200
fcc,3,0,WDI-1NN,spurious_events,0.1,0.3333333,0.3978125,3200
fcc,3,0,WDI-1NN,spurious_events,0.1,0.5,0.571875,3200
fcc,3,0,WDI-1NN,spurious_events,0.1,0.6666667,0.7465625,3200
fcc,3,0,WDI-1NN,spurious_events,0.1,0.8333333,0.796875,3200
fcc,3,0,WDI-1NN,spurious_events,0.1,1.0,0.799375,3200
fcc,3,0,WDI-1NN,spurious_events,0.15,0.1666667,0.39875,3200
fcc,3,0,WDI-1NN,spurious_events,0.15,0.3333333,0.39875,3200
fcc,3,0,WDI-1NN,spurious_events,0.15,0.5,0.57,3200
fcc,3,0,WDI-1NN,spurious_events,0.15,0.6666667,0.7390625,3200
fcc,3,0,WDI-1NN,spurious_events,0.15,0.8333333,0.7915625,3200
fcc,3,0,WDI-1NN,spurious_events,0.15,1.0,0.786875,3200
fcc,3,0,WDI-1NN,spurious_events,0.2,0.1666667,0.395625,3200
fcc,3,0,WDI-1NN,spurious_events,0.2,0.3333333,0.395625,3200
fcc,3,0,WDI-1NN,spurious_events,0.2,0.5,0.574375,3200
fcc,3,0,WDI-1NN,spurious_events,0.2,0.6666667,0.7346875,3200
fcc,3,0,WDI-1NN,spurious_events,0.2,0.8333333,0.7878125,3200
fcc,3,0,WDI-1NN,spurious_events,0.2,1.0,0.7803125,3200
fcc,3,0,WDI-1NN,spurious_events,0.25,0.1666667,0.3959375,3200
fcc,3,0,WDI-1NN,spurious_events,0.25,0.3333333,0.3959375,3200
fcc,3,0,WDI-1NN,spurious_events,0.25,0.5,0.571875,3200
fcc,3,0,WDI-1NN,spurious_events,0.25,0.6666667,0.733125,3200
fcc,3,0,WDI-1NN,spurious_events,0.25,0.8333333,0.7775,3200
fcc,3,0,WDI-1NN,spurious_events,0.25,1.0,0.765,3200
fcc,3,0,WDI-1NN,spurious_events,0.3,0.1666667,0.40375,3200
fcc,3,0,WDI-1NN,spurious_events,0.3,0.3333333,0.40375,3200
fcc,3,0,WDI-1NN,spurious_events,0.3,0.5,0.5746875,3200
fcc,3,0,WDI-1NN,spurious_events,0.3,0.6666667,0.734375,3200
fcc,3,0,WDI-1NN,spurious_events,0.3,0.8333333,0.774375,3200
fcc,3,0,WDI-1NN,spurious_events,0.3,1.0,0.7640625,3200
fcc,3,0,WDI-1NN,spurious_events,0.4,0.1666667,0.4003125,3200
fcc,3,0,WDI-1NN,spurious_events,0.4,0.3333333,0.4003125,3200
fcc,3,0,WDI-1NN,spurious_events,0.4,0.5,0.58375,3200
fcc,3,0,WDI-1NN,spurious_events,0.4,0.6666667,0.72625,3200
fcc,3,0,WDI-1NN,spurious_events,0.4,0.8333333,0.754375,3200
fcc,3,0,WDI-1NN,spurious_events,0.4,1.0,0.7453125,3200
fcc,3,0,WDI-1NN,spurious_events,0.5,0.1666667,0.405,3200
fcc,3,0,WDI-1NN,spurious_events,0.5,0.3333333,0.405,3200
fcc,3,0,WDI-1NN,spurious_events,0.5,0.5,0.5778125,3200
fcc,3,0,WDI-1NN,spurious_events,0.5,0.6666667,0.7234375,3200
fcc,3,0,WDI-1NN,spurious_events,0.5,0.8333333,0.7484375,3200
fcc,3,0,WDI-1NN,spurious_events,0.5,1.0,0.7309375,3200
fcc,3,0,WDI-1NN,spurious_events,0.6,0.1666667,0.4003125,3200
fcc,3,0,WDI-1NN,spurious_events,0.6,0.3333333,0.4003125,3200
fcc,3,0,WDI-1NN,spurious_events,0.6,0.5,0.5715625,3200
fcc,3,0,WDI-1NN,spurious_events,0.6,0.6666667,0.7015625,3200
fcc,3,0,WDI-1NN,spurious_events,0.6,0.8333333,0.7353125,3200
fcc,3,0,WDI-1NN,spurious_events,0.6,1.0,0.7165625,3200
fcc,3,0,WDI-1NN,spurious_events,0.7,0.1666667,0.3978125,3200
fcc,3,0,WDI-1NN,spurious_events,0.7,0.3333333,0.3978125,3200
fcc,3,0,WDI-1NN,spurious_events,0.7,0.5,0.575625,3200
fcc,3,0,WDI-1NN,spurious_events,0.7,0.6666667,0.69625,3200
fcc,3,0,WDI-1NN,spurious_events,0.7,0.8333333,0.7246875,3200
fcc,3,0,WDI-1NN,spurious_events,0.7,1.0,0.7021875,3200
fcc,3,0,WDI-1NN,spurious_events,0.8,0.1666667,0.40125,3200
fcc,3,0,WDI-1NN,spurious_events,0.8,0.3333333,0.40125,3200
fcc,3,0,WDI-1NN,spurious_events,0.8,0.5,0.5653125,3200
fcc,3,0,WDI-1NN,spurious_events,0.8,0.6666667,0.6859375,3200
fcc,3,0,WDI-1NN,spurious_events,0.8,0.8333333,0.698125,3200
fcc,3,0,WDI-1NN,spurious_events,0.8,1.0,0.6684375,3200
fcc,3,0,WDI-1NN,spurious_events,0.9,0.1666667,0.4075,3200
fcc,3,0,WDI-1NN,spurious_events,0.9,0.3333333,0.4075,3200
fcc,3,0,WDI-1NN,spurious_events,0.9,0.5,0.5678125,3200
fcc,3,0,WDI-1NN,spurious_events,0.9,0.6666667,0.6840625,3200
fcc,3,0,WDI-1NN,spurious_events,0.9,0.8333333,0.690625,3200
fcc,3,0,WDI-1NN,spurious_events,0.9,1.0,0.6590625,3200
fcc,3,0,WDI-1NN,timing_uncertainty,0.0,0.1666667,0.396875,3200
fcc,3,0,WDI-1NN,timing_uncertainty,0.0,0.3333333,0.396875,3200
fcc,3,0,WDI-1NN,timing_uncertainty,0.0,0.5,0.565625,3200
fcc,3,0,WDI-1NN,timing_uncertainty,0.0,0.6666667,0.753125,3200
fcc,3,0,WDI-1NN,timing_uncertainty,0.0,0.8333333,0.809375,3200
fcc,3,0,WDI-1NN,timing_uncertainty,0.0,1.0,0.80625,3200
fcc,3,0,WDI-1NN,timing_uncertainty,0.05,0.1666667,0.3965625,3200
fcc,3,0,WDI-1NN,timing_uncertainty,0.05,0.3333333,0.3965625,3200
fcc,3,0,WDI-1NN,timing_uncertainty,0.05,0.5,0.565625,3200
fcc,3,0,WDI-1NN,timing_uncertainty,0.05,0.6666667,0.753125,3200
fcc,3,0,WDI-1NN,timing_uncertainty,0.05,0.8333333,0.8084375,3200
fcc,3,0,WDI-1NN,timing_uncertainty,0.05,1.0,0.80625,3200
fcc,3,0,WDI-1NN,timing_uncertainty,0.1,0.1666667,0.3959375,3200
fcc,3,0,WDI-1NN,timing_uncertainty,0.1,0.3333333,0.3959375,3200
fcc,3,0,WDI-1NN,timing_uncertainty,0.1,0.5,0.56375,3200
fcc,3,0,WDI-1NN,timing_uncertainty,0.1,0.6666667,0.7515625,3200
fcc,3,0,WDI-1NN,timing_uncertainty,0.1,0.8333333,0.80875,3200
fcc,3,0,WDI-1NN,timing_uncertainty,0.1,1.0,0.8059375,3200
fcc,3,0,WDI-1NN,timing_uncertainty,0.15,0.1666667,0.39625,3200
fcc,3,0,WDI-1NN,timing_uncertainty,0.15,0.3333333,0.39625,3200
fcc,3,0,WDI-1NN,timing_uncertainty,0.15,0.5,0.5640625,3200
fcc,3,0,WDI-1NN,timing_uncertainty,0.15,0.6666667,0.751875,3200
fcc,3,0,WDI-1NN,timing_uncertainty,0.15,0.8333333,0.80875,3200
fcc,3,0,WDI-1NN,timing_uncertainty,0.15,1.0,0.8065625,3200
fcc,3,0,WDI-1NN,timing_uncertainty,0.2,0.1666667,0.3921875,3200
fcc,3,0,WDI-1NN,timing_uncertainty,0.2,0.3333333,0.3921875,3200
fcc,3,0,WDI-1NN,timing_uncertainty,0.2,0.5,0.5634375,3200
fcc,3,0,WDI-1NN,timing_uncertainty,0.2,0.6666667,0.751875,3200
fcc,3,0,WDI-1NN,timing_uncertainty,0.2,0.8333333,0.8084375,3200
fcc,3,0,WDI-1NN,timing_uncertainty,0.2,1.0,0.8065625,3200
fcc,3,0,WDI-1NN,timing_uncertainty,0.25,0.1666667,0.3959375,3200
fcc,3,0,WDI-1NN,timing_uncertainty,0.25,0.3333333,0.3959375,3200
fcc,3,0,WDI-1NN,timing_uncertainty,0.25,0.5,0.563125,3200
fcc,3,0,WDI-1NN,timing_uncertainty,0.25,0.6666667,0.7496875,3200
fcc,3,0,WDI-1NN,timing_uncertainty,0.25,0.8333333,0.8078125,3200
fcc,3,0,WDI-1NN,timing_uncertainty,0.25,1.0,0.805625,3200
fcc,3,0,WDI-1NN,timing_uncertainty,0.3,0.1666667,0.39375,3200
fcc,3,0,WDI-1NN,timing_uncertainty,0.3,0.3333333,0.39375,3200
fcc,3,0,WDI-1NN,timing_uncertainty,0.3,0.5,0.5590625,3200
fcc,3,0,WDI-1NN,timing_uncertainty,0.3,0.6666667,0.75,3200
fcc,3,0,WDI-1NN,timing_uncertainty,0.3,0.8333333,0.80625,3200
fcc,3,0,WDI-1NN,timing_uncertainty,0.3,1.0,0.805625,3200
fcc,3,0,WDI-1NN,timing_uncertainty,0.4,0.1666667,0.3896875,3200
fcc,3,0,WDI-1NN,timing_uncertainty,0.4,0.3333333,0.3896875,3200
fcc,3,0,WDI-1NN,timing_uncertainty,0.4,0.5,0.5596875,3200
fcc,3,0,WDI-1NN,timing_uncertainty,0.4,0.6666667,0.746875,3200
fcc,3,0,WDI-1NN,timing_uncertainty,0.4,0.8333333,0.8065625,3200
fcc,3,0,WDI-1NN,timing_uncertainty,0.4,1.0,0.8059375,3200
fcc,3,0,WDI-1NN,timing_uncertainty,0.5,0.1666667,0.3884375,3200
fcc,3,0,WDI-1NN,timing_uncertainty,0.5,0.3333333,0.3884375,3200
fcc,3,0,WDI-1NN,timing_uncertainty,0.5,0.5,0.56,3200
fcc,3,0,WDI-1NN,timing_uncertainty,0.5,0.6666667,0.748125,3200
fcc,3,0,WDI-1NN,timing_uncertainty,0.5,0.8333333,0.8078125,3200
fcc,3,0,WDI-1NN,timing_uncertainty,0.5,1.0,0.8078125,3200
fcc,3,0,WDI-1NN,timing_uncertainty,0.6,0.1666667,0.38875,3200
fcc,3,0,WDI-1NN,timing_uncertainty,0.6,0.3333333,0.38875,3200
fcc,3,0,WDI-1NN,timing_uncertainty,0.6,0.5,0.569375,3200
fcc,3,0,WDI-1NN,timing_uncertainty,0.6,0.6666667,0.7440625,3200
fcc,3,0,WDI-1NN,timing_uncertainty,0.6,0.8333333,0.805,3200
fcc,3,0,WDI-1NN,timing_uncertainty,0.6,1.0,0.808125,3200
fcc,3,0,WDI-1NN,timing_uncertainty,0.7,0.1666667,0.3784375,3200
fcc,3,0,WDI-1NN,timing_uncertainty,0.7,0.3333333,0.3784375,3200
fcc,3,0,WDI-1NN,timing_uncertainty,0.7,0.5,0.564375,3200
fcc,3,0,WDI-1NN,timing_uncertainty,0.7,0.6666667,0.7396875,3200
fcc,3,0,WDI-1NN,timing_uncertainty,0.7,0.8333333,0.8046875,3200
fcc,3,0,WDI-1NN,timing_uncertainty,0.7,1.0,0.809375,3200
fcc,3,0,WDI-1NN,timing_uncertainty,0.8,0.1666667,0.3790625,3200
fcc,3,0,WDI-1NN,timing_uncertainty,0.8,0.3333333,0.3790625,3200
fcc,3,0,WDI-1NN,timing_uncertainty,0.8,0.5,0.571875,3200
fcc,3,0,WDI-1NN,timing_uncertainty,0.8,0.6666667,0.7409375,3200
fcc,3,0,WDI-1NN,timing_uncertainty,0.8,0.8333333,0.8009375,3200
fcc,3,0,WDI-1NN,timing_uncertainty,0.8,1.0,0.8096875,3200
fcc,3,0,WDI-1NN,timing_uncertainty,0.9,0.1666667,0.366875,3200
fcc,3,0,WDI-1NN,timing_uncertainty,0.9,0.3333333,0.366875,3200
fcc,3,0,WDI-1NN,timing_uncertainty,0.9,0.5,0.559375,3200
fcc,3,0,WDI-1NN,timing_uncertainty,0.9,0.6666667,0.7321875,3200
fcc,3,0,WDI-1NN,timing_uncertainty,0.9,0.8333333,0.800625,3200
fcc,3,0,WDI-1NN,timing_uncertainty,0.9,1.0,0.8059375,3200
fcc,4,0,ACM-SVM,late_time_delay,0.0,0.1666667,0.375,3200
fcc,4,0,ACM-SVM,late_time_delay,0.0,0.3333333,0.375,3200
fcc,4,0,ACM-SVM,late_time_delay,0.0,0.5,0.6625,3200
fcc,4,0,ACM-SVM,late_time_delay,0.0,0.6666667,0.865625,3200
fcc,4,0,ACM-SVM,late_time_delay,0.0,0.8333333,0.96875,3200
fcc,4,0,ACM-SVM,late_time_delay,0.0,1.0,0.9625,3200
fcc,4,0,ACM-SVM,late_time_delay,0.05,0.1666667,0.08125,3200
fcc,4,0,ACM-SVM,late_time_delay,0.05,0.3333333,0.08125,3200
fcc,4,0,ACM-SVM,late_time_delay,0.05,0.5,0.16875,3200
fcc,4,0,ACM-SVM,late_time_delay,0.05,0.6666667,0.328125,3200
fcc,4,0,ACM-SVM,late_time_delay,0.05,0.8333333,0.425,3200
fcc,4,0,ACM-SVM,late_time_delay,0.05,1.0,0.44375,3200
fcc,4,0,ACM-SVM,late_time_delay,0.1,0.1666667,0.075,3200
fcc,4,0,ACM-SVM,late_time_delay,0.1,0.3333333,0.075,3200
fcc,4,0,ACM-SVM,late_time_delay,0.1,0.5,0.146875,3200
fcc,4,0,ACM-SVM,late_time_delay,0.1,0.6666667,0.3,3200
fcc,4,0,ACM-SVM,late_time_delay,0.1,0.8333333,0.34375,3200
fcc,4,0,ACM-SVM,late_time_delay,0.1,1.0,0.378125,3200
fcc,4,0,ACM-SVM,late_time_delay,0.15,0.1666667,0.065625,3200
fcc,4,0,ACM-SVM,late_time_delay,0.15,0.3333333,0.065625,3200
fcc,4,0,ACM-SVM,late_time_delay,0.15,0.5,0.103125,3200
fcc,4,0,ACM-SVM,late_time_delay,0.15,0.6666667,0.184375,3200
fcc,4,0,ACM-SVM,late_time_delay,0.15,0.8333333,0.221875,3200
fcc,4,0,ACM-SVM,late_time_delay,0.15,1.0,0.24375,3200
fcc,4,0,ACM-SVM,late_time_delay,0.2,0.1666667,0.065625,3200
fcc,4,0,ACM-SVM,late_time_delay,0.2,0.3333333,0.065625,3200
fcc,4,0,ACM-SVM,late_time_delay,0.2,0.5,0.115625,3200
fcc,4,0,ACM-SVM,late_time_delay,0.2,0.6666667,0.134375,3200
fcc,4,0,ACM-SVM,late_time_delay,0.2,0.8333333,0.134375,3200
fcc,4,0,ACM-SVM,late_time_delay,0.2,1.0,0.171875,3200
fcc,4,0,ACM-SVM,late_time_delay,0.25,0.1666667,0.065625,3200
fcc,4,0,ACM-SVM,late_time_delay,0.25,0.3333333,0.065625,3200
fcc,4,0,ACM-SVM,late_time_delay,0.25,0.5,0.096875,3200
fcc,4,0,ACM-SVM,late_time_delay,0.25,0.6666667,0.096875,3200
fcc,4,0,ACM-SVM,late_time_delay,0.25,0.8333333,0.140625,3200
fcc,4,0,ACM-SVM,late_time_delay,0.25,1.0,0.153125,3200
fcc,4,0,ACM-SVM,late_time_delay,0.3,0.1666667,0.065625,3200
fcc,4,0,ACM-SVM,late_time_delay,0.3,0.3333333,0.065625,3200
fcc,4,0,ACM-SVM,late_time_delay,0.3,0.5,0.10625,3200
fcc,4,0,ACM-SVM,late_time_delay,0.3,0.6666667,0.10625,3200
fcc,4,0,ACM-SVM,late_time_delay,0.3,0.8333333,0.115625,3200
fcc,4,0,ACM-SVM,late_time_delay,0.3,1.0,0.140625,3200
fcc,4,0,ACM-SVM,late_time_delay,0.4,0.1666667,0.08125,3200
fcc,4,0,ACM-SVM,late_time_delay,0.4,0.3333333,0.08125,3200
fcc,4,0,ACM-SVM,late_time_delay,0.4,0.5,0.08125,3200
fcc,4,0,ACM-SVM,late_time_delay,0.4,0.6666667,0.1,3200
fcc,4,0,ACM-SVM,late_time_delay,0.4,0.8333333,0.1,3200
fcc,4,0,ACM-SVM,late_time_delay,0.4,1.0,0.1125,3200
fcc,4,0,ACM-SVM,late_time_delay,0.5,0.1666667,0.065625,3200
fcc,4,0,ACM-SVM,late_time_delay,0.5,0.3333333,0.065625,3200
fcc,4,0,ACM-SVM,late_time_delay,0.5,0.5,0.065625,3200
fcc,4,0,ACM-SVM,late_time_delay,0.5,0.6666667,0.065625,3200
fcc,4,0,ACM-SVM,late_time_delay,0.5,0.8333333,0.078125,3200
fcc,4,0,ACM-SVM,late_time_delay,0.5,1.0,0.096875,3200
fcc,4,0,ACM-SVM,late_time_delay,0.6,0.1666667,0.06875,3200
fcc,4,0,ACM-SVM,late_time_delay,0.6,0.3333333,0.06875,3200
fcc,4,0,ACM-SVM,late_time_delay,0.6,0.5,0.06875,3200
fcc,4,0,ACM-SVM,late_time_delay,0.6,0.6666667,0.06875,3200
fcc,4,0,ACM-SVM,late_time_delay,0.6,0.8333333,0.06875,3200
fcc,4,0,ACM-SVM,late_time_delay,0.6,1.0,0.090625,3200
fcc,4,0,ACM-SVM,late_time_delay,0.7,0.1666667,0.075,3200
fcc,4,0,ACM-SVM,late_time_delay,0.7,0.3333333,0.075,3200
fcc,4,0,ACM-SVM,late_time_delay,0.7,0.5,0.075,3200
fcc,4,0,ACM-SVM,late_time_delay,0.7,0.6666667,0.075,3200
fcc,4,0,ACM-SVM,late_time_delay,0.7,0.8333333,0.075,3200
fcc,4,0,ACM-SVM,late_time_delay,0.7,1.0,0.090625,3200
fcc,4,0,ACM-SVM,late_time_delay,0.8,0.1666667,0.08125,3200
fcc,4,0,ACM-SVM,late_time_delay,0.8,0.3333333,0.08125,3200
fcc,4,0,ACM-SVM,late_time_delay,0.8,0.5,0.08125,3200
fcc,4,0,ACM-SVM,late_time_delay,0.8,0.6666667,0.08125,3200
fcc,4,0,ACM-SVM,late_time_delay,0.8,0.8333333,0.08125,3200
fcc,4,0,ACM-SVM,late_time_delay,0.8,1.0,0.0875,3200
fcc,4,0,ACM-SVM,late_time_delay,0.9,0.1666667,0.0875,3200
fcc,4,0,ACM-SVM,late_time_delay,0.9,0.3333333,0.0875,3200
fcc,4,0,ACM-SVM,late_time_delay,0.9,0.5,0.0875,3200
fcc,4,0,ACM-SVM,late_time_delay,0.9,0.6666667,0.0875,3200
fcc,4,0,ACM-SVM,late_time_delay,0.9,0.8333333,0.0875,3200
fcc,4,0,ACM-SVM,late_time_delay,0.9,1.0,0.0875,3200
fcc,4,0,ACM-SVM,missing_events,0.0,0.1666667,0.375,3200
fcc,4,0,ACM-SVM,missing_events,0.0,0.3333333,0.375,3200
fcc,4,0,ACM-SVM,missing_events,0.0,0.5,0.6625,3200
fcc,4,0,ACM-SVM,missing_events,0.0,0.6666667,0.865625,3200
fcc,4,0,ACM-SVM,missing_events,0.0,0.8333333,0.96875,3200
fcc,4,0,ACM-SVM,missing_events,0.0,1.0,0.9625,3200
fcc,4,0,ACM-SVM,missing_events,0.05,0.1666667,0.36625,3200
fcc,4,0,ACM-SVM,missing_events,0.05,0.3333333,0.36625,3200
fcc,4,0,ACM-SVM,missing_events,0.05,0.5,0.6446875,3200
fcc,4,0,ACM-SVM,missing_events,0.05,0.6666667,0.84875,3200
fcc,4,0,ACM-SVM,missing_events,0.05,0.8333333,0.9571875,3200
fcc,4,0,ACM-SVM,missing_events,0.05,1.0,0.9465625,3200
fcc,4,0,ACM-SVM,missing_events,0.1,0.1666667,0.31375,3200
fcc,4,0,ACM-SVM,missing_events,0.1,0.3333333,0.31375,3200
fcc,4,0,ACM-SVM,missing_events,0.1,0.5,0.563125,3200
fcc,4,0,ACM-SVM,missing_events,0.1,0.6666667,0.775,3200
fcc,4,0,ACM-SVM,missing_events,0.1,0.8333333,0.89625,3200
fcc,4,0,ACM-SVM,missing_events,0.1,1.0,0.90125,3200
fcc,4,0,ACM-SVM,missing_events,0.15,0.1666667,0.27375,3200
fcc,4,0,ACM-SVM,missing_events,0.15,0.3333333,0.27375,3200
fcc,4,0,ACM-SVM,missing_events,0.15,0.5,0.4725,3200
fcc,4,0,ACM-SVM,missing_events,0.15,0.6666667,0.68875,3200
fcc,4,0,ACM-SVM,missing_events,0.15,0.8333333,0.83,3200
fcc,4,0,ACM-SVM,missing_events,0.15,1.0,0.8528125,3200
fcc,4,0,ACM-SVM,missing_events,0.2,0.1666667,0.2290625,3200
fcc,4,0,ACM-SVM,missing_events,0.2,0.3333333,0.2290625,3200
fcc,4,0,ACM-SVM,missing_events,0.2,0.5,0.388125,3200
fcc,4,0,ACM-SVM,missing_events,0.2,0.6666667,0.58,3200
fcc,4,0,ACM-SVM,missing_events,0.2,0.8333333,0.7309375,3200
fcc,4,0,ACM-SVM,missing_events,0.2,1.0,0.796875,3200
fcc,4,0,ACM-SVM,missing_events,0.25,0.1666667,0.2109375,3200
fcc,4,0,ACM-SVM,missing_events,0.25,0.3333333,0.2109375,3200
fcc,4,0,ACM-SVM,missing_events,0.25,0.5,0.3346875,3200
fcc,4,0,ACM-SVM,missing_events,0.25,0.6666667,0.4953125,3200
fcc,4,0,ACM-SVM,missing_events,0.25,0.8333333,0.6359375,3200
fcc,4,0,ACM-SVM,missing_events,0.25,1.0,0.72625,3200
fcc,4,0,ACM-SVM,missing_events,0.3,0.1666667,0.1965625,3200
fcc,4,0,ACM-SVM,missing_events,0.3,0.3333333,0.1965625,3200
fcc,4,0,ACM-SVM,missing_events,0.3,0.5,0.2859375,3200
fcc,4,0,ACM-SVM,missing_events,0.3,0.6666667,0.4159375,3200
fcc,4,0,ACM-SVM,missing_events,0.3,0.8333333,0.5475,3200
fcc,4,0,ACM-SVM,missing_events,0.3,1.0,0.645,3200
fcc,4,0,ACM-SVM,missing_events,0.4,0.1666667,0.1590625,3200
fcc,4,0,ACM-SVM,missing_events,0.4,0.3333333,0.1590625,3200
fcc,4,0,ACM-SVM,missing_events,0.4,0.5,0.2025,3200
fcc,4,0,ACM-SVM,missing_events,0.4,0.6666667,0.2909375,3200
fcc,4,0,ACM-SVM,missing_events,0.4,0.8333333,0.3734375,3200
fcc,4,0,ACM-SVM,missing_events,0.4,1.0,0.454375,3200
fcc,4,0,ACM-SVM,missing_events,0.5,0.1666667,0.139375,3200
fcc,4,0,ACM-SVM,missing_events,0.5,0.3333333,0.139375,3200
fcc,4,0,ACM-SVM,missing_events,0.5,0.5,0.15875,3200
fcc,4,0,ACM-SVM,missing_events,0.5,0.6666667,0.199375,3200
fcc,4,0,ACM-SVM,missing_events,0.5,0.8333333,0.24875,3200
fcc,4,0,ACM-SVM,missing_events,0.5,1.0,0.3046875,3200
fcc,4,0,ACM-SVM,missing_events,0.6,0.1666667,0.113125,3200
fcc,4,0,ACM-SVM,missing_events,0.6,0.3333333,0.113125,3200
fcc,4,0,ACM-SVM,missing_events,0.6,0.5,0.128125,3200
fcc,4,0,ACM-SVM,missing_events,0.6,0.6666667,0.153125,3200
fcc,4,0,ACM-SVM,missing_events,0.6,0.8333333,0.1846875,3200
fcc,4,0,ACM-SVM,missing_events,0.6,1.0,0.2353125,3200
fcc,4,0,ACM-SVM,missing_events,0.7,0.1666667,0.0959375,3200
fcc,4,0,ACM-SVM,missing_events,0.7,0.3333333,0.0959375,3200
fcc,4,0,ACM-SVM,missing_events,0.7,0.5,0.1053125,3200
fcc,4,0,ACM-SVM,missing_events,0.7,0.6666667,0.116875,3200
fcc,4,0,ACM-SVM,missing_events,0.7,0.8333333,0.1378125,3200
fcc,4,0,ACM-SVM,missing_events,0.7,1.0,0.1684375,3200
fcc,4,0,ACM-SVM,missing_events,0.8,0.1666667,0.076875,3200
fcc,4,0,ACM-SVM,missing_events,0.8,0.3333333,0.076875,3200
fcc,4,0,ACM-SVM,missing_events,0.8,0.5,0.0775,3200
fcc,4,0,ACM-SVM,missing_events,0.8,0.6666667,0.0821875,3200
fcc,4,0,ACM-SVM,missing_events,0.8,0.8333333,0.0878125,3200
fcc,4,0,ACM-SVM,missing_events,0.8,1.0,0.1028125,3200
fcc,4,0,ACM-SVM,missing_events,0.9,0.1666667,0.0659375,3200
fcc,4,0,ACM-SVM,missing_events,0.9,0.3333333,0.0659375,3200
fcc,4,0,ACM-SVM,missing_events,0.9,0.5,0.0659375,3200
fcc,4,0,ACM-SVM,missing_events,0.9,0.6666667,0.06625,3200
fcc,4,0,ACM-SVM,missing_events,0.9,0.8333333,0.0665625,3200
fcc,4,0,ACM-SVM,missing_events,0.9,1.0,0.070625,3200
fcc,4,0,ACM-SVM,mixed_missing_spurious,0.0,0.1666667,0.375,3200
fcc,4,0,ACM-SVM,mixed_missing_spurious,0.0,0.3333333,0.375,3200
fcc,4,0,ACM-SVM,mixed_missing_spurious,0.0,0.5,0.6625,3200
fcc,4,0,ACM-SVM,mixed_missing_spurious,0.0,0.6666667,0.865625,3200
fcc,4,0,ACM-SVM,mixed_missing_spurious,0.0,0.8333333,0.96875,3200
fcc,4,0,ACM-SVM,mixed_missing_spurious,0.0,1.0,0.9625,3200
fcc,4,0,ACM-SVM,mixed_missing_spurious,0.05,0.1666667,0.3640625,3200
fcc,4,0,ACM-SVM,mixed_missing_spurious,0.05,0.3333333,0.3640625,3200
fcc,4,0,ACM-SVM,mixed_missing_spurious,0.05,0.5,0.63375,3200
fcc,4,0,ACM-SVM,mixed_missing_spurious,0.05,0.6666667,0.8228125,3200
fcc,4,0,ACM-SVM,mixed_missing_spurious,0.05,0.8333333,0.91875,3200
fcc,4,0,ACM-SVM,mixed_missing_spurious,0.05,1.0,0.893125,3200
fcc,4,0,ACM-SVM,mixed_missing_spurious,0.1,0.1666667,0.3075,3200
fcc,4,0,ACM-SVM,mixed_missing_spurious,0.1,0.3333333,0.3075,3200
fcc,4,0,ACM-SVM,mixed_missing_spurious,0.1,0.5,0.5284375,3200
fcc,4,0,ACM-SVM,mixed_missing_spurious,0.1,0.6666667,0.6971875,3200
fcc,4,0,ACM-SVM,mixed_missing_spurious,0.1,0.8333333,0.768125,3200
fcc,4,0,ACM-SVM,mixed_missing_spurious,0.1,1.0,0.7034375,3200
fcc,4,0,ACM-SVM,mixed_missing_spurious,0.15,0.1666667,0.268125,3200
fcc,4,0,ACM-SVM,mixed_missing_spurious,0.15,0.3333333,0.268125,3200
fcc,4,0,ACM-SVM,mixed_missing_spurious,0.15,0.5,0.4525,3200
fcc,4,0,ACM-SVM,mixed_missing_spurious,0.15,0.6666667,0.58875,3200
fcc,4,0,ACM-SVM,mixed_missing_spurious,0.15,0.8333333,0.6559375,3200
fcc,4,0,ACM-SVM,mixed_missing_spurious,0.15,1.0,0.58625,3200
fcc,4,0,ACM-SVM,mixed_missing_spurious,0.2,0.1666667,0.23625,3200
fcc,4,0,ACM-SVM,mixed_missing_spurious,0.2,0.3333333,0.23625,3200
fcc,4,0,ACM-SVM,mixed_missing_spurious,0.2,0.5,0.3671875,3200
fcc,4,0,ACM-SVM,mixed_missing_spurious,0.2,0.6666667,0.4846875,3200
fcc,4,0,ACM-SVM,mixed_missing_spurious,0.2,0.8333333,0.53125,3200
fcc,4,0,ACM-SVM,mixed_missing_spurious,0.2,1.0,0.468125,3200
fcc,4,0,ACM-SVM,mixed_missing_spurious,0.25,0.1666667,0.2121875,3200
fcc,4,0,ACM-SVM,mixed_missing_spurious,0.25,0.3333333,0.2121875,3200
fcc,4,0,ACM-SVM,mixed_missing_spurious,0.25,0.5,0.3140625,3200
fcc,4,0,ACM-SVM,mixed_missing_spurious,0.25,0.6666667,0.4096875,3200
fcc,4,0,ACM-SVM,mixed_missing_spurious,0.25,0.8333333,0.4575,3200
fcc,4,0,ACM-SVM,mixed_missing_spurious,0.25,1.0,0.4125,3200
fcc,4,0,ACM-SVM,mixed_missing_spurious,0.3,0.1666667,0.196875,3200
fcc,4,0,ACM-SVM,mixed_missing_spurious,0.3,0.3333333,0.196875,3200
fcc,4,0,ACM-SVM,mixed_missing_spurious,0.3,0.5,0.2671875,3200
fcc,4,0,ACM-SVM,mixed_missing_spurious,0.3,0.6666667,0.3384375,3200
fcc,4,0,ACM-SVM,mixed_missing_spurious,0.3,0.8333333,0.371875,3200
fcc,4,0,ACM-SVM,mixed_missing_spurious,0.3,1.0,0.341875,3200
fcc,4,0,ACM-SVM,mixed_missing_spurious,0.4,0.1666667,0.158125,3200
fcc,4,0,ACM-SVM,mixed_missing_spurious,0.4,0.3333333,0.158125,3200
fcc,4,0,ACM-SVM,mixed_missing_spurious,0.4,0.5,0.1978125,3200
fcc,4,0,ACM-SVM,mixed_missing_spurious,0.4,0.6666667,0.2546875,3200
fcc,4,0,ACM-SVM,mixed_missing_spurious,0.4,0.8333333,0.27875,3200
fcc,4,0,ACM-SVM,mixed_missing_spurious,0.4,1.0,0.271875,3200
fcc,4,0,ACM-SVM,mixed_missing_spurious,0.5,0.1666667,0.134375,3200
fcc,4,0,ACM-SVM,mixed_missing_spurious,0.5,0.3333333,0.134375,3200
fcc,4,0,ACM-SVM,mixed_missing_spurious,0.5,0.5,0.1615625,3200
fcc,4,0,ACM-SVM,mixed_missing_spurious,0.5,0.6666667,0.190625,3200
fcc,4,0,ACM-SVM,mixed_missing_spurious,0.5,0.8333333,0.209375,3200
fcc,4,0,ACM-SVM,mixed_missing_spurious,0.5,1.0,0.21,3200
fcc,4,0,ACM-SVM,mixed_missing_spurious,0.6,0.1666667,0.1184375,3200
fcc,4,0,ACM-SVM,mixed_missing_spurious,0.6,0.3333333,0.1184375,3200
fcc,4,0,ACM-SVM,mixed_missing_spurious,0.6,0.5,0.13875,3200
fcc,4,0,ACM-SVM,mixed_missing_spurious,0.6,0.6666667,0.1653125,3200
fcc,4,0,ACM-SVM,mixed_missing_spurious,0.6,0.8333333,0.18125,3200
fcc,4,0,ACM-SVM,mixed_missing_spurious,0.6,1.0,0.1909375,3200
fcc,4,0,ACM-SVM,mixed_missing_spurious,0.7,0.1666667,0.1046875,3200
fcc,4,0,ACM-SVM,mixed_missing_spurious,0.7,0.3333333,0.1046875,3200
fcc,4,0,ACM-SVM,mixed_missing_spurious,0.7,0.5,0.1146875,3200
fcc,4,0,ACM-SVM,mixed_missing_spurious,0.7,0.6666667,0.12375,3200
fcc,4,0,ACM-SVM,mixed_missing_spurious,0.7,0.8333333,0.1390625,3200
fcc,4,0,ACM-SVM,mixed_missing_spurious,0.7,1.0,0.149375,3200
fcc,4,0,ACM-SVM,mixed_missing_spurious,0.8,0.1666667,0.0796875,3200
fcc,4,0,ACM-SVM,mixed_missing_spurious,0.8,0.3333333,0.0796875,3200
fcc,4,0,ACM-SVM,mixed_missing_spurious,0.8,0.5,0.083125,3200
fcc,4,0,ACM-SVM,mixed_missing_spurious,0.8,0.6666667,0.0884375,3200
fcc,4,0,ACM-SVM,mixed_missing_spurious,0.8,0.8333333,0.0940625,3200
fcc,4,0,ACM-SVM,mixed_missing_spurious,0.8,1.0,0.110625,3200
fcc,4,0,ACM-SVM,mixed_missing_spurious,0.9,0.1666667,0.0653125,3200
fcc,4,0,ACM-SVM,mixed_missing_spurious,0.9,0.3333333,0.0653125,3200
fcc,4,0,ACM-SVM,mixed_missing_spurious,0.9,0.5,0.066875,3200
fcc,4,0,ACM-SVM,mixed_missing_spurious,0.9,0.6666667,0.0696875,3200
fcc,4,0,ACM-SVM,mixed_missing_spurious,0.9,0.8333333,0.0728125,3200
fcc,4,0,ACM-SVM,mixed_missing_spurious,0.9,1.0,0.0775,3200
fcc,4,0,ACM-SVM,mixed_spurious_timing_late,0.0,0.1666667,0.375,3200
fcc,4,0,ACM-SVM,mixed_spurious_timing_late,0.0,0.3333333,0.375,3200
fcc,4,0,ACM-SVM,mixed_spurious_timing_late,0.0,0.5,0.6625,3200
fcc,4,0,ACM-SVM,mixed_spurious_timing_late,0.0,0.6666667,0.865625,3200
fcc,4,0,ACM-SVM,mixed_spurious_timing_late,0.0,0.8333333,0.96875,3200
fcc,4,0,ACM-SVM,mixed_spurious_timing_late,0.0,1.0,0.9625,3200
fcc,4,0,ACM-SVM,mixed_spurious_timing_late,0.05,0.1666667,0.0815625,3200
fcc,4,0,ACM-SVM,mixed_spurious_timing_late,0.05,0.3333333,0.0815625,3200
fcc,4,0,ACM-SVM,mixed_spurious_timing_late,0.05,0.5,0.16875,3200
fcc,4,0,ACM-SVM,mixed_spurious_timing_late,0.05,0.6666667,0.316875,3200
fcc,4,0,ACM-SVM,mixed_spurious_timing_late,0.05,0.8333333,0.4034375,3200
fcc,4,0,ACM-SVM,mixed_spurious_timing_late,0.05,1.0,0.4165625,3200
fcc,4,0,ACM-SVM,mixed_spurious_timing_late,0.1,0.1666667,0.07375,3200
fcc,4,0,ACM-SVM,mixed_spurious_timing_late,0.1,0.3333333,0.07375,3200
fcc,4,0,ACM-SVM,mixed_spurious_timing_late,0.1,0.5,0.14625,3200
fcc,4,0,ACM-SVM,mixed_spurious_timing_late,0.1,0.6666667,0.276875,3200
fcc,4,0,ACM-SVM,mixed_spurious_timing_late,0.1,0.8333333,0.315,3200
fcc,4,0,ACM-SVM,mixed_spurious_timing_late,0.1,1.0,0.3296875,3200
fcc,4,0,ACM-SVM,mixed_spurious_timing_late,0.15,0.1666667,0.0675,3200
fcc,4,0,ACM-SVM,mixed_spurious_timing_late,0.15,0.3333333,0.0675,3200
fcc,4,0,ACM-SVM,mixed_spurious_timing_late,0.15,0.5,0.1121875,3200
fcc,4,0,ACM-SVM,mixed_spurious_timing_late,0.15,0.6666667,0.17375,3200
fcc,4,0,ACM-SVM,mixed_spurious_timing_late,0.15,0.8333333,0.2040625,3200
fcc,4,0,ACM-SVM,mixed_spurious_timing_late,0.15,1.0,0.2234375,3200
fcc,4,0,ACM-SVM,mixed_spurious_timing_late,0.2,0.1666667,0.0690625,3200
fcc,4,0,ACM-SVM,mixed_spurious_timing_late,0.2,0.3333333,0.0690625,3200
fcc,4,0,ACM-SVM,mixed_spurious_timing_late,0.2,0.5,0.1140625,3200
fcc,4,0,ACM-SVM,mixed_spurious_timing_late,0.2,0.6666667,0.1378125,3200
fcc,4,0,ACM-SVM,mixed_spurious_timing_late,0.2,0.8333333,0.1378125,3200
fcc,4,0,ACM-SVM,mixed_spurious_timing_late,0.2,1.0,0.1696875,3200
fcc,4,0,ACM-SVM,mixed_spurious_timing_late,0.25,0.1666667,0.071875,3200
fcc,4,0,ACM-SVM,mixed_spurious_timing_late,0.25,0.3333333,0.071875,3200
fcc,4,0,ACM-SVM,mixed_spurious_timing_late,0.25,0.5,0.1021875,3200
fcc,4,0,ACM-SVM,mixed_spurious_timing_late,0.25,0.6666667,0.1021875,3200
fcc,4,0,ACM-SVM,mixed_spurious_timing_late,0.25,0.8333333,0.1203125,3200
fcc,4,0,ACM-SVM,mixed_spurious_timing_late,0.25,1.0,0.1346875,3200
fcc,4,0,ACM-SVM,mixed_spurious_timing_late,0.3,0.1666667,0.069375,3200
fcc,4,0,ACM-SVM,mixed_spurious_timing_late,0.3,0.3333333,0.069375,3200
fcc,4,0,ACM-SVM,mixed_spurious_timing_late,0.3,0.5,0.10125,3200
fcc,4,0,ACM-SVM,mixed_spurious_timing_late,0.3,0.6666667,0.10125,3200
fcc,4,0,ACM-SVM,mixed_spurious_timing_late,0.3,0.8333333,0.1065625,3200
fcc,4,0,ACM-SVM,mixed_spurious_timing_late,0.3,1.0,0.1228125,3200
fcc,4,0,ACM-SVM,mixed_spurious_timing_late,0.4,0.1666667,0.0728125,3200
fcc,4,0,ACM-SVM,mixed_spurious_timing_late,0.4,0.3333333,0.0728125,3200
fcc,4,0,ACM-SVM,mixed_spurious_timing_late,0.4,0.5,0.0728125,3200
fcc,4,0,ACM-SVM,mixed_spurious_timing_late,0.4,0.6666667,0.083125,3200
fcc,4,0,ACM-SVM,mixed_spurious_timing_late,0.4,0.8333333,0.083125,3200
fcc,4,0,ACM-SVM,mixed_spurious_timing_late,0.4,1.0,0.1075,3200
fcc,4,0,ACM-SVM,mixed_spurious_timing_late,0.5,0.1666667,0.0653125,3200
fcc,4,0,ACM-SVM,mixed_spurious_timing_late,0.5,0.3333333,0.0653125,3200
fcc,4,0,ACM-SVM,mixed_spurious_timing_late,0.5,0.5,0.0653125,3200
fcc,4,0,ACM-SVM,mixed_spurious_timing_late,0.5,0.6666667,0.0653125,3200
fcc,4,0,ACM-SVM,mixed_spurious_timing_late,0.5,0.8333333,0.076875,3200
fcc,4,0,ACM-SVM,mixed_spurious_timing_late,0.5,1.0,0.093125,3200
fcc,4,0,ACM-SVM,mixed_spurious_timing_late,0.6,0.1666667,0.0678125,3200
fcc,4,0,ACM-SVM,mixed_spurious_timing_late,0.6,0.3333333,0.0678125,3200
fcc,4,0,ACM-SVM,mixed_spurious_timing_late,0.6,0.5,0.0678125,3200
fcc,4,0,ACM-SVM,mixed_spurious_timing_late,0.6,0.6666667,0.0678125,3200
fcc,4,0,ACM-SVM,mixed_spurious_timing_late,0.6,0.8333333,0.0678125,3200
fcc,4,0,ACM-SVM,mixed_spurious_timing_late,0.6,1.0,0.0890625,3200
fcc,4,0,ACM-SVM,mixed_spurious_timing_late,0.7,0.1666667,0.0703125,3200
fcc,4,0,ACM-SVM,mixed_spurious_timing_late,0.7,0.3333333,0.0703125,3200
fcc,4,0,ACM-SVM,mixed_spurious_timing_late,0.7,0.5,0.0703125,3200
fcc,4,0,ACM-SVM,mixed_spurious_timing_late,0.7,0.6666667,0.0703125,3200
fcc,4,0,ACM-SVM,mixed_spurious_timing_late,0.7,0.8333333,0.0703125,3200
fcc,4,0,ACM-SVM,mixed_spurious_timing_late,0.7,1.0,0.08375,3200
fcc,4,0,ACM-SVM,mixed_spurious_timing_late,0.8,0.1666667,0.0734375,3200
fcc,4,0,ACM-SVM,mixed_spurious_timing_late,0.8,0.3333333,0.0734375,3200
fcc,4,0,ACM-SVM,mixed_spurious_timing_late,0.8,0.5,0.0734375,3200
fcc,4,0,ACM-SVM,mixed_spurious_timing_late,0.8,0.6666667,0.0734375,3200
fcc,4,0,ACM-SVM,mixed_spurious_timing_late,0.8,0.8333333,0.0734375,3200
fcc,4,0,ACM-SVM,mixed_spurious_timing_late,0.8,1.0,0.0790625,3200
fcc,4,0,ACM-SVM,mixed_spurious_timing_late,0.9,0.1666667,0.0715625,3200
fcc,4,0,ACM-SVM,mixed_spurious_timing_late,0.9,0.3333333,0.0715625,3200
fcc,4,0,ACM-SVM,mixed_spurious_timing_late,0.9,0.5,0.0715625,3200
fcc,4,0,ACM-SVM,mixed_spurious_timing_late,0.9,0.6666667,0.0715625,3200
fcc,4,0,ACM-SVM,mixed_spurious_timing_late,0.9,0.8333333,0.0715625,3200
fcc,4,0,ACM-SVM,mixed_spurious_timing_late,0.9,1.0,0.0715625,3200
fcc,4,0,ACM-SVM,spurious_events,0.0,0.1666667,0.375,3200
fcc,4,0,ACM-SVM,spurious_events,0.0,0.3333333,0.375,3200
fcc,4,0,ACM-SVM,spurious_events,0.0,0.5,0.6625,3200
fcc,4,0,ACM-SVM,spurious_events,0.0,0.6666667,0.865625,3200
fcc,4,0,ACM-SVM,spurious_events,0.0,0.8333333,0.96875,3200
fcc,4,0,ACM-SVM,spurious_events,0.0,1.0,0.9625,3200
fcc,4,0,ACM-SVM,spurious_events,0.05,0.1666667,0.3740625,3200
fcc,4,0,ACM-SVM,spurious_events,0.05,0.3333333,0.3740625,3200
fcc,4,0,ACM-SVM,spurious_events,0.05,0.5,0.650625,3200
fcc,4,0,ACM-SVM,spurious_events,0.05,0.6666667,0.8303125,3200
fcc,4,0,ACM-SVM,spurious_events,0.05,0.8333333,0.9196875,3200
fcc,4,0,ACM-SVM,spurious_events,0.05,1.0,0.8828125,3200
fcc,4,0,ACM-SVM,spurious_events,0.1,0.1666667,0.3621875,3200
fcc,4,0,ACM-SVM,spurious_events,0.1,0.3333333,0.3621875,3200
fcc,4,0,ACM-SVM,spurious_events,0.1,0.5,0.61625,3200
fcc,4,0,ACM-SVM,spurious_events,0.1,0.6666667,0.7534375,3200
fcc,4,0,ACM-SVM,spurious_events,0.1,0.8333333,0.7978125,3200
fcc,4,0,ACM-SVM,spurious_events,0.1,1.0,0.7178125,3200
fcc,4,0,ACM-SVM,spurious_events,0.15,0.1666667,0.3615625,3200
fcc,4,0,ACM-SVM,spurious_events,0.15,0.3333333,0.3615625,3200
fcc,4,0,ACM-SVM,spurious_events,0.15,0.5,0.5828125,3200
fcc,4,0,ACM-SVM,spurious_events,0.15,0.6666667,0.686875,3200
fcc,4,0,ACM-SVM,spurious_events,0.15,0.8333333,0.7071875,3200
fcc,4,0,ACM-SVM,spurious_events,0.15,1.0,0.5834375,3200
fcc,4,0,ACM-SVM,spurious_events,0.2,0.1666667,0.3490625,3200
fcc,4,0,ACM-SVM,spurious_events,0.2,0.3333333,0.3490625,3200
fcc,4,0,ACM-SVM,spurious_events,0.2,0.5,0.541875,3200
fcc,4,0,ACM-SVM,spurious_events,0.2,0.6666667,0.6103125,3200
fcc,4,0,ACM-SVM,spurious_events,0.2,0.8333333,0.60375,3200
fcc,4,0,ACM-SVM,spurious_events,0.2,1.0,0.4828125,3200
fcc,4,0,ACM-SVM,spurious_events,0.25,0.1666667,0.345625,3200
fcc,4,0,ACM-SVM,spurious_events,0.25,0.3333333,0.345625,3200
fcc,4,0,ACM-SVM,spurious_events,0.25,0.5,0.5178125,3200
fcc,4,0,ACM-SVM,spurious_events,0.25,0.6666667,0.5546875,3200
fcc,4,0,ACM-SVM,spurious_events,0.25,0.8333333,0.53875,3200
fcc,4,0,ACM-SVM,spurious_events,0.25,1.0,0.406875,3200
fcc,4,0,ACM-SVM,spurious_events,0.3,0.1666667,0.343125,3200
fcc,4,0,ACM-SVM,spurious_events,0.3,0.3333333,0.343125,3200
fcc,4,0,ACM-SVM,spurious_events,0.3,0.5,0.491875,3200
fcc,4,0,ACM-SVM,spurious_events,0.3,0.6666667,0.5215625,3200
fcc,4,0,ACM-SVM,spurious_events,0.3,0.8333333,0.489375,3200
fcc,4,0,ACM-SVM,spurious_events,0.3,1.0,0.355625,3200
fcc,4,0,ACM-SVM,spurious_events,0.4,0.1666667,0.3296875,3200
fcc,4,0,ACM-SVM,spurious_events,0.4,0.3333333,0.3296875,3200
fcc,4,0,ACM-SVM,spurious_events,0.4,0.5,0.4446875,3200
fcc,4,0,ACM-SVM,spurious_events,0.4,0.6666667,0.4353125,3200
fcc,4,0,ACM-SVM,spurious_events,0.4,0.8333333,0.39,3200
fcc,4,0,ACM-SVM,spurious_events,0.4,1.0,0.2721875,3200
fcc,4,0,ACM-SVM,spurious_events,0.5,0.1666667,0.32,3200
fcc,4,0,ACM-SVM,spurious_events,0.5,0.3333333,0.32,3200
fcc,4,0,ACM-SVM,spurious_events,0.5,0.5,0.4040625,3200
fcc,4,0,ACM-SVM,spurious_events,0.5,0.6666667,0.371875,3200
fcc,4,0,ACM-SVM,spurious_events,0.5,0.8333333,0.3175,3200
fcc,4,0,ACM-SVM,spurious_events,0.5,1.0,0.2128125,3200
fcc,4,0,ACM-SVM,spurious_events,0.6,0.1666667,0.303125,3200
fcc,4,0,ACM-SVM,spurious_events,0.6,0.3333333,0.303125,3200
fcc,4,0,ACM-SVM,spurious_events,0.6,0.5,0.3690625,3200
fcc,4,0,ACM-SVM,spurious_events,0.6,0.6666667,0.3275,3200
fcc,4,0,ACM-SVM,spurious_events,0.6,0.8333333,0.2734375,3200
fcc,4,0,ACM-SVM,spurious_events,0.6,1.0,0.1753125,3200
fcc,4,0,ACM-SVM,spurious_events,0.7,0.1666667,0.2934375,3200
fcc,4,0,ACM-SVM,spurious_events,0.7,0.3333333,0.2934375,3200
fcc,4,0,ACM-SVM,spurious_events,0.7,0.5,0.341875,3200
fcc,4,0,ACM-SVM,spurious_events,0.7,0.6666667,0.284375,3200
fcc,4,0,ACM-SVM,spurious_events,0.7,0.8333333,0.2240625,3200
fcc,4,0,ACM-SVM,spurious_events,0.7,1.0,0.1415625,3200
fcc,4,0,ACM-SVM,spurious_events,0.8,0.1666667,0.2925,3200
fcc,4,0,ACM-SVM,spurious_events,0.8,0.3333333,0.2925,3200
fcc,4,0,ACM-SVM,spurious_events,0.8,0.5,0.315625,3200
fcc,4,0,ACM-SVM,spurious_events,0.8,0.6666667,0.258125,3200
fcc,4,0,ACM-SVM,spurious_events,0.8,0.8333333,0.2003125,3200
fcc,4,0,ACM-SVM,spurious_events,0.8,1.0,0.1309375,3200
fcc,4,0,ACM-SVM,spurious_events,0.9,0.1666667,0.273125,3200
fcc,4,0,ACM-SVM,spurious_events,0.9,0.3333333,0.273125,3200
fcc,4,0,ACM-SVM,spurious_events,0.9,0.5,0.27625,3200
fcc,4,0,ACM-SVM,spurious_events,0.9,0.6666667,0.2265625,3200
fcc,4,0,ACM-SVM,spurious_events,0.9,0.8333333,0.1690625,3200
fcc,4,0,ACM-SVM,spurious_events,0.9,1.0,0.1096875,3200
fcc,4,0,ACM-SVM,timing_uncertainty,0.0,0.1666667,0.375,3200
fcc,4,0,ACM-SVM,timing_uncertainty,0.0,0.3333333,0.375,3200
fcc,4,0,ACM-SVM,timing_uncertainty,0.0,0.5,0.6625,3200
fcc,4,0,ACM-SVM,timing_uncertainty,0.0,0.6666667,0.865625,3200
fcc,4,0,ACM-SVM,timing_uncertainty,0.0,0.8333333,0.96875,3200
fcc,4,0,ACM-SVM,timing_uncertainty,0.0,1.0,0.9625,3200
fcc,4,0,ACM-SVM,timing_uncertainty,0.05,0.1666667,0.37375,3200
fcc,4,0,ACM-SVM,timing_uncertainty,0.05,0.3333333,0.37375,3200
fcc,4,0,ACM-SVM,timing_uncertainty,0.05,0.5,0.6628125,3200
fcc,4,0,ACM-SVM,timing_uncertainty,0.05,0.6666667,0.865,3200
fcc,4,0,ACM-SVM,timing_uncertainty,0.05,0.8333333,0.96875,3200
fcc,4,0,ACM-SVM,timing_uncertainty,0.05,1.0,0.9625,3200
fcc,4,0,ACM-SVM,timing_uncertainty,0.1,0.1666667,0.3740625,3200
fcc,4,0,ACM-SVM,timing_uncertainty,0.1,0.3333333,0.3740625,3200
fcc,4,0,ACM-SVM,timing_uncertainty,0.1,0.5,0.66,3200
fcc,4,0,ACM-SVM,timing_uncertainty,0.1,0.6666667,0.864375,3200
fcc,4,0,ACM-SVM,timing_uncertainty,0.1,0.8333333,0.968125,3200
fcc,4,0,ACM-SVM,timing_uncertainty,0.1,1.0,0.961875,3200
fcc,4,0,ACM-SVM,timing_uncertainty,0.15,0.1666667,0.3746875,3200
fcc,4,0,ACM-SVM,timing_uncertainty,0.15,0.3333333,0.3746875,3200
fcc,4,0,ACM-SVM,timing_uncertainty,0.15,0.5,0.6575,3200
fcc,4,0,ACM-SVM,timing_uncertainty,0.15,0.6666667,0.8628125,3200
fcc,4,0,ACM-SVM,timing_uncertainty,0.15,0.8333333,0.9653125,3200
fcc,4,0,ACM-SVM,timing_uncertainty,0.15,1.0,0.9609375,3200
fcc,4,0,ACM-SVM,timing_uncertainty,0.2,0.1666667,0.3715625,3200
fcc,4,0,ACM-SVM,timing_uncertainty,0.2,0.3333333,0.3715625,3200
fcc,4,0,ACM-SVM,timing_uncertainty,0.2,0.5,0.65125,3200
fcc,4,0,ACM-SVM,timing_uncertainty,0.2,0.6666667,0.8609375,3200
fcc,4,0,ACM-SVM,timing_uncertainty,0.2,0.8333333,0.9634375,3200
fcc,4,0,ACM-SVM,timing_uncertainty,0.2,1.0,0.9546875,3200
fcc,4,0,ACM-SVM,timing_uncertainty,0.25,0.1666667,0.36375,3200
fcc,4,0,ACM-SVM,timing_uncertainty,0.25,0.3333333,0.36375,3200
fcc,4,0,ACM-SVM,timing_uncertainty,0.25,0.5,0.6475,3200
fcc,4,0,ACM-SVM,timing_uncertainty,0.25,0.6666667,0.86,3200
fcc,4,0,ACM-SVM,timing_uncertainty,0.25,0.8333333,0.96,3200
fcc,4,0,ACM-SVM,timing_uncertainty,0.25,1.0,0.95375,3200
fcc,4,0,ACM-SVM,timing_uncertainty,0.3,0.1666667,0.36375,3200
fcc,4,0,ACM-SVM,timing_uncertainty,0.3,0.3333333,0.36375,3200
fcc,4,0,ACM-SVM,timing_uncertainty,0.3,0.5,0.641875,3200
fcc,4,0,ACM-SVM,timing_uncertainty,0.3,0.6666667,0.8571875,3200
fcc,4,0,ACM-SVM,timing_uncertainty,0.3,0.8333333,0.955625,3200
fcc,4,0,ACM-SVM,timing_uncertainty,0.3,1.0,0.946875,3200
fcc,4,0,ACM-SVM,timing_uncertainty,0.4,0.1666667,0.3540625,3200
fcc,4,0,ACM-SVM,timing_uncertainty,0.4,0.3333333,0.3540625,3200
fcc,4,0,ACM-SVM,timing_uncertainty,0.4,0.5,0.6265625,3200
fcc,4,0,ACM-SVM,timing_uncertainty,0.4,0.6666667,0.8421875,3200
fcc,4,0,ACM-SVM,timing_uncertainty,0.4,0.8333333,0.94,3200
fcc,4,0,ACM-SVM,timing_uncertainty,0.4,1.0,0.9334375,3200
fcc,4,0,ACM-SVM,timing_uncertainty,0.5,0.1666667,0.3375,3200
fcc,4,0,ACM-SVM,timing_uncertainty,0.5,0.3333333,0.3375,3200
fcc,4,0,ACM-SVM,timing_uncertainty,0.5,0.5,0.6134375,3200
fcc,4,0,ACM-SVM,timing_uncertainty,0.5,0.6666667,0.83,3200
fcc,4,0,ACM-SVM,timing_uncertainty,0.5,0.8333333,0.9225,3200
fcc,4,0,ACM-SVM,timing_uncertainty,0.5,1.0,0.9146875,3200
fcc,4,0,ACM-SVM,timing_uncertainty,0.6,0.1666667,0.3159375,3200
fcc,4,0,ACM-SVM,timing_uncertainty,0.6,0.3333333,0.3159375,3200
fcc,4,0,ACM-SVM,timing_uncertainty,0.6,0.5,0.590625,3200
fcc,4,0,ACM-SVM,timing_uncertainty,0.6,0.6666667,0.8071875,3200
fcc,4,0,ACM-SVM,timing_uncertainty,0.6,0.8333333,0.901875,3200
fcc,4,0,ACM-SVM,timing_uncertainty,0.6,1.0,0.89625,3200
fcc,4,0,ACM-SVM,timing_uncertainty,0.7,0.1666667,0.3115625,3200
fcc,4,0,ACM-SVM,timing_uncertainty,0.7,0.3333333,0.3115625,3200
fcc,4,0,ACM-SVM,timing_uncertainty,0.7,0.5,0.584375,3200
fcc,4,0,ACM-SVM,timing_uncertainty,0.7,0.6666667,0.7965625,3200
fcc,4,0,ACM-SVM,timing_uncertainty,0.7,0.8333333,0.889375,3200
fcc,4,0,ACM-SVM,timing_uncertainty,0.7,1.0,0.88,3200
fcc,4,0,ACM-SVM,timing_uncertainty,0.8,0.1666667,0.299375,3200
fcc,4,0,ACM-SVM,timing_uncertainty,0.8,0.3333333,0.299375,3200
fcc,4,0,ACM-SVM,timing_uncertainty,0.8,0.5,0.579375,3200
fcc,4,0,ACM-SVM,timing_uncertainty,0.8,0.6666667,0.78125,3200
fcc,4,0,ACM-SVM,timing_uncertainty,0.8,0.8333333,0.87625,3200
fcc,4,0,ACM-SVM,timing_uncertainty,0.8,1.0,0.8715625,3200
fcc,4,0,ACM-SVM,timing_uncertainty,0.9,0.1666667,0.281875,3200
fcc,4,0,ACM-SVM,timing_uncertainty,0.9,0.3333333,0.281875,3200
fcc,4,0,ACM-SVM,timing_uncertainty,0.9,0.5,0.5665625,3200
fcc,4,0,ACM-SVM,timing_uncertainty,0.9,0.6666667,0.7678125,3200
fcc,4,0,ACM-SVM,timing_uncertainty,0.9,0.8333333,0.854375,3200
fcc,4,0,ACM-SVM,timing_uncertainty,0.9,1.0,0.8446875,3200
fcc,4,0,CASIM-prefix,late_time_delay,0.0,0.1666667,0.9625,3200
fcc,4,0,CASIM-prefix,late_time_delay,0.0,0.3333333,0.9625,3200
fcc,4,0,CASIM-prefix,late_time_delay,0.0,0.5,0.990625,3200
fcc,4,0,CASIM-prefix,late_time_delay,0.0,0.6666667,1.0,3200
fcc,4,0,CASIM-prefix,late_time_delay,0.0,0.8333333,1.0,3200
fcc,4,0,CASIM-prefix,late_time_delay,0.0,1.0,1.0,3200
fcc,4,0,CASIM-prefix,late_time_delay,0.05,0.1666667,0.409375,3200
fcc,4,0,CASIM-prefix,late_time_delay,0.05,0.3333333,0.409375,3200
fcc,4,0,CASIM-prefix,late_time_delay,0.05,0.5,0.55,3200
fcc,4,0,CASIM-prefix,late_time_delay,0.05,0.6666667,0.540625,3200
fcc,4,0,CASIM-prefix,late_time_delay,0.05,0.8333333,0.734375,3200
fcc,4,0,CASIM-prefix,late_time_delay,0.05,1.0,0.5875,3200
fcc,4,0,CASIM-prefix,late_time_delay,0.1,0.1666667,0.20625,3200
fcc,4,0,CASIM-prefix,late_time_delay,0.1,0.3333333,0.20625,3200
fcc,4,0,CASIM-prefix,late_time_delay,0.1,0.5,0.3625,3200
fcc,4,0,CASIM-prefix,late_time_delay,0.1,0.6666667,0.45,3200
fcc,4,0,CASIM-prefix,late_time_delay,0.1,0.8333333,0.546875,3200
fcc,4,0,CASIM-prefix,late_time_delay,0.1,1.0,0.50625,3200
fcc,4,0,CASIM-prefix,late_time_delay,0.15,0.1666667,0.134375,3200
fcc,4,0,CASIM-prefix,late_time_delay,0.15,0.3333333,0.134375,3200
fcc,4,0,CASIM-prefix,late_time_delay,0.15,0.5,0.240625,3200
fcc,4,0,CASIM-prefix,late_time_delay,0.15,0.6666667,0.359375,3200
fcc,4,0,CASIM-prefix,late_time_delay,0.15,0.8333333,0.465625,3200
fcc,4,0,CASIM-prefix,late_time_delay,0.15,1.0,0.415625,3200
fcc,4,0,CASIM-prefix,late_time_delay,0.2,0.1666667,0.075,3200
fcc,4,0,CASIM-prefix,late_time_delay,0.2,0.3333333,0.075,3200
fcc,4,0,CASIM-prefix,late_time_delay,0.2,0.5,0.153125,3200
fcc,4,0,CASIM-prefix,late_time_delay,0.2,0.6666667,0.278125,3200
fcc,4,0,CASIM-prefix,late_time_delay,0.2,0.8333333,0.278125,3200
fcc,4,0,CASIM-prefix,late_time_delay,0.2,1.0,0.340625,3200
fcc,4,0,CASIM-prefix,late_time_delay,0.25,0.1666667,0.05625,3200
fcc,4,0,CASIM-prefix,late_time_delay,0.25,0.3333333,0.05625,3200
fcc,4,0,CASIM-prefix,late_time_delay,0.25,0.5,0.0875,3200
fcc,4,0,CASIM-prefix,late_time_delay,0.25,0.6666667,0.0875,3200
fcc,4,0,CASIM-prefix,late_time_delay,0.25,0.8333333,0.321875,3200
fcc,4,0,CASIM-prefix,late_time_delay,0.25,1.0,0.315625,3200
fcc,4,0,CASIM-prefix,late_time_delay,0.3,0.1666667,0.059375,3200
fcc,4,0,CASIM-prefix,late_time_delay,0.3,0.3333333,0.059375,3200
fcc,4,0,CASIM-prefix,late_time_delay,0.3,0.5,0.090625,3200
fcc,4,0,CASIM-prefix,late_time_delay,0.3,0.6666667,0.090625,3200
fcc,4,0,CASIM-prefix,late_time_delay,0.3,0.8333333,0.25625,3200
fcc,4,0,CASIM-prefix,late_time_delay,0.3,1.0,0.275,3200
fcc,4,0,CASIM-prefix,late_time_delay,0.4,0.1666667,0.028125,3200
fcc,4,0,CASIM-prefix,late_time_delay,0.4,0.3333333,0.028125,3200
fcc,4,0,CASIM-prefix,late_time_delay,0.4,0.5,0.028125,3200
fcc,4,0,CASIM-prefix,late_time_delay,0.4,0.6666667,0.115625,3200
fcc,4,0,CASIM-prefix,late_time_delay,0.4,0.8333333,0.1125,3200
fcc,4,0,CASIM-prefix,late_time_delay,0.4,1.0,0.165625,3200
fcc,4,0,CASIM-prefix,late_time_delay,0.5,0.1666667,0.05625,3200
fcc,4,0,CASIM-prefix,late_time_delay,0.5,0.3333333,0.05625,3200
fcc,4,0,CASIM-prefix,late_time_delay,0.5,0.5,0.05625,3200
fcc,4,0,CASIM-prefix,late_time_delay,0.5,0.6666667,0.08125,3200
fcc,4,0,CASIM-prefix,late_time_delay,0.5,0.8333333,0.115625,3200
fcc,4,0,CASIM-prefix,late_time_delay,0.5,1.0,0.125,3200
fcc,4,0,CASIM-prefix,late_time_delay,0.6,0.1666667,0.05625,3200
fcc,4,0,CASIM-prefix,late_time_delay,0.6,0.3333333,0.05625,3200
fcc,4,0,CASIM-prefix,late_time_delay,0.6,0.5,0.05625,3200
fcc,4,0,CASIM-prefix,late_time_delay,0.6,0.6666667,0.08125,3200
fcc,4,0,CASIM-prefix,late_time_delay,0.6,0.8333333,0.078125,3200
fcc,4,0,CASIM-prefix,late_time_delay,0.6,1.0,0.109375,3200
fcc,4,0,CASIM-prefix,late_time_delay,0.7,0.1666667,0.059375,3200
fcc,4,0,CASIM-prefix,late_time_delay,0.7,0.3333333,0.059375,3200
fcc,4,0,CASIM-prefix,late_time_delay,0.7,0.5,0.059375,3200
fcc,4,0,CASIM-prefix,late_time_delay,0.7,0.6666667,0.084375,3200
fcc,4,0,CASIM-prefix,late_time_delay,0.7,0.8333333,0.08125,3200
fcc,4,0,CASIM-prefix,late_time_delay,0.7,1.0,0.103125,3200
fcc,4,0,CASIM-prefix,late_time_delay,0.8,0.1666667,0.053125,3200
fcc,4,0,CASIM-prefix,late_time_delay,0.8,0.3333333,0.053125,3200
fcc,4,0,CASIM-prefix,late_time_delay,0.8,0.5,0.053125,3200
fcc,4,0,CASIM-prefix,late_time_delay,0.8,0.6666667,0.078125,3200
fcc,4,0,CASIM-prefix,late_time_delay,0.8,0.8333333,0.075,3200
fcc,4,0,CASIM-prefix,late_time_delay,0.8,1.0,0.084375,3200
fcc,4,0,CASIM-prefix,late_time_delay,0.9,0.1666667,0.053125,3200
fcc,4,0,CASIM-prefix,late_time_delay,0.9,0.3333333,0.053125,3200
fcc,4,0,CASIM-prefix,late_time_delay,0.9,0.5,0.053125,3200
fcc,4,0,CASIM-prefix,late_time_delay,0.9,0.6666667,0.078125,3200
fcc,4,0,CASIM-prefix,late_time_delay,0.9,0.8333333,0.075,3200
fcc,4,0,CASIM-prefix,late_time_delay,0.9,1.0,0.075,3200
fcc,4,0,CASIM-prefix,missing_events,0.0,0.1666667,0.9625,3200
fcc,4,0,CASIM-prefix,missing_events,0.0,0.3333333,0.9625,3200
fcc,4,0,CASIM-prefix,missing_events,0.0,0.5,0.990625,3200
fcc,4,0,CASIM-prefix,missing_events,0.0,0.6666667,1.0,3200
fcc,4,0,CASIM-prefix,missing_events,0.0,0.8333333,1.0,3200
fcc,4,0,CASIM-prefix,missing_events,0.0,1.0,1.0,3200
fcc,4,0,CASIM-prefix,missing_events,0.05,0.1666667,0.958125,3200
fcc,4,0,CASIM-prefix,missing_events,0.05,0.3333333,0.958125,3200
fcc,4,0,CASIM-prefix,missing_events,0.05,0.5,0.9878125,3200
fcc,4,0,CASIM-prefix,missing_events,0.05,0.6666667,0.99875,3200
fcc,4,0,CASIM-prefix,missing_events,0.05,0.8333333,0.99875,3200
fcc,4,0,CASIM-prefix,missing_events,0.05,1.0,0.9975,3200
fcc,4,0,CASIM-prefix,missing_events,0.1,0.1666667,0.9290625,3200
fcc,4,0,CASIM-prefix,missing_events,0.1,0.3333333,0.9290625,3200
fcc,4,0,CASIM-prefix,missing_events,0.1,0.5,0.9690625,3200
fcc,4,0,CASIM-prefix,missing_events,0.1,0.6666667,0.9796875,3200
fcc,4,0,CASIM-prefix,missing_events,0.1,0.8333333,0.990625,3200
fcc,4,0,CASIM-prefix,missing_events,0.1,1.0,0.9821875,3200
fcc,4,0,CASIM-prefix,missing_events,0.15,0.1666667,0.8990625,3200
fcc,4,0,CASIM-prefix,missing_events,0.15,0.3333333,0.8990625,3200
fcc,4,0,CASIM-prefix,missing_events,0.15,0.5,0.934375,3200
fcc,4,0,CASIM-prefix,missing_events,0.15,0.6666667,0.9703125,3200
fcc,4,0,CASIM-prefix,missing_events,0.15,0.8333333,0.9775,3200
fcc,4,0,CASIM-prefix,missing_events,0.15,1.0,0.965,3200
fcc,4,0,CASIM-prefix,missing_events,0.2,0.1666667,0.860625,3200
fcc,4,0,CASIM-prefix,missing_events,0.2,0.3333333,0.860625,3200
fcc,4,0,CASIM-prefix,missing_events,0.2,0.5,0.891875,3200
fcc,4,0,CASIM-prefix,missing_events,0.2,0.6666667,0.9465625,3200
fcc,4,0,CASIM-prefix,missing_events,0.2,0.8333333,0.9590625,3200
fcc,4,0,CASIM-prefix,missing_events,0.2,1.0,0.9446875,3200
fcc,4,0,CASIM-prefix,missing_events,0.25,0.1666667,0.8221875,3200
fcc,4,0,CASIM-prefix,missing_events,0.25,0.3333333,0.8221875,3200
fcc,4,0,CASIM-prefix,missing_events,0.25,0.5,0.869375,3200
fcc,4,0,CASIM-prefix,missing_events,0.25,0.6666667,0.9221875,3200
fcc,4,0,CASIM-prefix,missing_events,0.25,0.8333333,0.931875,3200
fcc,4,0,CASIM-prefix,missing_events,0.25,1.0,0.925,3200
fcc,4,0,CASIM-prefix,missing_events,0.3,0.1666667,0.7896875,3200
fcc,4,0,CASIM-prefix,missing_events,0.3,0.3333333,0.7896875,3200
fcc,4,0,CASIM-prefix,missing_events,0.3,0.5,0.821875,3200
fcc,4,0,CASIM-prefix,missing_events,0.3,0.6666667,0.8903125,3200
fcc,4,0,CASIM-prefix,missing_events,0.3,0.8333333,0.8940625,3200
fcc,4,0,CASIM-prefix,missing_events,0.3,1.0,0.8859375,3200
fcc,4,0,CASIM-prefix,missing_events,0.4,0.1666667,0.6925,3200
fcc,4,0,CASIM-prefix,missing_events,0.4,0.3333333,0.6925,3200
fcc,4,0,CASIM-prefix,missing_events,0.4,0.5,0.7284375,3200
fcc,4,0,CASIM-prefix,missing_events,0.4,0.6666667,0.7903125,3200
fcc,4,0,CASIM-prefix,missing_events,0.4,0.8333333,0.7975,3200
fcc,4,0,CASIM-prefix,missing_events,0.4,1.0,0.7971875,3200
fcc,4,0,CASIM-prefix,missing_events,0.5,0.1666667,0.5990625,3200
fcc,4,0,CASIM-prefix,missing_events,0.5,0.3333333,0.5990625,3200
fcc,4,0,CASIM-prefix,missing_events,0.5,0.5,0.6065625,3200
fcc,4,0,CASIM-prefix,missing_events,0.5,0.6666667,0.6671875,3200
fcc,4,0,CASIM-prefix,missing_events,0.5,0.8333333,0.6690625,3200
fcc,4,0,CASIM-prefix,missing_events,0.5,1.0,0.6846875,3200
fcc,4,0,CASIM-prefix,missing_events,0.6,0.1666667,0.4896875,3200
fcc,4,0,CASIM-prefix,missing_events,0.6,0.3333333,0.4896875,3200
fcc,4,0,CASIM-prefix,missing_events,0.6,0.5,0.5003125,3200
fcc,4,0,CASIM-prefix,missing_events,0.6,0.6666667,0.5646875,3200
fcc,4,0,CASIM-prefix,missing_events,0.6,0.8333333,0.54375,3200
fcc,4,0,CASIM-prefix,missing_events,0.6,1.0,0.5728125,3200
fcc,4,0,CASIM-prefix,missing_events,0.7,0.1666667,0.39875,3200
fcc,4,0,CASIM-prefix,missing_events,0.7,0.3333333,0.39875,3200
fcc,4,0,CASIM-prefix,missing_events,0.7,0.5,0.38,3200
fcc,4,0,CASIM-prefix,missing_events,0.7,0.6666667,0.438125,3200
fcc,4,0,CASIM-prefix,missing_events,0.7,0.8333333,0.420625,3200
fcc,4,0,CASIM-prefix,missing_events,0.7,1.0,0.4525,3200
fcc,4,0,CASIM-prefix,missing_events,0.8,0.1666667,0.305625,3200
fcc,4,0,CASIM-prefix,missing_events,0.8,0.3333333,0.305625,3200
fcc,4,0,CASIM-prefix,missing_events,0.8,0.5,0.268125,3200
fcc,4,0,CASIM-prefix,missing_events,0.8,0.6666667,0.314375,3200
fcc,4,0,CASIM-prefix,missing_events,0.8,0.8333333,0.296875,3200
fcc,4,0,CASIM-prefix,missing_events,0.8,1.0,0.3265625,3200
fcc,4,0,CASIM-prefix,missing_events,0.9,0.1666667,0.1890625,3200
fcc,4,0,CASIM-prefix,missing_events,0.9,0.3333333,0.1890625,3200
fcc,4,0,CASIM-prefix,missing_events,0.9,0.5,0.1665625,3200
fcc,4,0,CASIM-prefix,missing_events,0.9,0.6666667,0.1796875,3200
fcc,4,0,CASIM-prefix,missing_events,0.9,0.8333333,0.18125,3200
fcc,4,0,CASIM-prefix,missing_events,0.9,1.0,0.1921875,3200
fcc,4,0,CASIM-prefix,mixed_missing_spurious,0.0,0.1666667,0.9625,3200
fcc,4,0,CASIM-prefix,mixed_missing_spurious,0.0,0.3333333,0.9625,3200
fcc,4,0,CASIM-prefix,mixed_missing_spurious,0.0,0.5,0.990625,3200
fcc,4,0,CASIM-prefix,mixed_missing_spurious,0.0,0.6666667,1.0,3200
fcc,4,0,CASIM-prefix,mixed_missing_spurious,0.0,0.8333333,1.0,3200
fcc,4,0,CASIM-prefix,mixed_missing_spurious,0.0,1.0,1.0,3200
fcc,4,0,CASIM-prefix,mixed_missing_spurious,0.05,0.1666667,0.9565625,3200
fcc,4,0,CASIM-prefix,mixed_missing_spurious,0.05,0.3333333,0.9565625,3200
fcc,4,0,CASIM-prefix,mixed_missing_spurious,0.05,0.5,0.980625,3200
fcc,4,0,CASIM-prefix,mixed_missing_spurious,0.05,0.6666667,0.9940625,3200
fcc,4,0,CASIM-prefix,mixed_missing_spurious,0.05,0.8333333,0.99625,3200
fcc,4,0,CASIM-prefix,mixed_missing_spurious,0.05,1.0,0.97375,3200
fcc,4,0,CASIM-prefix,mixed_missing_spurious,0.1,0.1666667,0.9215625,3200
fcc,4,0,CASIM-prefix,mixed_missing_spurious,0.1,0.3333333,0.9215625,3200
fcc,4,0,CASIM-prefix,mixed_missing_spurious,0.1,0.5,0.9284375,3200
fcc,4,0,CASIM-prefix,mixed_missing_spurious,0.1,0.6666667,0.9646875,3200
fcc,4,0,CASIM-prefix,mixed_missing_spurious,0.1,0.8333333,0.9771875,3200
fcc,4,0,CASIM-prefix,mixed_missing_spurious,0.1,1.0,0.9178125,3200
fcc,4,0,CASIM-prefix,mixed_missing_spurious,0.15,0.1666667,0.873125,3200
fcc,4,0,CASIM-prefix,mixed_missing_spurious,0.15,0.3333333,0.873125,3200
fcc,4,0,CASIM-prefix,mixed_missing_spurious,0.15,0.5,0.8865625,3200
fcc,4,0,CASIM-prefix,mixed_missing_spurious,0.15,0.6666667,0.9296875,3200
fcc,4,0,CASIM-prefix,mixed_missing_spurious,0.15,0.8333333,0.9478125,3200
fcc,4,0,CASIM-prefix,mixed_missing_spurious,0.15,1.0,0.8515625,3200
fcc,4,0,CASIM-prefix,mixed_missing_spurious,0.2,0.1666667,0.83125,3200
fcc,4,0,CASIM-prefix,mixed_missing_spurious,0.2,0.3333333,0.83125,3200
fcc,4,0,CASIM-prefix,mixed_missing_spurious,0.2,0.5,0.8340625,3200
fcc,4,0,CASIM-prefix,mixed_missing_spurious,0.2,0.6666667,0.8834375,3200
fcc,4,0,CASIM-prefix,mixed_missing_spurious,0.2,0.8333333,0.90125,3200
fcc,4,0,CASIM-prefix,mixed_missing_spurious,0.2,1.0,0.77875,3200
fcc,4,0,CASIM-prefix,mixed_missing_spurious,0.25,0.1666667,0.7965625,3200
fcc,4,0,CASIM-prefix,mixed_missing_spurious,0.25,0.3333333,0.7965625,3200
fcc,4,0,CASIM-prefix,mixed_missing_spurious,0.25,0.5,0.783125,3200
fcc,4,0,CASIM-prefix,mixed_missing_spurious,0.25,0.6666667,0.8278125,3200
fcc,4,0,CASIM-prefix,mixed_missing_spurious,0.25,0.8333333,0.84875,3200
fcc,4,0,CASIM-prefix,mixed_missing_spurious,0.25,1.0,0.716875,3200
fcc,4,0,CASIM-prefix,mixed_missing_spurious,0.3,0.1666667,0.74,3200
fcc,4,0,CASIM-prefix,mixed_missing_spurious,0.3,0.3333333,0.74,3200
fcc,4,0,CASIM-prefix,mixed_missing_spurious,0.3,0.5,0.735,3200
fcc,4,0,CASIM-prefix,mixed_missing_spurious,0.3,0.6666667,0.7996875,3200
fcc,4,0,CASIM-prefix,mixed_missing_spurious,0.3,0.8333333,0.79375,3200
fcc,4,0,CASIM-prefix,mixed_missing_spurious,0.3,1.0,0.661875,3200
fcc,4,0,CASIM-prefix,mixed_missing_spurious,0.4,0.1666667,0.6378125,3200
fcc,4,0,CASIM-prefix,mixed_missing_spurious,0.4,0.3333333,0.6378125,3200
fcc,4,0,CASIM-prefix,mixed_missing_spurious,0.4,0.5,0.6203125,3200
fcc,4,0,CASIM-prefix,mixed_missing_spurious,0.4,0.6666667,0.681875,3200
fcc,4,0,CASIM-prefix,mixed_missing_spurious,0.4,0.8333333,0.6840625,3200
fcc,4,0,CASIM-prefix,mixed_missing_spurious,0.4,1.0,0.5571875,3200
fcc,4,0,CASIM-prefix,mixed_missing_spurious,0.5,0.1666667,0.5375,3200
fcc,4,0,CASIM-prefix,mixed_missing_spurious,0.5,0.3333333,0.5375,3200
fcc,4,0,CASIM-prefix,mixed_missing_spurious,0.5,0.5,0.504375,3200
fcc,4,0,CASIM-prefix,mixed_missing_spurious,0.5,0.6666667,0.5546875,3200
fcc,4,0,CASIM-prefix,mixed_missing_spurious,0.5,0.8333333,0.5534375,3200
fcc,4,0,CASIM-prefix,mixed_missing_spurious,0.5,1.0,0.4603125,3200
fcc,4,0,CASIM-prefix,mixed_missing_spurious,0.6,0.1666667,0.450625,3200
fcc,4,0,CASIM-prefix,mixed_missing_spurious,0.6,0.3333333,0.450625,3200
fcc,4,0,CASIM-prefix,mixed_missing_spurious,0.6,0.5,0.4409375,3200
fcc,4,0,CASIM-prefix,mixed_missing_spurious,0.6,0.6666667,0.4803125,3200
fcc,4,0,CASIM-prefix,mixed_missing_spurious,0.6,0.8333333,0.4703125,3200
fcc,4,0,CASIM-prefix,mixed_missing_spurious,0.6,1.0,0.393125,3200
fcc,4,0,CASIM-prefix,mixed_missing_spurious,0.7,0.1666667,0.365,3200
fcc,4,0,CASIM-prefix,mixed_missing_spurious,0.7,0.3333333,0.365,3200
fcc,4,0,CASIM-prefix,mixed_missing_spurious,0.7,0.5,0.3571875,3200
fcc,4,0,CASIM-prefix,mixed_missing_spurious,0.7,0.6666667,0.39375,3200
fcc,4,0,CASIM-prefix,mixed_missing_spurious,0.7,0.8333333,0.3628125,3200
fcc,4,0,CASIM-prefix,mixed_missing_spurious,0.7,1.0,0.3103125,3200
fcc,4,0,CASIM-prefix,mixed_missing_spurious,0.8,0.1666667,0.27375,3200
fcc,4,0,CASIM-prefix,mixed_missing_spurious,0.8,0.3333333,0.27375,3200
fcc,4,0,CASIM-prefix,mixed_missing_spurious,0.8,0.5,0.2421875,3200
fcc,4,0,CASIM-prefix,mixed_missing_spurious,0.8,0.6666667,0.275625,3200
fcc,4,0,CASIM-prefix,mixed_missing_spurious,0.8,0.8333333,0.269375,3200
fcc,4,0,CASIM-prefix,mixed_missing_spurious,0.8,1.0,0.253125,3200
fcc,4,0,CASIM-prefix,mixed_missing_spurious,0.9,0.1666667,0.190625,3200
fcc,4,0,CASIM-prefix,mixed_missing_spurious,0.9,0.3333333,0.190625,3200
fcc,4,0,CASIM-prefix,mixed_missing_spurious,0.9,0.5,0.1725,3200
fcc,4,0,CASIM-prefix,mixed_missing_spurious,0.9,0.6666667,0.1825,3200
fcc,4,0,CASIM-prefix,mixed_missing_spurious,0.9,0.8333333,0.1871875,3200
fcc,4,0,CASIM-prefix,mixed_missing_spurious,0.9,1.0,0.190625,3200
fcc,4,0,CASIM-prefix,mixed_spurious_timing_late,0.0,0.1666667,0.9625,3200
fcc,4,0,CASIM-prefix,mixed_spurious_timing_late,0.0,0.3333333,0.9625,3200
fcc,4,0,CASIM-prefix,mixed_spurious_timing_late,0.0,0.5,0.990625,3200
fcc,4,0,CASIM-prefix,mixed_spurious_timing_late,0.0,0.6666667,1.0,3200
fcc,4,0,CASIM-prefix,mixed_spurious_timing_late,0.0,0.8333333,1.0,3200
fcc,4,0,CASIM-prefix,mixed_spurious_timing_late,0.0,1.0,1.0,3200
fcc,4,0,CASIM-prefix,mixed_spurious_timing_late,0.05,0.1666667,0.4040625,3200
fcc,4,0,CASIM-prefix,mixed_spurious_timing_late,0.05,0.3333333,0.4040625,3200
fcc,4,0,CASIM-prefix,mixed_spurious_timing_late,0.05,0.5,0.5421875,3200
fcc,4,0,CASIM-prefix,mixed_spurious_timing_late,0.05,0.6666667,0.5375,3200
fcc,4,0,CASIM-prefix,mixed_spurious_timing_late,0.05,0.8333333,0.724375,3200
fcc,4,0,CASIM-prefix,mixed_spurious_timing_late,0.05,1.0,0.571875,3200
fcc,4,0,CASIM-prefix,mixed_spurious_timing_late,0.1,0.1666667,0.1996875,3200
fcc,4,0,CASIM-prefix,mixed_spurious_timing_late,0.1,0.3333333,0.1996875,3200
fcc,4,0,CASIM-prefix,mixed_spurious_timing_late,0.1,0.5,0.34375,3200
fcc,4,0,CASIM-prefix,mixed_spurious_timing_late,0.1,0.6666667,0.4321875,3200
fcc,4,0,CASIM-prefix,mixed_spurious_timing_late,0.1,0.8333333,0.53125,3200
fcc,4,0,CASIM-prefix,mixed_spurious_timing_late,0.1,1.0,0.4559375,3200
fcc,4,0,CASIM-prefix,mixed_spurious_timing_late,0.15,0.1666667,0.1240625,3200
fcc,4,0,CASIM-prefix,mixed_spurious_timing_late,0.15,0.3333333,0.1240625,3200
fcc,4,0,CASIM-prefix,mixed_spurious_timing_late,0.15,0.5,0.221875,3200
fcc,4,0,CASIM-prefix,mixed_spurious_timing_late,0.15,0.6666667,0.336875,3200
fcc,4,0,CASIM-prefix,mixed_spurious_timing_late,0.15,0.8333333,0.4325,3200
fcc,4,0,CASIM-prefix,mixed_spurious_timing_late,0.15,1.0,0.344375,3200
fcc,4,0,CASIM-prefix,mixed_spurious_timing_late,0.2,0.1666667,0.0734375,3200
fcc,4,0,CASIM-prefix,mixed_spurious_timing_late,0.2,0.3333333,0.0734375,3200
fcc,4,0,CASIM-prefix,mixed_spurious_timing_late,0.2,0.5,0.1396875,3200
fcc,4,0,CASIM-prefix,mixed_spurious_timing_late,0.2,0.6666667,0.258125,3200
fcc,4,0,CASIM-prefix,mixed_spurious_timing_late,0.2,0.8333333,0.258125,3200
fcc,4,0,CASIM-prefix,mixed_spurious_timing_late,0.2,1.0,0.2621875,3200
fcc,4,0,CASIM-prefix,mixed_spurious_timing_late,0.25,0.1666667,0.054375,3200
fcc,4,0,CASIM-prefix,mixed_spurious_timing_late,0.25,0.3333333,0.054375,3200
fcc,4,0,CASIM-prefix,mixed_spurious_timing_late,0.25,0.5,0.08375,3200
fcc,4,0,CASIM-prefix,mixed_spurious_timing_late,0.25,0.6666667,0.08375,3200
fcc,4,0,CASIM-prefix,mixed_spurious_timing_late,0.25,0.8333333,0.26625,3200
fcc,4,0,CASIM-prefix,mixed_spurious_timing_late,0.25,1.0,0.2290625,3200
fcc,4,0,CASIM-prefix,mixed_spurious_timing_late,0.3,0.1666667,0.0553125,3200
fcc,4,0,CASIM-prefix,mixed_spurious_timing_late,0.3,0.3333333,0.0553125,3200
fcc,4,0,CASIM-prefix,mixed_spurious_timing_late,0.3,0.5,0.0778125,3200
fcc,4,0,CASIM-prefix,mixed_spurious_timing_late,0.3,0.6666667,0.0778125,3200
fcc,4,0,CASIM-prefix,mixed_spurious_timing_late,0.3,0.8333333,0.20625,3200
fcc,4,0,CASIM-prefix,mixed_spurious_timing_late,0.3,1.0,0.17375,3200
fcc,4,0,CASIM-prefix,mixed_spurious_timing_late,0.4,0.1666667,0.04125,3200
fcc,4,0,CASIM-prefix,mixed_spurious_timing_late,0.4,0.3333333,0.04125,3200
fcc,4,0,CASIM-prefix,mixed_spurious_timing_late,0.4,0.5,0.04125,3200
fcc,4,0,CASIM-prefix,mixed_spurious_timing_late,0.4,0.6666667,0.1040625,3200
fcc,4,0,CASIM-prefix,mixed_spurious_timing_late,0.4,0.8333333,0.1040625,3200
fcc,4,0,CASIM-prefix,mixed_spurious_timing_late,0.4,1.0,0.119375,3200
fcc,4,0,CASIM-prefix,mixed_spurious_timing_late,0.5,0.1666667,0.06625,3200
fcc,4,0,CASIM-prefix,mixed_spurious_timing_late,0.5,0.3333333,0.06625,3200
fcc,4,0,CASIM-prefix,mixed_spurious_timing_late,0.5,0.5,0.06625,3200
fcc,4,0,CASIM-prefix,mixed_spurious_timing_late,0.5,0.6666667,0.069375,3200
fcc,4,0,CASIM-prefix,mixed_spurious_timing_late,0.5,0.8333333,0.083125,3200
fcc,4,0,CASIM-prefix,mixed_spurious_timing_late,0.5,1.0,0.0821875,3200
fcc,4,0,CASIM-prefix,mixed_spurious_timing_late,0.6,0.1666667,0.0615625,3200
fcc,4,0,CASIM-prefix,mixed_spurious_timing_late,0.6,0.3333333,0.0615625,3200
fcc,4,0,CASIM-prefix,mixed_spurious_timing_late,0.6,0.5,0.0615625,3200
fcc,4,0,CASIM-prefix,mixed_spurious_timing_late,0.6,0.6666667,0.0646875,3200
fcc,4,0,CASIM-prefix,mixed_spurious_timing_late,0.6,0.8333333,0.065,3200
fcc,4,0,CASIM-prefix,mixed_spurious_timing_late,0.6,1.0,0.0803125,3200
fcc,4,0,CASIM-prefix,mixed_spurious_timing_late,0.7,0.1666667,0.0628125,3200
fcc,4,0,CASIM-prefix,mixed_spurious_timing_late,0.7,0.3333333,0.0628125,3200
fcc,4,0,CASIM-prefix,mixed_spurious_timing_late,0.7,0.5,0.0628125,3200
fcc,4,0,CASIM-prefix,mixed_spurious_timing_late,0.7,0.6666667,0.065,3200
fcc,4,0,CASIM-prefix,mixed_spurious_timing_late,0.7,0.8333333,0.0646875,3200
fcc,4,0,CASIM-prefix,mixed_spurious_timing_late,0.7,1.0,0.0759375,3200
fcc,4,0,CASIM-prefix,mixed_spurious_timing_late,0.8,0.1666667,0.0378125,3200
fcc,4,0,CASIM-prefix,mixed_spurious_timing_late,0.8,0.3333333,0.0378125,3200
fcc,4,0,CASIM-prefix,mixed_spurious_timing_late,0.8,0.5,0.0378125,3200
fcc,4,0,CASIM-prefix,mixed_spurious_timing_late,0.8,0.6666667,0.03875,3200
fcc,4,0,CASIM-prefix,mixed_spurious_timing_late,0.8,0.8333333,0.039375,3200
fcc,4,0,CASIM-prefix,mixed_spurious_timing_late,0.8,1.0,0.0709375,3200
fcc,4,0,CASIM-prefix,mixed_spurious_timing_late,0.9,0.1666667,0.0575,3200
fcc,4,0,CASIM-prefix,mixed_spurious_timing_late,0.9,0.3333333,0.0575,3200
fcc,4,0,CASIM-prefix,mixed_spurious_timing_late,0.9,0.5,0.0575,3200
fcc,4,0,CASIM-prefix,mixed_spurious_timing_late,0.9,0.6666667,0.0578125,3200
fcc,4,0,CASIM-prefix,mixed_spurious_timing_late,0.9,0.8333333,0.0575,3200
fcc,4,0,CASIM-prefix,mixed_spurious_timing_late,0.9,1.0,0.064375,3200
fcc,4,0,CASIM-prefix,spurious_events,0.0,0.1666667,0.9625,3200
fcc,4,0,CASIM-prefix,spurious_events,0.0,0.3333333,0.9625,3200
fcc,4,0,CASIM-prefix,spurious_events,0.0,0.5,0.990625,3200
fcc,4,0,CASIM-prefix,spurious_events,0.0,0.6666667,1.0,3200
fcc,4,0,CASIM-prefix,spurious_events,0.0,0.8333333,1.0,3200
fcc,4,0,CASIM-prefix,spurious_events,0.0,1.0,1.0,3200
fcc,4,0,CASIM-prefix,spurious_events,0.05,0.1666667,0.9584375,3200
fcc,4,0,CASIM-prefix,spurious_events,0.05,0.3333333,0.9584375,3200
fcc,4,0,CASIM-prefix,spurious_events,0.05,0.5,0.9771875,3200
fcc,4,0,CASIM-prefix,spurious_events,0.05,0.6666667,0.994375,3200
fcc,4,0,CASIM-prefix,spurious_events,0.05,0.8333333,0.998125,3200
fcc,4,0,CASIM-prefix,spurious_events,0.05,1.0,0.9753125,3200
fcc,4,0,CASIM-prefix,spurious_events,0.1,0.1666667,0.9471875,3200
fcc,4,0,CASIM-prefix,spurious_events,0.1,0.3333333,0.9471875,3200
fcc,4,0,CASIM-prefix,spurious_events,0.1,0.5,0.955625,3200
fcc,4,0,CASIM-prefix,spurious_events,0.1,0.6666667,0.978125,3200
fcc,4,0,CASIM-prefix,spurious_events,0.1,0.8333333,0.9915625,3200
fcc,4,0,CASIM-prefix,spurious_events,0.1,1.0,0.9225,3200
fcc,4,0,CASIM-prefix,spurious_events,0.15,0.1666667,0.9359375,3200
fcc,4,0,CASIM-prefix,spurious_events,0.15,0.3333333,0.9359375,3200
fcc,4,0,CASIM-prefix,spurious_events,0.15,0.5,0.9359375,3200
fcc,4,0,CASIM-prefix,spurious_events,0.15,0.6666667,0.96875,3200
fcc,4,0,CASIM-prefix,spurious_events,0.15,0.8333333,0.9809375,3200
fcc,4,0,CASIM-prefix,spurious_events,0.15,1.0,0.865,3200
fcc,4,0,CASIM-prefix,spurious_events,0.2,0.1666667,0.9215625,3200
fcc,4,0,CASIM-prefix,spurious_events,0.2,0.3333333,0.9215625,3200
fcc,4,0,CASIM-prefix,spurious_events,0.2,0.5,0.909375,3200
fcc,4,0,CASIM-prefix,spurious_events,0.2,0.6666667,0.9428125,3200
fcc,4,0,CASIM-prefix,spurious_events,0.2,0.8333333,0.9659375,3200
fcc,4,0,CASIM-prefix,spurious_events,0.2,1.0,0.79875,3200
fcc,4,0,CASIM-prefix,spurious_events,0.25,0.1666667,0.908125,3200
fcc,4,0,CASIM-prefix,spurious_events,0.25,0.3333333,0.908125,3200
fcc,4,0,CASIM-prefix,spurious_events,0.25,0.5,0.893125,3200
fcc,4,0,CASIM-prefix,spurious_events,0.25,0.6666667,0.925,3200
fcc,4,0,CASIM-prefix,spurious_events,0.25,0.8333333,0.953125,3200
fcc,4,0,CASIM-prefix,spurious_events,0.25,1.0,0.7525,3200
fcc,4,0,CASIM-prefix,spurious_events,0.3,0.1666667,0.9053125,3200
fcc,4,0,CASIM-prefix,spurious_events,0.3,0.3333333,0.9053125,3200
fcc,4,0,CASIM-prefix,spurious_events,0.3,0.5,0.8734375,3200
fcc,4,0,CASIM-prefix,spurious_events,0.3,0.6666667,0.914375,3200
fcc,4,0,CASIM-prefix,spurious_events,0.3,0.8333333,0.933125,3200
fcc,4,0,CASIM-prefix,spurious_events,0.3,1.0,0.714375,3200
fcc,4,0,CASIM-prefix,spurious_events,0.4,0.1666667,0.886875,3200
fcc,4,0,CASIM-prefix,spurious_events,0.4,0.3333333,0.886875,3200
fcc,4,0,CASIM-prefix,spurious_events,0.4,0.5,0.8321875,3200
fcc,4,0,CASIM-prefix,spurious_events,0.4,0.6666667,0.8715625,3200
fcc,4,0,CASIM-prefix,spurious_events,0.4,0.8333333,0.9015625,3200
fcc,4,0,CASIM-prefix,spurious_events,0.4,1.0,0.641875,3200
fcc,4,0,CASIM-prefix,spurious_events,0.5,0.1666667,0.85875,3200
fcc,4,0,CASIM-prefix,spurious_events,0.5,0.3333333,0.85875,3200
fcc,4,0,CASIM-prefix,spurious_events,0.5,0.5,0.7740625,3200
fcc,4,0,CASIM-prefix,spurious_events,0.5,0.6666667,0.8325,3200
fcc,4,0,CASIM-prefix,spurious_events,0.5,0.8333333,0.8628125,3200
fcc,4,0,CASIM-prefix,spurious_events,0.5,1.0,0.5459375,3200
fcc,4,0,CASIM-prefix,spurious_events,0.6,0.1666667,0.843125,3200
fcc,4,0,CASIM-prefix,spurious_events,0.6,0.3333333,0.843125,3200
fcc,4,0,CASIM-prefix,spurious_events,0.6,0.5,0.7575,3200
fcc,4,0,CASIM-prefix,spurious_events,0.6,0.6666667,0.8015625,3200
fcc,4,0,CASIM-prefix,spurious_events,0.6,0.8333333,0.8246875,3200
fcc,4,0,CASIM-prefix,spurious_events,0.6,1.0,0.4775,3200
fcc,4,0,CASIM-prefix,spurious_events,0.7,0.1666667,0.8246875,3200
fcc,4,0,CASIM-prefix,spurious_events,0.7,0.3333333,0.8246875,3200
fcc,4,0,CASIM-prefix,spurious_events,0.7,0.5,0.7196875,3200
fcc,4,0,CASIM-prefix,spurious_events,0.7,0.6666667,0.7746875,3200
fcc,4,0,CASIM-prefix,spurious_events,0.7,0.8333333,0.776875,3200
fcc,4,0,CASIM-prefix,spurious_events,0.7,1.0,0.435625,3200
fcc,4,0,CASIM-prefix,spurious_events,0.8,0.1666667,0.82125,3200
fcc,4,0,CASIM-prefix,spurious_events,0.8,0.3333333,0.82125,3200
fcc,4,0,CASIM-prefix,spurious_events,0.8,0.5,0.693125,3200
fcc,4,0,CASIM-prefix,spurious_events,0.8,0.6666667,0.734375,3200
fcc,4,0,CASIM-prefix,spurious_events,0.8,0.8333333,0.7459375,3200
fcc,4,0,CASIM-prefix,spurious_events,0.8,1.0,0.378125,3200
fcc,4,0,CASIM-prefix,spurious_events,0.9,0.1666667,0.794375,3200
fcc,4,0,CASIM-prefix,spurious_events,0.9,0.3333333,0.794375,3200
fcc,4,0,CASIM-prefix,spurious_events,0.9,0.5,0.6425,3200
fcc,4,0,CASIM-prefix,spurious_events,0.9,0.6666667,0.705,3200
fcc,4,0,CASIM-prefix,spurious_events,0.9,0.8333333,0.7075,3200
fcc,4,0,CASIM-prefix,spurious_events,0.9,1.0,0.3403125,3200
fcc,4,0,CASIM-prefix,timing_uncertainty,0.0,0.1666667,0.9625,3200
fcc,4,0,CASIM-prefix,timing_uncertainty,0.0,0.3333333,0.9625,3200
fcc,4,0,CASIM-prefix,timing_uncertainty,0.0,0.5,0.990625,3200
fcc,4,0,CASIM-prefix,timing_uncertainty,0.0,0.6666667,1.0,3200
fcc,4,0,CASIM-prefix,timing_uncertainty,0.0,0.8333333,1.0,3200
fcc,4,0,CASIM-prefix,timing_uncertainty,0.0,1.0,1.0,3200
fcc,4,0,CASIM-prefix,timing_uncertainty,0.05,0.1666667,0.9621875,3200
fcc,4,0,CASIM-prefix,timing_uncertainty,0.05,0.3333333,0.9621875,3200
fcc,4,0,CASIM-prefix,timing_uncertainty,0.05,0.5,0.990625,3200
fcc,4,0,CASIM-prefix,timing_uncertainty,0.05,0.6666667,1.0,3200
fcc,4,0,CASIM-prefix,timing_uncertainty,0.05,0.8333333,1.0,3200
fcc,4,0,CASIM-prefix,timing_uncertainty,0.05,1.0,1.0,3200
fcc,4,0,CASIM-prefix,timing_uncertainty,0.1,0.1666667,0.96,3200
fcc,4,0,CASIM-prefix,timing_uncertainty,0.1,0.3333333,0.96,3200
fcc,4,0,CASIM-prefix,timing_uncertainty,0.1,0.5,0.99,3200
fcc,4,0,CASIM-prefix,timing_uncertainty,0.1,0.6666667,0.999375,3200
fcc,4,0,CASIM-prefix,timing_uncertainty,0.1,0.8333333,0.999375,3200
fcc,4,0,CASIM-prefix,timing_uncertainty,0.1,1.0,0.999375,3200
fcc,4,0,CASIM-prefix,timing_uncertainty,0.15,0.1666667,0.959375,3200
fcc,4,0,CASIM-prefix,timing_uncertainty,0.15,0.3333333,0.959375,3200
fcc,4,0,CASIM-prefix,timing_uncertainty,0.15,0.5,0.9896875,3200
fcc,4,0,CASIM-prefix,timing_uncertainty,0.15,0.6666667,0.998125,3200
fcc,4,0,CASIM-prefix,timing_uncertainty,0.15,0.8333333,0.999375,3200
fcc,4,0,CASIM-prefix,timing_uncertainty,0.15,1.0,0.999375,3200
fcc,4,0,CASIM-prefix,timing_uncertainty,0.2,0.1666667,0.9565625,3200
fcc,4,0,CASIM-prefix,timing_uncertainty,0.2,0.3333333,0.9565625,3200
fcc,4,0,CASIM-prefix,timing_uncertainty,0.2,0.5,0.9884375,3200
fcc,4,0,CASIM-prefix,timing_uncertainty,0.2,0.6666667,0.9984375,3200
fcc,4,0,CASIM-prefix,timing_uncertainty,0.2,0.8333333,0.9984375,3200
fcc,4,0,CASIM-prefix,timing_uncertainty,0.2,1.0,0.9984375,3200
fcc,4,0,CASIM-prefix,timing_uncertainty,0.25,0.1666667,0.953125,3200
fcc,4,0,CASIM-prefix,timing_uncertainty,0.25,0.3333333,0.953125,3200
fcc,4,0,CASIM-prefix,timing_uncertainty,0.25,0.5,0.9865625,3200
fcc,4,0,CASIM-prefix,timing_uncertainty,0.25,0.6666667,0.9978125,3200
fcc,4,0,CASIM-prefix,timing_uncertainty,0.25,0.8333333,0.998125,3200
fcc,4,0,CASIM-prefix,timing_uncertainty,0.25,1.0,0.998125,3200
fcc,4,0,CASIM-prefix,timing_uncertainty,0.3,0.1666667,0.9475,3200
fcc,4,0,CASIM-prefix,timing_uncertainty,0.3,0.3333333,0.9475,3200
fcc,4,0,CASIM-prefix,timing_uncertainty,0.3,0.5,0.981875,3200
fcc,4,0,CASIM-prefix,timing_uncertainty,0.3,0.6666667,0.99375,3200
fcc,4,0,CASIM-prefix,timing_uncertainty,0.3,0.8333333,0.9953125,3200
fcc,4,0,CASIM-prefix,timing_uncertainty,0.3,1.0,0.995625,3200
fcc,4,0,CASIM-prefix,timing_uncertainty,0.4,0.1666667,0.9325,3200
fcc,4,0,CASIM-prefix,timing_uncertainty,0.4,0.3333333,0.9325,3200
fcc,4,0,CASIM-prefix,timing_uncertainty,0.4,0.5,0.975625,3200
fcc,4,0,CASIM-prefix,timing_uncertainty,0.4,0.6666667,0.9928125,3200
fcc,4,0,CASIM-prefix,timing_uncertainty,0.4,0.8333333,0.995,3200
fcc,4,0,CASIM-prefix,timing_uncertainty,0.4,1.0,0.9959375,3200
fcc,4,0,CASIM-prefix,timing_uncertainty,0.5,0.1666667,0.896875,3200
fcc,4,0,CASIM-prefix,timing_uncertainty,0.5,0.3333333,0.896875,3200
fcc,4,0,CASIM-prefix,timing_uncertainty,0.5,0.5,0.9628125,3200
fcc,4,0,CASIM-prefix,timing_uncertainty,0.5,0.6666667,0.9875,3200
fcc,4,0,CASIM-prefix,timing_uncertainty,0.5,0.8333333,0.9896875,3200
fcc,4,0,CASIM-prefix,timing_uncertainty,0.5,1.0,0.9915625,3200
fcc,4,0,CASIM-prefix,timing_uncertainty,0.6,0.1666667,0.868125,3200
fcc,4,0,CASIM-prefix,timing_uncertainty,0.6,0.3333333,0.868125,3200
fcc,4,0,CASIM-prefix,timing_uncertainty,0.6,0.5,0.9428125,3200
fcc,4,0,CASIM-prefix,timing_uncertainty,0.6,0.6666667,0.978125,3200
fcc,4,0,CASIM-prefix,timing_uncertainty,0.6,0.8333333,0.9865625,3200
fcc,4,0,CASIM-prefix,timing_uncertainty,0.6,1.0,0.9871875,3200
fcc,4,0,CASIM-prefix,timing_uncertainty,0.7,0.1666667,0.826875,3200
fcc,4,0,CASIM-prefix,timing_uncertainty,0.7,0.3333333,0.826875,3200
fcc,4,0,CASIM-prefix,timing_uncertainty,0.7,0.5,0.9234375,3200
fcc,4,0,CASIM-prefix,timing_uncertainty,0.7,0.6666667,0.9628125,3200
fcc,4,0,CASIM-prefix,timing_uncertainty,0.7,0.8333333,0.98375,3200
fcc,4,0,CASIM-prefix,timing_uncertainty,0.7,1.0,0.98375,3200
fcc,4,0,CASIM-prefix,timing_uncertainty,0.8,0.1666667,0.775625,3200
fcc,4,0,CASIM-prefix,timing_uncertainty,0.8,0.3333333,0.775625,3200
fcc,4,0,CASIM-prefix,timing_uncertainty,0.8,0.5,0.8759375,3200
fcc,4,0,CASIM-prefix,timing_uncertainty,0.8,0.6666667,0.948125,3200
fcc,4,0,CASIM-prefix,timing_uncertainty,0.8,0.8333333,0.975,3200
fcc,4,0,CASIM-prefix,timing_uncertainty,0.8,1.0,0.9759375,3200
fcc,4,0,CASIM-prefix,timing_uncertainty,0.9,0.1666667,0.726875,3200
fcc,4,0,CASIM-prefix,timing_uncertainty,0.9,0.3333333,0.726875,3200
fcc,4,0,CASIM-prefix,timing_uncertainty,0.9,0.5,0.8465625,3200
fcc,4,0,CASIM-prefix,timing_uncertainty,0.9,0.6666667,0.928125,3200
fcc,4,0,CASIM-prefix,timing_uncertainty,0.9,0.8333333,0.9709375,3200
fcc,4,0,CASIM-prefix,timing_uncertainty,0.9,1.0,0.97375,3200
fcc,4,0,EAC-1NN,late_time_delay,0.0,0.1666667,0.81875,3200
fcc,4,0,EAC-1NN,late_time_delay,0.0,0.3333333,0.81875,3200
fcc,4,0,EAC-1NN,late_time_delay,0.0,0.5,0.9,3200
fcc,4,0,EAC-1NN,late_time_delay,0.0,0.6666667,0.9875,3200
fcc,4,0,EAC-1NN,late_time_delay,0.0,0.8333333,0.990625,3200
fcc,4,0,EAC-1NN,late_time_delay,0.0,1.0,0.990625,3200
fcc,4,0,EAC-1NN,late_time_delay,0.05,0.1666667,0.384375,3200
fcc,4,0,EAC-1NN,late_time_delay,0.05,0.3333333,0.384375,3200
fcc,4,0,EAC-1NN,late_time_delay,0.05,0.5,0.53125,3200
fcc,4,0,EAC-1NN,late_time_delay,0.05,0.6666667,0.646875,3200
fcc,4,0,EAC-1NN,late_time_delay,0.05,0.8333333,0.65625,3200
fcc,4,0,EAC-1NN,late_time_delay,0.05,1.0,0.725,3200
fcc,4,0,EAC-1NN,late_time_delay,0.1,0.1666667,0.290625,3200
fcc,4,0,EAC-1NN,late_time_delay,0.1,0.3333333,0.290625,3200
fcc,4,0,EAC-1NN,late_time_delay,0.1,0.5,0.553125,3200
fcc,4,0,EAC-1NN,late_time_delay,0.1,0.6666667,0.615625,3200
fcc,4,0,EAC-1NN,late_time_delay,0.1,0.8333333,0.596875,3200
fcc,4,0,EAC-1NN,late_time_delay,0.1,1.0,0.63125,3200
fcc,4,0,EAC-1NN,late_time_delay,0.15,0.1666667,0.28125,3200
fcc,4,0,EAC-1NN,late_time_delay,0.15,0.3333333,0.28125,3200
fcc,4,0,EAC-1NN,late_time_delay,0.15,0.5,0.484375,3200
fcc,4,0,EAC-1NN,late_time_delay,0.15,0.6666667,0.5125,3200
fcc,4,0,EAC-1NN,late_time_delay,0.15,0.8333333,0.521875,3200
fcc,4,0,EAC-1NN,late_time_delay,0.15,1.0,0.553125,3200
fcc,4,0,EAC-1NN,late_time_delay,0.2,0.1666667,0.240625,3200
fcc,4,0,EAC-1NN,late_time_delay,0.2,0.3333333,0.240625,3200
fcc,4,0,EAC-1NN,late_time_delay,0.2,0.5,0.40625,3200
fcc,4,0,EAC-1NN,late_time_delay,0.2,0.6666667,0.396875,3200
fcc,4,0,EAC-1NN,late_time_delay,0.2,0.8333333,0.396875,3200
fcc,4,0,EAC-1NN,late_time_delay,0.2,1.0,0.46875,3200
fcc,4,0,EAC-1NN,late_time_delay,0.25,0.1666667,0.278125,3200
fcc,4,0,EAC-1NN,late_time_delay,0.25,0.3333333,0.278125,3200
fcc,4,0,EAC-1NN,late_time_delay,0.25,0.5,0.396875,3200
fcc,4,0,EAC-1NN,late_time_delay,0.25,0.6666667,0.396875,3200
fcc,4,0,EAC-1NN,late_time_delay,0.25,0.8333333,0.396875,3200
fcc,4,0,EAC-1NN,late_time_delay,0.25,1.0,0.45625,3200
fcc,4,0,EAC-1NN,late_time_delay,0.3,0.1666667,0.28125,3200
fcc,4,0,EAC-1NN,late_time_delay,0.3,0.3333333,0.28125,3200
fcc,4,0,EAC-1NN,late_time_delay,0.3,0.5,0.340625,3200
fcc,4,0,EAC-1NN,late_time_delay,0.3,0.6666667,0.340625,3200
fcc,4,0,EAC-1NN,late_time_delay,0.3,0.8333333,0.4,3200
fcc,4,0,EAC-1NN,late_time_delay,0.3,1.0,0.434375,3200
fcc,4,0,EAC-1NN,late_time_delay,0.4,0.1666667,0.2625,3200
fcc,4,0,EAC-1NN,late_time_delay,0.4,0.3333333,0.2625,3200
fcc,4,0,EAC-1NN,late_time_delay,0.4,0.5,0.2625,3200
fcc,4,0,EAC-1NN,late_time_delay,0.4,0.6666667,0.30625,3200
fcc,4,0,EAC-1NN,late_time_delay,0.4,0.8333333,0.30625,3200
fcc,4,0,EAC-1NN,late_time_delay,0.4,1.0,0.421875,3200
fcc,4,0,EAC-1NN,late_time_delay,0.5,0.1666667,0.19375,3200
fcc,4,0,EAC-1NN,late_time_delay,0.5,0.3333333,0.19375,3200
fcc,4,0,EAC-1NN,late_time_delay,0.5,0.5,0.19375,3200
fcc,4,0,EAC-1NN,late_time_delay,0.5,0.6666667,0.19375,3200
fcc,4,0,EAC-1NN,late_time_delay,0.5,0.8333333,0.290625,3200
fcc,4,0,EAC-1NN,late_time_delay,0.5,1.0,0.35625,3200
fcc,4,0,EAC-1NN,late_time_delay,0.6,0.1666667,0.153125,3200
fcc,4,0,EAC-1NN,late_time_delay,0.6,0.3333333,0.153125,3200
fcc,4,0,EAC-1NN,late_time_delay,0.6,0.5,0.153125,3200
fcc,4,0,EAC-1NN,late_time_delay,0.6,0.6666667,0.153125,3200
fcc,4,0,EAC-1NN,late_time_delay,0.6,0.8333333,0.153125,3200
fcc,4,0,EAC-1NN,late_time_delay,0.6,1.0,0.303125,3200
fcc,4,0,EAC-1NN,late_time_delay,0.7,0.1666667,0.1875,3200
fcc,4,0,EAC-1NN,late_time_delay,0.7,0.3333333,0.1875,3200
fcc,4,0,EAC-1NN,late_time_delay,0.7,0.5,0.1875,3200
fcc,4,0,EAC-1NN,late_time_delay,0.7,0.6666667,0.1875,3200
fcc,4,0,EAC-1NN,late_time_delay,0.7,0.8333333,0.1875,3200
fcc,4,0,EAC-1NN,late_time_delay,0.7,1.0,0.265625,3200
fcc,4,0,EAC-1NN,late_time_delay,0.8,0.1666667,0.20625,3200
fcc,4,0,EAC-1NN,late_time_delay,0.8,0.3333333,0.20625,3200
fcc,4,0,EAC-1NN,late_time_delay,0.8,0.5,0.20625,3200
fcc,4,0,EAC-1NN,late_time_delay,0.8,0.6666667,0.20625,3200
fcc,4,0,EAC-1NN,late_time_delay,0.8,0.8333333,0.20625,3200
fcc,4,0,EAC-1NN,late_time_delay,0.8,1.0,0.21875,3200
fcc,4,0,EAC-1NN,late_time_delay,0.9,0.1666667,0.165625,3200
fcc,4,0,EAC-1NN,late_time_delay,0.9,0.3333333,0.165625,3200
fcc,4,0,EAC-1NN,late_time_delay,0.9,0.5,0.165625,3200
fcc,4,0,EAC-1NN,late_time_delay,0.9,0.6666667,0.165625,3200
fcc,4,0,EAC-1NN,late_time_delay,0.9,0.8333333,0.165625,3200
fcc,4,0,EAC-1NN,late_time_delay,0.9,1.0,0.165625,3200
fcc,4,0,EAC-1NN,missing_events,0.0,0.1666667,0.81875,3200
fcc,4,0,EAC-1NN,missing_events,0.0,0.3333333,0.81875,3200
fcc,4,0,EAC-1NN,missing_events,0.0,0.5,0.9,3200
fcc,4,0,EAC-1NN,missing_events,0.0,0.6666667,0.9875,3200
fcc,4,0,EAC-1NN,missing_events,0.0,0.8333333,0.990625,3200
fcc,4,0,EAC-1NN,missing_events,0.0,1.0,0.990625,3200
fcc,4,0,EAC-1NN,missing_events,0.05,0.1666667,0.815625,3200
fcc,4,0,EAC-1NN,missing_events,0.05,0.3333333,0.815625,3200
fcc,4,0,EAC-1NN,missing_events,0.05,0.5,0.8990625,3200
fcc,4,0,EAC-1NN,missing_events,0.05,0.6666667,0.988125,3200
fcc,4,0,EAC-1NN,missing_events,0.05,0.8333333,0.9925,3200
fcc,4,0,EAC-1NN,missing_events,0.05,1.0,0.990625,3200
fcc,4,0,EAC-1NN,missing_events,0.1,0.1666667,0.79375,3200
fcc,4,0,EAC-1NN,missing_events,0.1,0.3333333,0.79375,3200
fcc,4,0,EAC-1NN,missing_events,0.1,0.5,0.889375,3200
fcc,4,0,EAC-1NN,missing_events,0.1,0.6666667,0.9778125,3200
fcc,4,0,EAC-1NN,missing_events,0.1,0.8333333,0.9846875,3200
fcc,4,0,EAC-1NN,missing_events,0.1,1.0,0.9865625,3200
fcc,4,0,EAC-1NN,missing_events,0.15,0.1666667,0.7834375,3200
fcc,4,0,EAC-1NN,missing_events,0.15,0.3333333,0.7834375,3200
fcc,4,0,EAC-1NN,missing_events,0.15,0.5,0.881875,3200
fcc,4,0,EAC-1NN,missing_events,0.15,0.6666667,0.970625,3200
fcc,4,0,EAC-1NN,missing_events,0.15,0.8333333,0.983125,3200
fcc,4,0,EAC-1NN,missing_events,0.15,1.0,0.9815625,3200
fcc,4,0,EAC-1NN,missing_events,0.2,0.1666667,0.753125,3200
fcc,4,0,EAC-1NN,missing_events,0.2,0.3333333,0.753125,3200
fcc,4,0,EAC-1NN,missing_events,0.2,0.5,0.864375,3200
fcc,4,0,EAC-1NN,missing_events,0.2,0.6666667,0.9590625,3200
fcc,4,0,EAC-1NN,missing_events,0.2,0.8333333,0.97125,3200
fcc,4,0,EAC-1NN,missing_events,0.2,1.0,0.975625,3200
fcc,4,0,EAC-1NN,missing_events,0.25,0.1666667,0.7353125,3200
fcc,4,0,EAC-1NN,missing_events,0.25,0.3333333,0.7353125,3200
fcc,4,0,EAC-1NN,missing_events,0.25,0.5,0.8503125,3200
fcc,4,0,EAC-1NN,missing_events,0.25,0.6666667,0.948125,3200
fcc,4,0,EAC-1NN,missing_events,0.25,0.8333333,0.961875,3200
fcc,4,0,EAC-1NN,missing_events,0.25,1.0,0.966875,3200
fcc,4,0,EAC-1NN,missing_events,0.3,0.1666667,0.7090625,3200
fcc,4,0,EAC-1NN,missing_events,0.3,0.3333333,0.7090625,3200
fcc,4,0,EAC-1NN,missing_events,0.3,0.5,0.8271875,3200
fcc,4,0,EAC-1NN,missing_events,0.3,0.6666667,0.93375,3200
fcc,4,0,EAC-1NN,missing_events,0.3,0.8333333,0.95125,3200
fcc,4,0,EAC-1NN,missing_events,0.3,1.0,0.95875,3200
fcc,4,0,EAC-1NN,missing_events,0.4,0.1666667,0.6515625,3200
fcc,4,0,EAC-1NN,missing_events,0.4,0.3333333,0.6515625,3200
fcc,4,0,EAC-1NN,missing_events,0.4,0.5,0.77,3200
fcc,4,0,EAC-1NN,missing_events,0.4,0.6666667,0.88875,3200
fcc,4,0,EAC-1NN,missing_events,0.4,0.8333333,0.91625,3200
fcc,4,0,EAC-1NN,missing_events,0.4,1.0,0.9325,3200
fcc,4,0,EAC-1NN,missing_events,0.5,0.1666667,0.6015625,3200
fcc,4,0,EAC-1NN,missing_events,0.5,0.3333333,0.6015625,3200
fcc,4,0,EAC-1NN,missing_events,0.5,0.5,0.7009375,3200
fcc,4,0,EAC-1NN,missing_events,0.5,0.6666667,0.811875,3200
fcc,4,0,EAC-1NN,missing_events,0.5,0.8333333,0.836875,3200
fcc,4,0,EAC-1NN,missing_events,0.5,1.0,0.8728125,3200
fcc,4,0,EAC-1NN,missing_events,0.6,0.1666667,0.5109375,3200
fcc,4,0,EAC-1NN,missing_events,0.6,0.3333333,0.5109375,3200
fcc,4,0,EAC-1NN,missing_events,0.6,0.5,0.621875,3200
fcc,4,0,EAC-1NN,missing_events,0.6,0.6666667,0.7340625,3200
fcc,4,0,EAC-1NN,missing_events,0.6,0.8333333,0.76625,3200
fcc,4,0,EAC-1NN,missing_events,0.6,1.0,0.8034375,3200
fcc,4,0,EAC-1NN,missing_events,0.7,0.1666667,0.4484375,3200
fcc,4,0,EAC-1NN,missing_events,0.7,0.3333333,0.4484375,3200
fcc,4,0,EAC-1NN,missing_events,0.7,0.5,0.5303125,3200
fcc,4,0,EAC-1NN,missing_events,0.7,0.6666667,0.62125,3200
fcc,4,0,EAC-1NN,missing_events,0.7,0.8333333,0.6575,3200
fcc,4,0,EAC-1NN,missing_events,0.7,1.0,0.7015625,3200
fcc,4,0,EAC-1NN,missing_events,0.8,0.1666667,0.36125,3200
fcc,4,0,EAC-1NN,missing_events,0.8,0.3333333,0.36125,3200
fcc,4,0,EAC-1NN,missing_events,0.8,0.5,0.4003125,3200
fcc,4,0,EAC-1NN,missing_events,0.8,0.6666667,0.464375,3200
fcc,4,0,EAC-1NN,missing_events,0.8,0.8333333,0.4903125,3200
fcc,4,0,EAC-1NN,missing_events,0.8,1.0,0.5340625,3200
fcc,4,0,EAC-1NN,missing_events,0.9,0.1666667,0.23875,3200
fcc,4,0,EAC-1NN,missing_events,0.9,0.3333333,0.23875,3200
fcc,4,0,EAC-1NN,missing_events,0.9,0.5,0.2590625,3200
fcc,4,0,EAC-1NN,missing_events,0.9,0.6666667,0.2946875,3200
fcc,4,0,EAC-1NN,missing_events,0.9,0.8333333,0.3103125,3200
fcc,4,0,EAC-1NN,missing_events,0.9,1.0,0.34625,3200
fcc,4,0,EAC-1NN,mixed_missing_spurious,0.0,0.1666667,0.81875,3200
fcc,4,0,EAC-1NN,mixed_missing_spurious,0.0,0.3333333,0.81875,3200
fcc,4,0,EAC-1NN,mixed_missing_spurious,0.0,0.5,0.9,3200
fcc,4,0,EAC-1NN,mixed_missing_spurious,0.0,0.6666667,0.9875,3200
fcc,4,0,EAC-1NN,mixed_missing_spurious,0.0,0.8333333,0.990625,3200
fcc,4,0,EAC-1NN,mixed_missing_spurious,0.0,1.0,0.990625,3200
fcc,4,0,EAC-1NN,mixed_missing_spurious,0.05,0.1666667,0.8125,3200
fcc,4,0,EAC-1NN,mixed_missing_spurious,0.05,0.3333333,0.8125,3200
fcc,4,0,EAC-1NN,mixed_missing_spurious,0.05,0.5,0.8975,3200
fcc,4,0,EAC-1NN,mixed_missing_spurious,0.05,0.6666667,0.9878125,3200
fcc,4,0,EAC-1NN,mixed_missing_spurious,0.05,0.8333333,0.9934375,3200
fcc,4,0,EAC-1NN,mixed_missing_spurious,0.05,1.0,0.9903125,3200
fcc,4,0,EAC-1NN,mixed_missing_spurious,0.1,0.1666667,0.7925,3200
fcc,4,0,EAC-1NN,mixed_missing_spurious,0.1,0.3333333,0.7925,3200
fcc,4,0,EAC-1NN,mixed_missing_spurious,0.1,0.5,0.889375,3200
fcc,4,0,EAC-1NN,mixed_missing_spurious,0.1,0.6666667,0.9784375,3200
fcc,4,0,EAC-1NN,mixed_missing_spurious,0.1,0.8333333,0.9878125,3200
fcc,4,0,EAC-1NN,mixed_missing_spurious,0.1,1.0,0.9871875,3200
fcc,4,0,EAC-1NN,mixed_missing_spurious,0.15,0.1666667,0.769375,3200
fcc,4,0,EAC-1NN,mixed_missing_spurious,0.15,0.3333333,0.769375,3200
fcc,4,0,EAC-1NN,mixed_missing_spurious,0.15,0.5,0.8746875,3200
fcc,4,0,EAC-1NN,mixed_missing_spurious,0.15,0.6666667,0.9671875,3200
fcc,4,0,EAC-1NN,mixed_missing_spurious,0.15,0.8333333,0.9775,3200
fcc,4,0,EAC-1NN,mixed_missing_spurious,0.15,1.0,0.976875,3200
fcc,4,0,EAC-1NN,mixed_missing_spurious,0.2,0.1666667,0.744375,3200
fcc,4,0,EAC-1NN,mixed_missing_spurious,0.2,0.3333333,0.744375,3200
fcc,4,0,EAC-1NN,mixed_missing_spurious,0.2,0.5,0.8534375,3200
fcc,4,0,EAC-1NN,mixed_missing_spurious,0.2,0.6666667,0.946875,3200
fcc,4,0,EAC-1NN,mixed_missing_spurious,0.2,0.8333333,0.958125,3200
fcc,4,0,EAC-1NN,mixed_missing_spurious,0.2,1.0,0.9646875,3200
fcc,4,0,EAC-1NN,mixed_missing_spurious,0.25,0.1666667,0.725625,3200
fcc,4,0,EAC-1NN,mixed_missing_spurious,0.25,0.3333333,0.725625,3200
fcc,4,0,EAC-1NN,mixed_missing_spurious,0.25,0.5,0.840625,3200
fcc,4,0,EAC-1NN,mixed_missing_spurious,0.25,0.6666667,0.9365625,3200
fcc,4,0,EAC-1NN,mixed_missing_spurious,0.25,0.8333333,0.9515625,3200
fcc,4,0,EAC-1NN,mixed_missing_spurious,0.25,1.0,0.9546875,3200
fcc,4,0,EAC-1NN,mixed_missing_spurious,0.3,0.1666667,0.6896875,3200
fcc,4,0,EAC-1NN,mixed_missing_spurious,0.3,0.3333333,0.6896875,3200
fcc,4,0,EAC-1NN,mixed_missing_spurious,0.3,0.5,0.806875,3200
fcc,4,0,EAC-1NN,mixed_missing_spurious,0.3,0.6666667,0.9028125,3200
fcc,4,0,EAC-1NN,mixed_missing_spurious,0.3,0.8333333,0.9203125,3200
fcc,4,0,EAC-1NN,mixed_missing_spurious,0.3,1.0,0.934375,3200
fcc,4,0,EAC-1NN,mixed_missing_spurious,0.4,0.1666667,0.6440625,3200
fcc,4,0,EAC-1NN,mixed_missing_spurious,0.4,0.3333333,0.6440625,3200
fcc,4,0,EAC-1NN,mixed_missing_spurious,0.4,0.5,0.76,3200
fcc,4,0,EAC-1NN,mixed_missing_spurious,0.4,0.6666667,0.8559375,3200
fcc,4,0,EAC-1NN,mixed_missing_spurious,0.4,0.8333333,0.86875,3200
fcc,4,0,EAC-1NN,mixed_missing_spurious,0.4,1.0,0.8853125,3200
fcc,4,0,EAC-1NN,mixed_missing_spurious,0.5,0.1666667,0.5621875,3200
fcc,4,0,EAC-1NN,mixed_missing_spurious,0.5,0.3333333,0.5621875,3200
fcc,4,0,EAC-1NN,mixed_missing_spurious,0.5,0.5,0.6559375,3200
fcc,4,0,EAC-1NN,mixed_missing_spurious,0.5,0.6666667,0.7628125,3200
fcc,4,0,EAC-1NN,mixed_missing_spurious,0.5,0.8333333,0.76875,3200
fcc,4,0,EAC-1NN,mixed_missing_spurious,0.5,1.0,0.793125,3200
fcc,4,0,EAC-1NN,mixed_missing_spurious,0.6,0.1666667,0.505625,3200
fcc,4,0,EAC-1NN,mixed_missing_spurious,0.6,0.3333333,0.505625,3200
fcc,4,0,EAC-1NN,mixed_missing_spurious,0.6,0.5,0.5878125,3200
fcc,4,0,EAC-1NN,mixed_missing_spurious,0.6,0.6666667,0.6709375,3200
fcc,4,0,EAC-1NN,mixed_missing_spurious,0.6,0.8333333,0.685,3200
fcc,4,0,EAC-1NN,mixed_missing_spurious,0.6,1.0,0.7190625,3200
fcc,4,0,EAC-1NN,mixed_missing_spurious,0.7,0.1666667,0.4259375,3200
fcc,4,0,EAC-1NN,mixed_missing_spurious,0.7,0.3333333,0.4259375,3200
fcc,4,0,EAC-1NN,mixed_missing_spurious,0.7,0.5,0.48875,3200
fcc,4,0,EAC-1NN,mixed_missing_spurious,0.7,0.6666667,0.54125,3200
fcc,4,0,EAC-1NN,mixed_missing_spurious,0.7,0.8333333,0.55625,3200
fcc,4,0,EAC-1NN,mixed_missing_spurious,0.7,1.0,0.5828125,3200
fcc,4,0,EAC-1NN,mixed_missing_spurious,0.8,0.1666667,0.3296875,3200
fcc,4,0,EAC-1NN,mixed_missing_spurious,0.8,0.3333333,0.3296875,3200
fcc,4,0,EAC-1NN,mixed_missing_spurious,0.8,0.5,0.356875,3200
fcc,4,0,EAC-1NN,mixed_missing_spurious,0.8,0.6666667,0.4084375,3200
fcc,4,0,EAC-1NN,mixed_missing_spurious,0.8,0.8333333,0.4215625,3200
fcc,4,0,EAC-1NN,mixed_missing_spurious,0.8,1.0,0.43875,3200
fcc,4,0,EAC-1NN,mixed_missing_spurious,0.9,0.1666667,0.2421875,3200
fcc,4,0,EAC-1NN,mixed_missing_spurious,0.9,0.3333333,0.2421875,3200
fcc,4,0,EAC-1NN,mixed_missing_spurious,0.9,0.5,0.2609375,3200
fcc,4,0,EAC-1NN,mixed_missing_spurious,0.9,0.6666667,0.293125,3200
fcc,4,0,EAC-1NN,mixed_missing_spurious,0.9,0.8333333,0.299375,3200
fcc,4,0,EAC-1NN,mixed_missing_spurious,0.9,1.0,0.3246875,3200
fcc,4,0,EAC-1NN,mixed_spurious_timing_late,0.0,0.1666667,0.81875,3200
fcc,4,0,EAC-1NN,mixed_spurious_timing_late,0.0,0.3333333,0.81875,3200
fcc,4,0,EAC-1NN,mixed_spurious_timing_late,0.0,0.5,0.9,3200
fcc,4,0,EAC-1NN,mixed_spurious_timing_late,0.0,0.6666667,0.9875,3200
fcc,4,0,EAC-1NN,mixed_spurious_timing_late,0.0,0.8333333,0.990625,3200
fcc,4,0,EAC-1NN,mixed_spurious_timing_late,0.0,1.0,0.990625,3200
fcc,4,0,EAC-1NN,mixed_spurious_timing_late,0.05,0.1666667,0.3828125,3200
fcc,4,0,EAC-1NN,mixed_spurious_timing_late,0.05,0.3333333,0.3828125,3200
fcc,4,0,EAC-1NN,mixed_spurious_timing_late,0.05,0.5,0.5315625,3200
fcc,4,0,EAC-1NN,mixed_spurious_timing_late,0.05,0.6666667,0.644375,3200
fcc,4,0,EAC-1NN,mixed_spurious_timing_late,0.05,0.8333333,0.6546875,3200
fcc,4,0,EAC-1NN,mixed_spurious_timing_late,0.05,1.0,0.725625,3200
fcc,4,0,EAC-1NN,mixed_spurious_timing_late,0.1,0.1666667,0.2896875,3200
fcc,4,0,EAC-1NN,mixed_spurious_timing_late,0.1,0.3333333,0.2896875,3200
fcc,4,0,EAC-1NN,mixed_spurious_timing_late,0.1,0.5,0.5440625,3200
fcc,4,0,EAC-1NN,mixed_spurious_timing_late,0.1,0.6666667,0.6046875,3200
fcc,4,0,EAC-1NN,mixed_spurious_timing_late,0.1,0.8333333,0.586875,3200
fcc,4,0,EAC-1NN,mixed_spurious_timing_late,0.1,1.0,0.625625,3200
fcc,4,0,EAC-1NN,mixed_spurious_timing_late,0.15,0.1666667,0.276875,3200
fcc,4,0,EAC-1NN,mixed_spurious_timing_late,0.15,0.3333333,0.276875,3200
fcc,4,0,EAC-1NN,mixed_spurious_timing_late,0.15,0.5,0.460625,3200
fcc,4,0,EAC-1NN,mixed_spurious_timing_late,0.15,0.6666667,0.485625,3200
fcc,4,0,EAC-1NN,mixed_spurious_timing_late,0.15,0.8333333,0.4978125,3200
fcc,4,0,EAC-1NN,mixed_spurious_timing_late,0.15,1.0,0.5303125,3200
fcc,4,0,EAC-1NN,mixed_spurious_timing_late,0.2,0.1666667,0.2440625,3200
fcc,4,0,EAC-1NN,mixed_spurious_timing_late,0.2,0.3333333,0.2440625,3200
fcc,4,0,EAC-1NN,mixed_spurious_timing_late,0.2,0.5,0.3834375,3200
fcc,4,0,EAC-1NN,mixed_spurious_timing_late,0.2,0.6666667,0.3946875,3200
fcc,4,0,EAC-1NN,mixed_spurious_timing_late,0.2,0.8333333,0.3946875,3200
fcc,4,0,EAC-1NN,mixed_spurious_timing_late,0.2,1.0,0.4575,3200
fcc,4,0,EAC-1NN,mixed_spurious_timing_late,0.25,0.1666667,0.2665625,3200
fcc,4,0,EAC-1NN,mixed_spurious_timing_late,0.25,0.3333333,0.2665625,3200
fcc,4,0,EAC-1NN,mixed_spurious_timing_late,0.25,0.5,0.3628125,3200
fcc,4,0,EAC-1NN,mixed_spurious_timing_late,0.25,0.6666667,0.3628125,3200
fcc,4,0,EAC-1NN,mixed_spurious_timing_late,0.25,0.8333333,0.371875,3200
fcc,4,0,EAC-1NN,mixed_spurious_timing_late,0.25,1.0,0.4284375,3200
fcc,4,0,EAC-1NN,mixed_spurious_timing_late,0.3,0.1666667,0.27,3200
fcc,4,0,EAC-1NN,mixed_spurious_timing_late,0.3,0.3333333,0.27,3200
fcc,4,0,EAC-1NN,mixed_spurious_timing_late,0.3,0.5,0.304375,3200
fcc,4,0,EAC-1NN,mixed_spurious_timing_late,0.3,0.6666667,0.304375,3200
fcc,4,0,EAC-1NN,mixed_spurious_timing_late,0.3,0.8333333,0.35,3200
fcc,4,0,EAC-1NN,mixed_spurious_timing_late,0.3,1.0,0.3865625,3200
fcc,4,0,EAC-1NN,mixed_spurious_timing_late,0.4,0.1666667,0.224375,3200
fcc,4,0,EAC-1NN,mixed_spurious_timing_late,0.4,0.3333333,0.224375,3200
fcc,4,0,EAC-1NN,mixed_spurious_timing_late,0.4,0.5,0.224375,3200
fcc,4,0,EAC-1NN,mixed_spurious_timing_late,0.4,0.6666667,0.24625,3200
fcc,4,0,EAC-1NN,mixed_spurious_timing_late,0.4,0.8333333,0.24625,3200
fcc,4,0,EAC-1NN,mixed_spurious_timing_late,0.4,1.0,0.3165625,3200
fcc,4,0,EAC-1NN,mixed_spurious_timing_late,0.5,0.1666667,0.1371875,3200
fcc,4,0,EAC-1NN,mixed_spurious_timing_late,0.5,0.3333333,0.1371875,3200
fcc,4,0,EAC-1NN,mixed_spurious_timing_late,0.5,0.5,0.1371875,3200
fcc,4,0,EAC-1NN,mixed_spurious_timing_late,0.5,0.6666667,0.1371875,3200
fcc,4,0,EAC-1NN,mixed_spurious_timing_late,0.5,0.8333333,0.18625,3200
fcc,4,0,EAC-1NN,mixed_spurious_timing_late,0.5,1.0,0.23625,3200
fcc,4,0,EAC-1NN,mixed_spurious_timing_late,0.6,0.1666667,0.1146875,3200
fcc,4,0,EAC-1NN,mixed_spurious_timing_late,0.6,0.3333333,0.1146875,3200
fcc,4,0,EAC-1NN,mixed_spurious_timing_late,0.6,0.5,0.1146875,3200
fcc,4,0,EAC-1NN,mixed_spurious_timing_late,0.6,0.6666667,0.1146875,3200
fcc,4,0,EAC-1NN,mixed_spurious_timing_late,0.6,0.8333333,0.1146875,3200
fcc,4,0,EAC-1NN,mixed_spurious_timing_late,0.6,1.0,0.198125,3200
fcc,4,0,EAC-1NN,mixed_spurious_timing_late,0.7,0.1666667,0.13375,3200
fcc,4,0,EAC-1NN,mixed_spurious_timing_late,0.7,0.3333333,0.13375,3200
fcc,4,0,EAC-1NN,mixed_spurious_timing_late,0.7,0.5,0.13375,3200
fcc,4,0,EAC-1NN,mixed_spurious_timing_late,0.7,0.6666667,0.13375,3200
fcc,4,0,EAC-1NN,mixed_spurious_timing_late,0.7,0.8333333,0.13375,3200
fcc,4,0,EAC-1NN,mixed_spurious_timing_late,0.7,1.0,0.17375,3200
fcc,4,0,EAC-1NN,mixed_spurious_timing_late,0.8,0.1666667,0.1253125,3200
fcc,4,0,EAC-1NN,mixed_spurious_timing_late,0.8,0.3333333,0.1253125,3200
fcc,4,0,EAC-1NN,mixed_spurious_timing_late,0.8,0.5,0.1253125,3200
fcc,4,0,EAC-1NN,mixed_spurious_timing_late,0.8,0.6666667,0.1253125,3200
fcc,4,0,EAC-1NN,mixed_spurious_timing_late,0.8,0.8333333,0.1253125,3200
fcc,4,0,EAC-1NN,mixed_spurious_timing_late,0.8,1.0,0.14375,3200
fcc,4,0,EAC-1NN,mixed_spurious_timing_late,0.9,0.1666667,0.11875,3200
fcc,4,0,EAC-1NN,mixed_spurious_timing_late,0.9,0.3333333,0.11875,3200
fcc,4,0,EAC-1NN,mixed_spurious_timing_late,0.9,0.5,0.11875,3200
fcc,4,0,EAC-1NN,mixed_spurious_timing_late,0.9,0.6666667,0.11875,3200
fcc,4,0,EAC-1NN,mixed_spurious_timing_late,0.9,0.8333333,0.11875,3200
fcc,4,0,EAC-1NN,mixed_spurious_timing_late,0.9,1.0,0.11875,3200
fcc,4,0,EAC-1NN,spurious_events,0.0,0.1666667,0.81875,3200
fcc,4,0,EAC-1NN,spurious_events,0.0,0.3333333,0.81875,3200
fcc,4,0,EAC-1NN,spurious_events,0.0,0.5,0.9,3200
fcc,4,0,EAC-1NN,spurious_events,0.0,0.6666667,0.9875,3200
fcc,4,0,EAC-1NN,spurious_events,0.0,0.8333333,0.990625,3200
fcc,4,0,EAC-1NN,spurious_events,0.0,1.0,0.990625,3200
fcc,4,0,EAC-1NN,spurious_events,0.05,0.1666667,0.81875,3200
fcc,4,0,EAC-1NN,spurious_events,0.05,0.3333333,0.81875,3200
fcc,4,0,EAC-1NN,spurious_events,0.05,0.5,0.90125,3200
fcc,4,0,EAC-1NN,spurious_events,0.05,0.6666667,0.9871875,3200
fcc,4,0,EAC-1NN,spurious_events,0.05,0.8333333,0.99125,3200
fcc,4,0,EAC-1NN,spurious_events,0.05,1.0,0.990625,3200
fcc,4,0,EAC-1NN,spurious_events,0.1,0.1666667,0.8153125,3200
fcc,4,0,EAC-1NN,spurious_events,0.1,0.3333333,0.8153125,3200
fcc,4,0,EAC-1NN,spurious_events,0.1,0.5,0.8984375,3200
fcc,4,0,EAC-1NN,spurious_events,0.1,0.6666667,0.9834375,3200
fcc,4,0,EAC-1NN,spurious_events,0.1,0.8333333,0.989375,3200
fcc,4,0,EAC-1NN,spurious_events,0.1,1.0,0.9903125,3200
fcc,4,0,EAC-1NN,spurious_events,0.15,0.1666667,0.816875,3200
fcc,4,0,EAC-1NN,spurious_events,0.15,0.3333333,0.816875,3200
fcc,4,0,EAC-1NN,spurious_events,0.15,0.5,0.898125,3200
fcc,4,0,EAC-1NN,spurious_events,0.15,0.6666667,0.981875,3200
fcc,4,0,EAC-1NN,spurious_events,0.15,0.8333333,0.9878125,3200
fcc,4,0,EAC-1NN,spurious_events,0.15,1.0,0.9890625,3200
fcc,4,0,EAC-1NN,spurious_events,0.2,0.1666667,0.8075,3200
fcc,4,0,EAC-1NN,spurious_events,0.2,0.3333333,0.8075,3200
fcc,4,0,EAC-1NN,spurious_events,0.2,0.5,0.900625,3200
fcc,4,0,EAC-1NN,spurious_events,0.2,0.6666667,0.97875,3200
fcc,4,0,EAC-1NN,spurious_events,0.2,0.8333333,0.98625,3200
fcc,4,0,EAC-1NN,spurious_events,0.2,1.0,0.9875,3200
fcc,4,0,EAC-1NN,spurious_events,0.25,0.1666667,0.8109375,3200
fcc,4,0,EAC-1NN,spurious_events,0.25,0.3333333,0.8109375,3200
fcc,4,0,EAC-1NN,spurious_events,0.25,0.5,0.8971875,3200
fcc,4,0,EAC-1NN,spurious_events,0.25,0.6666667,0.976875,3200
fcc,4,0,EAC-1NN,spurious_events,0.25,0.8333333,0.98375,3200
fcc,4,0,EAC-1NN,spurious_events,0.25,1.0,0.9859375,3200
fcc,4,0,EAC-1NN,spurious_events,0.3,0.1666667,0.8059375,3200
fcc,4,0,EAC-1NN,spurious_events,0.3,0.3333333,0.8059375,3200
fcc,4,0,EAC-1NN,spurious_events,0.3,0.5,0.895,3200
fcc,4,0,EAC-1NN,spurious_events,0.3,0.6666667,0.973125,3200
fcc,4,0,EAC-1NN,spurious_events,0.3,0.8333333,0.9803125,3200
fcc,4,0,EAC-1NN,spurious_events,0.3,1.0,0.9828125,3200
fcc,4,0,EAC-1NN,spurious_events,0.4,0.1666667,0.800625,3200
fcc,4,0,EAC-1NN,spurious_events,0.4,0.3333333,0.800625,3200
fcc,4,0,EAC-1NN,spurious_events,0.4,0.5,0.8878125,3200
fcc,4,0,EAC-1NN,spurious_events,0.4,0.6666667,0.9653125,3200
fcc,4,0,EAC-1NN,spurious_events,0.4,0.8333333,0.973125,3200
fcc,4,0,EAC-1NN,spurious_events,0.4,1.0,0.97875,3200
fcc,4,0,EAC-1NN,spurious_events,0.5,0.1666667,0.79375,3200
fcc,4,0,EAC-1NN,spurious_events,0.5,0.3333333,0.79375,3200
fcc,4,0,EAC-1NN,spurious_events,0.5,0.5,0.8821875,3200
fcc,4,0,EAC-1NN,spurious_events,0.5,0.6666667,0.960625,3200
fcc,4,0,EAC-1NN,spurious_events,0.5,0.8333333,0.9653125,3200
fcc,4,0,EAC-1NN,spurious_events,0.5,1.0,0.9678125,3200
fcc,4,0,EAC-1NN,spurious_events,0.6,0.1666667,0.789375,3200
fcc,4,0,EAC-1NN,spurious_events,0.6,0.3333333,0.789375,3200
fcc,4,0,EAC-1NN,spurious_events,0.6,0.5,0.8765625,3200
fcc,4,0,EAC-1NN,spurious_events,0.6,0.6666667,0.951875,3200
fcc,4,0,EAC-1NN,spurious_events,0.6,0.8333333,0.9596875,3200
fcc,4,0,EAC-1NN,spurious_events,0.6,1.0,0.965,3200
fcc,4,0,EAC-1NN,spurious_events,0.7,0.1666667,0.7921875,3200
fcc,4,0,EAC-1NN,spurious_events,0.7,0.3333333,0.7921875,3200
fcc,4,0,EAC-1NN,spurious_events,0.7,0.5,0.87875,3200
fcc,4,0,EAC-1NN,spurious_events,0.7,0.6666667,0.949375,3200
fcc,4,0,EAC-1NN,spurious_events,0.7,0.8333333,0.95375,3200
fcc,4,0,EAC-1NN,spurious_events,0.7,1.0,0.96,3200
fcc,4,0,EAC-1NN,spurious_events,0.8,0.1666667,0.7834375,3200
fcc,4,0,EAC-1NN,spurious_events,0.8,0.3333333,0.7834375,3200
fcc,4,0,EAC-1NN,spurious_events,0.8,0.5,0.873125,3200
fcc,4,0,EAC-1NN,spurious_events,0.8,0.6666667,0.94375,3200
fcc,4,0,EAC-1NN,spurious_events,0.8,0.8333333,0.943125,3200
fcc,4,0,EAC-1NN,spurious_events,0.8,1.0,0.943125,3200
fcc,4,0,EAC-1NN,spurious_events,0.9,0.1666667,0.7809375,3200
fcc,4,0,EAC-1NN,spurious_events,0.9,0.3333333,0.7809375,3200
fcc,4,0,EAC-1NN,spurious_events,0.9,0.5,0.866875,3200
fcc,4,0,EAC-1NN,spurious_events,0.9,0.6666667,0.9346875,3200
fcc,4,0,EAC-1NN,spurious_events,0.9,0.8333333,0.9371875,3200
fcc,4,0,EAC-1NN,spurious_events,0.9,1.0,0.9296875,3200
fcc,4,0,EAC-1NN,timing_uncertainty,0.0,0.1666667,0.81875,3200
fcc,4,0,EAC-1NN,timing_uncertainty,0.0,0.3333333,0.81875,3200
fcc,4,0,EAC-1NN,timing_uncertainty,0.0,0.5,0.9,3200
fcc,4,0,EAC-1NN,timing_uncertainty,0.0,0.6666667,0.9875,3200
fcc,4,0,EAC-1NN,timing_uncertainty,0.0,0.8333333,0.990625,3200
fcc,4,0,EAC-1NN,timing_uncertainty,0.0,1.0,0.990625,3200
fcc,4,0,EAC-1NN,timing_uncertainty,0.05,0.1666667,0.81875,3200
fcc,4,0,EAC-1NN,timing_uncertainty,0.05,0.3333333,0.81875,3200
fcc,4,0,EAC-1NN,timing_uncertainty,0.05,0.5,0.9,3200
fcc,4,0,EAC-1NN,timing_uncertainty,0.05,0.6666667,0.9875,3200
fcc,4,0,EAC-1NN,timing_uncertainty,0.05,0.8333333,0.990625,3200
fcc,4,0,EAC-1NN,timing_uncertainty,0.05,1.0,0.990625,3200
fcc,4,0,EAC-1NN,timing_uncertainty,0.1,0.1666667,0.8171875,3200
fcc,4,0,EAC-1NN,timing_uncertainty,0.1,0.3333333,0.8171875,3200
fcc,4,0,EAC-1NN,timing_uncertainty,0.1,0.5,0.9,3200
fcc,4,0,EAC-1NN,timing_uncertainty,0.1,0.6666667,0.9875,3200
fcc,4,0,EAC-1NN,timing_uncertainty,0.1,0.8333333,0.9909375,3200
fcc,4,0,EAC-1NN,timing_uncertainty,0.1,1.0,0.99,3200
fcc,4,0,EAC-1NN,timing_uncertainty,0.15,0.1666667,0.8128125,3200
fcc,4,0,EAC-1NN,timing_uncertainty,0.15,0.3333333,0.8128125,3200
fcc,4,0,EAC-1NN,timing_uncertainty,0.15,0.5,0.9003125,3200
fcc,4,0,EAC-1NN,timing_uncertainty,0.15,0.6666667,0.986875,3200
fcc,4,0,EAC-1NN,timing_uncertainty,0.15,0.8333333,0.9903125,3200
fcc,4,0,EAC-1NN,timing_uncertainty,0.15,1.0,0.990625,3200
fcc,4,0,EAC-1NN,timing_uncertainty,0.2,0.1666667,0.8159375,3200
fcc,4,0,EAC-1NN,timing_uncertainty,0.2,0.3333333,0.8159375,3200
fcc,4,0,EAC-1NN,timing_uncertainty,0.2,0.5,0.898125,3200
fcc,4,0,EAC-1NN,timing_uncertainty,0.2,0.6666667,0.98625,3200
fcc,4,0,EAC-1NN,timing_uncertainty,0.2,0.8333333,0.9903125,3200
fcc,4,0,EAC-1NN,timing_uncertainty,0.2,1.0,0.9909375,3200
fcc,4,0,EAC-1NN,timing_uncertainty,0.25,0.1666667,0.81625,3200
fcc,4,0,EAC-1NN,timing_uncertainty,0.25,0.3333333,0.81625,3200
fcc,4,0,EAC-1NN,timing_uncertainty,0.25,0.5,0.895625,3200
fcc,4,0,EAC-1NN,timing_uncertainty,0.25,0.6666667,0.986875,3200
fcc,4,0,EAC-1NN,timing_uncertainty,0.25,0.8333333,0.9903125,3200
fcc,4,0,EAC-1NN,timing_uncertainty,0.25,1.0,0.9903125,3200
fcc,4,0,EAC-1NN,timing_uncertainty,0.3,0.1666667,0.810625,3200
fcc,4,0,EAC-1NN,timing_uncertainty,0.3,0.3333333,0.810625,3200
fcc,4,0,EAC-1NN,timing_uncertainty,0.3,0.5,0.895625,3200
fcc,4,0,EAC-1NN,timing_uncertainty,0.3,0.6666667,0.98375,3200
fcc,4,0,EAC-1NN,timing_uncertainty,0.3,0.8333333,0.99,3200
fcc,4,0,EAC-1NN,timing_uncertainty,0.3,1.0,0.989375,3200
fcc,4,0,EAC-1NN,timing_uncertainty,0.4,0.1666667,0.809375,3200
fcc,4,0,EAC-1NN,timing_uncertainty,0.4,0.3333333,0.809375,3200
fcc,4,0,EAC-1NN,timing_uncertainty,0.4,0.5,0.90125,3200
fcc,4,0,EAC-1NN,timing_uncertainty,0.4,0.6666667,0.985,3200
fcc,4,0,EAC-1NN,timing_uncertainty,0.4,0.8333333,0.9909375,3200
fcc,4,0,EAC-1NN,timing_uncertainty,0.4,1.0,0.9909375,3200
fcc,4,0,EAC-1NN,timing_uncertainty,0.5,0.1666667,0.8009375,3200
fcc,4,0,EAC-1NN,timing_uncertainty,0.5,0.3333333,0.8009375,3200
fcc,4,0,EAC-1NN,timing_uncertainty,0.5,0.5,0.8953125,3200
fcc,4,0,EAC-1NN,timing_uncertainty,0.5,0.6666667,0.98375,3200
fcc,4,0,EAC-1NN,timing_uncertainty,0.5,0.8333333,0.990625,3200
fcc,4,0,EAC-1NN,timing_uncertainty,0.5,1.0,0.9896875,3200
fcc,4,0,EAC-1NN,timing_uncertainty,0.6,0.1666667,0.8021875,3200
fcc,4,0,EAC-1NN,timing_uncertainty,0.6,0.3333333,0.8021875,3200
fcc,4,0,EAC-1NN,timing_uncertainty,0.6,0.5,0.89625,3200
fcc,4,0,EAC-1NN,timing_uncertainty,0.6,0.6666667,0.985,3200
fcc,4,0,EAC-1NN,timing_uncertainty,0.6,0.8333333,0.9903125,3200
fcc,4,0,EAC-1NN,timing_uncertainty,0.6,1.0,0.99,3200
fcc,4,0,EAC-1NN,timing_uncertainty,0.7,0.1666667,0.7896875,3200
fcc,4,0,EAC-1NN,timing_uncertainty,0.7,0.3333333,0.7896875,3200
fcc,4,0,EAC-1NN,timing_uncertainty,0.7,0.5,0.89875,3200
fcc,4,0,EAC-1NN,timing_uncertainty,0.7,0.6666667,0.9815625,3200
fcc,4,0,EAC-1NN,timing_uncertainty,0.7,0.8333333,0.988125,3200
fcc,4,0,EAC-1NN,timing_uncertainty,0.7,1.0,0.99,3200
fcc,4,0,EAC-1NN,timing_uncertainty,0.8,0.1666667,0.7925,3200
fcc,4,0,EAC-1NN,timing_uncertainty,0.8,0.3333333,0.7925,3200
fcc,4,0,EAC-1NN,timing_uncertainty,0.8,0.5,0.9003125,3200
fcc,4,0,EAC-1NN,timing_uncertainty,0.8,0.6666667,0.98125,3200
fcc,4,0,EAC-1NN,timing_uncertainty,0.8,0.8333333,0.9896875,3200
fcc,4,0,EAC-1NN,timing_uncertainty,0.8,1.0,0.9903125,3200
fcc,4,0,EAC-1NN,timing_uncertainty,0.9,0.1666667,0.7896875,3200
fcc,4,0,EAC-1NN,timing_uncertainty,0.9,0.3333333,0.7896875,3200
fcc,4,0,EAC-1NN,timing_uncertainty,0.9,0.5,0.901875,3200
fcc,4,0,EAC-1NN,timing_uncertainty,0.9,0.6666667,0.9784375,3200
fcc,4,0,EAC-1NN,timing_uncertainty,0.9,0.8333333,0.98875,3200
fcc,4,0,EAC-1NN,timing_uncertainty,0.9,1.0,0.9896875,3200
fcc,4,0,JAC-1NN,late_time_delay,0.0,0.1666667,0.684375,3200
fcc,4,0,JAC-1NN,late_time_delay,0.0,0.3333333,0.684375,3200
fcc,4,0,JAC-1NN,late_time_delay,0.0,0.5,0.88125,3200
fcc,4,0,JAC-1NN,late_time_delay,0.0,0.6666667,0.9875,3200
fcc,4,0,JAC-1NN,late_time_delay,0.0,0.8333333,0.99375,3200
fcc,4,0,JAC-1NN,late_time_delay,0.0,1.0,0.996875,3200
fcc,4,0,JAC-1NN,late_time_delay,0.05,0.1666667,0.321875,3200
fcc,4,0,JAC-1NN,late_time_delay,0.05,0.3333333,0.321875,3200
fcc,4,0,JAC-1NN,late_time_delay,0.05,0.5,0.5,3200
fcc,4,0,JAC-1NN,late_time_delay,0.05,0.6666667,0.6625,3200
fcc,4,0,JAC-1NN,late_time_delay,0.05,0.8333333,0.684375,3200
fcc,4,0,JAC-1NN,late_time_delay,0.05,1.0,0.7375,3200
fcc,4,0,JAC-1NN,late_time_delay,0.1,0.1666667,0.2875,3200
fcc,4,0,JAC-1NN,late_time_delay,0.1,0.3333333,0.2875,3200
fcc,4,0,JAC-1NN,late_time_delay,0.1,0.5,0.55625,3200
fcc,4,0,JAC-1NN,late_time_delay,0.1,0.6666667,0.6125,3200
fcc,4,0,JAC-1NN,late_time_delay,0.1,0.8333333,0.625,3200
fcc,4,0,JAC-1NN,late_time_delay,0.1,1.0,0.66875,3200
fcc,4,0,JAC-1NN,late_time_delay,0.15,0.1666667,0.2375,3200
fcc,4,0,JAC-1NN,late_time_delay,0.15,0.3333333,0.2375,3200
fcc,4,0,JAC-1NN,late_time_delay,0.15,0.5,0.434375,3200
fcc,4,0,JAC-1NN,late_time_delay,0.15,0.6666667,0.49375,3200
fcc,4,0,JAC-1NN,late_time_delay,0.15,0.8333333,0.521875,3200
fcc,4,0,JAC-1NN,late_time_delay,0.15,1.0,0.559375,3200
fcc,4,0,JAC-1NN,late_time_delay,0.2,0.1666667,0.234375,3200
fcc,4,0,JAC-1NN,late_time_delay,0.2,0.3333333,0.234375,3200
fcc,4,0,JAC-1NN,late_time_delay,0.2,0.5,0.40625,3200
fcc,4,0,JAC-1NN,late_time_delay,0.2,0.6666667,0.43125,3200
fcc,4,0,JAC-1NN,late_time_delay,0.2,0.8333333,0.43125,3200
fcc,4,0,JAC-1NN,late_time_delay,0.2,1.0,0.48125,3200
fcc,4,0,JAC-1NN,late_time_delay,0.25,0.1666667,0.271875,3200
fcc,4,0,JAC-1NN,late_time_delay,0.25,0.3333333,0.271875,3200
fcc,4,0,JAC-1NN,late_time_delay,0.25,0.5,0.353125,3200
fcc,4,0,JAC-1NN,late_time_delay,0.25,0.6666667,0.353125,3200
fcc,4,0,JAC-1NN,late_time_delay,0.25,0.8333333,0.409375,3200
fcc,4,0,JAC-1NN,late_time_delay,0.25,1.0,0.46875,3200
fcc,4,0,JAC-1NN,late_time_delay,0.3,0.1666667,0.278125,3200
fcc,4,0,JAC-1NN,late_time_delay,0.3,0.3333333,0.278125,3200
fcc,4,0,JAC-1NN,late_time_delay,0.3,0.5,0.34375,3200
fcc,4,0,JAC-1NN,late_time_delay,0.3,0.6666667,0.34375,3200
fcc,4,0,JAC-1NN,late_time_delay,0.3,0.8333333,0.4125,3200
fcc,4,0,JAC-1NN,late_time_delay,0.3,1.0,0.45625,3200
fcc,4,0,JAC-1NN,late_time_delay,0.4,0.1666667,0.24375,3200
fcc,4,0,JAC-1NN,late_time_delay,0.4,0.3333333,0.24375,3200
fcc,4,0,JAC-1NN,late_time_delay,0.4,0.5,0.24375,3200
fcc,4,0,JAC-1NN,late_time_delay,0.4,0.6666667,0.309375,3200
fcc,4,0,JAC-1NN,late_time_delay,0.4,0.8333333,0.309375,3200
fcc,4,0,JAC-1NN,late_time_delay,0.4,1.0,0.41875,3200
fcc,4,0,JAC-1NN,late_time_delay,0.5,0.1666667,0.20625,3200
fcc,4,0,JAC-1NN,late_time_delay,0.5,0.3333333,0.20625,3200
fcc,4,0,JAC-1NN,late_time_delay,0.5,0.5,0.20625,3200
fcc,4,0,JAC-1NN,late_time_delay,0.5,0.6666667,0.20625,3200
fcc,4,0,JAC-1NN,late_time_delay,0.5,0.8333333,0.275,3200
fcc,4,0,JAC-1NN,late_time_delay,0.5,1.0,0.31875,3200
fcc,4,0,JAC-1NN,late_time_delay,0.6,0.1666667,0.15,3200
fcc,4,0,JAC-1NN,late_time_delay,0.6,0.3333333,0.15,3200
fcc,4,0,JAC-1NN,late_time_delay,0.6,0.5,0.15,3200
fcc,4,0,JAC-1NN,late_time_delay,0.6,0.6666667,0.15,3200
fcc,4,0,JAC-1NN,late_time_delay,0.6,0.8333333,0.15,3200
fcc,4,0,JAC-1NN,late_time_delay,0.6,1.0,0.2625,3200
fcc,4,0,JAC-1NN,late_time_delay,0.7,0.1666667,0.16875,3200
fcc,4,0,JAC-1NN,late_time_delay,0.7,0.3333333,0.16875,3200
fcc,4,0,JAC-1NN,late_time_delay,0.7,0.5,0.16875,3200
fcc,4,0,JAC-1NN,late_time_delay,0.7,0.6666667,0.16875,3200
fcc,4,0,JAC-1NN,late_time_delay,0.7,0.8333333,0.16875,3200
fcc,4,0,JAC-1NN,late_time_delay,0.7,1.0,0.221875,3200
fcc,4,0,JAC-1NN,late_time_delay,0.8,0.1666667,0.184375,3200
fcc,4,0,JAC-1NN,late_time_delay,0.8,0.3333333,0.184375,3200
fcc,4,0,JAC-1NN,late_time_delay,0.8,0.5,0.184375,3200
fcc,4,0,JAC-1NN,late_time_delay,0.8,0.6666667,0.184375,3200
fcc,4,0,JAC-1NN,late_time_delay,0.8,0.8333333,0.184375,3200
fcc,4,0,JAC-1NN,late_time_delay,0.8,1.0,0.19375,3200
fcc,4,0,JAC-1NN,late_time_delay,0.9,0.1666667,0.175,3200
fcc,4,0,JAC-1NN,late_time_delay,0.9,0.3333333,0.175,3200
fcc,4,0,JAC-1NN,late_time_delay,0.9,0.5,0.175,3200
fcc,4,0,JAC-1NN,late_time_delay,0.9,0.6666667,0.175,3200
fcc,4,0,JAC-1NN,late_time_delay,0.9,0.8333333,0.175,3200
fcc,4,0,JAC-1NN,late_time_delay,0.9,1.0,0.175,3200
fcc,4,0,JAC-1NN,missing_events,0.0,0.1666667,0.684375,3200
fcc,4,0,JAC-1NN,missing_events,0.0,0.3333333,0.684375,3200
fcc,4,0,JAC-1NN,missing_events,0.0,0.5,0.88125,3200
fcc,4,0,JAC-1NN,missing_events,0.0,0.6666667,0.9875,3200
fcc,4,0,JAC-1NN,missing_events,0.0,0.8333333,0.99375,3200
fcc,4,0,JAC-1NN,missing_events,0.0,1.0,0.996875,3200
fcc,4,0,JAC-1NN,missing_events,0.05,0.1666667,0.6803125,3200
fcc,4,0,JAC-1NN,missing_events,0.05,0.3333333,0.6803125,3200
fcc,4,0,JAC-1NN,missing_events,0.05,0.5,0.878125,3200
fcc,4,0,JAC-1NN,missing_events,0.05,0.6666667,0.986875,3200
fcc,4,0,JAC-1NN,missing_events,0.05,0.8333333,0.9928125,3200
fcc,4,0,JAC-1NN,missing_events,0.05,1.0,0.9965625,3200
fcc,4,0,JAC-1NN,missing_events,0.1,0.1666667,0.659375,3200
fcc,4,0,JAC-1NN,missing_events,0.1,0.3333333,0.659375,3200
fcc,4,0,JAC-1NN,missing_events,0.1,0.5,0.8528125,3200
fcc,4,0,JAC-1NN,missing_events,0.1,0.6666667,0.9728125,3200
fcc,4,0,JAC-1NN,missing_events,0.1,0.8333333,0.9815625,3200
fcc,4,0,JAC-1NN,missing_events,0.1,1.0,0.99,3200
fcc,4,0,JAC-1NN,missing_events,0.15,0.1666667,0.6471875,3200
fcc,4,0,JAC-1NN,missing_events,0.15,0.3333333,0.6471875,3200
fcc,4,0,JAC-1NN,missing_events,0.15,0.5,0.84125,3200
fcc,4,0,JAC-1NN,missing_events,0.15,0.6666667,0.9678125,3200
fcc,4,0,JAC-1NN,missing_events,0.15,0.8333333,0.9815625,3200
fcc,4,0,JAC-1NN,missing_events,0.15,1.0,0.988125,3200
fcc,4,0,JAC-1NN,missing_events,0.2,0.1666667,0.620625,3200
fcc,4,0,JAC-1NN,missing_events,0.2,0.3333333,0.620625,3200
fcc,4,0,JAC-1NN,missing_events,0.2,0.5,0.80875,3200
fcc,4,0,JAC-1NN,missing_events,0.2,0.6666667,0.9509375,3200
fcc,4,0,JAC-1NN,missing_events,0.2,0.8333333,0.9646875,3200
fcc,4,0,JAC-1NN,missing_events,0.2,1.0,0.9790625,3200
fcc,4,0,JAC-1NN,missing_events,0.25,0.1666667,0.61375,3200
fcc,4,0,JAC-1NN,missing_events,0.25,0.3333333,0.61375,3200
fcc,4,0,JAC-1NN,missing_events,0.25,0.5,0.793125,3200
fcc,4,0,JAC-1NN,missing_events,0.25,0.6666667,0.9365625,3200
fcc,4,0,JAC-1NN,missing_events,0.25,0.8333333,0.955625,3200
fcc,4,0,JAC-1NN,missing_events,0.25,1.0,0.9678125,3200
fcc,4,0,JAC-1NN,missing_events,0.3,0.1666667,0.591875,3200
fcc,4,0,JAC-1NN,missing_events,0.3,0.3333333,0.591875,3200
fcc,4,0,JAC-1NN,missing_events,0.3,0.5,0.7615625,3200
fcc,4,0,JAC-1NN,missing_events,0.3,0.6666667,0.9159375,3200
fcc,4,0,JAC-1NN,missing_events,0.3,0.8333333,0.9375,3200
fcc,4,0,JAC-1NN,missing_events,0.3,1.0,0.956875,3200
fcc,4,0,JAC-1NN,missing_events,0.4,0.1666667,0.5459375,3200
fcc,4,0,JAC-1NN,missing_events,0.4,0.3333333,0.5459375,3200
fcc,4,0,JAC-1NN,missing_events,0.4,0.5,0.69,3200
fcc,4,0,JAC-1NN,missing_events,0.4,0.6666667,0.8440625,3200
fcc,4,0,JAC-1NN,missing_events,0.4,0.8333333,0.88875,3200
fcc,4,0,JAC-1NN,missing_events,0.4,1.0,0.9209375,3200
fcc,4,0,JAC-1NN,missing_events,0.5,0.1666667,0.494375,3200
fcc,4,0,JAC-1NN,missing_events,0.5,0.3333333,0.494375,3200
fcc,4,0,JAC-1NN,missing_events,0.5,0.5,0.6078125,3200
fcc,4,0,JAC-1NN,missing_events,0.5,0.6666667,0.76,3200
fcc,4,0,JAC-1NN,missing_events,0.5,0.8333333,0.7975,3200
fcc,4,0,JAC-1NN,missing_events,0.5,1.0,0.843125,3200
fcc,4,0,JAC-1NN,missing_events,0.6,0.1666667,0.4296875,3200
fcc,4,0,JAC-1NN,missing_events,0.6,0.3333333,0.4296875,3200
fcc,4,0,JAC-1NN,missing_events,0.6,0.5,0.53375,3200
fcc,4,0,JAC-1NN,missing_events,0.6,0.6666667,0.6671875,3200
fcc,4,0,JAC-1NN,missing_events,0.6,0.8333333,0.70875,3200
fcc,4,0,JAC-1NN,missing_events,0.6,1.0,0.7528125,3200
fcc,4,0,JAC-1NN,missing_events,0.7,0.1666667,0.374375,3200
fcc,4,0,JAC-1NN,missing_events,0.7,0.3333333,0.374375,3200
fcc,4,0,JAC-1NN,missing_events,0.7,0.5,0.4421875,3200
fcc,4,0,JAC-1NN,missing_events,0.7,0.6666667,0.5471875,3200
fcc,4,0,JAC-1NN,missing_events,0.7,0.8333333,0.5815625,3200
fcc,4,0,JAC-1NN,missing_events,0.7,1.0,0.6315625,3200
fcc,4,0,JAC-1NN,missing_events,0.8,0.1666667,0.301875,3200
fcc,4,0,JAC-1NN,missing_events,0.8,0.3333333,0.301875,3200
fcc,4,0,JAC-1NN,missing_events,0.8,0.5,0.3353125,3200
fcc,4,0,JAC-1NN,missing_events,0.8,0.6666667,0.40875,3200
fcc,4,0,JAC-1NN,missing_events,0.8,0.8333333,0.4296875,3200
fcc,4,0,JAC-1NN,missing_events,0.8,1.0,0.4671875,3200
fcc,4,0,JAC-1NN,missing_events,0.9,0.1666667,0.2078125,3200
fcc,4,0,JAC-1NN,missing_events,0.9,0.3333333,0.2078125,3200
fcc,4,0,JAC-1NN,missing_events,0.9,0.5,0.2203125,3200
fcc,4,0,JAC-1NN,missing_events,0.9,0.6666667,0.25375,3200
fcc,4,0,JAC-1NN,missing_events,0.9,0.8333333,0.2653125,3200
fcc,4,0,JAC-1NN,missing_events,0.9,1.0,0.2921875,3200
fcc,4,0,JAC-1NN,mixed_missing_spurious,0.0,0.1666667,0.684375,3200
fcc,4,0,JAC-1NN,mixed_missing_spurious,0.0,0.3333333,0.684375,3200
fcc,4,0,JAC-1NN,mixed_missing_spurious,0.0,0.5,0.88125,3200
fcc,4,0,JAC-1NN,mixed_missing_spurious,0.0,0.6666667,0.9875,3200
fcc,4,0,JAC-1NN,mixed_missing_spurious,0.0,0.8333333,0.99375,3200
fcc,4,0,JAC-1NN,mixed_missing_spurious,0.0,1.0,0.996875,3200
fcc,4,0,JAC-1NN,mixed_missing_spurious,0.05,0.1666667,0.6784375,3200
fcc,4,0,JAC-1NN,mixed_missing_spurious,0.05,0.3333333,0.6784375,3200
fcc,4,0,JAC-1NN,mixed_missing_spurious,0.05,0.5,0.8775,3200
fcc,4,0,JAC-1NN,mixed_missing_spurious,0.05,0.6666667,0.9840625,3200
fcc,4,0,JAC-1NN,mixed_missing_spurious,0.05,0.8333333,0.9925,3200
fcc,4,0,JAC-1NN,mixed_missing_spurious,0.05,1.0,0.9953125,3200
fcc,4,0,JAC-1NN,mixed_missing_spurious,0.1,0.1666667,0.658125,3200
fcc,4,0,JAC-1NN,mixed_missing_spurious,0.1,0.3333333,0.658125,3200
fcc,4,0,JAC-1NN,mixed_missing_spurious,0.1,0.5,0.8571875,3200
fcc,4,0,JAC-1NN,mixed_missing_spurious,0.1,0.6666667,0.9734375,3200
fcc,4,0,JAC-1NN,mixed_missing_spurious,0.1,0.8333333,0.9834375,3200
fcc,4,0,JAC-1NN,mixed_missing_spurious,0.1,1.0,0.9909375,3200
fcc,4,0,JAC-1NN,mixed_missing_spurious,0.15,0.1666667,0.6390625,3200
fcc,4,0,JAC-1NN,mixed_missing_spurious,0.15,0.3333333,0.6390625,3200
fcc,4,0,JAC-1NN,mixed_missing_spurious,0.15,0.5,0.83625,3200
fcc,4,0,JAC-1NN,mixed_missing_spurious,0.15,0.6666667,0.9646875,3200
fcc,4,0,JAC-1NN,mixed_missing_spurious,0.15,0.8333333,0.9746875,3200
fcc,4,0,JAC-1NN,mixed_missing_spurious,0.15,1.0,0.9803125,3200
fcc,4,0,JAC-1NN,mixed_missing_spurious,0.2,0.1666667,0.6315625,3200
fcc,4,0,JAC-1NN,mixed_missing_spurious,0.2,0.3333333,0.6315625,3200
fcc,4,0,JAC-1NN,mixed_missing_spurious,0.2,0.5,0.8103125,3200
fcc,4,0,JAC-1NN,mixed_missing_spurious,0.2,0.6666667,0.9378125,3200
fcc,4,0,JAC-1NN,mixed_missing_spurious,0.2,0.8333333,0.9559375,3200
fcc,4,0,JAC-1NN,mixed_missing_spurious,0.2,1.0,0.9671875,3200
fcc,4,0,JAC-1NN,mixed_missing_spurious,0.25,0.1666667,0.6103125,3200
fcc,4,0,JAC-1NN,mixed_missing_spurious,0.25,0.3333333,0.6103125,3200
fcc,4,0,JAC-1NN,mixed_missing_spurious,0.25,0.5,0.78875,3200
fcc,4,0,JAC-1NN,mixed_missing_spurious,0.25,0.6666667,0.9296875,3200
fcc,4,0,JAC-1NN,mixed_missing_spurious,0.25,0.8333333,0.9428125,3200
fcc,4,0,JAC-1NN,mixed_missing_spurious,0.25,1.0,0.9525,3200
fcc,4,0,JAC-1NN,mixed_missing_spurious,0.3,0.1666667,0.5840625,3200
fcc,4,0,JAC-1NN,mixed_missing_spurious,0.3,0.3333333,0.5840625,3200
fcc,4,0,JAC-1NN,mixed_missing_spurious,0.3,0.5,0.7471875,3200
fcc,4,0,JAC-1NN,mixed_missing_spurious,0.3,0.6666667,0.8896875,3200
fcc,4,0,JAC-1NN,mixed_missing_spurious,0.3,0.8333333,0.9109375,3200
fcc,4,0,JAC-1NN,mixed_missing_spurious,0.3,1.0,0.9290625,3200
fcc,4,0,JAC-1NN,mixed_missing_spurious,0.4,0.1666667,0.553125,3200
fcc,4,0,JAC-1NN,mixed_missing_spurious,0.4,0.3333333,0.553125,3200
fcc,4,0,JAC-1NN,mixed_missing_spurious,0.4,0.5,0.7025,3200
fcc,4,0,JAC-1NN,mixed_missing_spurious,0.4,0.6666667,0.8384375,3200
fcc,4,0,JAC-1NN,mixed_missing_spurious,0.4,0.8333333,0.86375,3200
fcc,4,0,JAC-1NN,mixed_missing_spurious,0.4,1.0,0.8825,3200
fcc,4,0,JAC-1NN,mixed_missing_spurious,0.5,0.1666667,0.478125,3200
fcc,4,0,JAC-1NN,mixed_missing_spurious,0.5,0.3333333,0.478125,3200
fcc,4,0,JAC-1NN,mixed_missing_spurious,0.5,0.5,0.61,3200
fcc,4,0,JAC-1NN,mixed_missing_spurious,0.5,0.6666667,0.751875,3200
fcc,4,0,JAC-1NN,mixed_missing_spurious,0.5,0.8333333,0.7715625,3200
fcc,4,0,JAC-1NN,mixed_missing_spurious,0.5,1.0,0.8003125,3200
fcc,4,0,JAC-1NN,mixed_missing_spurious,0.6,0.1666667,0.44125,3200
fcc,4,0,JAC-1NN,mixed_missing_spurious,0.6,0.3333333,0.44125,3200
fcc,4,0,JAC-1NN,mixed_missing_spurious,0.6,0.5,0.528125,3200
fcc,4,0,JAC-1NN,mixed_missing_spurious,0.6,0.6666667,0.6521875,3200
fcc,4,0,JAC-1NN,mixed_missing_spurious,0.6,0.8333333,0.6809375,3200
fcc,4,0,JAC-1NN,mixed_missing_spurious,0.6,1.0,0.7203125,3200
fcc,4,0,JAC-1NN,mixed_missing_spurious,0.7,0.1666667,0.3625,3200
fcc,4,0,JAC-1NN,mixed_missing_spurious,0.7,0.3333333,0.3625,3200
fcc,4,0,JAC-1NN,mixed_missing_spurious,0.7,0.5,0.4296875,3200
fcc,4,0,JAC-1NN,mixed_missing_spurious,0.7,0.6666667,0.511875,3200
fcc,4,0,JAC-1NN,mixed_missing_spurious,0.7,0.8333333,0.5365625,3200
fcc,4,0,JAC-1NN,mixed_missing_spurious,0.7,1.0,0.56875,3200
fcc,4,0,JAC-1NN,mixed_missing_spurious,0.8,0.1666667,0.2953125,3200
fcc,4,0,JAC-1NN,mixed_missing_spurious,0.8,0.3333333,0.2953125,3200
fcc,4,0,JAC-1NN,mixed_missing_spurious,0.8,0.5,0.31875,3200
fcc,4,0,JAC-1NN,mixed_missing_spurious,0.8,0.6666667,0.3771875,3200
fcc,4,0,JAC-1NN,mixed_missing_spurious,0.8,0.8333333,0.391875,3200
fcc,4,0,JAC-1NN,mixed_missing_spurious,0.8,1.0,0.4278125,3200
fcc,4,0,JAC-1NN,mixed_missing_spurious,0.9,0.1666667,0.2125,3200
fcc,4,0,JAC-1NN,mixed_missing_spurious,0.9,0.3333333,0.2125,3200
fcc,4,0,JAC-1NN,mixed_missing_spurious,0.9,0.5,0.225625,3200
fcc,4,0,JAC-1NN,mixed_missing_spurious,0.9,0.6666667,0.2634375,3200
fcc,4,0,JAC-1NN,mixed_missing_spurious,0.9,0.8333333,0.2725,3200
fcc,4,0,JAC-1NN,mixed_missing_spurious,0.9,1.0,0.2996875,3200
fcc,4,0,JAC-1NN,mixed_spurious_timing_late,0.0,0.1666667,0.684375,3200
fcc,4,0,JAC-1NN,mixed_spurious_timing_late,0.0,0.3333333,0.684375,3200
fcc,4,0,JAC-1NN,mixed_spurious_timing_late,0.0,0.5,0.88125,3200
fcc,4,0,JAC-1NN,mixed_spurious_timing_late,0.0,0.6666667,0.9875,3200
fcc,4,0,JAC-1NN,mixed_spurious_timing_late,0.0,0.8333333,0.99375,3200
fcc,4,0,JAC-1NN,mixed_spurious_timing_late,0.0,1.0,0.996875,3200
fcc,4,0,JAC-1NN,mixed_spurious_timing_late,0.05,0.1666667,0.321875,3200
fcc,4,0,JAC-1NN,mixed_spurious_timing_late,0.05,0.3333333,0.321875,3200
fcc,4,0,JAC-1NN,mixed_spurious_timing_late,0.05,0.5,0.5028125,3200
fcc,4,0,JAC-1NN,mixed_spurious_timing_late,0.05,0.6666667,0.6609375,3200
fcc,4,0,JAC-1NN,mixed_spurious_timing_late,0.05,0.8333333,0.6821875,3200
fcc,4,0,JAC-1NN,mixed_spurious_timing_late,0.05,1.0,0.73875,3200
fcc,4,0,JAC-1NN,mixed_spurious_timing_late,0.1,0.1666667,0.2828125,3200
fcc,4,0,JAC-1NN,mixed_spurious_timing_late,0.1,0.3333333,0.2828125,3200
fcc,4,0,JAC-1NN,mixed_spurious_timing_late,0.1,0.5,0.555,3200
fcc,4,0,JAC-1NN,mixed_spurious_timing_late,0.1,0.6666667,0.6121875,3200
fcc,4,0,JAC-1NN,mixed_spurious_timing_late,0.1,0.8333333,0.62125,3200
fcc,4,0,JAC-1NN,mixed_spurious_timing_late,0.1,1.0,0.6696875,3200
fcc,4,0,JAC-1NN,mixed_spurious_timing_late,0.15,0.1666667,0.23625,3200
fcc,4,0,JAC-1NN,mixed_spurious_timing_late,0.15,0.3333333,0.23625,3200
fcc,4,0,JAC-1NN,mixed_spurious_timing_late,0.15,0.5,0.43375,3200
fcc,4,0,JAC-1NN,mixed_spurious_timing_late,0.15,0.6666667,0.4896875,3200
fcc,4,0,JAC-1NN,mixed_spurious_timing_late,0.15,0.8333333,0.515,3200
fcc,4,0,JAC-1NN,mixed_spurious_timing_late,0.15,1.0,0.558125,3200
fcc,4,0,JAC-1NN,mixed_spurious_timing_late,0.2,0.1666667,0.2340625,3200
fcc,4,0,JAC-1NN,mixed_spurious_timing_late,0.2,0.3333333,0.2340625,3200
fcc,4,0,JAC-1NN,mixed_spurious_timing_late,0.2,0.5,0.3928125,3200
fcc,4,0,JAC-1NN,mixed_spurious_timing_late,0.2,0.6666667,0.425,3200
fcc,4,0,JAC-1NN,mixed_spurious_timing_late,0.2,0.8333333,0.425,3200
fcc,4,0,JAC-1NN,mixed_spurious_timing_late,0.2,1.0,0.49,3200
fcc,4,0,JAC-1NN,mixed_spurious_timing_late,0.25,0.1666667,0.268125,3200
fcc,4,0,JAC-1NN,mixed_spurious_timing_late,0.25,0.3333333,0.268125,3200
fcc,4,0,JAC-1NN,mixed_spurious_timing_late,0.25,0.5,0.353125,3200
fcc,4,0,JAC-1NN,mixed_spurious_timing_late,0.25,0.6666667,0.353125,3200
fcc,4,0,JAC-1NN,mixed_spurious_timing_late,0.25,0.8333333,0.3846875,3200
fcc,4,0,JAC-1NN,mixed_spurious_timing_late,0.25,1.0,0.4584375,3200
fcc,4,0,JAC-1NN,mixed_spurious_timing_late,0.3,0.1666667,0.26875,3200
fcc,4,0,JAC-1NN,mixed_spurious_timing_late,0.3,0.3333333,0.26875,3200
fcc,4,0,JAC-1NN,mixed_spurious_timing_late,0.3,0.5,0.3246875,3200
fcc,4,0,JAC-1NN,mixed_spurious_timing_late,0.3,0.6666667,0.3246875,3200
fcc,4,0,JAC-1NN,mixed_spurious_timing_late,0.3,0.8333333,0.3715625,3200
fcc,4,0,JAC-1NN,mixed_spurious_timing_late,0.3,1.0,0.4184375,3200
fcc,4,0,JAC-1NN,mixed_spurious_timing_late,0.4,0.1666667,0.214375,3200
fcc,4,0,JAC-1NN,mixed_spurious_timing_late,0.4,0.3333333,0.214375,3200
fcc,4,0,JAC-1NN,mixed_spurious_timing_late,0.4,0.5,0.214375,3200
fcc,4,0,JAC-1NN,mixed_spurious_timing_late,0.4,0.6666667,0.251875,3200
fcc,4,0,JAC-1NN,mixed_spurious_timing_late,0.4,0.8333333,0.251875,3200
fcc,4,0,JAC-1NN,mixed_spurious_timing_late,0.4,1.0,0.3309375,3200
fcc,4,0,JAC-1NN,mixed_spurious_timing_late,0.5,0.1666667,0.1434375,3200
fcc,4,0,JAC-1NN,mixed_spurious_timing_late,0.5,0.3333333,0.1434375,3200
fcc,4,0,JAC-1NN,mixed_spurious_timing_late,0.5,0.5,0.1434375,3200
fcc,4,0,JAC-1NN,mixed_spurious_timing_late,0.5,0.6666667,0.1434375,3200
fcc,4,0,JAC-1NN,mixed_spurious_timing_late,0.5,0.8333333,0.1928125,3200
fcc,4,0,JAC-1NN,mixed_spurious_timing_late,0.5,1.0,0.23875,3200
fcc,4,0,JAC-1NN,mixed_spurious_timing_late,0.6,0.1666667,0.1109375,3200
fcc,4,0,JAC-1NN,mixed_spurious_timing_late,0.6,0.3333333,0.1109375,3200
fcc,4,0,JAC-1NN,mixed_spurious_timing_late,0.6,0.5,0.1109375,3200
fcc,4,0,JAC-1NN,mixed_spurious_timing_late,0.6,0.6666667,0.1109375,3200
fcc,4,0,JAC-1NN,mixed_spurious_timing_late,0.6,0.8333333,0.1109375,3200
fcc,4,0,JAC-1NN,mixed_spurious_timing_late,0.6,1.0,0.195,3200
fcc,4,0,JAC-1NN,mixed_spurious_timing_late,0.7,0.1666667,0.1334375,3200
fcc,4,0,JAC-1NN,mixed_spurious_timing_late,0.7,0.3333333,0.1334375,3200
fcc,4,0,JAC-1NN,mixed_spurious_timing_late,0.7,0.5,0.1334375,3200
fcc,4,0,JAC-1NN,mixed_spurious_timing_late,0.7,0.6666667,0.1334375,3200
fcc,4,0,JAC-1NN,mixed_spurious_timing_late,0.7,0.8333333,0.1334375,3200
fcc,4,0,JAC-1NN,mixed_spurious_timing_late,0.7,1.0,0.164375,3200
fcc,4,0,JAC-1NN,mixed_spurious_timing_late,0.8,0.1666667,0.119375,3200
fcc,4,0,JAC-1NN,mixed_spurious_timing_late,0.8,0.3333333,0.119375,3200
fcc,4,0,JAC-1NN,mixed_spurious_timing_late,0.8,0.5,0.119375,3200
fcc,4,0,JAC-1NN,mixed_spurious_timing_late,0.8,0.6666667,0.119375,3200
fcc,4,0,JAC-1NN,mixed_spurious_timing_late,0.8,0.8333333,0.119375,3200
fcc,4,0,JAC-1NN,mixed_spurious_timing_late,0.8,1.0,0.1365625,3200
fcc,4,0,JAC-1NN,mixed_spurious_timing_late,0.9,0.1666667,0.1075,3200
fcc,4,0,JAC-1NN,mixed_spurious_timing_late,0.9,0.3333333,0.1075,3200
fcc,4,0,JAC-1NN,mixed_spurious_timing_late,0.9,0.5,0.1075,3200
fcc,4,0,JAC-1NN,mixed_spurious_timing_late,0.9,0.6666667,0.1075,3200
fcc,4,0,JAC-1NN,mixed_spurious_timing_late,0.9,0.8333333,0.1075,3200
fcc,4,0,JAC-1NN,mixed_spurious_timing_late,0.9,1.0,0.1075,3200
fcc,4,0,JAC-1NN,spurious_events,0.0,0.1666667,0.684375,3200
fcc,4,0,JAC-1NN,spurious_events,0.0,0.3333333,0.684375,3200
fcc,4,0,JAC-1NN,spurious_events,0.0,0.5,0.88125,3200
fcc,4,0,JAC-1NN,spurious_events,0.0,0.6666667,0.9875,3200
fcc,4,0,JAC-1NN,spurious_events,0.0,0.8333333,0.99375,3200
fcc,4,0,JAC-1NN,spurious_events,0.0,1.0,0.996875,3200
fcc,4,0,JAC-1NN,spurious_events,0.05,0.1666667,0.685,3200
fcc,4,0,JAC-1NN,spurious_events,0.05,0.3333333,0.685,3200
fcc,4,0,JAC-1NN,spurious_events,0.05,0.5,0.8825,3200
fcc,4,0,JAC-1NN,spurious_events,0.05,0.6666667,0.9871875,3200
fcc,4,0,JAC-1NN,spurious_events,0.05,0.8333333,0.99375,3200
fcc,4,0,JAC-1NN,spurious_events,0.05,1.0,0.996875,3200
fcc,4,0,JAC-1NN,spurious_events,0.1,0.1666667,0.68625,3200
fcc,4,0,JAC-1NN,spurious_events,0.1,0.3333333,0.68625,3200
fcc,4,0,JAC-1NN,spurious_events,0.1,0.5,0.8790625,3200
fcc,4,0,JAC-1NN,spurious_events,0.1,0.6666667,0.98375,3200
fcc,4,0,JAC-1NN,spurious_events,0.1,0.8333333,0.99,3200
fcc,4,0,JAC-1NN,spurious_events,0.1,1.0,0.9959375,3200
fcc,4,0,JAC-1NN,spurious_events,0.15,0.1666667,0.6865625,3200
fcc,4,0,JAC-1NN,spurious_events,0.15,0.3333333,0.6865625,3200
fcc,4,0,JAC-1NN,spurious_events,0.15,0.5,0.8775,3200
fcc,4,0,JAC-1NN,spurious_events,0.15,0.6666667,0.98125,3200
fcc,4,0,JAC-1NN,spurious_events,0.15,0.8333333,0.9865625,3200
fcc,4,0,JAC-1NN,spurious_events,0.15,1.0,0.993125,3200
fcc,4,0,JAC-1NN,spurious_events,0.2,0.1666667,0.6859375,3200
fcc,4,0,JAC-1NN,spurious_events,0.2,0.3333333,0.6859375,3200
fcc,4,0,JAC-1NN,spurious_events,0.2,0.5,0.8828125,3200
fcc,4,0,JAC-1NN,spurious_events,0.2,0.6666667,0.9771875,3200
fcc,4,0,JAC-1NN,spurious_events,0.2,0.8333333,0.9840625,3200
fcc,4,0,JAC-1NN,spurious_events,0.2,1.0,0.9909375,3200
fcc,4,0,JAC-1NN,spurious_events,0.25,0.1666667,0.6896875,3200
fcc,4,0,JAC-1NN,spurious_events,0.25,0.3333333,0.6896875,3200
fcc,4,0,JAC-1NN,spurious_events,0.25,0.5,0.8778125,3200
fcc,4,0,JAC-1NN,spurious_events,0.25,0.6666667,0.9784375,3200
fcc,4,0,JAC-1NN,spurious_events,0.25,0.8333333,0.98375,3200
fcc,4,0,JAC-1NN,spurious_events,0.25,1.0,0.98625,3200
fcc,4,0,JAC-1NN,spurious_events,0.3,0.1666667,0.6840625,3200
fcc,4,0,JAC-1NN,spurious_events,0.3,0.3333333,0.6840625,3200
fcc,4,0,JAC-1NN,spurious_events,0.3,0.5,0.876875,3200
fcc,4,0,JAC-1NN,spurious_events,0.3,0.6666667,0.9715625,3200
fcc,4,0,JAC-1NN,spurious_events,0.3,0.8333333,0.9771875,3200
fcc,4,0,JAC-1NN,spurious_events,0.3,1.0,0.981875,3200
fcc,4,0,JAC-1NN,spurious_events,0.4,0.1666667,0.6909375,3200
fcc,4,0,JAC-1NN,spurious_events,0.4,0.3333333,0.6909375,3200
fcc,4,0,JAC-1NN,spurious_events,0.4,0.5,0.8696875,3200
fcc,4,0,JAC-1NN,spurious_events,0.4,0.6666667,0.9634375,3200
fcc,4,0,JAC-1NN,spurious_events,0.4,0.8333333,0.9721875,3200
fcc,4,0,JAC-1NN,spurious_events,0.4,1.0,0.9703125,3200
fcc,4,0,JAC-1NN,spurious_events,0.5,0.1666667,0.68375,3200
fcc,4,0,JAC-1NN,spurious_events,0.5,0.3333333,0.68375,3200
fcc,4,0,JAC-1NN,spurious_events,0.5,0.5,0.8621875,3200
fcc,4,0,JAC-1NN,spurious_events,0.5,0.6666667,0.9546875,3200
fcc,4,0,JAC-1NN,spurious_events,0.5,0.8333333,0.958125,3200
fcc,4,0,JAC-1NN,spurious_events,0.5,1.0,0.9559375,3200
fcc,4,0,JAC-1NN,spurious_events,0.6,0.1666667,0.6928125,3200
fcc,4,0,JAC-1NN,spurious_events,0.6,0.3333333,0.6928125,3200
fcc,4,0,JAC-1NN,spurious_events,0.6,0.5,0.85875,3200
fcc,4,0,JAC-1NN,spurious_events,0.6,0.6666667,0.948125,3200
fcc,4,0,JAC-1NN,spurious_events,0.6,0.8333333,0.948125,3200
fcc,4,0,JAC-1NN,spurious_events,0.6,1.0,0.9425,3200
fcc,4,0,JAC-1NN,spurious_events,0.7,0.1666667,0.6946875,3200
fcc,4,0,JAC-1NN,spurious_events,0.7,0.3333333,0.6946875,3200
fcc,4,0,JAC-1NN,spurious_events,0.7,0.5,0.856875,3200
fcc,4,0,JAC-1NN,spurious_events,0.7,0.6666667,0.94125,3200
fcc,4,0,JAC-1NN,spurious_events,0.7,0.8333333,0.9390625,3200
fcc,4,0,JAC-1NN,spurious_events,0.7,1.0,0.9246875,3200
fcc,4,0,JAC-1NN,spurious_events,0.8,0.1666667,0.6903125,3200
fcc,4,0,JAC-1NN,spurious_events,0.8,0.3333333,0.6903125,3200
fcc,4,0,JAC-1NN,spurious_events,0.8,0.5,0.863125,3200
fcc,4,0,JAC-1NN,spurious_events,0.8,0.6666667,0.92875,3200
fcc,4,0,JAC-1NN,spurious_events,0.8,0.8333333,0.920625,3200
fcc,4,0,JAC-1NN,spurious_events,0.8,1.0,0.9034375,3200
fcc,4,0,JAC-1NN,spurious_events,0.9,0.1666667,0.6890625,3200
fcc,4,0,JAC-1NN,spurious_events,0.9,0.3333333,0.6890625,3200
fcc,4,0,JAC-1NN,spurious_events,0.9,0.5,0.845,3200
fcc,4,0,JAC-1NN,spurious_events,0.9,0.6666667,0.9175,3200
fcc,4,0,JAC-1NN,spurious_events,0.9,0.8333333,0.9078125,3200
fcc,4,0,JAC-1NN,spurious_events,0.9,1.0,0.870625,3200
fcc,4,0,JAC-1NN,timing_uncertainty,0.0,0.1666667,0.684375,3200
fcc,4,0,JAC-1NN,timing_uncertainty,0.0,0.3333333,0.684375,3200
fcc,4,0,JAC-1NN,timing_uncertainty,0.0,0.5,0.88125,3200
fcc,4,0,JAC-1NN,timing_uncertainty,0.0,0.6666667,0.9875,3200
fcc,4,0,JAC-1NN,timing_uncertainty,0.0,0.8333333,0.99375,3200
fcc,4,0,JAC-1NN,timing_uncertainty,0.0,1.0,0.996875,3200
fcc,4,0,JAC-1NN,timing_uncertainty,0.05,0.1666667,0.68375,3200
fcc,4,0,JAC-1NN,timing_uncertainty,0.05,0.3333333,0.68375,3200
fcc,4,0,JAC-1NN,timing_uncertainty,0.05,0.5,0.88125,3200
fcc,4,0,JAC-1NN,timing_uncertainty,0.05,0.6666667,0.9875,3200
fcc,4,0,JAC-1NN,timing_uncertainty,0.05,0.8333333,0.99375,3200
fcc,4,0,JAC-1NN,timing_uncertainty,0.05,1.0,0.996875,3200
fcc,4,0,JAC-1NN,timing_uncertainty,0.1,0.1666667,0.6821875,3200
fcc,4,0,JAC-1NN,timing_uncertainty,0.1,0.3333333,0.6821875,3200
fcc,4,0,JAC-1NN,timing_uncertainty,0.1,0.5,0.88,3200
fcc,4,0,JAC-1NN,timing_uncertainty,0.1,0.6666667,0.986875,3200
fcc,4,0,JAC-1NN,timing_uncertainty,0.1,0.8333333,0.993125,3200
fcc,4,0,JAC-1NN,timing_uncertainty,0.1,1.0,0.99625,3200
fcc,4,0,JAC-1NN,timing_uncertainty,0.15,0.1666667,0.678125,3200
fcc,4,0,JAC-1NN,timing_uncertainty,0.15,0.3333333,0.678125,3200
fcc,4,0,JAC-1NN,timing_uncertainty,0.15,0.5,0.8796875,3200
fcc,4,0,JAC-1NN,timing_uncertainty,0.15,0.6666667,0.9875,3200
fcc,4,0,JAC-1NN,timing_uncertainty,0.15,0.8333333,0.99375,3200
fcc,4,0,JAC-1NN,timing_uncertainty,0.15,1.0,0.99625,3200
fcc,4,0,JAC-1NN,timing_uncertainty,0.2,0.1666667,0.675625,3200
fcc,4,0,JAC-1NN,timing_uncertainty,0.2,0.3333333,0.675625,3200
fcc,4,0,JAC-1NN,timing_uncertainty,0.2,0.5,0.876875,3200
fcc,4,0,JAC-1NN,timing_uncertainty,0.2,0.6666667,0.9865625,3200
fcc,4,0,JAC-1NN,timing_uncertainty,0.2,0.8333333,0.9928125,3200
fcc,4,0,JAC-1NN,timing_uncertainty,0.2,1.0,0.9959375,3200
fcc,4,0,JAC-1NN,timing_uncertainty,0.25,0.1666667,0.67625,3200
fcc,4,0,JAC-1NN,timing_uncertainty,0.25,0.3333333,0.67625,3200
fcc,4,0,JAC-1NN,timing_uncertainty,0.25,0.5,0.875625,3200
fcc,4,0,JAC-1NN,timing_uncertainty,0.25,0.6666667,0.98625,3200
fcc,4,0,JAC-1NN,timing_uncertainty,0.25,0.8333333,0.9921875,3200
fcc,4,0,JAC-1NN,timing_uncertainty,0.25,1.0,0.9953125,3200
fcc,4,0,JAC-1NN,timing_uncertainty,0.3,0.1666667,0.6740625,3200
fcc,4,0,JAC-1NN,timing_uncertainty,0.3,0.3333333,0.6740625,3200
fcc,4,0,JAC-1NN,timing_uncertainty,0.3,0.5,0.874375,3200
fcc,4,0,JAC-1NN,timing_uncertainty,0.3,0.6666667,0.9840625,3200
fcc,4,0,JAC-1NN,timing_uncertainty,0.3,0.8333333,0.990625,3200
fcc,4,0,JAC-1NN,timing_uncertainty,0.3,1.0,0.99375,3200
fcc,4,0,JAC-1NN,timing_uncertainty,0.4,0.1666667,0.6696875,3200
fcc,4,0,JAC-1NN,timing_uncertainty,0.4,0.3333333,0.6696875,3200
fcc,4,0,JAC-1NN,timing_uncertainty,0.4,0.5,0.8725,3200
fcc,4,0,JAC-1NN,timing_uncertainty,0.4,0.6666667,0.983125,3200
fcc,4,0,JAC-1NN,timing_uncertainty,0.4,0.8333333,0.989375,3200
fcc,4,0,JAC-1NN,timing_uncertainty,0.4,1.0,0.9934375,3200
fcc,4,0,JAC-1NN,timing_uncertainty,0.5,0.1666667,0.6646875,3200
fcc,4,0,JAC-1NN,timing_uncertainty,0.5,0.3333333,0.6646875,3200
fcc,4,0,JAC-1NN,timing_uncertainty,0.5,0.5,0.8715625,3200
fcc,4,0,JAC-1NN,timing_uncertainty,0.5,0.6666667,0.981875,3200
fcc,4,0,JAC-1NN,timing_uncertainty,0.5,0.8333333,0.9890625,3200
fcc,4,0,JAC-1NN,timing_uncertainty,0.5,1.0,0.9921875,3200
fcc,4,0,JAC-1NN,timing_uncertainty,0.6,0.1666667,0.6678125,3200
fcc,4,0,JAC-1NN,timing_uncertainty,0.6,0.3333333,0.6678125,3200
fcc,4,0,JAC-1NN,timing_uncertainty,0.6,0.5,0.87,3200
fcc,4,0,JAC-1NN,timing_uncertainty,0.6,0.6666667,0.9828125,3200
fcc,4,0,JAC-1NN,timing_uncertainty,0.6,0.8333333,0.9890625,3200
fcc,4,0,JAC-1NN,timing_uncertainty,0.6,1.0,0.9925,3200
fcc,4,0,JAC-1NN,timing_uncertainty,0.7,0.1666667,0.6628125,3200
fcc,4,0,JAC-1NN,timing_uncertainty,0.7,0.3333333,0.6628125,3200
fcc,4,0,JAC-1NN,timing_uncertainty,0.7,0.5,0.865,3200
fcc,4,0,JAC-1NN,timing_uncertainty,0.7,0.6666667,0.980625,3200
fcc,4,0,JAC-1NN,timing_uncertainty,0.7,0.8333333,0.9884375,3200
fcc,4,0,JAC-1NN,timing_uncertainty,0.7,1.0,0.991875,3200
fcc,4,0,JAC-1NN,timing_uncertainty,0.8,0.1666667,0.67,3200
fcc,4,0,JAC-1NN,timing_uncertainty,0.8,0.3333333,0.67,3200
fcc,4,0,JAC-1NN,timing_uncertainty,0.8,0.5,0.875,3200
fcc,4,0,JAC-1NN,timing_uncertainty,0.8,0.6666667,0.9803125,3200
fcc,4,0,JAC-1NN,timing_uncertainty,0.8,0.8333333,0.9896875,3200
fcc,4,0,JAC-1NN,timing_uncertainty,0.8,1.0,0.993125,3200
fcc,4,0,JAC-1NN,timing_uncertainty,0.9,0.1666667,0.67125,3200
fcc,4,0,JAC-1NN,timing_uncertainty,0.9,0.3333333,0.67125,3200
fcc,4,0,JAC-1NN,timing_uncertainty,0.9,0.5,0.876875,3200
fcc,4,0,JAC-1NN,timing_uncertainty,0.9,0.6666667,0.978125,3200
fcc,4,0,JAC-1NN,timing_uncertainty,0.9,0.8333333,0.989375,3200
fcc,4,0,JAC-1NN,timing_uncertainty,0.9,1.0,0.993125,3200
fcc,4,0,MBW-LR,late_time_delay,0.0,0.1666667,0.8875,3200
fcc,4,0,MBW-LR,late_time_delay,0.0,0.3333333,0.8875,3200
fcc,4,0,MBW-LR,late_time_delay,0.0,0.5,0.965625,3200
fcc,4,0,MBW-LR,late_time_delay,0.0,0.6666667,0.9875,3200
fcc,4,0,MBW-LR,late_time_delay,0.0,0.8333333,0.99375,3200
fcc,4,0,MBW-LR,late_time_delay,0.0,1.0,0.996875,3200
fcc,4,0,MBW-LR,late_time_delay,0.05,0.1666667,0.321875,3200
fcc,4,0,MBW-LR,late_time_delay,0.05,0.3333333,0.321875,3200
fcc,4,0,MBW-LR,late_time_delay,0.05,0.5,0.3375,3200
fcc,4,0,MBW-LR,late_time_delay,0.05,0.6666667,0.359375,3200
fcc,4,0,MBW-LR,late_time_delay,0.05,0.8333333,0.371875,3200
fcc,4,0,MBW-LR,late_time_delay,0.05,1.0,0.38125,3200
fcc,4,0,MBW-LR,late_time_delay,0.1,0.1666667,0.24375,3200
fcc,4,0,MBW-LR,late_time_delay,0.1,0.3333333,0.24375,3200
fcc,4,0,MBW-LR,late_time_delay,0.1,0.5,0.284375,3200
fcc,4,0,MBW-LR,late_time_delay,0.1,0.6666667,0.303125,3200
fcc,4,0,MBW-LR,late_time_delay,0.1,0.8333333,0.334375,3200
fcc,4,0,MBW-LR,late_time_delay,0.1,1.0,0.3375,3200
fcc,4,0,MBW-LR,late_time_delay,0.15,0.1666667,0.19375,3200
fcc,4,0,MBW-LR,late_time_delay,0.15,0.3333333,0.19375,3200
fcc,4,0,MBW-LR,late_time_delay,0.15,0.5,0.215625,3200
fcc,4,0,MBW-LR,late_time_delay,0.15,0.6666667,0.246875,3200
fcc,4,0,MBW-LR,late_time_delay,0.15,0.8333333,0.2625,3200
fcc,4,0,MBW-LR,late_time_delay,0.15,1.0,0.28125,3200
fcc,4,0,MBW-LR,late_time_delay,0.2,0.1666667,0.153125,3200
fcc,4,0,MBW-LR,late_time_delay,0.2,0.3333333,0.153125,3200
fcc,4,0,MBW-LR,late_time_delay,0.2,0.5,0.20625,3200
fcc,4,0,MBW-LR,late_time_delay,0.2,0.6666667,0.23125,3200
fcc,4,0,MBW-LR,late_time_delay,0.2,0.8333333,0.23125,3200
fcc,4,0,MBW-LR,late_time_delay,0.2,1.0,0.25625,3200
fcc,4,0,MBW-LR,late_time_delay,0.25,0.1666667,0.15625,3200
fcc,4,0,MBW-LR,late_time_delay,0.25,0.3333333,0.15625,3200
fcc,4,0,MBW-LR,late_time_delay,0.25,0.5,0.18125,3200
fcc,4,0,MBW-LR,late_time_delay,0.25,0.6666667,0.18125,3200
fcc,4,0,MBW-LR,late_time_delay,0.25,0.8333333,0.2125,3200
fcc,4,0,MBW-LR,late_time_delay,0.25,1.0,0.246875,3200
fcc,4,0,MBW-LR,late_time_delay,0.3,0.1666667,0.1625,3200
fcc,4,0,MBW-LR,late_time_delay,0.3,0.3333333,0.1625,3200
fcc,4,0,MBW-LR,late_time_delay,0.3,0.5,0.2125,3200
fcc,4,0,MBW-LR,late_time_delay,0.3,0.6666667,0.2125,3200
fcc,4,0,MBW-LR,late_time_delay,0.3,0.8333333,0.215625,3200
fcc,4,0,MBW-LR,late_time_delay,0.3,1.0,0.234375,3200
fcc,4,0,MBW-LR,late_time_delay,0.4,0.1666667,0.175,3200
fcc,4,0,MBW-LR,late_time_delay,0.4,0.3333333,0.175,3200
fcc,4,0,MBW-LR,late_time_delay,0.4,0.5,0.175,3200
fcc,4,0,MBW-LR,late_time_delay,0.4,0.6666667,0.203125,3200
fcc,4,0,MBW-LR,late_time_delay,0.4,0.8333333,0.203125,3200
fcc,4,0,MBW-LR,late_time_delay,0.4,1.0,0.21875,3200
fcc,4,0,MBW-LR,late_time_delay,0.5,0.1666667,0.1375,3200
fcc,4,0,MBW-LR,late_time_delay,0.5,0.3333333,0.1375,3200
fcc,4,0,MBW-LR,late_time_delay,0.5,0.5,0.1375,3200
fcc,4,0,MBW-LR,late_time_delay,0.5,0.6666667,0.1375,3200
fcc,4,0,MBW-LR,late_time_delay,0.5,0.8333333,0.184375,3200
fcc,4,0,MBW-LR,late_time_delay,0.5,1.0,0.175,3200
fcc,4,0,MBW-LR,late_time_delay,0.6,0.1666667,0.125,3200
fcc,4,0,MBW-LR,late_time_delay,0.6,0.3333333,0.125,3200
fcc,4,0,MBW-LR,late_time_delay,0.6,0.5,0.125,3200
fcc,4,0,MBW-LR,late_time_delay,0.6,0.6666667,0.125,3200
fcc,4,0,MBW-LR,late_time_delay,0.6,0.8333333,0.125,3200
fcc,4,0,MBW-LR,late_time_delay,0.6,1.0,0.16875,3200
fcc,4,0,MBW-LR,late_time_delay,0.7,0.1666667,0.11875,3200
fcc,4,0,MBW-LR,late_time_delay,0.7,0.3333333,0.11875,3200
fcc,4,0,MBW-LR,late_time_delay,0.7,0.5,0.11875,3200
fcc,4,0,MBW-LR,late_time_delay,0.7,0.6666667,0.11875,3200
fcc,4,0,MBW-LR,late_time_delay,0.7,0.8333333,0.11875,3200
fcc,4,0,MBW-LR,late_time_delay,0.7,1.0,0.165625,3200
fcc,4,0,MBW-LR,late_time_delay,0.8,0.1666667,0.115625,3200
fcc,4,0,MBW-LR,late_time_delay,0.8,0.3333333,0.115625,3200
fcc,4,0,MBW-LR,late_time_delay,0.8,0.5,0.115625,3200
fcc,4,0,MBW-LR,late_time_delay,0.8,0.6666667,0.115625,3200
fcc,4,0,MBW-LR,late_time_delay,0.8,0.8333333,0.115625,3200
fcc,4,0,MBW-LR,late_time_delay,0.8,1.0,0.115625,3200
fcc,4,0,MBW-LR,late_time_delay,0.9,0.1666667,0.125,3200
fcc,4,0,MBW-LR,late_time_delay,0.9,0.3333333,0.125,3200
fcc,4,0,MBW-LR,late_time_delay,0.9,0.5,0.125,3200
fcc,4,0,MBW-LR,late_time_delay,0.9,0.6666667,0.125,3200
fcc,4,0,MBW-LR,late_time_delay,0.9,0.8333333,0.125,3200
fcc,4,0,MBW-LR,late_time_delay,0.9,1.0,0.125,3200
fcc,4,0,MBW-LR,missing_events,0.0,0.1666667,0.8875,3200
fcc,4,0,MBW-LR,missing_events,0.0,0.3333333,0.8875,3200
fcc,4,0,MBW-LR,missing_events,0.0,0.5,0.965625,3200
fcc,4,0,MBW-LR,missing_events,0.0,0.6666667,0.9875,3200
fcc,4,0,MBW-LR,missing_events,0.0,0.8333333,0.99375,3200
fcc,4,0,MBW-LR,missing_events,0.0,1.0,0.996875,3200
fcc,4,0,MBW-LR,missing_events,0.05,0.1666667,0.885,3200
fcc,4,0,MBW-LR,missing_events,0.05,0.3333333,0.885,3200
fcc,4,0,MBW-LR,missing_events,0.05,0.5,0.9628125,3200
fcc,4,0,MBW-LR,missing_events,0.05,0.6666667,0.985625,3200
fcc,4,0,MBW-LR,missing_events,0.05,0.8333333,0.9921875,3200
fcc,4,0,MBW-LR,missing_events,0.05,1.0,0.995,3200
fcc,4,0,MBW-LR,missing_events,0.1,0.1666667,0.868125,3200
fcc,4,0,MBW-LR,missing_events,0.1,0.3333333,0.868125,3200
fcc,4,0,MBW-LR,missing_events,0.1,0.5,0.9453125,3200
fcc,4,0,MBW-LR,missing_events,0.1,0.6666667,0.9653125,3200
fcc,4,0,MBW-LR,missing_events,0.1,0.8333333,0.9725,3200
fcc,4,0,MBW-LR,missing_events,0.1,1.0,0.9771875,3200
fcc,4,0,MBW-LR,missing_events,0.15,0.1666667,0.8515625,3200
fcc,4,0,MBW-LR,missing_events,0.15,0.3333333,0.8515625,3200
fcc,4,0,MBW-LR,missing_events,0.15,0.5,0.9278125,3200
fcc,4,0,MBW-LR,missing_events,0.15,0.6666667,0.948125,3200
fcc,4,0,MBW-LR,missing_events,0.15,0.8333333,0.9590625,3200
fcc,4,0,MBW-LR,missing_events,0.15,1.0,0.9634375,3200
fcc,4,0,MBW-LR,missing_events,0.2,0.1666667,0.8234375,3200
fcc,4,0,MBW-LR,missing_events,0.2,0.3333333,0.8234375,3200
fcc,4,0,MBW-LR,missing_events,0.2,0.5,0.9009375,3200
fcc,4,0,MBW-LR,missing_events,0.2,0.6666667,0.92125,3200
fcc,4,0,MBW-LR,missing_events,0.2,0.8333333,0.93125,3200
fcc,4,0,MBW-LR,missing_events,0.2,1.0,0.936875,3200
fcc,4,0,MBW-LR,missing_events,0.25,0.1666667,0.808125,3200
fcc,4,0,MBW-LR,missing_events,0.25,0.3333333,0.808125,3200
fcc,4,0,MBW-LR,missing_events,0.25,0.5,0.8871875,3200
fcc,4,0,MBW-LR,missing_events,0.25,0.6666667,0.9053125,3200
fcc,4,0,MBW-LR,missing_events,0.25,0.8333333,0.920625,3200
fcc,4,0,MBW-LR,missing_events,0.25,1.0,0.926875,3200
fcc,4,0,MBW-LR,missing_events,0.3,0.1666667,0.7778125,3200
fcc,4,0,MBW-LR,missing_events,0.3,0.3333333,0.7778125,3200
fcc,4,0,MBW-LR,missing_events,0.3,0.5,0.859375,3200
fcc,4,0,MBW-LR,missing_events,0.3,0.6666667,0.8753125,3200
fcc,4,0,MBW-LR,missing_events,0.3,0.8333333,0.8921875,3200
fcc,4,0,MBW-LR,missing_events,0.3,1.0,0.89875,3200
fcc,4,0,MBW-LR,missing_events,0.4,0.1666667,0.7171875,3200
fcc,4,0,MBW-LR,missing_events,0.4,0.3333333,0.7171875,3200
fcc,4,0,MBW-LR,missing_events,0.4,0.5,0.794375,3200
fcc,4,0,MBW-LR,missing_events,0.4,0.6666667,0.8134375,3200
fcc,4,0,MBW-LR,missing_events,0.4,0.8333333,0.8328125,3200
fcc,4,0,MBW-LR,missing_events,0.4,1.0,0.840625,3200
fcc,4,0,MBW-LR,missing_events,0.5,0.1666667,0.655,3200
fcc,4,0,MBW-LR,missing_events,0.5,0.3333333,0.655,3200
fcc,4,0,MBW-LR,missing_events,0.5,0.5,0.7209375,3200
fcc,4,0,MBW-LR,missing_events,0.5,0.6666667,0.74375,3200
fcc,4,0,MBW-LR,missing_events,0.5,0.8333333,0.7578125,3200
fcc,4,0,MBW-LR,missing_events,0.5,1.0,0.7584375,3200
fcc,4,0,MBW-LR,missing_events,0.6,0.1666667,0.591875,3200
fcc,4,0,MBW-LR,missing_events,0.6,0.3333333,0.591875,3200
fcc,4,0,MBW-LR,missing_events,0.6,0.5,0.6459375,3200
fcc,4,0,MBW-LR,missing_events,0.6,0.6666667,0.6671875,3200
fcc,4,0,MBW-LR,missing_events,0.6,0.8333333,0.6846875,3200
fcc,4,0,MBW-LR,missing_events,0.6,1.0,0.6865625,3200
fcc,4,0,MBW-LR,missing_events,0.7,0.1666667,0.516875,3200
fcc,4,0,MBW-LR,missing_events,0.7,0.3333333,0.516875,3200
fcc,4,0,MBW-LR,missing_events,0.7,0.5,0.5634375,3200
fcc,4,0,MBW-LR,missing_events,0.7,0.6666667,0.58125,3200
fcc,4,0,MBW-LR,missing_events,0.7,0.8333333,0.59375,3200
fcc,4,0,MBW-LR,missing_events,0.7,1.0,0.6025,3200
fcc,4,0,MBW-LR,missing_events,0.8,0.1666667,0.416875,3200
fcc,4,0,MBW-LR,missing_events,0.8,0.3333333,0.416875,3200
fcc,4,0,MBW-LR,missing_events,0.8,0.5,0.456875,3200
fcc,4,0,MBW-LR,missing_events,0.8,0.6666667,0.46625,3200
fcc,4,0,MBW-LR,missing_events,0.8,0.8333333,0.4765625,3200
fcc,4,0,MBW-LR,missing_events,0.8,1.0,0.4825,3200
fcc,4,0,MBW-LR,missing_events,0.9,0.1666667,0.2734375,3200
fcc,4,0,MBW-LR,missing_events,0.9,0.3333333,0.2734375,3200
fcc,4,0,MBW-LR,missing_events,0.9,0.5,0.304375,3200
fcc,4,0,MBW-LR,missing_events,0.9,0.6666667,0.3209375,3200
fcc,4,0,MBW-LR,missing_events,0.9,0.8333333,0.3384375,3200
fcc,4,0,MBW-LR,missing_events,0.9,1.0,0.350625,3200
fcc,4,0,MBW-LR,mixed_missing_spurious,0.0,0.1666667,0.8875,3200
fcc,4,0,MBW-LR,mixed_missing_spurious,0.0,0.3333333,0.8875,3200
fcc,4,0,MBW-LR,mixed_missing_spurious,0.0,0.5,0.965625,3200
fcc,4,0,MBW-LR,mixed_missing_spurious,0.0,0.6666667,0.9875,3200
fcc,4,0,MBW-LR,mixed_missing_spurious,0.0,0.8333333,0.99375,3200
fcc,4,0,MBW-LR,mixed_missing_spurious,0.0,1.0,0.996875,3200
fcc,4,0,MBW-LR,mixed_missing_spurious,0.05,0.1666667,0.8846875,3200
fcc,4,0,MBW-LR,mixed_missing_spurious,0.05,0.3333333,0.8846875,3200
fcc,4,0,MBW-LR,mixed_missing_spurious,0.05,0.5,0.9615625,3200
fcc,4,0,MBW-LR,mixed_missing_spurious,0.05,0.6666667,0.9796875,3200
fcc,4,0,MBW-LR,mixed_missing_spurious,0.05,0.8333333,0.985,3200
fcc,4,0,MBW-LR,mixed_missing_spurious,0.05,1.0,0.9928125,3200
fcc,4,0,MBW-LR,mixed_missing_spurious,0.1,0.1666667,0.86375,3200
fcc,4,0,MBW-LR,mixed_missing_spurious,0.1,0.3333333,0.86375,3200
fcc,4,0,MBW-LR,mixed_missing_spurious,0.1,0.5,0.93125,3200
fcc,4,0,MBW-LR,mixed_missing_spurious,0.1,0.6666667,0.9490625,3200
fcc,4,0,MBW-LR,mixed_missing_spurious,0.1,0.8333333,0.9553125,3200
fcc,4,0,MBW-LR,mixed_missing_spurious,0.1,1.0,0.9653125,3200
fcc,4,0,MBW-LR,mixed_missing_spurious,0.15,0.1666667,0.835,3200
fcc,4,0,MBW-LR,mixed_missing_spurious,0.15,0.3333333,0.835,3200
fcc,4,0,MBW-LR,mixed_missing_spurious,0.15,0.5,0.9028125,3200
fcc,4,0,MBW-LR,mixed_missing_spurious,0.15,0.6666667,0.9134375,3200
fcc,4,0,MBW-LR,mixed_missing_spurious,0.15,0.8333333,0.9196875,3200
fcc,4,0,MBW-LR,mixed_missing_spurious,0.15,1.0,0.9321875,3200
fcc,4,0,MBW-LR,mixed_missing_spurious,0.2,0.1666667,0.81,3200
fcc,4,0,MBW-LR,mixed_missing_spurious,0.2,0.3333333,0.81,3200
fcc,4,0,MBW-LR,mixed_missing_spurious,0.2,0.5,0.8696875,3200
fcc,4,0,MBW-LR,mixed_missing_spurious,0.2,0.6666667,0.8728125,3200
fcc,4,0,MBW-LR,mixed_missing_spurious,0.2,0.8333333,0.881875,3200
fcc,4,0,MBW-LR,mixed_missing_spurious,0.2,1.0,0.88875,3200
fcc,4,0,MBW-LR,mixed_missing_spurious,0.25,0.1666667,0.7809375,3200
fcc,4,0,MBW-LR,mixed_missing_spurious,0.25,0.3333333,0.7809375,3200
fcc,4,0,MBW-LR,mixed_missing_spurious,0.25,0.5,0.8378125,3200
fcc,4,0,MBW-LR,mixed_missing_spurious,0.25,0.6666667,0.8428125,3200
fcc,4,0,MBW-LR,mixed_missing_spurious,0.25,0.8333333,0.845625,3200
fcc,4,0,MBW-LR,mixed_missing_spurious,0.25,1.0,0.8525,3200
fcc,4,0,MBW-LR,mixed_missing_spurious,0.3,0.1666667,0.7484375,3200
fcc,4,0,MBW-LR,mixed_missing_spurious,0.3,0.3333333,0.7484375,3200
fcc,4,0,MBW-LR,mixed_missing_spurious,0.3,0.5,0.803125,3200
fcc,4,0,MBW-LR,mixed_missing_spurious,0.3,0.6666667,0.8065625,3200
fcc,4,0,MBW-LR,mixed_missing_spurious,0.3,0.8333333,0.816875,3200
fcc,4,0,MBW-LR,mixed_missing_spurious,0.3,1.0,0.8134375,3200
fcc,4,0,MBW-LR,mixed_missing_spurious,0.4,0.1666667,0.6859375,3200
fcc,4,0,MBW-LR,mixed_missing_spurious,0.4,0.3333333,0.6859375,3200
fcc,4,0,MBW-LR,mixed_missing_spurious,0.4,0.5,0.73,3200
fcc,4,0,MBW-LR,mixed_missing_spurious,0.4,0.6666667,0.7271875,3200
fcc,4,0,MBW-LR,mixed_missing_spurious,0.4,0.8333333,0.7246875,3200
fcc,4,0,MBW-LR,mixed_missing_spurious,0.4,1.0,0.715,3200
fcc,4,0,MBW-LR,mixed_missing_spurious,0.5,0.1666667,0.60625,3200
fcc,4,0,MBW-LR,mixed_missing_spurious,0.5,0.3333333,0.60625,3200
fcc,4,0,MBW-LR,mixed_missing_spurious,0.5,0.5,0.628125,3200
fcc,4,0,MBW-LR,mixed_missing_spurious,0.5,0.6666667,0.623125,3200
fcc,4,0,MBW-LR,mixed_missing_spurious,0.5,0.8333333,0.6259375,3200
fcc,4,0,MBW-LR,mixed_missing_spurious,0.5,1.0,0.6078125,3200
fcc,4,0,MBW-LR,mixed_missing_spurious,0.6,0.1666667,0.5759375,3200
fcc,4,0,MBW-LR,mixed_missing_spurious,0.6,0.3333333,0.5759375,3200
fcc,4,0,MBW-LR,mixed_missing_spurious,0.6,0.5,0.57875,3200
fcc,4,0,MBW-LR,mixed_missing_spurious,0.6,0.6666667,0.57625,3200
fcc,4,0,MBW-LR,mixed_missing_spurious,0.6,0.8333333,0.5696875,3200
fcc,4,0,MBW-LR,mixed_missing_spurious,0.6,1.0,0.551875,3200
fcc,4,0,MBW-LR,mixed_missing_spurious,0.7,0.1666667,0.4825,3200
fcc,4,0,MBW-LR,mixed_missing_spurious,0.7,0.3333333,0.4825,3200
fcc,4,0,MBW-LR,mixed_missing_spurious,0.7,0.5,0.49,3200
fcc,4,0,MBW-LR,mixed_missing_spurious,0.7,0.6666667,0.47875,3200
fcc,4,0,MBW-LR,mixed_missing_spurious,0.7,0.8333333,0.4753125,3200
fcc,4,0,MBW-LR,mixed_missing_spurious,0.7,1.0,0.44875,3200
fcc,4,0,MBW-LR,mixed_missing_spurious,0.8,0.1666667,0.3803125,3200
fcc,4,0,MBW-LR,mixed_missing_spurious,0.8,0.3333333,0.3803125,3200
fcc,4,0,MBW-LR,mixed_missing_spurious,0.8,0.5,0.3890625,3200
fcc,4,0,MBW-LR,mixed_missing_spurious,0.8,0.6666667,0.3725,3200
fcc,4,0,MBW-LR,mixed_missing_spurious,0.8,0.8333333,0.3678125,3200
fcc,4,0,MBW-LR,mixed_missing_spurious,0.8,1.0,0.3534375,3200
fcc,4,0,MBW-LR,mixed_missing_spurious,0.9,0.1666667,0.2765625,3200
fcc,4,0,MBW-LR,mixed_missing_spurious,0.9,0.3333333,0.2765625,3200
fcc,4,0,MBW-LR,mixed_missing_spurious,0.9,0.5,0.2915625,3200
fcc,4,0,MBW-LR,mixed_missing_spurious,0.9,0.6666667,0.289375,3200
fcc,4,0,MBW-LR,mixed_missing_spurious,0.9,0.8333333,0.2984375,3200
fcc,4,0,MBW-LR,mixed_missing_spurious,0.9,1.0,0.3009375,3200
fcc,4,0,MBW-LR,mixed_spurious_timing_late,0.0,0.1666667,0.8875,3200
fcc,4,0,MBW-LR,mixed_spurious_timing_late,0.0,0.3333333,0.8875,3200
fcc,4,0,MBW-LR,mixed_spurious_timing_late,0.0,0.5,0.965625,3200
fcc,4,0,MBW-LR,mixed_spurious_timing_late,0.0,0.6666667,0.9875,3200
fcc,4,0,MBW-LR,mixed_spurious_timing_late,0.0,0.8333333,0.99375,3200
fcc,4,0,MBW-LR,mixed_spurious_timing_late,0.0,1.0,0.996875,3200
fcc,4,0,MBW-LR,mixed_spurious_timing_late,0.05,0.1666667,0.315625,3200
fcc,4,0,MBW-LR,mixed_spurious_timing_late,0.05,0.3333333,0.315625,3200
fcc,4,0,MBW-LR,mixed_spurious_timing_late,0.05,0.5,0.3303125,3200
fcc,4,0,MBW-LR,mixed_spurious_timing_late,0.05,0.6666667,0.3515625,3200
fcc,4,0,MBW-LR,mixed_spurious_timing_late,0.05,0.8333333,0.363125,3200
fcc,4,0,MBW-LR,mixed_spurious_timing_late,0.05,1.0,0.378125,3200
fcc,4,0,MBW-LR,mixed_spurious_timing_late,0.1,0.1666667,0.230625,3200
fcc,4,0,MBW-LR,mixed_spurious_timing_late,0.1,0.3333333,0.230625,3200
fcc,4,0,MBW-LR,mixed_spurious_timing_late,0.1,0.5,0.2671875,3200
fcc,4,0,MBW-LR,mixed_spurious_timing_late,0.1,0.6666667,0.2828125,3200
fcc,4,0,MBW-LR,mixed_spurious_timing_late,0.1,0.8333333,0.3015625,3200
fcc,4,0,MBW-LR,mixed_spurious_timing_late,0.1,1.0,0.319375,3200
fcc,4,0,MBW-LR,mixed_spurious_timing_late,0.15,0.1666667,0.1859375,3200
fcc,4,0,MBW-LR,mixed_spurious_timing_late,0.15,0.3333333,0.1859375,3200
fcc,4,0,MBW-LR,mixed_spurious_timing_late,0.15,0.5,0.2015625,3200
fcc,4,0,MBW-LR,mixed_spurious_timing_late,0.15,0.6666667,0.2246875,3200
fcc,4,0,MBW-LR,mixed_spurious_timing_late,0.15,0.8333333,0.2434375,3200
fcc,4,0,MBW-LR,mixed_spurious_timing_late,0.15,1.0,0.251875,3200
fcc,4,0,MBW-LR,mixed_spurious_timing_late,0.2,0.1666667,0.1465625,3200
fcc,4,0,MBW-LR,mixed_spurious_timing_late,0.2,0.3333333,0.1465625,3200
fcc,4,0,MBW-LR,mixed_spurious_timing_late,0.2,0.5,0.17875,3200
fcc,4,0,MBW-LR,mixed_spurious_timing_late,0.2,0.6666667,0.2009375,3200
fcc,4,0,MBW-LR,mixed_spurious_timing_late,0.2,0.8333333,0.2009375,3200
fcc,4,0,MBW-LR,mixed_spurious_timing_late,0.2,1.0,0.215,3200
fcc,4,0,MBW-LR,mixed_spurious_timing_late,0.25,0.1666667,0.1359375,3200
fcc,4,0,MBW-LR,mixed_spurious_timing_late,0.25,0.3333333,0.1359375,3200
fcc,4,0,MBW-LR,mixed_spurious_timing_late,0.25,0.5,0.1665625,3200
fcc,4,0,MBW-LR,mixed_spurious_timing_late,0.25,0.6666667,0.1665625,3200
fcc,4,0,MBW-LR,mixed_spurious_timing_late,0.25,0.8333333,0.193125,3200
fcc,4,0,MBW-LR,mixed_spurious_timing_late,0.25,1.0,0.1971875,3200
fcc,4,0,MBW-LR,mixed_spurious_timing_late,0.3,0.1666667,0.135625,3200
fcc,4,0,MBW-LR,mixed_spurious_timing_late,0.3,0.3333333,0.135625,3200
fcc,4,0,MBW-LR,mixed_spurious_timing_late,0.3,0.5,0.1578125,3200
fcc,4,0,MBW-LR,mixed_spurious_timing_late,0.3,0.6666667,0.1578125,3200
fcc,4,0,MBW-LR,mixed_spurious_timing_late,0.3,0.8333333,0.159375,3200
fcc,4,0,MBW-LR,mixed_spurious_timing_late,0.3,1.0,0.1621875,3200
fcc,4,0,MBW-LR,mixed_spurious_timing_late,0.4,0.1666667,0.13375,3200
fcc,4,0,MBW-LR,mixed_spurious_timing_late,0.4,0.3333333,0.13375,3200
fcc,4,0,MBW-LR,mixed_spurious_timing_late,0.4,0.5,0.13375,3200
fcc,4,0,MBW-LR,mixed_spurious_timing_late,0.4,0.6666667,0.143125,3200
fcc,4,0,MBW-LR,mixed_spurious_timing_late,0.4,0.8333333,0.143125,3200
fcc,4,0,MBW-LR,mixed_spurious_timing_late,0.4,1.0,0.12875,3200
fcc,4,0,MBW-LR,mixed_spurious_timing_late,0.5,0.1666667,0.095625,3200
fcc,4,0,MBW-LR,mixed_spurious_timing_late,0.5,0.3333333,0.095625,3200
fcc,4,0,MBW-LR,mixed_spurious_timing_late,0.5,0.5,0.095625,3200
fcc,4,0,MBW-LR,mixed_spurious_timing_late,0.5,0.6666667,0.095625,3200
fcc,4,0,MBW-LR,mixed_spurious_timing_late,0.5,0.8333333,0.1034375,3200
fcc,4,0,MBW-LR,mixed_spurious_timing_late,0.5,1.0,0.095625,3200
fcc,4,0,MBW-LR,mixed_spurious_timing_late,0.6,0.1666667,0.085,3200
fcc,4,0,MBW-LR,mixed_spurious_timing_late,0.6,0.3333333,0.085,3200
fcc,4,0,MBW-LR,mixed_spurious_timing_late,0.6,0.5,0.085,3200
fcc,4,0,MBW-LR,mixed_spurious_timing_late,0.6,0.6666667,0.085,3200
fcc,4,0,MBW-LR,mixed_spurious_timing_late,0.6,0.8333333,0.085,3200
fcc,4,0,MBW-LR,mixed_spurious_timing_late,0.6,1.0,0.0978125,3200
fcc,4,0,MBW-LR,mixed_spurious_timing_late,0.7,0.1666667,0.0878125,3200
fcc,4,0,MBW-LR,mixed_spurious_timing_late,0.7,0.3333333,0.0878125,3200
fcc,4,0,MBW-LR,mixed_spurious_timing_late,0.7,0.5,0.0878125,3200
fcc,4,0,MBW-LR,mixed_spurious_timing_late,0.7,0.6666667,0.0878125,3200
fcc,4,0,MBW-LR,mixed_spurious_timing_late,0.7,0.8333333,0.0878125,3200
fcc,4,0,MBW-LR,mixed_spurious_timing_late,0.7,1.0,0.09875,3200
fcc,4,0,MBW-LR,mixed_spurious_timing_late,0.8,0.1666667,0.0715625,3200
fcc,4,0,MBW-LR,mixed_spurious_timing_late,0.8,0.3333333,0.0715625,3200
fcc,4,0,MBW-LR,mixed_spurious_timing_late,0.8,0.5,0.0715625,3200
fcc,4,0,MBW-LR,mixed_spurious_timing_late,0.8,0.6666667,0.0715625,3200
fcc,4,0,MBW-LR,mixed_spurious_timing_late,0.8,0.8333333,0.0715625,3200
fcc,4,0,MBW-LR,mixed_spurious_timing_late,0.8,1.0,0.078125,3200
fcc,4,0,MBW-LR,mixed_spurious_timing_late,0.9,0.1666667,0.0840625,3200
fcc,4,0,MBW-LR,mixed_spurious_timing_late,0.9,0.3333333,0.0840625,3200
fcc,4,0,MBW-LR,mixed_spurious_timing_late,0.9,0.5,0.0840625,3200
fcc,4,0,MBW-LR,mixed_spurious_timing_late,0.9,0.6666667,0.0840625,3200
fcc,4,0,MBW-LR,mixed_spurious_timing_late,0.9,0.8333333,0.0840625,3200
fcc,4,0,MBW-LR,mixed_spurious_timing_late,0.9,1.0,0.0840625,3200
fcc,4,0,MBW-LR,spurious_events,0.0,0.1666667,0.8875,3200
fcc,4,0,MBW-LR,spurious_events,0.0,0.3333333,0.8875,3200
fcc,4,0,MBW-LR,spurious_events,0.0,0.5,0.965625,3200
fcc,4,0,MBW-LR,spurious_events,0.0,0.6666667,0.9875,3200
fcc,4,0,MBW-LR,spurious_events,0.0,0.8333333,0.99375,3200
fcc,4,0,MBW-LR,spurious_events,0.0,1.0,0.996875,3200
fcc,4,0,MBW-LR,spurious_events,0.05,0.1666667,0.8890625,3200
fcc,4,0,MBW-LR,spurious_events,0.05,0.3333333,0.8890625,3200
fcc,4,0,MBW-LR,spurious_events,0.05,0.5,0.9625,3200
fcc,4,0,MBW-LR,spurious_events,0.05,0.6666667,0.983125,3200
fcc,4,0,MBW-LR,spurious_events,0.05,0.8333333,0.990625,3200
fcc,4,0,MBW-LR,spurious_events,0.05,1.0,0.995625,3200
fcc,4,0,MBW-LR,spurious_events,0.1,0.1666667,0.8865625,3200
fcc,4,0,MBW-LR,spurious_events,0.1,0.3333333,0.8865625,3200
fcc,4,0,MBW-LR,spurious_events,0.1,0.5,0.9503125,3200
fcc,4,0,MBW-LR,spurious_events,0.1,0.6666667,0.96625,3200
fcc,4,0,MBW-LR,spurious_events,0.1,0.8333333,0.97125,3200
fcc,4,0,MBW-LR,spurious_events,0.1,1.0,0.9803125,3200
fcc,4,0,MBW-LR,spurious_events,0.15,0.1666667,0.8821875,3200
fcc,4,0,MBW-LR,spurious_events,0.15,0.3333333,0.8821875,3200
fcc,4,0,MBW-LR,spurious_events,0.15,0.5,0.941875,3200
fcc,4,0,MBW-LR,spurious_events,0.15,0.6666667,0.955,3200
fcc,4,0,MBW-LR,spurious_events,0.15,0.8333333,0.9596875,3200
fcc,4,0,MBW-LR,spurious_events,0.15,1.0,0.9703125,3200
fcc,4,0,MBW-LR,spurious_events,0.2,0.1666667,0.871875,3200
fcc,4,0,MBW-LR,spurious_events,0.2,0.3333333,0.871875,3200
fcc,4,0,MBW-LR,spurious_events,0.2,0.5,0.9275,3200
fcc,4,0,MBW-LR,spurious_events,0.2,0.6666667,0.936875,3200
fcc,4,0,MBW-LR,spurious_events,0.2,0.8333333,0.9415625,3200
fcc,4,0,MBW-LR,spurious_events,0.2,1.0,0.9540625,3200
fcc,4,0,MBW-LR,spurious_events,0.25,0.1666667,0.8659375,3200
fcc,4,0,MBW-LR,spurious_events,0.25,0.3333333,0.8659375,3200
fcc,4,0,MBW-LR,spurious_events,0.25,0.5,0.91625,3200
fcc,4,0,MBW-LR,spurious_events,0.25,0.6666667,0.9225,3200
fcc,4,0,MBW-LR,spurious_events,0.25,0.8333333,0.9234375,3200
fcc,4,0,MBW-LR,spurious_events,0.25,1.0,0.9246875,3200
fcc,4,0,MBW-LR,spurious_events,0.3,0.1666667,0.8578125,3200
fcc,4,0,MBW-LR,spurious_events,0.3,0.3333333,0.8578125,3200
fcc,4,0,MBW-LR,spurious_events,0.3,0.5,0.903125,3200
fcc,4,0,MBW-LR,spurious_events,0.3,0.6666667,0.91,3200
fcc,4,0,MBW-LR,spurious_events,0.3,0.8333333,0.9140625,3200
fcc,4,0,MBW-LR,spurious_events,0.3,1.0,0.913125,3200
fcc,4,0,MBW-LR,spurious_events,0.4,0.1666667,0.851875,3200
fcc,4,0,MBW-LR,spurious_events,0.4,0.3333333,0.851875,3200
fcc,4,0,MBW-LR,spurious_events,0.4,0.5,0.895625,3200
fcc,4,0,MBW-LR,spurious_events,0.4,0.6666667,0.896875,3200
fcc,4,0,MBW-LR,spurious_events,0.4,0.8333333,0.8990625,3200
fcc,4,0,MBW-LR,spurious_events,0.4,1.0,0.8871875,3200
fcc,4,0,MBW-LR,spurious_events,0.5,0.1666667,0.8421875,3200
fcc,4,0,MBW-LR,spurious_events,0.5,0.3333333,0.8421875,3200
fcc,4,0,MBW-LR,spurious_events,0.5,0.5,0.875625,3200
fcc,4,0,MBW-LR,spurious_events,0.5,0.6666667,0.86875,3200
fcc,4,0,MBW-LR,spurious_events,0.5,0.8333333,0.87,3200
fcc,4,0,MBW-LR,spurious_events,0.5,1.0,0.84875,3200
fcc,4,0,MBW-LR,spurious_events,0.6,0.1666667,0.826875,3200
fcc,4,0,MBW-LR,spurious_events,0.6,0.3333333,0.826875,3200
fcc,4,0,MBW-LR,spurious_events,0.6,0.5,0.848125,3200
fcc,4,0,MBW-LR,spurious_events,0.6,0.6666667,0.8365625,3200
fcc,4,0,MBW-LR,spurious_events,0.6,0.8333333,0.8234375,3200
fcc,4,0,MBW-LR,spurious_events,0.6,1.0,0.7921875,3200
fcc,4,0,MBW-LR,spurious_events,0.7,0.1666667,0.8228125,3200
fcc,4,0,MBW-LR,spurious_events,0.7,0.3333333,0.8228125,3200
fcc,4,0,MBW-LR,spurious_events,0.7,0.5,0.8434375,3200
fcc,4,0,MBW-LR,spurious_events,0.7,0.6666667,0.8240625,3200
fcc,4,0,MBW-LR,spurious_events,0.7,0.8333333,0.808125,3200
fcc,4,0,MBW-LR,spurious_events,0.7,1.0,0.76875,3200
fcc,4,0,MBW-LR,spurious_events,0.8,0.1666667,0.805,3200
fcc,4,0,MBW-LR,spurious_events,0.8,0.3333333,0.805,3200
fcc,4,0,MBW-LR,spurious_events,0.8,0.5,0.82,3200
fcc,4,0,MBW-LR,spurious_events,0.8,0.6666667,0.79875,3200
fcc,4,0,MBW-LR,spurious_events,0.8,0.8333333,0.784375,3200
fcc,4,0,MBW-LR,spurious_events,0.8,1.0,0.7340625,3200
fcc,4,0,MBW-LR,spurious_events,0.9,0.1666667,0.7921875,3200
fcc,4,0,MBW-LR,spurious_events,0.9,0.3333333,0.7921875,3200
fcc,4,0,MBW-LR,spurious_events,0.9,0.5,0.7971875,3200
fcc,4,0,MBW-LR,spurious_events,0.9,0.6666667,0.7771875,3200
fcc,4,0,MBW-LR,spurious_events,0.9,0.8333333,0.7521875,3200
fcc,4,0,MBW-LR,spurious_events,0.9,1.0,0.69375,3200
fcc,4,0,MBW-LR,timing_uncertainty,0.0,0.1666667,0.8875,3200
fcc,4,0,MBW-LR,timing_uncertainty,0.0,0.3333333,0.8875,3200
fcc,4,0,MBW-LR,timing_uncertainty,0.0,0.5,0.965625,3200
fcc,4,0,MBW-LR,timing_uncertainty,0.0,0.6666667,0.9875,3200
fcc,4,0,MBW-LR,timing_uncertainty,0.0,0.8333333,0.99375,3200
fcc,4,0,MBW-LR,timing_uncertainty,0.0,1.0,0.996875,3200
fcc,4,0,MBW-LR,timing_uncertainty,0.05,0.1666667,0.8884375,3200
fcc,4,0,MBW-LR,timing_uncertainty,0.05,0.3333333,0.8884375,3200
fcc,4,0,MBW-LR,timing_uncertainty,0.05,0.5,0.965625,3200
fcc,4,0,MBW-LR,timing_uncertainty,0.05,0.6666667,0.9875,3200
fcc,4,0,MBW-LR,timing_uncertainty,0.05,0.8333333,0.99375,3200
fcc,4,0,MBW-LR,timing_uncertainty,0.05,1.0,0.996875,3200
fcc,4,0,MBW-LR,timing_uncertainty,0.1,0.1666667,0.8875,3200
fcc,4,0,MBW-LR,timing_uncertainty,0.1,0.3333333,0.8875,3200
fcc,4,0,MBW-LR,timing_uncertainty,0.1,0.5,0.9653125,3200
fcc,4,0,MBW-LR,timing_uncertainty,0.1,0.6666667,0.9865625,3200
fcc,4,0,MBW-LR,timing_uncertainty,0.1,0.8333333,0.9928125,3200
fcc,4,0,MBW-LR,timing_uncertainty,0.1,1.0,0.99625,3200
fcc,4,0,MBW-LR,timing_uncertainty,0.15,0.1666667,0.8865625,3200
fcc,4,0,MBW-LR,timing_uncertainty,0.15,0.3333333,0.8865625,3200
fcc,4,0,MBW-LR,timing_uncertainty,0.15,0.5,0.964375,3200
fcc,4,0,MBW-LR,timing_uncertainty,0.15,0.6666667,0.984375,3200
fcc,4,0,MBW-LR,timing_uncertainty,0.15,0.8333333,0.9921875,3200
fcc,4,0,MBW-LR,timing_uncertainty,0.15,1.0,0.9965625,3200
fcc,4,0,MBW-LR,timing_uncertainty,0.2,0.1666667,0.884375,3200
fcc,4,0,MBW-LR,timing_uncertainty,0.2,0.3333333,0.884375,3200
fcc,4,0,MBW-LR,timing_uncertainty,0.2,0.5,0.9625,3200
fcc,4,0,MBW-LR,timing_uncertainty,0.2,0.6666667,0.9828125,3200
fcc,4,0,MBW-LR,timing_uncertainty,0.2,0.8333333,0.9896875,3200
fcc,4,0,MBW-LR,timing_uncertainty,0.2,1.0,0.995625,3200
fcc,4,0,MBW-LR,timing_uncertainty,0.25,0.1666667,0.87625,3200
fcc,4,0,MBW-LR,timing_uncertainty,0.25,0.3333333,0.87625,3200
fcc,4,0,MBW-LR,timing_uncertainty,0.25,0.5,0.9625,3200
fcc,4,0,MBW-LR,timing_uncertainty,0.25,0.6666667,0.9809375,3200
fcc,4,0,MBW-LR,timing_uncertainty,0.25,0.8333333,0.99125,3200
fcc,4,0,MBW-LR,timing_uncertainty,0.25,1.0,0.9934375,3200
fcc,4,0,MBW-LR,timing_uncertainty,0.3,0.1666667,0.863125,3200
fcc,4,0,MBW-LR,timing_uncertainty,0.3,0.3333333,0.863125,3200
fcc,4,0,MBW-LR,timing_uncertainty,0.3,0.5,0.9540625,3200
fcc,4,0,MBW-LR,timing_uncertainty,0.3,0.6666667,0.97375,3200
fcc,4,0,MBW-LR,timing_uncertainty,0.3,0.8333333,0.984375,3200
fcc,4,0,MBW-LR,timing_uncertainty,0.3,1.0,0.9925,3200
fcc,4,0,MBW-LR,timing_uncertainty,0.4,0.1666667,0.8559375,3200
fcc,4,0,MBW-LR,timing_uncertainty,0.4,0.3333333,0.8559375,3200
fcc,4,0,MBW-LR,timing_uncertainty,0.4,0.5,0.9478125,3200
fcc,4,0,MBW-LR,timing_uncertainty,0.4,0.6666667,0.971875,3200
fcc,4,0,MBW-LR,timing_uncertainty,0.4,0.8333333,0.98375,3200
fcc,4,0,MBW-LR,timing_uncertainty,0.4,1.0,0.99125,3200
fcc,4,0,MBW-LR,timing_uncertainty,0.5,0.1666667,0.836875,3200
fcc,4,0,MBW-LR,timing_uncertainty,0.5,0.3333333,0.836875,3200
fcc,4,0,MBW-LR,timing_uncertainty,0.5,0.5,0.9321875,3200
fcc,4,0,MBW-LR,timing_uncertainty,0.5,0.6666667,0.961875,3200
fcc,4,0,MBW-LR,timing_uncertainty,0.5,0.8333333,0.9778125,3200
fcc,4,0,MBW-LR,timing_uncertainty,0.5,1.0,0.985625,3200
fcc,4,0,MBW-LR,timing_uncertainty,0.6,0.1666667,0.83,3200
fcc,4,0,MBW-LR,timing_uncertainty,0.6,0.3333333,0.83,3200
fcc,4,0,MBW-LR,timing_uncertainty,0.6,0.5,0.9346875,3200
fcc,4,0,MBW-LR,timing_uncertainty,0.6,0.6666667,0.96375,3200
fcc,4,0,MBW-LR,timing_uncertainty,0.6,0.8333333,0.976875,3200
fcc,4,0,MBW-LR,timing_uncertainty,0.6,1.0,0.9828125,3200
fcc,4,0,MBW-LR,timing_uncertainty,0.7,0.1666667,0.798125,3200
fcc,4,0,MBW-LR,timing_uncertainty,0.7,0.3333333,0.798125,3200
fcc,4,0,MBW-LR,timing_uncertainty,0.7,0.5,0.9084375,3200
fcc,4,0,MBW-LR,timing_uncertainty,0.7,0.6666667,0.94375,3200
fcc,4,0,MBW-LR,timing_uncertainty,0.7,0.8333333,0.968125,3200
fcc,4,0,MBW-LR,timing_uncertainty,0.7,1.0,0.9765625,3200
fcc,4,0,MBW-LR,timing_uncertainty,0.8,0.1666667,0.774375,3200
fcc,4,0,MBW-LR,timing_uncertainty,0.8,0.3333333,0.774375,3200
fcc,4,0,MBW-LR,timing_uncertainty,0.8,0.5,0.88875,3200
fcc,4,0,MBW-LR,timing_uncertainty,0.8,0.6666667,0.940625,3200
fcc,4,0,MBW-LR,timing_uncertainty,0.8,0.8333333,0.9609375,3200
fcc,4,0,MBW-LR,timing_uncertainty,0.8,1.0,0.9725,3200
fcc,4,0,MBW-LR,timing_uncertainty,0.9,0.1666667,0.758125,3200
fcc,4,0,MBW-LR,timing_uncertainty,0.9,0.3333333,0.758125,3200
fcc,4,0,MBW-LR,timing_uncertainty,0.9,0.5,0.8715625,3200
fcc,4,0,MBW-LR,timing_uncertainty,0.9,0.6666667,0.9340625,3200
fcc,4,0,MBW-LR,timing_uncertainty,0.9,0.8333333,0.95625,3200
fcc,4,0,MBW-LR,timing_uncertainty,0.9,1.0,0.9690625,3200
fcc,4,0,WDI-1NN,late_time_delay,0.0,0.1666667,0.3875,3200
fcc,4,0,WDI-1NN,late_time_delay,0.0,0.3333333,0.3875,3200
fcc,4,0,WDI-1NN,late_time_delay,0.0,0.5,0.53125,3200
fcc,4,0,WDI-1NN,late_time_delay,0.0,0.6666667,0.753125,3200
fcc,4,0,WDI-1NN,late_time_delay,0.0,0.8333333,0.796875,3200
fcc,4,0,WDI-1NN,late_time_delay,0.0,1.0,0.81875,3200
fcc,4,0,WDI-1NN,late_time_delay,0.05,0.1666667,0.184375,3200
fcc,4,0,WDI-1NN,late_time_delay,0.05,0.3333333,0.184375,3200
fcc,4,0,WDI-1NN,late_time_delay,0.05,0.5,0.3,3200
fcc,4,0,WDI-1NN,late_time_delay,0.05,0.6666667,0.49375,3200
fcc,4,0,WDI-1NN,late_time_delay,0.05,0.8333333,0.546875,3200
fcc,4,0,WDI-1NN,late_time_delay,0.05,1.0,0.55,3200
fcc,4,0,WDI-1NN,late_time_delay,0.1,0.1666667,0.171875,3200
fcc,4,0,WDI-1NN,late_time_delay,0.1,0.3333333,0.171875,3200
fcc,4,0,WDI-1NN,late_time_delay,0.1,0.5,0.303125,3200
fcc,4,0,WDI-1NN,late_time_delay,0.1,0.6666667,0.45,3200
fcc,4,0,WDI-1NN,late_time_delay,0.1,0.8333333,0.475,3200
fcc,4,0,WDI-1NN,late_time_delay,0.1,1.0,0.465625,3200
fcc,4,0,WDI-1NN,late_time_delay,0.15,0.1666667,0.146875,3200
fcc,4,0,WDI-1NN,late_time_delay,0.15,0.3333333,0.146875,3200
fcc,4,0,WDI-1NN,late_time_delay,0.15,0.5,0.265625,3200
fcc,4,0,WDI-1NN,late_time_delay,0.15,0.6666667,0.328125,3200
fcc,4,0,WDI-1NN,late_time_delay,0.15,0.8333333,0.340625,3200
fcc,4,0,WDI-1NN,late_time_delay,0.15,1.0,0.3625,3200
fcc,4,0,WDI-1NN,late_time_delay,0.2,0.1666667,0.121875,3200
fcc,4,0,WDI-1NN,late_time_delay,0.2,0.3333333,0.121875,3200
fcc,4,0,WDI-1NN,late_time_delay,0.2,0.5,0.225,3200
fcc,4,0,WDI-1NN,late_time_delay,0.2,0.6666667,0.265625,3200
fcc,4,0,WDI-1NN,late_time_delay,0.2,0.8333333,0.265625,3200
fcc,4,0,WDI-1NN,late_time_delay,0.2,1.0,0.328125,3200
fcc,4,0,WDI-1NN,late_time_delay,0.25,0.1666667,0.075,3200
fcc,4,0,WDI-1NN,late_time_delay,0.25,0.3333333,0.075,3200
fcc,4,0,WDI-1NN,late_time_delay,0.25,0.5,0.14375,3200
fcc,4,0,WDI-1NN,late_time_delay,0.25,0.6666667,0.14375,3200
fcc,4,0,WDI-1NN,late_time_delay,0.25,0.8333333,0.209375,3200
fcc,4,0,WDI-1NN,late_time_delay,0.25,1.0,0.2875,3200
fcc,4,0,WDI-1NN,late_time_delay,0.3,0.1666667,0.071875,3200
fcc,4,0,WDI-1NN,late_time_delay,0.3,0.3333333,0.071875,3200
fcc,4,0,WDI-1NN,late_time_delay,0.3,0.5,0.103125,3200
fcc,4,0,WDI-1NN,late_time_delay,0.3,0.6666667,0.103125,3200
fcc,4,0,WDI-1NN,late_time_delay,0.3,0.8333333,0.16875,3200
fcc,4,0,WDI-1NN,late_time_delay,0.3,1.0,0.23125,3200
fcc,4,0,WDI-1NN,late_time_delay,0.4,0.1666667,0.0625,3200
fcc,4,0,WDI-1NN,late_time_delay,0.4,0.3333333,0.0625,3200
fcc,4,0,WDI-1NN,late_time_delay,0.4,0.5,0.0625,3200
fcc,4,0,WDI-1NN,late_time_delay,0.4,0.6666667,0.10625,3200
fcc,4,0,WDI-1NN,late_time_delay,0.4,0.8333333,0.10625,3200
fcc,4,0,WDI-1NN,late_time_delay,0.4,1.0,0.178125,3200
fcc,4,0,WDI-1NN,late_time_delay,0.5,0.1666667,0.0625,3200
fcc,4,0,WDI-1NN,late_time_delay,0.5,0.3333333,0.0625,3200
fcc,4,0,WDI-1NN,late_time_delay,0.5,0.5,0.0625,3200
fcc,4,0,WDI-1NN,late_time_delay,0.5,0.6666667,0.0625,3200
fcc,4,0,WDI-1NN,late_time_delay,0.5,0.8333333,0.096875,3200
fcc,4,0,WDI-1NN,late_time_delay,0.5,1.0,0.14375,3200
fcc,4,0,WDI-1NN,late_time_delay,0.6,0.1666667,0.078125,3200
fcc,4,0,WDI-1NN,late_time_delay,0.6,0.3333333,0.078125,3200
fcc,4,0,WDI-1NN,late_time_delay,0.6,0.5,0.078125,3200
fcc,4,0,WDI-1NN,late_time_delay,0.6,0.6666667,0.078125,3200
fcc,4,0,WDI-1NN,late_time_delay,0.6,0.8333333,0.078125,3200
fcc,4,0,WDI-1NN,late_time_delay,0.6,1.0,0.140625,3200
fcc,4,0,WDI-1NN,late_time_delay,0.7,0.1666667,0.096875,3200
fcc,4,0,WDI-1NN,late_time_delay,0.7,0.3333333,0.096875,3200
fcc,4,0,WDI-1NN,late_time_delay,0.7,0.5,0.096875,3200
fcc,4,0,WDI-1NN,late_time_delay,0.7,0.6666667,0.096875,3200
fcc,4,0,WDI-1NN,late_time_delay,0.7,0.8333333,0.096875,3200
fcc,4,0,WDI-1NN,late_time_delay,0.7,1.0,0.1375,3200
fcc,4,0,WDI-1NN,late_time_delay,0.8,0.1666667,0.1125,3200
fcc,4,0,WDI-1NN,late_time_delay,0.8,0.3333333,0.1125,3200
fcc,4,0,WDI-1NN,late_time_delay,0.8,0.5,0.1125,3200
fcc,4,0,WDI-1NN,late_time_delay,0.8,0.6666667,0.1125,3200
fcc,4,0,WDI-1NN,late_time_delay,0.8,0.8333333,0.1125,3200
fcc,4,0,WDI-1NN,late_time_delay,0.8,1.0,0.121875,3200
fcc,4,0,WDI-1NN,late_time_delay,0.9,0.1666667,0.09375,3200
fcc,4,0,WDI-1NN,late_time_delay,0.9,0.3333333,0.09375,3200
fcc,4,0,WDI-1NN,late_time_delay,0.9,0.5,0.09375,3200
fcc,4,0,WDI-1NN,late_time_delay,0.9,0.6666667,0.09375,3200
fcc,4,0,WDI-1NN,late_time_delay,0.9,0.8333333,0.09375,3200
fcc,4,0,WDI-1NN,late_time_delay,0.9,1.0,0.09375,3200
fcc,4,0,WDI-1NN,missing_events,0.0,0.1666667,0.3875,3200
fcc,4,0,WDI-1NN,missing_events,0.0,0.3333333,0.3875,3200
fcc,4,0,WDI-1NN,missing_events,0.0,0.5,0.53125,3200
fcc,4,0,WDI-1NN,missing_events,0.0,0.6666667,0.753125,3200
fcc,4,0,WDI-1NN,missing_events,0.0,0.8333333,0.796875,3200
fcc,4,0,WDI-1NN,missing_events,0.0,1.0,0.81875,3200
fcc,4,0,WDI-1NN,missing_events,0.05,0.1666667,0.381875,3200
fcc,4,0,WDI-1NN,missing_events,0.05,0.3333333,0.381875,3200
fcc,4,0,WDI-1NN,missing_events,0.05,0.5,0.52625,3200
fcc,4,0,WDI-1NN,missing_events,0.05,0.6666667,0.74,3200
fcc,4,0,WDI-1NN,missing_events,0.05,0.8333333,0.7878125,3200
fcc,4,0,WDI-1NN,missing_events,0.05,1.0,0.81375,3200
fcc,4,0,WDI-1NN,missing_events,0.1,0.1666667,0.3603125,3200
fcc,4,0,WDI-1NN,missing_events,0.1,0.3333333,0.3603125,3200
fcc,4,0,WDI-1NN,missing_events,0.1,0.5,0.5040625,3200
fcc,4,0,WDI-1NN,missing_events,0.1,0.6666667,0.6934375,3200
fcc,4,0,WDI-1NN,missing_events,0.1,0.8333333,0.7703125,3200
fcc,4,0,WDI-1NN,missing_events,0.1,1.0,0.794375,3200
fcc,4,0,WDI-1NN,missing_events,0.15,0.1666667,0.335625,3200
fcc,4,0,WDI-1NN,missing_events,0.15,0.3333333,0.335625,3200
fcc,4,0,WDI-1NN,missing_events,0.15,0.5,0.469375,3200
fcc,4,0,WDI-1NN,missing_events,0.15,0.6666667,0.6571875,3200
fcc,4,0,WDI-1NN,missing_events,0.15,0.8333333,0.7240625,3200
fcc,4,0,WDI-1NN,missing_events,0.15,1.0,0.7646875,3200
fcc,4,0,WDI-1NN,missing_events,0.2,0.1666667,0.3146875,3200
fcc,4,0,WDI-1NN,missing_events,0.2,0.3333333,0.3146875,3200
fcc,4,0,WDI-1NN,missing_events,0.2,0.5,0.44375,3200
fcc,4,0,WDI-1NN,missing_events,0.2,0.6666667,0.5928125,3200
fcc,4,0,WDI-1NN,missing_events,0.2,0.8333333,0.6765625,3200
fcc,4,0,WDI-1NN,missing_events,0.2,1.0,0.725,3200
fcc,4,0,WDI-1NN,missing_events,0.25,0.1666667,0.293125,3200
fcc,4,0,WDI-1NN,missing_events,0.25,0.3333333,0.293125,3200
fcc,4,0,WDI-1NN,missing_events,0.25,0.5,0.4184375,3200
fcc,4,0,WDI-1NN,missing_events,0.25,0.6666667,0.560625,3200
fcc,4,0,WDI-1NN,missing_events,0.25,0.8333333,0.63625,3200
fcc,4,0,WDI-1NN,missing_events,0.25,1.0,0.68875,3200
fcc,4,0,WDI-1NN,missing_events,0.3,0.1666667,0.2684375,3200
fcc,4,0,WDI-1NN,missing_events,0.3,0.3333333,0.2684375,3200
fcc,4,0,WDI-1NN,missing_events,0.3,0.5,0.38875,3200
fcc,4,0,WDI-1NN,missing_events,0.3,0.6666667,0.5096875,3200
fcc,4,0,WDI-1NN,missing_events,0.3,0.8333333,0.59125,3200
fcc,4,0,WDI-1NN,missing_events,0.3,1.0,0.655625,3200
fcc,4,0,WDI-1NN,missing_events,0.4,0.1666667,0.23125,3200
fcc,4,0,WDI-1NN,missing_events,0.4,0.3333333,0.23125,3200
fcc,4,0,WDI-1NN,missing_events,0.4,0.5,0.323125,3200
fcc,4,0,WDI-1NN,missing_events,0.4,0.6666667,0.4121875,3200
fcc,4,0,WDI-1NN,missing_events,0.4,0.8333333,0.47,3200
fcc,4,0,WDI-1NN,missing_events,0.4,1.0,0.5503125,3200
fcc,4,0,WDI-1NN,missing_events,0.5,0.1666667,0.1928125,3200
fcc,4,0,WDI-1NN,missing_events,0.5,0.3333333,0.1928125,3200
fcc,4,0,WDI-1NN,missing_events,0.5,0.5,0.256875,3200
fcc,4,0,WDI-1NN,missing_events,0.5,0.6666667,0.31625,3200
fcc,4,0,WDI-1NN,missing_events,0.5,0.8333333,0.3521875,3200
fcc,4,0,WDI-1NN,missing_events,0.5,1.0,0.4215625,3200
fcc,4,0,WDI-1NN,missing_events,0.6,0.1666667,0.15875,3200
fcc,4,0,WDI-1NN,missing_events,0.6,0.3333333,0.15875,3200
fcc,4,0,WDI-1NN,missing_events,0.6,0.5,0.198125,3200
fcc,4,0,WDI-1NN,missing_events,0.6,0.6666667,0.236875,3200
fcc,4,0,WDI-1NN,missing_events,0.6,0.8333333,0.2621875,3200
fcc,4,0,WDI-1NN,missing_events,0.6,1.0,0.3234375,3200
fcc,4,0,WDI-1NN,missing_events,0.7,0.1666667,0.1209375,3200
fcc,4,0,WDI-1NN,missing_events,0.7,0.3333333,0.1209375,3200
fcc,4,0,WDI-1NN,missing_events,0.7,0.5,0.1528125,3200
fcc,4,0,WDI-1NN,missing_events,0.7,0.6666667,0.1715625,3200
fcc,4,0,WDI-1NN,missing_events,0.7,0.8333333,0.1865625,3200
fcc,4,0,WDI-1NN,missing_events,0.7,1.0,0.2328125,3200
fcc,4,0,WDI-1NN,missing_events,0.8,0.1666667,0.09625,3200
fcc,4,0,WDI-1NN,missing_events,0.8,0.3333333,0.09625,3200
fcc,4,0,WDI-1NN,missing_events,0.8,0.5,0.113125,3200
fcc,4,0,WDI-1NN,missing_events,0.8,0.6666667,0.121875,3200
fcc,4,0,WDI-1NN,missing_events,0.8,0.8333333,0.1246875,3200
fcc,4,0,WDI-1NN,missing_events,0.8,1.0,0.1546875,3200
fcc,4,0,WDI-1NN,missing_events,0.9,0.1666667,0.0796875,3200
fcc,4,0,WDI-1NN,missing_events,0.9,0.3333333,0.0796875,3200
fcc,4,0,WDI-1NN,missing_events,0.9,0.5,0.0840625,3200
fcc,4,0,WDI-1NN,missing_events,0.9,0.6666667,0.088125,3200
fcc,4,0,WDI-1NN,missing_events,0.9,0.8333333,0.0878125,3200
fcc,4,0,WDI-1NN,missing_events,0.9,1.0,0.098125,3200
fcc,4,0,WDI-1NN,mixed_missing_spurious,0.0,0.1666667,0.3875,3200
fcc,4,0,WDI-1NN,mixed_missing_spurious,0.0,0.3333333,0.3875,3200
fcc,4,0,WDI-1NN,mixed_missing_spurious,0.0,0.5,0.53125,3200
fcc,4,0,WDI-1NN,mixed_missing_spurious,0.0,0.6666667,0.753125,3200
fcc,4,0,WDI-1NN,mixed_missing_spurious,0.0,0.8333333,0.796875,3200
fcc,4,0,WDI-1NN,mixed_missing_spurious,0.0,1.0,0.81875,3200
fcc,4,0,WDI-1NN,mixed_missing_spurious,0.05,0.1666667,0.3790625,3200
fcc,4,0,WDI-1NN,mixed_missing_spurious,0.05,0.3333333,0.3790625,3200
fcc,4,0,WDI-1NN,mixed_missing_spurious,0.05,0.5,0.525,3200
fcc,4,0,WDI-1NN,mixed_missing_spurious,0.05,0.6666667,0.7396875,3200
fcc,4,0,WDI-1NN,mixed_missing_spurious,0.05,0.8333333,0.7853125,3200
fcc,4,0,WDI-1NN,mixed_missing_spurious,0.05,1.0,0.81375,3200
fcc,4,0,WDI-1NN,mixed_missing_spurious,0.1,0.1666667,0.36375,3200
fcc,4,0,WDI-1NN,mixed_missing_spurious,0.1,0.3333333,0.36375,3200
fcc,4,0,WDI-1NN,mixed_missing_spurious,0.1,0.5,0.5125,3200
fcc,4,0,WDI-1NN,mixed_missing_spurious,0.1,0.6666667,0.7,3200
fcc,4,0,WDI-1NN,mixed_missing_spurious,0.1,0.8333333,0.765625,3200
fcc,4,0,WDI-1NN,mixed_missing_spurious,0.1,1.0,0.790625,3200
fcc,4,0,WDI-1NN,mixed_missing_spurious,0.15,0.1666667,0.341875,3200
fcc,4,0,WDI-1NN,mixed_missing_spurious,0.15,0.3333333,0.341875,3200
fcc,4,0,WDI-1NN,mixed_missing_spurious,0.15,0.5,0.4853125,3200
fcc,4,0,WDI-1NN,mixed_missing_spurious,0.15,0.6666667,0.655625,3200
fcc,4,0,WDI-1NN,mixed_missing_spurious,0.15,0.8333333,0.7259375,3200
fcc,4,0,WDI-1NN,mixed_missing_spurious,0.15,1.0,0.7571875,3200
fcc,4,0,WDI-1NN,mixed_missing_spurious,0.2,0.1666667,0.315,3200
fcc,4,0,WDI-1NN,mixed_missing_spurious,0.2,0.3333333,0.315,3200
fcc,4,0,WDI-1NN,mixed_missing_spurious,0.2,0.5,0.4425,3200
fcc,4,0,WDI-1NN,mixed_missing_spurious,0.2,0.6666667,0.595,3200
fcc,4,0,WDI-1NN,mixed_missing_spurious,0.2,0.8333333,0.670625,3200
fcc,4,0,WDI-1NN,mixed_missing_spurious,0.2,1.0,0.7125,3200
fcc,4,0,WDI-1NN,mixed_missing_spurious,0.25,0.1666667,0.3040625,3200
fcc,4,0,WDI-1NN,mixed_missing_spurious,0.25,0.3333333,0.3040625,3200
fcc,4,0,WDI-1NN,mixed_missing_spurious,0.25,0.5,0.4278125,3200
fcc,4,0,WDI-1NN,mixed_missing_spurious,0.25,0.6666667,0.5596875,3200
fcc,4,0,WDI-1NN,mixed_missing_spurious,0.25,0.8333333,0.6353125,3200
fcc,4,0,WDI-1NN,mixed_missing_spurious,0.25,1.0,0.6809375,3200
fcc,4,0,WDI-1NN,mixed_missing_spurious,0.3,0.1666667,0.2784375,3200
fcc,4,0,WDI-1NN,mixed_missing_spurious,0.3,0.3333333,0.2784375,3200
fcc,4,0,WDI-1NN,mixed_missing_spurious,0.3,0.5,0.398125,3200
fcc,4,0,WDI-1NN,mixed_missing_spurious,0.3,0.6666667,0.510625,3200
fcc,4,0,WDI-1NN,mixed_missing_spurious,0.3,0.8333333,0.5903125,3200
fcc,4,0,WDI-1NN,mixed_missing_spurious,0.3,1.0,0.6459375,3200
fcc,4,0,WDI-1NN,mixed_missing_spurious,0.4,0.1666667,0.2378125,3200
fcc,4,0,WDI-1NN,mixed_missing_spurious,0.4,0.3333333,0.2378125,3200
fcc,4,0,WDI-1NN,mixed_missing_spurious,0.4,0.5,0.328125,3200
fcc,4,0,WDI-1NN,mixed_missing_spurious,0.4,0.6666667,0.4215625,3200
fcc,4,0,WDI-1NN,mixed_missing_spurious,0.4,0.8333333,0.48,3200
fcc,4,0,WDI-1NN,mixed_missing_spurious,0.4,1.0,0.5465625,3200
fcc,4,0,WDI-1NN,mixed_missing_spurious,0.5,0.1666667,0.19125,3200
fcc,4,0,WDI-1NN,mixed_missing_spurious,0.5,0.3333333,0.19125,3200
fcc,4,0,WDI-1NN,mixed_missing_spurious,0.5,0.5,0.2584375,3200
fcc,4,0,WDI-1NN,mixed_missing_spurious,0.5,0.6666667,0.316875,3200
fcc,4,0,WDI-1NN,mixed_missing_spurious,0.5,0.8333333,0.35875,3200
fcc,4,0,WDI-1NN,mixed_missing_spurious,0.5,1.0,0.421875,3200
fcc,4,0,WDI-1NN,mixed_missing_spurious,0.6,0.1666667,0.1625,3200
fcc,4,0,WDI-1NN,mixed_missing_spurious,0.6,0.3333333,0.1625,3200
fcc,4,0,WDI-1NN,mixed_missing_spurious,0.6,0.5,0.2003125,3200
fcc,4,0,WDI-1NN,mixed_missing_spurious,0.6,0.6666667,0.241875,3200
fcc,4,0,WDI-1NN,mixed_missing_spurious,0.6,0.8333333,0.2703125,3200
fcc,4,0,WDI-1NN,mixed_missing_spurious,0.6,1.0,0.3290625,3200
fcc,4,0,WDI-1NN,mixed_missing_spurious,0.7,0.1666667,0.13625,3200
fcc,4,0,WDI-1NN,mixed_missing_spurious,0.7,0.3333333,0.13625,3200
fcc,4,0,WDI-1NN,mixed_missing_spurious,0.7,0.5,0.163125,3200
fcc,4,0,WDI-1NN,mixed_missing_spurious,0.7,0.6666667,0.185,3200
fcc,4,0,WDI-1NN,mixed_missing_spurious,0.7,0.8333333,0.198125,3200
fcc,4,0,WDI-1NN,mixed_missing_spurious,0.7,1.0,0.25125,3200
fcc,4,0,WDI-1NN,mixed_missing_spurious,0.8,0.1666667,0.1090625,3200
fcc,4,0,WDI-1NN,mixed_missing_spurious,0.8,0.3333333,0.1090625,3200
fcc,4,0,WDI-1NN,mixed_missing_spurious,0.8,0.5,0.1228125,3200
fcc,4,0,WDI-1NN,mixed_missing_spurious,0.8,0.6666667,0.12875,3200
fcc,4,0,WDI-1NN,mixed_missing_spurious,0.8,0.8333333,0.135,3200
fcc,4,0,WDI-1NN,mixed_missing_spurious,0.8,1.0,0.1625,3200
fcc,4,0,WDI-1NN,mixed_missing_spurious,0.9,0.1666667,0.0815625,3200
fcc,4,0,WDI-1NN,mixed_missing_spurious,0.9,0.3333333,0.0815625,3200
fcc,4,0,WDI-1NN,mixed_missing_spurious,0.9,0.5,0.0865625,3200
fcc,4,0,WDI-1NN,mixed_missing_spurious,0.9,0.6666667,0.0871875,3200
fcc,4,0,WDI-1NN,mixed_missing_spurious,0.9,0.8333333,0.090625,3200
fcc,4,0,WDI-1NN,mixed_missing_spurious,0.9,1.0,0.10125,3200
fcc,4,0,WDI-1NN,mixed_spurious_timing_late,0.0,0.1666667,0.3875,3200
fcc,4,0,WDI-1NN,mixed_spurious_timing_late,0.0,0.3333333,0.3875,3200
fcc,4,0,WDI-1NN,mixed_spurious_timing_late,0.0,0.5,0.53125,3200
fcc,4,0,WDI-1NN,mixed_spurious_timing_late,0.0,0.6666667,0.753125,3200
fcc,4,0,WDI-1NN,mixed_spurious_timing_late,0.0,0.8333333,0.796875,3200
fcc,4,0,WDI-1NN,mixed_spurious_timing_late,0.0,1.0,0.81875,3200
fcc,4,0,WDI-1NN,mixed_spurious_timing_late,0.05,0.1666667,0.1840625,3200
fcc,4,0,WDI-1NN,mixed_spurious_timing_late,0.05,0.3333333,0.1840625,3200
fcc,4,0,WDI-1NN,mixed_spurious_timing_late,0.05,0.5,0.2996875,3200
fcc,4,0,WDI-1NN,mixed_spurious_timing_late,0.05,0.6666667,0.4921875,3200
fcc,4,0,WDI-1NN,mixed_spurious_timing_late,0.05,0.8333333,0.5440625,3200
fcc,4,0,WDI-1NN,mixed_spurious_timing_late,0.05,1.0,0.5496875,3200
fcc,4,0,WDI-1NN,mixed_spurious_timing_late,0.1,0.1666667,0.1740625,3200
fcc,4,0,WDI-1NN,mixed_spurious_timing_late,0.1,0.3333333,0.1740625,3200
fcc,4,0,WDI-1NN,mixed_spurious_timing_late,0.1,0.5,0.3040625,3200
fcc,4,0,WDI-1NN,mixed_spurious_timing_late,0.1,0.6666667,0.43875,3200
fcc,4,0,WDI-1NN,mixed_spurious_timing_late,0.1,0.8333333,0.46125,3200
fcc,4,0,WDI-1NN,mixed_spurious_timing_late,0.1,1.0,0.4625,3200
fcc,4,0,WDI-1NN,mixed_spurious_timing_late,0.15,0.1666667,0.1475,3200
fcc,4,0,WDI-1NN,mixed_spurious_timing_late,0.15,0.3333333,0.1475,3200
fcc,4,0,WDI-1NN,mixed_spurious_timing_late,0.15,0.5,0.26375,3200
fcc,4,0,WDI-1NN,mixed_spurious_timing_late,0.15,0.6666667,0.3228125,3200
fcc,4,0,WDI-1NN,mixed_spurious_timing_late,0.15,0.8333333,0.3378125,3200
fcc,4,0,WDI-1NN,mixed_spurious_timing_late,0.15,1.0,0.36125,3200
fcc,4,0,WDI-1NN,mixed_spurious_timing_late,0.2,0.1666667,0.120625,3200
fcc,4,0,WDI-1NN,mixed_spurious_timing_late,0.2,0.3333333,0.120625,3200
fcc,4,0,WDI-1NN,mixed_spurious_timing_late,0.2,0.5,0.2128125,3200
fcc,4,0,WDI-1NN,mixed_spurious_timing_late,0.2,0.6666667,0.2496875,3200
fcc,4,0,WDI-1NN,mixed_spurious_timing_late,0.2,0.8333333,0.2496875,3200
fcc,4,0,WDI-1NN,mixed_spurious_timing_late,0.2,1.0,0.318125,3200
fcc,4,0,WDI-1NN,mixed_spurious_timing_late,0.25,0.1666667,0.0821875,3200
fcc,4,0,WDI-1NN,mixed_spurious_timing_late,0.25,0.3333333,0.0821875,3200
fcc,4,0,WDI-1NN,mixed_spurious_timing_late,0.25,0.5,0.13875,3200
fcc,4,0,WDI-1NN,mixed_spurious_timing_late,0.25,0.6666667,0.13875,3200
fcc,4,0,WDI-1NN,mixed_spurious_timing_late,0.25,0.8333333,0.1934375,3200
fcc,4,0,WDI-1NN,mixed_spurious_timing_late,0.25,1.0,0.26875,3200
fcc,4,0,WDI-1NN,mixed_spurious_timing_late,0.3,0.1666667,0.0759375,3200
fcc,4,0,WDI-1NN,mixed_spurious_timing_late,0.3,0.3333333,0.0759375,3200
fcc,4,0,WDI-1NN,mixed_spurious_timing_late,0.3,0.5,0.105625,3200
fcc,4,0,WDI-1NN,mixed_spurious_timing_late,0.3,0.6666667,0.105625,3200
fcc,4,0,WDI-1NN,mixed_spurious_timing_late,0.3,0.8333333,0.1628125,3200
fcc,4,0,WDI-1NN,mixed_spurious_timing_late,0.3,1.0,0.2259375,3200
fcc,4,0,WDI-1NN,mixed_spurious_timing_late,0.4,0.1666667,0.0659375,3200
fcc,4,0,WDI-1NN,mixed_spurious_timing_late,0.4,0.3333333,0.0659375,3200
fcc,4,0,WDI-1NN,mixed_spurious_timing_late,0.4,0.5,0.0659375,3200
fcc,4,0,WDI-1NN,mixed_spurious_timing_late,0.4,0.6666667,0.1009375,3200
fcc,4,0,WDI-1NN,mixed_spurious_timing_late,0.4,0.8333333,0.1009375,3200
fcc,4,0,WDI-1NN,mixed_spurious_timing_late,0.4,1.0,0.17125,3200
fcc,4,0,WDI-1NN,mixed_spurious_timing_late,0.5,0.1666667,0.0615625,3200
fcc,4,0,WDI-1NN,mixed_spurious_timing_late,0.5,0.3333333,0.0615625,3200
fcc,4,0,WDI-1NN,mixed_spurious_timing_late,0.5,0.5,0.0615625,3200
fcc,4,0,WDI-1NN,mixed_spurious_timing_late,0.5,0.6666667,0.0615625,3200
fcc,4,0,WDI-1NN,mixed_spurious_timing_late,0.5,0.8333333,0.0915625,3200
fcc,4,0,WDI-1NN,mixed_spurious_timing_late,0.5,1.0,0.1321875,3200
fcc,4,0,WDI-1NN,mixed_spurious_timing_late,0.6,0.1666667,0.0728125,3200
fcc,4,0,WDI-1NN,mixed_spurious_timing_late,0.6,0.3333333,0.0728125,3200
fcc,4,0,WDI-1NN,mixed_spurious_timing_late,0.6,0.5,0.0728125,3200
fcc,4,0,WDI-1NN,mixed_spurious_timing_late,0.6,0.6666667,0.0728125,3200
fcc,4,0,WDI-1NN,mixed_spurious_timing_late,0.6,0.8333333,0.0728125,3200
fcc,4,0,WDI-1NN,mixed_spurious_timing_late,0.6,1.0,0.125,3200
fcc,4,0,WDI-1NN,mixed_spurious_timing_late,0.7,0.1666667,0.093125,3200
fcc,4,0,WDI-1NN,mixed_spurious_timing_late,0.7,0.3333333,0.093125,3200
fcc,4,0,WDI-1NN,mixed_spurious_timing_late,0.7,0.5,0.093125,3200
fcc,4,0,WDI-1NN,mixed_spurious_timing_late,0.7,0.6666667,0.093125,3200
fcc,4,0,WDI-1NN,mixed_spurious_timing_late,0.7,0.8333333,0.093125,3200
fcc,4,0,WDI-1NN,mixed_spurious_timing_late,0.7,1.0,0.1290625,3200
fcc,4,0,WDI-1NN,mixed_spurious_timing_late,0.8,0.1666667,0.095,3200
fcc,4,0,WDI-1NN,mixed_spurious_timing_late,0.8,0.3333333,0.095,3200
fcc,4,0,WDI-1NN,mixed_spurious_timing_late,0.8,0.5,0.095,3200
fcc,4,0,WDI-1NN,mixed_spurious_timing_late,0.8,0.6666667,0.095,3200
fcc,4,0,WDI-1NN,mixed_spurious_timing_late,0.8,0.8333333,0.095,3200
fcc,4,0,WDI-1NN,mixed_spurious_timing_late,0.8,1.0,0.103125,3200
fcc,4,0,WDI-1NN,mixed_spurious_timing_late,0.9,0.1666667,0.0865625,3200
fcc,4,0,WDI-1NN,mixed_spurious_timing_late,0.9,0.3333333,0.0865625,3200
fcc,4,0,WDI-1NN,mixed_spurious_timing_late,0.9,0.5,0.0865625,3200
fcc,4,0,WDI-1NN,mixed_spurious_timing_late,0.9,0.6666667,0.0865625,3200
fcc,4,0,WDI-1NN,mixed_spurious_timing_late,0.9,0.8333333,0.0865625,3200
fcc,4,0,WDI-1NN,mixed_spurious_timing_late,0.9,1.0,0.0865625,3200
fcc,4,0,WDI-1NN,spurious_events,0.0,0.1666667,0.3875,3200
fcc,4,0,WDI-1NN,spurious_events,0.0,0.3333333,0.3875,3200
fcc,4,0,WDI-1NN,spurious_events,0.0,0.5,0.53125,3200
fcc,4,0,WDI-1NN,spurious_events,0.0,0.6666667,0.753125,3200
fcc,4,0,WDI-1NN,spurious_events,0.0,0.8333333,0.796875,3200
fcc,4,0,WDI-1NN,spurious_events,0.0,1.0,0.81875,3200
fcc,4,0,WDI-1NN,spurious_events,0.05,0.1666667,0.3875,3200
fcc,4,0,WDI-1NN,spurious_events,0.05,0.3333333,0.3875,3200
fcc,4,0,WDI-1NN,spurious_events,0.05,0.5,0.5328125,3200
fcc,4,0,WDI-1NN,spurious_events,0.05,0.6666667,0.7540625,3200
fcc,4,0,WDI-1NN,spurious_events,0.05,0.8333333,0.795,3200
fcc,4,0,WDI-1NN,spurious_events,0.05,1.0,0.8178125,3200
fcc,4,0,WDI-1NN,spurious_events,0.1,0.1666667,0.386875,3200
fcc,4,0,WDI-1NN,spurious_events,0.1,0.3333333,0.386875,3200
fcc,4,0,WDI-1NN,spurious_events,0.1,0.5,0.5384375,3200
fcc,4,0,WDI-1NN,spurious_events,0.1,0.6666667,0.7475,3200
fcc,4,0,WDI-1NN,spurious_events,0.1,0.8333333,0.7909375,3200
fcc,4,0,WDI-1NN,spurious_events,0.1,1.0,0.809375,3200
fcc,4,0,WDI-1NN,spurious_events,0.15,0.1666667,0.3909375,3200
fcc,4,0,WDI-1NN,spurious_events,0.15,0.3333333,0.3909375,3200
fcc,4,0,WDI-1NN,spurious_events,0.15,0.5,0.536875,3200
fcc,4,0,WDI-1NN,spurious_events,0.15,0.6666667,0.74125,3200
fcc,4,0,WDI-1NN,spurious_events,0.15,0.8333333,0.7809375,3200
fcc,4,0,WDI-1NN,spurious_events,0.15,1.0,0.7996875,3200
fcc,4,0,WDI-1NN,spurious_events,0.2,0.1666667,0.3875,3200
fcc,4,0,WDI-1NN,spurious_events,0.2,0.3333333,0.3875,3200
fcc,4,0,WDI-1NN,spurious_events,0.2,0.5,0.5321875,3200
fcc,4,0,WDI-1NN,spurious_events,0.2,0.6666667,0.7371875,3200
fcc,4,0,WDI-1NN,spurious_events,0.2,0.8333333,0.7725,3200
fcc,4,0,WDI-1NN,spurious_events,0.2,1.0,0.7865625,3200
fcc,4,0,WDI-1NN,spurious_events,0.25,0.1666667,0.39375,3200
fcc,4,0,WDI-1NN,spurious_events,0.25,0.3333333,0.39375,3200
fcc,4,0,WDI-1NN,spurious_events,0.25,0.5,0.54,3200
fcc,4,0,WDI-1NN,spurious_events,0.25,0.6666667,0.736875,3200
fcc,4,0,WDI-1NN,spurious_events,0.25,0.8333333,0.77125,3200
fcc,4,0,WDI-1NN,spurious_events,0.25,1.0,0.79125,3200
fcc,4,0,WDI-1NN,spurious_events,0.3,0.1666667,0.3896875,3200
fcc,4,0,WDI-1NN,spurious_events,0.3,0.3333333,0.3896875,3200
fcc,4,0,WDI-1NN,spurious_events,0.3,0.5,0.5415625,3200
fcc,4,0,WDI-1NN,spurious_events,0.3,0.6666667,0.735,3200
fcc,4,0,WDI-1NN,spurious_events,0.3,0.8333333,0.769375,3200
fcc,4,0,WDI-1NN,spurious_events,0.3,1.0,0.78125,3200
fcc,4,0,WDI-1NN,spurious_events,0.4,0.1666667,0.395,3200
fcc,4,0,WDI-1NN,spurious_events,0.4,0.3333333,0.395,3200
fcc,4,0,WDI-1NN,spurious_events,0.4,0.5,0.5384375,3200
fcc,4,0,WDI-1NN,spurious_events,0.4,0.6666667,0.7196875,3200
fcc,4,0,WDI-1NN,spurious_events,0.4,0.8333333,0.744375,3200
fcc,4,0,WDI-1NN,spurious_events,0.4,1.0,0.7521875,3200
fcc,4,0,WDI-1NN,spurious_events,0.5,0.1666667,0.390625,3200
fcc,4,0,WDI-1NN,spurious_events,0.5,0.3333333,0.390625,3200
fcc,4,0,WDI-1NN,spurious_events,0.5,0.5,0.550625,3200
fcc,4,0,WDI-1NN,spurious_events,0.5,0.6666667,0.71875,3200
fcc,4,0,WDI-1NN,spurious_events,0.5,0.8333333,0.7384375,3200
fcc,4,0,WDI-1NN,spurious_events,0.5,1.0,0.73,3200
fcc,4,0,WDI-1NN,spurious_events,0.6,0.1666667,0.4009375,3200
fcc,4,0,WDI-1NN,spurious_events,0.6,0.3333333,0.4009375,3200
fcc,4,0,WDI-1NN,spurious_events,0.6,0.5,0.5496875,3200
fcc,4,0,WDI-1NN,spurious_events,0.6,0.6666667,0.715,3200
fcc,4,0,WDI-1NN,spurious_events,0.6,0.8333333,0.7353125,3200
fcc,4,0,WDI-1NN,spurious_events,0.6,1.0,0.719375,3200
fcc,4,0,WDI-1NN,spurious_events,0.7,0.1666667,0.394375,3200
fcc,4,0,WDI-1NN,spurious_events,0.7,0.3333333,0.394375,3200
fcc,4,0,WDI-1NN,spurious_events,0.7,0.5,0.545625,3200
fcc,4,0,WDI-1NN,spurious_events,0.7,0.6666667,0.6953125,3200
fcc,4,0,WDI-1NN,spurious_events,0.7,0.8333333,0.71,3200
fcc,4,0,WDI-1NN,spurious_events,0.7,1.0,0.6975,3200
fcc,4,0,WDI-1NN,spurious_events,0.8,0.1666667,0.4009375,3200
fcc,4,0,WDI-1NN,spurious_events,0.8,0.3333333,0.4009375,3200
fcc,4,0,WDI-1NN,spurious_events,0.8,0.5,0.5515625,3200
fcc,4,0,WDI-1NN,spurious_events,0.8,0.6666667,0.695,3200
fcc,4,0,WDI-1NN,spurious_events,0.8,0.8333333,0.705625,3200
fcc,4,0,WDI-1NN,spurious_events,0.8,1.0,0.6784375,3200
fcc,4,0,WDI-1NN,spurious_events,0.9,0.1666667,0.4109375,3200
fcc,4,0,WDI-1NN,spurious_events,0.9,0.3333333,0.4109375,3200
fcc,4,0,WDI-1NN,spurious_events,0.9,0.5,0.5528125,3200
fcc,4,0,WDI-1NN,spurious_events,0.9,0.6666667,0.6965625,3200
fcc,4,0,WDI-1NN,spurious_events,0.9,0.8333333,0.7003125,3200
fcc,4,0,WDI-1NN,spurious_events,0.9,1.0,0.6675,3200
fcc,4,0,WDI-1NN,timing_uncertainty,0.0,0.1666667,0.3875,3200
fcc,4,0,WDI-1NN,timing_uncertainty,0.0,0.3333333,0.3875,3200
fcc,4,0,WDI-1NN,timing_uncertainty,0.0,0.5,0.53125,3200
fcc,4,0,WDI-1NN,timing_uncertainty,0.0,0.6666667,0.753125,3200
fcc,4,0,WDI-1NN,timing_uncertainty,0.0,0.8333333,0.796875,3200
fcc,4,0,WDI-1NN,timing_uncertainty,0.0,1.0,0.81875,3200
fcc,4,0,WDI-1NN,timing_uncertainty,0.05,0.1666667,0.3871875,3200
fcc,4,0,WDI-1NN,timing_uncertainty,0.05,0.3333333,0.3871875,3200
fcc,4,0,WDI-1NN,timing_uncertainty,0.05,0.5,0.53125,3200
fcc,4,0,WDI-1NN,timing_uncertainty,0.05,0.6666667,0.753125,3200
fcc,4,0,WDI-1NN,timing_uncertainty,0.05,0.8333333,0.7971875,3200
fcc,4,0,WDI-1NN,timing_uncertainty,0.05,1.0,0.8184375,3200
fcc,4,0,WDI-1NN,timing_uncertainty,0.1,0.1666667,0.3884375,3200
fcc,4,0,WDI-1NN,timing_uncertainty,0.1,0.3333333,0.3884375,3200
fcc,4,0,WDI-1NN,timing_uncertainty,0.1,0.5,0.529375,3200
fcc,4,0,WDI-1NN,timing_uncertainty,0.1,0.6666667,0.754375,3200
fcc,4,0,WDI-1NN,timing_uncertainty,0.1,0.8333333,0.7971875,3200
fcc,4,0,WDI-1NN,timing_uncertainty,0.1,1.0,0.8190625,3200
fcc,4,0,WDI-1NN,timing_uncertainty,0.15,0.1666667,0.3884375,3200
fcc,4,0,WDI-1NN,timing_uncertainty,0.15,0.3333333,0.3884375,3200
fcc,4,0,WDI-1NN,timing_uncertainty,0.15,0.5,0.5284375,3200
fcc,4,0,WDI-1NN,timing_uncertainty,0.15,0.6666667,0.751875,3200
fcc,4,0,WDI-1NN,timing_uncertainty,0.15,0.8333333,0.7971875,3200
fcc,4,0,WDI-1NN,timing_uncertainty,0.15,1.0,0.818125,3200
fcc,4,0,WDI-1NN,timing_uncertainty,0.2,0.1666667,0.3896875,3200
fcc,4,0,WDI-1NN,timing_uncertainty,0.2,0.3333333,0.3896875,3200
fcc,4,0,WDI-1NN,timing_uncertainty,0.2,0.5,0.52875,3200
fcc,4,0,WDI-1NN,timing_uncertainty,0.2,0.6666667,0.75,3200
fcc,4,0,WDI-1NN,timing_uncertainty,0.2,0.8333333,0.7971875,3200
fcc,4,0,WDI-1NN,timing_uncertainty,0.2,1.0,0.8184375,3200
fcc,4,0,WDI-1NN,timing_uncertainty,0.25,0.1666667,0.3878125,3200
fcc,4,0,WDI-1NN,timing_uncertainty,0.25,0.3333333,0.3878125,3200
fcc,4,0,WDI-1NN,timing_uncertainty,0.25,0.5,0.5278125,3200
fcc,4,0,WDI-1NN,timing_uncertainty,0.25,0.6666667,0.7509375,3200
fcc,4,0,WDI-1NN,timing_uncertainty,0.25,0.8333333,0.7978125,3200
fcc,4,0,WDI-1NN,timing_uncertainty,0.25,1.0,0.81875,3200
fcc,4,0,WDI-1NN,timing_uncertainty,0.3,0.1666667,0.388125,3200
fcc,4,0,WDI-1NN,timing_uncertainty,0.3,0.3333333,0.388125,3200
fcc,4,0,WDI-1NN,timing_uncertainty,0.3,0.5,0.5265625,3200
fcc,4,0,WDI-1NN,timing_uncertainty,0.3,0.6666667,0.7503125,3200
fcc,4,0,WDI-1NN,timing_uncertainty,0.3,0.8333333,0.7996875,3200
fcc,4,0,WDI-1NN,timing_uncertainty,0.3,1.0,0.81875,3200
fcc,4,0,WDI-1NN,timing_uncertainty,0.4,0.1666667,0.380625,3200
fcc,4,0,WDI-1NN,timing_uncertainty,0.4,0.3333333,0.380625,3200
fcc,4,0,WDI-1NN,timing_uncertainty,0.4,0.5,0.5253125,3200
fcc,4,0,WDI-1NN,timing_uncertainty,0.4,0.6666667,0.7528125,3200
fcc,4,0,WDI-1NN,timing_uncertainty,0.4,0.8333333,0.798125,3200
fcc,4,0,WDI-1NN,timing_uncertainty,0.4,1.0,0.8184375,3200
fcc,4,0,WDI-1NN,timing_uncertainty,0.5,0.1666667,0.3809375,3200
fcc,4,0,WDI-1NN,timing_uncertainty,0.5,0.3333333,0.3809375,3200
fcc,4,0,WDI-1NN,timing_uncertainty,0.5,0.5,0.5278125,3200
fcc,4,0,WDI-1NN,timing_uncertainty,0.5,0.6666667,0.746875,3200
fcc,4,0,WDI-1NN,timing_uncertainty,0.5,0.8333333,0.800625,3200
fcc,4,0,WDI-1NN,timing_uncertainty,0.5,1.0,0.8165625,3200
fcc,4,0,WDI-1NN,timing_uncertainty,0.6,0.1666667,0.380625,3200
fcc,4,0,WDI-1NN,timing_uncertainty,0.6,0.3333333,0.380625,3200
fcc,4,0,WDI-1NN,timing_uncertainty,0.6,0.5,0.52875,3200
fcc,4,0,WDI-1NN,timing_uncertainty,0.6,0.6666667,0.74875,3200
fcc,4,0,WDI-1NN,timing_uncertainty,0.6,0.8333333,0.7990625,3200
fcc,4,0,WDI-1NN,timing_uncertainty,0.6,1.0,0.81875,3200
fcc,4,0,WDI-1NN,timing_uncertainty,0.7,0.1666667,0.37375,3200
fcc,4,0,WDI-1NN,timing_uncertainty,0.7,0.3333333,0.37375,3200
fcc,4,0,WDI-1NN,timing_uncertainty,0.7,0.5,0.5346875,3200
fcc,4,0,WDI-1NN,timing_uncertainty,0.7,0.6666667,0.7415625,3200
fcc,4,0,WDI-1NN,timing_uncertainty,0.7,0.8333333,0.8040625,3200
fcc,4,0,WDI-1NN,timing_uncertainty,0.7,1.0,0.82,3200
fcc,4,0,WDI-1NN,timing_uncertainty,0.8,0.1666667,0.3696875,3200
fcc,4,0,WDI-1NN,timing_uncertainty,0.8,0.3333333,0.3696875,3200
fcc,4,0,WDI-1NN,timing_uncertainty,0.8,0.5,0.5340625,3200
fcc,4,0,WDI-1NN,timing_uncertainty,0.8,0.6666667,0.7325,3200
fcc,4,0,WDI-1NN,timing_uncertainty,0.8,0.8333333,0.7953125,3200
fcc,4,0,WDI-1NN,timing_uncertainty,0.8,1.0,0.815625,3200
fcc,4,0,WDI-1NN,timing_uncertainty,0.9,0.1666667,0.3590625,3200
fcc,4,0,WDI-1NN,timing_uncertainty,0.9,0.3333333,0.3590625,3200
fcc,4,0,WDI-1NN,timing_uncertainty,0.9,0.5,0.540625,3200
fcc,4,0,WDI-1NN,timing_uncertainty,0.9,0.6666667,0.7290625,3200
fcc,4,0,WDI-1NN,timing_uncertainty,0.9,0.8333333,0.804375,3200
fcc,4,0,WDI-1NN,timing_uncertainty,0.9,1.0,0.8190625,3200
