dataset,fold,repeat,method,scenario,severity,progress_auc
fcc,0,0,ACM-SVM,late_time_delay,0.0,0.7119791666666666
fcc,0,0,ACM-SVM,late_time_delay,0.05,0.228125
fcc,0,0,ACM-SVM,late_time_delay,0.1,0.2041666666666667
fcc,0,0,ACM-SVM,late_time_delay,0.15,0.13802083333333334
fcc,0,0,ACM-SVM,late_time_delay,0.2,0.0984375
fcc,0,0,ACM-SVM,late_time_delay,0.25,0.0859375
fcc,0,0,ACM-SVM,late_time_delay,0.3,0.08645833333333335
fcc,0,0,ACM-SVM,late_time_delay,0.4,0.0828125
fcc,0,0,ACM-SVM,late_time_delay,0.5,0.06979166666666667
fcc,0,0,ACM-SVM,late_time_delay,0.6,0.07083333333333335
fcc,0,0,ACM-SVM,late_time_delay,0.7,0.0703125
fcc,0,0,ACM-SVM,late_time_delay,0.8,0.07552083333333333
fcc,0,0,ACM-SVM,late_time_delay,0.9,0.078125
fcc,0,0,ACM-SVM,missing_events,0.0,0.7119791666666666
fcc,0,0,ACM-SVM,missing_events,0.05,0.6986979166666667
fcc,0,0,ACM-SVM,missing_events,0.1,0.6328125
fcc,0,0,ACM-SVM,missing_events,0.15,0.5650520833333333
fcc,0,0,ACM-SVM,missing_events,0.2,0.488125
fcc,0,0,ACM-SVM,missing_events,0.25,0.42703125000000003
fcc,0,0,ACM-SVM,missing_events,0.3,0.36437499999999995
fcc,0,0,ACM-SVM,missing_events,0.4,0.24833333333333332
fcc,0,0,ACM-SVM,missing_events,0.5,0.17484375
fcc,0,0,ACM-SVM,missing_events,0.6,0.13213541666666667
fcc,0,0,ACM-SVM,missing_events,0.7,0.1046875
fcc,0,0,ACM-SVM,missing_events,0.8,0.08364583333333332
fcc,0,0,ACM-SVM,missing_events,0.9,0.06640625
fcc,0,0,ACM-SVM,mixed_missing_spurious,0.0,0.7119791666666666
fcc,0,0,ACM-SVM,mixed_missing_spurious,0.05,0.6722395833333333
fcc,0,0,ACM-SVM,mixed_missing_spurious,0.1,0.55296875
fcc,0,0,ACM-SVM,mixed_missing_spurious,0.15,0.46322916666666664
fcc,0,0,ACM-SVM,mixed_missing_spurious,0.2,0.3784895833333333
fcc,0,0,ACM-SVM,mixed_missing_spurious,0.25,0.3111979166666667
fcc,0,0,ACM-SVM,mixed_missing_spurious,0.3,0.27791666666666665
fcc,0,0,ACM-SVM,mixed_missing_spurious,0.4,0.20395833333333332
fcc,0,0,ACM-SVM,mixed_missing_spurious,0.5,0.16546875
fcc,0,0,ACM-SVM,mixed_missing_spurious,0.6,0.13151041666666666
fcc,0,0,ACM-SVM,mixed_missing_spurious,0.7,0.10942708333333333
fcc,0,0,ACM-SVM,mixed_missing_spurious,0.8,0.08682291666666668
fcc,0,0,ACM-SVM,mixed_missing_spurious,0.9,0.06776041666666667
fcc,0,0,ACM-SVM,mixed_spurious_timing_late,0.0,0.7119791666666666
fcc,0,0,ACM-SVM,mixed_spurious_timing_late,0.05,0.2199479166666667
fcc,0,0,ACM-SVM,mixed_spurious_timing_late,0.1,0.18838541666666667
fcc,0,0,ACM-SVM,mixed_spurious_timing_late,0.15,0.13036458333333334
fcc,0,0,ACM-SVM,mixed_spurious_timing_late,0.2,0.09864583333333332
fcc,0,0,ACM-SVM,mixed_spurious_timing_late,0.25,0.08786458333333332
fcc,0,0,ACM-SVM,mixed_spurious_timing_late,0.3,0.08723958333333333
fcc,0,0,ACM-SVM,mixed_spurious_timing_late,0.4,0.08046874999999999
fcc,0,0,ACM-SVM,mixed_spurious_timing_late,0.5,0.07161458333333333
fcc,0,0,ACM-SVM,mixed_spurious_timing_late,0.6,0.07421875
fcc,0,0,ACM-SVM,mixed_spurious_timing_late,0.7,0.06890625
fcc,0,0,ACM-SVM,mixed_spurious_timing_late,0.8,0.07276041666666666
fcc,0,0,ACM-SVM,mixed_spurious_timing_late,0.9,0.068125
fcc,0,0,ACM-SVM,spurious_events,0.0,0.7119791666666666
fcc,0,0,ACM-SVM,spurious_events,0.05,0.6818229166666666
fcc,0,0,ACM-SVM,spurious_events,0.1,0.6036979166666666
fcc,0,0,ACM-SVM,spurious_events,0.15,0.5511979166666666
fcc,0,0,ACM-SVM,spurious_events,0.2,0.5029166666666667
fcc,0,0,ACM-SVM,spurious_events,0.25,0.4595833333333334
fcc,0,0,ACM-SVM,spurious_events,0.3,0.4205208333333334
fcc,0,0,ACM-SVM,spurious_events,0.4,0.3636979166666667
fcc,0,0,ACM-SVM,spurious_events,0.5,0.3144270833333333
fcc,0,0,ACM-SVM,spurious_events,0.6,0.29119791666666667
fcc,0,0,ACM-SVM,spurious_events,0.7,0.26348958333333333
fcc,0,0,ACM-SVM,spurious_events,0.8,0.23958333333333334
fcc,0,0,ACM-SVM,spurious_events,0.9,0.2271875
fcc,0,0,ACM-SVM,timing_uncertainty,0.0,0.7119791666666666
fcc,0,0,ACM-SVM,timing_uncertainty,0.05,0.7121875000000001
fcc,0,0,ACM-SVM,timing_uncertainty,0.1,0.7109375
fcc,0,0,ACM-SVM,timing_uncertainty,0.15,0.7088541666666667
fcc,0,0,ACM-SVM,timing_uncertainty,0.2,0.7061979166666666
fcc,0,0,ACM-SVM,timing_uncertainty,0.25,0.6971354166666667
fcc,0,0,ACM-SVM,timing_uncertainty,0.3,0.6954166666666667
fcc,0,0,ACM-SVM,timing_uncertainty,0.4,0.68265625
fcc,0,0,ACM-SVM,timing_uncertainty,0.5,0.6616145833333333
fcc,0,0,ACM-SVM,timing_uncertainty,0.6,0.6420312499999999
fcc,0,0,ACM-SVM,timing_uncertainty,0.7,0.6288020833333333
fcc,0,0,ACM-SVM,timing_uncertainty,0.8,0.6199479166666667
fcc,0,0,ACM-SVM,timing_uncertainty,0.9,0.5963020833333333
fcc,0,0,CASIM-prefix,late_time_delay,0.0,0.9802083333333332
fcc,0,0,CASIM-prefix,late_time_delay,0.05,0.4526041666666667
fcc,0,0,CASIM-prefix,late_time_delay,0.1,0.34218750000000003
fcc,0,0,CASIM-prefix,late_time_delay,0.15,0.20260416666666667
fcc,0,0,CASIM-prefix,late_time_delay,0.2,0.14322916666666666
fcc,0,0,CASIM-prefix,late_time_delay,0.25,0.12916666666666668
fcc,0,0,CASIM-prefix,late_time_delay,0.3,0.11927083333333333
fcc,0,0,CASIM-prefix,late_time_delay,0.4,0.10208333333333335
fcc,0,0,CASIM-prefix,late_time_delay,0.5,0.07343749999999999
fcc,0,0,CASIM-prefix,late_time_delay,0.6,0.05364583333333334
fcc,0,0,CASIM-prefix,late_time_delay,0.7,0.05520833333333333
fcc,0,0,CASIM-prefix,late_time_delay,0.8,0.07135416666666666
fcc,0,0,CASIM-prefix,late_time_delay,0.9,0.0625
fcc,0,0,CASIM-prefix,missing_events,0.0,0.9802083333333332
fcc,0,0,CASIM-prefix,missing_events,0.05,0.975625
fcc,0,0,CASIM-prefix,missing_events,0.1,0.9550520833333334
fcc,0,0,CASIM-prefix,missing_events,0.15,0.9213020833333333
fcc,0,0,CASIM-prefix,missing_events,0.2,0.8877083333333333
fcc,0,0,CASIM-prefix,missing_events,0.25,0.8471354166666667
fcc,0,0,CASIM-prefix,missing_events,0.3,0.80859375
fcc,0,0,CASIM-prefix,missing_events,0.4,0.7169270833333333
fcc,0,0,CASIM-prefix,missing_events,0.5,0.6002604166666666
fcc,0,0,CASIM-prefix,missing_events,0.6,0.48921875000000004
fcc,0,0,CASIM-prefix,missing_events,0.7,0.3740104166666667
fcc,0,0,CASIM-prefix,missing_events,0.8,0.2733333333333333
fcc,0,0,CASIM-prefix,missing_events,0.9,0.1734375
fcc,0,0,CASIM-prefix,mixed_missing_spurious,0.0,0.9802083333333332
fcc,0,0,CASIM-prefix,mixed_missing_spurious,0.05,0.9708333333333333
fcc,0,0,CASIM-prefix,mixed_missing_spurious,0.1,0.9308854166666666
fcc,0,0,CASIM-prefix,mixed_missing_spurious,0.15,0.888125
fcc,0,0,CASIM-prefix,mixed_missing_spurious,0.2,0.82671875
fcc,0,0,CASIM-prefix,mixed_missing_spurious,0.25,0.7769791666666667
fcc,0,0,CASIM-prefix,mixed_missing_spurious,0.3,0.7310416666666667
fcc,0,0,CASIM-prefix,mixed_missing_spurious,0.4,0.6281770833333333
fcc,0,0,CASIM-prefix,mixed_missing_spurious,0.5,0.5118229166666667
fcc,0,0,CASIM-prefix,mixed_missing_spurious,0.6,0.4270833333333333
fcc,0,0,CASIM-prefix,mixed_missing_spurious,0.7,0.33401041666666664
fcc,0,0,CASIM-prefix,mixed_missing_spurious,0.8,0.25395833333333334
fcc,0,0,CASIM-prefix,mixed_missing_spurious,0.9,0.17223958333333333
fcc,0,0,CASIM-prefix,mixed_spurious_timing_late,0.0,0.9802083333333332
fcc,0,0,CASIM-prefix,mixed_spurious_timing_late,0.05,0.44901041666666663
fcc,0,0,CASIM-prefix,mixed_spurious_timing_late,0.1,0.3280208333333334
fcc,0,0,CASIM-prefix,mixed_spurious_timing_late,0.15,0.19473958333333333
fcc,0,0,CASIM-prefix,mixed_spurious_timing_late,0.2,0.13161458333333334
fcc,0,0,CASIM-prefix,mixed_spurious_timing_late,0.25,0.11411458333333334
fcc,0,0,CASIM-prefix,mixed_spurious_timing_late,0.3,0.10348958333333332
fcc,0,0,CASIM-prefix,mixed_spurious_timing_late,0.4,0.0825
fcc,0,0,CASIM-prefix,mixed_spurious_timing_late,0.5,0.07437500000000001
fcc,0,0,CASIM-prefix,mixed_spurious_timing_late,0.6,0.06651041666666667
fcc,0,0,CASIM-prefix,mixed_spurious_timing_late,0.7,0.06229166666666667
fcc,0,0,CASIM-prefix,mixed_spurious_timing_late,0.8,0.06921875
fcc,0,0,CASIM-prefix,mixed_spurious_timing_late,0.9,0.07411458333333333
fcc,0,0,CASIM-prefix,spurious_events,0.0,0.9802083333333332
fcc,0,0,CASIM-prefix,spurious_events,0.05,0.9751041666666667
fcc,0,0,CASIM-prefix,spurious_events,0.1,0.9581770833333333
fcc,0,0,CASIM-prefix,spurious_events,0.15,0.9415104166666667
fcc,0,0,CASIM-prefix,spurious_events,0.2,0.9250520833333332
fcc,0,0,CASIM-prefix,spurious_events,0.25,0.9058854166666667
fcc,0,0,CASIM-prefix,spurious_events,0.3,0.88390625
fcc,0,0,CASIM-prefix,spurious_events,0.4,0.8493750000000001
fcc,0,0,CASIM-prefix,spurious_events,0.5,0.8174479166666666
fcc,0,0,CASIM-prefix,spurious_events,0.6,0.78625
fcc,0,0,CASIM-prefix,spurious_events,0.7,0.7511458333333333
fcc,0,0,CASIM-prefix,spurious_events,0.8,0.7209895833333334
fcc,0,0,CASIM-prefix,spurious_events,0.9,0.6905729166666666
fcc,0,0,CASIM-prefix,timing_uncertainty,0.0,0.9802083333333332
fcc,0,0,CASIM-prefix,timing_uncertainty,0.05,0.9803125
fcc,0,0,CASIM-prefix,timing_uncertainty,0.1,0.97953125
fcc,0,0,CASIM-prefix,timing_uncertainty,0.15,0.9792708333333332
fcc,0,0,CASIM-prefix,timing_uncertainty,0.2,0.9759895833333333
fcc,0,0,CASIM-prefix,timing_uncertainty,0.25,0.9764583333333333
fcc,0,0,CASIM-prefix,timing_uncertainty,0.3,0.9735416666666666
fcc,0,0,CASIM-prefix,timing_uncertainty,0.4,0.9657291666666666
fcc,0,0,CASIM-prefix,timing_uncertainty,0.5,0.95328125
fcc,0,0,CASIM-prefix,timing_uncertainty,0.6,0.9440624999999999
fcc,0,0,CASIM-prefix,timing_uncertainty,0.7,0.92546875
fcc,0,0,CASIM-prefix,timing_uncertainty,0.8,0.9039583333333333
fcc,0,0,CASIM-prefix,timing_uncertainty,0.9,0.8727083333333333
fcc,0,0,EAC-1NN,late_time_delay,0.0,0.9078125
fcc,0,0,EAC-1NN,late_time_delay,0.05,0.5104166666666666
fcc,0,0,EAC-1NN,late_time_delay,0.1,0.49114583333333334
fcc,0,0,EAC-1NN,late_time_delay,0.15,0.43333333333333335
fcc,0,0,EAC-1NN,late_time_delay,0.2,0.39166666666666666
fcc,0,0,EAC-1NN,late_time_delay,0.25,0.3671875
fcc,0,0,EAC-1NN,late_time_delay,0.3,0.3515625
fcc,0,0,EAC-1NN,late_time_delay,0.4,0.26666666666666666
fcc,0,0,EAC-1NN,late_time_delay,0.5,0.22812500000000002
fcc,0,0,EAC-1NN,late_time_delay,0.6,0.146875
fcc,0,0,EAC-1NN,late_time_delay,0.7,0.1421875
fcc,0,0,EAC-1NN,late_time_delay,0.8,0.17604166666666665
fcc,0,0,EAC-1NN,late_time_delay,0.9,0.13125
fcc,0,0,EAC-1NN,missing_events,0.0,0.9078125
fcc,0,0,EAC-1NN,missing_events,0.05,0.9045833333333334
fcc,0,0,EAC-1NN,missing_events,0.1,0.8965624999999999
fcc,0,0,EAC-1NN,missing_events,0.15,0.88296875
fcc,0,0,EAC-1NN,missing_events,0.2,0.8697916666666666
fcc,0,0,EAC-1NN,missing_events,0.25,0.8547916666666667
fcc,0,0,EAC-1NN,missing_events,0.3,0.8300520833333334
fcc,0,0,EAC-1NN,missing_events,0.4,0.7880729166666667
fcc,0,0,EAC-1NN,missing_events,0.5,0.7178125
fcc,0,0,EAC-1NN,missing_events,0.6,0.6419791666666667
fcc,0,0,EAC-1NN,missing_events,0.7,0.543125
fcc,0,0,EAC-1NN,missing_events,0.8,0.42234375
fcc,0,0,EAC-1NN,missing_events,0.9,0.2960416666666667
fcc,0,0,EAC-1NN,mixed_missing_spurious,0.0,0.9078125
fcc,0,0,EAC-1NN,mixed_missing_spurious,0.05,0.9043229166666666
fcc,0,0,EAC-1NN,mixed_missing_spurious,0.1,0.8928645833333334
fcc,0,0,EAC-1NN,mixed_missing_spurious,0.15,0.8772395833333334
fcc,0,0,EAC-1NN,mixed_missing_spurious,0.2,0.8561458333333333
fcc,0,0,EAC-1NN,mixed_missing_spurious,0.25,0.8376562500000001
fcc,0,0,EAC-1NN,mixed_missing_spurious,0.3,0.8184374999999999
fcc,0,0,EAC-1NN,mixed_missing_spurious,0.4,0.7641145833333334
fcc,0,0,EAC-1NN,mixed_missing_spurious,0.5,0.67328125
fcc,0,0,EAC-1NN,mixed_missing_spurious,0.6,0.5968749999999999
fcc,0,0,EAC-1NN,mixed_missing_spurious,0.7,0.4988020833333333
fcc,0,0,EAC-1NN,mixed_missing_spurious,0.8,0.38817708333333334
fcc,0,0,EAC-1NN,mixed_missing_spurious,0.9,0.2775520833333333
fcc,0,0,EAC-1NN,mixed_spurious_timing_late,0.0,0.9078125
fcc,0,0,EAC-1NN,mixed_spurious_timing_late,0.05,0.51078125
fcc,0,0,EAC-1NN,mixed_spurious_timing_late,0.1,0.4838541666666667
fcc,0,0,EAC-1NN,mixed_spurious_timing_late,0.15,0.41432291666666665
fcc,0,0,EAC-1NN,mixed_spurious_timing_late,0.2,0.37041666666666667
fcc,0,0,EAC-1NN,mixed_spurious_timing_late,0.25,0.34604166666666664
fcc,0,0,EAC-1NN,mixed_spurious_timing_late,0.3,0.32479166666666665
fcc,0,0,EAC-1NN,mixed_spurious_timing_late,0.4,0.21630208333333334
fcc,0,0,EAC-1NN,mixed_spurious_timing_late,0.5,0.14864583333333334
fcc,0,0,EAC-1NN,mixed_spurious_timing_late,0.6,0.11140625
fcc,0,0,EAC-1NN,mixed_spurious_timing_late,0.7,0.10557291666666668
fcc,0,0,EAC-1NN,mixed_spurious_timing_late,0.8,0.10291666666666666
fcc,0,0,EAC-1NN,mixed_spurious_timing_late,0.9,0.0884375
fcc,0,0,EAC-1NN,spurious_events,0.0,0.9078125
fcc,0,0,EAC-1NN,spurious_events,0.05,0.90640625
fcc,0,0,EAC-1NN,spurious_events,0.1,0.9048958333333333
fcc,0,0,EAC-1NN,spurious_events,0.15,0.9047395833333334
fcc,0,0,EAC-1NN,spurious_events,0.2,0.9006770833333334
fcc,0,0,EAC-1NN,spurious_events,0.25,0.8996354166666666
fcc,0,0,EAC-1NN,spurious_events,0.3,0.8951041666666667
fcc,0,0,EAC-1NN,spurious_events,0.4,0.8898437499999999
fcc,0,0,EAC-1NN,spurious_events,0.5,0.8867708333333333
fcc,0,0,EAC-1NN,spurious_events,0.6,0.8785416666666667
fcc,0,0,EAC-1NN,spurious_events,0.7,0.86953125
fcc,0,0,EAC-1NN,spurious_events,0.8,0.8608854166666666
fcc,0,0,EAC-1NN,spurious_events,0.9,0.8617708333333334
fcc,0,0,EAC-1NN,timing_uncertainty,0.0,0.9078125
fcc,0,0,EAC-1NN,timing_uncertainty,0.05,0.9077083333333333
fcc,0,0,EAC-1NN,timing_uncertainty,0.1,0.9065104166666668
fcc,0,0,EAC-1NN,timing_uncertainty,0.15,0.9070833333333334
fcc,0,0,EAC-1NN,timing_uncertainty,0.2,0.90609375
fcc,0,0,EAC-1NN,timing_uncertainty,0.25,0.9045312499999999
fcc,0,0,EAC-1NN,timing_uncertainty,0.3,0.9026041666666668
fcc,0,0,EAC-1NN,timing_uncertainty,0.4,0.9019270833333334
fcc,0,0,EAC-1NN,timing_uncertainty,0.5,0.9009375
fcc,0,0,EAC-1NN,timing_uncertainty,0.6,0.8988020833333333
fcc,0,0,EAC-1NN,timing_uncertainty,0.7,0.8963020833333334
fcc,0,0,EAC-1NN,timing_uncertainty,0.8,0.8953645833333334
fcc,0,0,EAC-1NN,timing_uncertainty,0.9,0.8967187499999999
fcc,0,0,JAC-1NN,late_time_delay,0.0,0.8588541666666667
fcc,0,0,JAC-1NN,late_time_delay,0.05,0.4848958333333333
fcc,0,0,JAC-1NN,late_time_delay,0.1,0.4765625
fcc,0,0,JAC-1NN,late_time_delay,0.15,0.40729166666666666
fcc,0,0,JAC-1NN,late_time_delay,0.2,0.3744791666666667
fcc,0,0,JAC-1NN,late_time_delay,0.25,0.35364583333333327
fcc,0,0,JAC-1NN,late_time_delay,0.3,0.3458333333333334
fcc,0,0,JAC-1NN,late_time_delay,0.4,0.26510416666666664
fcc,0,0,JAC-1NN,late_time_delay,0.5,0.24010416666666667
fcc,0,0,JAC-1NN,late_time_delay,0.6,0.16510416666666666
fcc,0,0,JAC-1NN,late_time_delay,0.7,0.13749999999999998
fcc,0,0,JAC-1NN,late_time_delay,0.8,0.1703125
fcc,0,0,JAC-1NN,late_time_delay,0.9,0.146875
fcc,0,0,JAC-1NN,missing_events,0.0,0.8588541666666667
fcc,0,0,JAC-1NN,missing_events,0.05,0.8552083333333332
fcc,0,0,JAC-1NN,missing_events,0.1,0.8440104166666668
fcc,0,0,JAC-1NN,missing_events,0.15,0.8290104166666666
fcc,0,0,JAC-1NN,missing_events,0.2,0.8155208333333334
fcc,0,0,JAC-1NN,missing_events,0.25,0.8020312500000001
fcc,0,0,JAC-1NN,missing_events,0.3,0.7821875
fcc,0,0,JAC-1NN,missing_events,0.4,0.7358333333333333
fcc,0,0,JAC-1NN,missing_events,0.5,0.6551041666666667
fcc,0,0,JAC-1NN,missing_events,0.6,0.5809375
fcc,0,0,JAC-1NN,missing_events,0.7,0.47703125
fcc,0,0,JAC-1NN,missing_events,0.8,0.36213541666666665
fcc,0,0,JAC-1NN,missing_events,0.9,0.26078125
fcc,0,0,JAC-1NN,mixed_missing_spurious,0.0,0.8588541666666667
fcc,0,0,JAC-1NN,mixed_missing_spurious,0.05,0.8535937499999999
fcc,0,0,JAC-1NN,mixed_missing_spurious,0.1,0.8455729166666667
fcc,0,0,JAC-1NN,mixed_missing_spurious,0.15,0.8300000000000001
fcc,0,0,JAC-1NN,mixed_missing_spurious,0.2,0.8127083333333333
fcc,0,0,JAC-1NN,mixed_missing_spurious,0.25,0.7923958333333333
fcc,0,0,JAC-1NN,mixed_missing_spurious,0.3,0.7729166666666667
fcc,0,0,JAC-1NN,mixed_missing_spurious,0.4,0.7214583333333334
fcc,0,0,JAC-1NN,mixed_missing_spurious,0.5,0.6365625
fcc,0,0,JAC-1NN,mixed_missing_spurious,0.6,0.5670833333333333
fcc,0,0,JAC-1NN,mixed_missing_spurious,0.7,0.46119791666666665
fcc,0,0,JAC-1NN,mixed_missing_spurious,0.8,0.3575520833333334
fcc,0,0,JAC-1NN,mixed_missing_spurious,0.9,0.24317708333333332
fcc,0,0,JAC-1NN,mixed_spurious_timing_late,0.0,0.8588541666666667
fcc,0,0,JAC-1NN,mixed_spurious_timing_late,0.05,0.4855729166666667
fcc,0,0,JAC-1NN,mixed_spurious_timing_late,0.1,0.47020833333333334
fcc,0,0,JAC-1NN,mixed_spurious_timing_late,0.15,0.39734374999999994
fcc,0,0,JAC-1NN,mixed_spurious_timing_late,0.2,0.36744791666666665
fcc,0,0,JAC-1NN,mixed_spurious_timing_late,0.25,0.34692708333333333
fcc,0,0,JAC-1NN,mixed_spurious_timing_late,0.3,0.3223958333333334
fcc,0,0,JAC-1NN,mixed_spurious_timing_late,0.4,0.23124999999999998
fcc,0,0,JAC-1NN,mixed_spurious_timing_late,0.5,0.16921875
fcc,0,0,JAC-1NN,mixed_spurious_timing_late,0.6,0.118125
fcc,0,0,JAC-1NN,mixed_spurious_timing_late,0.7,0.10973958333333333
fcc,0,0,JAC-1NN,mixed_spurious_timing_late,0.8,0.10140624999999999
fcc,0,0,JAC-1NN,mixed_spurious_timing_late,0.9,0.09125
fcc,0,0,JAC-1NN,spurious_events,0.0,0.8588541666666667
fcc,0,0,JAC-1NN,spurious_events,0.05,0.8577604166666667
fcc,0,0,JAC-1NN,spurious_events,0.1,0.8577604166666667
fcc,0,0,JAC-1NN,spurious_events,0.15,0.85703125
fcc,0,0,JAC-1NN,spurious_events,0.2,0.85703125
fcc,0,0,JAC-1NN,spurious_events,0.25,0.8563541666666667
fcc,0,0,JAC-1NN,spurious_events,0.3,0.8540625
fcc,0,0,JAC-1NN,spurious_events,0.4,0.8468229166666666
fcc,0,0,JAC-1NN,spurious_events,0.5,0.8459374999999999
fcc,0,0,JAC-1NN,spurious_events,0.6,0.8359375
fcc,0,0,JAC-1NN,spurious_events,0.7,0.8293750000000001
fcc,0,0,JAC-1NN,spurious_events,0.8,0.82265625
fcc,0,0,JAC-1NN,spurious_events,0.9,0.8145833333333333
fcc,0,0,JAC-1NN,timing_uncertainty,0.0,0.8588541666666667
fcc,0,0,JAC-1NN,timing_uncertainty,0.05,0.8586458333333332
fcc,0,0,JAC-1NN,timing_uncertainty,0.1,0.8577604166666667
fcc,0,0,JAC-1NN,timing_uncertainty,0.15,0.8582291666666667
fcc,0,0,JAC-1NN,timing_uncertainty,0.2,0.8570833333333333
fcc,0,0,JAC-1NN,timing_uncertainty,0.25,0.8556770833333333
fcc,0,0,JAC-1NN,timing_uncertainty,0.3,0.8558854166666666
fcc,0,0,JAC-1NN,timing_uncertainty,0.4,0.8551041666666667
fcc,0,0,JAC-1NN,timing_uncertainty,0.5,0.8574999999999999
fcc,0,0,JAC-1NN,timing_uncertainty,0.6,0.8529166666666667
fcc,0,0,JAC-1NN,timing_uncertainty,0.7,0.8547395833333334
fcc,0,0,JAC-1NN,timing_uncertainty,0.8,0.8559895833333333
fcc,0,0,JAC-1NN,timing_uncertainty,0.9,0.8606770833333334
fcc,0,0,MBW-LR,late_time_delay,0.0,0.9473958333333333
fcc,0,0,MBW-LR,late_time_delay,0.05,0.296875
fcc,0,0,MBW-LR,late_time_delay,0.1,0.28541666666666665
fcc,0,0,MBW-LR,late_time_delay,0.15,0.2328125
fcc,0,0,MBW-LR,late_time_delay,0.2,0.21354166666666666
fcc,0,0,MBW-LR,late_time_delay,0.25,0.19999999999999998
fcc,0,0,MBW-LR,late_time_delay,0.3,0.21041666666666667
fcc,0,0,MBW-LR,late_time_delay,0.4,0.18229166666666666
fcc,0,0,MBW-LR,late_time_delay,0.5,0.16093749999999998
fcc,0,0,MBW-LR,late_time_delay,0.6,0.14270833333333333
fcc,0,0,MBW-LR,late_time_delay,0.7,0.1390625
fcc,0,0,MBW-LR,late_time_delay,0.8,0.14427083333333332
fcc,0,0,MBW-LR,late_time_delay,0.9,0.10312499999999998
fcc,0,0,MBW-LR,missing_events,0.0,0.9473958333333333
fcc,0,0,MBW-LR,missing_events,0.05,0.94421875
fcc,0,0,MBW-LR,missing_events,0.1,0.9314583333333334
fcc,0,0,MBW-LR,missing_events,0.15,0.9077083333333333
fcc,0,0,MBW-LR,missing_events,0.2,0.8762500000000001
fcc,0,0,MBW-LR,missing_events,0.25,0.85609375
fcc,0,0,MBW-LR,missing_events,0.3,0.8415624999999999
fcc,0,0,MBW-LR,missing_events,0.4,0.7709374999999999
fcc,0,0,MBW-LR,missing_events,0.5,0.7108333333333333
fcc,0,0,MBW-LR,missing_events,0.6,0.63015625
fcc,0,0,MBW-LR,missing_events,0.7,0.54078125
fcc,0,0,MBW-LR,missing_events,0.8,0.4530208333333334
fcc,0,0,MBW-LR,missing_events,0.9,0.3175
fcc,0,0,MBW-LR,mixed_missing_spurious,0.0,0.9473958333333333
fcc,0,0,MBW-LR,mixed_missing_spurious,0.05,0.9429166666666666
fcc,0,0,MBW-LR,mixed_missing_spurious,0.1,0.9226041666666666
fcc,0,0,MBW-LR,mixed_missing_spurious,0.15,0.8891666666666667
fcc,0,0,MBW-LR,mixed_missing_spurious,0.2,0.8496354166666666
fcc,0,0,MBW-LR,mixed_missing_spurious,0.25,0.8072395833333333
fcc,0,0,MBW-LR,mixed_missing_spurious,0.3,0.7890104166666667
fcc,0,0,MBW-LR,mixed_missing_spurious,0.4,0.7045833333333333
fcc,0,0,MBW-LR,mixed_missing_spurious,0.5,0.61828125
fcc,0,0,MBW-LR,mixed_missing_spurious,0.6,0.55375
fcc,0,0,MBW-LR,mixed_missing_spurious,0.7,0.4639583333333333
fcc,0,0,MBW-LR,mixed_missing_spurious,0.8,0.38135416666666666
fcc,0,0,MBW-LR,mixed_missing_spurious,0.9,0.2915625
fcc,0,0,MBW-LR,mixed_spurious_timing_late,0.0,0.9473958333333333
fcc,0,0,MBW-LR,mixed_spurious_timing_late,0.05,0.29177083333333337
fcc,0,0,MBW-LR,mixed_spurious_timing_late,0.1,0.2710416666666667
fcc,0,0,MBW-LR,mixed_spurious_timing_late,0.15,0.22239583333333335
fcc,0,0,MBW-LR,mixed_spurious_timing_late,0.2,0.18942708333333336
fcc,0,0,MBW-LR,mixed_spurious_timing_late,0.25,0.17645833333333336
fcc,0,0,MBW-LR,mixed_spurious_timing_late,0.3,0.17255208333333336
fcc,0,0,MBW-LR,mixed_spurious_timing_late,0.4,0.12458333333333334
fcc,0,0,MBW-LR,mixed_spurious_timing_late,0.5,0.09739583333333333
fcc,0,0,MBW-LR,mixed_spurious_timing_late,0.6,0.08510416666666666
fcc,0,0,MBW-LR,mixed_spurious_timing_late,0.7,0.08989583333333334
fcc,0,0,MBW-LR,mixed_spurious_timing_late,0.8,0.08697916666666666
fcc,0,0,MBW-LR,mixed_spurious_timing_late,0.9,0.0796875
fcc,0,0,MBW-LR,spurious_events,0.0,0.9473958333333333
fcc,0,0,MBW-LR,spurious_events,0.05,0.945625
fcc,0,0,MBW-LR,spurious_events,0.1,0.9369791666666667
fcc,0,0,MBW-LR,spurious_events,0.15,0.9297916666666667
fcc,0,0,MBW-LR,spurious_events,0.2,0.9134375
fcc,0,0,MBW-LR,spurious_events,0.25,0.9028645833333333
fcc,0,0,MBW-LR,spurious_events,0.3,0.8914583333333334
fcc,0,0,MBW-LR,spurious_events,0.4,0.87109375
fcc,0,0,MBW-LR,spurious_events,0.5,0.8585416666666666
fcc,0,0,MBW-LR,spurious_events,0.6,0.82828125
fcc,0,0,MBW-LR,spurious_events,0.7,0.813125
fcc,0,0,MBW-LR,spurious_events,0.8,0.7934375
fcc,0,0,MBW-LR,spurious_events,0.9,0.7746875000000001
fcc,0,0,MBW-LR,timing_uncertainty,0.0,0.9473958333333333
fcc,0,0,MBW-LR,timing_uncertainty,0.05,0.9473958333333333
fcc,0,0,MBW-LR,timing_uncertainty,0.1,0.94578125
fcc,0,0,MBW-LR,timing_uncertainty,0.15,0.9461979166666667
fcc,0,0,MBW-LR,timing_uncertainty,0.2,0.9428645833333333
fcc,0,0,MBW-LR,timing_uncertainty,0.25,0.9389583333333333
fcc,0,0,MBW-LR,timing_uncertainty,0.3,0.93734375
fcc,0,0,MBW-LR,timing_uncertainty,0.4,0.93171875
fcc,0,0,MBW-LR,timing_uncertainty,0.5,0.9233854166666666
fcc,0,0,MBW-LR,timing_uncertainty,0.6,0.9064583333333335
fcc,0,0,MBW-LR,timing_uncertainty,0.7,0.8951041666666667
fcc,0,0,MBW-LR,timing_uncertainty,0.8,0.8794791666666667
fcc,0,0,MBW-LR,timing_uncertainty,0.9,0.8693749999999999
fcc,0,0,WDI-1NN,late_time_delay,0.0,0.6171875
fcc,0,0,WDI-1NN,late_time_delay,0.05,0.3645833333333333
fcc,0,0,WDI-1NN,late_time_delay,0.1,0.33177083333333335
fcc,0,0,WDI-1NN,late_time_delay,0.15,0.2796875
fcc,0,0,WDI-1NN,late_time_delay,0.2,0.2359375
fcc,0,0,WDI-1NN,late_time_delay,0.25,0.17916666666666667
fcc,0,0,WDI-1NN,late_time_delay,0.3,0.140625
fcc,0,0,WDI-1NN,late_time_delay,0.4,0.09635416666666667
fcc,0,0,WDI-1NN,late_time_delay,0.5,0.09218749999999999
fcc,0,0,WDI-1NN,late_time_delay,0.6,0.08489583333333332
fcc,0,0,WDI-1NN,late_time_delay,0.7,0.10520833333333333
fcc,0,0,WDI-1NN,late_time_delay,0.8,0.10052083333333334
fcc,0,0,WDI-1NN,late_time_delay,0.9,0.096875
fcc,0,0,WDI-1NN,missing_events,0.0,0.6171875
fcc,0,0,WDI-1NN,missing_events,0.05,0.6071875
fcc,0,0,WDI-1NN,missing_events,0.1,0.5802083333333333
fcc,0,0,WDI-1NN,missing_events,0.15,0.5548958333333333
fcc,0,0,WDI-1NN,missing_events,0.2,0.5216145833333333
fcc,0,0,WDI-1NN,missing_events,0.25,0.48921875000000004
fcc,0,0,WDI-1NN,missing_events,0.3,0.45510416666666664
fcc,0,0,WDI-1NN,missing_events,0.4,0.3783854166666667
fcc,0,0,WDI-1NN,missing_events,0.5,0.29140625000000003
fcc,0,0,WDI-1NN,missing_events,0.6,0.2331770833333333
fcc,0,0,WDI-1NN,missing_events,0.7,0.17114583333333333
fcc,0,0,WDI-1NN,missing_events,0.8,0.12833333333333333
fcc,0,0,WDI-1NN,missing_events,0.9,0.09250000000000001
fcc,0,0,WDI-1NN,mixed_missing_spurious,0.0,0.6171875
fcc,0,0,WDI-1NN,mixed_missing_spurious,0.05,0.6069791666666666
fcc,0,0,WDI-1NN,mixed_missing_spurious,0.1,0.57859375
fcc,0,0,WDI-1NN,mixed_missing_spurious,0.15,0.5505208333333333
fcc,0,0,WDI-1NN,mixed_missing_spurious,0.2,0.5153125
fcc,0,0,WDI-1NN,mixed_missing_spurious,0.25,0.47494791666666664
fcc,0,0,WDI-1NN,mixed_missing_spurious,0.3,0.44921875
fcc,0,0,WDI-1NN,mixed_missing_spurious,0.4,0.37276041666666665
fcc,0,0,WDI-1NN,mixed_missing_spurious,0.5,0.2994791666666667
fcc,0,0,WDI-1NN,mixed_missing_spurious,0.6,0.23645833333333333
fcc,0,0,WDI-1NN,mixed_missing_spurious,0.7,0.18447916666666667
fcc,0,0,WDI-1NN,mixed_missing_spurious,0.8,0.13161458333333334
fcc,0,0,WDI-1NN,mixed_missing_spurious,0.9,0.08880208333333334
fcc,0,0,WDI-1NN,mixed_spurious_timing_late,0.0,0.6171875
fcc,0,0,WDI-1NN,mixed_spurious_timing_late,0.05,0.3633333333333333
fcc,0,0,WDI-1NN,mixed_spurious_timing_late,0.1,0.32968749999999997
fcc,0,0,WDI-1NN,mixed_spurious_timing_late,0.15,0.27401041666666665
fcc,0,0,WDI-1NN,mixed_spurious_timing_late,0.2,0.22822916666666668
fcc,0,0,WDI-1NN,mixed_spurious_timing_late,0.25,0.17463541666666668
fcc,0,0,WDI-1NN,mixed_spurious_timing_late,0.3,0.13822916666666665
fcc,0,0,WDI-1NN,mixed_spurious_timing_late,0.4,0.09697916666666667
fcc,0,0,WDI-1NN,mixed_spurious_timing_late,0.5,0.09046874999999999
fcc,0,0,WDI-1NN,mixed_spurious_timing_late,0.6,0.08666666666666667
fcc,0,0,WDI-1NN,mixed_spurious_timing_late,0.7,0.09880208333333333
fcc,0,0,WDI-1NN,mixed_spurious_timing_late,0.8,0.09203125
fcc,0,0,WDI-1NN,mixed_spurious_timing_late,0.9,0.0903125
fcc,0,0,WDI-1NN,spurious_events,0.0,0.6171875
fcc,0,0,WDI-1NN,spurious_events,0.05,0.6163541666666666
fcc,0,0,WDI-1NN,spurious_events,0.1,0.61375
fcc,0,0,WDI-1NN,spurious_events,0.15,0.6106770833333334
fcc,0,0,WDI-1NN,spurious_events,0.2,0.6071875
fcc,0,0,WDI-1NN,spurious_events,0.25,0.6111979166666667
fcc,0,0,WDI-1NN,spurious_events,0.3,0.600625
fcc,0,0,WDI-1NN,spurious_events,0.4,0.59578125
fcc,0,0,WDI-1NN,spurious_events,0.5,0.5865104166666667
fcc,0,0,WDI-1NN,spurious_events,0.6,0.5853645833333333
fcc,0,0,WDI-1NN,spurious_events,0.7,0.57859375
fcc,0,0,WDI-1NN,spurious_events,0.8,0.5750520833333334
fcc,0,0,WDI-1NN,spurious_events,0.9,0.5655729166666666
fcc,0,0,WDI-1NN,timing_uncertainty,0.0,0.6171875
fcc,0,0,WDI-1NN,timing_uncertainty,0.05,0.61703125
fcc,0,0,WDI-1NN,timing_uncertainty,0.1,0.6166666666666667
fcc,0,0,WDI-1NN,timing_uncertainty,0.15,0.6170833333333333
fcc,0,0,WDI-1NN,timing_uncertainty,0.2,0.61703125
fcc,0,0,WDI-1NN,timing_uncertainty,0.25,0.6172395833333333
fcc,0,0,WDI-1NN,timing_uncertainty,0.3,0.6171875
fcc,0,0,WDI-1NN,timing_uncertainty,0.4,0.6151041666666667
fcc,0,0,WDI-1NN,timing_uncertainty,0.5,0.6135416666666667
fcc,0,0,WDI-1NN,timing_uncertainty,0.6,0.6144270833333333
fcc,0,0,WDI-1NN,timing_uncertainty,0.7,0.6120833333333333
fcc,0,0,WDI-1NN,timing_uncertainty,0.8,0.6085416666666666
fcc,0,0,WDI-1NN,timing_uncertainty,0.9,0.6085416666666666
fcc,1,0,ACM-SVM,late_time_delay,0.0,0.7052083333333333
fcc,1,0,ACM-SVM,late_time_delay,0.05,0.23124999999999998
fcc,1,0,ACM-SVM,late_time_delay,0.1,0.209375
fcc,1,0,ACM-SVM,late_time_delay,0.15,0.134375
fcc,1,0,ACM-SVM,late_time_delay,0.2,0.10572916666666667
fcc,1,0,ACM-SVM,late_time_delay,0.25,0.090625
fcc,1,0,ACM-SVM,late_time_delay,0.3,0.096875
fcc,1,0,ACM-SVM,late_time_delay,0.4,0.07604166666666667
fcc,1,0,ACM-SVM,late_time_delay,0.5,0.06770833333333333
fcc,1,0,ACM-SVM,late_time_delay,0.6,0.06770833333333333
fcc,1,0,ACM-SVM,late_time_delay,0.7,0.07291666666666667
fcc,1,0,ACM-SVM,late_time_delay,0.8,0.07291666666666667
fcc,1,0,ACM-SVM,late_time_delay,0.9,0.078125
fcc,1,0,ACM-SVM,missing_events,0.0,0.7052083333333333
fcc,1,0,ACM-SVM,missing_events,0.05,0.6908854166666667
fcc,1,0,ACM-SVM,missing_events,0.1,0.6178125
fcc,1,0,ACM-SVM,missing_events,0.15,0.5690624999999999
fcc,1,0,ACM-SVM,missing_events,0.2,0.4925
fcc,1,0,ACM-SVM,missing_events,0.25,0.41729166666666667
fcc,1,0,ACM-SVM,missing_events,0.3,0.3590104166666667
fcc,1,0,ACM-SVM,missing_events,0.4,0.25145833333333334
fcc,1,0,ACM-SVM,missing_events,0.5,0.18520833333333334
fcc,1,0,ACM-SVM,missing_events,0.6,0.13953125
fcc,1,0,ACM-SVM,missing_events,0.7,0.11364583333333333
fcc,1,0,ACM-SVM,missing_events,0.8,0.08166666666666667
fcc,1,0,ACM-SVM,missing_events,0.9,0.065625
fcc,1,0,ACM-SVM,mixed_missing_spurious,0.0,0.7052083333333333
fcc,1,0,ACM-SVM,mixed_missing_spurious,0.05,0.6701041666666666
fcc,1,0,ACM-SVM,mixed_missing_spurious,0.1,0.5493750000000001
fcc,1,0,ACM-SVM,mixed_missing_spurious,0.15,0.46421874999999996
fcc,1,0,ACM-SVM,mixed_missing_spurious,0.2,0.3875
fcc,1,0,ACM-SVM,mixed_missing_spurious,0.25,0.3240625
fcc,1,0,ACM-SVM,mixed_missing_spurious,0.3,0.27661458333333333
fcc,1,0,ACM-SVM,mixed_missing_spurious,0.4,0.21041666666666667
fcc,1,0,ACM-SVM,mixed_missing_spurious,0.5,0.16770833333333335
fcc,1,0,ACM-SVM,mixed_missing_spurious,0.6,0.13854166666666667
fcc,1,0,ACM-SVM,mixed_missing_spurious,0.7,0.11098958333333335
fcc,1,0,ACM-SVM,mixed_missing_spurious,0.8,0.086875
fcc,1,0,ACM-SVM,mixed_missing_spurious,0.9,0.06786458333333333
fcc,1,0,ACM-SVM,mixed_spurious_timing_late,0.0,0.7052083333333333
fcc,1,0,ACM-SVM,mixed_spurious_timing_late,0.05,0.22364583333333332
fcc,1,0,ACM-SVM,mixed_spurious_timing_late,0.1,0.1925
fcc,1,0,ACM-SVM,mixed_spurious_timing_late,0.15,0.13239583333333335
fcc,1,0,ACM-SVM,mixed_spurious_timing_late,0.2,0.10473958333333333
fcc,1,0,ACM-SVM,mixed_spurious_timing_late,0.25,0.09369791666666667
fcc,1,0,ACM-SVM,mixed_spurious_timing_late,0.3,0.09046875
fcc,1,0,ACM-SVM,mixed_spurious_timing_late,0.4,0.07729166666666666
fcc,1,0,ACM-SVM,mixed_spurious_timing_late,0.5,0.07197916666666666
fcc,1,0,ACM-SVM,mixed_spurious_timing_late,0.6,0.07036458333333334
fcc,1,0,ACM-SVM,mixed_spurious_timing_late,0.7,0.06963541666666666
fcc,1,0,ACM-SVM,mixed_spurious_timing_late,0.8,0.06911458333333333
fcc,1,0,ACM-SVM,mixed_spurious_timing_late,0.9,0.0709375
fcc,1,0,ACM-SVM,spurious_events,0.0,0.7052083333333333
fcc,1,0,ACM-SVM,spurious_events,0.05,0.6759375
fcc,1,0,ACM-SVM,spurious_events,0.1,0.6061979166666667
fcc,1,0,ACM-SVM,spurious_events,0.15,0.5496354166666667
fcc,1,0,ACM-SVM,spurious_events,0.2,0.5010416666666667
fcc,1,0,ACM-SVM,spurious_events,0.25,0.45984374999999994
fcc,1,0,ACM-SVM,spurious_events,0.3,0.43036458333333333
fcc,1,0,ACM-SVM,spurious_events,0.4,0.3659895833333333
fcc,1,0,ACM-SVM,spurious_events,0.5,0.31838541666666664
fcc,1,0,ACM-SVM,spurious_events,0.6,0.30182291666666666
fcc,1,0,ACM-SVM,spurious_events,0.7,0.27421875
fcc,1,0,ACM-SVM,spurious_events,0.8,0.24932291666666664
fcc,1,0,ACM-SVM,spurious_events,0.9,0.23390625
fcc,1,0,ACM-SVM,timing_uncertainty,0.0,0.7052083333333333
fcc,1,0,ACM-SVM,timing_uncertainty,0.05,0.7050520833333334
fcc,1,0,ACM-SVM,timing_uncertainty,0.1,0.7043229166666666
fcc,1,0,ACM-SVM,timing_uncertainty,0.15,0.7006770833333333
fcc,1,0,ACM-SVM,timing_uncertainty,0.2,0.6984374999999999
fcc,1,0,ACM-SVM,timing_uncertainty,0.25,0.6928645833333333
fcc,1,0,ACM-SVM,timing_uncertainty,0.3,0.6864583333333334
fcc,1,0,ACM-SVM,timing_uncertainty,0.4,0.6721354166666668
fcc,1,0,ACM-SVM,timing_uncertainty,0.5,0.6573958333333333
fcc,1,0,ACM-SVM,timing_uncertainty,0.6,0.6430729166666667
fcc,1,0,ACM-SVM,timing_uncertainty,0.7,0.63328125
fcc,1,0,ACM-SVM,timing_uncertainty,0.8,0.6117708333333333
fcc,1,0,ACM-SVM,timing_uncertainty,0.9,0.5981770833333333
fcc,1,0,CASIM-prefix,late_time_delay,0.0,0.984375
fcc,1,0,CASIM-prefix,late_time_delay,0.05,0.509375
fcc,1,0,CASIM-prefix,late_time_delay,0.1,0.3927083333333334
fcc,1,0,CASIM-prefix,late_time_delay,0.15,0.25885416666666666
fcc,1,0,CASIM-prefix,late_time_delay,0.2,0.19010416666666666
fcc,1,0,CASIM-prefix,late_time_delay,0.25,0.15989583333333332
fcc,1,0,CASIM-prefix,late_time_delay,0.3,0.1328125
fcc,1,0,CASIM-prefix,late_time_delay,0.4,0.08437499999999999
fcc,1,0,CASIM-prefix,late_time_delay,0.5,0.07083333333333335
fcc,1,0,CASIM-prefix,late_time_delay,0.6,0.0546875
fcc,1,0,CASIM-prefix,late_time_delay,0.7,0.0609375
fcc,1,0,CASIM-prefix,late_time_delay,0.8,0.06354166666666666
fcc,1,0,CASIM-prefix,late_time_delay,0.9,0.0625
fcc,1,0,CASIM-prefix,missing_events,0.0,0.984375
fcc,1,0,CASIM-prefix,missing_events,0.05,0.9827604166666667
fcc,1,0,CASIM-prefix,missing_events,0.1,0.9604166666666667
fcc,1,0,CASIM-prefix,missing_events,0.15,0.9431249999999999
fcc,1,0,CASIM-prefix,missing_events,0.2,0.9129166666666667
fcc,1,0,CASIM-prefix,missing_events,0.25,0.8739583333333334
fcc,1,0,CASIM-prefix,missing_events,0.3,0.8390624999999999
fcc,1,0,CASIM-prefix,missing_events,0.4,0.7465104166666666
fcc,1,0,CASIM-prefix,missing_events,0.5,0.6313541666666667
fcc,1,0,CASIM-prefix,missing_events,0.6,0.5126562499999999
fcc,1,0,CASIM-prefix,missing_events,0.7,0.3950520833333333
fcc,1,0,CASIM-prefix,missing_events,0.8,0.28046875
fcc,1,0,CASIM-prefix,missing_events,0.9,0.1725520833333333
fcc,1,0,CASIM-prefix,mixed_missing_spurious,0.0,0.984375
fcc,1,0,CASIM-prefix,mixed_missing_spurious,0.05,0.9769270833333333
fcc,1,0,CASIM-prefix,mixed_missing_spurious,0.1,0.9427604166666667
fcc,1,0,CASIM-prefix,mixed_missing_spurious,0.15,0.90734375
fcc,1,0,CASIM-prefix,mixed_missing_spurious,0.2,0.85390625
fcc,1,0,CASIM-prefix,mixed_missing_spurious,0.25,0.81390625
fcc,1,0,CASIM-prefix,mixed_missing_spurious,0.3,0.7594270833333333
fcc,1,0,CASIM-prefix,mixed_missing_spurious,0.4,0.6503125000000001
fcc,1,0,CASIM-prefix,mixed_missing_spurious,0.5,0.5361979166666667
fcc,1,0,CASIM-prefix,mixed_missing_spurious,0.6,0.44640625000000006
fcc,1,0,CASIM-prefix,mixed_missing_spurious,0.7,0.35572916666666665
fcc,1,0,CASIM-prefix,mixed_missing_spurious,0.8,0.25317708333333333
fcc,1,0,CASIM-prefix,mixed_missing_spurious,0.9,0.16932291666666666
fcc,1,0,CASIM-prefix,mixed_spurious_timing_late,0.0,0.984375
fcc,1,0,CASIM-prefix,mixed_spurious_timing_late,0.05,0.5031249999999999
fcc,1,0,CASIM-prefix,mixed_spurious_timing_late,0.1,0.3796875
fcc,1,0,CASIM-prefix,mixed_spurious_timing_late,0.15,0.2411458333333333
fcc,1,0,CASIM-prefix,mixed_spurious_timing_late,0.2,0.17223958333333333
fcc,1,0,CASIM-prefix,mixed_spurious_timing_late,0.25,0.13973958333333333
fcc,1,0,CASIM-prefix,mixed_spurious_timing_late,0.3,0.11494791666666666
fcc,1,0,CASIM-prefix,mixed_spurious_timing_late,0.4,0.08171875
fcc,1,0,CASIM-prefix,mixed_spurious_timing_late,0.5,0.06765625
fcc,1,0,CASIM-prefix,mixed_spurious_timing_late,0.6,0.0584375
fcc,1,0,CASIM-prefix,mixed_spurious_timing_late,0.7,0.06385416666666667
fcc,1,0,CASIM-prefix,mixed_spurious_timing_late,0.8,0.06010416666666666
fcc,1,0,CASIM-prefix,mixed_spurious_timing_late,0.9,0.06041666666666667
fcc,1,0,CASIM-prefix,spurious_events,0.0,0.984375
fcc,1,0,CASIM-prefix,spurious_events,0.05,0.9796354166666666
fcc,1,0,CASIM-prefix,spurious_events,0.1,0.9628645833333334
fcc,1,0,CASIM-prefix,spurious_events,0.15,0.95015625
fcc,1,0,CASIM-prefix,spurious_events,0.2,0.9333854166666667
fcc,1,0,CASIM-prefix,spurious_events,0.25,0.9168229166666667
fcc,1,0,CASIM-prefix,spurious_events,0.3,0.9029166666666667
fcc,1,0,CASIM-prefix,spurious_events,0.4,0.8724479166666667
fcc,1,0,CASIM-prefix,spurious_events,0.5,0.8314583333333333
fcc,1,0,CASIM-prefix,spurious_events,0.6,0.8118229166666667
fcc,1,0,CASIM-prefix,spurious_events,0.7,0.7768229166666667
fcc,1,0,CASIM-prefix,spurious_events,0.8,0.7463541666666668
fcc,1,0,CASIM-prefix,spurious_events,0.9,0.7204166666666666
fcc,1,0,CASIM-prefix,timing_uncertainty,0.0,0.984375
fcc,1,0,CASIM-prefix,timing_uncertainty,0.05,0.9842708333333334
fcc,1,0,CASIM-prefix,timing_uncertainty,0.1,0.9832291666666667
fcc,1,0,CASIM-prefix,timing_uncertainty,0.15,0.9815625
fcc,1,0,CASIM-prefix,timing_uncertainty,0.2,0.9817187500000001
fcc,1,0,CASIM-prefix,timing_uncertainty,0.25,0.9788541666666667
fcc,1,0,CASIM-prefix,timing_uncertainty,0.3,0.9761979166666667
fcc,1,0,CASIM-prefix,timing_uncertainty,0.4,0.9696875
fcc,1,0,CASIM-prefix,timing_uncertainty,0.5,0.9605729166666667
fcc,1,0,CASIM-prefix,timing_uncertainty,0.6,0.941875
fcc,1,0,CASIM-prefix,timing_uncertainty,0.7,0.9264583333333333
fcc,1,0,CASIM-prefix,timing_uncertainty,0.8,0.8976562499999999
fcc,1,0,CASIM-prefix,timing_uncertainty,0.9,0.8629166666666667
fcc,1,0,EAC-1NN,late_time_delay,0.0,0.9197916666666667
fcc,1,0,EAC-1NN,late_time_delay,0.05,0.5296875
fcc,1,0,EAC-1NN,late_time_delay,0.1,0.49427083333333327
fcc,1,0,EAC-1NN,late_time_delay,0.15,0.4197916666666666
fcc,1,0,EAC-1NN,late_time_delay,0.2,0.38437499999999997
fcc,1,0,EAC-1NN,late_time_delay,0.25,0.3645833333333333
fcc,1,0,EAC-1NN,late_time_delay,0.3,0.37708333333333327
fcc,1,0,EAC-1NN,late_time_delay,0.4,0.2833333333333333
fcc,1,0,EAC-1NN,late_time_delay,0.5,0.2177083333333333
fcc,1,0,EAC-1NN,late_time_delay,0.6,0.15
fcc,1,0,EAC-1NN,late_time_delay,0.7,0.18697916666666667
fcc,1,0,EAC-1NN,late_time_delay,0.8,0.1786458333333333
fcc,1,0,EAC-1NN,late_time_delay,0.9,0.146875
fcc,1,0,EAC-1NN,missing_events,0.0,0.9197916666666667
fcc,1,0,EAC-1NN,missing_events,0.05,0.9169791666666667
fcc,1,0,EAC-1NN,missing_events,0.1,0.90296875
fcc,1,0,EAC-1NN,missing_events,0.15,0.8877083333333333
fcc,1,0,EAC-1NN,missing_events,0.2,0.8711979166666667
fcc,1,0,EAC-1NN,missing_events,0.25,0.8583333333333334
fcc,1,0,EAC-1NN,missing_events,0.3,0.8456250000000001
fcc,1,0,EAC-1NN,missing_events,0.4,0.7961458333333334
fcc,1,0,EAC-1NN,missing_events,0.5,0.7340104166666667
fcc,1,0,EAC-1NN,missing_events,0.6,0.6540625
fcc,1,0,EAC-1NN,missing_events,0.7,0.5515625000000001
fcc,1,0,EAC-1NN,missing_events,0.8,0.44114583333333335
fcc,1,0,EAC-1NN,missing_events,0.9,0.30963541666666666
fcc,1,0,EAC-1NN,mixed_missing_spurious,0.0,0.9197916666666667
fcc,1,0,EAC-1NN,mixed_missing_spurious,0.05,0.91640625
fcc,1,0,EAC-1NN,mixed_missing_spurious,0.1,0.8972395833333334
fcc,1,0,EAC-1NN,mixed_missing_spurious,0.15,0.8827083333333333
fcc,1,0,EAC-1NN,mixed_missing_spurious,0.2,0.8633333333333333
fcc,1,0,EAC-1NN,mixed_missing_spurious,0.25,0.8485416666666667
fcc,1,0,EAC-1NN,mixed_missing_spurious,0.3,0.8207291666666667
fcc,1,0,EAC-1NN,mixed_missing_spurious,0.4,0.7658333333333333
fcc,1,0,EAC-1NN,mixed_missing_spurious,0.5,0.6875
fcc,1,0,EAC-1NN,mixed_missing_spurious,0.6,0.6022395833333333
fcc,1,0,EAC-1NN,mixed_missing_spurious,0.7,0.5085937500000001
fcc,1,0,EAC-1NN,mixed_missing_spurious,0.8,0.3925
fcc,1,0,EAC-1NN,mixed_missing_spurious,0.9,0.27661458333333333
fcc,1,0,EAC-1NN,mixed_spurious_timing_late,0.0,0.9197916666666667
fcc,1,0,EAC-1NN,mixed_spurious_timing_late,0.05,0.5291145833333334
fcc,1,0,EAC-1NN,mixed_spurious_timing_late,0.1,0.4897916666666666
fcc,1,0,EAC-1NN,mixed_spurious_timing_late,0.15,0.40260416666666665
fcc,1,0,EAC-1NN,mixed_spurious_timing_late,0.2,0.36703125
fcc,1,0,EAC-1NN,mixed_spurious_timing_late,0.25,0.3422395833333333
fcc,1,0,EAC-1NN,mixed_spurious_timing_late,0.3,0.3400520833333333
fcc,1,0,EAC-1NN,mixed_spurious_timing_late,0.4,0.22697916666666665
fcc,1,0,EAC-1NN,mixed_spurious_timing_late,0.5,0.14765625
fcc,1,0,EAC-1NN,mixed_spurious_timing_late,0.6,0.11333333333333333
fcc,1,0,EAC-1NN,mixed_spurious_timing_late,0.7,0.10619791666666667
fcc,1,0,EAC-1NN,mixed_spurious_timing_late,0.8,0.09557291666666666
fcc,1,0,EAC-1NN,mixed_spurious_timing_late,0.9,0.083125
fcc,1,0,EAC-1NN,spurious_events,0.0,0.9197916666666667
fcc,1,0,EAC-1NN,spurious_events,0.05,0.9194791666666666
fcc,1,0,EAC-1NN,spurious_events,0.1,0.9163541666666667
fcc,1,0,EAC-1NN,spurious_events,0.15,0.9143229166666668
fcc,1,0,EAC-1NN,spurious_events,0.2,0.9120833333333334
fcc,1,0,EAC-1NN,spurious_events,0.25,0.9071875
fcc,1,0,EAC-1NN,spurious_events,0.3,0.90953125
fcc,1,0,EAC-1NN,spurious_events,0.4,0.901875
fcc,1,0,EAC-1NN,spurious_events,0.5,0.8947395833333333
fcc,1,0,EAC-1NN,spurious_events,0.6,0.89296875
fcc,1,0,EAC-1NN,spurious_events,0.7,0.8890625
fcc,1,0,EAC-1NN,spurious_events,0.8,0.8813541666666667
fcc,1,0,EAC-1NN,spurious_events,0.9,0.8683854166666668
fcc,1,0,EAC-1NN,timing_uncertainty,0.0,0.9197916666666667
fcc,1,0,EAC-1NN,timing_uncertainty,0.05,0.9197395833333334
fcc,1,0,EAC-1NN,timing_uncertainty,0.1,0.9193229166666667
fcc,1,0,EAC-1NN,timing_uncertainty,0.15,0.9189583333333333
fcc,1,0,EAC-1NN,timing_uncertainty,0.2,0.9192708333333334
fcc,1,0,EAC-1NN,timing_uncertainty,0.25,0.9160416666666666
fcc,1,0,EAC-1NN,timing_uncertainty,0.3,0.9160937499999999
fcc,1,0,EAC-1NN,timing_uncertainty,0.4,0.91375
fcc,1,0,EAC-1NN,timing_uncertainty,0.5,0.91046875
fcc,1,0,EAC-1NN,timing_uncertainty,0.6,0.9089583333333334
fcc,1,0,EAC-1NN,timing_uncertainty,0.7,0.9083333333333333
fcc,1,0,EAC-1NN,timing_uncertainty,0.8,0.9085416666666667
fcc,1,0,EAC-1NN,timing_uncertainty,0.9,0.9060416666666667
fcc,1,0,JAC-1NN,late_time_delay,0.0,0.8755208333333333
fcc,1,0,JAC-1NN,late_time_delay,0.05,0.5
fcc,1,0,JAC-1NN,late_time_delay,0.1,0.47291666666666665
fcc,1,0,JAC-1NN,late_time_delay,0.15,0.3875
fcc,1,0,JAC-1NN,late_time_delay,0.2,0.3671875
fcc,1,0,JAC-1NN,late_time_delay,0.25,0.35052083333333334
fcc,1,0,JAC-1NN,late_time_delay,0.3,0.35000000000000003
fcc,1,0,JAC-1NN,late_time_delay,0.4,0.28177083333333336
fcc,1,0,JAC-1NN,late_time_delay,0.5,0.22708333333333333
fcc,1,0,JAC-1NN,late_time_delay,0.6,0.15052083333333335
fcc,1,0,JAC-1NN,late_time_delay,0.7,0.17447916666666666
fcc,1,0,JAC-1NN,late_time_delay,0.8,0.16458333333333333
fcc,1,0,JAC-1NN,late_time_delay,0.9,0.15
fcc,1,0,JAC-1NN,missing_events,0.0,0.8755208333333333
fcc,1,0,JAC-1NN,missing_events,0.05,0.87125
fcc,1,0,JAC-1NN,missing_events,0.1,0.8596354166666668
fcc,1,0,JAC-1NN,missing_events,0.15,0.844375
fcc,1,0,JAC-1NN,missing_events,0.2,0.8283854166666668
fcc,1,0,JAC-1NN,missing_events,0.25,0.8151041666666666
fcc,1,0,JAC-1NN,missing_events,0.3,0.7961979166666667
fcc,1,0,JAC-1NN,missing_events,0.4,0.74515625
fcc,1,0,JAC-1NN,missing_events,0.5,0.6729166666666666
fcc,1,0,JAC-1NN,missing_events,0.6,0.5883854166666667
fcc,1,0,JAC-1NN,missing_events,0.7,0.47578125
fcc,1,0,JAC-1NN,missing_events,0.8,0.3690625
fcc,1,0,JAC-1NN,missing_events,0.9,0.2534375
fcc,1,0,JAC-1NN,mixed_missing_spurious,0.0,0.8755208333333333
fcc,1,0,JAC-1NN,mixed_missing_spurious,0.05,0.8716145833333333
fcc,1,0,JAC-1NN,mixed_missing_spurious,0.1,0.8562500000000001
fcc,1,0,JAC-1NN,mixed_missing_spurious,0.15,0.8419791666666666
fcc,1,0,JAC-1NN,mixed_missing_spurious,0.2,0.8235416666666667
fcc,1,0,JAC-1NN,mixed_missing_spurious,0.25,0.8129166666666667
fcc,1,0,JAC-1NN,mixed_missing_spurious,0.3,0.7852604166666667
fcc,1,0,JAC-1NN,mixed_missing_spurious,0.4,0.7287500000000001
fcc,1,0,JAC-1NN,mixed_missing_spurious,0.5,0.6514583333333334
fcc,1,0,JAC-1NN,mixed_missing_spurious,0.6,0.57640625
fcc,1,0,JAC-1NN,mixed_missing_spurious,0.7,0.4713541666666667
fcc,1,0,JAC-1NN,mixed_missing_spurious,0.8,0.34890625
fcc,1,0,JAC-1NN,mixed_missing_spurious,0.9,0.24390625
fcc,1,0,JAC-1NN,mixed_spurious_timing_late,0.0,0.8755208333333333
fcc,1,0,JAC-1NN,mixed_spurious_timing_late,0.05,0.5009375
fcc,1,0,JAC-1NN,mixed_spurious_timing_late,0.1,0.4710937499999999
fcc,1,0,JAC-1NN,mixed_spurious_timing_late,0.15,0.38765625000000004
fcc,1,0,JAC-1NN,mixed_spurious_timing_late,0.2,0.3684895833333333
fcc,1,0,JAC-1NN,mixed_spurious_timing_late,0.25,0.3433854166666667
fcc,1,0,JAC-1NN,mixed_spurious_timing_late,0.3,0.34078125000000004
fcc,1,0,JAC-1NN,mixed_spurious_timing_late,0.4,0.2384375
fcc,1,0,JAC-1NN,mixed_spurious_timing_late,0.5,0.15614583333333334
fcc,1,0,JAC-1NN,mixed_spurious_timing_late,0.6,0.11343750000000001
fcc,1,0,JAC-1NN,mixed_spurious_timing_late,0.7,0.10364583333333333
fcc,1,0,JAC-1NN,mixed_spurious_timing_late,0.8,0.08395833333333334
fcc,1,0,JAC-1NN,mixed_spurious_timing_late,0.9,0.0790625
fcc,1,0,JAC-1NN,spurious_events,0.0,0.8755208333333333
fcc,1,0,JAC-1NN,spurious_events,0.05,0.8751041666666667
fcc,1,0,JAC-1NN,spurious_events,0.1,0.874375
fcc,1,0,JAC-1NN,spurious_events,0.15,0.8732812500000001
fcc,1,0,JAC-1NN,spurious_events,0.2,0.8733854166666667
fcc,1,0,JAC-1NN,spurious_events,0.25,0.8689062500000001
fcc,1,0,JAC-1NN,spurious_events,0.3,0.87140625
fcc,1,0,JAC-1NN,spurious_events,0.4,0.8658333333333333
fcc,1,0,JAC-1NN,spurious_events,0.5,0.8595833333333333
fcc,1,0,JAC-1NN,spurious_events,0.6,0.85640625
fcc,1,0,JAC-1NN,spurious_events,0.7,0.8506770833333333
fcc,1,0,JAC-1NN,spurious_events,0.8,0.8388020833333334
fcc,1,0,JAC-1NN,spurious_events,0.9,0.82921875
fcc,1,0,JAC-1NN,timing_uncertainty,0.0,0.8755208333333333
fcc,1,0,JAC-1NN,timing_uncertainty,0.05,0.8753645833333333
fcc,1,0,JAC-1NN,timing_uncertainty,0.1,0.8750520833333333
fcc,1,0,JAC-1NN,timing_uncertainty,0.15,0.8749479166666667
fcc,1,0,JAC-1NN,timing_uncertainty,0.2,0.8741666666666666
fcc,1,0,JAC-1NN,timing_uncertainty,0.25,0.8719270833333334
fcc,1,0,JAC-1NN,timing_uncertainty,0.3,0.8739583333333334
fcc,1,0,JAC-1NN,timing_uncertainty,0.4,0.87125
fcc,1,0,JAC-1NN,timing_uncertainty,0.5,0.8705208333333333
fcc,1,0,JAC-1NN,timing_uncertainty,0.6,0.8709895833333333
fcc,1,0,JAC-1NN,timing_uncertainty,0.7,0.8709895833333333
fcc,1,0,JAC-1NN,timing_uncertainty,0.8,0.8715625
fcc,1,0,JAC-1NN,timing_uncertainty,0.9,0.8750520833333333
fcc,1,0,MBW-LR,late_time_delay,0.0,0.9557291666666666
fcc,1,0,MBW-LR,late_time_delay,0.05,0.35520833333333335
fcc,1,0,MBW-LR,late_time_delay,0.1,0.3229166666666667
fcc,1,0,MBW-LR,late_time_delay,0.15,0.240625
fcc,1,0,MBW-LR,late_time_delay,0.2,0.228125
fcc,1,0,MBW-LR,late_time_delay,0.25,0.22343749999999998
fcc,1,0,MBW-LR,late_time_delay,0.3,0.2197916666666667
fcc,1,0,MBW-LR,late_time_delay,0.4,0.20260416666666667
fcc,1,0,MBW-LR,late_time_delay,0.5,0.12343749999999999
fcc,1,0,MBW-LR,late_time_delay,0.6,0.1265625
fcc,1,0,MBW-LR,late_time_delay,0.7,0.11510416666666667
fcc,1,0,MBW-LR,late_time_delay,0.8,0.13177083333333334
fcc,1,0,MBW-LR,late_time_delay,0.9,0.125
fcc,1,0,MBW-LR,missing_events,0.0,0.9557291666666666
fcc,1,0,MBW-LR,missing_events,0.05,0.9525520833333333
fcc,1,0,MBW-LR,missing_events,0.1,0.9340625
fcc,1,0,MBW-LR,missing_events,0.15,0.9201562499999999
fcc,1,0,MBW-LR,missing_events,0.2,0.8924479166666667
fcc,1,0,MBW-LR,missing_events,0.25,0.8675
fcc,1,0,MBW-LR,missing_events,0.3,0.8493229166666666
fcc,1,0,MBW-LR,missing_events,0.4,0.7958854166666667
fcc,1,0,MBW-LR,missing_events,0.5,0.7167708333333334
fcc,1,0,MBW-LR,missing_events,0.6,0.64265625
fcc,1,0,MBW-LR,missing_events,0.7,0.5609375
fcc,1,0,MBW-LR,missing_events,0.8,0.44234375
fcc,1,0,MBW-LR,missing_events,0.9,0.32427083333333334
fcc,1,0,MBW-LR,mixed_missing_spurious,0.0,0.9557291666666666
fcc,1,0,MBW-LR,mixed_missing_spurious,0.05,0.95109375
fcc,1,0,MBW-LR,mixed_missing_spurious,0.1,0.9240104166666666
fcc,1,0,MBW-LR,mixed_missing_spurious,0.15,0.8963541666666667
fcc,1,0,MBW-LR,mixed_missing_spurious,0.2,0.8568749999999999
fcc,1,0,MBW-LR,mixed_missing_spurious,0.25,0.8305208333333334
fcc,1,0,MBW-LR,mixed_missing_spurious,0.3,0.7742708333333334
fcc,1,0,MBW-LR,mixed_missing_spurious,0.4,0.7030208333333333
fcc,1,0,MBW-LR,mixed_missing_spurious,0.5,0.6200520833333333
fcc,1,0,MBW-LR,mixed_missing_spurious,0.6,0.5496354166666667
fcc,1,0,MBW-LR,mixed_missing_spurious,0.7,0.4696354166666667
fcc,1,0,MBW-LR,mixed_missing_spurious,0.8,0.37302083333333336
fcc,1,0,MBW-LR,mixed_missing_spurious,0.9,0.2831770833333333
fcc,1,0,MBW-LR,mixed_spurious_timing_late,0.0,0.9557291666666666
fcc,1,0,MBW-LR,mixed_spurious_timing_late,0.05,0.35203125
fcc,1,0,MBW-LR,mixed_spurious_timing_late,0.1,0.3083854166666667
fcc,1,0,MBW-LR,mixed_spurious_timing_late,0.15,0.2255208333333333
fcc,1,0,MBW-LR,mixed_spurious_timing_late,0.2,0.20572916666666666
fcc,1,0,MBW-LR,mixed_spurious_timing_late,0.25,0.19432291666666668
fcc,1,0,MBW-LR,mixed_spurious_timing_late,0.3,0.18166666666666667
fcc,1,0,MBW-LR,mixed_spurious_timing_late,0.4,0.1503125
fcc,1,0,MBW-LR,mixed_spurious_timing_late,0.5,0.09057291666666667
fcc,1,0,MBW-LR,mixed_spurious_timing_late,0.6,0.08296875
fcc,1,0,MBW-LR,mixed_spurious_timing_late,0.7,0.07911458333333334
fcc,1,0,MBW-LR,mixed_spurious_timing_late,0.8,0.07994791666666666
fcc,1,0,MBW-LR,mixed_spurious_timing_late,0.9,0.08
fcc,1,0,MBW-LR,spurious_events,0.0,0.9557291666666666
fcc,1,0,MBW-LR,spurious_events,0.05,0.9543229166666666
fcc,1,0,MBW-LR,spurious_events,0.1,0.9452604166666667
fcc,1,0,MBW-LR,spurious_events,0.15,0.9349479166666667
fcc,1,0,MBW-LR,spurious_events,0.2,0.9187500000000001
fcc,1,0,MBW-LR,spurious_events,0.25,0.9122916666666666
fcc,1,0,MBW-LR,spurious_events,0.3,0.9028645833333333
fcc,1,0,MBW-LR,spurious_events,0.4,0.88046875
fcc,1,0,MBW-LR,spurious_events,0.5,0.8546354166666666
fcc,1,0,MBW-LR,spurious_events,0.6,0.8448437499999999
fcc,1,0,MBW-LR,spurious_events,0.7,0.8229166666666666
fcc,1,0,MBW-LR,spurious_events,0.8,0.8032291666666667
fcc,1,0,MBW-LR,spurious_events,0.9,0.78484375
fcc,1,0,MBW-LR,timing_uncertainty,0.0,0.9557291666666666
fcc,1,0,MBW-LR,timing_uncertainty,0.05,0.9554166666666667
fcc,1,0,MBW-LR,timing_uncertainty,0.1,0.9536458333333333
fcc,1,0,MBW-LR,timing_uncertainty,0.15,0.9522916666666666
fcc,1,0,MBW-LR,timing_uncertainty,0.2,0.9515104166666667
fcc,1,0,MBW-LR,timing_uncertainty,0.25,0.9454166666666667
fcc,1,0,MBW-LR,timing_uncertainty,0.3,0.9448958333333334
fcc,1,0,MBW-LR,timing_uncertainty,0.4,0.9380208333333333
fcc,1,0,MBW-LR,timing_uncertainty,0.5,0.93203125
fcc,1,0,MBW-LR,timing_uncertainty,0.6,0.9194791666666666
fcc,1,0,MBW-LR,timing_uncertainty,0.7,0.9094791666666667
fcc,1,0,MBW-LR,timing_uncertainty,0.8,0.8922916666666666
fcc,1,0,MBW-LR,timing_uncertainty,0.9,0.8717708333333333
fcc,1,0,WDI-1NN,late_time_delay,0.0,0.5916666666666667
fcc,1,0,WDI-1NN,late_time_delay,0.05,0.35052083333333334
fcc,1,0,WDI-1NN,late_time_delay,0.1,0.3302083333333333
fcc,1,0,WDI-1NN,late_time_delay,0.15,0.28958333333333336
fcc,1,0,WDI-1NN,late_time_delay,0.2,0.24427083333333333
fcc,1,0,WDI-1NN,late_time_delay,0.25,0.19583333333333333
fcc,1,0,WDI-1NN,late_time_delay,0.3,0.1640625
fcc,1,0,WDI-1NN,late_time_delay,0.4,0.08177083333333333
fcc,1,0,WDI-1NN,late_time_delay,0.5,0.07083333333333333
fcc,1,0,WDI-1NN,late_time_delay,0.6,0.06145833333333334
fcc,1,0,WDI-1NN,late_time_delay,0.7,0.08177083333333333
fcc,1,0,WDI-1NN,late_time_delay,0.8,0.0828125
fcc,1,0,WDI-1NN,late_time_delay,0.9,0.078125
fcc,1,0,WDI-1NN,missing_events,0.0,0.5916666666666667
fcc,1,0,WDI-1NN,missing_events,0.05,0.5836458333333333
fcc,1,0,WDI-1NN,missing_events,0.1,0.5485416666666667
fcc,1,0,WDI-1NN,missing_events,0.15,0.5313541666666667
fcc,1,0,WDI-1NN,missing_events,0.2,0.4917708333333333
fcc,1,0,WDI-1NN,missing_events,0.25,0.45927083333333335
fcc,1,0,WDI-1NN,missing_events,0.3,0.4366666666666667
fcc,1,0,WDI-1NN,missing_events,0.4,0.36182291666666666
fcc,1,0,WDI-1NN,missing_events,0.5,0.2899479166666667
fcc,1,0,WDI-1NN,missing_events,0.6,0.22604166666666667
fcc,1,0,WDI-1NN,missing_events,0.7,0.16088541666666667
fcc,1,0,WDI-1NN,missing_events,0.8,0.11890624999999999
fcc,1,0,WDI-1NN,missing_events,0.9,0.08354166666666667
fcc,1,0,WDI-1NN,mixed_missing_spurious,0.0,0.5916666666666667
fcc,1,0,WDI-1NN,mixed_missing_spurious,0.05,0.5846354166666666
fcc,1,0,WDI-1NN,mixed_missing_spurious,0.1,0.5545833333333333
fcc,1,0,WDI-1NN,mixed_missing_spurious,0.15,0.5296875
fcc,1,0,WDI-1NN,mixed_missing_spurious,0.2,0.48171875000000003
fcc,1,0,WDI-1NN,mixed_missing_spurious,0.25,0.46255208333333336
fcc,1,0,WDI-1NN,mixed_missing_spurious,0.3,0.42484374999999996
fcc,1,0,WDI-1NN,mixed_missing_spurious,0.4,0.3619791666666667
fcc,1,0,WDI-1NN,mixed_missing_spurious,0.5,0.2849479166666667
fcc,1,0,WDI-1NN,mixed_missing_spurious,0.6,0.22588541666666664
fcc,1,0,WDI-1NN,mixed_missing_spurious,0.7,0.17078125
fcc,1,0,WDI-1NN,mixed_missing_spurious,0.8,0.11739583333333332
fcc,1,0,WDI-1NN,mixed_missing_spurious,0.9,0.08390625
fcc,1,0,WDI-1NN,mixed_spurious_timing_late,0.0,0.5916666666666667
fcc,1,0,WDI-1NN,mixed_spurious_timing_late,0.05,0.34932291666666665
fcc,1,0,WDI-1NN,mixed_spurious_timing_late,0.1,0.3325
fcc,1,0,WDI-1NN,mixed_spurious_timing_late,0.15,0.2853645833333333
fcc,1,0,WDI-1NN,mixed_spurious_timing_late,0.2,0.23187500000000003
fcc,1,0,WDI-1NN,mixed_spurious_timing_late,0.25,0.18296874999999999
fcc,1,0,WDI-1NN,mixed_spurious_timing_late,0.3,0.15114583333333334
fcc,1,0,WDI-1NN,mixed_spurious_timing_late,0.4,0.08385416666666667
fcc,1,0,WDI-1NN,mixed_spurious_timing_late,0.5,0.07046875
fcc,1,0,WDI-1NN,mixed_spurious_timing_late,0.6,0.07114583333333332
fcc,1,0,WDI-1NN,mixed_spurious_timing_late,0.7,0.08046875
fcc,1,0,WDI-1NN,mixed_spurious_timing_late,0.8,0.08208333333333333
fcc,1,0,WDI-1NN,mixed_spurious_timing_late,0.9,0.0765625
fcc,1,0,WDI-1NN,spurious_events,0.0,0.5916666666666667
fcc,1,0,WDI-1NN,spurious_events,0.05,0.5925520833333333
fcc,1,0,WDI-1NN,spurious_events,0.1,0.5884375
fcc,1,0,WDI-1NN,spurious_events,0.15,0.58796875
fcc,1,0,WDI-1NN,spurious_events,0.2,0.5865625
fcc,1,0,WDI-1NN,spurious_events,0.25,0.58234375
fcc,1,0,WDI-1NN,spurious_events,0.3,0.5820833333333333
fcc,1,0,WDI-1NN,spurious_events,0.4,0.5757291666666666
fcc,1,0,WDI-1NN,spurious_events,0.5,0.5660416666666667
fcc,1,0,WDI-1NN,spurious_events,0.6,0.5657291666666667
fcc,1,0,WDI-1NN,spurious_events,0.7,0.5555729166666666
fcc,1,0,WDI-1NN,spurious_events,0.8,0.5565104166666667
fcc,1,0,WDI-1NN,spurious_events,0.9,0.5465625
fcc,1,0,WDI-1NN,timing_uncertainty,0.0,0.5916666666666667
fcc,1,0,WDI-1NN,timing_uncertainty,0.05,0.5910416666666666
fcc,1,0,WDI-1NN,timing_uncertainty,0.1,0.5907291666666666
fcc,1,0,WDI-1NN,timing_uncertainty,0.15,0.5897916666666667
fcc,1,0,WDI-1NN,timing_uncertainty,0.2,0.5906250000000001
fcc,1,0,WDI-1NN,timing_uncertainty,0.25,0.5902604166666666
fcc,1,0,WDI-1NN,timing_uncertainty,0.3,0.5911458333333334
fcc,1,0,WDI-1NN,timing_uncertainty,0.4,0.5909895833333333
fcc,1,0,WDI-1NN,timing_uncertainty,0.5,0.58953125
fcc,1,0,WDI-1NN,timing_uncertainty,0.6,0.59015625
fcc,1,0,WDI-1NN,timing_uncertainty,0.7,0.5927604166666667
fcc,1,0,WDI-1NN,timing_uncertainty,0.8,0.5877083333333334
fcc,1,0,WDI-1NN,timing_uncertainty,0.9,0.5867708333333334
fcc,2,0,ACM-SVM,late_time_delay,0.0,0.7145833333333332
fcc,2,0,ACM-SVM,late_time_delay,0.05,0.2276041666666667
fcc,2,0,ACM-SVM,late_time_delay,0.1,0.2125
fcc,2,0,ACM-SVM,late_time_delay,0.15,0.1390625
fcc,2,0,ACM-SVM,late_time_delay,0.2,0.11145833333333333
fcc,2,0,ACM-SVM,late_time_delay,0.25,0.10416666666666667
fcc,2,0,ACM-SVM,late_time_delay,0.3,0.10000000000000002
fcc,2,0,ACM-SVM,late_time_delay,0.4,0.08385416666666667
fcc,2,0,ACM-SVM,late_time_delay,0.5,0.06979166666666667
fcc,2,0,ACM-SVM,late_time_delay,0.6,0.07135416666666668
fcc,2,0,ACM-SVM,late_time_delay,0.7,0.07656249999999999
fcc,2,0,ACM-SVM,late_time_delay,0.8,0.07864583333333333
fcc,2,0,ACM-SVM,late_time_delay,0.9,0.078125
fcc,2,0,ACM-SVM,missing_events,0.0,0.7145833333333332
fcc,2,0,ACM-SVM,missing_events,0.05,0.6984895833333334
fcc,2,0,ACM-SVM,missing_events,0.1,0.6308854166666666
fcc,2,0,ACM-SVM,missing_events,0.15,0.57140625
fcc,2,0,ACM-SVM,missing_events,0.2,0.50609375
fcc,2,0,ACM-SVM,missing_events,0.25,0.43796875
fcc,2,0,ACM-SVM,missing_events,0.3,0.38203125
fcc,2,0,ACM-SVM,missing_events,0.4,0.27
fcc,2,0,ACM-SVM,missing_events,0.5,0.18729166666666666
fcc,2,0,ACM-SVM,missing_events,0.6,0.13973958333333333
fcc,2,0,ACM-SVM,missing_events,0.7,0.11338541666666667
fcc,2,0,ACM-SVM,missing_events,0.8,0.07953125
fcc,2,0,ACM-SVM,missing_events,0.9,0.06802083333333334
fcc,2,0,ACM-SVM,mixed_missing_spurious,0.0,0.7145833333333332
fcc,2,0,ACM-SVM,mixed_missing_spurious,0.05,0.6734895833333333
fcc,2,0,ACM-SVM,mixed_missing_spurious,0.1,0.56375
fcc,2,0,ACM-SVM,mixed_missing_spurious,0.15,0.47583333333333333
fcc,2,0,ACM-SVM,mixed_missing_spurious,0.2,0.37958333333333333
fcc,2,0,ACM-SVM,mixed_missing_spurious,0.25,0.3241145833333334
fcc,2,0,ACM-SVM,mixed_missing_spurious,0.3,0.28859375
fcc,2,0,ACM-SVM,mixed_missing_spurious,0.4,0.20552083333333335
fcc,2,0,ACM-SVM,mixed_missing_spurious,0.5,0.17072916666666668
fcc,2,0,ACM-SVM,mixed_missing_spurious,0.6,0.13713541666666665
fcc,2,0,ACM-SVM,mixed_missing_spurious,0.7,0.11338541666666667
fcc,2,0,ACM-SVM,mixed_missing_spurious,0.8,0.09166666666666667
fcc,2,0,ACM-SVM,mixed_missing_spurious,0.9,0.06770833333333333
fcc,2,0,ACM-SVM,mixed_spurious_timing_late,0.0,0.7145833333333332
fcc,2,0,ACM-SVM,mixed_spurious_timing_late,0.05,0.22265625
fcc,2,0,ACM-SVM,mixed_spurious_timing_late,0.1,0.19395833333333334
fcc,2,0,ACM-SVM,mixed_spurious_timing_late,0.15,0.13458333333333333
fcc,2,0,ACM-SVM,mixed_spurious_timing_late,0.2,0.10979166666666668
fcc,2,0,ACM-SVM,mixed_spurious_timing_late,0.25,0.1040625
fcc,2,0,ACM-SVM,mixed_spurious_timing_late,0.3,0.09875
fcc,2,0,ACM-SVM,mixed_spurious_timing_late,0.4,0.08421875000000001
fcc,2,0,ACM-SVM,mixed_spurious_timing_late,0.5,0.07265625
fcc,2,0,ACM-SVM,mixed_spurious_timing_late,0.6,0.06874999999999999
fcc,2,0,ACM-SVM,mixed_spurious_timing_late,0.7,0.07307291666666667
fcc,2,0,ACM-SVM,mixed_spurious_timing_late,0.8,0.0746875
fcc,2,0,ACM-SVM,mixed_spurious_timing_late,0.9,0.0690625
fcc,2,0,ACM-SVM,spurious_events,0.0,0.7145833333333332
fcc,2,0,ACM-SVM,spurious_events,0.05,0.6844791666666666
fcc,2,0,ACM-SVM,spurious_events,0.1,0.6191666666666666
fcc,2,0,ACM-SVM,spurious_events,0.15,0.5595833333333333
fcc,2,0,ACM-SVM,spurious_events,0.2,0.5113020833333334
fcc,2,0,ACM-SVM,spurious_events,0.25,0.47140625
fcc,2,0,ACM-SVM,spurious_events,0.3,0.44026041666666665
fcc,2,0,ACM-SVM,spurious_events,0.4,0.38177083333333334
fcc,2,0,ACM-SVM,spurious_events,0.5,0.3319270833333334
fcc,2,0,ACM-SVM,spurious_events,0.6,0.305
fcc,2,0,ACM-SVM,spurious_events,0.7,0.274375
fcc,2,0,ACM-SVM,spurious_events,0.8,0.24489583333333334
fcc,2,0,ACM-SVM,spurious_events,0.9,0.23203125
fcc,2,0,ACM-SVM,timing_uncertainty,0.0,0.7145833333333332
fcc,2,0,ACM-SVM,timing_uncertainty,0.05,0.7144791666666667
fcc,2,0,ACM-SVM,timing_uncertainty,0.1,0.7141145833333332
fcc,2,0,ACM-SVM,timing_uncertainty,0.15,0.7104166666666667
fcc,2,0,ACM-SVM,timing_uncertainty,0.2,0.7056770833333333
fcc,2,0,ACM-SVM,timing_uncertainty,0.25,0.6995833333333333
fcc,2,0,ACM-SVM,timing_uncertainty,0.3,0.6943229166666667
fcc,2,0,ACM-SVM,timing_uncertainty,0.4,0.67828125
fcc,2,0,ACM-SVM,timing_uncertainty,0.5,0.6585416666666667
fcc,2,0,ACM-SVM,timing_uncertainty,0.6,0.6403645833333333
fcc,2,0,ACM-SVM,timing_uncertainty,0.7,0.6211979166666667
fcc,2,0,ACM-SVM,timing_uncertainty,0.8,0.61125
fcc,2,0,ACM-SVM,timing_uncertainty,0.9,0.5927083333333333
fcc,2,0,CASIM-prefix,late_time_delay,0.0,0.9828125
fcc,2,0,CASIM-prefix,late_time_delay,0.05,0.4947916666666667
fcc,2,0,CASIM-prefix,late_time_delay,0.1,0.36822916666666666
fcc,2,0,CASIM-prefix,late_time_delay,0.15,0.27447916666666666
fcc,2,0,CASIM-prefix,late_time_delay,0.2,0.1807291666666667
fcc,2,0,CASIM-prefix,late_time_delay,0.25,0.15312499999999998
fcc,2,0,CASIM-prefix,late_time_delay,0.3,0.12812500000000002
fcc,2,0,CASIM-prefix,late_time_delay,0.4,0.07760416666666665
fcc,2,0,CASIM-prefix,late_time_delay,0.5,0.07708333333333334
fcc,2,0,CASIM-prefix,late_time_delay,0.6,0.07656249999999999
fcc,2,0,CASIM-prefix,late_time_delay,0.7,0.08125
fcc,2,0,CASIM-prefix,late_time_delay,0.8,0.06510416666666667
fcc,2,0,CASIM-prefix,late_time_delay,0.9,0.053125
fcc,2,0,CASIM-prefix,missing_events,0.0,0.9828125
fcc,2,0,CASIM-prefix,missing_events,0.05,0.9778645833333334
fcc,2,0,CASIM-prefix,missing_events,0.1,0.9584375
fcc,2,0,CASIM-prefix,missing_events,0.15,0.94203125
fcc,2,0,CASIM-prefix,missing_events,0.2,0.9059895833333332
fcc,2,0,CASIM-prefix,missing_events,0.25,0.87609375
fcc,2,0,CASIM-prefix,missing_events,0.3,0.8444270833333333
fcc,2,0,CASIM-prefix,missing_events,0.4,0.7452604166666666
fcc,2,0,CASIM-prefix,missing_events,0.5,0.6274479166666667
fcc,2,0,CASIM-prefix,missing_events,0.6,0.52671875
fcc,2,0,CASIM-prefix,missing_events,0.7,0.40468750000000003
fcc,2,0,CASIM-prefix,missing_events,0.8,0.2953645833333333
fcc,2,0,CASIM-prefix,missing_events,0.9,0.20083333333333334
fcc,2,0,CASIM-prefix,mixed_missing_spurious,0.0,0.9828125
fcc,2,0,CASIM-prefix,mixed_missing_spurious,0.05,0.9730729166666666
fcc,2,0,CASIM-prefix,mixed_missing_spurious,0.1,0.9377604166666668
fcc,2,0,CASIM-prefix,mixed_missing_spurious,0.15,0.9026041666666668
fcc,2,0,CASIM-prefix,mixed_missing_spurious,0.2,0.8441666666666666
fcc,2,0,CASIM-prefix,mixed_missing_spurious,0.25,0.7833854166666666
fcc,2,0,CASIM-prefix,mixed_missing_spurious,0.3,0.7441666666666666
fcc,2,0,CASIM-prefix,mixed_missing_spurious,0.4,0.6358854166666666
fcc,2,0,CASIM-prefix,mixed_missing_spurious,0.5,0.5274479166666667
fcc,2,0,CASIM-prefix,mixed_missing_spurious,0.6,0.4449479166666667
fcc,2,0,CASIM-prefix,mixed_missing_spurious,0.7,0.3551041666666667
fcc,2,0,CASIM-prefix,mixed_missing_spurious,0.8,0.2709375
fcc,2,0,CASIM-prefix,mixed_missing_spurious,0.9,0.18458333333333332
fcc,2,0,CASIM-prefix,mixed_spurious_timing_late,0.0,0.9828125
fcc,2,0,CASIM-prefix,mixed_spurious_timing_late,0.05,0.48994791666666665
fcc,2,0,CASIM-prefix,mixed_spurious_timing_late,0.1,0.34442708333333333
fcc,2,0,CASIM-prefix,mixed_spurious_timing_late,0.15,0.24401041666666665
fcc,2,0,CASIM-prefix,mixed_spurious_timing_late,0.2,0.15859375
fcc,2,0,CASIM-prefix,mixed_spurious_timing_late,0.25,0.13255208333333332
fcc,2,0,CASIM-prefix,mixed_spurious_timing_late,0.3,0.10979166666666666
fcc,2,0,CASIM-prefix,mixed_spurious_timing_late,0.4,0.06901041666666667
fcc,2,0,CASIM-prefix,mixed_spurious_timing_late,0.5,0.06749999999999999
fcc,2,0,CASIM-prefix,mixed_spurious_timing_late,0.6,0.068125
fcc,2,0,CASIM-prefix,mixed_spurious_timing_late,0.7,0.0734375
fcc,2,0,CASIM-prefix,mixed_spurious_timing_late,0.8,0.0659375
fcc,2,0,CASIM-prefix,mixed_spurious_timing_late,0.9,0.06510416666666667
fcc,2,0,CASIM-prefix,spurious_events,0.0,0.9828125
fcc,2,0,CASIM-prefix,spurious_events,0.05,0.9753124999999999
fcc,2,0,CASIM-prefix,spurious_events,0.1,0.9575
fcc,2,0,CASIM-prefix,spurious_events,0.15,0.9426041666666666
fcc,2,0,CASIM-prefix,spurious_events,0.2,0.9227604166666667
fcc,2,0,CASIM-prefix,spurious_events,0.25,0.9075520833333334
fcc,2,0,CASIM-prefix,spurious_events,0.3,0.8905729166666667
fcc,2,0,CASIM-prefix,spurious_events,0.4,0.8570833333333333
fcc,2,0,CASIM-prefix,spurious_events,0.5,0.81546875
fcc,2,0,CASIM-prefix,spurious_events,0.6,0.7867708333333333
fcc,2,0,CASIM-prefix,spurious_events,0.7,0.7497395833333332
fcc,2,0,CASIM-prefix,spurious_events,0.8,0.7184895833333335
fcc,2,0,CASIM-prefix,spurious_events,0.9,0.6941666666666667
fcc,2,0,CASIM-prefix,timing_uncertainty,0.0,0.9828125
fcc,2,0,CASIM-prefix,timing_uncertainty,0.05,0.9829166666666667
fcc,2,0,CASIM-prefix,timing_uncertainty,0.1,0.9816666666666666
fcc,2,0,CASIM-prefix,timing_uncertainty,0.15,0.9812500000000001
fcc,2,0,CASIM-prefix,timing_uncertainty,0.2,0.97890625
fcc,2,0,CASIM-prefix,timing_uncertainty,0.25,0.98
fcc,2,0,CASIM-prefix,timing_uncertainty,0.3,0.9779166666666667
fcc,2,0,CASIM-prefix,timing_uncertainty,0.4,0.973125
fcc,2,0,CASIM-prefix,timing_uncertainty,0.5,0.9659895833333333
fcc,2,0,CASIM-prefix,timing_uncertainty,0.6,0.9449479166666667
fcc,2,0,CASIM-prefix,timing_uncertainty,0.7,0.9291145833333333
fcc,2,0,CASIM-prefix,timing_uncertainty,0.8,0.9013020833333334
fcc,2,0,CASIM-prefix,timing_uncertainty,0.9,0.8749479166666667
fcc,2,0,EAC-1NN,late_time_delay,0.0,0.9109375000000001
fcc,2,0,EAC-1NN,late_time_delay,0.05,0.5291666666666667
fcc,2,0,EAC-1NN,late_time_delay,0.1,0.5041666666666668
fcc,2,0,EAC-1NN,late_time_delay,0.15,0.4395833333333334
fcc,2,0,EAC-1NN,late_time_delay,0.2,0.38177083333333334
fcc,2,0,EAC-1NN,late_time_delay,0.25,0.36041666666666666
fcc,2,0,EAC-1NN,late_time_delay,0.3,0.3546875
fcc,2,0,EAC-1NN,late_time_delay,0.4,0.2713541666666667
fcc,2,0,EAC-1NN,late_time_delay,0.5,0.21614583333333334
fcc,2,0,EAC-1NN,late_time_delay,0.6,0.18333333333333335
fcc,2,0,EAC-1NN,late_time_delay,0.7,0.16979166666666665
fcc,2,0,EAC-1NN,late_time_delay,0.8,0.20833333333333334
fcc,2,0,EAC-1NN,late_time_delay,0.9,0.16875000000000004
fcc,2,0,EAC-1NN,missing_events,0.0,0.9109375000000001
fcc,2,0,EAC-1NN,missing_events,0.05,0.9055729166666667
fcc,2,0,EAC-1NN,missing_events,0.1,0.893125
fcc,2,0,EAC-1NN,missing_events,0.15,0.888125
fcc,2,0,EAC-1NN,missing_events,0.2,0.8679166666666668
fcc,2,0,EAC-1NN,missing_events,0.25,0.8569270833333333
fcc,2,0,EAC-1NN,missing_events,0.3,0.8391145833333334
fcc,2,0,EAC-1NN,missing_events,0.4,0.7956770833333334
fcc,2,0,EAC-1NN,missing_events,0.5,0.7169791666666666
fcc,2,0,EAC-1NN,missing_events,0.6,0.6411458333333333
fcc,2,0,EAC-1NN,missing_events,0.7,0.5366666666666666
fcc,2,0,EAC-1NN,missing_events,0.8,0.41515625000000006
fcc,2,0,EAC-1NN,missing_events,0.9,0.28854166666666664
fcc,2,0,EAC-1NN,mixed_missing_spurious,0.0,0.9109375000000001
fcc,2,0,EAC-1NN,mixed_missing_spurious,0.05,0.90484375
fcc,2,0,EAC-1NN,mixed_missing_spurious,0.1,0.8908854166666668
fcc,2,0,EAC-1NN,mixed_missing_spurious,0.15,0.8761979166666666
fcc,2,0,EAC-1NN,mixed_missing_spurious,0.2,0.8530208333333333
fcc,2,0,EAC-1NN,mixed_missing_spurious,0.25,0.8351562499999999
fcc,2,0,EAC-1NN,mixed_missing_spurious,0.3,0.8139583333333333
fcc,2,0,EAC-1NN,mixed_missing_spurious,0.4,0.7463020833333333
fcc,2,0,EAC-1NN,mixed_missing_spurious,0.5,0.6796875
fcc,2,0,EAC-1NN,mixed_missing_spurious,0.6,0.5994270833333334
fcc,2,0,EAC-1NN,mixed_missing_spurious,0.7,0.47781250000000003
fcc,2,0,EAC-1NN,mixed_missing_spurious,0.8,0.37005208333333334
fcc,2,0,EAC-1NN,mixed_missing_spurious,0.9,0.26677083333333335
fcc,2,0,EAC-1NN,mixed_spurious_timing_late,0.0,0.9109375000000001
fcc,2,0,EAC-1NN,mixed_spurious_timing_late,0.05,0.5272916666666667
fcc,2,0,EAC-1NN,mixed_spurious_timing_late,0.1,0.49296875
fcc,2,0,EAC-1NN,mixed_spurious_timing_late,0.15,0.41984375
fcc,2,0,EAC-1NN,mixed_spurious_timing_late,0.2,0.36041666666666666
fcc,2,0,EAC-1NN,mixed_spurious_timing_late,0.25,0.33260416666666665
fcc,2,0,EAC-1NN,mixed_spurious_timing_late,0.3,0.3243229166666667
fcc,2,0,EAC-1NN,mixed_spurious_timing_late,0.4,0.22432291666666668
fcc,2,0,EAC-1NN,mixed_spurious_timing_late,0.5,0.14192708333333334
fcc,2,0,EAC-1NN,mixed_spurious_timing_late,0.6,0.12854166666666667
fcc,2,0,EAC-1NN,mixed_spurious_timing_late,0.7,0.1096875
fcc,2,0,EAC-1NN,mixed_spurious_timing_late,0.8,0.1103125
fcc,2,0,EAC-1NN,mixed_spurious_timing_late,0.9,0.096875
fcc,2,0,EAC-1NN,spurious_events,0.0,0.9109375000000001
fcc,2,0,EAC-1NN,spurious_events,0.05,0.9103645833333333
fcc,2,0,EAC-1NN,spurious_events,0.1,0.9086458333333334
fcc,2,0,EAC-1NN,spurious_events,0.15,0.9063541666666667
fcc,2,0,EAC-1NN,spurious_events,0.2,0.9026041666666668
fcc,2,0,EAC-1NN,spurious_events,0.25,0.90140625
fcc,2,0,EAC-1NN,spurious_events,0.3,0.8997395833333334
fcc,2,0,EAC-1NN,spurious_events,0.4,0.8947916666666668
fcc,2,0,EAC-1NN,spurious_events,0.5,0.8875520833333334
fcc,2,0,EAC-1NN,spurious_events,0.6,0.8795833333333333
fcc,2,0,EAC-1NN,spurious_events,0.7,0.8811979166666667
fcc,2,0,EAC-1NN,spurious_events,0.8,0.8658854166666666
fcc,2,0,EAC-1NN,spurious_events,0.9,0.8562500000000001
fcc,2,0,EAC-1NN,timing_uncertainty,0.0,0.9109375000000001
fcc,2,0,EAC-1NN,timing_uncertainty,0.05,0.910625
fcc,2,0,EAC-1NN,timing_uncertainty,0.1,0.910625
fcc,2,0,EAC-1NN,timing_uncertainty,0.15,0.90875
fcc,2,0,EAC-1NN,timing_uncertainty,0.2,0.9072395833333333
fcc,2,0,EAC-1NN,timing_uncertainty,0.25,0.9079166666666666
fcc,2,0,EAC-1NN,timing_uncertainty,0.3,0.9059895833333332
fcc,2,0,EAC-1NN,timing_uncertainty,0.4,0.9023958333333333
fcc,2,0,EAC-1NN,timing_uncertainty,0.5,0.8996875000000001
fcc,2,0,EAC-1NN,timing_uncertainty,0.6,0.8959375
fcc,2,0,EAC-1NN,timing_uncertainty,0.7,0.8951041666666667
fcc,2,0,EAC-1NN,timing_uncertainty,0.8,0.8961979166666666
fcc,2,0,EAC-1NN,timing_uncertainty,0.9,0.8961458333333333
fcc,2,0,JAC-1NN,late_time_delay,0.0,0.86875
fcc,2,0,JAC-1NN,late_time_delay,0.05,0.4848958333333333
fcc,2,0,JAC-1NN,late_time_delay,0.1,0.484375
fcc,2,0,JAC-1NN,late_time_delay,0.15,0.4135416666666667
fcc,2,0,JAC-1NN,late_time_delay,0.2,0.35572916666666665
fcc,2,0,JAC-1NN,late_time_delay,0.25,0.3489583333333333
fcc,2,0,JAC-1NN,late_time_delay,0.3,0.3380208333333334
fcc,2,0,JAC-1NN,late_time_delay,0.4,0.2526041666666667
fcc,2,0,JAC-1NN,late_time_delay,0.5,0.20677083333333335
fcc,2,0,JAC-1NN,late_time_delay,0.6,0.19218750000000004
fcc,2,0,JAC-1NN,late_time_delay,0.7,0.19166666666666665
fcc,2,0,JAC-1NN,late_time_delay,0.8,0.20729166666666665
fcc,2,0,JAC-1NN,late_time_delay,0.9,0.178125
fcc,2,0,JAC-1NN,missing_events,0.0,0.86875
fcc,2,0,JAC-1NN,missing_events,0.05,0.8652604166666666
fcc,2,0,JAC-1NN,missing_events,0.1,0.8544270833333334
fcc,2,0,JAC-1NN,missing_events,0.15,0.8424999999999999
fcc,2,0,JAC-1NN,missing_events,0.2,0.8259895833333334
fcc,2,0,JAC-1NN,missing_events,0.25,0.8091666666666667
fcc,2,0,JAC-1NN,missing_events,0.3,0.7892708333333335
fcc,2,0,JAC-1NN,missing_events,0.4,0.7433854166666666
fcc,2,0,JAC-1NN,missing_events,0.5,0.6533854166666667
fcc,2,0,JAC-1NN,missing_events,0.6,0.5779166666666667
fcc,2,0,JAC-1NN,missing_events,0.7,0.470625
fcc,2,0,JAC-1NN,missing_events,0.8,0.35609375000000004
fcc,2,0,JAC-1NN,missing_events,0.9,0.25609375
fcc,2,0,JAC-1NN,mixed_missing_spurious,0.0,0.86875
fcc,2,0,JAC-1NN,mixed_missing_spurious,0.05,0.8647395833333333
fcc,2,0,JAC-1NN,mixed_missing_spurious,0.1,0.8513020833333332
fcc,2,0,JAC-1NN,mixed_missing_spurious,0.15,0.8365104166666667
fcc,2,0,JAC-1NN,mixed_missing_spurious,0.2,0.8133333333333334
fcc,2,0,JAC-1NN,mixed_missing_spurious,0.25,0.8014583333333333
fcc,2,0,JAC-1NN,mixed_missing_spurious,0.3,0.77578125
fcc,2,0,JAC-1NN,mixed_missing_spurious,0.4,0.7068229166666667
fcc,2,0,JAC-1NN,mixed_missing_spurious,0.5,0.6463020833333334
fcc,2,0,JAC-1NN,mixed_missing_spurious,0.6,0.568125
fcc,2,0,JAC-1NN,mixed_missing_spurious,0.7,0.44656250000000003
fcc,2,0,JAC-1NN,mixed_missing_spurious,0.8,0.3459375
fcc,2,0,JAC-1NN,mixed_missing_spurious,0.9,0.23359375000000002
fcc,2,0,JAC-1NN,mixed_spurious_timing_late,0.0,0.86875
fcc,2,0,JAC-1NN,mixed_spurious_timing_late,0.05,0.4853645833333333
fcc,2,0,JAC-1NN,mixed_spurious_timing_late,0.1,0.4780729166666667
fcc,2,0,JAC-1NN,mixed_spurious_timing_late,0.15,0.40140624999999996
fcc,2,0,JAC-1NN,mixed_spurious_timing_late,0.2,0.3503645833333333
fcc,2,0,JAC-1NN,mixed_spurious_timing_late,0.25,0.3311979166666667
fcc,2,0,JAC-1NN,mixed_spurious_timing_late,0.3,0.32067708333333333
fcc,2,0,JAC-1NN,mixed_spurious_timing_late,0.4,0.2196875
fcc,2,0,JAC-1NN,mixed_spurious_timing_late,0.5,0.14520833333333333
fcc,2,0,JAC-1NN,mixed_spurious_timing_late,0.6,0.12817708333333333
fcc,2,0,JAC-1NN,mixed_spurious_timing_late,0.7,0.11734375000000001
fcc,2,0,JAC-1NN,mixed_spurious_timing_late,0.8,0.10859375
fcc,2,0,JAC-1NN,mixed_spurious_timing_late,0.9,0.09531249999999998
fcc,2,0,JAC-1NN,spurious_events,0.0,0.86875
fcc,2,0,JAC-1NN,spurious_events,0.05,0.86859375
fcc,2,0,JAC-1NN,spurious_events,0.1,0.86625
fcc,2,0,JAC-1NN,spurious_events,0.15,0.8664062499999999
fcc,2,0,JAC-1NN,spurious_events,0.2,0.86375
fcc,2,0,JAC-1NN,spurious_events,0.25,0.8645312500000001
fcc,2,0,JAC-1NN,spurious_events,0.3,0.8620312499999999
fcc,2,0,JAC-1NN,spurious_events,0.4,0.8563020833333334
fcc,2,0,JAC-1NN,spurious_events,0.5,0.8490104166666667
fcc,2,0,JAC-1NN,spurious_events,0.6,0.84359375
fcc,2,0,JAC-1NN,spurious_events,0.7,0.8395833333333332
fcc,2,0,JAC-1NN,spurious_events,0.8,0.8232291666666667
fcc,2,0,JAC-1NN,spurious_events,0.9,0.8124479166666667
fcc,2,0,JAC-1NN,timing_uncertainty,0.0,0.86875
fcc,2,0,JAC-1NN,timing_uncertainty,0.05,0.86875
fcc,2,0,JAC-1NN,timing_uncertainty,0.1,0.8680729166666666
fcc,2,0,JAC-1NN,timing_uncertainty,0.15,0.8664583333333334
fcc,2,0,JAC-1NN,timing_uncertainty,0.2,0.8658854166666666
fcc,2,0,JAC-1NN,timing_uncertainty,0.25,0.8666666666666667
fcc,2,0,JAC-1NN,timing_uncertainty,0.3,0.86375
fcc,2,0,JAC-1NN,timing_uncertainty,0.4,0.8645833333333334
fcc,2,0,JAC-1NN,timing_uncertainty,0.5,0.8635416666666668
fcc,2,0,JAC-1NN,timing_uncertainty,0.6,0.863125
fcc,2,0,JAC-1NN,timing_uncertainty,0.7,0.8645833333333334
fcc,2,0,JAC-1NN,timing_uncertainty,0.8,0.8659374999999999
fcc,2,0,JAC-1NN,timing_uncertainty,0.9,0.8683333333333333
fcc,2,0,MBW-LR,late_time_delay,0.0,0.9515625
fcc,2,0,MBW-LR,late_time_delay,0.05,0.315625
fcc,2,0,MBW-LR,late_time_delay,0.1,0.2942708333333333
fcc,2,0,MBW-LR,late_time_delay,0.15,0.24479166666666666
fcc,2,0,MBW-LR,late_time_delay,0.2,0.2046875
fcc,2,0,MBW-LR,late_time_delay,0.25,0.18802083333333333
fcc,2,0,MBW-LR,late_time_delay,0.3,0.22083333333333333
fcc,2,0,MBW-LR,late_time_delay,0.4,0.16927083333333334
fcc,2,0,MBW-LR,late_time_delay,0.5,0.15677083333333333
fcc,2,0,MBW-LR,late_time_delay,0.6,0.14375000000000002
fcc,2,0,MBW-LR,late_time_delay,0.7,0.11458333333333333
fcc,2,0,MBW-LR,late_time_delay,0.8,0.12864583333333332
fcc,2,0,MBW-LR,late_time_delay,0.9,0.1125
fcc,2,0,MBW-LR,missing_events,0.0,0.9515625
fcc,2,0,MBW-LR,missing_events,0.05,0.9472916666666666
fcc,2,0,MBW-LR,missing_events,0.1,0.93125
fcc,2,0,MBW-LR,missing_events,0.15,0.9213020833333333
fcc,2,0,MBW-LR,missing_events,0.2,0.8923437500000001
fcc,2,0,MBW-LR,missing_events,0.25,0.8744270833333333
fcc,2,0,MBW-LR,missing_events,0.3,0.85875
fcc,2,0,MBW-LR,missing_events,0.4,0.7980208333333333
fcc,2,0,MBW-LR,missing_events,0.5,0.7239583333333334
fcc,2,0,MBW-LR,missing_events,0.6,0.6596354166666667
fcc,2,0,MBW-LR,missing_events,0.7,0.55375
fcc,2,0,MBW-LR,missing_events,0.8,0.44203125000000004
fcc,2,0,MBW-LR,missing_events,0.9,0.3290625
fcc,2,0,MBW-LR,mixed_missing_spurious,0.0,0.9515625
fcc,2,0,MBW-LR,mixed_missing_spurious,0.05,0.94390625
fcc,2,0,MBW-LR,mixed_missing_spurious,0.1,0.9227604166666667
fcc,2,0,MBW-LR,mixed_missing_spurious,0.15,0.89125
fcc,2,0,MBW-LR,mixed_missing_spurious,0.2,0.8532812500000001
fcc,2,0,MBW-LR,mixed_missing_spurious,0.25,0.8164583333333333
fcc,2,0,MBW-LR,mixed_missing_spurious,0.3,0.7882291666666666
fcc,2,0,MBW-LR,mixed_missing_spurious,0.4,0.69859375
fcc,2,0,MBW-LR,mixed_missing_spurious,0.5,0.6309375
fcc,2,0,MBW-LR,mixed_missing_spurious,0.6,0.5659895833333334
fcc,2,0,MBW-LR,mixed_missing_spurious,0.7,0.46760416666666665
fcc,2,0,MBW-LR,mixed_missing_spurious,0.8,0.37177083333333333
fcc,2,0,MBW-LR,mixed_missing_spurious,0.9,0.27958333333333335
fcc,2,0,MBW-LR,mixed_spurious_timing_late,0.0,0.9515625
fcc,2,0,MBW-LR,mixed_spurious_timing_late,0.05,0.3099479166666667
fcc,2,0,MBW-LR,mixed_spurious_timing_late,0.1,0.27786458333333336
fcc,2,0,MBW-LR,mixed_spurious_timing_late,0.15,0.22786458333333334
fcc,2,0,MBW-LR,mixed_spurious_timing_late,0.2,0.18380208333333334
fcc,2,0,MBW-LR,mixed_spurious_timing_late,0.25,0.1672916666666667
fcc,2,0,MBW-LR,mixed_spurious_timing_late,0.3,0.17098958333333333
fcc,2,0,MBW-LR,mixed_spurious_timing_late,0.4,0.13380208333333335
fcc,2,0,MBW-LR,mixed_spurious_timing_late,0.5,0.09104166666666667
fcc,2,0,MBW-LR,mixed_spurious_timing_late,0.6,0.09375
fcc,2,0,MBW-LR,mixed_spurious_timing_late,0.7,0.07916666666666666
fcc,2,0,MBW-LR,mixed_spurious_timing_late,0.8,0.07322916666666666
fcc,2,0,MBW-LR,mixed_spurious_timing_late,0.9,0.0775
fcc,2,0,MBW-LR,spurious_events,0.0,0.9515625
fcc,2,0,MBW-LR,spurious_events,0.05,0.9488020833333333
fcc,2,0,MBW-LR,spurious_events,0.1,0.9378645833333333
fcc,2,0,MBW-LR,spurious_events,0.15,0.9302083333333333
fcc,2,0,MBW-LR,spurious_events,0.2,0.9157812500000001
fcc,2,0,MBW-LR,spurious_events,0.25,0.9020833333333332
fcc,2,0,MBW-LR,spurious_events,0.3,0.8990625
fcc,2,0,MBW-LR,spurious_events,0.4,0.8659374999999999
fcc,2,0,MBW-LR,spurious_events,0.5,0.8466145833333334
fcc,2,0,MBW-LR,spurious_events,0.6,0.8313020833333332
fcc,2,0,MBW-LR,spurious_events,0.7,0.8110416666666667
fcc,2,0,MBW-LR,spurious_events,0.8,0.7899479166666667
fcc,2,0,MBW-LR,spurious_events,0.9,0.7705729166666666
fcc,2,0,MBW-LR,timing_uncertainty,0.0,0.9515625
fcc,2,0,MBW-LR,timing_uncertainty,0.05,0.9514583333333334
fcc,2,0,MBW-LR,timing_uncertainty,0.1,0.95109375
fcc,2,0,MBW-LR,timing_uncertainty,0.15,0.9505729166666667
fcc,2,0,MBW-LR,timing_uncertainty,0.2,0.9484374999999999
fcc,2,0,MBW-LR,timing_uncertainty,0.25,0.9461458333333334
fcc,2,0,MBW-LR,timing_uncertainty,0.3,0.9436979166666667
fcc,2,0,MBW-LR,timing_uncertainty,0.4,0.9369270833333333
fcc,2,0,MBW-LR,timing_uncertainty,0.5,0.9299479166666668
fcc,2,0,MBW-LR,timing_uncertainty,0.6,0.91515625
fcc,2,0,MBW-LR,timing_uncertainty,0.7,0.9044791666666666
fcc,2,0,MBW-LR,timing_uncertainty,0.8,0.8953125000000001
fcc,2,0,MBW-LR,timing_uncertainty,0.9,0.8739583333333334
fcc,2,0,WDI-1NN,late_time_delay,0.0,0.5734374999999999
fcc,2,0,WDI-1NN,late_time_delay,0.05,0.33437500000000003
fcc,2,0,WDI-1NN,late_time_delay,0.1,0.32395833333333335
fcc,2,0,WDI-1NN,late_time_delay,0.15,0.2713541666666666
fcc,2,0,WDI-1NN,late_time_delay,0.2,0.2177083333333333
fcc,2,0,WDI-1NN,late_time_delay,0.25,0.16666666666666666
fcc,2,0,WDI-1NN,late_time_delay,0.3,0.15052083333333335
fcc,2,0,WDI-1NN,late_time_delay,0.4,0.11510416666666667
fcc,2,0,WDI-1NN,late_time_delay,0.5,0.07916666666666668
fcc,2,0,WDI-1NN,late_time_delay,0.6,0.07916666666666666
fcc,2,0,WDI-1NN,late_time_delay,0.7,0.08333333333333333
fcc,2,0,WDI-1NN,late_time_delay,0.8,0.10000000000000002
fcc,2,0,WDI-1NN,late_time_delay,0.9,0.08125
fcc,2,0,WDI-1NN,missing_events,0.0,0.5734374999999999
fcc,2,0,WDI-1NN,missing_events,0.05,0.564375
fcc,2,0,WDI-1NN,missing_events,0.1,0.5314583333333333
fcc,2,0,WDI-1NN,missing_events,0.15,0.5159375
fcc,2,0,WDI-1NN,missing_events,0.2,0.48052083333333334
fcc,2,0,WDI-1NN,missing_events,0.25,0.445
fcc,2,0,WDI-1NN,missing_events,0.3,0.42078124999999994
fcc,2,0,WDI-1NN,missing_events,0.4,0.34692708333333333
fcc,2,0,WDI-1NN,missing_events,0.5,0.29604166666666665
fcc,2,0,WDI-1NN,missing_events,0.6,0.22322916666666667
fcc,2,0,WDI-1NN,missing_events,0.7,0.16656249999999997
fcc,2,0,WDI-1NN,missing_events,0.8,0.11499999999999999
fcc,2,0,WDI-1NN,missing_events,0.9,0.08078125
fcc,2,0,WDI-1NN,mixed_missing_spurious,0.0,0.5734374999999999
fcc,2,0,WDI-1NN,mixed_missing_spurious,0.05,0.5647916666666667
fcc,2,0,WDI-1NN,mixed_missing_spurious,0.1,0.5319270833333333
fcc,2,0,WDI-1NN,mixed_missing_spurious,0.15,0.5108854166666666
fcc,2,0,WDI-1NN,mixed_missing_spurious,0.2,0.4783854166666666
fcc,2,0,WDI-1NN,mixed_missing_spurious,0.25,0.45109375
fcc,2,0,WDI-1NN,mixed_missing_spurious,0.3,0.41130208333333335
fcc,2,0,WDI-1NN,mixed_missing_spurious,0.4,0.3446354166666667
fcc,2,0,WDI-1NN,mixed_missing_spurious,0.5,0.28625
fcc,2,0,WDI-1NN,mixed_missing_spurious,0.6,0.225625
fcc,2,0,WDI-1NN,mixed_missing_spurious,0.7,0.1853125
fcc,2,0,WDI-1NN,mixed_missing_spurious,0.8,0.12302083333333332
fcc,2,0,WDI-1NN,mixed_missing_spurious,0.9,0.08750000000000001
fcc,2,0,WDI-1NN,mixed_spurious_timing_late,0.0,0.5734374999999999
fcc,2,0,WDI-1NN,mixed_spurious_timing_late,0.05,0.3329166666666667
fcc,2,0,WDI-1NN,mixed_spurious_timing_late,0.1,0.32328125
fcc,2,0,WDI-1NN,mixed_spurious_timing_late,0.15,0.26703125
fcc,2,0,WDI-1NN,mixed_spurious_timing_late,0.2,0.21989583333333332
fcc,2,0,WDI-1NN,mixed_spurious_timing_late,0.25,0.16317708333333333
fcc,2,0,WDI-1NN,mixed_spurious_timing_late,0.3,0.13973958333333333
fcc,2,0,WDI-1NN,mixed_spurious_timing_late,0.4,0.10385416666666665
fcc,2,0,WDI-1NN,mixed_spurious_timing_late,0.5,0.08057291666666666
fcc,2,0,WDI-1NN,mixed_spurious_timing_late,0.6,0.07718749999999999
fcc,2,0,WDI-1NN,mixed_spurious_timing_late,0.7,0.07489583333333333
fcc,2,0,WDI-1NN,mixed_spurious_timing_late,0.8,0.08239583333333333
fcc,2,0,WDI-1NN,mixed_spurious_timing_late,0.9,0.0709375
fcc,2,0,WDI-1NN,spurious_events,0.0,0.5734374999999999
fcc,2,0,WDI-1NN,spurious_events,0.05,0.5743229166666667
fcc,2,0,WDI-1NN,spurious_events,0.1,0.5716666666666667
fcc,2,0,WDI-1NN,spurious_events,0.15,0.5661979166666666
fcc,2,0,WDI-1NN,spurious_events,0.2,0.5661458333333333
fcc,2,0,WDI-1NN,spurious_events,0.25,0.5632812500000001
fcc,2,0,WDI-1NN,spurious_events,0.3,0.5608854166666667
fcc,2,0,WDI-1NN,spurious_events,0.4,0.5579166666666667
fcc,2,0,WDI-1NN,spurious_events,0.5,0.5480208333333333
fcc,2,0,WDI-1NN,spurious_events,0.6,0.5509895833333334
fcc,2,0,WDI-1NN,spurious_events,0.7,0.5386458333333334
fcc,2,0,WDI-1NN,spurious_events,0.8,0.53890625
fcc,2,0,WDI-1NN,spurious_events,0.9,0.5315625
fcc,2,0,WDI-1NN,timing_uncertainty,0.0,0.5734374999999999
fcc,2,0,WDI-1NN,timing_uncertainty,0.05,0.5730208333333333
fcc,2,0,WDI-1NN,timing_uncertainty,0.1,0.5724479166666666
fcc,2,0,WDI-1NN,timing_uncertainty,0.15,0.5734374999999999
fcc,2,0,WDI-1NN,timing_uncertainty,0.2,0.573125
fcc,2,0,WDI-1NN,timing_uncertainty,0.25,0.57328125
fcc,2,0,WDI-1NN,timing_uncertainty,0.3,0.5713020833333333
fcc,2,0,WDI-1NN,timing_uncertainty,0.4,0.5750520833333334
fcc,2,0,WDI-1NN,timing_uncertainty,0.5,0.5738541666666667
fcc,2,0,WDI-1NN,timing_uncertainty,0.6,0.5729166666666666
fcc,2,0,WDI-1NN,timing_uncertainty,0.7,0.5744270833333334
fcc,2,0,WDI-1NN,timing_uncertainty,0.8,0.5725520833333334
fcc,2,0,WDI-1NN,timing_uncertainty,0.9,0.5702604166666666
fcc,3,0,ACM-SVM,late_time_delay,0.0,0.696875
fcc,3,0,ACM-SVM,late_time_delay,0.05,0.2338541666666667
fcc,3,0,ACM-SVM,late_time_delay,0.1,0.21875
fcc,3,0,ACM-SVM,late_time_delay,0.15,0.14375000000000002
fcc,3,0,ACM-SVM,late_time_delay,0.2,0.10885416666666665
fcc,3,0,ACM-SVM,late_time_delay,0.25,0.0984375
fcc,3,0,ACM-SVM,late_time_delay,0.3,0.09375
fcc,3,0,ACM-SVM,late_time_delay,0.4,0.07864583333333333
fcc,3,0,ACM-SVM,late_time_delay,0.5,0.07552083333333333
fcc,3,0,ACM-SVM,late_time_delay,0.6,0.08125
fcc,3,0,ACM-SVM,late_time_delay,0.7,0.08125
fcc,3,0,ACM-SVM,late_time_delay,0.8,0.07864583333333333
fcc,3,0,ACM-SVM,late_time_delay,0.9,0.08125
fcc,3,0,ACM-SVM,missing_events,0.0,0.696875
fcc,3,0,ACM-SVM,missing_events,0.05,0.6819270833333334
fcc,3,0,ACM-SVM,missing_events,0.1,0.625625
fcc,3,0,ACM-SVM,missing_events,0.15,0.5700520833333333
fcc,3,0,ACM-SVM,missing_events,0.2,0.49833333333333335
fcc,3,0,ACM-SVM,missing_events,0.25,0.43578125
fcc,3,0,ACM-SVM,missing_events,0.3,0.38614583333333335
fcc,3,0,ACM-SVM,missing_events,0.4,0.27760416666666665
fcc,3,0,ACM-SVM,missing_events,0.5,0.20911458333333333
fcc,3,0,ACM-SVM,missing_events,0.6,0.15588541666666667
fcc,3,0,ACM-SVM,missing_events,0.7,0.11973958333333334
fcc,3,0,ACM-SVM,missing_events,0.8,0.0909375
fcc,3,0,ACM-SVM,missing_events,0.9,0.06776041666666667
fcc,3,0,ACM-SVM,mixed_missing_spurious,0.0,0.696875
fcc,3,0,ACM-SVM,mixed_missing_spurious,0.05,0.6622916666666666
fcc,3,0,ACM-SVM,mixed_missing_spurious,0.1,0.5483333333333333
fcc,3,0,ACM-SVM,mixed_missing_spurious,0.15,0.46078125
fcc,3,0,ACM-SVM,mixed_missing_spurious,0.2,0.37875
fcc,3,0,ACM-SVM,mixed_missing_spurious,0.25,0.33166666666666667
fcc,3,0,ACM-SVM,mixed_missing_spurious,0.3,0.2871875
fcc,3,0,ACM-SVM,mixed_missing_spurious,0.4,0.22322916666666667
fcc,3,0,ACM-SVM,mixed_missing_spurious,0.5,0.1796354166666667
fcc,3,0,ACM-SVM,mixed_missing_spurious,0.6,0.15526041666666668
fcc,3,0,ACM-SVM,mixed_missing_spurious,0.7,0.12833333333333333
fcc,3,0,ACM-SVM,mixed_missing_spurious,0.8,0.09682291666666666
fcc,3,0,ACM-SVM,mixed_missing_spurious,0.9,0.0715625
fcc,3,0,ACM-SVM,mixed_spurious_timing_late,0.0,0.696875
fcc,3,0,ACM-SVM,mixed_spurious_timing_late,0.05,0.22453125
fcc,3,0,ACM-SVM,mixed_spurious_timing_late,0.1,0.19562500000000002
fcc,3,0,ACM-SVM,mixed_spurious_timing_late,0.15,0.13593750000000002
fcc,3,0,ACM-SVM,mixed_spurious_timing_late,0.2,0.10833333333333334
fcc,3,0,ACM-SVM,mixed_spurious_timing_late,0.25,0.0996875
fcc,3,0,ACM-SVM,mixed_spurious_timing_late,0.3,0.10276041666666667
fcc,3,0,ACM-SVM,mixed_spurious_timing_late,0.4,0.07786458333333333
fcc,3,0,ACM-SVM,mixed_spurious_timing_late,0.5,0.07510416666666667
fcc,3,0,ACM-SVM,mixed_spurious_timing_late,0.6,0.07442708333333332
fcc,3,0,ACM-SVM,mixed_spurious_timing_late,0.7,0.07265624999999999
fcc,3,0,ACM-SVM,mixed_spurious_timing_late,0.8,0.07192708333333334
fcc,3,0,ACM-SVM,mixed_spurious_timing_late,0.9,0.07
fcc,3,0,ACM-SVM,spurious_events,0.0,0.696875
fcc,3,0,ACM-SVM,spurious_events,0.05,0.66375
fcc,3,0,ACM-SVM,spurious_events,0.1,0.5880729166666666
fcc,3,0,ACM-SVM,spurious_events,0.15,0.52984375
fcc,3,0,ACM-SVM,spurious_events,0.2,0.48671875000000003
fcc,3,0,ACM-SVM,spurious_events,0.25,0.43927083333333333
fcc,3,0,ACM-SVM,spurious_events,0.3,0.4072395833333333
fcc,3,0,ACM-SVM,spurious_events,0.4,0.35218750000000004
fcc,3,0,ACM-SVM,spurious_events,0.5,0.30515624999999996
fcc,3,0,ACM-SVM,spurious_events,0.6,0.27848958333333335
fcc,3,0,ACM-SVM,spurious_events,0.7,0.25890625
fcc,3,0,ACM-SVM,spurious_events,0.8,0.23119791666666667
fcc,3,0,ACM-SVM,spurious_events,0.9,0.21567708333333332
fcc,3,0,ACM-SVM,timing_uncertainty,0.0,0.696875
fcc,3,0,ACM-SVM,timing_uncertainty,0.05,0.6965104166666666
fcc,3,0,ACM-SVM,timing_uncertainty,0.1,0.69640625
fcc,3,0,ACM-SVM,timing_uncertainty,0.15,0.6961458333333334
fcc,3,0,ACM-SVM,timing_uncertainty,0.2,0.6925
fcc,3,0,ACM-SVM,timing_uncertainty,0.25,0.6880208333333333
fcc,3,0,ACM-SVM,timing_uncertainty,0.3,0.6848958333333334
fcc,3,0,ACM-SVM,timing_uncertainty,0.4,0.6753645833333334
fcc,3,0,ACM-SVM,timing_uncertainty,0.5,0.6644270833333333
fcc,3,0,ACM-SVM,timing_uncertainty,0.6,0.6503125
fcc,3,0,ACM-SVM,timing_uncertainty,0.7,0.63453125
fcc,3,0,ACM-SVM,timing_uncertainty,0.8,0.6198958333333333
fcc,3,0,ACM-SVM,timing_uncertainty,0.9,0.6055729166666667
fcc,3,0,CASIM-prefix,late_time_delay,0.0,0.975
fcc,3,0,CASIM-prefix,late_time_delay,0.05,0.5223958333333333
fcc,3,0,CASIM-prefix,late_time_delay,0.1,0.3625
fcc,3,0,CASIM-prefix,late_time_delay,0.15,0.2489583333333333
fcc,3,0,CASIM-prefix,late_time_delay,0.2,0.1885416666666667
fcc,3,0,CASIM-prefix,late_time_delay,0.25,0.1395833333333333
fcc,3,0,CASIM-prefix,late_time_delay,0.3,0.1395833333333333
fcc,3,0,CASIM-prefix,late_time_delay,0.4,0.09947916666666667
fcc,3,0,CASIM-prefix,late_time_delay,0.5,0.07447916666666667
fcc,3,0,CASIM-prefix,late_time_delay,0.6,0.065625
fcc,3,0,CASIM-prefix,late_time_delay,0.7,0.06614583333333333
fcc,3,0,CASIM-prefix,late_time_delay,0.8,0.07083333333333333
fcc,3,0,CASIM-prefix,late_time_delay,0.9,0.0796875
fcc,3,0,CASIM-prefix,missing_events,0.0,0.975
fcc,3,0,CASIM-prefix,missing_events,0.05,0.9695312500000001
fcc,3,0,CASIM-prefix,missing_events,0.1,0.9510416666666667
fcc,3,0,CASIM-prefix,missing_events,0.15,0.9227604166666667
fcc,3,0,CASIM-prefix,missing_events,0.2,0.8916145833333333
fcc,3,0,CASIM-prefix,missing_events,0.25,0.8617708333333334
fcc,3,0,CASIM-prefix,missing_events,0.3,0.8205208333333333
fcc,3,0,CASIM-prefix,missing_events,0.4,0.7329166666666667
fcc,3,0,CASIM-prefix,missing_events,0.5,0.61609375
fcc,3,0,CASIM-prefix,missing_events,0.6,0.5065104166666666
fcc,3,0,CASIM-prefix,missing_events,0.7,0.40947916666666667
fcc,3,0,CASIM-prefix,missing_events,0.8,0.28677083333333336
fcc,3,0,CASIM-prefix,missing_events,0.9,0.19171875000000002
fcc,3,0,CASIM-prefix,mixed_missing_spurious,0.0,0.975
fcc,3,0,CASIM-prefix,mixed_missing_spurious,0.05,0.9654166666666667
fcc,3,0,CASIM-prefix,mixed_missing_spurious,0.1,0.9255208333333332
fcc,3,0,CASIM-prefix,mixed_missing_spurious,0.15,0.87953125
fcc,3,0,CASIM-prefix,mixed_missing_spurious,0.2,0.8265104166666667
fcc,3,0,CASIM-prefix,mixed_missing_spurious,0.25,0.77625
fcc,3,0,CASIM-prefix,mixed_missing_spurious,0.3,0.7244791666666667
fcc,3,0,CASIM-prefix,mixed_missing_spurious,0.4,0.6238020833333333
fcc,3,0,CASIM-prefix,mixed_missing_spurious,0.5,0.5044270833333333
fcc,3,0,CASIM-prefix,mixed_missing_spurious,0.6,0.4449479166666667
fcc,3,0,CASIM-prefix,mixed_missing_spurious,0.7,0.34010416666666665
fcc,3,0,CASIM-prefix,mixed_missing_spurious,0.8,0.2563020833333333
fcc,3,0,CASIM-prefix,mixed_missing_spurious,0.9,0.18229166666666666
fcc,3,0,CASIM-prefix,mixed_spurious_timing_late,0.0,0.975
fcc,3,0,CASIM-prefix,mixed_spurious_timing_late,0.05,0.5129166666666667
fcc,3,0,CASIM-prefix,mixed_spurious_timing_late,0.1,0.3389583333333333
fcc,3,0,CASIM-prefix,mixed_spurious_timing_late,0.15,0.21916666666666665
fcc,3,0,CASIM-prefix,mixed_spurious_timing_late,0.2,0.16057291666666665
fcc,3,0,CASIM-prefix,mixed_spurious_timing_late,0.25,0.11609375
fcc,3,0,CASIM-prefix,mixed_spurious_timing_late,0.3,0.111875
fcc,3,0,CASIM-prefix,mixed_spurious_timing_late,0.4,0.08859375000000001
fcc,3,0,CASIM-prefix,mixed_spurious_timing_late,0.5,0.07005208333333333
fcc,3,0,CASIM-prefix,mixed_spurious_timing_late,0.6,0.06989583333333334
fcc,3,0,CASIM-prefix,mixed_spurious_timing_late,0.7,0.06942708333333333
fcc,3,0,CASIM-prefix,mixed_spurious_timing_late,0.8,0.06682291666666666
fcc,3,0,CASIM-prefix,mixed_spurious_timing_late,0.9,0.0678125
fcc,3,0,CASIM-prefix,spurious_events,0.0,0.975
fcc,3,0,CASIM-prefix,spurious_events,0.05,0.968125
fcc,3,0,CASIM-prefix,spurious_events,0.1,0.9476041666666667
fcc,3,0,CASIM-prefix,spurious_events,0.15,0.9341666666666667
fcc,3,0,CASIM-prefix,spurious_events,0.2,0.9127083333333333
fcc,3,0,CASIM-prefix,spurious_events,0.25,0.8927604166666666
fcc,3,0,CASIM-prefix,spurious_events,0.3,0.8729166666666667
fcc,3,0,CASIM-prefix,spurious_events,0.4,0.8356770833333332
fcc,3,0,CASIM-prefix,spurious_events,0.5,0.8041666666666667
fcc,3,0,CASIM-prefix,spurious_events,0.6,0.7690104166666667
fcc,3,0,CASIM-prefix,spurious_events,0.7,0.7427083333333333
fcc,3,0,CASIM-prefix,spurious_events,0.8,0.7015625
fcc,3,0,CASIM-prefix,spurious_events,0.9,0.67984375
fcc,3,0,CASIM-prefix,timing_uncertainty,0.0,0.975
fcc,3,0,CASIM-prefix,timing_uncertainty,0.05,0.9752083333333333
fcc,3,0,CASIM-prefix,timing_uncertainty,0.1,0.97375
fcc,3,0,CASIM-prefix,timing_uncertainty,0.15,0.9727604166666667
fcc,3,0,CASIM-prefix,timing_uncertainty,0.2,0.9706250000000001
fcc,3,0,CASIM-prefix,timing_uncertainty,0.25,0.96734375
fcc,3,0,CASIM-prefix,timing_uncertainty,0.3,0.9666145833333334
fcc,3,0,CASIM-prefix,timing_uncertainty,0.4,0.9521354166666667
fcc,3,0,CASIM-prefix,timing_uncertainty,0.5,0.9394791666666666
fcc,3,0,CASIM-prefix,timing_uncertainty,0.6,0.9206249999999999
fcc,3,0,CASIM-prefix,timing_uncertainty,0.7,0.9011458333333334
fcc,3,0,CASIM-prefix,timing_uncertainty,0.8,0.8698437499999999
fcc,3,0,CASIM-prefix,timing_uncertainty,0.9,0.8453645833333333
fcc,3,0,EAC-1NN,late_time_delay,0.0,0.9286458333333334
fcc,3,0,EAC-1NN,late_time_delay,0.05,0.5619791666666667
fcc,3,0,EAC-1NN,late_time_delay,0.1,0.5005208333333333
fcc,3,0,EAC-1NN,late_time_delay,0.15,0.4322916666666667
fcc,3,0,EAC-1NN,late_time_delay,0.2,0.4010416666666667
fcc,3,0,EAC-1NN,late_time_delay,0.25,0.37135416666666665
fcc,3,0,EAC-1NN,late_time_delay,0.3,0.3645833333333333
fcc,3,0,EAC-1NN,late_time_delay,0.4,0.284375
fcc,3,0,EAC-1NN,late_time_delay,0.5,0.23177083333333334
fcc,3,0,EAC-1NN,late_time_delay,0.6,0.19843750000000002
fcc,3,0,EAC-1NN,late_time_delay,0.7,0.2015625
fcc,3,0,EAC-1NN,late_time_delay,0.8,0.18802083333333333
fcc,3,0,EAC-1NN,late_time_delay,0.9,0.15
fcc,3,0,EAC-1NN,missing_events,0.0,0.9286458333333334
fcc,3,0,EAC-1NN,missing_events,0.05,0.9231770833333334
fcc,3,0,EAC-1NN,missing_events,0.1,0.9153645833333334
fcc,3,0,EAC-1NN,missing_events,0.15,0.89890625
fcc,3,0,EAC-1NN,missing_events,0.2,0.8852604166666667
fcc,3,0,EAC-1NN,missing_events,0.25,0.8627083333333334
fcc,3,0,EAC-1NN,missing_events,0.3,0.8566666666666666
fcc,3,0,EAC-1NN,missing_events,0.4,0.8155729166666666
fcc,3,0,EAC-1NN,missing_events,0.5,0.7357291666666667
fcc,3,0,EAC-1NN,missing_events,0.6,0.6801041666666666
fcc,3,0,EAC-1NN,missing_events,0.7,0.5832812500000001
fcc,3,0,EAC-1NN,missing_events,0.8,0.43703125
fcc,3,0,EAC-1NN,missing_events,0.9,0.29401041666666666
fcc,3,0,EAC-1NN,mixed_missing_spurious,0.0,0.9286458333333334
fcc,3,0,EAC-1NN,mixed_missing_spurious,0.05,0.9246875
fcc,3,0,EAC-1NN,mixed_missing_spurious,0.1,0.9095833333333333
fcc,3,0,EAC-1NN,mixed_missing_spurious,0.15,0.8913020833333333
fcc,3,0,EAC-1NN,mixed_missing_spurious,0.2,0.8772916666666667
fcc,3,0,EAC-1NN,mixed_missing_spurious,0.25,0.8498958333333334
fcc,3,0,EAC-1NN,mixed_missing_spurious,0.3,0.8327604166666666
fcc,3,0,EAC-1NN,mixed_missing_spurious,0.4,0.7734895833333333
fcc,3,0,EAC-1NN,mixed_missing_spurious,0.5,0.6944270833333334
fcc,3,0,EAC-1NN,mixed_missing_spurious,0.6,0.6228645833333334
fcc,3,0,EAC-1NN,mixed_missing_spurious,0.7,0.5197916666666667
fcc,3,0,EAC-1NN,mixed_missing_spurious,0.8,0.39421875
fcc,3,0,EAC-1NN,mixed_missing_spurious,0.9,0.28791666666666665
fcc,3,0,EAC-1NN,mixed_spurious_timing_late,0.0,0.9286458333333334
fcc,3,0,EAC-1NN,mixed_spurious_timing_late,0.05,0.5616666666666666
fcc,3,0,EAC-1NN,mixed_spurious_timing_late,0.1,0.4958854166666667
fcc,3,0,EAC-1NN,mixed_spurious_timing_late,0.15,0.41635416666666664
fcc,3,0,EAC-1NN,mixed_spurious_timing_late,0.2,0.3815104166666667
fcc,3,0,EAC-1NN,mixed_spurious_timing_late,0.25,0.33749999999999997
fcc,3,0,EAC-1NN,mixed_spurious_timing_late,0.3,0.33140624999999996
fcc,3,0,EAC-1NN,mixed_spurious_timing_late,0.4,0.21989583333333332
fcc,3,0,EAC-1NN,mixed_spurious_timing_late,0.5,0.15989583333333332
fcc,3,0,EAC-1NN,mixed_spurious_timing_late,0.6,0.13932291666666666
fcc,3,0,EAC-1NN,mixed_spurious_timing_late,0.7,0.11692708333333335
fcc,3,0,EAC-1NN,mixed_spurious_timing_late,0.8,0.10328124999999999
fcc,3,0,EAC-1NN,mixed_spurious_timing_late,0.9,0.08437500000000002
fcc,3,0,EAC-1NN,spurious_events,0.0,0.9286458333333334
fcc,3,0,EAC-1NN,spurious_events,0.05,0.9280208333333334
fcc,3,0,EAC-1NN,spurious_events,0.1,0.9250520833333334
fcc,3,0,EAC-1NN,spurious_events,0.15,0.9245312499999999
fcc,3,0,EAC-1NN,spurious_events,0.2,0.9200520833333333
fcc,3,0,EAC-1NN,spurious_events,0.25,0.9165625000000001
fcc,3,0,EAC-1NN,spurious_events,0.3,0.9138020833333332
fcc,3,0,EAC-1NN,spurious_events,0.4,0.9063541666666667
fcc,3,0,EAC-1NN,spurious_events,0.5,0.9025
fcc,3,0,EAC-1NN,spurious_events,0.6,0.8969791666666667
fcc,3,0,EAC-1NN,spurious_events,0.7,0.89
fcc,3,0,EAC-1NN,spurious_events,0.8,0.8744791666666667
fcc,3,0,EAC-1NN,spurious_events,0.9,0.8722395833333333
fcc,3,0,EAC-1NN,timing_uncertainty,0.0,0.9286458333333334
fcc,3,0,EAC-1NN,timing_uncertainty,0.05,0.9284374999999999
fcc,3,0,EAC-1NN,timing_uncertainty,0.1,0.9272395833333333
fcc,3,0,EAC-1NN,timing_uncertainty,0.15,0.92734375
fcc,3,0,EAC-1NN,timing_uncertainty,0.2,0.9270312500000001
fcc,3,0,EAC-1NN,timing_uncertainty,0.25,0.9227604166666666
fcc,3,0,EAC-1NN,timing_uncertainty,0.3,0.9217708333333333
fcc,3,0,EAC-1NN,timing_uncertainty,0.4,0.9194791666666666
fcc,3,0,EAC-1NN,timing_uncertainty,0.5,0.9163020833333334
fcc,3,0,EAC-1NN,timing_uncertainty,0.6,0.9153125000000001
fcc,3,0,EAC-1NN,timing_uncertainty,0.7,0.9107291666666666
fcc,3,0,EAC-1NN,timing_uncertainty,0.8,0.9125
fcc,3,0,EAC-1NN,timing_uncertainty,0.9,0.9085416666666667
fcc,3,0,JAC-1NN,late_time_delay,0.0,0.8765625
fcc,3,0,JAC-1NN,late_time_delay,0.05,0.5255208333333333
fcc,3,0,JAC-1NN,late_time_delay,0.1,0.4916666666666667
fcc,3,0,JAC-1NN,late_time_delay,0.15,0.4192708333333333
fcc,3,0,JAC-1NN,late_time_delay,0.2,0.39739583333333334
fcc,3,0,JAC-1NN,late_time_delay,0.25,0.3625
fcc,3,0,JAC-1NN,late_time_delay,0.3,0.36041666666666666
fcc,3,0,JAC-1NN,late_time_delay,0.4,0.28750000000000003
fcc,3,0,JAC-1NN,late_time_delay,0.5,0.23697916666666666
fcc,3,0,JAC-1NN,late_time_delay,0.6,0.20052083333333334
fcc,3,0,JAC-1NN,late_time_delay,0.7,0.18281250000000002
fcc,3,0,JAC-1NN,late_time_delay,0.8,0.16770833333333335
fcc,3,0,JAC-1NN,late_time_delay,0.9,0.146875
fcc,3,0,JAC-1NN,missing_events,0.0,0.8765625
fcc,3,0,JAC-1NN,missing_events,0.05,0.8704166666666667
fcc,3,0,JAC-1NN,missing_events,0.1,0.85984375
fcc,3,0,JAC-1NN,missing_events,0.15,0.8459375000000001
fcc,3,0,JAC-1NN,missing_events,0.2,0.83875
fcc,3,0,JAC-1NN,missing_events,0.25,0.81578125
fcc,3,0,JAC-1NN,missing_events,0.3,0.799375
fcc,3,0,JAC-1NN,missing_events,0.4,0.7509895833333333
fcc,3,0,JAC-1NN,missing_events,0.5,0.6652604166666667
fcc,3,0,JAC-1NN,missing_events,0.6,0.5959375
fcc,3,0,JAC-1NN,missing_events,0.7,0.49333333333333335
fcc,3,0,JAC-1NN,missing_events,0.8,0.36552083333333335
fcc,3,0,JAC-1NN,missing_events,0.9,0.25729166666666664
fcc,3,0,JAC-1NN,mixed_missing_spurious,0.0,0.8765625
fcc,3,0,JAC-1NN,mixed_missing_spurious,0.05,0.8728125000000001
fcc,3,0,JAC-1NN,mixed_missing_spurious,0.1,0.8596354166666668
fcc,3,0,JAC-1NN,mixed_missing_spurious,0.15,0.8441666666666666
fcc,3,0,JAC-1NN,mixed_missing_spurious,0.2,0.8309375
fcc,3,0,JAC-1NN,mixed_missing_spurious,0.25,0.8050520833333333
fcc,3,0,JAC-1NN,mixed_missing_spurious,0.3,0.7898958333333334
fcc,3,0,JAC-1NN,mixed_missing_spurious,0.4,0.7284375000000001
fcc,3,0,JAC-1NN,mixed_missing_spurious,0.5,0.6561979166666667
fcc,3,0,JAC-1NN,mixed_missing_spurious,0.6,0.5840625
fcc,3,0,JAC-1NN,mixed_missing_spurious,0.7,0.47609375
fcc,3,0,JAC-1NN,mixed_missing_spurious,0.8,0.3575
fcc,3,0,JAC-1NN,mixed_missing_spurious,0.9,0.2551041666666667
fcc,3,0,JAC-1NN,mixed_spurious_timing_late,0.0,0.8765625
fcc,3,0,JAC-1NN,mixed_spurious_timing_late,0.05,0.5284375
fcc,3,0,JAC-1NN,mixed_spurious_timing_late,0.1,0.48895833333333333
fcc,3,0,JAC-1NN,mixed_spurious_timing_late,0.15,0.4132291666666667
fcc,3,0,JAC-1NN,mixed_spurious_timing_late,0.2,0.38354166666666667
fcc,3,0,JAC-1NN,mixed_spurious_timing_late,0.25,0.3427604166666667
fcc,3,0,JAC-1NN,mixed_spurious_timing_late,0.3,0.3384895833333333
fcc,3,0,JAC-1NN,mixed_spurious_timing_late,0.4,0.23369791666666664
fcc,3,0,JAC-1NN,mixed_spurious_timing_late,0.5,0.17078125
fcc,3,0,JAC-1NN,mixed_spurious_timing_late,0.6,0.14291666666666666
fcc,3,0,JAC-1NN,mixed_spurious_timing_late,0.7,0.11208333333333333
fcc,3,0,JAC-1NN,mixed_spurious_timing_late,0.8,0.09515625
fcc,3,0,JAC-1NN,mixed_spurious_timing_late,0.9,0.0778125
fcc,3,0,JAC-1NN,spurious_events,0.0,0.8765625
fcc,3,0,JAC-1NN,spurious_events,0.05,0.8768229166666667
fcc,3,0,JAC-1NN,spurious_events,0.1,0.8771354166666666
fcc,3,0,JAC-1NN,spurious_events,0.15,0.8790104166666667
fcc,3,0,JAC-1NN,spurious_events,0.2,0.87453125
fcc,3,0,JAC-1NN,spurious_events,0.25,0.87125
fcc,3,0,JAC-1NN,spurious_events,0.3,0.86859375
fcc,3,0,JAC-1NN,spurious_events,0.4,0.8628125
fcc,3,0,JAC-1NN,spurious_events,0.5,0.8585416666666666
fcc,3,0,JAC-1NN,spurious_events,0.6,0.8498437499999999
fcc,3,0,JAC-1NN,spurious_events,0.7,0.8438541666666667
fcc,3,0,JAC-1NN,spurious_events,0.8,0.8321354166666667
fcc,3,0,JAC-1NN,spurious_events,0.9,0.8241666666666667
fcc,3,0,JAC-1NN,timing_uncertainty,0.0,0.8765625
fcc,3,0,JAC-1NN,timing_uncertainty,0.05,0.8764583333333333
fcc,3,0,JAC-1NN,timing_uncertainty,0.1,0.8754166666666667
fcc,3,0,JAC-1NN,timing_uncertainty,0.15,0.8751041666666667
fcc,3,0,JAC-1NN,timing_uncertainty,0.2,0.8745833333333333
fcc,3,0,JAC-1NN,timing_uncertainty,0.25,0.8731249999999999
fcc,3,0,JAC-1NN,timing_uncertainty,0.3,0.8722395833333333
fcc,3,0,JAC-1NN,timing_uncertainty,0.4,0.8719270833333334
fcc,3,0,JAC-1NN,timing_uncertainty,0.5,0.8688541666666666
fcc,3,0,JAC-1NN,timing_uncertainty,0.6,0.8678645833333333
fcc,3,0,JAC-1NN,timing_uncertainty,0.7,0.868125
fcc,3,0,JAC-1NN,timing_uncertainty,0.8,0.8698437499999999
fcc,3,0,JAC-1NN,timing_uncertainty,0.9,0.8703124999999999
fcc,3,0,MBW-LR,late_time_delay,0.0,0.9567708333333332
fcc,3,0,MBW-LR,late_time_delay,0.05,0.35052083333333334
fcc,3,0,MBW-LR,late_time_delay,0.1,0.29322916666666665
fcc,3,0,MBW-LR,late_time_delay,0.15,0.2333333333333333
fcc,3,0,MBW-LR,late_time_delay,0.2,0.22291666666666665
fcc,3,0,MBW-LR,late_time_delay,0.25,0.2109375
fcc,3,0,MBW-LR,late_time_delay,0.3,0.22604166666666667
fcc,3,0,MBW-LR,late_time_delay,0.4,0.20260416666666667
fcc,3,0,MBW-LR,late_time_delay,0.5,0.15312499999999998
fcc,3,0,MBW-LR,late_time_delay,0.6,0.14270833333333333
fcc,3,0,MBW-LR,late_time_delay,0.7,0.11927083333333333
fcc,3,0,MBW-LR,late_time_delay,0.8,0.11927083333333333
fcc,3,0,MBW-LR,late_time_delay,0.9,0.10000000000000002
fcc,3,0,MBW-LR,missing_events,0.0,0.9567708333333332
fcc,3,0,MBW-LR,missing_events,0.05,0.95078125
fcc,3,0,MBW-LR,missing_events,0.1,0.9393229166666667
fcc,3,0,MBW-LR,missing_events,0.15,0.9184375
fcc,3,0,MBW-LR,missing_events,0.2,0.8991145833333333
fcc,3,0,MBW-LR,missing_events,0.25,0.875
fcc,3,0,MBW-LR,missing_events,0.3,0.8541666666666666
fcc,3,0,MBW-LR,missing_events,0.4,0.8057291666666667
fcc,3,0,MBW-LR,missing_events,0.5,0.7278645833333334
fcc,3,0,MBW-LR,missing_events,0.6,0.6609375000000001
fcc,3,0,MBW-LR,missing_events,0.7,0.5648958333333333
fcc,3,0,MBW-LR,missing_events,0.8,0.44776041666666666
fcc,3,0,MBW-LR,missing_events,0.9,0.33468749999999997
fcc,3,0,MBW-LR,mixed_missing_spurious,0.0,0.9567708333333332
fcc,3,0,MBW-LR,mixed_missing_spurious,0.05,0.9511458333333334
fcc,3,0,MBW-LR,mixed_missing_spurious,0.1,0.9281770833333334
fcc,3,0,MBW-LR,mixed_missing_spurious,0.15,0.8959374999999999
fcc,3,0,MBW-LR,mixed_missing_spurious,0.2,0.8620833333333334
fcc,3,0,MBW-LR,mixed_missing_spurious,0.25,0.8309895833333334
fcc,3,0,MBW-LR,mixed_missing_spurious,0.3,0.7989062499999999
fcc,3,0,MBW-LR,mixed_missing_spurious,0.4,0.7283333333333334
fcc,3,0,MBW-LR,mixed_missing_spurious,0.5,0.6313541666666667
fcc,3,0,MBW-LR,mixed_missing_spurious,0.6,0.57125
fcc,3,0,MBW-LR,mixed_missing_spurious,0.7,0.48463541666666665
fcc,3,0,MBW-LR,mixed_missing_spurious,0.8,0.3793229166666667
fcc,3,0,MBW-LR,mixed_missing_spurious,0.9,0.29348958333333336
fcc,3,0,MBW-LR,mixed_spurious_timing_late,0.0,0.9567708333333332
fcc,3,0,MBW-LR,mixed_spurious_timing_late,0.05,0.3436458333333334
fcc,3,0,MBW-LR,mixed_spurious_timing_late,0.1,0.28411458333333334
fcc,3,0,MBW-LR,mixed_spurious_timing_late,0.15,0.21703125
fcc,3,0,MBW-LR,mixed_spurious_timing_late,0.2,0.20109375
fcc,3,0,MBW-LR,mixed_spurious_timing_late,0.25,0.17937499999999998
fcc,3,0,MBW-LR,mixed_spurious_timing_late,0.3,0.18822916666666667
fcc,3,0,MBW-LR,mixed_spurious_timing_late,0.4,0.13307291666666668
fcc,3,0,MBW-LR,mixed_spurious_timing_late,0.5,0.09932291666666666
fcc,3,0,MBW-LR,mixed_spurious_timing_late,0.6,0.09041666666666666
fcc,3,0,MBW-LR,mixed_spurious_timing_late,0.7,0.09177083333333334
fcc,3,0,MBW-LR,mixed_spurious_timing_late,0.8,0.07536458333333333
fcc,3,0,MBW-LR,mixed_spurious_timing_late,0.9,0.0765625
fcc,3,0,MBW-LR,spurious_events,0.0,0.9567708333333332
fcc,3,0,MBW-LR,spurious_events,0.05,0.9528125
fcc,3,0,MBW-LR,spurious_events,0.1,0.94421875
fcc,3,0,MBW-LR,spurious_events,0.15,0.9361979166666666
fcc,3,0,MBW-LR,spurious_events,0.2,0.9250520833333334
fcc,3,0,MBW-LR,spurious_events,0.25,0.9094270833333332
fcc,3,0,MBW-LR,spurious_events,0.3,0.90265625
fcc,3,0,MBW-LR,spurious_events,0.4,0.8844791666666666
fcc,3,0,MBW-LR,spurious_events,0.5,0.8628125
fcc,3,0,MBW-LR,spurious_events,0.6,0.8418229166666666
fcc,3,0,MBW-LR,spurious_events,0.7,0.8217708333333333
fcc,3,0,MBW-LR,spurious_events,0.8,0.8102604166666666
fcc,3,0,MBW-LR,spurious_events,0.9,0.7880208333333334
fcc,3,0,MBW-LR,timing_uncertainty,0.0,0.9567708333333332
fcc,3,0,MBW-LR,timing_uncertainty,0.05,0.9567708333333332
fcc,3,0,MBW-LR,timing_uncertainty,0.1,0.9558333333333334
fcc,3,0,MBW-LR,timing_uncertainty,0.15,0.9552604166666666
fcc,3,0,MBW-LR,timing_uncertainty,0.2,0.95359375
fcc,3,0,MBW-LR,timing_uncertainty,0.25,0.9500520833333334
fcc,3,0,MBW-LR,timing_uncertainty,0.3,0.9472916666666666
fcc,3,0,MBW-LR,timing_uncertainty,0.4,0.9446354166666667
fcc,3,0,MBW-LR,timing_uncertainty,0.5,0.9310416666666667
fcc,3,0,MBW-LR,timing_uncertainty,0.6,0.9241145833333334
fcc,3,0,MBW-LR,timing_uncertainty,0.7,0.91125
fcc,3,0,MBW-LR,timing_uncertainty,0.8,0.8970833333333333
fcc,3,0,MBW-LR,timing_uncertainty,0.9,0.87390625
fcc,3,0,WDI-1NN,late_time_delay,0.0,0.6213541666666667
fcc,3,0,WDI-1NN,late_time_delay,0.05,0.37343750000000003
fcc,3,0,WDI-1NN,late_time_delay,0.1,0.3666666666666667
fcc,3,0,WDI-1NN,late_time_delay,0.15,0.3046875
fcc,3,0,WDI-1NN,late_time_delay,0.2,0.2526041666666667
fcc,3,0,WDI-1NN,late_time_delay,0.25,0.21354166666666666
fcc,3,0,WDI-1NN,late_time_delay,0.3,0.16614583333333333
fcc,3,0,WDI-1NN,late_time_delay,0.4,0.11562499999999999
fcc,3,0,WDI-1NN,late_time_delay,0.5,0.10520833333333333
fcc,3,0,WDI-1NN,late_time_delay,0.6,0.09687499999999999
fcc,3,0,WDI-1NN,late_time_delay,0.7,0.1125
fcc,3,0,WDI-1NN,late_time_delay,0.8,0.12239583333333333
fcc,3,0,WDI-1NN,late_time_delay,0.9,0.09375
fcc,3,0,WDI-1NN,missing_events,0.0,0.6213541666666667
fcc,3,0,WDI-1NN,missing_events,0.05,0.6106770833333334
fcc,3,0,WDI-1NN,missing_events,0.1,0.58140625
fcc,3,0,WDI-1NN,missing_events,0.15,0.5497395833333333
fcc,3,0,WDI-1NN,missing_events,0.2,0.5122916666666667
fcc,3,0,WDI-1NN,missing_events,0.25,0.48380208333333335
fcc,3,0,WDI-1NN,missing_events,0.3,0.4557291666666667
fcc,3,0,WDI-1NN,missing_events,0.4,0.3775
fcc,3,0,WDI-1NN,missing_events,0.5,0.2928645833333333
fcc,3,0,WDI-1NN,missing_events,0.6,0.23005208333333335
fcc,3,0,WDI-1NN,missing_events,0.7,0.17500000000000002
fcc,3,0,WDI-1NN,missing_events,0.8,0.12203125
fcc,3,0,WDI-1NN,missing_events,0.9,0.08968749999999999
fcc,3,0,WDI-1NN,mixed_missing_spurious,0.0,0.6213541666666667
fcc,3,0,WDI-1NN,mixed_missing_spurious,0.05,0.6128125
fcc,3,0,WDI-1NN,mixed_missing_spurious,0.1,0.57890625
fcc,3,0,WDI-1NN,mixed_missing_spurious,0.15,0.5433854166666666
fcc,3,0,WDI-1NN,mixed_missing_spurious,0.2,0.5116145833333333
fcc,3,0,WDI-1NN,mixed_missing_spurious,0.25,0.4794791666666667
fcc,3,0,WDI-1NN,mixed_missing_spurious,0.3,0.4533333333333333
fcc,3,0,WDI-1NN,mixed_missing_spurious,0.4,0.3656770833333334
fcc,3,0,WDI-1NN,mixed_missing_spurious,0.5,0.29973958333333334
fcc,3,0,WDI-1NN,mixed_missing_spurious,0.6,0.24468750000000003
fcc,3,0,WDI-1NN,mixed_missing_spurious,0.7,0.1786458333333333
fcc,3,0,WDI-1NN,mixed_missing_spurious,0.8,0.13197916666666668
fcc,3,0,WDI-1NN,mixed_missing_spurious,0.9,0.09359374999999999
fcc,3,0,WDI-1NN,mixed_spurious_timing_late,0.0,0.6213541666666667
fcc,3,0,WDI-1NN,mixed_spurious_timing_late,0.05,0.3713020833333333
fcc,3,0,WDI-1NN,mixed_spurious_timing_late,0.1,0.36104166666666665
fcc,3,0,WDI-1NN,mixed_spurious_timing_late,0.15,0.29520833333333335
fcc,3,0,WDI-1NN,mixed_spurious_timing_late,0.2,0.24411458333333333
fcc,3,0,WDI-1NN,mixed_spurious_timing_late,0.25,0.20343750000000002
fcc,3,0,WDI-1NN,mixed_spurious_timing_late,0.3,0.15708333333333332
fcc,3,0,WDI-1NN,mixed_spurious_timing_late,0.4,0.11151041666666667
fcc,3,0,WDI-1NN,mixed_spurious_timing_late,0.5,0.09781250000000001
fcc,3,0,WDI-1NN,mixed_spurious_timing_late,0.6,0.09369791666666666
fcc,3,0,WDI-1NN,mixed_spurious_timing_late,0.7,0.10296875
fcc,3,0,WDI-1NN,mixed_spurious_timing_late,0.8,0.10088541666666667
fcc,3,0,WDI-1NN,mixed_spurious_timing_late,0.9,0.08468749999999999
fcc,3,0,WDI-1NN,spurious_events,0.0,0.6213541666666667
fcc,3,0,WDI-1NN,spurious_events,0.05,0.6208333333333333
fcc,3,0,WDI-1NN,spurious_events,0.1,0.6183854166666667
fcc,3,0,WDI-1NN,spurious_events,0.15,0.6141666666666666
fcc,3,0,WDI-1NN,spurious_events,0.2,0.61140625
fcc,3,0,WDI-1NN,spurious_events,0.25,0.6065625
fcc,3,0,WDI-1NN,spurious_events,0.3,0.6091666666666667
fcc,3,0,WDI-1NN,spurious_events,0.4,0.60171875
fcc,3,0,WDI-1NN,spurious_events,0.5,0.5984375000000001
fcc,3,0,WDI-1NN,spurious_events,0.6,0.5876041666666666
fcc,3,0,WDI-1NN,spurious_events,0.7,0.5823958333333333
fcc,3,0,WDI-1NN,spurious_events,0.8,0.5700520833333333
fcc,3,0,WDI-1NN,spurious_events,0.9,0.5694270833333334
fcc,3,0,WDI-1NN,timing_uncertainty,0.0,0.6213541666666667
fcc,3,0,WDI-1NN,timing_uncertainty,0.05,0.62109375
fcc,3,0,WDI-1NN,timing_uncertainty,0.1,0.6203124999999999
fcc,3,0,WDI-1NN,timing_uncertainty,0.15,0.620625
fcc,3,0,WDI-1NN,timing_uncertainty,0.2,0.6191145833333334
fcc,3,0,WDI-1NN,timing_uncertainty,0.25,0.6196875000000001
fcc,3,0,WDI-1NN,timing_uncertainty,0.3,0.6180729166666666
fcc,3,0,WDI-1NN,timing_uncertainty,0.4,0.6164062499999999
fcc,3,0,WDI-1NN,timing_uncertainty,0.5,0.6167708333333334
fcc,3,0,WDI-1NN,timing_uncertainty,0.6,0.61734375
fcc,3,0,WDI-1NN,timing_uncertainty,0.7,0.6124999999999999
fcc,3,0,WDI-1NN,timing_uncertainty,0.8,0.61359375
fcc,3,0,WDI-1NN,timing_uncertainty,0.9,0.6053125
fcc,4,0,ACM-SVM,late_time_delay,0.0,0.7015625
fcc,4,0,ACM-SVM,late_time_delay,0.05,0.2546875
fcc,4,0,ACM-SVM,late_time_delay,0.1,0.2197916666666667
fcc,4,0,ACM-SVM,late_time_delay,0.15,0.14739583333333334
fcc,4,0,ACM-SVM,late_time_delay,0.2,0.11458333333333333
fcc,4,0,ACM-SVM,late_time_delay,0.25,0.10312500000000001
fcc,4,0,ACM-SVM,late_time_delay,0.3,0.09999999999999999
fcc,4,0,ACM-SVM,late_time_delay,0.4,0.09270833333333334
fcc,4,0,ACM-SVM,late_time_delay,0.5,0.07291666666666667
fcc,4,0,ACM-SVM,late_time_delay,0.6,0.07239583333333334
fcc,4,0,ACM-SVM,late_time_delay,0.7,0.07760416666666665
fcc,4,0,ACM-SVM,late_time_delay,0.8,0.08229166666666667
fcc,4,0,ACM-SVM,late_time_delay,0.9,0.08749999999999998
fcc,4,0,ACM-SVM,missing_events,0.0,0.7015625
fcc,4,0,ACM-SVM,missing_events,0.05,0.6882812500000001
fcc,4,0,ACM-SVM,missing_events,0.1,0.6271875
fcc,4,0,ACM-SVM,missing_events,0.15,0.5652604166666667
fcc,4,0,ACM-SVM,missing_events,0.2,0.49234375
fcc,4,0,ACM-SVM,missing_events,0.25,0.4356770833333334
fcc,4,0,ACM-SVM,missing_events,0.3,0.38125000000000003
fcc,4,0,ACM-SVM,missing_events,0.4,0.2732291666666667
fcc,4,0,ACM-SVM,missing_events,0.5,0.19838541666666668
fcc,4,0,ACM-SVM,missing_events,0.6,0.15458333333333332
fcc,4,0,ACM-SVM,missing_events,0.7,0.12005208333333334
fcc,4,0,ACM-SVM,missing_events,0.8,0.08401041666666666
fcc,4,0,ACM-SVM,missing_events,0.9,0.066875
fcc,4,0,ACM-SVM,mixed_missing_spurious,0.0,0.7015625
fcc,4,0,ACM-SVM,mixed_missing_spurious,0.05,0.66609375
fcc,4,0,ACM-SVM,mixed_missing_spurious,0.1,0.55203125
fcc,4,0,ACM-SVM,mixed_missing_spurious,0.15,0.4699479166666667
fcc,4,0,ACM-SVM,mixed_missing_spurious,0.2,0.38729166666666665
fcc,4,0,ACM-SVM,mixed_missing_spurious,0.25,0.3363541666666667
fcc,4,0,ACM-SVM,mixed_missing_spurious,0.3,0.28552083333333333
fcc,4,0,ACM-SVM,mixed_missing_spurious,0.4,0.21989583333333332
fcc,4,0,ACM-SVM,mixed_missing_spurious,0.5,0.17338541666666665
fcc,4,0,ACM-SVM,mixed_missing_spurious,0.6,0.1521875
fcc,4,0,ACM-SVM,mixed_missing_spurious,0.7,0.12270833333333335
fcc,4,0,ACM-SVM,mixed_missing_spurious,0.8,0.08927083333333334
fcc,4,0,ACM-SVM,mixed_missing_spurious,0.9,0.06958333333333333
fcc,4,0,ACM-SVM,mixed_spurious_timing_late,0.0,0.7015625
fcc,4,0,ACM-SVM,mixed_spurious_timing_late,0.05,0.24479166666666666
fcc,4,0,ACM-SVM,mixed_spurious_timing_late,0.1,0.20255208333333333
fcc,4,0,ACM-SVM,mixed_spurious_timing_late,0.15,0.14140624999999998
fcc,4,0,ACM-SVM,mixed_spurious_timing_late,0.2,0.11625
fcc,4,0,ACM-SVM,mixed_spurious_timing_late,0.25,0.10052083333333332
fcc,4,0,ACM-SVM,mixed_spurious_timing_late,0.3,0.09510416666666667
fcc,4,0,ACM-SVM,mixed_spurious_timing_late,0.4,0.08203125
fcc,4,0,ACM-SVM,mixed_spurious_timing_late,0.5,0.071875
fcc,4,0,ACM-SVM,mixed_spurious_timing_late,0.6,0.07135416666666666
fcc,4,0,ACM-SVM,mixed_spurious_timing_late,0.7,0.07255208333333334
fcc,4,0,ACM-SVM,mixed_spurious_timing_late,0.8,0.07437500000000001
fcc,4,0,ACM-SVM,mixed_spurious_timing_late,0.9,0.0715625
fcc,4,0,ACM-SVM,spurious_events,0.0,0.7015625
fcc,4,0,ACM-SVM,spurious_events,0.05,0.6719270833333333
fcc,4,0,ACM-SVM,spurious_events,0.1,0.6016145833333333
fcc,4,0,ACM-SVM,spurious_events,0.15,0.5472395833333333
fcc,4,0,ACM-SVM,spurious_events,0.2,0.4894791666666667
fcc,4,0,ACM-SVM,spurious_events,0.25,0.45156250000000003
fcc,4,0,ACM-SVM,spurious_events,0.3,0.42411458333333335
fcc,4,0,ACM-SVM,spurious_events,0.4,0.36692708333333335
fcc,4,0,ACM-SVM,spurious_events,0.5,0.324375
fcc,4,0,ACM-SVM,spurious_events,0.6,0.29192708333333334
fcc,4,0,ACM-SVM,spurious_events,0.7,0.263125
fcc,4,0,ACM-SVM,spurious_events,0.8,0.24833333333333332
fcc,4,0,ACM-SVM,spurious_events,0.9,0.22130208333333334
fcc,4,0,ACM-SVM,timing_uncertainty,0.0,0.7015625
fcc,4,0,ACM-SVM,timing_uncertainty,0.05,0.7010937500000001
fcc,4,0,ACM-SVM,timing_uncertainty,0.1,0.7004166666666668
fcc,4,0,ACM-SVM,timing_uncertainty,0.15,0.6993229166666667
fcc,4,0,ACM-SVM,timing_uncertainty,0.2,0.6955729166666668
fcc,4,0,ACM-SVM,timing_uncertainty,0.25,0.6914583333333333
fcc,4,0,ACM-SVM,timing_uncertainty,0.3,0.6881770833333333
fcc,4,0,ACM-SVM,timing_uncertainty,0.4,0.6750520833333334
fcc,4,0,ACM-SVM,timing_uncertainty,0.5,0.6592708333333334
fcc,4,0,ACM-SVM,timing_uncertainty,0.6,0.63796875
fcc,4,0,ACM-SVM,timing_uncertainty,0.7,0.62890625
fcc,4,0,ACM-SVM,timing_uncertainty,0.8,0.6178645833333333
fcc,4,0,ACM-SVM,timing_uncertainty,0.9,0.59953125
fcc,4,0,CASIM-prefix,late_time_delay,0.0,0.9859375
fcc,4,0,CASIM-prefix,late_time_delay,0.05,0.5385416666666667
fcc,4,0,CASIM-prefix,late_time_delay,0.1,0.3796875
fcc,4,0,CASIM-prefix,late_time_delay,0.15,0.2916666666666667
fcc,4,0,CASIM-prefix,late_time_delay,0.2,0.20000000000000004
fcc,4,0,CASIM-prefix,late_time_delay,0.25,0.15416666666666667
fcc,4,0,CASIM-prefix,late_time_delay,0.3,0.13854166666666667
fcc,4,0,CASIM-prefix,late_time_delay,0.4,0.07968750000000001
fcc,4,0,CASIM-prefix,late_time_delay,0.5,0.08177083333333333
fcc,4,0,CASIM-prefix,late_time_delay,0.6,0.07291666666666667
fcc,4,0,CASIM-prefix,late_time_delay,0.7,0.07447916666666667
fcc,4,0,CASIM-prefix,late_time_delay,0.8,0.06614583333333333
fcc,4,0,CASIM-prefix,late_time_delay,0.9,0.06458333333333333
fcc,4,0,CASIM-prefix,missing_events,0.0,0.9859375
fcc,4,0,CASIM-prefix,missing_events,0.05,0.9831770833333334
fcc,4,0,CASIM-prefix,missing_events,0.1,0.96328125
fcc,4,0,CASIM-prefix,missing_events,0.15,0.9408854166666667
fcc,4,0,CASIM-prefix,missing_events,0.2,0.9105729166666666
fcc,4,0,CASIM-prefix,missing_events,0.25,0.8821354166666667
fcc,4,0,CASIM-prefix,missing_events,0.3,0.8452604166666666
fcc,4,0,CASIM-prefix,missing_events,0.4,0.7497395833333332
fcc,4,0,CASIM-prefix,missing_events,0.5,0.6376041666666666
fcc,4,0,CASIM-prefix,missing_events,0.6,0.5268229166666667
fcc,4,0,CASIM-prefix,missing_events,0.7,0.41479166666666667
fcc,4,0,CASIM-prefix,missing_events,0.8,0.3028645833333333
fcc,4,0,CASIM-prefix,missing_events,0.9,0.18296875
fcc,4,0,CASIM-prefix,mixed_missing_spurious,0.0,0.9859375
fcc,4,0,CASIM-prefix,mixed_missing_spurious,0.05,0.9763020833333332
fcc,4,0,CASIM-prefix,mixed_missing_spurious,0.1,0.9385416666666666
fcc,4,0,CASIM-prefix,mixed_missing_spurious,0.15,0.8936458333333334
fcc,4,0,CASIM-prefix,mixed_missing_spurious,0.2,0.8433333333333334
fcc,4,0,CASIM-prefix,mixed_missing_spurious,0.25,0.7949479166666666
fcc,4,0,CASIM-prefix,mixed_missing_spurious,0.3,0.7450520833333334
fcc,4,0,CASIM-prefix,mixed_missing_spurious,0.4,0.6365104166666667
fcc,4,0,CASIM-prefix,mixed_missing_spurious,0.5,0.5246354166666667
fcc,4,0,CASIM-prefix,mixed_missing_spurious,0.6,0.44765625000000003
fcc,4,0,CASIM-prefix,mixed_missing_spurious,0.7,0.3590104166666666
fcc,4,0,CASIM-prefix,mixed_missing_spurious,0.8,0.2646354166666667
fcc,4,0,CASIM-prefix,mixed_missing_spurious,0.9,0.18567708333333333
fcc,4,0,CASIM-prefix,mixed_spurious_timing_late,0.0,0.9859375
fcc,4,0,CASIM-prefix,mixed_spurious_timing_late,0.05,0.5306770833333333
fcc,4,0,CASIM-prefix,mixed_spurious_timing_late,0.1,0.36041666666666666
fcc,4,0,CASIM-prefix,mixed_spurious_timing_late,0.15,0.26395833333333335
fcc,4,0,CASIM-prefix,mixed_spurious_timing_late,0.2,0.1775
fcc,4,0,CASIM-prefix,mixed_spurious_timing_late,0.25,0.12859374999999998
fcc,4,0,CASIM-prefix,mixed_spurious_timing_late,0.3,0.10770833333333334
fcc,4,0,CASIM-prefix,mixed_spurious_timing_late,0.4,0.07520833333333334
fcc,4,0,CASIM-prefix,mixed_spurious_timing_late,0.5,0.07223958333333334
fcc,4,0,CASIM-prefix,mixed_spurious_timing_late,0.6,0.06578125
fcc,4,0,CASIM-prefix,mixed_spurious_timing_late,0.7,0.06567708333333333
fcc,4,0,CASIM-prefix,mixed_spurious_timing_late,0.8,0.043750000000000004
fcc,4,0,CASIM-prefix,mixed_spurious_timing_late,0.9,0.05869791666666666
fcc,4,0,CASIM-prefix,spurious_events,0.0,0.9859375
fcc,4,0,CASIM-prefix,spurious_events,0.05,0.9769791666666667
fcc,4,0,CASIM-prefix,spurious_events,0.1,0.95703125
fcc,4,0,CASIM-prefix,spurious_events,0.15,0.9370833333333333
fcc,4,0,CASIM-prefix,spurious_events,0.2,0.91
fcc,4,0,CASIM-prefix,spurious_events,0.25,0.89
fcc,4,0,CASIM-prefix,spurious_events,0.3,0.8743229166666667
fcc,4,0,CASIM-prefix,spurious_events,0.4,0.8368229166666666
fcc,4,0,CASIM-prefix,spurious_events,0.5,0.7888020833333332
fcc,4,0,CASIM-prefix,spurious_events,0.6,0.7579166666666667
fcc,4,0,CASIM-prefix,spurious_events,0.7,0.7260416666666667
fcc,4,0,CASIM-prefix,spurious_events,0.8,0.6990104166666667
fcc,4,0,CASIM-prefix,spurious_events,0.9,0.6640104166666667
fcc,4,0,CASIM-prefix,timing_uncertainty,0.0,0.9859375
fcc,4,0,CASIM-prefix,timing_uncertainty,0.05,0.9858333333333333
fcc,4,0,CASIM-prefix,timing_uncertainty,0.1,0.9846875
fcc,4,0,CASIM-prefix,timing_uncertainty,0.15,0.98421875
fcc,4,0,CASIM-prefix,timing_uncertainty,0.2,0.9828125
fcc,4,0,CASIM-prefix,timing_uncertainty,0.25,0.9811458333333333
fcc,4,0,CASIM-prefix,timing_uncertainty,0.3,0.9769270833333333
fcc,4,0,CASIM-prefix,timing_uncertainty,0.4,0.9707291666666666
fcc,4,0,CASIM-prefix,timing_uncertainty,0.5,0.95421875
fcc,4,0,CASIM-prefix,timing_uncertainty,0.6,0.9384895833333333
fcc,4,0,CASIM-prefix,timing_uncertainty,0.7,0.9179166666666667
fcc,4,0,CASIM-prefix,timing_uncertainty,0.8,0.8877083333333333
fcc,4,0,CASIM-prefix,timing_uncertainty,0.9,0.8621875
fcc,4,0,EAC-1NN,late_time_delay,0.0,0.9177083333333332
fcc,4,0,EAC-1NN,late_time_delay,0.05,0.5546875
fcc,4,0,EAC-1NN,late_time_delay,0.1,0.49635416666666665
fcc,4,0,EAC-1NN,late_time_delay,0.15,0.43906249999999997
fcc,4,0,EAC-1NN,late_time_delay,0.2,0.35833333333333334
fcc,4,0,EAC-1NN,late_time_delay,0.25,0.3671875
fcc,4,0,EAC-1NN,late_time_delay,0.3,0.3463541666666667
fcc,4,0,EAC-1NN,late_time_delay,0.4,0.30364583333333334
fcc,4,0,EAC-1NN,late_time_delay,0.5,0.23697916666666666
fcc,4,0,EAC-1NN,late_time_delay,0.6,0.178125
fcc,4,0,EAC-1NN,late_time_delay,0.7,0.20052083333333334
fcc,4,0,EAC-1NN,late_time_delay,0.8,0.20833333333333334
fcc,4,0,EAC-1NN,late_time_delay,0.9,0.165625
fcc,4,0,EAC-1NN,missing_events,0.0,0.9177083333333332
fcc,4,0,EAC-1NN,missing_events,0.05,0.9169270833333334
fcc,4,0,EAC-1NN,missing_events,0.1,0.9043229166666666
fcc,4,0,EAC-1NN,missing_events,0.15,0.89734375
fcc,4,0,EAC-1NN,missing_events,0.2,0.8794270833333333
fcc,4,0,EAC-1NN,missing_events,0.25,0.8663020833333334
fcc,4,0,EAC-1NN,missing_events,0.3,0.8481770833333333
fcc,4,0,EAC-1NN,missing_events,0.4,0.8017708333333333
fcc,4,0,EAC-1NN,missing_events,0.5,0.7376041666666667
fcc,4,0,EAC-1NN,missing_events,0.6,0.6579166666666666
fcc,4,0,EAC-1NN,missing_events,0.7,0.5679166666666666
fcc,4,0,EAC-1NN,missing_events,0.8,0.43526041666666665
fcc,4,0,EAC-1NN,missing_events,0.9,0.28130208333333334
fcc,4,0,EAC-1NN,mixed_missing_spurious,0.0,0.9177083333333332
fcc,4,0,EAC-1NN,mixed_missing_spurious,0.05,0.9156770833333333
fcc,4,0,EAC-1NN,mixed_missing_spurious,0.1,0.9046354166666667
fcc,4,0,EAC-1NN,mixed_missing_spurious,0.15,0.8891666666666667
fcc,4,0,EAC-1NN,mixed_missing_spurious,0.2,0.8686458333333333
fcc,4,0,EAC-1NN,mixed_missing_spurious,0.25,0.85578125
fcc,4,0,EAC-1NN,mixed_missing_spurious,0.3,0.8239583333333332
fcc,4,0,EAC-1NN,mixed_missing_spurious,0.4,0.7763541666666667
fcc,4,0,EAC-1NN,mixed_missing_spurious,0.5,0.6841666666666666
fcc,4,0,EAC-1NN,mixed_missing_spurious,0.6,0.61234375
fcc,4,0,EAC-1NN,mixed_missing_spurious,0.7,0.5034895833333334
fcc,4,0,EAC-1NN,mixed_missing_spurious,0.8,0.38083333333333336
fcc,4,0,EAC-1NN,mixed_missing_spurious,0.9,0.27708333333333335
fcc,4,0,EAC-1NN,mixed_spurious_timing_late,0.0,0.9177083333333332
fcc,4,0,EAC-1NN,mixed_spurious_timing_late,0.05,0.5536458333333333
fcc,4,0,EAC-1NN,mixed_spurious_timing_late,0.1,0.4901041666666666
fcc,4,0,EAC-1NN,mixed_spurious_timing_late,0.15,0.4213541666666667
fcc,4,0,EAC-1NN,mixed_spurious_timing_late,0.2,0.3530729166666667
fcc,4,0,EAC-1NN,mixed_spurious_timing_late,0.25,0.34317708333333335
fcc,4,0,EAC-1NN,mixed_spurious_timing_late,0.3,0.31421875
fcc,4,0,EAC-1NN,mixed_spurious_timing_late,0.4,0.24703125
fcc,4,0,EAC-1NN,mixed_spurious_timing_late,0.5,0.161875
fcc,4,0,EAC-1NN,mixed_spurious_timing_late,0.6,0.12859374999999998
fcc,4,0,EAC-1NN,mixed_spurious_timing_late,0.7,0.14041666666666666
fcc,4,0,EAC-1NN,mixed_spurious_timing_late,0.8,0.12838541666666667
fcc,4,0,EAC-1NN,mixed_spurious_timing_late,0.9,0.11874999999999998
fcc,4,0,EAC-1NN,spurious_events,0.0,0.9177083333333332
fcc,4,0,EAC-1NN,spurious_events,0.05,0.91796875
fcc,4,0,EAC-1NN,spurious_events,0.1,0.9153645833333334
fcc,4,0,EAC-1NN,spurious_events,0.15,0.9151041666666666
fcc,4,0,EAC-1NN,spurious_events,0.2,0.9113541666666666
fcc,4,0,EAC-1NN,spurious_events,0.25,0.9109375000000001
fcc,4,0,EAC-1NN,spurious_events,0.3,0.9071875
fcc,4,0,EAC-1NN,spurious_events,0.4,0.9010416666666666
fcc,4,0,EAC-1NN,spurious_events,0.5,0.89390625
fcc,4,0,EAC-1NN,spurious_events,0.6,0.8886458333333334
fcc,4,0,EAC-1NN,spurious_events,0.7,0.8877083333333333
fcc,4,0,EAC-1NN,spurious_events,0.8,0.8783333333333333
fcc,4,0,EAC-1NN,spurious_events,0.9,0.87171875
fcc,4,0,EAC-1NN,timing_uncertainty,0.0,0.9177083333333332
fcc,4,0,EAC-1NN,timing_uncertainty,0.05,0.9177083333333332
fcc,4,0,EAC-1NN,timing_uncertainty,0.1,0.9171354166666666
fcc,4,0,EAC-1NN,timing_uncertainty,0.15,0.915625
fcc,4,0,EAC-1NN,timing_uncertainty,0.2,0.9162499999999999
fcc,4,0,EAC-1NN,timing_uncertainty,0.25,0.9159375000000001
fcc,4,0,EAC-1NN,timing_uncertainty,0.3,0.9133333333333334
fcc,4,0,EAC-1NN,timing_uncertainty,0.4,0.9144791666666666
fcc,4,0,EAC-1NN,timing_uncertainty,0.5,0.9102083333333333
fcc,4,0,EAC-1NN,timing_uncertainty,0.6,0.9109895833333334
fcc,4,0,EAC-1NN,timing_uncertainty,0.7,0.9063020833333333
fcc,4,0,EAC-1NN,timing_uncertainty,0.8,0.9077604166666666
fcc,4,0,EAC-1NN,timing_uncertainty,0.9,0.9063541666666667
fcc,4,0,JAC-1NN,late_time_delay,0.0,0.8713541666666668
fcc,4,0,JAC-1NN,late_time_delay,0.05,0.5380208333333333
fcc,4,0,JAC-1NN,late_time_delay,0.1,0.50625
fcc,4,0,JAC-1NN,late_time_delay,0.15,0.4140625
fcc,4,0,JAC-1NN,late_time_delay,0.2,0.3697916666666667
fcc,4,0,JAC-1NN,late_time_delay,0.25,0.3546875
fcc,4,0,JAC-1NN,late_time_delay,0.3,0.3520833333333333
fcc,4,0,JAC-1NN,late_time_delay,0.4,0.2947916666666667
fcc,4,0,JAC-1NN,late_time_delay,0.5,0.23645833333333333
fcc,4,0,JAC-1NN,late_time_delay,0.6,0.16874999999999998
fcc,4,0,JAC-1NN,late_time_delay,0.7,0.17760416666666667
fcc,4,0,JAC-1NN,late_time_delay,0.8,0.1859375
fcc,4,0,JAC-1NN,late_time_delay,0.9,0.17499999999999996
fcc,4,0,JAC-1NN,missing_events,0.0,0.8713541666666668
fcc,4,0,JAC-1NN,missing_events,0.05,0.8691666666666666
fcc,4,0,JAC-1NN,missing_events,0.1,0.85265625
fcc,4,0,JAC-1NN,missing_events,0.15,0.8455208333333334
fcc,4,0,JAC-1NN,missing_events,0.2,0.8241145833333333
fcc,4,0,JAC-1NN,missing_events,0.25,0.8134375
fcc,4,0,JAC-1NN,missing_events,0.3,0.7926041666666667
fcc,4,0,JAC-1NN,missing_events,0.4,0.7392708333333333
fcc,4,0,JAC-1NN,missing_events,0.5,0.6661979166666666
fcc,4,0,JAC-1NN,missing_events,0.6,0.5869791666666667
fcc,4,0,JAC-1NN,missing_events,0.7,0.491875
fcc,4,0,JAC-1NN,missing_events,0.8,0.3741145833333333
fcc,4,0,JAC-1NN,missing_events,0.9,0.24119791666666668
fcc,4,0,JAC-1NN,mixed_missing_spurious,0.0,0.8713541666666668
fcc,4,0,JAC-1NN,mixed_missing_spurious,0.05,0.8677083333333333
fcc,4,0,JAC-1NN,mixed_missing_spurious,0.1,0.8535416666666666
fcc,4,0,JAC-1NN,mixed_missing_spurious,0.15,0.8390104166666666
fcc,4,0,JAC-1NN,mixed_missing_spurious,0.2,0.8223958333333333
fcc,4,0,JAC-1NN,mixed_missing_spurious,0.25,0.8057291666666666
fcc,4,0,JAC-1NN,mixed_missing_spurious,0.3,0.7741666666666666
fcc,4,0,JAC-1NN,mixed_missing_spurious,0.4,0.7322395833333334
fcc,4,0,JAC-1NN,mixed_missing_spurious,0.5,0.6483333333333333
fcc,4,0,JAC-1NN,mixed_missing_spurious,0.6,0.5773437499999999
fcc,4,0,JAC-1NN,mixed_missing_spurious,0.7,0.46197916666666666
fcc,4,0,JAC-1NN,mixed_missing_spurious,0.8,0.35104166666666664
fcc,4,0,JAC-1NN,mixed_missing_spurious,0.9,0.24770833333333334
fcc,4,0,JAC-1NN,mixed_spurious_timing_late,0.0,0.8713541666666668
fcc,4,0,JAC-1NN,mixed_spurious_timing_late,0.05,0.5380729166666667
fcc,4,0,JAC-1NN,mixed_spurious_timing_late,0.1,0.5039583333333334
fcc,4,0,JAC-1NN,mixed_spurious_timing_late,0.15,0.4115104166666666
fcc,4,0,JAC-1NN,mixed_spurious_timing_late,0.2,0.3668229166666667
fcc,4,0,JAC-1NN,mixed_spurious_timing_late,0.25,0.3476041666666667
fcc,4,0,JAC-1NN,mixed_spurious_timing_late,0.3,0.3294791666666667
fcc,4,0,JAC-1NN,mixed_spurious_timing_late,0.4,0.24630208333333334
fcc,4,0,JAC-1NN,mixed_spurious_timing_late,0.5,0.16755208333333335
fcc,4,0,JAC-1NN,mixed_spurious_timing_late,0.6,0.12494791666666666
fcc,4,0,JAC-1NN,mixed_spurious_timing_late,0.7,0.13859375
fcc,4,0,JAC-1NN,mixed_spurious_timing_late,0.8,0.12223958333333333
fcc,4,0,JAC-1NN,mixed_spurious_timing_late,0.9,0.1075
fcc,4,0,JAC-1NN,spurious_events,0.0,0.8713541666666668
fcc,4,0,JAC-1NN,spurious_events,0.05,0.87171875
fcc,4,0,JAC-1NN,spurious_events,0.1,0.8702083333333334
fcc,4,0,JAC-1NN,spurious_events,0.15,0.8685937499999999
fcc,4,0,JAC-1NN,spurious_events,0.2,0.8678125
fcc,4,0,JAC-1NN,spurious_events,0.25,0.8676041666666666
fcc,4,0,JAC-1NN,spurious_events,0.3,0.8626041666666667
fcc,4,0,JAC-1NN,spurious_events,0.4,0.8595833333333333
fcc,4,0,JAC-1NN,spurious_events,0.5,0.8497395833333333
fcc,4,0,JAC-1NN,spurious_events,0.6,0.8471875
fcc,4,0,JAC-1NN,spurious_events,0.7,0.841875
fcc,4,0,JAC-1NN,spurious_events,0.8,0.8327604166666666
fcc,4,0,JAC-1NN,spurious_events,0.9,0.81984375
fcc,4,0,JAC-1NN,timing_uncertainty,0.0,0.8713541666666668
fcc,4,0,JAC-1NN,timing_uncertainty,0.05,0.8711458333333333
fcc,4,0,JAC-1NN,timing_uncertainty,0.1,0.8701041666666667
fcc,4,0,JAC-1NN,timing_uncertainty,0.15,0.8689062499999999
fcc,4,0,JAC-1NN,timing_uncertainty,0.2,0.8672395833333333
fcc,4,0,JAC-1NN,timing_uncertainty,0.25,0.8669791666666667
fcc,4,0,JAC-1NN,timing_uncertainty,0.3,0.8651562500000001
fcc,4,0,JAC-1NN,timing_uncertainty,0.4,0.86296875
fcc,4,0,JAC-1NN,timing_uncertainty,0.5,0.8606770833333334
fcc,4,0,JAC-1NN,timing_uncertainty,0.6,0.8616666666666667
fcc,4,0,JAC-1NN,timing_uncertainty,0.7,0.8585937499999999
fcc,4,0,JAC-1NN,timing_uncertainty,0.8,0.8630208333333335
fcc,4,0,JAC-1NN,timing_uncertainty,0.9,0.8633333333333333
fcc,4,0,MBW-LR,late_time_delay,0.0,0.953125
fcc,4,0,MBW-LR,late_time_delay,0.05,0.3489583333333333
fcc,4,0,MBW-LR,late_time_delay,0.1,0.2911458333333333
fcc,4,0,MBW-LR,late_time_delay,0.15,0.23229166666666667
fcc,4,0,MBW-LR,late_time_delay,0.2,0.20520833333333333
fcc,4,0,MBW-LR,late_time_delay,0.25,0.1890625
fcc,4,0,MBW-LR,late_time_delay,0.3,0.19999999999999998
fcc,4,0,MBW-LR,late_time_delay,0.4,0.19166666666666665
fcc,4,0,MBW-LR,late_time_delay,0.5,0.15156250000000002
fcc,4,0,MBW-LR,late_time_delay,0.6,0.13229166666666667
fcc,4,0,MBW-LR,late_time_delay,0.7,0.1265625
fcc,4,0,MBW-LR,late_time_delay,0.8,0.11562500000000002
fcc,4,0,MBW-LR,late_time_delay,0.9,0.125
fcc,4,0,MBW-LR,missing_events,0.0,0.953125
fcc,4,0,MBW-LR,missing_events,0.05,0.9509374999999999
fcc,4,0,MBW-LR,missing_events,0.1,0.9327604166666666
fcc,4,0,MBW-LR,missing_events,0.15,0.9169270833333334
fcc,4,0,MBW-LR,missing_events,0.2,0.88953125
fcc,4,0,MBW-LR,missing_events,0.25,0.8760416666666666
fcc,4,0,MBW-LR,missing_events,0.3,0.8468749999999999
fcc,4,0,MBW-LR,missing_events,0.4,0.7859375000000001
fcc,4,0,MBW-LR,missing_events,0.5,0.71515625
fcc,4,0,MBW-LR,missing_events,0.6,0.6446875
fcc,4,0,MBW-LR,missing_events,0.7,0.5624479166666667
fcc,4,0,MBW-LR,missing_events,0.8,0.45265625
fcc,4,0,MBW-LR,missing_events,0.9,0.31020833333333336
fcc,4,0,MBW-LR,mixed_missing_spurious,0.0,0.953125
fcc,4,0,MBW-LR,mixed_missing_spurious,0.05,0.9480729166666667
fcc,4,0,MBW-LR,mixed_missing_spurious,0.1,0.92140625
fcc,4,0,MBW-LR,mixed_missing_spurious,0.15,0.8896875
fcc,4,0,MBW-LR,mixed_missing_spurious,0.2,0.8555208333333333
fcc,4,0,MBW-LR,mixed_missing_spurious,0.25,0.8234374999999999
fcc,4,0,MBW-LR,mixed_missing_spurious,0.3,0.7894791666666666
fcc,4,0,MBW-LR,mixed_missing_spurious,0.4,0.7114583333333333
fcc,4,0,MBW-LR,mixed_missing_spurious,0.5,0.61625
fcc,4,0,MBW-LR,mixed_missing_spurious,0.6,0.57140625
fcc,4,0,MBW-LR,mixed_missing_spurious,0.7,0.47630208333333335
fcc,4,0,MBW-LR,mixed_missing_spurious,0.8,0.37390624999999994
fcc,4,0,MBW-LR,mixed_missing_spurious,0.9,0.28890625
fcc,4,0,MBW-LR,mixed_spurious_timing_late,0.0,0.953125
fcc,4,0,MBW-LR,mixed_spurious_timing_late,0.05,0.3423958333333333
fcc,4,0,MBW-LR,mixed_spurious_timing_late,0.1,0.27203125
fcc,4,0,MBW-LR,mixed_spurious_timing_late,0.15,0.21557291666666667
fcc,4,0,MBW-LR,mixed_spurious_timing_late,0.2,0.18145833333333336
fcc,4,0,MBW-LR,mixed_spurious_timing_late,0.25,0.16588541666666665
fcc,4,0,MBW-LR,mixed_spurious_timing_late,0.3,0.15140625
fcc,4,0,MBW-LR,mixed_spurious_timing_late,0.4,0.13604166666666667
fcc,4,0,MBW-LR,mixed_spurious_timing_late,0.5,0.09692708333333333
fcc,4,0,MBW-LR,mixed_spurious_timing_late,0.6,0.08713541666666667
fcc,4,0,MBW-LR,mixed_spurious_timing_late,0.7,0.08963541666666668
fcc,4,0,MBW-LR,mixed_spurious_timing_late,0.8,0.07265624999999999
fcc,4,0,MBW-LR,mixed_spurious_timing_late,0.9,0.0840625
fcc,4,0,MBW-LR,spurious_events,0.0,0.953125
fcc,4,0,MBW-LR,spurious_events,0.05,0.9516666666666667
fcc,4,0,MBW-LR,spurious_events,0.1,0.9402083333333334
fcc,4,0,MBW-LR,spurious_events,0.15,0.9318750000000001
fcc,4,0,MBW-LR,spurious_events,0.2,0.9172916666666667
fcc,4,0,MBW-LR,spurious_events,0.25,0.9031250000000001
fcc,4,0,MBW-LR,spurious_events,0.3,0.8926562499999999
fcc,4,0,MBW-LR,spurious_events,0.4,0.8804166666666666
fcc,4,0,MBW-LR,spurious_events,0.5,0.8579166666666667
fcc,4,0,MBW-LR,spurious_events,0.6,0.8256770833333333
fcc,4,0,MBW-LR,spurious_events,0.7,0.815
fcc,4,0,MBW-LR,spurious_events,0.8,0.7911979166666666
fcc,4,0,MBW-LR,spurious_events,0.9,0.7674479166666667
fcc,4,0,MBW-LR,timing_uncertainty,0.0,0.953125
fcc,4,0,MBW-LR,timing_uncertainty,0.05,0.9534375
fcc,4,0,MBW-LR,timing_uncertainty,0.1,0.95265625
fcc,4,0,MBW-LR,timing_uncertainty,0.15,0.9517708333333333
fcc,4,0,MBW-LR,timing_uncertainty,0.2,0.9498958333333333
fcc,4,0,MBW-LR,timing_uncertainty,0.25,0.9467708333333333
fcc,4,0,MBW-LR,timing_uncertainty,0.3,0.9384895833333333
fcc,4,0,MBW-LR,timing_uncertainty,0.4,0.9344270833333334
fcc,4,0,MBW-LR,timing_uncertainty,0.5,0.921875
fcc,4,0,MBW-LR,timing_uncertainty,0.6,0.9196874999999999
fcc,4,0,MBW-LR,timing_uncertainty,0.7,0.8988541666666666
fcc,4,0,MBW-LR,timing_uncertainty,0.8,0.8852604166666667
fcc,4,0,MBW-LR,timing_uncertainty,0.9,0.87453125
fcc,4,0,WDI-1NN,late_time_delay,0.0,0.6124999999999999
fcc,4,0,WDI-1NN,late_time_delay,0.05,0.3765625000000001
fcc,4,0,WDI-1NN,late_time_delay,0.1,0.33958333333333335
fcc,4,0,WDI-1NN,late_time_delay,0.15,0.26510416666666664
fcc,4,0,WDI-1NN,late_time_delay,0.2,0.22135416666666666
fcc,4,0,WDI-1NN,late_time_delay,0.25,0.15572916666666667
fcc,4,0,WDI-1NN,late_time_delay,0.3,0.125
fcc,4,0,WDI-1NN,late_time_delay,0.4,0.09635416666666667
fcc,4,0,WDI-1NN,late_time_delay,0.5,0.08177083333333333
fcc,4,0,WDI-1NN,late_time_delay,0.6,0.08854166666666667
fcc,4,0,WDI-1NN,late_time_delay,0.7,0.10364583333333333
fcc,4,0,WDI-1NN,late_time_delay,0.8,0.1140625
fcc,4,0,WDI-1NN,late_time_delay,0.9,0.09375
fcc,4,0,WDI-1NN,missing_events,0.0,0.6124999999999999
fcc,4,0,WDI-1NN,missing_events,0.05,0.6052604166666667
fcc,4,0,WDI-1NN,missing_events,0.1,0.58046875
fcc,4,0,WDI-1NN,missing_events,0.15,0.5477604166666666
fcc,4,0,WDI-1NN,missing_events,0.2,0.51125
fcc,4,0,WDI-1NN,missing_events,0.25,0.48171875000000003
fcc,4,0,WDI-1NN,missing_events,0.3,0.44703125
fcc,4,0,WDI-1NN,missing_events,0.4,0.36968749999999995
fcc,4,0,WDI-1NN,missing_events,0.5,0.28875
fcc,4,0,WDI-1NN,missing_events,0.6,0.22302083333333333
fcc,4,0,WDI-1NN,missing_events,0.7,0.16427083333333334
fcc,4,0,WDI-1NN,missing_events,0.8,0.1178125
fcc,4,0,WDI-1NN,missing_events,0.9,0.08625
fcc,4,0,WDI-1NN,mixed_missing_spurious,0.0,0.6124999999999999
fcc,4,0,WDI-1NN,mixed_missing_spurious,0.05,0.6036458333333333
fcc,4,0,WDI-1NN,mixed_missing_spurious,0.1,0.5827083333333333
fcc,4,0,WDI-1NN,mixed_missing_spurious,0.15,0.5513020833333333
fcc,4,0,WDI-1NN,mixed_missing_spurious,0.2,0.5084375
fcc,4,0,WDI-1NN,mixed_missing_spurious,0.25,0.48531250000000004
fcc,4,0,WDI-1NN,mixed_missing_spurious,0.3,0.45031250000000006
fcc,4,0,WDI-1NN,mixed_missing_spurious,0.4,0.3753125
fcc,4,0,WDI-1NN,mixed_missing_spurious,0.5,0.28973958333333333
fcc,4,0,WDI-1NN,mixed_missing_spurious,0.6,0.2277604166666667
fcc,4,0,WDI-1NN,mixed_missing_spurious,0.7,0.17833333333333332
fcc,4,0,WDI-1NN,mixed_missing_spurious,0.8,0.12786458333333334
fcc,4,0,WDI-1NN,mixed_missing_spurious,0.9,0.08812500000000001
fcc,4,0,WDI-1NN,mixed_spurious_timing_late,0.0,0.6124999999999999
fcc,4,0,WDI-1NN,mixed_spurious_timing_late,0.05,0.37562500000000004
fcc,4,0,WDI-1NN,mixed_spurious_timing_late,0.1,0.33578125
fcc,4,0,WDI-1NN,mixed_spurious_timing_late,0.15,0.2634375
fcc,4,0,WDI-1NN,mixed_spurious_timing_late,0.2,0.21192708333333332
fcc,4,0,WDI-1NN,mixed_spurious_timing_late,0.25,0.15067708333333332
fcc,4,0,WDI-1NN,mixed_spurious_timing_late,0.3,0.12531250000000002
fcc,4,0,WDI-1NN,mixed_spurious_timing_late,0.4,0.09515625
fcc,4,0,WDI-1NN,mixed_spurious_timing_late,0.5,0.07833333333333334
fcc,4,0,WDI-1NN,mixed_spurious_timing_late,0.6,0.08151041666666667
fcc,4,0,WDI-1NN,mixed_spurious_timing_late,0.7,0.09911458333333334
fcc,4,0,WDI-1NN,mixed_spurious_timing_late,0.8,0.09635416666666667
fcc,4,0,WDI-1NN,mixed_spurious_timing_late,0.9,0.0865625
fcc,4,0,WDI-1NN,spurious_events,0.0,0.6124999999999999
fcc,4,0,WDI-1NN,spurious_events,0.05,0.6124479166666666
fcc,4,0,WDI-1NN,spurious_events,0.1,0.61
fcc,4,0,WDI-1NN,spurious_events,0.15,0.6067708333333334
fcc,4,0,WDI-1NN,spurious_events,0.2,0.6005729166666667
fcc,4,0,WDI-1NN,spurious_events,0.25,0.6044791666666667
fcc,4,0,WDI-1NN,spurious_events,0.3,0.60109375
fcc,4,0,WDI-1NN,spurious_events,0.4,0.59078125
fcc,4,0,WDI-1NN,spurious_events,0.5,0.5865104166666667
fcc,4,0,WDI-1NN,spurious_events,0.6,0.586875
fcc,4,0,WDI-1NN,spurious_events,0.7,0.5728645833333333
fcc,4,0,WDI-1NN,spurious_events,0.8,0.5720833333333334
fcc,4,0,WDI-1NN,spurious_events,0.9,0.5731770833333333
fcc,4,0,WDI-1NN,timing_uncertainty,0.0,0.6124999999999999
fcc,4,0,WDI-1NN,timing_uncertainty,0.05,0.6123958333333334
fcc,4,0,WDI-1NN,timing_uncertainty,0.1,0.6128125
fcc,4,0,WDI-1NN,timing_uncertainty,0.15,0.6120833333333333
fcc,4,0,WDI-1NN,timing_uncertainty,0.2,0.6122916666666667
fcc,4,0,WDI-1NN,timing_uncertainty,0.25,0.6118229166666667
fcc,4,0,WDI-1NN,timing_uncertainty,0.3,0.6119270833333333
fcc,4,0,WDI-1NN,timing_uncertainty,0.4,0.6093229166666666
fcc,4,0,WDI-1NN,timing_uncertainty,0.5,0.6089583333333334
fcc,4,0,WDI-1NN,timing_uncertainty,0.6,0.6094270833333334
fcc,4,0,WDI-1NN,timing_uncertainty,0.7,0.6079687500000001
fcc,4,0,WDI-1NN,timing_uncertainty,0.8,0.6028125000000001
fcc,4,0,WDI-1NN,timing_uncertainty,0.9,0.601875
