scenario,severity,variant,n_tags_mean,clean_horizon_mean,perturbed_horizon_mean,horizon_delta_mean,horizon_ratio_mean,clean_n_events_mean,perturbed_n_events_mean,event_count_delta_mean,event_count_ratio_mean,clean_n_act_mean,perturbed_n_act_mean,act_count_delta_mean,act_count_ratio_mean,clean_n_rtn_mean,perturbed_n_rtn_mean,rtn_count_delta_mean,rtn_count_ratio_mean,act_tag_set_jaccard_mean,all_event_tag_set_jaccard_mean,act_tag_multiset_jaccard_mean,all_tag_type_multiset_jaccard_mean,act_tag_time_multiset_jaccard_mean,all_tag_type_time_multiset_jaccard_mean,act_sequence_lcs_similarity_mean,all_sequence_lcs_similarity_mean,state_hamming_fraction_mean,state_active_cell_jaccard_mean,state_clean_active_cells_mean,state_perturbed_active_cells_mean,state_active_cell_ratio_mean,n_tags_std,clean_horizon_std,perturbed_horizon_std,horizon_delta_std,horizon_ratio_std,clean_n_events_std,perturbed_n_events_std,event_count_delta_std,event_count_ratio_std,clean_n_act_std,perturbed_n_act_std,act_count_delta_std,act_count_ratio_std,clean_n_rtn_std,perturbed_n_rtn_std,rtn_count_delta_std,rtn_count_ratio_std,act_tag_set_jaccard_std,all_event_tag_set_jaccard_std,act_tag_multiset_jaccard_std,all_tag_type_multiset_jaccard_std,act_tag_time_multiset_jaccard_std,all_tag_type_time_multiset_jaccard_std,act_sequence_lcs_similarity_std,all_sequence_lcs_similarity_std,state_hamming_fraction_std,state_active_cell_jaccard_std,state_clean_active_cells_std,state_perturbed_active_cells_std,state_active_cell_ratio_std,n_tags_p05,clean_horizon_p05,perturbed_horizon_p05,horizon_delta_p05,horizon_ratio_p05,clean_n_events_p05,perturbed_n_events_p05,event_count_delta_p05,event_count_ratio_p05,clean_n_act_p05,perturbed_n_act_p05,act_count_delta_p05,act_count_ratio_p05,clean_n_rtn_p05,perturbed_n_rtn_p05,rtn_count_delta_p05,rtn_count_ratio_p05,act_tag_set_jaccard_p05,all_event_tag_set_jaccard_p05,act_tag_multiset_jaccard_p05,all_tag_type_multiset_jaccard_p05,act_tag_time_multiset_jaccard_p05,all_tag_type_time_multiset_jaccard_p05,act_sequence_lcs_similarity_p05,all_sequence_lcs_similarity_p05,state_hamming_fraction_p05,state_active_cell_jaccard_p05,state_clean_active_cells_p05,state_perturbed_active_cells_p05,state_active_cell_ratio_p05,n_tags_p50,clean_horizon_p50,perturbed_horizon_p50,horizon_delta_p50,horizon_ratio_p50,clean_n_events_p50,perturbed_n_events_p50,event_count_delta_p50,event_count_ratio_p50,clean_n_act_p50,perturbed_n_act_p50,act_count_delta_p50,act_count_ratio_p50,clean_n_rtn_p50,perturbed_n_rtn_p50,rtn_count_delta_p50,rtn_count_ratio_p50,act_tag_set_jaccard_p50,all_event_tag_set_jaccard_p50,act_tag_multiset_jaccard_p50,all_tag_type_multiset_jaccard_p50,act_tag_time_multiset_jaccard_p50,all_tag_type_time_multiset_jaccard_p50,act_sequence_lcs_similarity_p50,all_sequence_lcs_similarity_p50,state_hamming_fraction_p50,state_active_cell_jaccard_p50,state_clean_active_cells_p50,state_perturbed_active_cells_p50,state_active_cell_ratio_p50,n_tags_p95,clean_horizon_p95,perturbed_horizon_p95,horizon_delta_p95,horizon_ratio_p95,clean_n_events_p95,perturbed_n_events_p95,event_count_delta_p95,event_count_ratio_p95,clean_n_act_p95,perturbed_n_act_p95,act_count_delta_p95,act_count_ratio_p95,clean_n_rtn_p95,perturbed_n_rtn_p95,rtn_count_delta_p95,rtn_count_ratio_p95,act_tag_set_jaccard_p95,all_event_tag_set_jaccard_p95,act_tag_multiset_jaccard_p95,all_tag_type_multiset_jaccard_p95,act_tag_time_multiset_jaccard_p95,all_tag_type_time_multiset_jaccard_p95,act_sequence_lcs_similarity_p95,all_sequence_lcs_similarity_p95,state_hamming_fraction_p95,state_active_cell_jaccard_p95,state_clean_active_cells_p95,state_perturbed_active_cells_p95,state_active_cell_ratio_p95
late_time_delay,0.0,repaired,57.0,59.0,59.0,0.0,1.0,16.085,16.085,0.0,1.0,12.993125,12.993125,0.0,1.0,3.091875,3.091875,0.0,1.0,1.0,1.0,1.0,1.0,1.0,1.0,1.0,1.0,0.0,1.0,492.344375,492.344375,1.0,0.0,0.0,0.0,0.0,0.0,8.383222375738788,8.383222375738788,0.0,0.0,5.734883023181949,5.734883023181949,0.0,0.0,3.8347885319229587,3.8347885319229587,0.0,0.0,0.0,0.0,0.0,0.0,0.0,0.0,0.0,0.0,0.0,0.0,239.04792359529173,239.04792359529173,0.0,57.0,59.0,59.0,0.0,1.0,6.0,6.0,0.0,1.0,5.0,5.0,0.0,1.0,0.0,0.0,0.0,1.0,1.0,1.0,1.0,1.0,1.0,1.0,1.0,1.0,0.0,1.0,157.0,157.0,1.0,57.0,59.0,59.0,0.0,1.0,16.0,16.0,0.0,1.0,13.0,13.0,0.0,1.0,2.0,2.0,0.0,1.0,1.0,1.0,1.0,1.0,1.0,1.0,1.0,1.0,0.0,1.0,456.5,456.5,1.0,57.0,59.0,59.0,0.0,1.0,25.0,25.0,0.0,1.0,21.0,21.0,0.0,1.0,8.0,8.0,0.0,1.0,1.0,1.0,1.0,1.0,1.0,1.0,1.0,1.0,0.0,1.0,888.0999999999985,888.0999999999985,1.0
late_time_delay,0.0,unrepaired,57.0,59.0,59.0,0.0,1.0,16.085,16.085,0.0,1.0,12.993125,12.993125,0.0,1.0,3.091875,3.091875,0.0,1.0,1.0,1.0,1.0,1.0,1.0,1.0,1.0,1.0,0.0,1.0,492.344375,492.344375,1.0,0.0,0.0,0.0,0.0,0.0,8.383222375738788,8.383222375738788,0.0,0.0,5.734883023181949,5.734883023181949,0.0,0.0,3.8347885319229587,3.8347885319229587,0.0,0.0,0.0,0.0,0.0,0.0,0.0,0.0,0.0,0.0,0.0,0.0,239.04792359529173,239.04792359529173,0.0,57.0,59.0,59.0,0.0,1.0,6.0,6.0,0.0,1.0,5.0,5.0,0.0,1.0,0.0,0.0,0.0,1.0,1.0,1.0,1.0,1.0,1.0,1.0,1.0,1.0,0.0,1.0,157.0,157.0,1.0,57.0,59.0,59.0,0.0,1.0,16.0,16.0,0.0,1.0,13.0,13.0,0.0,1.0,2.0,2.0,0.0,1.0,1.0,1.0,1.0,1.0,1.0,1.0,1.0,1.0,0.0,1.0,456.5,456.5,1.0,57.0,59.0,59.0,0.0,1.0,25.0,25.0,0.0,1.0,21.0,21.0,0.0,1.0,8.0,8.0,0.0,1.0,1.0,1.0,1.0,1.0,1.0,1.0,1.0,1.0,0.0,1.0,888.0999999999985,888.0999999999985,1.0
late_time_delay,0.05,repaired,57.0,59.0,56.05475,-2.945250000000003,0.9500805084745763,16.085,11.26,-4.825,0.6739778684922377,12.993125,8.455625,-4.5375,0.6255507777768801,3.091875,2.804375,-0.2875,0.8960392564951388,0.6218111326797399,0.7038443515275631,0.6255507777768801,0.6739778684922377,0.003163940670639394,0.003614381038128897,0.6255507777768801,0.6739778684922377,0.07094115497076024,0.5291567773511106,492.344375,281.985625,0.5858281214571748,0.0,0.0,0.0670090899701943,0.0670090899701948,0.0011357472876304274,8.383222375738788,7.89351279352317,2.3837428844956623,0.14306571813432759,5.734883023181949,4.977783593625694,2.26029048068298,0.16431445378645002,3.8347885319229587,3.8142188093953715,0.5544032469105958,0.22496433219301418,0.16366626671805012,0.15522828900228566,0.16431445378645002,0.14306571813432759,0.015089191404956412,0.0155057868221325,0.16431445378645002,0.14306571813432759,0.04194301191552865,0.1688611199180445,239.04792359529173,144.70911067993913,0.19273835913441248,57.0,59.0,56.05,-2.950000000000003,0.95,6.0,3.0,-9.0,0.4370535714285718,5.0,2.0,-8.0,0.38819444444444506,0.0,0.0,-1.0,0.5,0.375,0.46153846153846156,0.38819444444444506,0.4370535714285718,0.0,0.0,0.38819444444444506,0.4370535714285718,0.010818713450292398,0.26347456706035793,157.0,62.0,0.30531443111595785,57.0,59.0,56.05,-2.950000000000003,0.95,16.0,10.5,-5.0,0.6666666666666666,13.0,8.0,-4.0,0.625,2.0,2.0,0.0,1.0,0.6153846153846154,0.7142857142857143,0.625,0.6666666666666666,0.0,0.0,0.625,0.6666666666666666,0.06198830409356725,0.5294117647058824,456.5,283.5,0.5796635101590513,57.0,59.0,56.05,-2.950000000000003,0.95,25.0,20.0,-1.0,0.9090909090909091,21.0,16.0,-1.0,0.8888888888888888,8.0,7.0,0.0,1.0,0.8888888888888888,1.0,0.8888888888888888,0.9090909090909091,0.030303030303030304,0.02706456456456402,0.8888888888888888,0.9090909090909091,0.15175438596491228,0.8235617323852613,888.0999999999985,538.0499999999993,0.9524089635854337
late_time_delay,0.05,unrepaired,57.0,59.0,56.05475,-2.945250000000003,0.9500805084745763,16.085,11.26,-4.825,0.6739778684922377,12.993125,8.455625,-4.5375,0.6255507777768801,3.091875,2.804375,-0.2875,0.8960392564951388,0.6218111326797399,0.7038443515275631,0.6255507777768801,0.6739778684922377,0.003163940670639394,0.003614381038128897,0.6255507777768801,0.6739778684922377,0.07094115497076024,0.5291567773511106,492.344375,281.985625,0.5858281214571748,0.0,0.0,0.0670090899701943,0.0670090899701948,0.0011357472876304274,8.383222375738788,7.89351279352317,2.3837428844956623,0.14306571813432759,5.734883023181949,4.977783593625694,2.26029048068298,0.16431445378645002,3.8347885319229587,3.8142188093953715,0.5544032469105958,0.22496433219301418,0.16366626671805012,0.15522828900228566,0.16431445378645002,0.14306571813432759,0.015089191404956412,0.0155057868221325,0.16431445378645002,0.14306571813432759,0.04194301191552865,0.1688611199180445,239.04792359529173,144.70911067993913,0.19273835913441248,57.0,59.0,56.05,-2.950000000000003,0.95,6.0,3.0,-9.0,0.4370535714285718,5.0,2.0,-8.0,0.38819444444444506,0.0,0.0,-1.0,0.5,0.375,0.46153846153846156,0.38819444444444506,0.4370535714285718,0.0,0.0,0.38819444444444506,0.4370535714285718,0.010818713450292398,0.26347456706035793,157.0,62.0,0.30531443111595785,57.0,59.0,56.05,-2.950000000000003,0.95,16.0,10.5,-5.0,0.6666666666666666,13.0,8.0,-4.0,0.625,2.0,2.0,0.0,1.0,0.6153846153846154,0.7142857142857143,0.625,0.6666666666666666,0.0,0.0,0.625,0.6666666666666666,0.06198830409356725,0.5294117647058824,456.5,283.5,0.5796635101590513,57.0,59.0,56.05,-2.950000000000003,0.95,25.0,20.0,-1.0,0.9090909090909091,21.0,16.0,-1.0,0.8888888888888888,8.0,7.0,0.0,1.0,0.8888888888888888,1.0,0.8888888888888888,0.9090909090909091,0.030303030303030304,0.02706456456456402,0.8888888888888888,0.9090909090909091,0.15175438596491228,0.8235617323852613,888.0999999999985,538.0499999999993,0.9524089635854337
late_time_delay,0.1,repaired,57.0,59.0,53.1326875,-5.867312499999998,0.9005540254237289,16.085,10.049375,-6.035625,0.5923329626692408,12.993125,7.524375,-5.46875,0.5510575731593367,3.091875,2.525,-0.566875,0.8051811519243378,0.5461873354540131,0.6172562487603491,0.5510575731593367,0.5923329626692408,0.0025377994207947067,0.0032457841657876864,0.5510575731593367,0.5923329626692408,0.09408991228070175,0.3900484744548752,492.344375,238.275625,0.4965488235398656,0.0,0.0,0.32946101647818077,0.32946101647818127,0.005584085025053907,8.383222375738788,7.89411691875638,2.900626089546355,0.16509473852915382,5.734883023181949,4.907867287015457,2.6323860903243284,0.18044100782677033,3.8347885319229587,3.7345008576837944,0.8436955749937017,0.29504116454870266,0.17824616237917515,0.16853771367972,0.18044100782677033,0.16509473852915382,0.014905818529077639,0.01552914637049418,0.18044100782677033,0.16509473852915382,0.050057783872677196,0.14940221269610043,239.04792359529173,130.82041805360728,0.19962300930957205,57.0,59.0,53.1,-5.899999999999999,0.9,6.0,2.0,-11.0,0.3333333333333333,5.0,2.0,-10.0,0.25,0.0,0.0,-2.0,0.0,0.25,0.3333333333333333,0.25,0.3333333333333333,0.0,0.0,0.25,0.3333333333333333,0.024853801169590642,0.1660254616198507,157.0,53.0,0.22252987237837912,57.0,59.0,53.1,-5.899999999999999,0.9,16.0,9.0,-6.0,0.5882352941176471,13.0,7.0,-5.0,0.5555555555555556,2.0,2.0,0.0,1.0,0.5333333333333333,0.6111111111111112,0.5555555555555556,0.5882352941176471,0.0,0.0,0.5555555555555556,0.5882352941176471,0.0827485380116959,0.38339254858562916,456.5,231.0,0.4787960109065662,57.0,59.0,53.1,-5.899999999999999,0.9,25.0,18.0,-2.0,0.8823529411764706,21.0,14.0,-1.0,0.8576190476190406,8.0,7.0,0.0,1.0,0.8503571428571376,0.8947368421052632,0.8576190476190406,0.8823529411764706,0.0,0.02442073170731663,0.8576190476190406,0.8823529411764706,0.18336257309941476,0.6576313924050627,888.0999999999985,464.09999999999854,0.9148211179184588
late_time_delay,0.1,unrepaired,57.0,59.0,53.1326875,-5.867312499999998,0.9005540254237289,16.085,10.049375,-6.035625,0.5923329626692408,12.993125,7.524375,-5.46875,0.5510575731593367,3.091875,2.525,-0.566875,0.8051811519243378,0.5461873354540131,0.6172562487603491,0.5510575731593367,0.5923329626692408,0.0025377994207947067,0.0032457841657876864,0.5510575731593367,0.5923329626692408,0.09408991228070175,0.3900484744548752,492.344375,238.275625,0.4965488235398656,0.0,0.0,0.32946101647818077,0.32946101647818127,0.005584085025053907,8.383222375738788,7.89411691875638,2.900626089546355,0.16509473852915382,5.734883023181949,4.907867287015457,2.6323860903243284,0.18044100782677033,3.8347885319229587,3.7345008576837944,0.8436955749937017,0.29504116454870266,0.17824616237917515,0.16853771367972,0.18044100782677033,0.16509473852915382,0.014905818529077639,0.01552914637049418,0.18044100782677033,0.16509473852915382,0.050057783872677196,0.14940221269610043,239.04792359529173,130.82041805360728,0.19962300930957205,57.0,59.0,53.1,-5.899999999999999,0.9,6.0,2.0,-11.0,0.3333333333333333,5.0,2.0,-10.0,0.25,0.0,0.0,-2.0,0.0,0.25,0.3333333333333333,0.25,0.3333333333333333,0.0,0.0,0.25,0.3333333333333333,0.024853801169590642,0.1660254616198507,157.0,53.0,0.22252987237837912,57.0,59.0,53.1,-5.899999999999999,0.9,16.0,9.0,-6.0,0.5882352941176471,13.0,7.0,-5.0,0.5555555555555556,2.0,2.0,0.0,1.0,0.5333333333333333,0.6111111111111112,0.5555555555555556,0.5882352941176471,0.0,0.0,0.5555555555555556,0.5882352941176471,0.0827485380116959,0.38339254858562916,456.5,231.0,0.4787960109065662,57.0,59.0,53.1,-5.899999999999999,0.9,25.0,18.0,-2.0,0.8823529411764706,21.0,14.0,-1.0,0.8576190476190406,8.0,7.0,0.0,1.0,0.8503571428571376,0.8947368421052632,0.8576190476190406,0.8823529411764706,0.0,0.02442073170731663,0.8576190476190406,0.8823529411764706,0.18336257309941476,0.6576313924050627,888.0999999999985,464.09999999999854,0.9148211179184588
late_time_delay,0.15,repaired,57.0,59.0,50.218125,-8.781875000000001,0.8511546610169491,16.085,8.786875,-7.298125,0.5153892917319368,12.993125,6.520625,-6.4725,0.4774609001894795,3.091875,2.26625,-0.825625,0.7230194666409486,0.4731104889590796,0.5413436645785022,0.4774609001894795,0.5153892917319368,0.00203243492750221,0.0028477329376791986,0.4774609001894795,0.5153892917319368,0.11336933479532163,0.28405289080288904,492.344375,196.58625,0.4186943094355636,0.0,0.0,0.6321908046237632,0.6321908046237628,0.010715098383453624,8.383222375738788,7.773688289591143,3.367299385775953,0.16464663253924533,5.734883023181949,4.690117209019369,2.983043732393034,0.17744370159821593,3.8347885319229587,3.700333325076241,1.0542949447329264,0.33313600515633657,0.1732773262768159,0.16605235993258444,0.17744370159821593,0.16464663253924533,0.011836246413172869,0.013265117032613414,0.17744370159821593,0.16464663253924533,0.05766901690205037,0.12685619954749178,239.04792359529173,112.41635735414631,0.19459922113571868,57.0,59.0,50.15,-8.850000000000001,0.85,6.0,2.0,-13.0,0.25,5.0,2.0,-11.0,0.2,0.0,0.0,-3.0,0.0,0.21428571428571427,0.2727272727272727,0.2,0.25,0.0,0.0,0.2,0.25,0.03245614035087719,0.08260524499654934,157.0,45.0,0.13816191829790903,57.0,59.0,50.15,-8.850000000000001,0.85,16.0,8.0,-7.0,0.5,13.0,6.0,-6.0,0.47368421052631576,2.0,1.0,-1.0,0.8571428571428571,0.4666666666666667,0.5454545454545454,0.47368421052631576,0.5,0.0,0.0,0.47368421052631576,0.5,0.10073099415204678,0.28716791422523547,456.5,183.0,0.4028451995685005,57.0,59.0,50.15,-8.850000000000001,0.85,25.0,17.0,-2.0,0.8,21.0,13.0,-2.0,0.7694055944055919,8.0,6.0,0.0,1.0,0.7692307692307693,0.8184491978609587,0.7694055944055919,0.8,0.0,0.025032051282050816,0.7694055944055919,0.8,0.2108187134502924,0.5006009880151362,888.0999999999985,388.0499999999993,0.8213380952380952
late_time_delay,0.15,unrepaired,57.0,59.0,50.218125,-8.781875000000001,0.8511546610169491,16.085,8.786875,-7.298125,0.5153892917319368,12.993125,6.520625,-6.4725,0.4774609001894795,3.091875,2.26625,-0.825625,0.7230194666409486,0.4731104889590796,0.5413436645785022,0.4774609001894795,0.5153892917319368,0.00203243492750221,0.0028477329376791986,0.4774609001894795,0.5153892917319368,0.11336933479532163,0.28405289080288904,492.344375,196.58625,0.4186943094355636,0.0,0.0,0.6321908046237632,0.6321908046237628,0.010715098383453624,8.383222375738788,7.773688289591143,3.367299385775953,0.16464663253924533,5.734883023181949,4.690117209019369,2.983043732393034,0.17744370159821593,3.8347885319229587,3.700333325076241,1.0542949447329264,0.33313600515633657,0.1732773262768159,0.16605235993258444,0.17744370159821593,0.16464663253924533,0.011836246413172869,0.013265117032613414,0.17744370159821593,0.16464663253924533,0.05766901690205037,0.12685619954749178,239.04792359529173,112.41635735414631,0.19459922113571868,57.0,59.0,50.15,-8.850000000000001,0.85,6.0,2.0,-13.0,0.25,5.0,2.0,-11.0,0.2,0.0,0.0,-3.0,0.0,0.21428571428571427,0.2727272727272727,0.2,0.25,0.0,0.0,0.2,0.25,0.03245614035087719,0.08260524499654934,157.0,45.0,0.13816191829790903,57.0,59.0,50.15,-8.850000000000001,0.85,16.0,8.0,-7.0,0.5,13.0,6.0,-6.0,0.47368421052631576,2.0,1.0,-1.0,0.8571428571428571,0.4666666666666667,0.5454545454545454,0.47368421052631576,0.5,0.0,0.0,0.47368421052631576,0.5,0.10073099415204678,0.28716791422523547,456.5,183.0,0.4028451995685005,57.0,59.0,50.15,-8.850000000000001,0.85,25.0,17.0,-2.0,0.8,21.0,13.0,-2.0,0.7694055944055919,8.0,6.0,0.0,1.0,0.7692307692307693,0.8184491978609587,0.7694055944055919,0.8,0.0,0.025032051282050816,0.7694055944055919,0.8,0.2108187134502924,0.5006009880151362,888.0999999999985,388.0499999999993,0.8213380952380952
late_time_delay,0.2,repaired,57.0,59.0,47.306625,-11.693374999999996,0.8018072033898306,16.085,7.876875,-8.208125,0.4602237027069038,12.993125,5.77875,-7.214375,0.4234372701970875,3.091875,2.098125,-0.99375,0.6747201944772463,0.4211254785459181,0.48982238735888706,0.4234372701970875,0.4602237027069038,0.0020762101304244336,0.002035957412102392,0.4234372701970875,0.4602237027069038,0.12688468567251462,0.21232690612427074,492.344375,168.2,0.36498259231522856,0.0,0.0,0.9518995437656957,0.9518995437656961,0.01613389057229991,8.383222375738788,7.583143097560376,3.7203056361677587,0.16022676770830804,5.734883023181949,4.499840438587607,3.304595418701828,0.1719544630256744,3.8347885319229587,3.6296445940845863,1.203142306405644,0.35115004096421537,0.1683650423398478,0.16145668509313263,0.1719544630256744,0.16022676770830804,0.0115155989027645,0.010276105802590942,0.1719544630256744,0.16022676770830804,0.06295447254079566,0.10462907848260232,239.04792359529173,98.6079495805612,0.1855621432179069,57.0,59.0,47.2,-11.799999999999997,0.8,6.0,2.0,-14.0,0.21409774436090243,5.0,1.0,-13.0,0.18181818181818182,0.0,0.0,-3.0,0.0,0.18721590909090935,0.25,0.18181818181818182,0.21409774436090243,0.0,0.0,0.18181818181818182,0.21409774436090243,0.03713450292397661,0.036559849364727434,157.0,33.950000000000045,0.09151435472801334,57.0,59.0,47.2,-11.799999999999997,0.8,16.0,6.0,-8.0,0.45454545454545453,13.0,5.0,-7.0,0.41885964912280704,2.0,1.0,-1.0,0.75,0.4117647058823529,0.5,0.41885964912280704,0.45454545454545453,0.0,0.0,0.41885964912280704,0.45454545454545453,0.11403508771929824,0.214929718875502,456.5,155.0,0.3513343958764285,57.0,59.0,47.2,-11.799999999999997,0.8,25.0,16.0,-3.0,0.7396739130434703,21.0,12.0,-2.0,0.7,8.0,6.0,0.0,1.0,0.6923076923076923,0.75,0.7,0.7396739130434703,0.0,0.0,0.7,0.7396739130434703,0.23157894736842105,0.38807076039640503,888.0999999999985,345.0,0.72197580645161
late_time_delay,0.2,unrepaired,57.0,59.0,47.306625,-11.693374999999996,0.8018072033898306,16.085,7.876875,-8.208125,0.4602237027069038,12.993125,5.77875,-7.214375,0.4234372701970875,3.091875,2.098125,-0.99375,0.6747201944772463,0.4211254785459181,0.48982238735888706,0.4234372701970875,0.4602237027069038,0.0020762101304244336,0.002035957412102392,0.4234372701970875,0.4602237027069038,0.12688468567251462,0.21232690612427074,492.344375,168.2,0.36498259231522856,0.0,0.0,0.9518995437656957,0.9518995437656961,0.01613389057229991,8.383222375738788,7.583143097560376,3.7203056361677587,0.16022676770830804,5.734883023181949,4.499840438587607,3.304595418701828,0.1719544630256744,3.8347885319229587,3.6296445940845863,1.203142306405644,0.35115004096421537,0.1683650423398478,0.16145668509313263,0.1719544630256744,0.16022676770830804,0.0115155989027645,0.010276105802590942,0.1719544630256744,0.16022676770830804,0.06295447254079566,0.10462907848260232,239.04792359529173,98.6079495805612,0.1855621432179069,57.0,59.0,47.2,-11.799999999999997,0.8,6.0,2.0,-14.0,0.21409774436090243,5.0,1.0,-13.0,0.18181818181818182,0.0,0.0,-3.0,0.0,0.18721590909090935,0.25,0.18181818181818182,0.21409774436090243,0.0,0.0,0.18181818181818182,0.21409774436090243,0.03713450292397661,0.036559849364727434,157.0,33.950000000000045,0.09151435472801334,57.0,59.0,47.2,-11.799999999999997,0.8,16.0,6.0,-8.0,0.45454545454545453,13.0,5.0,-7.0,0.41885964912280704,2.0,1.0,-1.0,0.75,0.4117647058823529,0.5,0.41885964912280704,0.45454545454545453,0.0,0.0,0.41885964912280704,0.45454545454545453,0.11403508771929824,0.214929718875502,456.5,155.0,0.3513343958764285,57.0,59.0,47.2,-11.799999999999997,0.8,25.0,16.0,-3.0,0.7396739130434703,21.0,12.0,-2.0,0.7,8.0,6.0,0.0,1.0,0.6923076923076923,0.75,0.7,0.7396739130434703,0.0,0.0,0.7,0.7396739130434703,0.23157894736842105,0.38807076039640503,888.0999999999985,345.0,0.72197580645161
late_time_delay,0.25,repaired,57.0,59.0,44.40109375,-14.59890625,0.7525609110169491,16.085,7.0775,-9.0075,0.41300586328851485,12.993125,5.080625,-7.9125,0.3738922237704178,3.091875,1.996875,-1.095,0.6497053825078147,0.3730209722779445,0.44387988196467426,0.3738922237704178,0.41300586328851485,0.001682996578018721,0.0018110867827773776,0.3738922237704178,0.41300586328851485,0.1375062134502924,0.1540785201788736,492.344375,141.118125,0.3135305579432805,0.0,0.0,1.2857879177265286,1.285787917726528,0.021793015554686934,8.383222375738788,7.378170239785463,4.000899173890481,0.15303847859291958,5.734883023181949,4.264418036285745,3.6000908031412218,0.16714547810664512,3.8347885319229587,3.56548170316592,1.2864013474715736,0.36080268315817615,0.16451327274798358,0.15547644584861625,0.16714547810664512,0.15303847859291958,0.011802984874372632,0.011306135779513171,0.16714547810664512,0.15303847859291958,0.0672166635451466,0.0843632894181137,239.04792359529173,80.96391244671506,0.17653607149496178,57.0,59.0,44.25,-14.75,0.75,6.0,2.0,-15.0,0.2,5.0,1.0,-14.0,0.1423809523809528,0.0,0.0,-3.0,0.0,0.14285714285714285,0.21428571428571427,0.1423809523809528,0.2,0.0,0.0,0.1423809523809528,0.2,0.04269005847953217,0.017490405628697848,157.0,30.0,0.07139372822299654,57.0,59.0,44.25,-14.75,0.75,16.0,6.0,-9.0,0.4,13.0,4.0,-8.0,0.35714285714285715,2.0,1.0,-1.0,0.6666666666666666,0.35714285714285715,0.4375,0.35714285714285715,0.4,0.0,0.0,0.35714285714285715,0.4,0.1260233918128655,0.1497398127459771,456.5,131.0,0.29010918878880465,57.0,59.0,44.25,-14.75,0.75,25.0,14.0,-3.0,0.6666666666666666,21.0,10.0,-3.0,0.6666666666666666,8.0,6.0,0.0,1.0,0.6428571428571429,0.7,0.6666666666666666,0.6666666666666666,0.0,0.0,0.6666666666666666,0.6666666666666666,0.2497076023391813,0.2959807340973258,888.0999999999985,285.0,0.6053245436105468
late_time_delay,0.25,unrepaired,57.0,59.0,44.40109375,-14.59890625,0.7525609110169491,16.085,7.0775,-9.0075,0.41300586328851485,12.993125,5.080625,-7.9125,0.3738922237704178,3.091875,1.996875,-1.095,0.6497053825078147,0.3730209722779445,0.44387988196467426,0.3738922237704178,0.41300586328851485,0.001682996578018721,0.0018110867827773776,0.3738922237704178,0.41300586328851485,0.1375062134502924,0.1540785201788736,492.344375,141.118125,0.3135305579432805,0.0,0.0,1.2857879177265286,1.285787917726528,0.021793015554686934,8.383222375738788,7.378170239785463,4.000899173890481,0.15303847859291958,5.734883023181949,4.264418036285745,3.6000908031412218,0.16714547810664512,3.8347885319229587,3.56548170316592,1.2864013474715736,0.36080268315817615,0.16451327274798358,0.15547644584861625,0.16714547810664512,0.15303847859291958,0.011802984874372632,0.011306135779513171,0.16714547810664512,0.15303847859291958,0.0672166635451466,0.0843632894181137,239.04792359529173,80.96391244671506,0.17653607149496178,57.0,59.0,44.25,-14.75,0.75,6.0,2.0,-15.0,0.2,5.0,1.0,-14.0,0.1423809523809528,0.0,0.0,-3.0,0.0,0.14285714285714285,0.21428571428571427,0.1423809523809528,0.2,0.0,0.0,0.1423809523809528,0.2,0.04269005847953217,0.017490405628697848,157.0,30.0,0.07139372822299654,57.0,59.0,44.25,-14.75,0.75,16.0,6.0,-9.0,0.4,13.0,4.0,-8.0,0.35714285714285715,2.0,1.0,-1.0,0.6666666666666666,0.35714285714285715,0.4375,0.35714285714285715,0.4,0.0,0.0,0.35714285714285715,0.4,0.1260233918128655,0.1497398127459771,456.5,131.0,0.29010918878880465,57.0,59.0,44.25,-14.75,0.75,25.0,14.0,-3.0,0.6666666666666666,21.0,10.0,-3.0,0.6666666666666666,8.0,6.0,0.0,1.0,0.6428571428571429,0.7,0.6666666666666666,0.6666666666666666,0.0,0.0,0.6666666666666666,0.6666666666666666,0.2497076023391813,0.2959807340973258,888.0999999999985,285.0,0.6053245436105468
late_time_delay,0.3,repaired,57.0,59.0,41.49825,-17.501750000000005,0.7033601694915255,16.085,6.26625,-9.81875,0.36494361630838207,12.993125,4.35125,-8.641875,0.3209972992317695,3.091875,1.915,-1.176875,0.6303306345498044,0.3206751485416514,0.3958610853088428,0.3209972992317695,0.36494361630838207,0.001510581141907835,0.0014909041706823117,0.3209972992317695,0.36494361630838207,0.14543494152046785,0.10580054184875708,492.344375,113.659375,0.261911824953495,0.0,0.0,1.6328123184414716,1.632812318441469,0.027674785058329942,8.383222375738788,7.199816023477485,4.311416264626733,0.15158299272796463,5.734883023181949,4.0790824176014855,3.8925657976013137,0.1655686446446574,3.8347885319229587,3.5055018234112607,1.3502607839363983,0.36550508108721635,0.16445508645617948,0.15566605325252994,0.1655686446446574,0.15158299272796463,0.010340458436301716,0.008979741433102895,0.1655686446446574,0.15158299272796463,0.07034288292216336,0.06774802548580343,239.04792359529173,65.69203197345101,0.17041638224250358,57.0,59.0,41.3,-17.700000000000003,0.7,6.0,1.0,-17.0,0.15789473684210525,5.0,1.0,-15.0,0.09090909090909091,0.0,0.0,-4.0,0.0,0.09090909090909091,0.18181818181818182,0.09090909090909091,0.15789473684210525,0.0,0.0,0.09090909090909091,0.15789473684210525,0.04824561403508772,0.0033918061606665224,157.0,25.950000000000045,0.05695823542787842,57.0,59.0,41.3,-17.700000000000003,0.7,16.0,5.0,-10.0,0.3333333333333333,13.0,4.0,-8.0,0.3,2.0,1.0,-1.0,0.6666666666666666,0.3,0.375,0.3,0.3333333333333333,0.0,0.0,0.3,0.3333333333333333,0.13523391812865498,0.09694335543912358,456.5,105.0,0.227344055521729,57.0,59.0,41.3,-17.700000000000003,0.7,25.0,13.0,-3.0,0.6190476190476191,21.0,9.0,-3.0,0.6153846153846154,8.0,5.0,0.0,1.0,0.625,0.6666666666666666,0.6153846153846154,0.6190476190476191,0.0,0.0,0.6153846153846154,0.6190476190476191,0.26169590643274854,0.22424525630133102,888.0999999999985,236.04999999999927,0.5635597308036827
late_time_delay,0.3,unrepaired,57.0,59.0,41.49825,-17.501750000000005,0.7033601694915255,16.085,6.26625,-9.81875,0.36494361630838207,12.993125,4.35125,-8.641875,0.3209972992317695,3.091875,1.915,-1.176875,0.6303306345498044,0.3206751485416514,0.3958610853088428,0.3209972992317695,0.36494361630838207,0.001510581141907835,0.0014909041706823117,0.3209972992317695,0.36494361630838207,0.14543494152046785,0.10580054184875708,492.344375,113.659375,0.261911824953495,0.0,0.0,1.6328123184414716,1.632812318441469,0.027674785058329942,8.383222375738788,7.199816023477485,4.311416264626733,0.15158299272796463,5.734883023181949,4.0790824176014855,3.8925657976013137,0.1655686446446574,3.8347885319229587,3.5055018234112607,1.3502607839363983,0.36550508108721635,0.16445508645617948,0.15566605325252994,0.1655686446446574,0.15158299272796463,0.010340458436301716,0.008979741433102895,0.1655686446446574,0.15158299272796463,0.07034288292216336,0.06774802548580343,239.04792359529173,65.69203197345101,0.17041638224250358,57.0,59.0,41.3,-17.700000000000003,0.7,6.0,1.0,-17.0,0.15789473684210525,5.0,1.0,-15.0,0.09090909090909091,0.0,0.0,-4.0,0.0,0.09090909090909091,0.18181818181818182,0.09090909090909091,0.15789473684210525,0.0,0.0,0.09090909090909091,0.15789473684210525,0.04824561403508772,0.0033918061606665224,157.0,25.950000000000045,0.05695823542787842,57.0,59.0,41.3,-17.700000000000003,0.7,16.0,5.0,-10.0,0.3333333333333333,13.0,4.0,-8.0,0.3,2.0,1.0,-1.0,0.6666666666666666,0.3,0.375,0.3,0.3333333333333333,0.0,0.0,0.3,0.3333333333333333,0.13523391812865498,0.09694335543912358,456.5,105.0,0.227344055521729,57.0,59.0,41.3,-17.700000000000003,0.7,25.0,13.0,-3.0,0.6190476190476191,21.0,9.0,-3.0,0.6153846153846154,8.0,5.0,0.0,1.0,0.625,0.6666666666666666,0.6153846153846154,0.6190476190476191,0.0,0.0,0.6153846153846154,0.6190476190476191,0.26169590643274854,0.22424525630133102,888.0999999999985,236.04999999999927,0.5635597308036827
late_time_delay,0.4,repaired,57.0,59.0,35.7375,-23.2625,0.6057203389830509,16.085,4.908125,-11.176875,0.2800621256441314,12.993125,3.15625,-9.836875,0.22980944392663902,3.091875,1.751875,-1.34,0.5887315210654848,0.22824838595712033,0.308186498746926,0.22980944392663902,0.2800621256441314,0.0012892790362938988,0.001281455509645173,0.22980944392663902,0.2800621256441314,0.15266209795321636,0.04301296097720058,492.344375,69.79625,0.17115811032435677,0.0,0.0,2.3720656437931176,2.3720656437931185,0.04020450243717147,8.383222375738788,6.980883166189393,4.835499106876225,0.14341450888227053,5.734883023181949,3.8308293019686124,4.317427503229252,0.15225676402637528,3.8347885319229587,3.402907980065729,1.5385213487294516,0.368113210089334,0.15047642278915938,0.14963140126428837,0.15225676402637528,0.14341450888227053,0.009202697755742568,0.008320053772961307,0.15225676402637528,0.14341450888227053,0.07266413949797529,0.04431392112702337,239.04792359529173,43.179060467910084,0.14805447956950968,57.0,59.0,35.4,-23.6,0.6,6.0,1.0,-18.0,0.1,5.0,0.0,-17.0,0.0,0.0,0.0,-4.0,0.0,0.0,0.11764705882352941,0.0,0.1,0.0,0.0,0.0,0.1,0.05203216374269007,0.0,157.0,11.0,0.031941543706747656,57.0,59.0,35.4,-23.6,0.6,16.0,4.0,-11.0,0.25,13.0,2.0,-10.0,0.2,2.0,1.0,-1.0,0.5,0.2,0.2857142857142857,0.2,0.25,0.0,0.0,0.2,0.25,0.14210526315789473,0.03202023608768971,456.5,61.0,0.13844100890535982,57.0,59.0,35.4,-23.6,0.6,25.0,11.0,-4.0,0.5296078431372521,21.0,7.0,-3.0,0.5,8.0,5.0,0.0,1.0,0.5,0.5841666666666546,0.5,0.5296078431372521,0.0,0.0,0.5,0.5296078431372521,0.27280701754385966,0.12362262688880239,888.0999999999985,153.04999999999927,0.4057796230394083
late_time_delay,0.4,unrepaired,57.0,59.0,35.7375,-23.2625,0.6057203389830509,16.085,4.908125,-11.176875,0.2800621256441314,12.993125,3.15625,-9.836875,0.22980944392663902,3.091875,1.751875,-1.34,0.5887315210654848,0.22824838595712033,0.308186498746926,0.22980944392663902,0.2800621256441314,0.0012892790362938988,0.001281455509645173,0.22980944392663902,0.2800621256441314,0.15266209795321636,0.04301296097720058,492.344375,69.79625,0.17115811032435677,0.0,0.0,2.3720656437931176,2.3720656437931185,0.04020450243717147,8.383222375738788,6.980883166189393,4.835499106876225,0.14341450888227053,5.734883023181949,3.8308293019686124,4.317427503229252,0.15225676402637528,3.8347885319229587,3.402907980065729,1.5385213487294516,0.368113210089334,0.15047642278915938,0.14963140126428837,0.15225676402637528,0.14341450888227053,0.009202697755742568,0.008320053772961307,0.15225676402637528,0.14341450888227053,0.07266413949797529,0.04431392112702337,239.04792359529173,43.179060467910084,0.14805447956950968,57.0,59.0,35.4,-23.6,0.6,6.0,1.0,-18.0,0.1,5.0,0.0,-17.0,0.0,0.0,0.0,-4.0,0.0,0.0,0.11764705882352941,0.0,0.1,0.0,0.0,0.0,0.1,0.05203216374269007,0.0,157.0,11.0,0.031941543706747656,57.0,59.0,35.4,-23.6,0.6,16.0,4.0,-11.0,0.25,13.0,2.0,-10.0,0.2,2.0,1.0,-1.0,0.5,0.2,0.2857142857142857,0.2,0.25,0.0,0.0,0.2,0.25,0.14210526315789473,0.03202023608768971,456.5,61.0,0.13844100890535982,57.0,59.0,35.4,-23.6,0.6,25.0,11.0,-4.0,0.5296078431372521,21.0,7.0,-3.0,0.5,8.0,5.0,0.0,1.0,0.5,0.5841666666666546,0.5,0.5296078431372521,0.0,0.0,0.5,0.5296078431372521,0.27280701754385966,0.12362262688880239,888.0999999999985,153.04999999999927,0.4057796230394083
late_time_delay,0.5,repaired,57.0,59.0,30.1815625,-28.8184375,0.511551906779661,16.085,4.005,-12.08,0.22465412643880425,12.993125,2.3925,-10.600625,0.1727967248308672,3.091875,1.6125,-1.479375,0.5429222066757476,0.17108489162402038,0.2503520172240937,0.1727967248308672,0.22465412643880425,0.0009117277905500915,0.0008333615748314627,0.1727967248308672,0.22465412643880425,0.1520926535087719,0.019462288666131918,492.344375,43.2975,0.11219863632964416,0.0,0.0,3.3278759713965926,3.3278759713965926,0.05640467748129814,8.383222375738788,6.750116499331494,5.149175383053626,0.1326021242339738,5.734883023181949,3.576904162849761,4.577246340145864,0.1318457742336245,3.8347885319229587,3.338119259405189,1.628570039758316,0.37265535016395807,0.1313727395676527,0.13937510472115605,0.1318457742336245,0.1326021242339738,0.009443406227172864,0.00651733400530968,0.1318457742336245,0.1326021242339738,0.07195992582106298,0.03430809663560409,239.04792359529173,27.84708171420301,0.11217320839040684,57.0,59.0,29.5,-29.5,0.5,6.0,1.0,-20.0,0.06666666666666667,5.0,0.0,-18.0,0.0,0.0,0.0,-4.0,0.0,0.0,0.07692307692307693,0.0,0.06666666666666667,0.0,0.0,0.0,0.06666666666666667,0.051154970760233925,0.0,157.0,5.9500000000000455,0.012978687978687987,57.0,59.0,29.5,-29.5,0.5,16.0,3.0,-12.0,0.2,13.0,2.0,-10.0,0.15,2.0,1.0,-1.0,0.5,0.15,0.23076923076923078,0.15,0.2,0.0,0.0,0.15,0.2,0.1415204678362573,0.006071665560716656,456.5,38.0,0.08404987579109244,57.0,59.0,34.0,-25.0,0.576271186440678,25.0,9.0,-4.0,0.45454545454545453,21.0,5.0,-4.0,0.38113553113552845,8.0,4.0,0.0,1.0,0.3684210526315789,0.5,0.38113553113552845,0.45454545454545453,0.0,0.0,0.38113553113552845,0.45454545454545453,0.27280701754385966,0.08282908704883188,888.0999999999985,92.04999999999927,0.29162761589302766
late_time_delay,0.5,unrepaired,57.0,59.0,30.1815625,-28.8184375,0.511551906779661,16.085,4.005,-12.08,0.22465412643880425,12.993125,2.3925,-10.600625,0.1727967248308672,3.091875,1.6125,-1.479375,0.5429222066757476,0.17108489162402038,0.2503520172240937,0.1727967248308672,0.22465412643880425,0.0009117277905500915,0.0008333615748314627,0.1727967248308672,0.22465412643880425,0.1520926535087719,0.019462288666131918,492.344375,43.2975,0.11219863632964416,0.0,0.0,3.3278759713965926,3.3278759713965926,0.05640467748129814,8.383222375738788,6.750116499331494,5.149175383053626,0.1326021242339738,5.734883023181949,3.576904162849761,4.577246340145864,0.1318457742336245,3.8347885319229587,3.338119259405189,1.628570039758316,0.37265535016395807,0.1313727395676527,0.13937510472115605,0.1318457742336245,0.1326021242339738,0.009443406227172864,0.00651733400530968,0.1318457742336245,0.1326021242339738,0.07195992582106298,0.03430809663560409,239.04792359529173,27.84708171420301,0.11217320839040684,57.0,59.0,29.5,-29.5,0.5,6.0,1.0,-20.0,0.06666666666666667,5.0,0.0,-18.0,0.0,0.0,0.0,-4.0,0.0,0.0,0.07692307692307693,0.0,0.06666666666666667,0.0,0.0,0.0,0.06666666666666667,0.051154970760233925,0.0,157.0,5.9500000000000455,0.012978687978687987,57.0,59.0,29.5,-29.5,0.5,16.0,3.0,-12.0,0.2,13.0,2.0,-10.0,0.15,2.0,1.0,-1.0,0.5,0.15,0.23076923076923078,0.15,0.2,0.0,0.0,0.15,0.2,0.1415204678362573,0.006071665560716656,456.5,38.0,0.08404987579109244,57.0,59.0,34.0,-25.0,0.576271186440678,25.0,9.0,-4.0,0.45454545454545453,21.0,5.0,-4.0,0.38113553113552845,8.0,4.0,0.0,1.0,0.3684210526315789,0.5,0.38113553113552845,0.45454545454545453,0.0,0.0,0.38113553113552845,0.45454545454545453,0.27280701754385966,0.08282908704883188,888.0999999999985,92.04999999999927,0.29162761589302766
late_time_delay,0.6,repaired,57.0,59.0,24.86975,-34.13025,0.421521186440678,16.085,3.36625,-12.71875,0.18762107004370934,12.993125,1.911875,-11.08125,0.13790355620390898,3.091875,1.454375,-1.6375,0.499858378143169,0.13825741939589067,0.21331228796281396,0.13790355620390898,0.18762107004370934,0.000820580886597315,0.0008602502524983223,0.13790355620390898,0.18762107004370934,0.14956451023391812,0.012282317831625113,492.344375,28.05,0.07644010547811328,0.0,0.0,4.606024414156575,4.606024414156579,0.0780682104094334,8.383222375738788,6.483323841248558,5.407423226604516,0.12529763391221965,5.734883023181949,3.3563094367459123,4.745635468880874,0.12156503075549244,3.8347885319229587,3.2572736258782506,1.7677780021658696,0.37934673914347566,0.12464104715091426,0.13551243676825828,0.12156503075549244,0.12529763391221965,0.007296530170562698,0.0064398530072005125,0.12156503075549244,0.12529763391221965,0.07102301405039894,0.027375000005526073,239.04792359529173,19.45626272270562,0.08984547154764126,57.0,59.0,23.6,-35.4,0.4,6.0,1.0,-21.0,0.05555555555555555,5.0,0.0,-19.0,0.0,0.0,0.0,-5.0,0.0,0.0,0.06666666666666667,0.0,0.05555555555555555,0.0,0.0,0.0,0.05555555555555555,0.04912280701754386,0.0,157.0,2.0,0.004108668207827134,57.0,59.0,23.6,-35.4,0.4,16.0,2.0,-12.0,0.16666666666666666,13.0,1.0,-11.0,0.11764705882352941,2.0,1.0,-1.0,0.5,0.11764705882352941,0.18181818181818182,0.11764705882352941,0.16666666666666666,0.0,0.0,0.11764705882352941,0.16666666666666666,0.13845029239766082,0.0,456.5,26.0,0.053774633928193726,57.0,59.0,34.0,-25.0,0.576271186440678,25.0,8.0,-5.0,0.39285714285714285,21.0,4.0,-4.0,0.3333333333333333,8.0,4.0,0.0,1.0,0.3333333333333333,0.42857142857142855,0.3333333333333333,0.39285714285714285,0.0,0.0,0.3333333333333333,0.39285714285714285,0.2669590643274854,0.05650517757398237,888.0999999999985,59.0,0.23026315789473684
late_time_delay,0.6,unrepaired,57.0,59.0,24.86975,-34.13025,0.421521186440678,16.085,3.36625,-12.71875,0.18762107004370934,12.993125,1.911875,-11.08125,0.13790355620390898,3.091875,1.454375,-1.6375,0.499858378143169,0.13825741939589067,0.21331228796281396,0.13790355620390898,0.18762107004370934,0.000820580886597315,0.0008602502524983223,0.13790355620390898,0.18762107004370934,0.14956451023391812,0.012282317831625113,492.344375,28.05,0.07644010547811328,0.0,0.0,4.606024414156575,4.606024414156579,0.0780682104094334,8.383222375738788,6.483323841248558,5.407423226604516,0.12529763391221965,5.734883023181949,3.3563094367459123,4.745635468880874,0.12156503075549244,3.8347885319229587,3.2572736258782506,1.7677780021658696,0.37934673914347566,0.12464104715091426,0.13551243676825828,0.12156503075549244,0.12529763391221965,0.007296530170562698,0.0064398530072005125,0.12156503075549244,0.12529763391221965,0.07102301405039894,0.027375000005526073,239.04792359529173,19.45626272270562,0.08984547154764126,57.0,59.0,23.6,-35.4,0.4,6.0,1.0,-21.0,0.05555555555555555,5.0,0.0,-19.0,0.0,0.0,0.0,-5.0,0.0,0.0,0.06666666666666667,0.0,0.05555555555555555,0.0,0.0,0.0,0.05555555555555555,0.04912280701754386,0.0,157.0,2.0,0.004108668207827134,57.0,59.0,23.6,-35.4,0.4,16.0,2.0,-12.0,0.16666666666666666,13.0,1.0,-11.0,0.11764705882352941,2.0,1.0,-1.0,0.5,0.11764705882352941,0.18181818181818182,0.11764705882352941,0.16666666666666666,0.0,0.0,0.11764705882352941,0.16666666666666666,0.13845029239766082,0.0,456.5,26.0,0.053774633928193726,57.0,59.0,34.0,-25.0,0.576271186440678,25.0,8.0,-5.0,0.39285714285714285,21.0,4.0,-4.0,0.3333333333333333,8.0,4.0,0.0,1.0,0.3333333333333333,0.42857142857142855,0.3333333333333333,0.39285714285714285,0.0,0.0,0.3333333333333333,0.39285714285714285,0.2669590643274854,0.05650517757398237,888.0999999999985,59.0,0.23026315789473684
late_time_delay,0.7,repaired,57.0,59.0,19.805625000000003,-39.194375,0.33568855932203395,16.085,2.695,-13.39,0.15102108741010986,12.993125,1.555625,-11.4375,0.1132177172788957,3.091875,1.139375,-1.9525,0.41274673800601713,0.11607730137941451,0.17605954690306871,0.1132177172788957,0.15102108741010986,0.0009881506398872885,0.000711488818806548,0.1132177172788957,0.15102108741010986,0.14795376461988302,0.00724444670248541,492.344375,18.29625,0.052911330579602636,0.0,0.0,6.167609611704948,6.1676096117049495,0.10453575613059199,8.383222375738788,5.54719732949787,5.728215322259949,0.10893365119396094,5.734883023181949,2.8818266632783978,4.866859782781831,0.10978327888175658,3.8347885319229587,2.801640623592091,2.114952319546975,0.38319492770281754,0.11823277459776914,0.12301931811289393,0.10978327888175658,0.10893365119396094,0.008649026401105257,0.006410383882922483,0.10978327888175658,0.10893365119396094,0.07040976939804325,0.022689315725196724,239.04792359529173,14.27322559017572,0.07561468598421187,57.0,59.0,17.700000000000003,-41.3,0.30000000000000004,6.0,1.0,-22.0,0.05,5.0,0.0,-19.0,0.0,0.0,0.0,-6.0,0.0,0.0,0.05555555555555555,0.0,0.05,0.0,0.0,0.0,0.05,0.04883040935672515,0.0,157.0,0.0,0.0,57.0,59.0,17.700000000000003,-41.3,0.30000000000000004,16.0,2.0,-13.0,0.125,13.0,1.0,-11.0,0.1,2.0,1.0,-1.0,0.3333333333333333,0.1,0.14285714285714285,0.1,0.125,0.0,0.0,0.1,0.125,0.13654970760233917,0.0,456.5,16.0,0.034676890401973956,57.0,59.0,34.0,-25.0,0.576271186440678,25.0,6.0,-5.0,0.3333333333333333,21.0,4.0,-4.0,0.26666666666666666,8.0,3.0,0.0,1.0,0.26666666666666666,0.375,0.26666666666666666,0.3333333333333333,0.0,0.0,0.26666666666666666,0.3333333333333333,0.2646198830409357,0.039845277790667544,888.0999999999985,39.04999999999927,0.16912316495473886
late_time_delay,0.7,unrepaired,57.0,59.0,19.805625000000003,-39.194375,0.33568855932203395,16.085,2.695,-13.39,0.15102108741010986,12.993125,1.555625,-11.4375,0.1132177172788957,3.091875,1.139375,-1.9525,0.41274673800601713,0.11607730137941451,0.17605954690306871,0.1132177172788957,0.15102108741010986,0.0009881506398872885,0.000711488818806548,0.1132177172788957,0.15102108741010986,0.14795376461988302,0.00724444670248541,492.344375,18.29625,0.052911330579602636,0.0,0.0,6.167609611704948,6.1676096117049495,0.10453575613059199,8.383222375738788,5.54719732949787,5.728215322259949,0.10893365119396094,5.734883023181949,2.8818266632783978,4.866859782781831,0.10978327888175658,3.8347885319229587,2.801640623592091,2.114952319546975,0.38319492770281754,0.11823277459776914,0.12301931811289393,0.10978327888175658,0.10893365119396094,0.008649026401105257,0.006410383882922483,0.10978327888175658,0.10893365119396094,0.07040976939804325,0.022689315725196724,239.04792359529173,14.27322559017572,0.07561468598421187,57.0,59.0,17.700000000000003,-41.3,0.30000000000000004,6.0,1.0,-22.0,0.05,5.0,0.0,-19.0,0.0,0.0,0.0,-6.0,0.0,0.0,0.05555555555555555,0.0,0.05,0.0,0.0,0.0,0.05,0.04883040935672515,0.0,157.0,0.0,0.0,57.0,59.0,17.700000000000003,-41.3,0.30000000000000004,16.0,2.0,-13.0,0.125,13.0,1.0,-11.0,0.1,2.0,1.0,-1.0,0.3333333333333333,0.1,0.14285714285714285,0.1,0.125,0.0,0.0,0.1,0.125,0.13654970760233917,0.0,456.5,16.0,0.034676890401973956,57.0,59.0,34.0,-25.0,0.576271186440678,25.0,6.0,-5.0,0.3333333333333333,21.0,4.0,-4.0,0.26666666666666666,8.0,3.0,0.0,1.0,0.26666666666666666,0.375,0.26666666666666666,0.3333333333333333,0.0,0.0,0.26666666666666666,0.3333333333333333,0.2646198830409357,0.039845277790667544,888.0999999999985,39.04999999999927,0.16912316495473886
late_time_delay,0.8,repaired,57.0,59.0,15.263249999999998,-43.73675,0.25869915254237286,16.085,2.1,-13.985,0.12114813306683488,12.993125,1.213125,-11.78,0.0915618823377784,3.091875,0.886875,-2.205,0.3476166632685985,0.09738533064844437,0.1470703589092273,0.0915618823377784,0.12114813306683488,0.0009232783013984639,0.000747411414904366,0.0915618823377784,0.12114813306683488,0.1467043128654971,0.004465650302914722,492.344375,11.853125,0.03789155404166218,0.0,0.0,7.905564847607188,7.905564847607186,0.13399262453571517,8.383222375738788,4.511792578013399,6.084475228187313,0.09168139137930807,5.734883023181949,2.346656538392822,5.023139157482825,0.09741317904993758,3.8347885319229587,2.311257580593351,2.375305797124205,0.3819434311167867,0.1136185580918959,0.11573758003797312,0.09741317904993758,0.09168139137930807,0.009618747116461079,0.007692791515685233,0.09741317904993758,0.09168139137930807,0.06975354080408998,0.020385099567703825,239.04792359529173,11.244363253023092,0.06709484153519342,57.0,59.0,11.799999999999997,-47.2,0.19999999999999996,6.0,1.0,-23.0,0.045454545454545456,5.0,0.0,-20.0,0.0,0.0,0.0,-6.0,0.0,0.0,0.05263157894736842,0.0,0.045454545454545456,0.0,0.0,0.0,0.045454545454545456,0.04881578947368422,0.0,157.0,0.0,0.0,57.0,59.0,11.799999999999997,-47.2,0.19999999999999996,16.0,1.0,-14.0,0.1,13.0,1.0,-11.0,0.07142857142857142,2.0,1.0,-2.0,0.25,0.07142857142857142,0.11764705882352941,0.07142857142857142,0.1,0.0,0.0,0.07142857142857142,0.1,0.1358187134502924,0.0,456.5,10.0,0.018790054243743783,57.0,59.0,34.0,-25.0,0.576271186440678,25.0,4.0,-5.0,0.25,21.0,3.0,-4.0,0.25,8.0,2.0,0.0,1.0,0.25,0.3333333333333333,0.25,0.25,0.0,0.0,0.25,0.25,0.2623099415204674,0.02548587293810212,888.0999999999985,35.0,0.1623457792207791
late_time_delay,0.8,unrepaired,57.0,59.0,15.263249999999998,-43.73675,0.25869915254237286,16.085,2.1,-13.985,0.12114813306683488,12.993125,1.213125,-11.78,0.0915618823377784,3.091875,0.886875,-2.205,0.3476166632685985,0.09738533064844437,0.1470703589092273,0.0915618823377784,0.12114813306683488,0.0009232783013984639,0.000747411414904366,0.0915618823377784,0.12114813306683488,0.1467043128654971,0.004465650302914722,492.344375,11.853125,0.03789155404166218,0.0,0.0,7.905564847607188,7.905564847607186,0.13399262453571517,8.383222375738788,4.511792578013399,6.084475228187313,0.09168139137930807,5.734883023181949,2.346656538392822,5.023139157482825,0.09741317904993758,3.8347885319229587,2.311257580593351,2.375305797124205,0.3819434311167867,0.1136185580918959,0.11573758003797312,0.09741317904993758,0.09168139137930807,0.009618747116461079,0.007692791515685233,0.09741317904993758,0.09168139137930807,0.06975354080408998,0.020385099567703825,239.04792359529173,11.244363253023092,0.06709484153519342,57.0,59.0,11.799999999999997,-47.2,0.19999999999999996,6.0,1.0,-23.0,0.045454545454545456,5.0,0.0,-20.0,0.0,0.0,0.0,-6.0,0.0,0.0,0.05263157894736842,0.0,0.045454545454545456,0.0,0.0,0.0,0.045454545454545456,0.04881578947368422,0.0,157.0,0.0,0.0,57.0,59.0,11.799999999999997,-47.2,0.19999999999999996,16.0,1.0,-14.0,0.1,13.0,1.0,-11.0,0.07142857142857142,2.0,1.0,-2.0,0.25,0.07142857142857142,0.11764705882352941,0.07142857142857142,0.1,0.0,0.0,0.07142857142857142,0.1,0.1358187134502924,0.0,456.5,10.0,0.018790054243743783,57.0,59.0,34.0,-25.0,0.576271186440678,25.0,4.0,-5.0,0.25,21.0,3.0,-4.0,0.25,8.0,2.0,0.0,1.0,0.25,0.3333333333333333,0.25,0.25,0.0,0.0,0.25,0.25,0.2623099415204674,0.02548587293810212,888.0999999999985,35.0,0.1623457792207791
late_time_delay,0.9,repaired,57.0,59.0,11.8766875,-47.1233125,0.2012997881355932,16.085,1.454375,-14.630625,0.09489900897716891,12.993125,0.835625,-12.1575,0.06975616883235729,3.091875,0.61875,-2.473125,0.29794714845106374,0.0781089559358032,0.1250527466437193,0.06975616883235729,0.09489900897716891,0.0011956801175551175,0.0009321422054945315,0.06975616883235729,0.09489900897716891,0.1458199926900585,0.003386480622936954,492.344375,8.0,0.028163410714973667,0.0,0.0,9.646709488996317,9.646709488996327,0.16350355066095473,8.383222375738788,2.297715893669298,7.1539245015663155,0.0640205682629076,5.734883023181949,1.2658815161285064,5.347848279221847,0.07680618398824629,3.8347885319229587,1.252895265638421,3.0781276636527957,0.37075528443251576,0.10219358665854851,0.10849967034742833,0.07680618398824629,0.0640205682629076,0.011365744353718291,0.009039479906798119,0.07680618398824629,0.0640205682629076,0.06955769781949334,0.019704977733787602,239.04792359529173,10.129605770071512,0.06252593180883922,57.0,59.0,5.899999999999999,-53.1,0.09999999999999998,6.0,1.0,-23.049999999999955,0.043478260869565216,5.0,0.0,-20.0,0.0,0.0,0.0,-7.0,0.0,0.0,0.05,0.0,0.043478260869565216,0.0,0.0,0.0,0.043478260869565216,0.04852339181286551,0.0,157.0,0.0,0.0,57.0,59.0,7.0,-52.0,0.11864406779661017,16.0,1.0,-15.0,0.07692307692307693,13.0,1.0,-12.0,0.058823529411764705,2.0,0.0,-2.0,0.14285714285714285,0.0625,0.1,0.058823529411764705,0.07692307692307693,0.0,0.0,0.058823529411764705,0.07692307692307693,0.1347953216374269,0.0,456.5,4.0,0.00835721298520925,57.0,59.0,34.0,-25.0,0.576271186440678,25.0,3.0,-5.0,0.2,21.0,2.0,-4.0,0.2,8.0,1.0,0.0,1.0,0.25,0.25,0.2,0.2,0.0,0.0,0.2,0.2,0.26084795321637383,0.0169971671388102,888.0999999999985,32.0,0.11328946673008707
late_time_delay,0.9,unrepaired,57.0,59.0,11.8766875,-47.1233125,0.2012997881355932,16.085,1.454375,-14.630625,0.09489900897716891,12.993125,0.835625,-12.1575,0.06975616883235729,3.091875,0.61875,-2.473125,0.29794714845106374,0.0781089559358032,0.1250527466437193,0.06975616883235729,0.09489900897716891,0.0011956801175551175,0.0009321422054945315,0.06975616883235729,0.09489900897716891,0.1458199926900585,0.003386480622936954,492.344375,8.0,0.028163410714973667,0.0,0.0,9.646709488996317,9.646709488996327,0.16350355066095473,8.383222375738788,2.297715893669298,7.1539245015663155,0.0640205682629076,5.734883023181949,1.2658815161285064,5.347848279221847,0.07680618398824629,3.8347885319229587,1.252895265638421,3.0781276636527957,0.37075528443251576,0.10219358665854851,0.10849967034742833,0.07680618398824629,0.0640205682629076,0.011365744353718291,0.009039479906798119,0.07680618398824629,0.0640205682629076,0.06955769781949334,0.019704977733787602,239.04792359529173,10.129605770071512,0.06252593180883922,57.0,59.0,5.899999999999999,-53.1,0.09999999999999998,6.0,1.0,-23.049999999999955,0.043478260869565216,5.0,0.0,-20.0,0.0,0.0,0.0,-7.0,0.0,0.0,0.05,0.0,0.043478260869565216,0.0,0.0,0.0,0.043478260869565216,0.04852339181286551,0.0,157.0,0.0,0.0,57.0,59.0,7.0,-52.0,0.11864406779661017,16.0,1.0,-15.0,0.07692307692307693,13.0,1.0,-12.0,0.058823529411764705,2.0,0.0,-2.0,0.14285714285714285,0.0625,0.1,0.058823529411764705,0.07692307692307693,0.0,0.0,0.058823529411764705,0.07692307692307693,0.1347953216374269,0.0,456.5,4.0,0.00835721298520925,57.0,59.0,34.0,-25.0,0.576271186440678,25.0,3.0,-5.0,0.2,21.0,2.0,-4.0,0.2,8.0,1.0,0.0,1.0,0.25,0.25,0.2,0.2,0.0,0.0,0.2,0.2,0.26084795321637383,0.0169971671388102,888.0999999999985,32.0,0.11328946673008707
missing_events,0.0,repaired,57.0,59.0,59.0,0.0,1.0,16.085,16.085,0.0,1.0,12.993125,12.993125,0.0,1.0,3.091875,3.091875,0.0,1.0,1.0,1.0,1.0,1.0,1.0,1.0,1.0,1.0,0.0,1.0,492.344375,492.344375,1.0,0.0,0.0,0.0,0.0,0.0,8.383222375738788,8.383222375738788,0.0,0.0,5.734883023181949,5.734883023181949,0.0,0.0,3.8347885319229587,3.8347885319229587,0.0,0.0,0.0,0.0,0.0,0.0,0.0,0.0,0.0,0.0,0.0,0.0,239.04792359529173,239.04792359529173,0.0,57.0,59.0,59.0,0.0,1.0,6.0,6.0,0.0,1.0,5.0,5.0,0.0,1.0,0.0,0.0,0.0,1.0,1.0,1.0,1.0,1.0,1.0,1.0,1.0,1.0,0.0,1.0,157.0,157.0,1.0,57.0,59.0,59.0,0.0,1.0,16.0,16.0,0.0,1.0,13.0,13.0,0.0,1.0,2.0,2.0,0.0,1.0,1.0,1.0,1.0,1.0,1.0,1.0,1.0,1.0,0.0,1.0,456.5,456.5,1.0,57.0,59.0,59.0,0.0,1.0,25.0,25.0,0.0,1.0,21.0,21.0,0.0,1.0,8.0,8.0,0.0,1.0,1.0,1.0,1.0,1.0,1.0,1.0,1.0,1.0,0.0,1.0,888.0999999999985,888.0999999999985,1.0
missing_events,0.0,unrepaired,57.0,59.0,59.0,0.0,1.0,16.085,16.085,0.0,1.0,12.993125,12.993125,0.0,1.0,3.091875,3.091875,0.0,1.0,1.0,1.0,1.0,1.0,1.0,1.0,1.0,1.0,0.0,1.0,492.344375,492.344375,1.0,0.0,0.0,0.0,0.0,0.0,8.383222375738788,8.383222375738788,0.0,0.0,5.734883023181949,5.734883023181949,0.0,0.0,3.8347885319229587,3.8347885319229587,0.0,0.0,0.0,0.0,0.0,0.0,0.0,0.0,0.0,0.0,0.0,0.0,239.04792359529173,239.04792359529173,0.0,57.0,59.0,59.0,0.0,1.0,6.0,6.0,0.0,1.0,5.0,5.0,0.0,1.0,0.0,0.0,0.0,1.0,1.0,1.0,1.0,1.0,1.0,1.0,1.0,1.0,0.0,1.0,157.0,157.0,1.0,57.0,59.0,59.0,0.0,1.0,16.0,16.0,0.0,1.0,13.0,13.0,0.0,1.0,2.0,2.0,0.0,1.0,1.0,1.0,1.0,1.0,1.0,1.0,1.0,1.0,0.0,1.0,456.5,456.5,1.0,57.0,59.0,59.0,0.0,1.0,25.0,25.0,0.0,1.0,21.0,21.0,0.0,1.0,8.0,8.0,0.0,1.0,1.0,1.0,1.0,1.0,1.0,1.0,1.0,1.0,0.0,1.0,888.0999999999985,888.0999999999985,1.0
missing_events,0.05,repaired,57.0,59.0,59.0,0.0,1.0,16.085,15.718125,-0.366875,0.985308368640536,12.993125,12.7146875,-0.2784375,0.9855227624079101,3.091875,3.0034375,-0.0884375,0.9848920707304499,0.9878113264769977,0.989979252493043,0.9855227624079101,0.985308368640536,0.9855227624079101,0.985308368640536,0.9855227624079101,0.985308368640536,0.0029695540935672513,0.9844907506238386,492.344375,485.84025,0.9923893432636628,0.0,0.0,0.0,0.0,0.0,8.383222375738788,7.767251259060853,0.7281386344590827,0.023745269705988774,5.734883023181949,5.366372997639149,0.5086022275392303,0.02475994388975339,3.8347885319229587,3.593394316487314,0.3512463800097677,0.06963884119764266,0.024570888159325087,0.022404113740974858,0.02475994388975339,0.023745269705988774,0.02475994388975339,0.023745269705988774,0.02475994388975339,0.023745269705988774,0.0057994206132547825,0.033213076930253965,239.04792359529173,230.86689552673639,0.038050118188051485,57.0,59.0,59.0,0.0,1.0,6.0,6.0,-1.0,0.95,5.0,5.0,-1.0,0.9375,0.0,0.0,-1.0,0.875,0.9375,0.9411764705882353,0.9375,0.95,0.9375,0.95,0.9375,0.95,0.0,0.9223412659518162,157.0,157.0,0.9277736928104575,57.0,59.0,59.0,0.0,1.0,16.0,16.0,0.0,1.0,13.0,13.0,0.0,1.0,2.0,2.0,0.0,1.0,1.0,1.0,1.0,1.0,1.0,1.0,1.0,1.0,0.0,1.0,456.5,455.0,1.0,57.0,59.0,59.0,0.0,1.0,25.0,24.0,0.0,1.0,21.0,20.0,0.0,1.0,8.0,7.0,0.0,1.0,1.0,1.0,1.0,1.0,1.0,1.0,1.0,1.0,0.017543859649122806,1.0,888.0999999999985,861.0,1.016597510373444
missing_events,0.05,unrepaired,57.0,59.0,59.0,0.0,1.0,16.085,15.766875,-0.318125,0.986782159040552,12.993125,12.7430625,-0.2500625,0.9868227078655805,3.091875,3.0238125,-0.0680625,0.986886385974514,0.9878113264769977,0.989979252493043,0.9868227078655805,0.986782159040552,0.9868227078655805,0.986782159040552,0.9868227078655805,0.986782159040552,0.0029695540935672513,0.9844907506238386,492.344375,485.84025,0.9923893432636628,0.0,0.0,0.0,0.0,0.0,8.383222375738788,7.939078475793994,0.5379958869251669,0.020512497243592717,5.734883023181949,5.435992779353834,0.4561186784810559,0.02365136360241056,3.8347885319229587,3.6811299059772793,0.28294875833574584,0.0676332067654335,0.024570888159325087,0.022404113740974858,0.02365136360241056,0.020512497243592717,0.02365136360241056,0.020512497243592717,0.02365136360241056,0.020512497243592717,0.0057994206132547825,0.033213076930253965,239.04792359529173,230.86689552673639,0.038050118188051485,57.0,59.0,59.0,0.0,1.0,6.0,6.0,-1.0,0.95,5.0,5.0,-1.0,0.9411764705882353,0.0,0.0,-1.0,0.9090909090909091,0.9375,0.9411764705882353,0.9411764705882353,0.95,0.9411764705882353,0.95,0.9411764705882353,0.95,0.0,0.9223412659518162,157.0,157.0,0.9277736928104575,57.0,59.0,59.0,0.0,1.0,16.0,16.0,0.0,1.0,13.0,13.0,0.0,1.0,2.0,2.0,0.0,1.0,1.0,1.0,1.0,1.0,1.0,1.0,1.0,1.0,0.0,1.0,456.5,455.0,1.0,57.0,59.0,59.0,0.0,1.0,25.0,24.0,0.0,1.0,21.0,20.0,0.0,1.0,8.0,7.0,0.0,1.0,1.0,1.0,1.0,1.0,1.0,1.0,1.0,1.0,0.017543859649122806,1.0,888.0999999999985,861.0,1.016597510373444
missing_events,0.1,repaired,57.0,59.0,59.0,0.0,1.0,16.085,14.7891875,-1.2958125,0.9308327440121321,12.993125,11.9796875,-1.0134375,0.9316650240767683,3.091875,2.8095,-0.282375,0.9308406822463164,0.9392330842204769,0.9504143220292607,0.9316650240767683,0.9308327440121321,0.9316650240767683,0.9308327440121321,0.9316650240767683,0.9308327440121321,0.011575127923976608,0.9264702157448302,492.344375,466.6996875,0.9617673158614592,0.0,0.0,0.0,0.0,0.0,8.383222375738788,7.198167054216126,1.2946668393771492,0.039041552945831295,5.734883023181949,5.034156714208237,0.8731005541344327,0.04603343739117098,3.8347885319229587,3.333471051595946,0.6790936477293825,0.1651203527006434,0.04853549334965456,0.04713988100331561,0.04603343739117098,0.039041552945831295,0.04603343739117098,0.039041552945831295,0.04603343739117098,0.039041552945831295,0.009831715817263787,0.06545623736927778,239.04792359529173,219.12817869302202,0.09252291035873791,57.0,59.0,59.0,0.0,1.0,6.0,6.0,-3.0,0.875,5.0,5.0,-2.0,0.875,0.0,0.0,-1.0,0.5,0.875,0.875,0.875,0.875,0.875,0.875,0.875,0.875,0.0,0.81,157.0,152.0,0.8414162428725536,57.0,59.0,59.0,0.0,1.0,16.0,15.0,-1.0,0.9230769230769231,13.0,12.0,-1.0,0.9230769230769231,2.0,2.0,0.0,1.0,0.9333333333333333,0.9411764705882353,0.9230769230769231,0.9230769230769231,0.9230769230769231,0.9230769230769231,0.9230769230769231,0.9230769230769231,0.012573099415204679,0.9272461355181817,456.5,435.0,0.9594882729211087,57.0,59.0,59.0,0.0,1.0,25.0,23.0,0.0,1.0,21.0,19.0,0.0,1.0,8.0,7.0,0.0,1.0,1.0,1.0,1.0,1.0,1.0,1.0,1.0,1.0,0.03070175438596491,1.0,888.0999999999985,827.0,1.108974358974359
missing_events,0.1,unrepaired,57.0,59.0,59.0,0.0,1.0,16.085,14.90625,-1.17875,0.9351923246854221,12.993125,12.0535625,-0.9395625,0.9358245185104406,3.091875,2.8526875,-0.2391875,0.9359826207140743,0.9392330842204769,0.9504143220292607,0.9358245185104406,0.9351923246854221,0.9358245185104406,0.9351923246854221,0.9358245185104406,0.9351923246854221,0.011575127923976608,0.9264702157448302,492.344375,466.6996875,0.9617673158614592,0.0,0.0,0.0,0.0,0.0,8.383222375738788,7.525772436479372,0.9141119529583959,0.03362980103745079,5.734883023181949,5.171096578442789,0.7532066556466305,0.04532544610841902,3.8347885319229587,3.4895913235390643,0.5531690199130262,0.16306179277305777,0.04853549334965456,0.04713988100331561,0.04532544610841902,0.03362980103745079,0.04532544610841902,0.03362980103745079,0.04532544610841902,0.03362980103745079,0.009831715817263787,0.06545623736927778,239.04792359529173,219.12817869302202,0.09252291035873791,57.0,59.0,59.0,0.0,1.0,6.0,6.0,-2.0,0.9,5.0,5.0,-2.0,0.875,0.0,0.0,-1.0,0.6,0.875,0.875,0.875,0.9,0.875,0.9,0.875,0.9,0.0,0.81,157.0,152.0,0.8414162428725536,57.0,59.0,59.0,0.0,1.0,16.0,15.0,-1.0,0.9259259259259259,13.0,12.0,-1.0,0.9285714285714286,2.0,2.0,0.0,1.0,0.9333333333333333,0.9411764705882353,0.9285714285714286,0.9259259259259259,0.9285714285714286,0.9259259259259259,0.9285714285714286,0.9259259259259259,0.012573099415204679,0.9272461355181817,456.5,435.0,0.9594882729211087,57.0,59.0,59.0,0.0,1.0,25.0,23.0,0.0,1.0,21.0,19.0,0.0,1.0,8.0,7.0,0.0,1.0,1.0,1.0,1.0,1.0,1.0,1.0,1.0,1.0,0.03070175438596491,1.0,888.0999999999985,827.0,1.108974358974359
missing_events,0.15,repaired,57.0,59.0,59.0,0.0,1.0,16.085,13.9815625,-2.1034375,0.8828557264677536,12.993125,11.338875,-1.65425,0.8841135761551921,3.091875,2.6426875,-0.4491875,0.885604767702591,0.8949398814837133,0.9142969629710711,0.8841135761551921,0.8828557264677536,0.8841135761551921,0.8828557264677536,0.8841135761551921,0.8828557264677536,0.01900798611111111,0.8757222773577049,492.344375,449.5563125,0.93541421800824,0.0,0.0,0.0,0.0,0.0,8.383222375738788,6.643660978560211,1.8522155928796227,0.044626120119586304,5.734883023181949,4.69488193186442,1.2278237493416841,0.05678023932306268,3.8347885319229587,3.092185776784545,0.9495259026528654,0.21198125408364213,0.060364654711272676,0.060932651642719694,0.05678023932306268,0.044626120119586304,0.05678023932306268,0.044626120119586304,0.05678023932306268,0.044626120119586304,0.013386332892853816,0.08260956155973459,239.04792359529173,207.787047045671,0.17054786197847585,57.0,59.0,59.0,0.0,1.0,6.0,6.0,-4.0,0.8157894736842105,5.0,4.0,-3.0,0.8,0.0,0.0,-2.0,0.5,0.8125,0.8333333333333334,0.8,0.8157894736842105,0.8,0.8157894736842105,0.8,0.8157894736842105,0.0,0.7394316133769442,157.0,146.0,0.7790188007564801,57.0,59.0,59.0,0.0,1.0,16.0,14.0,-2.0,0.875,13.0,11.0,-2.0,0.875,2.0,2.0,0.0,1.0,0.8888888888888888,0.9,0.875,0.875,0.875,0.875,0.875,0.875,0.017543859649122806,0.875,456.5,424.0,0.911203495547915,57.0,59.0,59.0,0.0,1.0,25.0,22.0,0.0,1.0,21.0,18.0,0.0,1.0,8.0,7.0,0.0,1.0,1.0,1.0,1.0,1.0,1.0,1.0,1.0,1.0,0.043859649122807015,1.0,888.0999999999985,792.0,1.153416538985359
missing_events,0.15,unrepaired,57.0,59.0,59.0,0.0,1.0,16.085,14.148125,-1.936875,0.8891298541730264,12.993125,11.4376875,-1.5554375,0.8896838795291943,3.091875,2.7104375,-0.3814375,0.8939284146350912,0.8949398814837133,0.9142969629710711,0.8896838795291943,0.8891298541730264,0.8896838795291943,0.8891298541730264,0.8896838795291943,0.8891298541730264,0.01900798611111111,0.8757222773577049,492.344375,449.5563125,0.93541421800824,0.0,0.0,0.0,0.0,0.0,8.383222375738788,7.098280290557521,1.3211734663105383,0.03688949017655186,5.734883023181949,4.875343855919381,1.054038007308705,0.055700287014826384,3.8347885319229587,3.3318215548365275,0.7469791209978385,0.20940273446371538,0.060364654711272676,0.060932651642719694,0.055700287014826384,0.03688949017655186,0.055700287014826384,0.03688949017655186,0.055700287014826384,0.03688949017655186,0.013386332892853816,0.08260956155973459,239.04792359529173,207.787047045671,0.17054786197847585,57.0,59.0,59.0,0.0,1.0,6.0,6.0,-3.0,0.85,5.0,4.0,-3.0,0.8181818181818182,0.0,0.0,-2.0,0.5,0.8125,0.8333333333333334,0.8181818181818182,0.85,0.8181818181818182,0.85,0.8181818181818182,0.85,0.0,0.7394316133769442,157.0,146.0,0.7790188007564801,57.0,59.0,59.0,0.0,1.0,16.0,14.0,-2.0,0.8823529411764706,13.0,11.0,-1.0,0.875,2.0,2.0,0.0,1.0,0.8888888888888888,0.9,0.875,0.8823529411764706,0.875,0.8823529411764706,0.875,0.8823529411764706,0.017543859649122806,0.875,456.5,424.0,0.911203495547915,57.0,59.0,59.0,0.0,1.0,25.0,22.0,0.0,1.0,21.0,18.0,0.0,1.0,8.0,7.0,0.0,1.0,1.0,1.0,1.0,1.0,1.0,1.0,1.0,1.0,0.043859649122807015,1.0,888.0999999999985,792.0,1.153416538985359
missing_events,0.2,repaired,57.0,59.0,59.0,0.0,1.0,16.085,13.04025,-3.04475,0.8212429833270902,12.993125,10.5825625,-2.4105625,0.8221582540077337,3.091875,2.4576875,-0.6341875,0.8279799891774491,0.8371720687234727,0.8656424704112807,0.8221582540077337,0.8212429833270902,0.8221582540077337,0.8212429833270902,0.8221582540077337,0.8212429833270902,0.027781962719298246,0.8124839870728044,492.344375,427.3165625,0.8925972086551497,0.0,0.0,0.0,0.0,0.0,8.383222375738788,6.175497023334867,2.3457602924125305,0.041478914834468084,5.734883023181949,4.433315556840106,1.5234076873181779,0.061791257542505626,3.8347885319229587,2.8542238550010652,1.21154259296141,0.26025640064612,0.06853826076527313,0.07288339040841166,0.061791257542505626,0.041478914834468084,0.061791257542505626,0.041478914834468084,0.061791257542505626,0.041478914834468084,0.016550402024350146,0.09462484105570543,239.04792359529173,197.75227615214408,0.19272050682588432,57.0,59.0,59.0,0.0,1.0,6.0,5.0,-6.0,0.75,5.0,4.0,-4.0,0.7428571428571429,0.0,0.0,-2.0,0.3333333333333333,0.75,0.7690045248868781,0.7428571428571429,0.75,0.7428571428571429,0.75,0.7428571428571429,0.75,0.0011695906432748538,0.655868018967334,157.0,127.0,0.7,57.0,59.0,59.0,0.0,1.0,16.0,13.0,-3.0,0.8181818181818182,13.0,10.0,-2.0,0.8125,2.0,2.0,0.0,1.0,0.8333333333333334,0.8571428571428571,0.8125,0.8181818181818182,0.8125,0.8181818181818182,0.8125,0.8181818181818182,0.026900584795321637,0.8131313131313131,456.5,404.5,0.8605230386052304,57.0,59.0,59.0,0.0,1.0,25.0,20.0,-1.0,0.8888888888888888,21.0,17.0,-1.0,0.9375,8.0,6.0,0.0,1.0,1.0,1.0,0.9375,0.8888888888888888,0.9375,0.8888888888888888,0.9375,0.8888888888888888,0.056140350877192984,0.9835402221094762,888.0999999999985,755.0,1.1835458325689476
missing_events,0.2,unrepaired,57.0,59.0,59.0,0.0,1.0,16.085,13.25,-2.835,0.8293668238763183,12.993125,10.70675,-2.286375,0.8293923585126539,3.091875,2.54325,-0.548625,0.8388767090096949,0.8371720687234727,0.8656424704112807,0.8293923585126539,0.8293668238763183,0.8293923585126539,0.8293668238763183,0.8293923585126539,0.8293668238763183,0.027781962719298246,0.8124839870728044,492.344375,427.3165625,0.8925972086551497,0.0,0.0,0.0,0.0,0.0,8.383222375738788,6.722746812709383,1.6905483199546198,0.031239579583169048,5.734883023181949,4.638652741497639,1.308948602324672,0.06111170032042611,3.8347885319229587,3.158599845590059,0.9469380405302613,0.2581657335608465,0.06853826076527313,0.07288339040841166,0.06111170032042611,0.031239579583169048,0.06111170032042611,0.031239579583169048,0.06111170032042611,0.031239579583169048,0.016550402024350146,0.09462484105570543,239.04792359529173,197.75227615214408,0.19272050682588432,57.0,59.0,59.0,0.0,1.0,6.0,5.0,-5.0,0.8,5.0,4.0,-4.0,0.75,0.0,0.0,-2.0,0.3333333333333333,0.75,0.7690045248868781,0.75,0.8,0.75,0.8,0.75,0.8,0.0011695906432748538,0.655868018967334,157.0,127.0,0.7,57.0,59.0,59.0,0.0,1.0,16.0,13.0,-3.0,0.8235294117647058,13.0,11.0,-2.0,0.8181818181818182,2.0,2.0,0.0,1.0,0.8333333333333334,0.8571428571428571,0.8181818181818182,0.8235294117647058,0.8181818181818182,0.8235294117647058,0.8181818181818182,0.8235294117647058,0.026900584795321637,0.8131313131313131,456.5,404.5,0.8605230386052304,57.0,59.0,59.0,0.0,1.0,25.0,20.0,-1.0,0.8888888888888888,21.0,17.0,0.0,1.0,8.0,6.0,0.0,1.0,1.0,1.0,1.0,0.8888888888888888,1.0,0.8888888888888888,1.0,0.8888888888888888,0.056140350877192984,0.9835402221094762,888.0999999999985,755.0,1.1835458325689476
missing_events,0.25,repaired,57.0,59.0,59.0,0.0,1.0,16.085,12.217,-3.868,0.770323509262927,12.993125,9.9243125,-3.0688125,0.7716619769181396,3.091875,2.2926875,-0.7991875,0.7775866089001694,0.7886861926270977,0.825035922980297,0.7716619769181396,0.770323509262927,0.7716619769181396,0.770323509262927,0.7716619769181396,0.770323509262927,0.03552677266081872,0.7610060352542046,492.344375,407.9631875,0.8642585065084146,0.0,0.0,0.0,0.0,0.0,8.383222375738788,5.7167148391173335,2.802889939330603,0.03953587477091654,5.734883023181949,4.135882976807203,1.8262422586811877,0.0661434900657149,3.8347885319229587,2.6640833528815677,1.418797960095789,0.2906317420485188,0.07371003642670217,0.08090111330631683,0.0661434900657149,0.03953587477091654,0.0661434900657149,0.03953587477091654,0.0661434900657149,0.03953587477091654,0.020011513038092593,0.10185378347081513,239.04792359529173,185.64004375795434,0.315292788496504,57.0,59.0,59.0,0.0,1.0,6.0,5.0,-7.0,0.7,5.0,4.0,-5.0,0.6666666666666666,0.0,0.0,-3.0,0.0,0.6875,0.7142857142857143,0.6666666666666666,0.7,0.6666666666666666,0.7,0.6666666666666666,0.7,0.004970760233918129,0.5918367346938775,157.0,125.0,0.6568341442425446,57.0,59.0,59.0,0.0,1.0,16.0,12.0,-4.0,0.7727272727272727,13.0,10.0,-3.0,0.7647058823529411,2.0,2.0,0.0,1.0,0.7777777777777778,0.8095238095238095,0.7647058823529411,0.7727272727272727,0.7647058823529411,0.7727272727272727,0.7647058823529411,0.7727272727272727,0.03391812865497076,0.7623388494503668,456.5,388.0,0.8192920195634021,57.0,59.0,59.0,0.0,1.0,25.0,19.0,-1.0,0.8333333333333334,21.0,16.0,-1.0,0.8888888888888888,8.0,6.0,0.0,1.0,0.9230769230769231,1.0,0.8888888888888888,0.8333333333333334,0.8888888888888888,0.8333333333333334,0.8888888888888888,0.8333333333333334,0.0695906432748538,0.9365103342444732,888.0999999999985,716.0,1.197037106510692
missing_events,0.25,unrepaired,57.0,59.0,59.0,0.0,1.0,16.085,12.44625,-3.63875,0.7792744329251342,12.993125,10.0621875,-2.9309375,0.77981319931094,3.091875,2.3840625,-0.7078125,0.7888587834313656,0.7886861926270977,0.825035922980297,0.77981319931094,0.7792744329251342,0.77981319931094,0.7792744329251342,0.77981319931094,0.7792744329251342,0.03552677266081872,0.7610060352542046,492.344375,407.9631875,0.8642585065084146,0.0,0.0,0.0,0.0,0.0,8.383222375738788,6.295004974618921,2.112114403081242,0.026433543642777783,5.734883023181949,4.354481060806845,1.5882617958209937,0.06526723039856074,3.8347885319229587,2.9797841265239002,1.1316001932136062,0.28905222717077655,0.07371003642670217,0.08090111330631683,0.06526723039856074,0.026433543642777783,0.06526723039856074,0.026433543642777783,0.06526723039856074,0.026433543642777783,0.020011513038092593,0.10185378347081513,239.04792359529173,185.64004375795434,0.315292788496504,57.0,59.0,59.0,0.0,1.0,6.0,5.0,-6.0,0.75,5.0,4.0,-5.0,0.6875,0.0,0.0,-2.0,0.0,0.6875,0.7142857142857143,0.6875,0.75,0.6875,0.75,0.6875,0.75,0.004970760233918129,0.5918367346938775,157.0,125.0,0.6568341442425446,57.0,59.0,59.0,0.0,1.0,16.0,12.0,-4.0,0.7777777777777778,13.0,10.0,-3.0,0.7727272727272727,2.0,2.0,0.0,1.0,0.7777777777777778,0.8095238095238095,0.7727272727272727,0.7777777777777778,0.7727272727272727,0.7777777777777778,0.7727272727272727,0.7777777777777778,0.03391812865497076,0.7623388494503668,456.5,388.0,0.8192920195634021,57.0,59.0,59.0,0.0,1.0,25.0,19.0,-1.0,0.8333333333333334,21.0,16.0,-1.0,0.8888888888888888,8.0,6.0,0.0,1.0,0.9230769230769231,1.0,0.8888888888888888,0.8333333333333334,0.8888888888888888,0.8333333333333334,0.8888888888888888,0.8333333333333334,0.0695906432748538,0.9365103342444732,888.0999999999985,716.0,1.197037106510692
missing_events,0.3,repaired,57.0,59.0,59.0,0.0,1.0,16.085,11.437625,-4.647375,0.7234350586369611,12.993125,9.3001875,-3.6929375,0.7248602510441917,3.091875,2.1374375,-0.9544375,0.7315060903149029,0.7436681875003492,0.7855865092458585,0.7248602510441917,0.7234350586369611,0.7248602510441917,0.7234350586369611,0.7248602510441917,0.7234350586369611,0.042605519005847955,0.71589986755501,492.344375,388.356125,0.8264139619001727,0.0,0.0,0.0,0.0,0.0,8.383222375738788,5.2524597695010415,3.273064339233274,0.04333096474098351,5.734883023181949,3.8508442941067944,2.135693141621342,0.07210027254947482,3.8347885319229587,2.4741273239709587,1.6229683253934222,0.3105854888529328,0.07975797450271128,0.08722096050178697,0.07210027254947482,0.04333096474098351,0.07210027254947482,0.04333096474098351,0.07210027254947482,0.04333096474098351,0.023004636178416072,0.10613981264678024,239.04792359529173,175.3674821185384,0.28508890304192697,57.0,59.0,59.0,0.0,1.0,6.0,5.0,-8.0,0.6469639468690703,5.0,4.0,-6.0,0.6190476190476191,0.0,0.0,-3.0,0.0,0.625,0.6666666666666666,0.6190476190476191,0.6469639468690703,0.6190476190476191,0.6469639468690703,0.6190476190476191,0.6469639468690703,0.008187134502923977,0.5397260070405326,157.0,124.0,0.6083185316053452,57.0,59.0,59.0,0.0,1.0,16.0,11.0,-4.0,0.7222222222222222,13.0,9.0,-4.0,0.7222222222222222,2.0,2.0,-1.0,0.8,0.7333333333333333,0.7692307692307693,0.7222222222222222,0.7222222222222222,0.7222222222222222,0.7222222222222222,0.7222222222222222,0.7222222222222222,0.04035087719298246,0.7166127490500634,456.5,370.0,0.7812154696132597,57.0,59.0,59.0,0.0,1.0,25.0,18.0,-1.0,0.8,21.0,15.0,-1.0,0.8333333333333334,8.0,6.0,0.0,1.0,0.875,1.0,0.8333333333333334,0.8,0.8333333333333334,0.8,0.8333333333333334,0.8,0.08216374269005848,0.8962655601659751,888.0999999999985,681.0,1.188538920096297
missing_events,0.3,unrepaired,57.0,59.0,59.0,0.0,1.0,16.085,11.685625,-4.399375,0.7330973963311233,12.993125,9.4484375,-3.5446875,0.7335769091550823,3.091875,2.2371875,-0.8546875,0.7441541683341248,0.7436681875003492,0.7855865092458585,0.7335769091550823,0.7330973963311233,0.7335769091550823,0.7330973963311233,0.7335769091550823,0.7330973963311233,0.042605519005847955,0.71589986755501,492.344375,388.356125,0.8264139619001727,0.0,0.0,0.0,0.0,0.0,8.383222375738788,5.877835712991352,2.5276518596061033,0.029944712304559064,5.734883023181949,4.085524388366723,1.866606758571068,0.07053558907918542,3.8347885319229587,2.8125698212055434,1.3105548918212202,0.30942835958202836,0.07975797450271128,0.08722096050178697,0.07053558907918542,0.029944712304559064,0.07053558907918542,0.029944712304559064,0.07053558907918542,0.029944712304559064,0.023004636178416072,0.10613981264678024,239.04792359529173,175.3674821185384,0.28508890304192697,57.0,59.0,59.0,0.0,1.0,6.0,5.0,-7.0,0.7,5.0,4.0,-6.0,0.631578947368421,0.0,0.0,-3.0,0.0,0.625,0.6666666666666666,0.631578947368421,0.7,0.631578947368421,0.7,0.631578947368421,0.7,0.008187134502923977,0.5397260070405326,157.0,124.0,0.6083185316053452,57.0,59.0,59.0,0.0,1.0,16.0,12.0,-4.0,0.7272727272727273,13.0,9.0,-3.0,0.7272727272727273,2.0,2.0,-1.0,0.8333333333333334,0.7333333333333333,0.7692307692307693,0.7272727272727273,0.7272727272727273,0.7272727272727273,0.7272727272727273,0.7272727272727273,0.7272727272727273,0.04035087719298246,0.7166127490500634,456.5,370.0,0.7812154696132597,57.0,59.0,59.0,0.0,1.0,25.0,18.0,-1.0,0.8,21.0,15.0,-1.0,0.8571428571428571,8.0,6.0,0.0,1.0,0.875,1.0,0.8571428571428571,0.8,0.8571428571428571,0.8,0.8571428571428571,0.8,0.08216374269005848,0.8962655601659751,888.0999999999985,681.0,1.188538920096297
missing_events,0.4,repaired,57.0,59.0,59.0,0.0,1.0,16.085,9.7926875,-6.2923125,0.6207952890940631,12.993125,7.960375,-5.03275,0.621417084097197,3.091875,1.8323125,-1.2595625,0.6424550487336619,0.6431718393755189,0.6944559576101834,0.621417084097197,0.6207952890940631,0.621417084097197,0.6207952890940631,0.621417084097197,0.6207952890940631,0.057941392543859646,0.6176553987115497,492.344375,343.6035625,0.7424006146067351,0.0,0.0,0.0,0.0,0.0,8.383222375738788,4.408505836457043,4.120640378893144,0.043310041459334314,5.734883023181949,3.291881246264627,2.700580170690854,0.07722135703174066,3.8347885319229587,2.1004687930116104,2.011701454618741,0.3392067263649224,0.08692806451451784,0.09622615241950397,0.07722135703174066,0.043310041459334314,0.07722135703174066,0.043310041459334314,0.07722135703174066,0.043310041459334314,0.029657729083190674,0.11361019942496807,239.04792359529173,152.87288520940564,0.3136103045522154,57.0,59.0,59.0,0.0,1.0,6.0,4.0,-11.0,0.5454545454545454,5.0,3.0,-9.0,0.5,0.0,0.0,-4.0,0.0,0.5,0.5714285714285714,0.5,0.5454545454545454,0.5,0.5454545454545454,0.5,0.5454545454545454,0.014035087719298246,0.429723246114406,157.0,109.0,0.5031976151997066,57.0,59.0,59.0,0.0,1.0,16.0,10.0,-6.0,0.6190476190476191,13.0,8.0,-5.0,0.6153846153846154,2.0,1.0,-1.0,0.6666666666666666,0.631578947368421,0.6666666666666666,0.6153846153846154,0.6190476190476191,0.6153846153846154,0.6190476190476191,0.6153846153846154,0.6190476190476191,0.05497076023391813,0.6177250254216486,456.5,330.5,0.6906474820143885,57.0,59.0,59.0,0.0,1.0,25.0,15.0,-2.0,0.6666666666666666,21.0,13.0,-1.0,0.75,8.0,5.0,0.0,1.0,0.8,0.875,0.75,0.6666666666666666,0.75,0.6666666666666666,0.75,0.6666666666666666,0.10818713450292397,0.7993580129976057,888.0999999999985,600.0,1.1219725396554663
missing_events,0.4,unrepaired,57.0,59.0,59.0,0.0,1.0,16.085,10.04875,-6.03625,0.6306493995502128,12.993125,8.1144375,-4.8786875,0.6303289851630048,3.091875,1.9343125,-1.1575625,0.6550604158207713,0.6431718393755189,0.6944559576101834,0.6303289851630048,0.6306493995502128,0.6303289851630048,0.6306493995502128,0.6303289851630048,0.6306493995502128,0.057941392543859646,0.6176553987115497,492.344375,343.6035625,0.7424006146067351,0.0,0.0,0.0,0.0,0.0,8.383222375738788,5.047198785066191,3.3560601728429633,0.029782115730874557,5.734883023181949,3.5402330271765488,2.4099188283303774,0.0754693965934588,3.8347885319229587,2.433437435697367,1.68887235358624,0.3388962885609791,0.08692806451451784,0.09622615241950397,0.0754693965934588,0.029782115730874557,0.0754693965934588,0.029782115730874557,0.0754693965934588,0.029782115730874557,0.029657729083190674,0.11361019942496807,239.04792359529173,152.87288520940564,0.3136103045522154,57.0,59.0,59.0,0.0,1.0,6.0,4.0,-10.0,0.6,5.0,3.0,-8.0,0.5,0.0,0.0,-3.0,0.0,0.5,0.5714285714285714,0.5,0.6,0.5,0.6,0.5,0.6,0.014035087719298246,0.429723246114406,157.0,109.0,0.5031976151997066,57.0,59.0,59.0,0.0,1.0,16.0,10.0,-6.0,0.625,13.0,8.0,-5.0,0.625,2.0,1.0,-1.0,0.6666666666666666,0.631578947368421,0.6666666666666666,0.625,0.625,0.625,0.625,0.625,0.625,0.05497076023391813,0.6177250254216486,456.5,330.5,0.6906474820143885,57.0,59.0,59.0,0.0,1.0,25.0,15.0,-2.0,0.6666666666666666,21.0,13.0,-1.0,0.75,8.0,5.0,0.0,1.0,0.8,0.875,0.75,0.6666666666666666,0.75,0.6666666666666666,0.75,0.6666666666666666,0.10818713450292397,0.7993580129976057,888.0999999999985,600.0,1.1219725396554663
missing_events,0.5,repaired,57.0,59.0,59.0,0.0,1.0,16.085,8.0555625,-8.0294375,0.5099424297339386,12.993125,6.56825,-6.424875,0.5118290962251699,3.091875,1.4873125,-1.6045625,0.5328307366103887,0.5350228897255322,0.5906544419215578,0.5118290962251699,0.5099424297339386,0.5118290962251699,0.5099424297339386,0.5118290962251699,0.5099424297339386,0.07406140350877193,0.5131375053414764,492.344375,293.673625,0.6421838478641638,0.0,0.0,0.0,0.0,0.0,8.383222375738788,3.6259201610980223,4.88025967464841,0.03691208323817631,5.734883023181949,2.7626199416150032,3.2262992417473906,0.07679820499917048,3.8347885319229587,1.7747988327624058,2.357628911528275,0.3601160517283176,0.09074148108028889,0.09593182665130409,0.07679820499917048,0.03691208323817631,0.07679820499917048,0.03691208323817631,0.07679820499917048,0.03691208323817631,0.036475000960083694,0.11855444789811123,239.04792359529173,130.34042309843014,0.31963840381065073,57.0,59.0,59.0,0.0,1.0,6.0,3.0,-13.0,0.4444444444444444,5.0,2.0,-11.0,0.4,0.0,0.0,-5.0,0.0,0.4,0.47058823529411764,0.4,0.4444444444444444,0.4,0.4444444444444444,0.4,0.4444444444444444,0.019005847953216373,0.3227891156462585,157.0,90.0,0.398614385230704,57.0,59.0,59.0,0.0,1.0,16.0,8.0,-8.0,0.5,13.0,6.0,-6.0,0.5,2.0,1.0,-1.0,0.5,0.5263157894736842,0.5714285714285714,0.5,0.5,0.5,0.5,0.5,0.5,0.07017543859649122,0.5134953012311503,456.5,284.0,0.5897435897435898,57.0,59.0,59.0,0.0,1.0,25.0,12.0,-3.0,0.5714285714285714,21.0,11.0,-2.0,0.6363636363636364,8.0,4.0,0.0,1.0,0.7,0.75,0.6363636363636364,0.5714285714285714,0.6363636363636364,0.5714285714285714,0.6363636363636364,0.5714285714285714,0.13567251461988303,0.6982782700828356,888.0999999999985,511.0,1.024314546839299
missing_events,0.5,unrepaired,57.0,59.0,59.0,0.0,1.0,16.085,8.284375,-7.800625,0.5186984370622236,12.993125,6.707,-6.286125,0.5197838128512116,3.091875,1.577375,-1.5145,0.5439647427610655,0.5350228897255322,0.5906544419215578,0.5197838128512116,0.5186984370622236,0.5197838128512116,0.5186984370622236,0.5197838128512116,0.5186984370622236,0.07406140350877193,0.5131375053414764,492.344375,293.673625,0.6421838478641638,0.0,0.0,0.0,0.0,0.0,8.383222375738788,4.193400159438775,4.20469732285793,0.02374578213429883,5.734883023181949,2.983153901569621,2.969795231090375,0.07586522333546582,3.8347885319229587,2.073199639246424,2.062869534027695,0.36053555751246025,0.09074148108028889,0.09593182665130409,0.07586522333546582,0.02374578213429883,0.07586522333546582,0.02374578213429883,0.07586522333546582,0.02374578213429883,0.036475000960083694,0.11855444789811123,239.04792359529173,130.34042309843014,0.31963840381065073,57.0,59.0,59.0,0.0,1.0,6.0,3.0,-12.0,0.5,5.0,2.0,-10.0,0.4,0.0,0.0,-4.0,0.0,0.4,0.47058823529411764,0.4,0.5,0.4,0.5,0.4,0.5,0.019005847953216373,0.3227891156462585,157.0,90.0,0.398614385230704,57.0,59.0,59.0,0.0,1.0,16.0,8.0,-8.0,0.5,13.0,7.0,-6.0,0.5,2.0,1.0,-1.0,0.5,0.5263157894736842,0.5714285714285714,0.5,0.5,0.5,0.5,0.5,0.5,0.07017543859649122,0.5134953012311503,456.5,284.0,0.5897435897435898,57.0,59.0,59.0,0.0,1.0,25.0,13.0,-3.0,0.5714285714285714,21.0,11.0,-2.0,0.6666666666666666,8.0,4.0,0.0,1.0,0.7,0.75,0.6666666666666666,0.5714285714285714,0.6666666666666666,0.5714285714285714,0.6666666666666666,0.5714285714285714,0.13567251461988303,0.6982782700828356,888.0999999999985,511.0,1.024314546839299
missing_events,0.6,repaired,57.0,59.0,59.0,0.0,1.0,16.085,6.6253125,-9.4596875,0.4220740223761701,12.993125,5.396,-7.597125,0.42242575342978705,3.091875,1.2293125,-1.8625625,0.4557008650334639,0.44435101128096527,0.5015986128719272,0.42242575342978705,0.4220740223761701,0.42242575342978705,0.4220740223761701,0.42242575342978705,0.4220740223761701,0.08712940423976609,0.4300111775231336,492.344375,248.0504375,0.5524527302761241,0.0,0.0,0.0,0.0,0.0,8.383222375738788,2.891291969072288,5.610634309365416,0.03820045574809181,5.734883023181949,2.266247998895872,3.7354636713435534,0.07810526201065657,3.8347885319229587,1.4763517545795823,2.672380920608125,0.36343522757607793,0.09156887282707238,0.09643909717691816,0.07810526201065657,0.03820045574809181,0.07810526201065657,0.03820045574809181,0.07810526201065657,0.03820045574809181,0.0427589321005466,0.1165731588265025,239.04792359529173,108.92461638358904,0.3573465093932413,57.0,59.0,59.0,0.0,1.0,6.0,3.0,-16.0,0.35714285714285715,5.0,2.0,-12.0,0.29411764705882354,0.0,0.0,-5.0,0.0,0.3076923076923077,0.38461538461538464,0.29411764705882354,0.35714285714285715,0.29411764705882354,0.35714285714285715,0.29411764705882354,0.35714285714285715,0.024269005847953218,0.25,157.0,77.0,0.3174307634730539,57.0,59.0,59.0,0.0,1.0,16.0,6.0,-9.0,0.42105263157894735,13.0,5.0,-7.0,0.42105263157894735,2.0,1.0,-1.0,0.5,0.4375,0.5,0.42105263157894735,0.42105263157894735,0.42105263157894735,0.42105263157894735,0.42105263157894735,0.42105263157894735,0.08157894736842106,0.42794438736193163,456.5,240.0,0.49815933184875355,57.0,59.0,59.0,0.0,1.0,25.0,10.0,-3.0,0.5,21.0,9.0,-2.0,0.5555555555555556,8.0,3.0,0.0,1.0,0.6,0.6666666666666666,0.5555555555555556,0.5,0.5555555555555556,0.5,0.5555555555555556,0.5,0.15994152046783625,0.6214849043722807,888.0999999999985,428.0,0.9422375478927201
missing_events,0.6,unrepaired,57.0,59.0,59.0,0.0,1.0,16.085,6.82125,-9.26375,0.4295587136975322,12.993125,5.512625,-7.4805,0.4292625964210833,3.091875,1.308625,-1.78325,0.4651263414101307,0.44435101128096527,0.5015986128719272,0.4292625964210833,0.4295587136975322,0.4292625964210833,0.4295587136975322,0.4292625964210833,0.4295587136975322,0.08712940423976609,0.4300111775231336,492.344375,248.0504375,0.5524527302761241,0.0,0.0,0.0,0.0,0.0,8.383222375738788,3.3678639141463242,5.034830710412971,0.02759859425811692,5.734883023181949,2.4399206309156494,3.526474443601586,0.07734639260288781,3.8347885319229587,1.7406004610472194,2.403124086545672,0.36413376479600856,0.09156887282707238,0.09643909717691816,0.07734639260288781,0.02759859425811692,0.07734639260288781,0.02759859425811692,0.07734639260288781,0.02759859425811692,0.0427589321005466,0.1165731588265025,239.04792359529173,108.92461638358904,0.3573465093932413,57.0,59.0,59.0,0.0,1.0,6.0,3.0,-15.0,0.4,5.0,2.0,-12.0,0.3076923076923077,0.0,0.0,-5.0,0.0,0.3076923076923077,0.38461538461538464,0.3076923076923077,0.4,0.3076923076923077,0.4,0.3076923076923077,0.4,0.024269005847953218,0.25,157.0,77.0,0.3174307634730539,57.0,59.0,59.0,0.0,1.0,16.0,7.0,-9.0,0.42857142857142855,13.0,5.0,-7.0,0.42857142857142855,2.0,1.0,-1.0,0.5,0.4375,0.5,0.42857142857142855,0.42857142857142855,0.42857142857142855,0.42857142857142855,0.42857142857142855,0.42857142857142855,0.08157894736842106,0.42794438736193163,456.5,240.0,0.49815933184875355,57.0,59.0,59.0,0.0,1.0,25.0,10.0,-3.0,0.5,21.0,9.0,-2.0,0.5714285714285714,8.0,4.0,0.0,1.0,0.6,0.6666666666666666,0.5714285714285714,0.5,0.5714285714285714,0.5,0.5714285714285714,0.5,0.15994152046783625,0.6214849043722807,888.0999999999985,428.0,0.9422375478927201
missing_events,0.7,repaired,57.0,59.0,59.0,0.0,1.0,16.085,5.133625,-10.951375,0.33037394079284266,12.993125,4.177875,-8.81525,0.3309135438855391,3.091875,0.95575,-2.136125,0.3684016121670333,0.3507665039207056,0.4048256420307811,0.3309135438855391,0.33037394079284266,0.3309135438855391,0.33037394079284266,0.3309135438855391,0.33037394079284266,0.10024400584795322,0.34434211525672087,492.344375,198.40025,0.4502214757013669,0.0,0.0,0.0,0.0,0.0,8.383222375738788,2.187879917987609,6.290199402436135,0.041210715488304205,5.734883023181949,1.7604840785667206,4.2374065964238765,0.07906003896918677,3.8347885319229587,1.2052521425184997,2.9403036103364477,0.3589516592826742,0.09150744755998448,0.09649086513117024,0.07906003896918677,0.041210715488304205,0.07906003896918677,0.041210715488304205,0.07906003896918677,0.041210715488304205,0.04901988070497628,0.11272667049013364,239.04792359529173,86.894490422101,0.30301827436981177,57.0,59.0,59.0,0.0,1.0,6.0,2.0,-18.0,0.2727272727272727,5.0,2.0,-14.0,0.21052631578947367,0.0,0.0,-6.0,0.0,0.2222222222222222,0.3,0.21052631578947367,0.2727272727272727,0.21052631578947367,0.2727272727272727,0.21052631578947367,0.2727272727272727,0.027485380116959064,0.17788122968580716,157.0,63.0,0.2354562055696863,57.0,59.0,59.0,0.0,1.0,16.0,5.0,-11.0,0.3333333333333333,13.0,4.0,-9.0,0.3333333333333333,2.0,1.0,-1.0,0.3333333333333333,0.3333333333333333,0.38461538461538464,0.3333333333333333,0.3333333333333333,0.3333333333333333,0.3333333333333333,0.3333333333333333,0.3333333333333333,0.0935672514619883,0.33814267776896645,456.5,194.0,0.39843997149362953,57.0,59.0,59.0,0.0,1.0,25.0,8.0,-4.0,0.4,21.0,7.0,-3.0,0.5,8.0,3.0,0.0,1.0,0.5,0.6,0.5,0.4,0.5,0.4,0.5,0.4,0.1824561403508772,0.5343780130853995,888.0999999999985,342.0,0.8174308300395252
missing_events,0.7,unrepaired,57.0,59.0,59.0,0.0,1.0,16.085,5.275625,-10.809375,0.33583582514173,12.993125,4.263375,-8.72975,0.3359588736622525,3.091875,1.01225,-2.079625,0.3750970393862088,0.3507665039207056,0.4048256420307811,0.3359588736622525,0.33583582514173,0.3359588736622525,0.33583582514173,0.3359588736622525,0.33583582514173,0.10024400584795322,0.34434211525672087,492.344375,198.40025,0.4502214757013669,0.0,0.0,0.0,0.0,0.0,8.383222375738788,2.5278558578026886,5.878473176540441,0.034622174348142985,5.734883023181949,1.8760273390294875,4.091593364267287,0.07811373351814253,3.8347885319229587,1.4015518931640876,2.73550773112309,0.3598938409495747,0.09150744755998448,0.09649086513117024,0.07811373351814253,0.034622174348142985,0.07811373351814253,0.034622174348142985,0.07811373351814253,0.034622174348142985,0.04901988070497628,0.11272667049013364,239.04792359529173,86.894490422101,0.30301827436981177,57.0,59.0,59.0,0.0,1.0,6.0,2.0,-17.0,0.3,5.0,2.0,-14.0,0.2222222222222222,0.0,0.0,-6.0,0.0,0.2222222222222222,0.3,0.2222222222222222,0.3,0.2222222222222222,0.3,0.2222222222222222,0.3,0.027485380116959064,0.17788122968580716,157.0,63.0,0.2354562055696863,57.0,59.0,59.0,0.0,1.0,16.0,5.0,-11.0,0.3333333333333333,13.0,4.0,-9.0,0.3333333333333333,2.0,1.0,-1.0,0.3333333333333333,0.3333333333333333,0.38461538461538464,0.3333333333333333,0.3333333333333333,0.3333333333333333,0.3333333333333333,0.3333333333333333,0.3333333333333333,0.0935672514619883,0.33814267776896645,456.5,194.0,0.39843997149362953,57.0,59.0,59.0,0.0,1.0,25.0,8.0,-4.0,0.4,21.0,7.0,-3.0,0.5,8.0,3.0,0.0,1.0,0.5,0.6,0.5,0.4,0.5,0.4,0.5,0.4,0.1824561403508772,0.5343780130853995,888.0999999999985,342.0,0.8174308300395252
missing_events,0.8,repaired,57.0,59.0,59.0,0.0,1.0,16.085,3.54425,-12.54075,0.22798472260799887,12.993125,2.891625,-10.1015,0.22882421928877297,3.091875,0.652625,-2.43925,0.2740915745655626,0.24458649643352098,0.2901949695907238,0.22882421928877297,0.22798472260799887,0.22882421928877297,0.22798472260799887,0.22882421928877297,0.22798472260799887,0.1142827668128655,0.24617664136556577,492.344375,141.7234375,0.3264230562910096,0.0,0.0,0.0,0.0,0.0,8.383222375738788,1.518366236206432,6.941620925174218,0.03317205876044331,5.734883023181949,1.2785175095843984,4.712797566605894,0.06848067430374329,3.8347885319229587,0.9106357328618647,3.231847341665058,0.34297926497541437,0.0812559806378118,0.083266319870355,0.06848067430374329,0.03317205876044331,0.06848067430374329,0.03317205876044331,0.06848067430374329,0.03317205876044331,0.05580484492657255,0.10038620279717936,239.04792359529173,63.8294678282984,0.24200738591928642,57.0,59.0,59.0,0.0,1.0,6.0,2.0,-20.0,0.19148936170212766,5.0,1.0,-16.0,0.125,0.0,0.0,-6.0,0.0,0.125,0.2,0.125,0.19148936170212766,0.125,0.19148936170212766,0.125,0.19148936170212766,0.03333333333333333,0.08629004025905829,157.0,44.0,0.1413371833839919,57.0,59.0,59.0,0.0,1.0,16.0,3.0,-12.0,0.2222222222222222,13.0,3.0,-10.0,0.23076923076923078,2.0,0.0,-2.0,0.16216216216216217,0.25,0.2727272727272727,0.23076923076923078,0.2222222222222222,0.23076923076923078,0.2222222222222222,0.23076923076923078,0.2222222222222222,0.1067251461988304,0.2406450451411578,456.5,139.0,0.2863792754503137,57.0,59.0,59.0,0.0,1.0,25.0,5.0,-4.0,0.2857142857142857,21.0,5.0,-3.0,0.3333333333333333,8.0,2.0,0.0,1.0,0.4,0.42857142857142855,0.3333333333333333,0.2857142857142857,0.3333333333333333,0.2857142857142857,0.3333333333333333,0.2857142857142857,0.20701754385964913,0.4237380250552688,888.0999999999985,249.0,0.613425028069817
missing_events,0.8,unrepaired,57.0,59.0,59.0,0.0,1.0,16.085,3.62,-12.465,0.23084128937142667,12.993125,2.937,-10.056125,0.23139676947967275,3.091875,0.683,-2.408875,0.2775732470273655,0.24458649643352098,0.2901949695907238,0.23139676947967275,0.23084128937142667,0.23139676947967275,0.23084128937142667,0.23139676947967275,0.23084128937142667,0.1142827668128655,0.24617664136556577,492.344375,141.7234375,0.3264230562910096,0.0,0.0,0.0,0.0,0.0,8.383222375738788,1.7039018325863022,6.710930620030414,0.029838576882388633,5.734883023181949,1.3531982288602076,4.622208377498559,0.06848088970582282,3.8347885319229587,1.0074469883520631,3.1288269497936474,0.34357367624389895,0.0812559806378118,0.083266319870355,0.06848088970582282,0.029838576882388633,0.06848088970582282,0.029838576882388633,0.06848088970582282,0.029838576882388633,0.05580484492657255,0.10038620279717936,239.04792359529173,63.8294678282984,0.24200738591928642,57.0,59.0,59.0,0.0,1.0,6.0,2.0,-20.0,0.2,5.0,1.0,-16.0,0.125,0.0,0.0,-6.0,0.0,0.125,0.2,0.125,0.2,0.125,0.2,0.125,0.2,0.03333333333333333,0.08629004025905829,157.0,44.0,0.1413371833839919,57.0,59.0,59.0,0.0,1.0,16.0,4.0,-12.0,0.2222222222222222,13.0,3.0,-10.0,0.23076923076923078,2.0,0.0,-2.0,0.16666666666666666,0.25,0.2727272727272727,0.23076923076923078,0.2222222222222222,0.23076923076923078,0.2222222222222222,0.23076923076923078,0.2222222222222222,0.1067251461988304,0.2406450451411578,456.5,139.0,0.2863792754503137,57.0,59.0,59.0,0.0,1.0,25.0,5.0,-4.0,0.2857142857142857,21.0,5.0,-3.0,0.3333333333333333,8.0,2.0,0.0,1.0,0.4,0.42857142857142855,0.3333333333333333,0.2857142857142857,0.3333333333333333,0.2857142857142857,0.3333333333333333,0.2857142857142857,0.20701754385964913,0.4237380250552688,888.0999999999985,249.0,0.613425028069817
missing_events,0.9,repaired,57.0,59.0,59.0,0.0,1.0,16.085,2.026,-14.059,0.13265677143439805,12.993125,1.6516875,-11.3414375,0.13291475476257203,3.091875,0.3743125,-2.7175625,0.18315865504346743,0.14254052966184322,0.17454985147607988,0.13291475476257203,0.13265677143439805,0.13291475476257203,0.13265677143439805,0.13291475476257203,0.13265677143439805,0.12715126096491228,0.1484503018642889,492.344375,83.6789375,0.19954627078670956,0.0,0.0,0.0,0.0,0.0,8.383222375738788,0.8576829112489772,7.610634934764426,0.030303443237809546,5.734883023181949,0.8180970190109075,5.184994039899508,0.05891109085254799,3.8347885319229587,0.6305572951763837,3.498507757727134,0.31232507737169796,0.06631446916556422,0.06231410558817897,0.05891109085254799,0.030303443237809546,0.05891109085254799,0.030303443237809546,0.05891109085254799,0.030303443237809546,0.061970167826671294,0.08561979352062103,239.04792359529173,41.25683415228157,0.1890365073969434,57.0,59.0,59.0,0.0,1.0,6.0,1.0,-23.0,0.1,5.0,0.0,-18.0,0.0,0.0,0.0,-7.0,0.0,0.0,0.1111111111111111,0.0,0.1,0.0,0.1,0.0,0.1,0.03684210526315789,0.021739130434782608,157.0,15.0,0.05016722408026756,57.0,59.0,59.0,0.0,1.0,16.0,2.0,-14.0,0.125,13.0,2.0,-11.0,0.13333333333333333,2.0,0.0,-2.0,0.0,0.14285714285714285,0.15789473684210525,0.13333333333333333,0.125,0.13333333333333333,0.125,0.13333333333333333,0.125,0.11695906432748537,0.14058517572133625,456.5,84.0,0.1693934614576856,57.0,59.0,59.0,0.0,1.0,25.0,3.0,-5.0,0.18181818181818182,21.0,3.0,-4.0,0.2222222222222222,8.0,1.0,0.0,1.0,0.25,0.2857142857142857,0.2222222222222222,0.18181818181818182,0.2222222222222222,0.18181818181818182,0.2222222222222222,0.18181818181818182,0.22953216374269006,0.30303030303030304,888.0999999999985,157.0,0.4148936170212766
missing_events,0.9,unrepaired,57.0,59.0,59.0,0.0,1.0,16.085,2.055,-14.03,0.13374089678743112,12.993125,1.669125,-11.324,0.13390778123364594,3.091875,0.385875,-2.706,0.1844734473773952,0.14254052966184322,0.17454985147607988,0.13390778123364594,0.13374089678743112,0.13390778123364594,0.13374089678743112,0.13390778123364594,0.13374089678743112,0.12715126096491228,0.1484503018642889,492.344375,83.6789375,0.19954627078670956,0.0,0.0,0.0,0.0,0.0,8.383222375738788,0.9148919685991018,7.526296587384129,0.029089096426798036,5.734883023181949,0.8421348222322685,5.1527233973793525,0.05899991123620821,3.8347885319229587,0.6664294729302942,3.4605003166309114,0.3126719847311435,0.06631446916556422,0.06231410558817897,0.05899991123620821,0.029089096426798036,0.05899991123620821,0.029089096426798036,0.05899991123620821,0.029089096426798036,0.061970167826671294,0.08561979352062103,239.04792359529173,41.25683415228157,0.1890365073969434,57.0,59.0,59.0,0.0,1.0,6.0,1.0,-22.0,0.1,5.0,0.0,-18.0,0.0,0.0,0.0,-7.0,0.0,0.0,0.1111111111111111,0.0,0.1,0.0,0.1,0.0,0.1,0.03684210526315789,0.021739130434782608,157.0,15.0,0.05016722408026756,57.0,59.0,59.0,0.0,1.0,16.0,2.0,-14.0,0.12903225806451613,13.0,2.0,-11.0,0.13333333333333333,2.0,0.0,-2.0,0.0,0.14285714285714285,0.15789473684210525,0.13333333333333333,0.12903225806451613,0.13333333333333333,0.12903225806451613,0.13333333333333333,0.12903225806451613,0.11695906432748537,0.14058517572133625,456.5,84.0,0.1693934614576856,57.0,59.0,59.0,0.0,1.0,25.0,3.0,-5.0,0.18181818181818182,21.0,3.0,-4.0,0.2222222222222222,8.0,2.0,0.0,1.0,0.25,0.2857142857142857,0.2222222222222222,0.18181818181818182,0.2222222222222222,0.18181818181818182,0.2222222222222222,0.18181818181818182,0.22953216374269006,0.30303030303030304,888.0999999999985,157.0,0.4148936170212766
mixed_missing_spurious,0.0,repaired,57.0,59.0,59.0,0.0,1.0,16.085,16.085,0.0,1.0,12.993125,12.993125,0.0,1.0,3.091875,3.091875,0.0,1.0,1.0,1.0,1.0,1.0,1.0,1.0,1.0,1.0,0.0,1.0,492.344375,492.344375,1.0,0.0,0.0,0.0,0.0,0.0,8.383222375738788,8.383222375738788,0.0,0.0,5.734883023181949,5.734883023181949,0.0,0.0,3.8347885319229587,3.8347885319229587,0.0,0.0,0.0,0.0,0.0,0.0,0.0,0.0,0.0,0.0,0.0,0.0,239.04792359529173,239.04792359529173,0.0,57.0,59.0,59.0,0.0,1.0,6.0,6.0,0.0,1.0,5.0,5.0,0.0,1.0,0.0,0.0,0.0,1.0,1.0,1.0,1.0,1.0,1.0,1.0,1.0,1.0,0.0,1.0,157.0,157.0,1.0,57.0,59.0,59.0,0.0,1.0,16.0,16.0,0.0,1.0,13.0,13.0,0.0,1.0,2.0,2.0,0.0,1.0,1.0,1.0,1.0,1.0,1.0,1.0,1.0,1.0,0.0,1.0,456.5,456.5,1.0,57.0,59.0,59.0,0.0,1.0,25.0,25.0,0.0,1.0,21.0,21.0,0.0,1.0,8.0,8.0,0.0,1.0,1.0,1.0,1.0,1.0,1.0,1.0,1.0,1.0,0.0,1.0,888.0999999999985,888.0999999999985,1.0
mixed_missing_spurious,0.0,unrepaired,57.0,59.0,59.0,0.0,1.0,16.085,16.085,0.0,1.0,12.993125,12.993125,0.0,1.0,3.091875,3.091875,0.0,1.0,1.0,1.0,1.0,1.0,1.0,1.0,1.0,1.0,0.0,1.0,492.344375,492.344375,1.0,0.0,0.0,0.0,0.0,0.0,8.383222375738788,8.383222375738788,0.0,0.0,5.734883023181949,5.734883023181949,0.0,0.0,3.8347885319229587,3.8347885319229587,0.0,0.0,0.0,0.0,0.0,0.0,0.0,0.0,0.0,0.0,0.0,0.0,239.04792359529173,239.04792359529173,0.0,57.0,59.0,59.0,0.0,1.0,6.0,6.0,0.0,1.0,5.0,5.0,0.0,1.0,0.0,0.0,0.0,1.0,1.0,1.0,1.0,1.0,1.0,1.0,1.0,1.0,0.0,1.0,157.0,157.0,1.0,57.0,59.0,59.0,0.0,1.0,16.0,16.0,0.0,1.0,13.0,13.0,0.0,1.0,2.0,2.0,0.0,1.0,1.0,1.0,1.0,1.0,1.0,1.0,1.0,1.0,0.0,1.0,456.5,456.5,1.0,57.0,59.0,59.0,0.0,1.0,25.0,25.0,0.0,1.0,21.0,21.0,0.0,1.0,8.0,8.0,0.0,1.0,1.0,1.0,1.0,1.0,1.0,1.0,1.0,1.0,0.0,1.0,888.0999999999985,888.0999999999985,1.0
mixed_missing_spurious,0.05,repaired,57.0,59.0,59.0,0.0,1.0,16.085,15.9320625,-0.1529375,0.993863029399607,12.993125,12.8101875,-0.1829375,0.9904752135603518,3.091875,3.121875,0.03,1.021968115107137,0.982457271424228,0.9793237350478562,0.9811651090043095,0.9775920956065335,0.9801072312840813,0.9764926698254879,0.9844385696341666,0.9848754793609557,0.004844627192982456,0.9740635716405361,492.344375,491.025625,1.0037405588139283,0.0,0.0,0.0,0.0,0.0,8.383222375738788,8.100566226778112,0.4684403226289783,0.01694537803383129,5.734883023181949,5.5019588045315135,0.44156942553362727,0.022900858590521572,3.8347885319229587,3.743046504412674,0.38403674012210204,0.14258947577749617,0.0349338618062255,0.040061129723627964,0.03333623573744109,0.03650217871073006,0.03556980414692284,0.03826180291313852,0.026024750280558444,0.024704558528570657,0.00890268762034451,0.05360919030597186,239.04792359529173,233.85420662291224,0.06267879786547216,57.0,59.0,59.0,0.0,1.0,6.0,6.0,-1.0,0.95,5.0,5.0,-1.0,0.9428571428571428,0.0,0.0,0.0,1.0,0.9047619047619048,0.8947368421052632,0.9047619047619048,0.9090909090909091,0.9,0.9090909090909091,0.9375,0.95,0.0,0.8748537321264594,157.0,157.0,0.9355598193228605,57.0,59.0,59.0,0.0,1.0,16.0,16.0,0.0,1.0,13.0,13.0,0.0,1.0,2.0,2.0,0.0,1.0,1.0,1.0,1.0,1.0,1.0,1.0,1.0,1.0,0.0,1.0,456.5,459.5,1.0,57.0,59.0,59.0,0.0,1.0,25.0,25.0,0.0,1.0,21.0,20.0,0.0,1.0,8.0,8.0,1.0,1.25,1.0,1.0,1.0,1.0,1.0,1.0,1.0,1.0,0.025730994152046785,1.0,888.0999999999985,873.0,1.0732028057684762
mixed_missing_spurious,0.05,unrepaired,57.0,59.0,59.0,0.0,1.0,16.085,15.9734375,-0.1115625,0.995540679610626,12.993125,12.8444375,-0.1486875,0.9921990634857422,3.091875,3.129,0.037125,1.023364394182126,0.982457271424228,0.9793237350478562,0.9796533721133267,0.9761053068387272,0.9794614125645627,0.9759111850539268,0.9846562685954173,0.9852779548677532,0.004844627192982456,0.9740635716405361,492.344375,491.025625,1.0037405588139283,0.0,0.0,0.0,0.0,0.0,8.383222375738788,8.159137065489666,0.40419861408251606,0.014874755294481887,5.734883023181949,5.549868275325176,0.41664178468115204,0.02196054256313738,3.8347885319229587,3.757840681217287,0.3835764983130851,0.14344028184348628,0.0349338618062255,0.040061129723627964,0.03560311977465748,0.038237080574441834,0.035821587259817586,0.038397101714677015,0.025216488755491092,0.023807377773586928,0.00890268762034451,0.05360919030597186,239.04792359529173,233.85420662291224,0.06267879786547216,57.0,59.0,59.0,0.0,1.0,6.0,6.0,-1.0,0.95,5.0,5.0,-1.0,0.9444444444444444,0.0,0.0,0.0,1.0,0.9047619047619048,0.8947368421052632,0.9,0.9090909090909091,0.9,0.9090909090909091,0.9375,0.95,0.0,0.8748537321264594,157.0,157.0,0.9355598193228605,57.0,59.0,59.0,0.0,1.0,16.0,16.0,0.0,1.0,13.0,13.0,0.0,1.0,2.0,2.0,0.0,1.0,1.0,1.0,1.0,1.0,1.0,1.0,1.0,1.0,0.0,1.0,456.5,459.5,1.0,57.0,59.0,59.0,0.0,1.0,25.0,25.0,0.0,1.0,21.0,20.0,0.0,1.0,8.0,8.0,1.0,1.25,1.0,1.0,1.0,1.0,1.0,1.0,1.0,1.0,0.025730994152046785,1.0,888.0999999999985,873.0,1.0732028057684762
mixed_missing_spurious,0.1,repaired,57.0,59.0,59.0,0.0,1.0,16.085,15.6359375,-0.4490625,0.9765001243887347,12.993125,12.3595625,-0.6335625,0.9575614601345497,3.091875,3.276375,0.1845,1.1109336126526062,0.9148735721286115,0.9030124210321596,0.9103444067963875,0.8931223013953365,0.9063373510179782,0.8890512532326248,0.9275554771061042,0.9298088753046352,0.01863375365497076,0.8858364168393099,492.344375,487.9413125,1.0111637550567365,0.0,0.0,0.0,0.0,0.0,8.383222375738788,7.844758903958424,0.8514403564027737,0.036683646714839556,5.734883023181949,5.307180295953984,0.8067383313471034,0.052607370926140644,3.8347885319229587,3.6381924271722648,0.7353526680931095,0.3286640316938347,0.06460799936299369,0.06984481532535054,0.06150387812570911,0.058356801209876574,0.06434616400969045,0.059904943474586456,0.04599514301475487,0.04022970244780049,0.014455895831311369,0.09180856033047687,239.04792359529173,225.94707040187774,0.1472343095042306,57.0,59.0,59.0,0.0,1.0,6.0,6.0,-2.0,0.9,5.0,5.0,-2.0,0.875,0.0,1.0,-1.0,0.75,0.8125,0.8,0.8125,0.8235294117647058,0.8,0.8125,0.8666666666666667,0.8666666666666667,0.0,0.7325563723757686,157.0,157.0,0.8651323795715641,57.0,59.0,59.0,0.0,1.0,16.0,16.0,0.0,1.0,13.0,12.0,-1.0,0.95,2.0,2.0,0.0,1.0,0.9090909090909091,0.8947368421052632,0.9,0.8823529411764706,0.9,0.875,0.9166666666666666,0.9230769230769231,0.017543859649122806,0.8881926509722037,456.5,460.0,1.0,57.0,59.0,59.0,0.0,1.0,25.0,25.0,0.0,1.0,21.0,20.0,0.0,1.0,8.0,8.0,1.0,2.0,1.0,1.0,1.0,1.0,1.0,1.0,1.0,1.0,0.044152046783625734,1.0,888.0999999999985,856.0,1.2324644659261037
mixed_missing_spurious,0.1,unrepaired,57.0,59.0,59.0,0.0,1.0,16.085,15.7609375,-0.3240625,0.9827325558783063,12.993125,12.46275,-0.530375,0.9638722870545252,3.091875,3.2981875,0.2063125,1.116338342881031,0.9148735721286115,0.9030124210321596,0.9051845091934257,0.8879886058146084,0.9038419661629578,0.8867278103921479,0.9281037054679652,0.9310478517089493,0.01863375365497076,0.8858364168393099,492.344375,487.9413125,1.0111637550567365,0.0,0.0,0.0,0.0,0.0,8.383222375738788,7.959624447637455,0.7203842243436274,0.032822580464583855,5.734883023181949,5.400954599134432,0.7710314617249342,0.052494097797935936,3.8347885319229587,3.6763931313853337,0.7279462696205439,0.3306909478496902,0.06460799936299369,0.06984481532535054,0.06354674809597052,0.05905800385185235,0.06375926805856896,0.058833051917291206,0.04450557711103385,0.03891582642543458,0.014455895831311369,0.09180856033047687,239.04792359529173,225.94707040187774,0.1472343095042306,57.0,59.0,59.0,0.0,1.0,6.0,6.0,-1.0,0.9,5.0,5.0,-2.0,0.875,0.0,1.0,-1.0,0.75,0.8125,0.8,0.8055555555555556,0.8181818181818182,0.8,0.8181818181818182,0.8695652173913043,0.875,0.0,0.7325563723757686,157.0,157.0,0.8651323795715641,57.0,59.0,59.0,0.0,1.0,16.0,16.0,0.0,1.0,13.0,12.0,0.0,1.0,2.0,2.0,0.0,1.0,0.9090909090909091,0.8947368421052632,0.8947368421052632,0.875,0.8947368421052632,0.8666666666666667,0.9166666666666666,0.9230769230769231,0.017543859649122806,0.8881926509722037,456.5,460.0,1.0,57.0,59.0,59.0,0.0,1.0,25.0,25.0,0.0,1.0,21.0,20.0,0.0,1.0,8.0,8.0,1.0,2.0,1.0,1.0,1.0,1.0,1.0,1.0,1.0,1.0,0.044152046783625734,1.0,888.0999999999985,856.0,1.2324644659261037
mixed_missing_spurious,0.15,repaired,57.0,59.0,59.0,0.0,1.0,16.085,15.35625,-0.72875,0.9622742584271672,12.993125,11.9638125,-1.0293125,0.9294244085221776,3.091875,3.3924375,0.3005625,1.1966984948875528,0.8579477686480045,0.8400193856030231,0.8500396879965388,0.8219723433681853,0.8433270945941236,0.8152273145490576,0.878675797294421,0.8810669039899706,0.03034029605263158,0.8128083780375139,492.344375,483.9371875,1.017992964933113,0.0,0.0,0.0,0.0,0.0,8.383222375738788,7.487253476595316,1.2404715275251859,0.046408832306052875,5.734883023181949,5.067098053374474,1.112499721717124,0.07035908313259871,3.8347885319229587,3.4900131189677364,0.9820437664463855,0.4607065353510305,0.0764441157538004,0.07916674605390678,0.07286877260900101,0.06249799226861069,0.07601038656195754,0.06364043291570684,0.05476151318084654,0.046435649629123776,0.019085479955041288,0.10732372825156122,239.04792359529173,218.8622344294315,0.25487669824561726,57.0,59.0,59.0,0.0,1.0,6.0,6.0,-2.0,0.8571428571428571,5.0,4.0,-3.0,0.8333333333333334,0.0,1.0,-1.0,0.6666666666666666,0.75,0.7333333333333333,0.75,0.75,0.7272727272727273,0.7368421052631579,0.8,0.8095238095238095,0.0,0.6358024691358025,157.0,155.0,0.8162138217952172,57.0,59.0,59.0,0.0,1.0,16.0,15.0,0.0,1.0,13.0,12.0,-1.0,0.9230769230769231,2.0,3.0,0.0,1.0,0.85,0.8333333333333334,0.8421052631578947,0.8095238095238095,0.8333333333333334,0.8,0.875,0.875,0.02865497076023392,0.8157894736842105,456.5,462.0,0.9855651247858499,57.0,59.0,59.0,0.0,1.0,25.0,24.0,0.0,1.0,21.0,19.0,0.0,1.0,8.0,8.0,2.0,2.0,1.0,1.0,1.0,1.0,1.0,1.0,1.0,1.0,0.06257309941520468,1.0,888.0999999999985,841.0,1.328376284666632
mixed_missing_spurious,0.15,unrepaired,57.0,59.0,59.0,0.0,1.0,16.085,15.5549375,-0.5300625,0.9726113863207935,12.993125,12.1253125,-0.8678125,0.9397875276971696,3.091875,3.429625,0.33775,1.2065638745253255,0.8579477686480045,0.8400193856030231,0.8423794650282194,0.8144809996078638,0.839475243499994,0.8116792667613251,0.8795705856984428,0.8830756106940896,0.03034029605263158,0.8128083780375139,492.344375,483.9371875,1.017992964933113,0.0,0.0,0.0,0.0,0.0,8.383222375738788,7.661692092250314,1.0447078345152156,0.040579089441438225,5.734883023181949,5.203405278420992,1.0495988845541915,0.070509748994876,3.8347885319229587,3.554569178466326,0.9644211057698427,0.4634630079840168,0.0764441157538004,0.07916674605390678,0.07438896264216513,0.062116945762124814,0.07461608602920686,0.061499293346708284,0.052656124996862404,0.04451665965413945,0.019085479955041288,0.10732372825156122,239.04792359529173,218.8622344294315,0.25487669824561726,57.0,59.0,59.0,0.0,1.0,6.0,6.0,-2.0,0.875,5.0,4.0,-3.0,0.8333333333333334,0.0,1.0,-1.0,0.6666666666666666,0.75,0.7333333333333333,0.7368421052631579,0.7407407407407407,0.7333333333333333,0.7391304347826086,0.8,0.8148148148148148,0.0,0.6358024691358025,157.0,155.0,0.8162138217952172,57.0,59.0,59.0,0.0,1.0,16.0,16.0,0.0,1.0,13.0,12.0,-1.0,0.9375,2.0,3.0,0.0,1.0,0.85,0.8333333333333334,0.8333333333333334,0.8,0.8333333333333334,0.8,0.875,0.875,0.02865497076023392,0.8157894736842105,456.5,462.0,0.9855651247858499,57.0,59.0,59.0,0.0,1.0,25.0,25.0,0.0,1.0,21.0,19.0,1.0,1.0454545454545454,8.0,8.0,2.0,2.0,1.0,1.0,1.0,1.0,1.0,1.0,1.0,1.0,0.06257309941520468,1.0,888.0999999999985,841.0,1.328376284666632
mixed_missing_spurious,0.2,repaired,57.0,59.0,59.0,0.0,1.0,16.085,14.9909375,-1.0940625,0.9386545526938141,12.993125,11.4716875,-1.5214375,0.8894227775918282,3.091875,3.51925,0.427375,1.2861991077465913,0.7885752505886782,0.7676212719063892,0.7784779198295588,0.7411605606063464,0.768232666502239,0.7309478452017748,0.8175069919246022,0.819174399860542,0.04337044956140351,0.7325617210150923,492.344375,477.9186875,1.0193873470962214,0.0,0.0,0.0,0.0,0.0,8.383222375738788,7.262456666025296,1.524134158350912,0.056326608879236476,5.734883023181949,4.910736259514141,1.328589761934048,0.08439006355001193,3.8347885319229587,3.3718451953272366,1.203823568395293,0.5851365946340357,0.08159844134294192,0.08125265584458335,0.07708164749740042,0.05265625148427907,0.07883163640791216,0.05163417774554232,0.05874716957303816,0.043599976406495496,0.02317139166848185,0.11083644781672487,239.04792359529173,211.8679487381442,0.3153229142924705,57.0,59.0,59.0,0.0,1.0,6.0,6.0,-3.0,0.8181818181818182,5.0,4.0,-4.0,0.75,0.0,1.0,-1.0,0.5,0.6666666666666666,0.6666666666666666,0.6666666666666666,0.6666666666666666,0.6521739130434783,0.6551724137931034,0.7333333333333333,0.75,0.009064327485380117,0.5393806756964753,157.0,149.0,0.7684775506908045,57.0,59.0,59.0,0.0,1.0,16.0,14.0,-1.0,0.9411764705882353,13.0,11.0,-1.0,0.8823529411764706,2.0,3.0,0.0,1.0,0.7857142857142857,0.7619047619047619,0.7777777777777778,0.7307692307692307,0.7647058823529411,0.7272727272727273,0.8125,0.8181818181818182,0.041812865497076024,0.7399946907274593,456.5,461.0,0.9635351367267712,57.0,59.0,59.0,0.0,1.0,25.0,24.0,0.0,1.0,21.0,18.0,0.0,1.0,8.0,8.0,2.0,2.0,0.9333333333333333,0.9,0.9002380952380918,0.8096726190476169,0.8888888888888888,0.8,0.9090909090909091,0.8888888888888888,0.08304093567251462,0.9010457631086142,888.0999999999985,828.0,1.4303089143865844
mixed_missing_spurious,0.2,unrepaired,57.0,59.0,59.0,0.0,1.0,16.085,15.2466875,-0.8383125,0.9523991310650911,12.993125,11.6800625,-1.3130625,0.9030604012198004,3.091875,3.566625,0.47475,1.3001499220076327,0.7885752505886782,0.7676212719063892,0.7693156882491193,0.7323747404748424,0.7638131500476805,0.7271620741844019,0.8190517467674008,0.8217952270465095,0.04337044956140351,0.7325617210150923,492.344375,477.9186875,1.0193873470962214,0.0,0.0,0.0,0.0,0.0,8.383222375738788,7.4509011215298,1.318532635304542,0.05063402870858738,5.734883023181949,5.068980016334059,1.2508605685102807,0.08540086078048156,3.8347885319229587,3.4403017075708635,1.1853587029686066,0.5912499920749501,0.08159844134294192,0.08125265584458335,0.07734550738563865,0.05068010192809768,0.0764947688043787,0.04760184136254452,0.05667467281358998,0.04142908811361831,0.02317139166848185,0.11083644781672487,239.04792359529173,211.8679487381442,0.3153229142924705,57.0,59.0,59.0,0.0,1.0,6.0,6.0,-2.0,0.8571428571428571,5.0,4.0,-3.0,0.7692307692307693,0.0,1.0,-1.0,0.5714285714285714,0.6666666666666666,0.6666666666666666,0.6666666666666666,0.6666666666666666,0.6666666666666666,0.6666666666666666,0.75,0.75,0.009064327485380117,0.5393806756964753,157.0,149.0,0.7684775506908045,57.0,59.0,59.0,0.0,1.0,16.0,15.0,-1.0,0.9523809523809523,13.0,12.0,-1.0,0.8947368421052632,2.0,3.0,1.0,1.0,0.7857142857142857,0.7619047619047619,0.7619047619047619,0.7272727272727273,0.75,0.7222222222222222,0.8125,0.8181818181818182,0.041812865497076024,0.7399946907274593,456.5,461.0,0.9635351367267712,57.0,59.0,59.0,0.0,1.0,25.0,24.0,0.0,1.0,21.0,19.0,0.0,1.0,8.0,8.0,2.0,2.0,0.9333333333333333,0.9,0.9,0.8,0.8888888888888888,0.8,0.9090909090909091,0.8888888888888888,0.08304093567251462,0.9010457631086142,888.0999999999985,828.0,1.4303089143865844
mixed_missing_spurious,0.25,repaired,57.0,59.0,59.0,0.0,1.0,16.085,14.600375,-1.484625,0.9186416200866488,12.993125,11.0261875,-1.9669375,0.8573196053850981,3.091875,3.5741875,0.4823125,1.3402691457869467,0.7317093840053499,0.7119151882459984,0.7200614292993686,0.6788504786759869,0.7066302681875422,0.6656963210091971,0.7660241314930878,0.7680582886909557,0.0543015168128655,0.6705604201267608,492.344375,468.5409375,1.0109990076461457,0.0,0.0,0.0,0.0,0.0,8.383222375738788,6.871144420580754,1.8889776664015883,0.06212955752948727,5.734883023181949,4.664049881800688,1.5927187190935892,0.0972062617336015,3.8347885319229587,3.225836572300773,1.387554497690635,0.6577990542139875,0.08362650667235685,0.0813963117818619,0.07898997165979507,0.04579837279657194,0.07981715448768034,0.04152319240836383,0.0624852244885023,0.04227987484731022,0.02677931785174129,0.11162256998276852,239.04792359529173,201.6366203273532,0.3567102438855569,57.0,59.0,59.0,0.0,1.0,6.0,6.0,-4.0,0.8,5.0,4.0,-4.0,0.7142857142857143,0.0,1.0,-1.0,0.5,0.6,0.6,0.6,0.6111111111111112,0.5833333333333334,0.5952380952380952,0.6666666666666666,0.6875,0.01432748538011696,0.4723779551647754,157.0,158.0,0.7356600373389387,57.0,59.0,59.0,0.0,1.0,16.0,15.0,-1.0,0.9230769230769231,13.0,11.0,-2.0,0.85,2.0,3.0,1.0,1.0,0.7272727272727273,0.7058823529411765,0.7142857142857143,0.6666666666666666,0.7,0.6666666666666666,0.7619047619047619,0.7692307692307693,0.05292397660818714,0.679465776293823,456.5,455.0,0.940801543256958,57.0,59.0,59.0,0.0,1.0,25.0,22.0,0.0,1.0,21.0,18.0,0.0,1.0,8.0,8.0,2.0,3.0,0.875,0.85,0.8571428571428571,0.75,0.8333333333333334,0.75,0.875,0.8333333333333334,0.09970760233918129,0.8333333333333334,888.0999999999985,799.0,1.4918032786885247
mixed_missing_spurious,0.25,unrepaired,57.0,59.0,59.0,0.0,1.0,16.085,14.909375,-1.175625,0.9352286175563789,12.993125,11.2750625,-1.7180625,0.8736223059079576,3.091875,3.6343125,0.5424375,1.3574177951221045,0.7317093840053499,0.7119151882459984,0.710255738188345,0.6695626535480672,0.7020763499591611,0.6617764943409061,0.7679961285561483,0.7710293293735788,0.0543015168128655,0.6705604201267608,492.344375,468.5409375,1.0109990076461457,0.0,0.0,0.0,0.0,0.0,8.383222375738788,7.118028431730404,1.607347918881684,0.054637699865504534,5.734883023181949,4.86366698845939,1.4734176023986518,0.09804779657634137,3.8347885319229587,3.3153276029170065,1.3543222273104802,0.6625181901771189,0.08362650667235685,0.0813963117818619,0.07858206131555666,0.04243743355395998,0.07669232451681945,0.035335970054873614,0.060196031396416536,0.039583013048895686,0.02677931785174129,0.11162256998276852,239.04792359529173,201.6366203273532,0.3567102438855569,57.0,59.0,59.0,0.0,1.0,6.0,6.0,-3.0,0.8333333333333334,5.0,4.0,-4.0,0.7272727272727273,0.0,1.0,-1.0,0.5,0.6,0.6,0.6,0.6071428571428571,0.5909090909090909,0.6,0.6666666666666666,0.7,0.01432748538011696,0.4723779551647754,157.0,158.0,0.7356600373389387,57.0,59.0,59.0,0.0,1.0,16.0,15.0,-1.0,0.9411764705882353,13.0,11.0,-2.0,0.8666666666666667,2.0,3.0,1.0,1.1666666666666667,0.7272727272727273,0.7058823529411765,0.7,0.6666666666666666,0.7,0.6666666666666666,0.7647058823529411,0.7727272727272727,0.05292397660818714,0.679465776293823,456.5,455.0,0.940801543256958,57.0,59.0,59.0,0.0,1.0,25.0,23.0,0.0,1.0,21.0,18.0,0.0,1.0,8.0,8.0,2.0,3.0,0.875,0.85,0.8333333333333334,0.75,0.8333333333333334,0.7142857142857143,0.875,0.8333333333333334,0.09970760233918129,0.8333333333333334,888.0999999999985,799.0,1.4918032786885247
mixed_missing_spurious,0.3,repaired,57.0,59.0,59.0,0.0,1.0,16.085,14.1264375,-1.9585625,0.8905958887515069,12.993125,10.535875,-2.45725,0.8214942153604116,3.091875,3.5905625,0.4986875,1.3745533291968772,0.6867210366138647,0.6694728383254333,0.6735765138094939,0.6300675504871338,0.658151532738452,0.6151907133466211,0.721193859644445,0.7216396179084476,0.06358726242690059,0.6236829509022774,492.344375,458.0283125,0.9994082095122688,0.0,0.0,0.0,0.0,0.0,8.383222375738788,6.545590413072744,2.225793132410443,0.06441525822083746,5.734883023181949,4.430709867927011,1.8413335776914583,0.10275838280440759,3.8347885319229587,3.1094055233698676,1.5649764692490082,0.7210720808288215,0.08808959862723034,0.08423806452596372,0.08338109282440315,0.0491873856709024,0.08395249723757299,0.04478117948445181,0.0697468993560969,0.046195213138190167,0.03039952757655864,0.11254810605714005,239.04792359529173,194.35239917310963,0.3893838356876805,57.0,59.0,59.0,0.0,1.0,6.0,6.0,-5.0,0.7647058823529411,5.0,4.0,-5.0,0.6666666666666666,0.0,1.0,-2.0,0.5,0.5555555555555556,0.5555555555555556,0.55,0.5625,0.5333333333333333,0.5454545454545454,0.6153846153846154,0.6428571428571429,0.017251461988304094,0.4246740977817018,157.0,157.0,0.7048395470903686,57.0,59.0,59.0,0.0,1.0,16.0,14.0,-2.0,0.9,13.0,11.0,-2.0,0.8095238095238095,2.0,3.0,1.0,1.1428571428571428,0.6818181818181818,0.6666666666666666,0.6666666666666666,0.625,0.6666666666666666,0.6153846153846154,0.7142857142857143,0.7222222222222222,0.06198830409356725,0.6323897432736463,456.5,448.0,0.9194526696765621,57.0,59.0,59.0,0.0,1.0,25.0,22.0,0.0,1.0,21.0,17.0,0.0,1.0,8.0,8.0,3.0,3.0,0.8333333333333334,0.8125,0.8,0.7142857142857143,0.8,0.7142857142857143,0.8333333333333334,0.8,0.11491228070175438,0.788676172914595,888.0999999999985,779.0,1.5265051808606884
mixed_missing_spurious,0.3,unrepaired,57.0,59.0,59.0,0.0,1.0,16.085,14.4514375,-1.6335625,0.9079258799674864,12.993125,10.797,-2.196125,0.8385121466784938,3.091875,3.6544375,0.5625625,1.3939169347938933,0.6867210366138647,0.6694728383254333,0.6641231905301465,0.6212512541978974,0.6539140589281747,0.6115224886092545,0.7235455785416243,0.7246698325882762,0.06358726242690059,0.6236829509022774,492.344375,458.0283125,0.9994082095122688,0.0,0.0,0.0,0.0,0.0,8.383222375738788,6.8042935220520695,1.938239112383269,0.05665737767197236,5.734883023181949,4.638858796965421,1.7093398139449854,0.10367458710574577,3.8347885319229587,3.204943999155228,1.529373113395242,0.7310510125205698,0.08808959862723034,0.08423806452596372,0.08280144374387971,0.04682018154431897,0.08118918315010779,0.03990574323385257,0.06761493396561473,0.043566191131642056,0.03039952757655864,0.11254810605714005,239.04792359529173,194.35239917310963,0.3893838356876805,57.0,59.0,59.0,0.0,1.0,6.0,6.0,-4.0,0.8,5.0,4.0,-5.0,0.6666666666666666,0.0,1.0,-2.0,0.5,0.5555555555555556,0.5555555555555556,0.5454545454545454,0.56,0.5384615384615384,0.5517241379310345,0.625,0.6470588235294118,0.017251461988304094,0.4246740977817018,157.0,157.0,0.7048395470903686,57.0,59.0,59.0,0.0,1.0,16.0,14.0,-1.0,0.9090909090909091,13.0,11.0,-2.0,0.8333333333333334,2.0,3.0,1.0,1.1666666666666667,0.6818181818181818,0.6666666666666666,0.6666666666666666,0.6153846153846154,0.6470588235294118,0.6111111111111112,0.7222222222222222,0.7272727272727273,0.06198830409356725,0.6323897432736463,456.5,448.0,0.9194526696765621,57.0,59.0,59.0,0.0,1.0,25.0,23.0,0.0,1.0,21.0,18.0,0.0,1.0,8.0,8.0,3.0,3.0,0.8333333333333334,0.8125,0.8,0.7142857142857143,0.8,0.6666666666666666,0.8333333333333334,0.8,0.11491228070175438,0.788676172914595,888.0999999999985,779.0,1.5265051808606884
mixed_missing_spurious,0.4,repaired,57.0,59.0,59.0,0.0,1.0,16.085,12.958875,-3.126125,0.8207918085528898,12.993125,9.45875,-3.534375,0.7397652493553157,3.091875,3.500125,0.40825,1.3818200192301855,0.5889016461916573,0.582147966212979,0.5733289853942926,0.5314115536294179,0.5532217605244429,0.5123441038731257,0.6196535364850011,0.6198709608254542,0.08125840643274854,0.5308585239874277,492.344375,426.794125,0.9527112418517241,0.0,0.0,0.0,0.0,0.0,8.383222375738788,5.874550249224579,2.893871263559533,0.06903026171848214,5.734883023181949,3.9916060984211437,2.2855294435157223,0.11401774193318152,3.8347885319229587,2.8282724284769847,1.8626389281033542,0.8013194991968041,0.09124133347141548,0.08331255056105272,0.08562265954879739,0.04750714533406508,0.08328795500425538,0.03766089888658505,0.07579432358986737,0.04669606651225529,0.036798172858326504,0.11132397891117411,239.04792359529173,177.78186146195006,0.5253264474782221,57.0,59.0,59.0,0.0,1.0,6.0,5.0,-6.0,0.7,5.0,3.0,-7.0,0.5714285714285714,0.0,1.0,-2.0,0.5,0.45,0.45454545454545453,0.4444444444444444,0.4666666666666667,0.4259062253743105,0.4444444444444444,0.5,0.5384615384615384,0.02543859649122807,0.32920160638512835,157.0,150.0,0.6251464325645812,57.0,59.0,59.0,0.0,1.0,16.0,13.0,-3.0,0.8181818181818182,13.0,9.0,-3.0,0.7333333333333333,2.0,3.0,1.0,1.0,0.5833333333333334,0.5714285714285714,0.5714285714285714,0.5263157894736842,0.55,0.5,0.6153846153846154,0.6190476190476191,0.07923976608187135,0.5384615384615384,456.5,418.0,0.8573978858720778,57.0,59.0,59.0,0.0,1.0,25.0,21.0,-1.0,0.9166666666666666,21.0,15.0,0.0,1.0,8.0,7.0,3.0,3.0,0.75,0.7272727272727273,0.7142857142857143,0.6129032258064516,0.6923076923076923,0.5714285714285714,0.75,0.7,0.14269005847953217,0.6963233357992801,888.0999999999985,721.0,1.518450892363935
mixed_missing_spurious,0.4,unrepaired,57.0,59.0,59.0,0.0,1.0,16.085,13.30475,-2.78025,0.8393846860536955,12.993125,9.72775,-3.265375,0.7575888740753481,3.091875,3.577,0.485125,1.4046666653827518,0.5889016461916573,0.582147966212979,0.5652375517675062,0.52382751648613,0.5500277201644809,0.5097295151444651,0.6221806370426898,0.622915935756206,0.08125840643274854,0.5308585239874277,492.344375,426.794125,0.9527112418517241,0.0,0.0,0.0,0.0,0.0,8.383222375738788,6.1588755606653605,2.5689486966632704,0.06049865593136108,5.734883023181949,4.203062460382654,2.133362501216701,0.1153751499987335,3.8347885319229587,2.9486207619452975,1.8001336796066079,0.8098915445683273,0.09124133347141548,0.08331255056105272,0.08435956848396141,0.044888385689383595,0.079804107967971,0.03179477889380876,0.07405334491712312,0.044096208586258366,0.036798172858326504,0.11132397891117411,239.04792359529173,177.78186146195006,0.5253264474782221,57.0,59.0,59.0,0.0,1.0,6.0,5.0,-6.0,0.75,5.0,3.0,-7.0,0.5833333333333334,0.0,1.0,-2.0,0.5,0.45,0.45454545454545453,0.4375,0.4642857142857143,0.42857142857142855,0.45454545454545453,0.5,0.5475818452380953,0.02543859649122807,0.32920160638512835,157.0,150.0,0.6251464325645812,57.0,59.0,59.0,0.0,1.0,16.0,14.0,-2.0,0.8421052631578947,13.0,10.0,-3.0,0.75,2.0,3.0,1.0,1.1428571428571428,0.5833333333333334,0.5714285714285714,0.5555555555555556,0.5185185185185185,0.5454545454545454,0.5,0.6190476190476191,0.625,0.07923976608187135,0.5384615384615384,456.5,418.0,0.8573978858720778,57.0,59.0,59.0,0.0,1.0,25.0,21.0,-1.0,0.9166666666666666,21.0,16.0,0.0,1.0,8.0,8.0,3.0,3.0,0.75,0.7272727272727273,0.7142857142857143,0.6,0.6666666666666666,0.56,0.75,0.7058823529411765,0.14269005847953217,0.6963233357992801,888.0999999999985,721.0,1.518450892363935
mixed_missing_spurious,0.5,repaired,57.0,59.0,59.0,0.0,1.0,16.085,11.490125,-4.594875,0.7265885694809149,12.993125,8.1778125,-4.8153125,0.6383363178887155,3.091875,3.3123125,0.2204375,1.34044702331702,0.4908962609138548,0.4963662213299358,0.47428162223833753,0.43655639088639586,0.45174009505648927,0.4148272694799075,0.5118695251810216,0.5101700469376552,0.09846282894736842,0.44084399869522645,492.344375,385.400875,0.874204010000233,0.0,0.0,0.0,0.0,0.0,8.383222375738788,5.159282035450291,3.583441265052524,0.06395983442621189,5.734883023181949,3.5310196078555878,2.738666974258366,0.11562909657270297,3.8347885319229587,2.518440948562114,2.1953122832173673,0.8561588858159579,0.08961182919878749,0.08026590926085668,0.08402614481431825,0.04632963093672177,0.07936941572122908,0.03313234418277023,0.0788000079506503,0.04161653733877122,0.043145492638789515,0.10916124461485394,239.04792359529173,159.23449265379801,0.5845955559370739,57.0,59.0,59.0,0.0,1.0,6.0,4.0,-9.0,0.6086956521739131,5.0,3.0,-9.0,0.46153846153846156,0.0,1.0,-3.0,0.3333333333333333,0.35294117647058826,0.375,0.3333333333333333,0.375,0.3333333333333333,0.3548387096774194,0.38461538461538464,0.43333333333333335,0.03274853801169591,0.2548380869348611,157.0,135.0,0.5374149659863946,57.0,59.0,59.0,0.0,1.0,16.0,12.0,-4.0,0.7333333333333333,13.0,8.0,-5.0,0.631578947368421,2.0,3.0,0.0,1.0,0.5,0.5,0.47368421052631576,0.42857142857142855,0.45,0.4166666666666667,0.5,0.5,0.09619883040935673,0.44705073225989156,456.5,379.0,0.770196141536591,57.0,59.0,59.0,0.0,1.0,25.0,18.0,-1.0,0.8181818181818182,21.0,13.0,-1.0,0.8333333333333334,8.0,7.0,3.0,3.0,0.6363636363636364,0.631578947368421,0.6,0.5217391304347826,0.5833333333333334,0.4583333333333333,0.6428571428571429,0.5714285714285714,0.17017543859649123,0.6045469399881164,888.0999999999985,648.0,1.4648774355751097
mixed_missing_spurious,0.5,unrepaired,57.0,59.0,59.0,0.0,1.0,16.085,11.815125,-4.269875,0.7439799937781797,12.993125,8.42375,-4.569375,0.6546211716732848,3.091875,3.391375,0.2995,1.3645046402467698,0.4908962609138548,0.4963662213299358,0.4684160245471808,0.4311000532508118,0.4494796358590315,0.4131549381405514,0.513987462301549,0.5126754825026477,0.09846282894736842,0.44084399869522645,492.344375,385.400875,0.874204010000233,0.0,0.0,0.0,0.0,0.0,8.383222375738788,5.4320153174282995,3.270468006560584,0.056286403985321,5.734883023181949,3.7345257537152974,2.585460287295303,0.11767324899962874,3.8347885319229587,2.6333218581053734,2.13370787464706,0.8682903694247577,0.08961182919878749,0.08026590926085668,0.08293470985261422,0.04475664278463291,0.07663526477881265,0.028025907229309144,0.07799079188493968,0.0394763436935019,0.043145492638789515,0.10916124461485394,239.04792359529173,159.23449265379801,0.5845955559370739,57.0,59.0,59.0,0.0,1.0,6.0,4.0,-8.0,0.6428571428571429,5.0,3.0,-8.0,0.47058823529411764,0.0,1.0,-3.0,0.3333333333333333,0.35294117647058826,0.375,0.3333333333333333,0.375,0.3333333333333333,0.36363636363636365,0.391304347826087,0.4444444444444444,0.03274853801169591,0.2548380869348611,157.0,135.0,0.5374149659863946,57.0,59.0,59.0,0.0,1.0,16.0,12.0,-4.0,0.75,13.0,8.0,-4.0,0.65,2.0,3.0,0.0,1.0,0.5,0.5,0.4666666666666667,0.42105263157894735,0.4444444444444444,0.41379310344827586,0.5,0.5,0.09619883040935673,0.44705073225989156,456.5,379.0,0.770196141536591,57.0,59.0,59.0,0.0,1.0,25.0,18.0,-1.0,0.8181818181818182,21.0,14.0,-1.0,0.8571428571428571,8.0,7.0,3.0,3.0,0.6363636363636364,0.631578947368421,0.6,0.5,0.5714285714285714,0.45454545454545453,0.6428571428571429,0.5714285714285714,0.17017543859649123,0.6045469399881164,888.0999999999985,648.0,1.4648774355751097
mixed_missing_spurious,0.6,repaired,57.0,59.0,59.0,0.0,1.0,16.085,9.9304375,-6.1545625,0.6289763983942058,12.993125,6.9985,-5.994625,0.5482450665327964,3.091875,2.9319375,-0.1599375,1.1946717223077254,0.41546485684313267,0.4327399829252417,0.3987079043390558,0.3690862881388802,0.3757124262447356,0.34732948787243517,0.42606533124635965,0.4243717796699515,0.10966650219298245,0.3767726746458,492.344375,337.9338125,0.7749603739657166,0.0,0.0,0.0,0.0,0.0,8.383222375738788,4.443614257034793,4.24875583894626,0.06232446543324968,5.734883023181949,3.0516314945326632,3.2106448533586556,0.11478322100784275,3.8347885319229587,2.245800574930387,2.413342393846779,0.8080730082577421,0.08808497414483848,0.08067179773396715,0.08138222919699502,0.04634025405308474,0.07559642149295635,0.032890497285856975,0.07854909920009014,0.041905661006594964,0.04859680236518209,0.10490368043930436,239.04792359529173,140.41330706263176,0.5242896062768782,57.0,59.0,59.0,0.0,1.0,6.0,4.0,-11.0,0.5263157894736842,5.0,2.0,-11.0,0.375,0.0,0.0,-3.0,0.0,0.2857142857142857,0.32,0.2727272727272727,0.3125,0.25,0.2916666666666667,0.3,0.35294117647058826,0.03450292397660819,0.20491309500296268,157.0,118.0,0.45098039215686275,57.0,59.0,59.0,0.0,1.0,16.0,9.0,-6.0,0.631578947368421,13.0,7.0,-6.0,0.5384615384615384,2.0,3.0,0.0,1.0,0.4090909090909091,0.42105263157894735,0.4,0.36,0.375,0.34615384615384615,0.42857142857142855,0.42105263157894735,0.1067251461988304,0.378815468153897,456.5,334.0,0.673602186176761,57.0,59.0,59.0,0.0,1.0,25.0,16.0,-2.0,0.7272727272727273,21.0,12.0,-2.0,0.75,8.0,6.0,2.0,3.0,0.5714285714285714,0.5714285714285714,0.5333333333333333,0.45454545454545453,0.5,0.4,0.5714285714285714,0.5,0.19005847953216373,0.5428571428571428,888.0999999999985,568.0,1.3701223149358264
mixed_missing_spurious,0.6,unrepaired,57.0,59.0,59.0,0.0,1.0,16.085,10.1945625,-5.8904375,0.6429985193270317,12.993125,7.198875,-5.79425,0.561441283264893,3.091875,2.9956875,-0.0961875,1.215180597187158,0.41546485684313267,0.4327399829252417,0.3949374599565192,0.36552891302724,0.37454273164058116,0.34654917239142113,0.4278326840189069,0.4264214275152494,0.10966650219298245,0.3767726746458,492.344375,337.9338125,0.7749603739657166,0.0,0.0,0.0,0.0,0.0,8.383222375738788,4.6681307714008895,3.985558474149593,0.05616070584795221,5.734883023181949,3.2150186245062824,3.0794901593003283,0.11614475249827651,3.8347885319229587,2.346462874273758,2.352771012138345,0.8219192798905985,0.08808497414483848,0.08067179773396715,0.08068076292432177,0.04545216240960148,0.07364854074165834,0.029403350334929104,0.07803058014417996,0.04018673603568114,0.04859680236518209,0.10490368043930436,239.04792359529173,140.41330706263176,0.5242896062768782,57.0,59.0,59.0,0.0,1.0,6.0,4.0,-10.0,0.5512820512820513,5.0,2.0,-10.0,0.38461538461538464,0.0,0.0,-3.0,0.0,0.2857142857142857,0.32,0.2727272727272727,0.31107279693486595,0.25,0.3,0.3076923076923077,0.36363636363636365,0.03450292397660819,0.20491309500296268,157.0,118.0,0.45098039215686275,57.0,59.0,59.0,0.0,1.0,16.0,9.0,-6.0,0.6470588235294118,13.0,7.0,-6.0,0.5555555555555556,2.0,3.0,0.0,1.0,0.4090909090909091,0.42105263157894735,0.391304347826087,0.35714285714285715,0.375,0.34615384615384615,0.42857142857142855,0.42857142857142855,0.1067251461988304,0.378815468153897,456.5,334.0,0.673602186176761,57.0,59.0,59.0,0.0,1.0,25.0,16.0,-2.0,0.7272727272727273,21.0,12.0,-2.0,0.75,8.0,6.0,3.0,3.0,0.5714285714285714,0.5714285714285714,0.5263157894736842,0.4444444444444444,0.5,0.4,0.5714285714285714,0.5,0.19005847953216373,0.5428571428571428,888.0999999999985,568.0,1.3701223149358264
mixed_missing_spurious,0.7,repaired,57.0,59.0,59.0,0.0,1.0,16.085,8.0793125,-8.0056875,0.519105719460141,12.993125,5.6028125,-7.3903125,0.4446040161123451,3.091875,2.4765,-0.615375,1.0404201805294098,0.3337031667993485,0.3608509403856566,0.3177578458300579,0.29645139783991753,0.29620871031494067,0.27587015426264133,0.33498869677649246,0.33399850358769756,0.1198452850877193,0.30771753963253146,492.344375,279.614,0.6561923673824588,0.0,0.0,0.0,0.0,0.0,8.383222375738788,3.5009338841189903,5.115079706599786,0.06982518299301603,5.734883023181949,2.4346817183228655,3.7960992216254104,0.11678872348726278,3.8347885319229587,1.9031024965683045,2.667842470207035,0.7648449617355635,0.08792569625125744,0.07965164042866874,0.08044875927964745,0.04676979845230065,0.07397090115827627,0.03238326024685357,0.08046688330187775,0.04537773528593388,0.053163798745337,0.09917659477606562,239.04792359529173,116.04069854681327,0.5011966748415466,57.0,59.0,59.0,0.0,1.0,6.0,3.0,-14.0,0.4166666666666667,5.0,2.0,-13.0,0.2727272727272727,0.0,0.0,-4.0,0.0,0.2,0.25,0.2,0.24711216242854334,0.1875,0.22727272727272727,0.2222222222222222,0.2692307692307692,0.039473684210526314,0.14928927618531257,157.0,104.0,0.3542226334003423,57.0,59.0,59.0,0.0,1.0,16.0,8.0,-7.0,0.5,13.0,5.0,-7.0,0.4375,2.0,2.0,0.0,1.0,0.3333333333333333,0.35,0.3125,0.2857142857142857,0.29411764705882354,0.2727272727272727,0.3333333333333333,0.3333333333333333,0.11461988304093568,0.30649744572158366,456.5,272.0,0.5583165141686188,57.0,59.0,59.0,0.0,1.0,25.0,13.0,-2.0,0.625,21.0,9.0,-2.0,0.6666666666666666,8.0,5.0,2.0,3.0,0.5,0.5,0.4444444444444444,0.38461538461538464,0.4166666666666667,0.3333333333333333,0.5,0.42857142857142855,0.20789473684210527,0.4678503370466344,888.0999999999985,469.0,1.210550458715596
mixed_missing_spurious,0.7,unrepaired,57.0,59.0,59.0,0.0,1.0,16.085,8.26875,-7.81625,0.5290666966242529,12.993125,5.744,-7.249125,0.4538249882129175,3.091875,2.52475,-0.567125,1.0554056202444302,0.3337031667993485,0.3608509403856566,0.3157900717857667,0.29458246567236646,0.295804019413261,0.27572474085844434,0.3361188472789997,0.33534343795157673,0.1198452850877193,0.30771753963253146,492.344375,279.614,0.6561923673824588,0.0,0.0,0.0,0.0,0.0,8.383222375738788,3.6710510383244337,4.914315348393811,0.06532867094394645,5.734883023181949,2.5538689552157945,3.696321233171052,0.11768364538602032,3.8347885319229587,1.9841266302595963,2.608120851834443,0.7738293373507622,0.08792569625125744,0.07965164042866874,0.08007415630942537,0.046340083985643904,0.07262788704823699,0.030187581691791587,0.08032573615163188,0.04450479938103042,0.053163798745337,0.09917659477606562,239.04792359529173,116.04069854681327,0.5011966748415466,57.0,59.0,59.0,0.0,1.0,6.0,3.0,-13.0,0.44,5.0,2.0,-13.0,0.2777777777777778,0.0,0.0,-4.0,0.0,0.2,0.25,0.2,0.25,0.19047619047619047,0.23333333333333334,0.2222222222222222,0.2777777777777778,0.039473684210526314,0.14928927618531257,157.0,104.0,0.3542226334003423,57.0,59.0,59.0,0.0,1.0,16.0,8.0,-7.0,0.5238095238095238,13.0,6.0,-7.0,0.4444444444444444,2.0,2.0,0.0,1.0,0.3333333333333333,0.35,0.3125,0.2857142857142857,0.29411764705882354,0.2727272727272727,0.3333333333333333,0.3333333333333333,0.11461988304093568,0.30649744572158366,456.5,272.0,0.5583165141686188,57.0,59.0,59.0,0.0,1.0,25.0,13.0,-2.0,0.625,21.0,10.0,-2.0,0.6666666666666666,8.0,5.0,2.0,3.0,0.5,0.5,0.4444444444444444,0.38461538461538464,0.4117647058823529,0.3333333333333333,0.5,0.42857142857142855,0.20789473684210527,0.4678503370466344,888.0999999999985,469.0,1.210550458715596
mixed_missing_spurious,0.8,repaired,57.0,59.0,59.0,0.0,1.0,16.085,5.91825,-10.16675,0.37030377642964013,12.993125,4.0461875,-8.9469375,0.3149154799194162,3.091875,1.8720625,-1.2198125,0.7791447789160063,0.24196386349649757,0.2770814526886202,0.22865188982464899,0.21619203393320177,0.20983258234902674,0.1982296277335793,0.23394324664262886,0.23265931804517842,0.12944201388888887,0.23015053455423531,492.344375,209.6315625,0.48483499800841284,0.0,0.0,0.0,0.0,0.0,8.383222375738788,2.776764995275961,5.8560513805046766,0.06243273276971647,5.734883023181949,1.9732074299389712,4.240665728863536,0.09940516853309447,3.8347885319229587,1.542309361308268,3.0129408105892517,0.6708597460791877,0.08115772756668616,0.07436832126441423,0.07372299042832535,0.04208586810679776,0.06592757757966437,0.02921457585085028,0.07174422885183673,0.03845108382101963,0.05957205618711874,0.092818441743616,239.04792359529173,96.6919517056818,0.402072401036474,57.0,59.0,59.0,0.0,1.0,6.0,3.0,-17.0,0.25,5.0,1.0,-15.0,0.16666666666666666,0.0,0.0,-5.0,0.0,0.125,0.18181818181818182,0.1111111111111111,0.17391304347826086,0.1111111111111111,0.15625,0.125,0.1875,0.038304093567251465,0.0761269461986308,157.0,60.0,0.22985062822502383,57.0,59.0,59.0,0.0,1.0,16.0,5.0,-10.0,0.375,13.0,4.0,-9.0,0.3125,2.0,2.0,-1.0,0.6666666666666666,0.23529411764705882,0.2631578947368421,0.2222222222222222,0.2,0.21052631578947367,0.2,0.23076923076923078,0.22727272727272727,0.12368421052631579,0.22759027325959663,456.5,206.0,0.4134366925064599,57.0,59.0,59.0,0.0,1.0,25.0,9.0,-4.0,0.45454545454545453,21.0,7.0,-3.0,0.5,8.0,4.0,2.0,2.0,0.38461538461538464,0.4,0.3333333333333333,0.2857142857142857,0.3333333333333333,0.25,0.35714285714285715,0.3076923076923077,0.22777777777777777,0.38461538461538464,888.0999999999985,368.0,0.9059065873540424
mixed_missing_spurious,0.8,unrepaired,57.0,59.0,59.0,0.0,1.0,16.085,6.033625,-10.051375,0.3761887456217652,12.993125,4.131625,-8.8615,0.32042319176846884,3.091875,1.902,-1.189875,0.787863710763944,0.24196386349649757,0.2770814526886202,0.22786743610735416,0.21547502894509166,0.20994775015310932,0.19848041938646335,0.23454760487932988,0.2333298770280203,0.12944201388888887,0.23015053455423531,492.344375,209.6315625,0.48483499800841284,0.0,0.0,0.0,0.0,0.0,8.383222375738788,2.8851801721753985,5.719486877553704,0.061107410690857476,5.734883023181949,2.049252869757113,4.174389996842688,0.10079422778838579,3.8347885319229587,1.5945390900451006,2.9677850273601423,0.6775862558996711,0.08115772756668616,0.07436832126441423,0.07351271131051114,0.041933786747750494,0.0652132352514858,0.02791407897994936,0.07170826162906144,0.038069880330034,0.05957205618711874,0.092818441743616,239.04792359529173,96.6919517056818,0.402072401036474,57.0,59.0,59.0,0.0,1.0,6.0,3.0,-16.0,0.25,5.0,1.0,-15.0,0.16666666666666666,0.0,0.0,-5.0,0.0,0.125,0.18181818181818182,0.1111111111111111,0.17391304347826086,0.1111111111111111,0.16666666666666666,0.125,0.19230769230769232,0.038304093567251465,0.0761269461986308,157.0,60.0,0.22985062822502383,57.0,59.0,59.0,0.0,1.0,16.0,5.0,-10.0,0.38461538461538464,13.0,4.0,-9.0,0.3157894736842105,2.0,2.0,-1.0,0.6666666666666666,0.23529411764705882,0.2631578947368421,0.2222222222222222,0.2,0.21052631578947367,0.19230769230769232,0.23529411764705882,0.22727272727272727,0.12368421052631579,0.22759027325959663,456.5,206.0,0.4134366925064599,57.0,59.0,59.0,0.0,1.0,25.0,9.0,-4.0,0.45454545454545453,21.0,7.0,-3.0,0.5,8.0,4.0,2.0,2.0,0.38461538461538464,0.4,0.3333333333333333,0.2857142857142857,0.3333333333333333,0.25,0.35714285714285715,0.3076923076923077,0.22777777777777777,0.38461538461538464,888.0999999999985,368.0,0.9059065873540424
mixed_missing_spurious,0.9,repaired,57.0,59.0,59.0,0.0,1.0,16.085,3.028,-13.057,0.1859643587864424,12.993125,2.140375,-10.85275,0.1655671055806797,3.091875,0.887625,-2.20425,0.36368195084349003,0.14604336091477937,0.17842244713975972,0.136760270029994,0.13353759395190243,0.12899906817596862,0.12581793347602524,0.13638712564889913,0.1356613827642521,0.13332437865497077,0.14789699979657736,492.344375,113.20125,0.2634596231151897,0.0,0.0,0.0,0.0,0.0,8.383222375738788,1.6904938954638873,6.883010750377469,0.048473665279954684,5.734883023181949,1.2340543099890298,4.876133558456423,0.07151702800738655,3.8347885319229587,1.026310231566563,3.26679490239416,0.41573451391019867,0.0678918670863888,0.06201080305100258,0.061170844531874796,0.03475267492973779,0.057880991908388454,0.029451217378124256,0.05979090539968845,0.03250211065256232,0.06406591215578405,0.08272101218743287,239.04792359529173,62.236218013424825,0.24206034576208058,57.0,59.0,59.0,0.0,1.0,6.0,1.0,-21.0,0.1,5.0,0.0,-17.0,0.0,0.0,0.0,-6.0,0.0,0.0,0.1111111111111111,0.0,0.09523809523809523,0.0,0.09523809523809523,0.0,0.1,0.038011695906432746,0.02215483598776501,157.0,24.0,0.07677574784179886,57.0,59.0,59.0,0.0,1.0,16.0,3.0,-13.0,0.1875,13.0,2.0,-11.0,0.16666666666666666,2.0,1.0,-1.0,0.25,0.14285714285714285,0.16666666666666666,0.13333333333333333,0.125,0.125,0.12,0.13333333333333333,0.13043478260869565,0.12456140350877193,0.1411042944785276,456.5,113.0,0.2222222222222222,57.0,59.0,59.0,0.0,1.0,25.0,5.0,-5.0,0.2727272727272727,21.0,4.0,-4.0,0.2857142857142857,8.0,3.0,0.0,1.0,0.25,0.3,0.25,0.2,0.2222222222222222,0.16666666666666666,0.25,0.19047619047619047,0.2391812865497076,0.29545659295659293,888.0999999999985,221.0,0.5218837058632974
mixed_missing_spurious,0.9,unrepaired,57.0,59.0,59.0,0.0,1.0,16.085,3.0573125,-13.0276875,0.1873543490813603,12.993125,2.1623125,-10.8308125,0.1668976369385379,3.091875,0.895,-2.196875,0.3655368549758926,0.14604336091477937,0.17842244713975972,0.13673077992415006,0.13352175823153703,0.12916295871989078,0.12603841815637784,0.13656651911151776,0.13586356192967344,0.13332437865497077,0.14789699979657736,492.344375,113.20125,0.2634596231151897,0.0,0.0,0.0,0.0,0.0,8.383222375738788,1.7235395090107992,6.842977973738155,0.04846147344021935,5.734883023181949,1.2584479063670302,4.855297257564145,0.07203052483272927,3.8347885319229587,1.0421338098727349,3.253098776567228,0.4178640393794972,0.0678918670863888,0.06201080305100258,0.061192804893256444,0.03475372401880785,0.05774423493666163,0.02912296476888161,0.059824720755027226,0.03244703960014266,0.06406591215578405,0.08272101218743287,239.04792359529173,62.236218013424825,0.24206034576208058,57.0,59.0,59.0,0.0,1.0,6.0,1.0,-21.0,0.1,5.0,0.0,-17.0,0.0,0.0,0.0,-6.0,0.0,0.0,0.1111111111111111,0.0,0.09523809523809523,0.0,0.09523809523809523,0.0,0.1,0.038011695906432746,0.02215483598776501,157.0,24.0,0.07677574784179886,57.0,59.0,59.0,0.0,1.0,16.0,3.0,-13.0,0.1875,13.0,2.0,-11.0,0.16666666666666666,2.0,1.0,-1.0,0.25,0.14285714285714285,0.16666666666666666,0.13333333333333333,0.125,0.125,0.12,0.13333333333333333,0.13043478260869565,0.12456140350877193,0.1411042944785276,456.5,113.0,0.2222222222222222,57.0,59.0,59.0,0.0,1.0,25.0,5.0,-5.0,0.2727272727272727,21.0,4.0,-4.0,0.2857142857142857,8.0,3.0,0.0,1.0,0.25,0.3,0.25,0.2,0.2222222222222222,0.16666666666666666,0.25,0.19047619047619047,0.2391812865497076,0.29545659295659293,888.0999999999985,221.0,0.5218837058632974
mixed_spurious_timing_late,0.0,repaired,57.0,59.0,59.0,0.0,1.0,16.085,16.085,0.0,1.0,12.993125,12.993125,0.0,1.0,3.091875,3.091875,0.0,1.0,1.0,1.0,1.0,1.0,1.0,1.0,1.0,1.0,0.0,1.0,492.344375,492.344375,1.0,0.0,0.0,0.0,0.0,0.0,8.383222375738788,8.383222375738788,0.0,0.0,5.734883023181949,5.734883023181949,0.0,0.0,3.8347885319229587,3.8347885319229587,0.0,0.0,0.0,0.0,0.0,0.0,0.0,0.0,0.0,0.0,0.0,0.0,239.04792359529173,239.04792359529173,0.0,57.0,59.0,59.0,0.0,1.0,6.0,6.0,0.0,1.0,5.0,5.0,0.0,1.0,0.0,0.0,0.0,1.0,1.0,1.0,1.0,1.0,1.0,1.0,1.0,1.0,0.0,1.0,157.0,157.0,1.0,57.0,59.0,59.0,0.0,1.0,16.0,16.0,0.0,1.0,13.0,13.0,0.0,1.0,2.0,2.0,0.0,1.0,1.0,1.0,1.0,1.0,1.0,1.0,1.0,1.0,0.0,1.0,456.5,456.5,1.0,57.0,59.0,59.0,0.0,1.0,25.0,25.0,0.0,1.0,21.0,21.0,0.0,1.0,8.0,8.0,0.0,1.0,1.0,1.0,1.0,1.0,1.0,1.0,1.0,1.0,0.0,1.0,888.0999999999985,888.0999999999985,1.0
mixed_spurious_timing_late,0.0,unrepaired,57.0,59.0,59.0,0.0,1.0,16.085,16.085,0.0,1.0,12.993125,12.993125,0.0,1.0,3.091875,3.091875,0.0,1.0,1.0,1.0,1.0,1.0,1.0,1.0,1.0,1.0,0.0,1.0,492.344375,492.344375,1.0,0.0,0.0,0.0,0.0,0.0,8.383222375738788,8.383222375738788,0.0,0.0,5.734883023181949,5.734883023181949,0.0,0.0,3.8347885319229587,3.8347885319229587,0.0,0.0,0.0,0.0,0.0,0.0,0.0,0.0,0.0,0.0,0.0,0.0,239.04792359529173,239.04792359529173,0.0,57.0,59.0,59.0,0.0,1.0,6.0,6.0,0.0,1.0,5.0,5.0,0.0,1.0,0.0,0.0,0.0,1.0,1.0,1.0,1.0,1.0,1.0,1.0,1.0,1.0,0.0,1.0,157.0,157.0,1.0,57.0,59.0,59.0,0.0,1.0,16.0,16.0,0.0,1.0,13.0,13.0,0.0,1.0,2.0,2.0,0.0,1.0,1.0,1.0,1.0,1.0,1.0,1.0,1.0,1.0,0.0,1.0,456.5,456.5,1.0,57.0,59.0,59.0,0.0,1.0,25.0,25.0,0.0,1.0,21.0,21.0,0.0,1.0,8.0,8.0,0.0,1.0,1.0,1.0,1.0,1.0,1.0,1.0,1.0,1.0,0.0,1.0,888.0999999999985,888.0999999999985,1.0
mixed_spurious_timing_late,0.05,repaired,57.0,59.0,56.05475,-2.945250000000003,0.9500805084745763,16.085,11.5095625,-4.5754375,0.684351909669487,12.993125,8.5653125,-4.4278125,0.6313762086792769,3.091875,2.94425,-0.147625,0.9445166550979691,0.6172905527200234,0.6944083902769977,0.6217950519147841,0.6667766438176271,0.0031122640990204832,0.003563050066062751,0.623592609657487,0.6716104286274655,0.07290529970760234,0.5228166798245388,492.344375,288.35125,0.5987789693189014,0.0,0.0,0.0670090899701943,0.0670090899701948,0.0011357472876304274,8.383222375738788,8.237856210858373,2.306976770029848,0.14747209441824402,5.734883023181949,5.125414729034408,2.228025857355583,0.16693913279123662,3.8347885319229587,3.976949892273329,0.668382211237529,0.2826576179462805,0.16205185407979525,0.15182289984901315,0.16295432739333915,0.14057827472624723,0.01477646542171156,0.01520890060925929,0.1631265707022369,0.14152376958988516,0.04318309538138701,0.16770201687015251,239.04792359529173,149.37005920481235,0.20448165799583384,57.0,59.0,56.05,-2.950000000000003,0.95,6.0,3.0,-8.0,0.4370535714285718,5.0,2.0,-8.0,0.38819444444444506,0.0,0.0,-1.0,0.5,0.375,0.46153846153846156,0.375,0.43223938223938246,0.0,0.0,0.375,0.4370535714285718,0.011403508771929825,0.2611111111111111,157.0,63.950000000000045,0.30857142857142855,57.0,59.0,56.05,-2.950000000000003,0.95,16.0,11.0,-5.0,0.6842105263157895,13.0,8.0,-4.0,0.625,2.0,2.0,0.0,1.0,0.6153846153846154,0.7,0.6153846153846154,0.6666666666666666,0.0,0.0,0.6190476190476191,0.6666666666666666,0.06286549707602339,0.5208333333333334,456.5,288.0,0.5859247135842881,57.0,59.0,56.05,-2.950000000000003,0.95,25.0,21.0,-1.0,0.9166666666666666,21.0,16.0,-1.0,0.8888888888888888,8.0,8.0,1.0,1.3333333333333333,0.875,0.9285714285714286,0.8888888888888888,0.9047619047619048,0.030303030303030304,0.02702702702702703,0.8888888888888888,0.9090909090909091,0.15321637426900586,0.8123114713060866,888.0999999999985,553.0,0.9560439560439561
mixed_spurious_timing_late,0.05,unrepaired,57.0,59.0,56.05475,-2.945250000000003,0.9500805084745763,16.085,11.5095625,-4.5754375,0.684351909669487,12.993125,8.5653125,-4.4278125,0.6313762086792769,3.091875,2.94425,-0.147625,0.9445166550979691,0.6172905527200234,0.6944083902769977,0.6217950519147841,0.6667766438176271,0.0031122640990204832,0.003563050066062751,0.623592609657487,0.6716104286274655,0.07290529970760234,0.5228166798245388,492.344375,288.35125,0.5987789693189014,0.0,0.0,0.0670090899701943,0.0670090899701948,0.0011357472876304274,8.383222375738788,8.237856210858373,2.306976770029848,0.14747209441824402,5.734883023181949,5.125414729034408,2.228025857355583,0.16693913279123662,3.8347885319229587,3.976949892273329,0.668382211237529,0.2826576179462805,0.16205185407979525,0.15182289984901315,0.16295432739333915,0.14057827472624723,0.01477646542171156,0.01520890060925929,0.1631265707022369,0.14152376958988516,0.04318309538138701,0.16770201687015251,239.04792359529173,149.37005920481235,0.20448165799583384,57.0,59.0,56.05,-2.950000000000003,0.95,6.0,3.0,-8.0,0.4370535714285718,5.0,2.0,-8.0,0.38819444444444506,0.0,0.0,-1.0,0.5,0.375,0.46153846153846156,0.375,0.43223938223938246,0.0,0.0,0.375,0.4370535714285718,0.011403508771929825,0.2611111111111111,157.0,63.950000000000045,0.30857142857142855,57.0,59.0,56.05,-2.950000000000003,0.95,16.0,11.0,-5.0,0.6842105263157895,13.0,8.0,-4.0,0.625,2.0,2.0,0.0,1.0,0.6153846153846154,0.7,0.6153846153846154,0.6666666666666666,0.0,0.0,0.6190476190476191,0.6666666666666666,0.06286549707602339,0.5208333333333334,456.5,288.0,0.5859247135842881,57.0,59.0,56.05,-2.950000000000003,0.95,25.0,21.0,-1.0,0.9166666666666666,21.0,16.0,-1.0,0.8888888888888888,8.0,8.0,1.0,1.3333333333333333,0.875,0.9285714285714286,0.8888888888888888,0.9047619047619048,0.030303030303030304,0.02702702702702703,0.8888888888888888,0.9090909090909091,0.15321637426900586,0.8123114713060866,888.0999999999985,553.0,0.9560439560439561
mixed_spurious_timing_late,0.1,repaired,57.0,59.0,53.1326875,-5.867312499999998,0.9005540254237289,16.085,10.9428125,-5.1421875,0.6421125720241231,12.993125,7.916,-5.077125,0.578727175652989,3.091875,3.0268125,-0.0650625,1.0057743574878726,0.52921884380591,0.5827273764682759,0.5356409620153462,0.5626988177216397,0.0024411499117882466,0.0030928285732050417,0.5446668343097946,0.5846398643618355,0.10081657529239765,0.3719946366642825,492.344375,260.5303125,0.548612625144099,0.0,0.0,0.32946101647818077,0.32946101647818127,0.005584085025053907,8.383222375738788,8.504245247318865,2.81998975817883,0.17675145022939678,5.734883023181949,5.17230519655552,2.6216132986947294,0.18889003240451016,3.8347885319229587,4.053053823066567,1.0604360677969298,0.4683760562915155,0.17219325499954835,0.15661939242620124,0.17522427396237725,0.15490642803322227,0.014123434747823587,0.01461562026395438,0.17676832165107292,0.16049307397337126,0.05191193400822698,0.14293701534059136,239.04792359529173,139.65926795453873,0.23798350348900293,57.0,59.0,53.1,-5.899999999999999,0.9,6.0,2.0,-10.0,0.3333333333333333,5.0,2.0,-9.0,0.2727272727272727,0.0,0.0,-2.0,0.0,0.25,0.3333333333333333,0.25,0.3076923076923077,0.0,0.0,0.25,0.3157894736842105,0.027777777777777776,0.15765765765765766,157.0,54.0,0.2317596566523605,57.0,59.0,53.1,-5.899999999999999,0.9,16.0,10.0,-5.0,0.6428571428571429,13.0,8.0,-5.0,0.5789473684210527,2.0,2.0,0.0,1.0,0.5,0.5789473684210527,0.5294117647058824,0.5555555555555556,0.0,0.0,0.5454545454545454,0.5833333333333334,0.08947368421052632,0.3668142832935779,456.5,257.0,0.5253165384816617,57.0,59.0,53.1,-5.899999999999999,0.9,25.0,20.0,-1.0,0.9333333333333333,21.0,15.0,-1.0,0.9,8.0,8.0,1.0,2.0,0.8181818181818182,0.8333333333333334,0.8333333333333334,0.8333333333333334,0.0,0.023809523809523808,0.8461538461538461,0.8571428571428571,0.19239766081871346,0.6257641348550436,888.0999999999985,499.0,0.9390494449456712
mixed_spurious_timing_late,0.1,unrepaired,57.0,59.0,53.1326875,-5.867312499999998,0.9005540254237289,16.085,10.9428125,-5.1421875,0.6421125720241231,12.993125,7.916,-5.077125,0.578727175652989,3.091875,3.0268125,-0.0650625,1.0057743574878726,0.52921884380591,0.5827273764682759,0.5356409620153462,0.5626988177216397,0.0024411499117882466,0.0030928285732050417,0.5446668343097946,0.5846398643618355,0.10081657529239765,0.3719946366642825,492.344375,260.5303125,0.548612625144099,0.0,0.0,0.32946101647818077,0.32946101647818127,0.005584085025053907,8.383222375738788,8.504245247318865,2.81998975817883,0.17675145022939678,5.734883023181949,5.17230519655552,2.6216132986947294,0.18889003240451016,3.8347885319229587,4.053053823066567,1.0604360677969298,0.4683760562915155,0.17219325499954835,0.15661939242620124,0.17522427396237725,0.15490642803322227,0.014123434747823587,0.01461562026395438,0.17676832165107292,0.16049307397337126,0.05191193400822698,0.14293701534059136,239.04792359529173,139.65926795453873,0.23798350348900293,57.0,59.0,53.1,-5.899999999999999,0.9,6.0,2.0,-10.0,0.3333333333333333,5.0,2.0,-9.0,0.2727272727272727,0.0,0.0,-2.0,0.0,0.25,0.3333333333333333,0.25,0.3076923076923077,0.0,0.0,0.25,0.3157894736842105,0.027777777777777776,0.15765765765765766,157.0,54.0,0.2317596566523605,57.0,59.0,53.1,-5.899999999999999,0.9,16.0,10.0,-5.0,0.6428571428571429,13.0,8.0,-5.0,0.5789473684210527,2.0,2.0,0.0,1.0,0.5,0.5789473684210527,0.5294117647058824,0.5555555555555556,0.0,0.0,0.5454545454545454,0.5833333333333334,0.08947368421052632,0.3668142832935779,456.5,257.0,0.5253165384816617,57.0,59.0,53.1,-5.899999999999999,0.9,25.0,20.0,-1.0,0.9333333333333333,21.0,15.0,-1.0,0.9,8.0,8.0,1.0,2.0,0.8181818181818182,0.8333333333333334,0.8333333333333334,0.8333333333333334,0.0,0.023809523809523808,0.8461538461538461,0.8571428571428571,0.19239766081871346,0.6257641348550436,888.0999999999985,499.0,0.9390494449456712
mixed_spurious_timing_late,0.15,repaired,57.0,59.0,50.218125,-8.781875000000001,0.8511546610169491,16.085,10.1195625,-5.9654375,0.5943574176395632,12.993125,7.0935625,-5.8995625,0.5205106795331808,3.091875,3.026,-0.065875,1.0422749479444662,0.45020825819772387,0.495688818749728,0.4556542304477787,0.4745097206169921,0.001950123407047189,0.0026565322160944952,0.4655483748327338,0.5013813761975935,0.12306454678362573,0.26543900843271534,492.344375,229.43425,0.5000197239775979,0.0,0.0,0.6321908046237632,0.6321908046237628,0.010715098383453624,8.383222375738788,8.382021441830684,3.157153133693096,0.1747094286590618,5.734883023181949,4.970712002038208,2.943087862939087,0.18741559523886023,3.8347885319229587,4.028425655678521,1.2855986084744297,0.5833589637540606,0.1642432458668263,0.14823147319032134,0.16888166790589895,0.14998177623914488,0.011071403412236617,0.012278142516990203,0.1698632233298634,0.1555804949143925,0.060053011861168265,0.11808196773468296,239.04792359529173,124.47348524874954,0.2641455251711472,57.0,59.0,50.15,-8.850000000000001,0.85,6.0,2.0,-11.0,0.3076923076923077,5.0,2.0,-11.0,0.25,0.0,0.0,-2.0,0.0,0.2,0.25,0.2,0.23076923076923078,0.0,0.0,0.2,0.25,0.03625730994152047,0.0766048880339351,157.0,54.0,0.1681518265539492,57.0,59.0,50.15,-8.850000000000001,0.85,16.0,9.0,-6.0,0.5909090909090909,13.0,6.0,-6.0,0.5,2.0,2.0,0.0,1.0,0.4444444444444444,0.5,0.45,0.47368421052631576,0.0,0.0,0.46153846153846156,0.5,0.11169590643274854,0.2695656929393552,456.5,217.0,0.4684953637108018,57.0,59.0,50.15,-8.850000000000001,0.85,25.0,19.0,-1.0,0.8888888888888888,21.0,14.0,-1.0,0.8333333333333334,8.0,8.0,2.0,2.0,0.7272727272727273,0.75,0.75,0.735898709036742,0.0,0.023809523809523808,0.75,0.7752849698746132,0.2236842105263158,0.4665189241327506,888.0999999999985,442.0,0.9211394704139183
mixed_spurious_timing_late,0.15,unrepaired,57.0,59.0,50.218125,-8.781875000000001,0.8511546610169491,16.085,10.1195625,-5.9654375,0.5943574176395632,12.993125,7.0935625,-5.8995625,0.5205106795331808,3.091875,3.026,-0.065875,1.0422749479444662,0.45020825819772387,0.495688818749728,0.4556542304477787,0.4745097206169921,0.001950123407047189,0.0026565322160944952,0.4655483748327338,0.5013813761975935,0.12306454678362573,0.26543900843271534,492.344375,229.43425,0.5000197239775979,0.0,0.0,0.6321908046237632,0.6321908046237628,0.010715098383453624,8.383222375738788,8.382021441830684,3.157153133693096,0.1747094286590618,5.734883023181949,4.970712002038208,2.943087862939087,0.18741559523886023,3.8347885319229587,4.028425655678521,1.2855986084744297,0.5833589637540606,0.1642432458668263,0.14823147319032134,0.16888166790589895,0.14998177623914488,0.011071403412236617,0.012278142516990203,0.1698632233298634,0.1555804949143925,0.060053011861168265,0.11808196773468296,239.04792359529173,124.47348524874954,0.2641455251711472,57.0,59.0,50.15,-8.850000000000001,0.85,6.0,2.0,-11.0,0.3076923076923077,5.0,2.0,-11.0,0.25,0.0,0.0,-2.0,0.0,0.2,0.25,0.2,0.23076923076923078,0.0,0.0,0.2,0.25,0.03625730994152047,0.0766048880339351,157.0,54.0,0.1681518265539492,57.0,59.0,50.15,-8.850000000000001,0.85,16.0,9.0,-6.0,0.5909090909090909,13.0,6.0,-6.0,0.5,2.0,2.0,0.0,1.0,0.4444444444444444,0.5,0.45,0.47368421052631576,0.0,0.0,0.46153846153846156,0.5,0.11169590643274854,0.2695656929393552,456.5,217.0,0.4684953637108018,57.0,59.0,50.15,-8.850000000000001,0.85,25.0,19.0,-1.0,0.8888888888888888,21.0,14.0,-1.0,0.8333333333333334,8.0,8.0,2.0,2.0,0.7272727272727273,0.75,0.75,0.735898709036742,0.0,0.023809523809523808,0.75,0.7752849698746132,0.2236842105263158,0.4665189241327506,888.0999999999985,442.0,0.9211394704139183
mixed_spurious_timing_late,0.2,repaired,57.0,59.0,47.24855021747806,-11.751449782521936,0.800822885042001,16.085,9.6735625,-6.4114375,0.5724608931512307,12.993125,6.556625,-6.4365,0.4857913406091795,3.091875,3.1169375,0.0250625,1.1184985469393434,0.3925821804178395,0.43302738054283535,0.3953940847567739,0.4076431388455301,0.001924629989267487,0.001858656283453911,0.4071503800685688,0.43921564671038127,0.13908313230994154,0.19539430728334548,492.344375,210.7284375,0.47171509424770197,0.0,0.0,0.6540954890028053,0.6540954890028062,0.011086364220386537,8.383222375738788,8.11386102480746,3.3926576700977216,0.1687891932074269,5.734883023181949,4.732976724659359,3.229898568886933,0.1827719789262858,3.8347885319229587,3.959639256615922,1.4616575860217467,0.686474917434678,0.15649278875037304,0.1433454837623489,0.15983814386716852,0.14455535518874246,0.010896361908975614,0.009309060876423298,0.16060001807817062,0.15065673284230588,0.06545757874405345,0.0947290167536548,239.04792359529173,112.48438886093126,0.2690222638864642,57.0,59.0,47.2,-11.799999999999997,0.8,6.0,2.0,-12.0,0.3076923076923077,5.0,2.0,-12.0,0.2,0.0,0.0,-2.0,0.0,0.16666666666666666,0.2,0.16666666666666666,0.1875,0.0,0.0,0.16666666666666666,0.2,0.043859649122807015,0.0350199226601159,157.0,53.0,0.15333035714285714,57.0,59.0,47.2,-11.799999999999997,0.8,16.0,8.0,-6.0,0.5714285714285714,13.0,6.0,-6.0,0.5,2.0,2.0,0.0,1.0,0.3888888888888889,0.4375,0.4,0.4074074074074074,0.0,0.0,0.4,0.44,0.12777777777777777,0.19799569583931134,456.5,196.0,0.4394638228180349,57.0,59.0,47.2,-11.799999999999997,0.8,25.0,18.0,-2.0,0.8571428571428571,21.0,13.0,-2.0,0.7857142857142857,8.0,8.0,2.0,2.0,0.6666666666666666,0.6666666666666666,0.6666666666666666,0.6538461538461539,0.0,0.0,0.6666666666666666,0.7,0.24736842105263157,0.3495907487959163,888.0999999999985,411.0,0.8985690367812481
mixed_spurious_timing_late,0.2,unrepaired,57.0,59.0,47.24855021747806,-11.751449782521936,0.800822885042001,16.085,9.6735625,-6.4114375,0.5724608931512307,12.993125,6.556625,-6.4365,0.4857913406091795,3.091875,3.1169375,0.0250625,1.1184985469393434,0.3925821804178395,0.43302738054283535,0.3953940847567739,0.4076431388455301,0.001924629989267487,0.001858656283453911,0.4071503800685688,0.43921564671038127,0.13908313230994154,0.19539430728334548,492.344375,210.7284375,0.47171509424770197,0.0,0.0,0.6540954890028053,0.6540954890028062,0.011086364220386537,8.383222375738788,8.11386102480746,3.3926576700977216,0.1687891932074269,5.734883023181949,4.732976724659359,3.229898568886933,0.1827719789262858,3.8347885319229587,3.959639256615922,1.4616575860217467,0.686474917434678,0.15649278875037304,0.1433454837623489,0.15983814386716852,0.14455535518874246,0.010896361908975614,0.009309060876423298,0.16060001807817062,0.15065673284230588,0.06545757874405345,0.0947290167536548,239.04792359529173,112.48438886093126,0.2690222638864642,57.0,59.0,47.2,-11.799999999999997,0.8,6.0,2.0,-12.0,0.3076923076923077,5.0,2.0,-12.0,0.2,0.0,0.0,-2.0,0.0,0.16666666666666666,0.2,0.16666666666666666,0.1875,0.0,0.0,0.16666666666666666,0.2,0.043859649122807015,0.0350199226601159,157.0,53.0,0.15333035714285714,57.0,59.0,47.2,-11.799999999999997,0.8,16.0,8.0,-6.0,0.5714285714285714,13.0,6.0,-6.0,0.5,2.0,2.0,0.0,1.0,0.3888888888888889,0.4375,0.4,0.4074074074074074,0.0,0.0,0.4,0.44,0.12777777777777777,0.19799569583931134,456.5,196.0,0.4394638228180349,57.0,59.0,47.2,-11.799999999999997,0.8,25.0,18.0,-2.0,0.8571428571428571,21.0,13.0,-2.0,0.7857142857142857,8.0,8.0,2.0,2.0,0.6666666666666666,0.6666666666666666,0.6666666666666666,0.6538461538461539,0.0,0.0,0.6666666666666666,0.7,0.24736842105263157,0.3495907487959163,888.0999999999985,411.0,0.8985690367812481
mixed_spurious_timing_late,0.25,repaired,57.0,59.0,44.277628485608986,-14.722371514391014,0.7504682794171015,16.085,9.184625,-6.900375,0.5466920329086049,12.993125,5.9944375,-6.9986875,0.44892878475909553,3.091875,3.1901875,0.0983125,1.182719217382083,0.3416751864713853,0.3827430121357075,0.34268396359986714,0.35452744653620694,0.0014604953306945482,0.0015669025015516251,0.3528912436700638,0.3850482372588115,0.15117609649122807,0.14019296729272332,492.344375,189.109,0.4363748975572827,0.0,0.0,0.4958623890851183,0.49586238908511837,0.008404447272629087,8.383222375738788,7.872470202933024,3.5546082149581055,0.16411974314479727,5.734883023181949,4.500227473311846,3.5088574041076948,0.1814138579338205,3.8347885319229587,3.8816018461325377,1.5710033117586313,0.78074623660163,0.14869658736385394,0.1347861392175106,0.15084167639253895,0.13472748278674032,0.009994016116290515,0.009374098889980826,0.15152880369305904,0.14045143367391127,0.06982288139676232,0.07378041850684727,239.04792359529173,98.08111050561602,0.2887696571092931,57.0,59.0,44.25,-14.75,0.75,6.0,3.0,-13.0,0.2857142857142857,5.0,1.0,-13.0,0.1875,0.0,0.0,-3.0,0.0,0.125,0.17647058823529413,0.125,0.15789473684210525,0.0,0.0,0.125,0.16666666666666666,0.049707602339181284,0.01617861989769287,157.0,48.0,0.14685314685314685,57.0,59.0,44.25,-14.75,0.75,16.0,8.0,-7.0,0.5416666666666666,13.0,5.0,-7.0,0.42857142857142855,2.0,2.0,0.0,1.0,0.3333333333333333,0.38095238095238093,0.3333333333333333,0.34615384615384615,0.0,0.0,0.3333333333333333,0.375,0.1409356725146199,0.13825870444612995,456.5,178.0,0.38752162629757786,57.0,59.0,44.25,-14.75,0.75,25.0,18.0,-2.0,0.8181818181818182,21.0,12.0,-2.0,0.7647058823529411,8.0,8.0,2.0,3.0,0.6,0.6,0.6,0.5769230769230769,0.0,0.0,0.625,0.625,0.26608187134502925,0.2642297908179927,888.0999999999985,360.0,0.851494623146525
mixed_spurious_timing_late,0.25,unrepaired,57.0,59.0,44.277628485608986,-14.722371514391014,0.7504682794171015,16.085,9.184625,-6.900375,0.5466920329086049,12.993125,5.9944375,-6.9986875,0.44892878475909553,3.091875,3.1901875,0.0983125,1.182719217382083,0.3416751864713853,0.3827430121357075,0.34268396359986714,0.35452744653620694,0.0014604953306945482,0.0015669025015516251,0.3528912436700638,0.3850482372588115,0.15117609649122807,0.14019296729272332,492.344375,189.109,0.4363748975572827,0.0,0.0,0.4958623890851183,0.49586238908511837,0.008404447272629087,8.383222375738788,7.872470202933024,3.5546082149581055,0.16411974314479727,5.734883023181949,4.500227473311846,3.5088574041076948,0.1814138579338205,3.8347885319229587,3.8816018461325377,1.5710033117586313,0.78074623660163,0.14869658736385394,0.1347861392175106,0.15084167639253895,0.13472748278674032,0.009994016116290515,0.009374098889980826,0.15152880369305904,0.14045143367391127,0.06982288139676232,0.07378041850684727,239.04792359529173,98.08111050561602,0.2887696571092931,57.0,59.0,44.25,-14.75,0.75,6.0,3.0,-13.0,0.2857142857142857,5.0,1.0,-13.0,0.1875,0.0,0.0,-3.0,0.0,0.125,0.17647058823529413,0.125,0.15789473684210525,0.0,0.0,0.125,0.16666666666666666,0.049707602339181284,0.01617861989769287,157.0,48.0,0.14685314685314685,57.0,59.0,44.25,-14.75,0.75,16.0,8.0,-7.0,0.5416666666666666,13.0,5.0,-7.0,0.42857142857142855,2.0,2.0,0.0,1.0,0.3333333333333333,0.38095238095238093,0.3333333333333333,0.34615384615384615,0.0,0.0,0.3333333333333333,0.375,0.1409356725146199,0.13825870444612995,456.5,178.0,0.38752162629757786,57.0,59.0,44.25,-14.75,0.75,25.0,18.0,-2.0,0.8181818181818182,21.0,12.0,-2.0,0.7647058823529411,8.0,8.0,2.0,3.0,0.6,0.6,0.6,0.5769230769230769,0.0,0.0,0.625,0.625,0.26608187134502925,0.2642297908179927,888.0999999999985,360.0,0.851494623146525
mixed_spurious_timing_late,0.3,repaired,57.0,59.0,41.33659702992344,-17.663402970076564,0.7006202886427702,16.085,8.62275,-7.46225,0.5156196105751892,12.993125,5.3881875,-7.6049375,0.406543697947599,3.091875,3.2345625,0.1426875,1.2262029992768397,0.2908595148383105,0.33747808549055386,0.2905998310026828,0.30682491732369455,0.0013271563606217078,0.0012806422638880343,0.29983747889357354,0.33513869195022583,0.15950687134502925,0.09696769702365683,492.344375,165.03125,0.39216735040752154,0.0,0.0,0.6337585777146331,0.6337585777146325,0.010741670808722589,8.383222375738788,7.521259403945516,3.7446563715124515,0.1628419428091058,5.734883023181949,4.243185507822762,3.7529479625681383,0.18059743167888279,3.8347885319229587,3.757366138149463,1.6512868312640872,0.836855632232524,0.1457991800528841,0.1304681778783757,0.14617433658282214,0.12897588144719058,0.009600719256578275,0.007913643666671346,0.14679034360357662,0.13461047776043863,0.07297806263892763,0.057614353447897636,239.04792359529173,85.70545264144978,0.29295637383451656,57.0,59.0,41.3,-17.700000000000003,0.7,6.0,2.0,-14.0,0.2631578947368421,5.0,1.0,-14.0,0.15384615384615385,0.0,0.0,-3.0,0.0,0.08333333333333333,0.14285714285714285,0.08333333333333333,0.11764705882352941,0.0,0.0,0.09090909090909091,0.13333333333333333,0.05292397660818714,0.0037405341862817507,157.0,45.0,0.1293748216784642,57.0,59.0,41.3,-17.700000000000003,0.7,16.0,7.0,-7.0,0.5,13.0,5.0,-7.0,0.38461538461538464,2.0,3.0,0.0,1.0,0.2727272727272727,0.3333333333333333,0.2727272727272727,0.3,0.0,0.0,0.2857142857142857,0.3333333333333333,0.1497076023391813,0.0917934075705098,456.5,154.0,0.3333333333333333,57.0,59.0,41.3,-17.700000000000003,0.7,25.0,16.0,-2.0,0.8,21.0,11.0,-2.0,0.75,8.0,7.0,3.0,3.0,0.5555555555555556,0.5625,0.5555555555555556,0.5172413793103449,0.0,0.0,0.5714285714285714,0.5714285714285714,0.2795321637426901,0.19641255227303384,888.0999999999985,317.0,0.8099909941571843
mixed_spurious_timing_late,0.3,unrepaired,57.0,59.0,41.33659702992344,-17.663402970076564,0.7006202886427702,16.085,8.62275,-7.46225,0.5156196105751892,12.993125,5.3881875,-7.6049375,0.406543697947599,3.091875,3.2345625,0.1426875,1.2262029992768397,0.2908595148383105,0.33747808549055386,0.2905998310026828,0.30682491732369455,0.0013271563606217078,0.0012806422638880343,0.29983747889357354,0.33513869195022583,0.15950687134502925,0.09696769702365683,492.344375,165.03125,0.39216735040752154,0.0,0.0,0.6337585777146331,0.6337585777146325,0.010741670808722589,8.383222375738788,7.521259403945516,3.7446563715124515,0.1628419428091058,5.734883023181949,4.243185507822762,3.7529479625681383,0.18059743167888279,3.8347885319229587,3.757366138149463,1.6512868312640872,0.836855632232524,0.1457991800528841,0.1304681778783757,0.14617433658282214,0.12897588144719058,0.009600719256578275,0.007913643666671346,0.14679034360357662,0.13461047776043863,0.07297806263892763,0.057614353447897636,239.04792359529173,85.70545264144978,0.29295637383451656,57.0,59.0,41.3,-17.700000000000003,0.7,6.0,2.0,-14.0,0.2631578947368421,5.0,1.0,-14.0,0.15384615384615385,0.0,0.0,-3.0,0.0,0.08333333333333333,0.14285714285714285,0.08333333333333333,0.11764705882352941,0.0,0.0,0.09090909090909091,0.13333333333333333,0.05292397660818714,0.0037405341862817507,157.0,45.0,0.1293748216784642,57.0,59.0,41.3,-17.700000000000003,0.7,16.0,7.0,-7.0,0.5,13.0,5.0,-7.0,0.38461538461538464,2.0,3.0,0.0,1.0,0.2727272727272727,0.3333333333333333,0.2727272727272727,0.3,0.0,0.0,0.2857142857142857,0.3333333333333333,0.1497076023391813,0.0917934075705098,456.5,154.0,0.3333333333333333,57.0,59.0,41.3,-17.700000000000003,0.7,25.0,16.0,-2.0,0.8,21.0,11.0,-2.0,0.75,8.0,7.0,3.0,3.0,0.5555555555555556,0.5625,0.5555555555555556,0.5172413793103449,0.0,0.0,0.5714285714285714,0.5714285714285714,0.2795321637426901,0.19641255227303384,888.0999999999985,317.0,0.8099909941571843
mixed_spurious_timing_late,0.4,repaired,57.0,59.0,35.44232763005709,-23.557672369942903,0.600717417458595,16.085,7.586625,-8.498375,0.45416376404135755,12.993125,4.33025,-8.662875,0.32738345600975427,3.091875,3.256375,0.1645,1.2805523465608568,0.20189366275692375,0.2587772713925732,0.2014316366671526,0.22531941491844015,0.0011500656926947182,0.0010565399277694574,0.2070427807300827,0.24614392769952007,0.16610146198830408,0.040917872856254055,492.344375,120.6875,0.2988427431738024,0.0,0.0,0.7297459542202795,0.7297459542202784,0.01236857549525893,8.383222375738788,6.993643760600839,4.156841026228022,0.1585530675830144,5.734883023181949,3.855319559460216,4.124079865442235,0.17123009051593902,3.8347885319229587,3.5570616599032077,1.8465583828074137,0.9321611997760075,0.13051474501952492,0.12102462845884249,0.12962770369510365,0.11666750541571158,0.009091544208320031,0.007463689478846637,0.12789338472819925,0.11917565340093818,0.07491539314251729,0.036112063823568664,239.04792359529173,66.14590821678524,0.2746618801820253,57.0,59.0,35.4,-23.6,0.6,6.0,2.0,-15.0,0.21428571428571427,5.0,1.0,-16.0,0.1,0.0,0.0,-3.0,0.0,0.0,0.08333333333333333,0.0,0.058823529411764705,0.0,0.0,0.0,0.06666666666666667,0.05672514619883041,0.0,157.0,32.0,0.08382920023826693,57.0,59.0,35.4,-23.6,0.6,16.0,7.0,-8.0,0.4444444444444444,13.0,4.0,-8.0,0.3,2.0,3.0,0.0,1.0,0.18181818181818182,0.25,0.18181818181818182,0.21052631578947367,0.0,0.0,0.19047619047619047,0.23076923076923078,0.15716374269005848,0.03373015873015873,456.5,113.0,0.23992028794259507,57.0,59.0,35.4,-23.6,0.6,25.0,14.0,-3.0,0.7428571428571429,21.0,9.0,-3.0,0.6666666666666666,8.0,7.0,3.0,3.0,0.4288819875776352,0.5,0.4375,0.42857142857142855,0.0,0.0,0.4444444444444444,0.4804110105580691,0.2885964912280702,0.10801553926869316,888.0999999999985,235.0,0.6419994482378091
mixed_spurious_timing_late,0.4,unrepaired,57.0,59.0,35.44232763005709,-23.557672369942903,0.600717417458595,16.085,7.586625,-8.498375,0.45416376404135755,12.993125,4.33025,-8.662875,0.32738345600975427,3.091875,3.256375,0.1645,1.2805523465608568,0.20189366275692375,0.2587772713925732,0.2014316366671526,0.22531941491844015,0.0011500656926947182,0.0010565399277694574,0.2070427807300827,0.24614392769952007,0.16610146198830408,0.040917872856254055,492.344375,120.6875,0.2988427431738024,0.0,0.0,0.7297459542202795,0.7297459542202784,0.01236857549525893,8.383222375738788,6.993643760600839,4.156841026228022,0.1585530675830144,5.734883023181949,3.855319559460216,4.124079865442235,0.17123009051593902,3.8347885319229587,3.5570616599032077,1.8465583828074137,0.9321611997760075,0.13051474501952492,0.12102462845884249,0.12962770369510365,0.11666750541571158,0.009091544208320031,0.007463689478846637,0.12789338472819925,0.11917565340093818,0.07491539314251729,0.036112063823568664,239.04792359529173,66.14590821678524,0.2746618801820253,57.0,59.0,35.4,-23.6,0.6,6.0,2.0,-15.0,0.21428571428571427,5.0,1.0,-16.0,0.1,0.0,0.0,-3.0,0.0,0.0,0.08333333333333333,0.0,0.058823529411764705,0.0,0.0,0.0,0.06666666666666667,0.05672514619883041,0.0,157.0,32.0,0.08382920023826693,57.0,59.0,35.4,-23.6,0.6,16.0,7.0,-8.0,0.4444444444444444,13.0,4.0,-8.0,0.3,2.0,3.0,0.0,1.0,0.18181818181818182,0.25,0.18181818181818182,0.21052631578947367,0.0,0.0,0.19047619047619047,0.23076923076923078,0.15716374269005848,0.03373015873015873,456.5,113.0,0.23992028794259507,57.0,59.0,35.4,-23.6,0.6,25.0,14.0,-3.0,0.7428571428571429,21.0,9.0,-3.0,0.6666666666666666,8.0,7.0,3.0,3.0,0.4288819875776352,0.5,0.4375,0.42857142857142855,0.0,0.0,0.4444444444444444,0.4804110105580691,0.2885964912280702,0.10801553926869316,888.0999999999985,235.0,0.6419994482378091
mixed_spurious_timing_late,0.5,repaired,57.0,59.0,29.570665644711017,-29.429334355288983,0.5011977227917122,16.085,6.7764375,-9.3085625,0.40657143087304265,12.993125,3.5890625,-9.4040625,0.27256709194354456,3.091875,3.187375,0.0955,1.2786978317474662,0.1439670847520021,0.20500108098651046,0.14265580096656397,0.17086486784769625,0.0008577096001960337,0.0007301046918149652,0.14601306720296148,0.1845252442270914,0.16379000365497073,0.018979930236086896,492.344375,87.8068125,0.22233051794799202,0.0,0.0,0.9066612619221006,0.9066612619221006,0.01536714003257804,8.383222375738788,6.469829864629278,4.444022504116603,0.1538467262289255,5.734883023181949,3.4500633044400923,4.365187501696128,0.15878091400125485,3.8347885319229587,3.4070868971080372,1.9747464334610838,0.9718929436859657,0.11113537579317163,0.11379442112642062,0.1076280174733641,0.10549409840503637,0.0076767450782217455,0.005632624759703283,0.10509441809396003,0.10493786900866969,0.0737716267943583,0.026726353454356668,239.04792359529173,50.69736684511016,0.23466505505650712,57.0,59.0,29.5,-29.5,0.5,6.0,2.0,-16.0,0.18181818181818182,5.0,1.0,-17.0,0.05263157894736842,0.0,0.0,-3.0,0.0,0.0,0.0,0.0,0.0,0.0,0.0,0.0,0.0,0.05555555555555555,0.0,157.0,21.0,0.055247381875154614,57.0,59.0,29.5,-29.5,0.5,16.0,6.0,-9.0,0.4,13.0,3.0,-9.0,0.25,2.0,3.0,0.0,1.0,0.125,0.2,0.125,0.15789473684210525,0.0,0.0,0.13043478260869565,0.17647058823529413,0.15467836257309941,0.008875739644970414,456.5,82.0,0.17165409103769055,57.0,59.0,29.5,-29.5,0.5,25.0,13.0,-3.0,0.6666666666666666,21.0,7.0,-3.0,0.5714285714285714,8.0,7.0,3.0,3.0,0.3333333333333333,0.4,0.3333333333333333,0.35294117647058826,0.0,0.0,0.3333333333333333,0.38461538461538464,0.28510233918128636,0.07142857142857142,888.0999999999985,170.0,0.48973614137012794
mixed_spurious_timing_late,0.5,unrepaired,57.0,59.0,29.570665644711017,-29.429334355288983,0.5011977227917122,16.085,6.7764375,-9.3085625,0.40657143087304265,12.993125,3.5890625,-9.4040625,0.27256709194354456,3.091875,3.187375,0.0955,1.2786978317474662,0.1439670847520021,0.20500108098651046,0.14265580096656397,0.17086486784769625,0.0008577096001960337,0.0007301046918149652,0.14601306720296148,0.1845252442270914,0.16379000365497073,0.018979930236086896,492.344375,87.8068125,0.22233051794799202,0.0,0.0,0.9066612619221006,0.9066612619221006,0.01536714003257804,8.383222375738788,6.469829864629278,4.444022504116603,0.1538467262289255,5.734883023181949,3.4500633044400923,4.365187501696128,0.15878091400125485,3.8347885319229587,3.4070868971080372,1.9747464334610838,0.9718929436859657,0.11113537579317163,0.11379442112642062,0.1076280174733641,0.10549409840503637,0.0076767450782217455,0.005632624759703283,0.10509441809396003,0.10493786900866969,0.0737716267943583,0.026726353454356668,239.04792359529173,50.69736684511016,0.23466505505650712,57.0,59.0,29.5,-29.5,0.5,6.0,2.0,-16.0,0.18181818181818182,5.0,1.0,-17.0,0.05263157894736842,0.0,0.0,-3.0,0.0,0.0,0.0,0.0,0.0,0.0,0.0,0.0,0.0,0.05555555555555555,0.0,157.0,21.0,0.055247381875154614,57.0,59.0,29.5,-29.5,0.5,16.0,6.0,-9.0,0.4,13.0,3.0,-9.0,0.25,2.0,3.0,0.0,1.0,0.125,0.2,0.125,0.15789473684210525,0.0,0.0,0.13043478260869565,0.17647058823529413,0.15467836257309941,0.008875739644970414,456.5,82.0,0.17165409103769055,57.0,59.0,29.5,-29.5,0.5,25.0,13.0,-3.0,0.6666666666666666,21.0,7.0,-3.0,0.5714285714285714,8.0,7.0,3.0,3.0,0.3333333333333333,0.4,0.3333333333333333,0.35294117647058826,0.0,0.0,0.3333333333333333,0.38461538461538464,0.28510233918128636,0.07142857142857142,888.0999999999985,170.0,0.48973614137012794
mixed_spurious_timing_late,0.6,repaired,57.0,59.0,23.72324128481989,-35.276758715180115,0.4020888353359303,16.085,5.8571875,-10.2278125,0.3531262196364123,12.993125,2.98725,-10.005875,0.22775092728368476,3.091875,2.8699375,-0.2219375,1.1754060510062292,0.11225104164790123,0.17192575322302198,0.10899408569037944,0.1369559548479628,0.0006502824761414312,0.0005947391482169796,0.10987208728064414,0.14366945388605729,0.1582174159356725,0.01204783863212413,492.344375,60.6886875,0.15528542478759846,0.0,0.0,1.1750866156476443,1.1750866156476447,0.019916722299112666,8.383222375738788,5.729242410956844,4.83982209974873,0.14827679422571796,5.734883023181949,3.0510726397065304,4.555520006764683,0.1472849866409162,3.8347885319229587,3.0520449590800203,2.1751671098081125,0.9670674772658423,0.10460288191469654,0.11270419955566144,0.09643561312155344,0.09876481161173484,0.006199633910059932,0.004927016738486608,0.09192805173606379,0.09399994438302228,0.07243792623934027,0.02021467980040336,239.04792359529173,37.666994135188084,0.17294941471482717,57.0,59.0,23.6,-35.4,0.4,6.0,1.0,-18.0,0.14285714285714285,5.0,0.0,-17.0,0.0,0.0,0.0,-4.0,0.0,0.0,0.0,0.0,0.0,0.0,0.0,0.0,0.0,0.05350877192982456,0.0,157.0,13.0,0.03260869565217391,57.0,59.0,23.6,-35.4,0.4,16.0,5.0,-10.0,0.3333333333333333,13.0,3.0,-10.0,0.2,2.0,2.0,0.0,1.0,0.1,0.15789473684210525,0.1,0.125,0.0,0.0,0.1,0.13636363636363635,0.1482456140350877,0.0010214504596527069,456.5,56.0,0.11695208586302669,57.0,59.0,23.6,-35.4,0.4,25.0,11.0,-3.0,0.6190476190476191,21.0,6.0,-3.0,0.5,8.0,6.0,3.0,3.0,0.2857142857142857,0.375,0.2727272727272727,0.3,0.0,0.0,0.2857142857142857,0.3191489361702128,0.2777777777777778,0.05046237556119456,888.0999999999985,122.0,0.3615205903790087
mixed_spurious_timing_late,0.6,unrepaired,57.0,59.0,23.72324128481989,-35.276758715180115,0.4020888353359303,16.085,5.8571875,-10.2278125,0.3531262196364123,12.993125,2.98725,-10.005875,0.22775092728368476,3.091875,2.8699375,-0.2219375,1.1754060510062292,0.11225104164790123,0.17192575322302198,0.10899408569037944,0.1369559548479628,0.0006502824761414312,0.0005947391482169796,0.10987208728064414,0.14366945388605729,0.1582174159356725,0.01204783863212413,492.344375,60.6886875,0.15528542478759846,0.0,0.0,1.1750866156476443,1.1750866156476447,0.019916722299112666,8.383222375738788,5.729242410956844,4.83982209974873,0.14827679422571796,5.734883023181949,3.0510726397065304,4.555520006764683,0.1472849866409162,3.8347885319229587,3.0520449590800203,2.1751671098081125,0.9670674772658423,0.10460288191469654,0.11270419955566144,0.09643561312155344,0.09876481161173484,0.006199633910059932,0.004927016738486608,0.09192805173606379,0.09399994438302228,0.07243792623934027,0.02021467980040336,239.04792359529173,37.666994135188084,0.17294941471482717,57.0,59.0,23.6,-35.4,0.4,6.0,1.0,-18.0,0.14285714285714285,5.0,0.0,-17.0,0.0,0.0,0.0,-4.0,0.0,0.0,0.0,0.0,0.0,0.0,0.0,0.0,0.0,0.05350877192982456,0.0,157.0,13.0,0.03260869565217391,57.0,59.0,23.6,-35.4,0.4,16.0,5.0,-10.0,0.3333333333333333,13.0,3.0,-10.0,0.2,2.0,2.0,0.0,1.0,0.1,0.15789473684210525,0.1,0.125,0.0,0.0,0.1,0.13636363636363635,0.1482456140350877,0.0010214504596527069,456.5,56.0,0.11695208586302669,57.0,59.0,23.6,-35.4,0.4,25.0,11.0,-3.0,0.6190476190476191,21.0,6.0,-3.0,0.5,8.0,6.0,3.0,3.0,0.2857142857142857,0.375,0.2727272727272727,0.3,0.0,0.0,0.2857142857142857,0.3191489361702128,0.2777777777777778,0.05046237556119456,888.0999999999985,122.0,0.3615205903790087
mixed_spurious_timing_late,0.7,repaired,57.0,59.0,17.943541911062148,-41.05645808893785,0.3041278290010534,16.085,4.7629375,-11.3220625,0.2875528276669403,12.993125,2.4321875,-10.5609375,0.18650426171695708,3.091875,2.33075,-0.761125,0.9675366853295051,0.08952091309959324,0.1392764727468846,0.08444178165276443,0.10551950879517186,0.0008188103498386258,0.0006715039491439637,0.08359113029113625,0.10676905522234056,0.15321164108187132,0.006634790578335242,492.344375,37.8363125,0.0989564532099724,0.0,0.0,1.8042275371083387,1.8042275371083407,0.03058012774759894,8.383222375738788,4.782825376778389,5.362812763013397,0.13334117517937077,5.734883023181949,2.5627742688521753,4.73866437457299,0.13311319539419622,3.8347885319229587,2.6100105741547908,2.438300702593865,0.8696305345729003,0.09968769072149117,0.10732922191811886,0.0866542429991833,0.08740954185803024,0.007972544667411464,0.005998034909204352,0.08111815022796018,0.07960976021664912,0.07137993133086051,0.014072763617754183,239.04792359529173,25.90624132783597,0.1320426293552826,57.0,59.0,17.700000000000003,-41.3,0.30000000000000004,6.0,1.0,-19.0,0.1,5.0,0.0,-18.0,0.0,0.0,0.0,-5.0,0.0,0.0,0.0,0.0,0.0,0.0,0.0,0.0,0.0,0.05087719298245614,0.0,157.0,5.0,0.014131787189568508,57.0,59.0,17.700000000000003,-41.3,0.30000000000000004,16.0,4.0,-11.0,0.2727272727272727,13.0,2.0,-10.0,0.16666666666666666,2.0,2.0,0.0,0.8,0.07142857142857142,0.125,0.07142857142857142,0.09090909090909091,0.0,0.0,0.07142857142857142,0.1,0.14210526315789473,0.0,456.5,34.0,0.07127429805615551,57.0,59.0,17.700000000000003,-41.3,0.30000000000000004,25.0,9.0,-4.0,0.5294117647058824,21.0,5.0,-4.0,0.42857142857142855,8.0,5.0,2.0,3.0,0.25,0.3333333333333333,0.23076923076923078,0.25,0.0,0.0,0.23076923076923078,0.25,0.27134502923976606,0.033210332103321034,888.0999999999985,81.0,0.24500490196078423
mixed_spurious_timing_late,0.7,unrepaired,57.0,59.0,17.943541911062148,-41.05645808893785,0.3041278290010534,16.085,4.7629375,-11.3220625,0.2875528276669403,12.993125,2.4321875,-10.5609375,0.18650426171695708,3.091875,2.33075,-0.761125,0.9675366853295051,0.08952091309959324,0.1392764727468846,0.08444178165276443,0.10551950879517186,0.0008188103498386258,0.0006715039491439637,0.08359113029113625,0.10676905522234056,0.15321164108187132,0.006634790578335242,492.344375,37.8363125,0.0989564532099724,0.0,0.0,1.8042275371083387,1.8042275371083407,0.03058012774759894,8.383222375738788,4.782825376778389,5.362812763013397,0.13334117517937077,5.734883023181949,2.5627742688521753,4.73866437457299,0.13311319539419622,3.8347885319229587,2.6100105741547908,2.438300702593865,0.8696305345729003,0.09968769072149117,0.10732922191811886,0.0866542429991833,0.08740954185803024,0.007972544667411464,0.005998034909204352,0.08111815022796018,0.07960976021664912,0.07137993133086051,0.014072763617754183,239.04792359529173,25.90624132783597,0.1320426293552826,57.0,59.0,17.700000000000003,-41.3,0.30000000000000004,6.0,1.0,-19.0,0.1,5.0,0.0,-18.0,0.0,0.0,0.0,-5.0,0.0,0.0,0.0,0.0,0.0,0.0,0.0,0.0,0.0,0.05087719298245614,0.0,157.0,5.0,0.014131787189568508,57.0,59.0,17.700000000000003,-41.3,0.30000000000000004,16.0,4.0,-11.0,0.2727272727272727,13.0,2.0,-10.0,0.16666666666666666,2.0,2.0,0.0,0.8,0.07142857142857142,0.125,0.07142857142857142,0.09090909090909091,0.0,0.0,0.07142857142857142,0.1,0.14210526315789473,0.0,456.5,34.0,0.07127429805615551,57.0,59.0,17.700000000000003,-41.3,0.30000000000000004,25.0,9.0,-4.0,0.5294117647058824,21.0,5.0,-4.0,0.42857142857142855,8.0,5.0,2.0,3.0,0.25,0.3333333333333333,0.23076923076923078,0.25,0.0,0.0,0.23076923076923078,0.25,0.27134502923976606,0.033210332103321034,888.0999999999985,81.0,0.24500490196078423
mixed_spurious_timing_late,0.8,repaired,57.0,59.0,12.219045269439663,-46.78095473056033,0.20710246219389258,16.085,3.48225,-12.60275,0.2125947907525054,12.993125,1.7729375,-11.2201875,0.1368057811413991,3.091875,1.7093125,-1.3825625,0.7312678974304941,0.06599615660552177,0.10456670798041959,0.05977824983415932,0.0744268593984928,0.0007495871633881304,0.0005885492075013782,0.05840013951365905,0.07312697032767339,0.1487751096491228,0.0029248734300237624,492.344375,19.068625,0.05171436506716609,0.0,0.0,2.1831131425880863,2.1831131425880868,0.03700191767098444,8.383222375738788,3.651389218872966,6.050969412162558,0.11242600154152102,5.734883023181949,2.0324279307762962,4.944818820433818,0.11425457078409791,3.8347885319229587,2.010582236542907,2.7759124696613187,0.7379469646282748,0.09320947161692153,0.10357892994964206,0.07494536340777598,0.07566467341234323,0.009194525026758426,0.006372095509949921,0.06991446294765893,0.06694983705416055,0.07045583422687456,0.008460652900971175,239.04792359529173,14.946642708059544,0.08167380085972173,57.0,59.0,11.799999999999997,-47.2,0.19999999999999996,6.0,1.0,-21.0,0.06666666666666667,5.0,0.0,-19.0,0.0,0.0,0.0,-6.0,0.0,0.0,0.0,0.0,0.0,0.0,0.0,0.0,0.0,0.04912280701754386,0.0,157.0,0.0,0.0,57.0,59.0,11.799999999999997,-47.2,0.19999999999999996,16.0,3.0,-12.0,0.2,13.0,1.0,-11.0,0.11764705882352941,2.0,1.0,-1.0,0.5,0.05,0.09090909090909091,0.047619047619047616,0.0625,0.0,0.0,0.05,0.0625,0.13742690058479531,0.0,456.5,16.0,0.034782608695652174,57.0,59.0,13.680164552643527,-45.319835447356475,0.23186719580751738,25.0,7.0,-4.0,0.4166666666666667,21.0,4.0,-4.0,0.3333333333333333,8.0,4.0,2.0,2.0,0.21428571428571427,0.26666666666666666,0.2,0.2,0.0,0.0,0.2,0.2,0.2654970760233918,0.01859435962155516,888.0999999999985,43.0,0.13934426229508196
mixed_spurious_timing_late,0.8,unrepaired,57.0,59.0,12.219045269439663,-46.78095473056033,0.20710246219389258,16.085,3.48225,-12.60275,0.2125947907525054,12.993125,1.7729375,-11.2201875,0.1368057811413991,3.091875,1.7093125,-1.3825625,0.7312678974304941,0.06599615660552177,0.10456670798041959,0.05977824983415932,0.0744268593984928,0.0007495871633881304,0.0005885492075013782,0.05840013951365905,0.07312697032767339,0.1487751096491228,0.0029248734300237624,492.344375,19.068625,0.05171436506716609,0.0,0.0,2.1831131425880863,2.1831131425880868,0.03700191767098444,8.383222375738788,3.651389218872966,6.050969412162558,0.11242600154152102,5.734883023181949,2.0324279307762962,4.944818820433818,0.11425457078409791,3.8347885319229587,2.010582236542907,2.7759124696613187,0.7379469646282748,0.09320947161692153,0.10357892994964206,0.07494536340777598,0.07566467341234323,0.009194525026758426,0.006372095509949921,0.06991446294765893,0.06694983705416055,0.07045583422687456,0.008460652900971175,239.04792359529173,14.946642708059544,0.08167380085972173,57.0,59.0,11.799999999999997,-47.2,0.19999999999999996,6.0,1.0,-21.0,0.06666666666666667,5.0,0.0,-19.0,0.0,0.0,0.0,-6.0,0.0,0.0,0.0,0.0,0.0,0.0,0.0,0.0,0.0,0.04912280701754386,0.0,157.0,0.0,0.0,57.0,59.0,11.799999999999997,-47.2,0.19999999999999996,16.0,3.0,-12.0,0.2,13.0,1.0,-11.0,0.11764705882352941,2.0,1.0,-1.0,0.5,0.05,0.09090909090909091,0.047619047619047616,0.0625,0.0,0.0,0.05,0.0625,0.13742690058479531,0.0,456.5,16.0,0.034782608695652174,57.0,59.0,13.680164552643527,-45.319835447356475,0.23186719580751738,25.0,7.0,-4.0,0.4166666666666667,21.0,4.0,-4.0,0.3333333333333333,8.0,4.0,2.0,2.0,0.21428571428571427,0.26666666666666666,0.2,0.2,0.0,0.0,0.2,0.2,0.2654970760233918,0.01859435962155516,888.0999999999985,43.0,0.13934426229508196
mixed_spurious_timing_late,0.9,repaired,57.0,59.0,7.007106656482204,-51.9928933435178,0.1187645196013933,16.085,2.099875,-13.985125,0.13492012716744686,12.993125,1.0669375,-11.9261875,0.08686142913859125,3.091875,1.0329375,-2.0589375,0.47084695580610214,0.042001584273144675,0.07050722637447825,0.03643477559590429,0.04536843059932208,0.0007500008360770974,0.0005807016302475118,0.035906930663502,0.04475582052551784,0.14566063596491227,0.0009628937489711428,492.344375,6.5695,0.020036209940108574,0.0,0.0,3.372106925692954,3.3721069256929512,0.05715435467276191,8.383222375738788,2.1329989075586084,7.079497594445676,0.0783269534060097,5.734883023181949,1.256555034311426,5.301367346810425,0.086567445079172,3.8347885319229587,1.281534340833448,3.2116948107761134,0.5330649979333939,0.07677118110278429,0.09296096571908566,0.059426377210744404,0.057956289803753835,0.009627729547122682,0.007466971018636544,0.05723675661390256,0.0539537837535321,0.06983222989930774,0.0049393089281541,239.04792359529173,6.330870773068794,0.04300670077338244,57.0,59.0,5.899999999999999,-53.1,0.09999999999999998,6.0,1.0,-23.0,0.047619047619047616,5.0,0.0,-20.0,0.0,0.0,0.0,-7.0,0.0,0.0,0.0,0.0,0.0,0.0,0.0,0.0,0.0,0.047953216374269005,0.0,157.0,0.0,0.0,57.0,59.0,5.899999999999999,-53.1,0.09999999999999998,16.0,1.0,-14.0,0.1111111111111111,13.0,1.0,-12.0,0.07142857142857142,2.0,1.0,-1.0,0.3333333333333333,0.0,0.05555555555555555,0.0,0.038461538461538464,0.0,0.0,0.0,0.041666666666666664,0.1347953216374269,0.0,456.5,6.0,0.011004126547455296,57.0,59.0,13.068117996377797,-45.931882003622206,0.22149352536233555,25.0,5.0,-5.0,0.2857142857142857,21.0,3.0,-4.0,0.25,8.0,3.0,1.0,1.0,0.16666666666666666,0.2,0.15384615384615385,0.15384615384615385,0.0,0.0,0.14285714285714285,0.14285714285714285,0.26169590643274854,0.006579380764163366,888.0999999999985,17.0,0.06521739130434782
mixed_spurious_timing_late,0.9,unrepaired,57.0,59.0,7.007106656482204,-51.9928933435178,0.1187645196013933,16.085,2.099875,-13.985125,0.13492012716744686,12.993125,1.0669375,-11.9261875,0.08686142913859125,3.091875,1.0329375,-2.0589375,0.47084695580610214,0.042001584273144675,0.07050722637447825,0.03643477559590429,0.04536843059932208,0.0007500008360770974,0.0005807016302475118,0.035906930663502,0.04475582052551784,0.14566063596491227,0.0009628937489711428,492.344375,6.5695,0.020036209940108574,0.0,0.0,3.372106925692954,3.3721069256929512,0.05715435467276191,8.383222375738788,2.1329989075586084,7.079497594445676,0.0783269534060097,5.734883023181949,1.256555034311426,5.301367346810425,0.086567445079172,3.8347885319229587,1.281534340833448,3.2116948107761134,0.5330649979333939,0.07677118110278429,0.09296096571908566,0.059426377210744404,0.057956289803753835,0.009627729547122682,0.007466971018636544,0.05723675661390256,0.0539537837535321,0.06983222989930774,0.0049393089281541,239.04792359529173,6.330870773068794,0.04300670077338244,57.0,59.0,5.899999999999999,-53.1,0.09999999999999998,6.0,1.0,-23.0,0.047619047619047616,5.0,0.0,-20.0,0.0,0.0,0.0,-7.0,0.0,0.0,0.0,0.0,0.0,0.0,0.0,0.0,0.0,0.047953216374269005,0.0,157.0,0.0,0.0,57.0,59.0,5.899999999999999,-53.1,0.09999999999999998,16.0,1.0,-14.0,0.1111111111111111,13.0,1.0,-12.0,0.07142857142857142,2.0,1.0,-1.0,0.3333333333333333,0.0,0.05555555555555555,0.0,0.038461538461538464,0.0,0.0,0.0,0.041666666666666664,0.1347953216374269,0.0,456.5,6.0,0.011004126547455296,57.0,59.0,13.068117996377797,-45.931882003622206,0.22149352536233555,25.0,5.0,-5.0,0.2857142857142857,21.0,3.0,-4.0,0.25,8.0,3.0,1.0,1.0,0.16666666666666666,0.2,0.15384615384615385,0.15384615384615385,0.0,0.0,0.14285714285714285,0.14285714285714285,0.26169590643274854,0.006579380764163366,888.0999999999985,17.0,0.06521739130434782
spurious_events,0.0,repaired,57.0,59.0,59.0,0.0,1.0,16.085,16.085,0.0,1.0,12.993125,12.993125,0.0,1.0,3.091875,3.091875,0.0,1.0,1.0,1.0,1.0,1.0,1.0,1.0,1.0,1.0,0.0,1.0,492.344375,492.344375,1.0,0.0,0.0,0.0,0.0,0.0,8.383222375738788,8.383222375738788,0.0,0.0,5.734883023181949,5.734883023181949,0.0,0.0,3.8347885319229587,3.8347885319229587,0.0,0.0,0.0,0.0,0.0,0.0,0.0,0.0,0.0,0.0,0.0,0.0,239.04792359529173,239.04792359529173,0.0,57.0,59.0,59.0,0.0,1.0,6.0,6.0,0.0,1.0,5.0,5.0,0.0,1.0,0.0,0.0,0.0,1.0,1.0,1.0,1.0,1.0,1.0,1.0,1.0,1.0,0.0,1.0,157.0,157.0,1.0,57.0,59.0,59.0,0.0,1.0,16.0,16.0,0.0,1.0,13.0,13.0,0.0,1.0,2.0,2.0,0.0,1.0,1.0,1.0,1.0,1.0,1.0,1.0,1.0,1.0,0.0,1.0,456.5,456.5,1.0,57.0,59.0,59.0,0.0,1.0,25.0,25.0,0.0,1.0,21.0,21.0,0.0,1.0,8.0,8.0,0.0,1.0,1.0,1.0,1.0,1.0,1.0,1.0,1.0,1.0,0.0,1.0,888.0999999999985,888.0999999999985,1.0
spurious_events,0.0,unrepaired,57.0,59.0,59.0,0.0,1.0,16.085,16.085,0.0,1.0,12.993125,12.993125,0.0,1.0,3.091875,3.091875,0.0,1.0,1.0,1.0,1.0,1.0,1.0,1.0,1.0,1.0,0.0,1.0,492.344375,492.344375,1.0,0.0,0.0,0.0,0.0,0.0,8.383222375738788,8.383222375738788,0.0,0.0,5.734883023181949,5.734883023181949,0.0,0.0,3.8347885319229587,3.8347885319229587,0.0,0.0,0.0,0.0,0.0,0.0,0.0,0.0,0.0,0.0,0.0,0.0,239.04792359529173,239.04792359529173,0.0,57.0,59.0,59.0,0.0,1.0,6.0,6.0,0.0,1.0,5.0,5.0,0.0,1.0,0.0,0.0,0.0,1.0,1.0,1.0,1.0,1.0,1.0,1.0,1.0,1.0,0.0,1.0,157.0,157.0,1.0,57.0,59.0,59.0,0.0,1.0,16.0,16.0,0.0,1.0,13.0,13.0,0.0,1.0,2.0,2.0,0.0,1.0,1.0,1.0,1.0,1.0,1.0,1.0,1.0,1.0,0.0,1.0,456.5,456.5,1.0,57.0,59.0,59.0,0.0,1.0,25.0,25.0,0.0,1.0,21.0,21.0,0.0,1.0,8.0,8.0,0.0,1.0,1.0,1.0,1.0,1.0,1.0,1.0,1.0,1.0,0.0,1.0,888.0999999999985,888.0999999999985,1.0
spurious_events,0.05,repaired,57.0,59.0,59.0,0.0,1.0,16.085,16.3519375,0.2669375,1.0111172382143663,12.993125,13.110375,0.11725,1.0061760207937056,3.091875,3.2415625,0.1496875,1.0522064292687743,0.9930676330759136,0.9863372780950158,0.9941534194649584,0.9893608016904623,0.9931728316037236,0.9883747127946703,0.9937505553575567,0.9889551917559649,0.0022865131578947368,0.9863682762043433,492.344375,498.716625,1.0135812352027396,0.0,0.0,0.0,0.0,0.0,8.383222375738788,8.761585206573749,0.49454237114078764,0.01939578737523299,5.734883023181949,5.898717406230341,0.33783808386663955,0.017619606279171644,3.8347885319229587,3.999072966967594,0.3750532547555661,0.1667949057925276,0.02154799304524069,0.029812996503296448,0.01664993044532345,0.018549804325079407,0.01912590298039618,0.020136637141765182,0.01717340643338913,0.018815731049200576,0.004927449811450481,0.036847642107306934,239.04792359529173,243.10789510863512,0.04970701607839016,57.0,59.0,59.0,0.0,1.0,6.0,6.0,0.0,1.0,5.0,5.0,0.0,1.0,0.0,0.0,0.0,1.0,0.9444444444444444,0.9333333333333333,0.95,0.9545454545454546,0.9473684210526315,0.9523809523809523,0.9473684210526315,0.9523809523809523,0.0,0.9311594202898551,157.0,157.0,1.0,57.0,59.0,59.0,0.0,1.0,16.0,16.0,0.0,1.0,13.0,13.0,0.0,1.0,2.0,2.0,0.0,1.0,1.0,1.0,1.0,1.0,1.0,1.0,1.0,1.0,0.0,1.0,456.5,460.0,1.0,57.0,59.0,59.0,0.0,1.0,25.0,26.0,1.0,1.0476190476190477,21.0,21.0,1.0,1.0526315789473684,8.0,8.0,1.0,1.3333333333333333,1.0,1.0,1.0,1.0,1.0,1.0,1.0,1.0,0.014035087719298246,1.0,888.0999999999985,905.0,1.0724103606197462
spurious_events,0.05,unrepaired,57.0,59.0,59.0,0.0,1.0,16.085,16.403125,0.318125,1.0132178409594481,12.993125,13.1525,0.159375,1.0083263659932427,3.091875,3.250625,0.15875,1.054082110273678,0.9930676330759136,0.9863372780950158,0.9921160959907479,0.9873517050724995,0.9921160959907479,0.9873517050724995,0.9921160959907479,0.9873517050724995,0.0022865131578947368,0.9863682762043433,492.344375,498.716625,1.0135812352027396,0.0,0.0,0.0,0.0,0.0,8.383222375738788,8.837802153593179,0.5379958869251669,0.02051249724359278,5.734883023181949,5.958845357103526,0.3911319098279771,0.019967314982889138,3.8347885319229587,4.019119517006289,0.38769554000463213,0.16830063775619417,0.02154799304524069,0.029812996503296448,0.018873876023242555,0.01961694779487973,0.018873876023242555,0.01961694779487973,0.018873876023242555,0.01961694779487973,0.004927449811450481,0.036847642107306934,239.04792359529173,243.10789510863512,0.04970701607839016,57.0,59.0,59.0,0.0,1.0,6.0,6.0,0.0,1.0,5.0,5.0,0.0,1.0,0.0,0.0,0.0,1.0,0.9444444444444444,0.9333333333333333,0.9473684210526315,0.9523809523809523,0.9473684210526315,0.9523809523809523,0.9473684210526315,0.9523809523809523,0.0,0.9311594202898551,157.0,157.0,1.0,57.0,59.0,59.0,0.0,1.0,16.0,16.0,0.0,1.0,13.0,13.0,0.0,1.0,2.0,2.0,0.0,1.0,1.0,1.0,1.0,1.0,1.0,1.0,1.0,1.0,0.0,1.0,456.5,460.0,1.0,57.0,59.0,59.0,0.0,1.0,25.0,26.0,1.0,1.05,21.0,21.0,1.0,1.0555555555555556,8.0,8.0,1.0,1.3333333333333333,1.0,1.0,1.0,1.0,1.0,1.0,1.0,1.0,0.014035087719298246,1.0,888.0999999999985,905.0,1.0724103606197462
spurious_events,0.1,repaired,57.0,59.0,59.0,0.0,1.0,16.085,17.0986875,1.0136875,1.056506894726484,12.993125,13.4526875,0.4595625,1.0324878381278213,3.091875,3.646,0.554125,1.228849719769544,0.9678788996338699,0.9379163393049218,0.9701767461033185,0.9476199487540476,0.9659738228656539,0.9434450294861026,0.9684706145561957,0.9459184956991724,0.008744755116959064,0.9421279341903845,492.344375,517.3413125,1.0595290258657541,0.0,0.0,0.0,0.0,0.0,8.383222375738788,9.089684382583345,0.8331677729469407,0.035705658695250976,5.734883023181949,6.0401193462920135,0.6269085834409972,0.04327022586946566,3.8347885319229587,4.161837521542889,0.6778452636941539,0.35618326790921634,0.04563548705410514,0.053748345493755526,0.03921142674035799,0.032697325629575426,0.04373964142004945,0.03512153247756144,0.03991400915360601,0.03250022801886421,0.0086276491570229,0.0660658908016419,239.04792359529173,246.0708282112251,0.10450485204445488,57.0,59.0,59.0,0.0,1.0,6.0,6.0,0.0,1.0,5.0,5.0,0.0,1.0,0.0,1.0,0.0,1.0,0.8888888888888888,0.8666666666666667,0.9,0.9090909090909091,0.8888888888888888,0.9090909090909091,0.8947368421052632,0.9090909090909091,0.0,0.8354685233280568,157.0,164.0,0.9817936497122257,57.0,59.0,59.0,0.0,1.0,16.0,17.0,1.0,1.0625,13.0,13.0,0.0,1.0,2.0,3.0,0.0,1.0,1.0,0.9333333333333333,1.0,0.9411764705882353,1.0,0.9375,1.0,0.9375,0.00760233918128655,0.9541892129047355,456.5,483.0,1.0387326468365812,57.0,59.0,59.0,0.0,1.0,25.0,27.0,2.0,1.1,21.0,22.0,1.0,1.1111111111111112,8.0,9.0,2.0,2.0,1.0,1.0,1.0,1.0,1.0,1.0,1.0,1.0,0.023391812865497075,1.0,888.0999999999985,923.0,1.1919223884413757
spurious_events,0.1,unrepaired,57.0,59.0,59.0,0.0,1.0,16.085,17.26375,1.17875,1.0648076753145779,12.993125,13.5905625,0.5974375,1.041003202734298,3.091875,3.6731875,0.5813125,1.2356689713146485,0.9678788996338699,0.9379163393049218,0.9624219407156684,0.9401059610720965,0.9624219407156684,0.9401059610720965,0.9624219407156684,0.9401059610720965,0.008744755116959064,0.9421279341903845,492.344375,517.3413125,1.0595290258657541,0.0,0.0,0.0,0.0,0.0,8.383222375738788,9.251528812125345,0.9141119529583959,0.033629801037450745,5.734883023181949,6.170245370249821,0.7149565590116826,0.0456779579487798,3.8347885319229587,4.212851213495802,0.7055454552990152,0.3578005259121327,0.04563548705410514,0.053748345493755526,0.041277899055160855,0.030701279895729072,0.041277899055160855,0.030701279895729072,0.041277899055160855,0.030701279895729072,0.0086276491570229,0.0660658908016419,239.04792359529173,246.0708282112251,0.10450485204445488,57.0,59.0,59.0,0.0,1.0,6.0,6.0,0.0,1.0,5.0,5.0,0.0,1.0,0.0,1.0,0.0,1.0,0.8888888888888888,0.8666666666666667,0.8888888888888888,0.9090909090909091,0.8888888888888888,0.9090909090909091,0.8888888888888888,0.9090909090909091,0.0,0.8354685233280568,157.0,164.0,0.9817936497122257,57.0,59.0,59.0,0.0,1.0,16.0,17.0,1.0,1.0740740740740742,13.0,13.0,0.0,1.0,2.0,3.0,0.0,1.0,1.0,0.9333333333333333,1.0,0.9310344827586207,1.0,0.9310344827586207,1.0,0.9310344827586207,0.00760233918128655,0.9541892129047355,456.5,483.0,1.0387326468365812,57.0,59.0,59.0,0.0,1.0,25.0,27.0,2.0,1.1,21.0,22.0,2.0,1.125,8.0,9.0,2.0,2.0,1.0,1.0,1.0,1.0,1.0,1.0,1.0,1.0,0.023391812865497075,1.0,888.0999999999985,923.0,1.1919223884413757
spurious_events,0.15,repaired,57.0,59.0,59.0,0.0,1.0,16.085,17.74875,1.66375,1.0968507730137174,12.993125,13.7373125,0.7441875,1.0548561373303191,3.091875,4.0114375,0.9195625,1.3888786624490321,0.9470727775907901,0.8979897087675918,0.9507065951927125,0.9130496383094309,0.9442923168135497,0.9065136408102871,0.948142772297381,0.9103359344237514,0.014304769736842107,0.9061741463547581,492.344375,533.4605625,1.1037945766866852,0.0,0.0,0.0,0.0,0.0,8.383222375738788,9.432447144230139,1.165234224598165,0.04124052047481155,5.734883023181949,6.184159038728071,0.8203136729333338,0.05724431139489212,3.8347885319229587,4.342059998020291,0.9059628064284244,0.48260637648307886,0.05844850183106713,0.06386082306041413,0.05000914439926654,0.03590562710460868,0.05502369954315462,0.03871428709883989,0.05070522828783751,0.03549545653773573,0.011684943106447694,0.08310445722288705,239.04792359529173,249.12514305713964,0.19062288570427377,57.0,59.0,59.0,0.0,1.0,6.0,6.0,0.0,1.0,5.0,5.0,0.0,1.0,0.0,1.0,0.0,1.0,0.8571428571428571,0.8,0.8571428571428571,0.875,0.85,0.8571428571428571,0.8571428571428571,0.875,0.0,0.7740965675610346,157.0,175.0,0.9886554766590162,57.0,59.0,59.0,0.0,1.0,16.0,18.0,2.0,1.105263157894737,13.0,14.0,1.0,1.0526315789473684,2.0,3.0,1.0,1.25,0.95,0.9,0.95,0.9047619047619048,0.9473684210526315,0.9,0.9473684210526315,0.9,0.013157894736842105,0.918323570106557,456.5,500.0,1.076257140181665,57.0,59.0,59.0,0.0,1.0,25.0,28.0,3.0,1.1428571428571428,21.0,22.0,2.0,1.1666666666666667,8.0,9.0,2.0,2.0,1.0,1.0,1.0,1.0,1.0,1.0,1.0,1.0,0.03334795321637406,1.0,888.0999999999985,943.0,1.2839576318742985
spurious_events,0.15,unrepaired,57.0,59.0,59.0,0.0,1.0,16.085,18.021875,1.936875,1.1108701458269736,12.993125,13.9609375,0.9678125,1.0688375317671182,3.091875,4.0609375,0.9690625,1.4024589640212861,0.9470727775907901,0.8979897087675918,0.938506128586874,0.901254391658189,0.938506128586874,0.901254391658189,0.938506128586874,0.901254391658189,0.014304769736842107,0.9061741463547581,492.344375,533.4605625,1.1037945766866852,0.0,0.0,0.0,0.0,0.0,8.383222375738788,9.677925933536747,1.3211734663105383,0.036889490176552034,5.734883023181949,6.383275668425255,0.9612279710321143,0.059944420491418904,3.8347885319229587,4.423312896139589,0.9578818910497628,0.48553470905956814,0.05844850183106713,0.06386082306041413,0.051967217474056804,0.03193206504487581,0.051967217474056804,0.03193206504487581,0.051967217474056804,0.03193206504487581,0.011684943106447694,0.08310445722288705,239.04792359529173,249.12514305713964,0.19062288570427377,57.0,59.0,59.0,0.0,1.0,6.0,6.0,0.0,1.0,5.0,5.0,0.0,1.0,0.0,1.0,0.0,1.0,0.8571428571428571,0.8,0.8571428571428571,0.8695652173913043,0.8571428571428571,0.8695652173913043,0.8571428571428571,0.8695652173913043,0.0,0.7740965675610346,157.0,175.0,0.9886554766590162,57.0,59.0,59.0,0.0,1.0,16.0,18.0,2.0,1.1176470588235294,13.0,14.0,1.0,1.0666666666666667,2.0,3.0,1.0,1.2857142857142858,0.95,0.9,0.9375,0.8947368421052632,0.9375,0.8947368421052632,0.9375,0.8947368421052632,0.013157894736842105,0.918323570106557,456.5,500.0,1.076257140181665,57.0,59.0,59.0,0.0,1.0,25.0,28.0,3.0,1.15,21.0,23.0,3.0,1.1666666666666667,8.0,9.0,3.0,2.0,1.0,1.0,1.0,1.0,1.0,1.0,1.0,1.0,0.03334795321637406,1.0,888.0999999999985,943.0,1.2839576318742985
spurious_events,0.2,repaired,57.0,59.0,59.0,0.0,1.0,16.085,18.5228125,2.4378125,1.1495008578994312,12.993125,14.0933125,1.1001875,1.0851644042495234,3.091875,4.4295,1.337625,1.5911800499121387,0.9211182066144656,0.8515746595610968,0.9255658308901145,0.8712391718214995,0.9174633400882607,0.8629565886142064,0.9221951724673484,0.8676703689912593,0.020829239766081874,0.8647847706307833,492.344375,552.6655,1.1555020246033407,0.0,0.0,0.0,0.0,0.0,8.383222375738788,9.718352869120839,1.4581291433309884,0.04319677530246886,5.734883023181949,6.306987506572106,1.0151179088494109,0.07282231777812997,3.8347885319229587,4.496670268400701,1.1121315846905708,0.6203623684426806,0.0697538088635801,0.06981808672992501,0.060463228998261814,0.03456614853788811,0.06541654749346223,0.03684941624461701,0.06113878395715104,0.03334812849596232,0.014344146732272045,0.09339793674924252,239.04792359529173,251.1820662122382,0.21484004605096796,57.0,59.0,59.0,0.0,1.0,6.0,7.0,1.0,1.0714285714285714,5.0,5.0,0.0,1.0,0.0,1.0,0.0,1.0,0.8,0.75,0.8181818181818182,0.8333333333333334,0.8,0.8125,0.8181818181818182,0.8333333333333334,0.0020467836257309943,0.7055635487320638,157.0,186.0,0.9982800815139005,57.0,59.0,59.0,0.0,1.0,16.0,18.0,2.0,1.1578947368421053,13.0,14.0,1.0,1.0769230769230769,2.0,3.0,1.0,1.5,0.9230769230769231,0.8571428571428571,0.9285714285714286,0.8636363636363636,0.9166666666666666,0.8571428571428571,0.9230769230769231,0.8571428571428571,0.01871345029239766,0.8806187403593386,456.5,519.0,1.117548097296381,57.0,59.0,59.0,0.0,1.0,25.0,30.0,4.0,1.2,21.0,22.0,3.0,1.2222222222222223,8.0,10.0,3.0,3.0,1.0,0.9523809523809523,1.0,0.9333333333333333,1.0,0.9230769230769231,1.0,0.9230769230769231,0.044152046783625734,0.9797108949603012,888.0999999999985,967.0499999999993,1.401492960690345
spurious_events,0.2,unrepaired,57.0,59.0,59.0,0.0,1.0,16.085,18.92,2.835,1.1706331761236817,12.993125,14.414,1.420875,1.1058776120746792,3.091875,4.506,1.414125,1.6135776680574756,0.9211182066144656,0.8515746595610968,0.9084133718536975,0.8548958481412369,0.9084133718536975,0.8548958481412369,0.9084133718536975,0.8548958481412369,0.020829239766081874,0.8647847706307833,492.344375,552.6655,1.1555020246033407,0.0,0.0,0.0,0.0,0.0,8.383222375738788,10.053726539874855,1.6905483199546198,0.031239579583169166,5.734883023181949,6.576563099285776,1.20216661060769,0.07502903506818077,3.8347885319229587,4.6148044407376,1.1910454005606343,0.6267211225103716,0.0697538088635801,0.06981808672992501,0.06140632303957787,0.02469411956667312,0.06140632303957787,0.02469411956667312,0.06140632303957787,0.02469411956667312,0.014344146732272045,0.09339793674924252,239.04792359529173,251.1820662122382,0.21484004605096796,57.0,59.0,59.0,0.0,1.0,6.0,7.0,1.0,1.1111111111111112,5.0,5.0,0.0,1.0,0.0,1.0,0.0,1.0,0.8,0.75,0.8125,0.8333333333333334,0.8125,0.8333333333333334,0.8125,0.8333333333333334,0.0020467836257309943,0.7055635487320638,157.0,186.0,0.9982800815139005,57.0,59.0,59.0,0.0,1.0,16.0,19.0,3.0,1.1764705882352942,13.0,14.0,1.0,1.1111111111111112,2.0,3.0,1.0,1.5,0.9230769230769231,0.8571428571428571,0.9,0.85,0.9,0.85,0.9,0.85,0.01871345029239766,0.8806187403593386,456.5,519.0,1.117548097296381,57.0,59.0,59.0,0.0,1.0,25.0,30.0,5.0,1.2,21.0,23.0,3.0,1.2307692307692308,8.0,10.0,3.0,3.0,1.0,0.9523809523809523,1.0,0.9,1.0,0.9,1.0,0.9,0.044152046783625734,0.9797108949603012,888.0999999999985,967.0499999999993,1.401492960690345
spurious_events,0.25,repaired,57.0,59.0,59.0,0.0,1.0,16.085,19.193375,3.108375,1.1922339392874657,12.993125,14.384875,1.39175,1.1093784570936298,3.091875,4.8085,1.716625,1.7642845925539918,0.9011967309063823,0.8170220806309454,0.9063997697920552,0.8399893370183852,0.8955115755186458,0.8294490350391452,0.9019602499850455,0.8354388148596658,0.02660045687134503,0.8324598615994016,492.344375,569.2975625,1.2038519172072337,0.0,0.0,0.0,0.0,0.0,8.383222375738788,10.068226839113986,1.8035612441632183,0.04463922896471489,5.734883023181949,6.4412121770882145,1.173559975113522,0.08361807347041994,3.8347885319229587,4.693155053535129,1.3237949752306932,0.7447946961264945,0.07702067757922587,0.07324972713230073,0.06654489627072699,0.03286428478006772,0.07206893538587615,0.03550161171650499,0.06708259387501884,0.031192029040437996,0.01720432649985438,0.1015102142253208,239.04792359529173,254.11243100158018,0.3057252393806797,57.0,59.0,59.0,0.0,1.0,6.0,7.0,1.0,1.105263157894737,5.0,5.0,0.0,1.0,0.0,1.0,0.0,1.0,0.7692307692307693,0.705588235294118,0.8,0.8,0.7777777777777778,0.7741935483870968,0.8,0.8,0.004678362573099415,0.6578947368421053,157.0,192.0,1.0050546720784261,57.0,59.0,59.0,0.0,1.0,16.0,19.0,3.0,1.2,13.0,14.0,1.0,1.105263157894737,2.0,4.0,2.0,1.5,0.9,0.8181818181818182,0.9047619047619048,0.8333333333333334,0.8947368421052632,0.8260869565217391,0.9,0.8333333333333334,0.02456140350877193,0.8508664693518637,456.5,541.0,1.1523677615090357,57.0,59.0,59.0,0.0,1.0,25.0,31.0,5.0,1.25,21.0,23.0,3.0,1.25,8.0,10.0,4.0,3.0,1.0,0.9166666666666666,1.0,0.9047619047619048,1.0,0.8846153846153846,1.0,0.8888888888888888,0.05380116959064327,0.9526930300541073,888.0999999999985,986.0,1.502415458937198
spurious_events,0.25,unrepaired,57.0,59.0,59.0,0.0,1.0,16.085,19.72375,3.63875,1.220725567074866,12.993125,14.8129375,1.8198125,1.1373660681233335,3.091875,4.9108125,1.8189375,1.7949848526843564,0.9011967309063823,0.8170220806309454,0.8842292427920867,0.819577938337597,0.8842292427920867,0.819577938337597,0.8842292427920867,0.819577938337597,0.02660045687134503,0.8324598615994016,492.344375,569.2975625,1.2038519172072337,0.0,0.0,0.0,0.0,0.0,8.383222375738788,10.481021022548566,2.112114403081242,0.026433543642777734,5.734883023181949,6.774146675969097,1.4102638999883943,0.08567113228588212,3.8347885319229587,4.83820174260025,1.4295651785180128,0.7552933649927003,0.07702067757922587,0.07324972713230073,0.06673977526095329,0.018157734780648402,0.06673977526095329,0.018157734780648402,0.06673977526095329,0.018157734780648402,0.01720432649985438,0.1015102142253208,239.04792359529173,254.11243100158018,0.3057252393806797,57.0,59.0,59.0,0.0,1.0,6.0,7.0,1.0,1.1666666666666667,5.0,5.0,0.0,1.0,0.0,1.0,0.0,1.0,0.7692307692307693,0.705588235294118,0.782608695652174,0.8,0.782608695652174,0.8,0.782608695652174,0.8,0.004678362573099415,0.6578947368421053,157.0,192.0,1.0050546720784261,57.0,59.0,59.0,0.0,1.0,16.0,20.0,4.0,1.2222222222222223,13.0,15.0,2.0,1.1428571428571428,2.0,4.0,2.0,1.6,0.9,0.8181818181818182,0.875,0.8181818181818182,0.875,0.8181818181818182,0.875,0.8181818181818182,0.02456140350877193,0.8508664693518637,456.5,541.0,1.1523677615090357,57.0,59.0,59.0,0.0,1.0,25.0,31.0,6.0,1.25,21.0,24.0,4.0,1.2777777777777777,8.0,11.0,4.0,3.0,1.0,0.9166666666666666,1.0,0.8571428571428571,1.0,0.8571428571428571,1.0,0.8571428571428571,0.05380116959064327,0.9526930300541073,888.0999999999985,986.0,1.502415458937198
spurious_events,0.3,repaired,57.0,59.0,59.0,0.0,1.0,16.085,19.850375,3.765375,1.2332570468328885,12.993125,14.6861875,1.6930625,1.1332641944059842,3.091875,5.1641875,2.0723125,1.9280006116243684,0.8823400565283418,0.7879349450047823,0.8880922595697641,0.8121657223748892,0.8759596593215562,0.8007970300143449,0.8831126002264162,0.8072345345379772,0.03194470029239766,0.8057197529357113,492.344375,584.858125,1.244123847967672,0.0,0.0,0.0,0.0,0.0,8.383222375738788,10.347309023829679,2.082239681690315,0.04843307295386599,5.734883023181949,6.572235833990211,1.3280952943645172,0.09190326434817507,3.8347885319229587,4.815514436542502,1.483061316761074,0.8564418998335372,0.08218240890451914,0.0766074095990386,0.07048302348549315,0.03330355454845427,0.07627173175635574,0.036616037150380074,0.07108781690075869,0.03210636200619812,0.019411031570577265,0.10591819445496786,239.04792359529173,257.1191834804264,0.33956960137423664,57.0,59.0,59.0,0.0,1.0,6.0,7.0,1.0,1.15,5.0,5.0,0.0,1.0,0.0,1.0,0.0,1.0,0.75,0.6666666666666666,0.7727272727272727,0.7692307692307693,0.75,0.7419354838709677,0.7647058823529411,0.7692307692307693,0.006725146198830409,0.618122340289988,157.0,197.0,1.0199158042052752,57.0,59.0,59.0,0.0,1.0,16.0,19.0,4.0,1.2380952380952381,13.0,15.0,2.0,1.125,2.0,4.0,2.0,1.6666666666666667,0.8888888888888888,0.8,0.8888888888888888,0.8076923076923077,0.875,0.8,0.8823529411764706,0.8,0.02982456140350877,0.8246043482927643,456.5,558.0,1.1845683805720413,57.0,59.0,59.0,0.0,1.0,25.0,31.0,6.0,1.3,21.0,23.0,4.0,1.2941176470588236,8.0,11.0,4.0,4.0,1.0,0.9,1.0,0.8695652173913043,1.0,0.8571428571428571,1.0,0.8636363636363636,0.06169590643274854,0.9339634174470637,888.0999999999985,1003.0,1.5886114561766729
spurious_events,0.3,unrepaired,57.0,59.0,59.0,0.0,1.0,16.085,20.484375,4.399375,1.2669026036688766,12.993125,15.192125,2.199,1.1661186595594997,3.091875,5.29225,2.200375,1.9659111613483458,0.8823400565283418,0.7879349450047823,0.8631949177278327,0.789784570637816,0.8631949177278327,0.789784570637816,0.8631949177278327,0.789784570637816,0.03194470029239766,0.8057197529357113,492.344375,584.858125,1.244123847967672,0.0,0.0,0.0,0.0,0.0,8.383222375738788,10.898895814714345,2.5276518596061033,0.0299447123045589,5.734883023181949,6.993534144434025,1.6420467471558173,0.09424329529398624,3.8347885319229587,5.018955499617843,1.6338273153415055,0.8697799297523608,0.08218240890451914,0.0766074095990386,0.07029790987184652,0.01938717508249034,0.07029790987184652,0.01938717508249034,0.07029790987184652,0.01938717508249034,0.019411031570577265,0.10591819445496786,239.04792359529173,257.1191834804264,0.33956960137423664,57.0,59.0,59.0,0.0,1.0,6.0,7.0,1.0,1.2,5.0,5.0,0.0,1.0,0.0,1.0,0.0,1.0,0.75,0.6666666666666666,0.75,0.7692307692307693,0.75,0.7692307692307693,0.75,0.7692307692307693,0.006725146198830409,0.618122340289988,157.0,197.0,1.0199158042052752,57.0,59.0,59.0,0.0,1.0,16.0,20.0,4.0,1.2727272727272727,13.0,15.0,2.0,1.1666666666666667,2.0,4.0,2.0,1.75,0.8888888888888888,0.8,0.8571428571428571,0.7857142857142857,0.8571428571428571,0.7857142857142857,0.8571428571428571,0.7857142857142857,0.02982456140350877,0.8246043482927643,456.5,558.0,1.1845683805720413,57.0,59.0,59.0,0.0,1.0,25.0,32.0,7.0,1.3,21.0,25.0,5.0,1.3333333333333333,8.0,11.0,5.0,4.0,1.0,0.9,1.0,0.8333333333333334,1.0,0.8333333333333334,1.0,0.8333333333333334,0.06169590643274854,0.9339634174470637,888.0999999999985,1003.0,1.5886114561766729
spurious_events,0.4,repaired,57.0,59.0,59.0,0.0,1.0,16.085,21.2194375,5.1344375,1.3210415642164273,12.993125,15.311375,2.31825,1.183886208411506,3.091875,5.9080625,2.8161875,2.2728804473176374,0.8454865189311074,0.7323691949902001,0.8519643633172839,0.7584433985961284,0.8355398601237201,0.7435913327398577,0.8452042807147535,0.7518600845357327,0.04325115131578947,0.7537494613733656,492.344375,617.6379375,1.331524981178184,0.0,0.0,0.0,0.0,0.0,8.383222375738788,10.972872683555881,2.7072489973060407,0.056875143965872114,5.734883023181949,6.844000886260389,1.6489426538670946,0.11119771104035507,3.8347885319229587,5.139371149964007,1.8512130216960405,1.091029754648068,0.09129706849151369,0.08175534025452029,0.07824706465528806,0.03412422247480456,0.08436072760921459,0.03729424667731003,0.07867679065783487,0.03245119379651407,0.0242622016944518,0.11256286292567991,239.04792359529173,263.30468982383485,0.43509748568972456,57.0,59.0,59.0,0.0,1.0,6.0,8.0,2.0,1.2222222222222223,5.0,5.0,0.0,1.0,0.0,2.0,0.0,1.0,0.6923076923076923,0.6,0.7272727272727273,0.7142857142857143,0.7,0.6842105263157895,0.7142857142857143,0.7142857142857143,0.011988304093567251,0.5511801867789782,157.0,216.0,1.0524474162370583,57.0,59.0,59.0,0.0,1.0,16.0,21.0,5.0,1.3333333333333333,13.0,15.0,2.0,1.1764705882352942,2.0,5.0,3.0,2.0,0.85,0.7368421052631579,0.85,0.75,0.8333333333333334,0.7407407407407407,0.8421052631578947,0.75,0.04049707602339181,0.7741935483870968,456.5,595.0,1.25,57.0,59.0,59.0,0.0,1.0,25.0,34.0,9.0,1.4,21.0,24.0,5.0,1.375,8.0,12.0,6.0,5.0,1.0,0.8461538461538461,1.0,0.8181818181818182,1.0,0.8,1.0,0.8095238095238095,0.0804093567251462,0.889833030669895,888.0999999999985,1045.0,1.7758620689655173
spurious_events,0.4,unrepaired,57.0,59.0,59.0,0.0,1.0,16.085,22.12125,6.03625,1.369350600449787,12.993125,16.0113125,3.0181875,1.2298430713298492,3.091875,6.1099375,3.0180625,2.337889444020643,0.8454865189311074,0.7323691949902001,0.8201242794221824,0.7306314947776403,0.8201242794221824,0.7306314947776403,0.8201242794221824,0.7306314947776403,0.04325115131578947,0.7537494613733656,492.344375,617.6379375,1.331524981178184,0.0,0.0,0.0,0.0,0.0,8.383222375738788,11.730681949217066,3.3560601728429633,0.02978211573087446,5.734883023181949,7.397041928478866,2.0684230982141494,0.11362333153354134,3.8347885319229587,5.438779735970863,2.087524516264806,1.1235611266663823,0.09129706849151369,0.08175534025452029,0.07657088160062571,0.016488068465895744,0.07657088160062571,0.016488068465895744,0.07657088160062571,0.016488068465895744,0.0242622016944518,0.11256286292567991,239.04792359529173,263.30468982383485,0.43509748568972456,57.0,59.0,59.0,0.0,1.0,6.0,8.0,2.0,1.3333333333333333,5.0,6.0,0.0,1.0,0.0,2.0,0.0,1.0,0.6923076923076923,0.6,0.7,0.7142857142857143,0.7,0.7142857142857143,0.7,0.7142857142857143,0.011988304093567251,0.5511801867789782,157.0,216.0,1.0524474162370583,57.0,59.0,59.0,0.0,1.0,16.0,22.0,6.0,1.375,13.0,16.0,3.0,1.2222222222222223,2.0,5.0,3.0,2.0,0.85,0.7368421052631579,0.8181818181818182,0.7272727272727273,0.8181818181818182,0.7272727272727273,0.8181818181818182,0.7272727272727273,0.04049707602339181,0.7741935483870968,456.5,595.0,1.25,57.0,59.0,59.0,0.0,1.0,25.0,35.0,10.0,1.4,21.0,26.0,6.0,1.4285714285714286,8.0,13.0,6.0,5.0,1.0,0.8461538461538461,1.0,0.75,1.0,0.75,1.0,0.75,0.0804093567251462,0.889833030669895,888.0999999999985,1045.0,1.7758620689655173
spurious_events,0.5,repaired,57.0,59.0,59.0,0.0,1.0,16.085,22.661375,6.576375,1.4157478317704282,12.993125,15.9534375,2.9603125,1.2371956468943839,3.091875,6.7079375,3.6160625,2.654792023932715,0.809790837733935,0.6816859661804057,0.8166230919956472,0.7078200071155548,0.7968324210972497,0.6906858292389352,0.808303654345333,0.6999052863883207,0.05484572368421053,0.704645207318876,492.344375,650.937375,1.4224876298647855,0.0,0.0,0.0,0.0,0.0,8.383222375738788,11.519440164488527,3.2550275052031097,0.06374380246112984,5.734883023181949,7.076750628541315,1.9028501529975521,0.12737245292768434,3.8347885319229587,5.4313884730233,2.178319550329499,1.323718913202018,0.09584860723960721,0.08363506006071582,0.08195426146055709,0.03292772976453378,0.08776534292195141,0.03645114848080034,0.08243960067002322,0.031019152559222912,0.02794235128113199,0.11720550477569464,239.04792359529173,269.30430604371685,0.5020134393117575,57.0,59.0,59.0,0.0,1.0,6.0,9.0,2.0,1.3,5.0,6.0,1.0,1.0476190476190477,0.0,2.0,1.0,1.3333333333333333,0.6470588235294118,0.5454545454545454,0.6842105263157895,0.6666666666666666,0.6565498737373737,0.6296296296296297,0.6666666666666666,0.6666666666666666,0.018128654970760234,0.4888874326489005,157.0,233.0,1.0883112212276216,57.0,59.0,59.0,0.0,1.0,16.0,22.0,6.0,1.4210526315789473,13.0,16.0,3.0,1.2222222222222223,2.0,6.0,3.0,2.25,0.8181818181818182,0.6875,0.8181818181818182,0.7037037037037037,0.8,0.6896551724137931,0.8,0.6956521739130435,0.052046783625730994,0.72605077201918,456.5,633.0,1.3210033813006212,57.0,59.0,59.0,0.0,1.0,25.0,36.0,11.0,1.5,21.0,25.0,6.0,1.4615384615384615,8.0,13.0,7.0,5.0,1.0,0.8,0.9545454545454546,0.7692307692307693,0.9444444444444444,0.75,0.95,0.75,0.0976608187134503,0.8503401360544217,888.0999999999985,1086.0,1.9867260646330411
spurious_events,0.5,unrepaired,57.0,59.0,59.0,0.0,1.0,16.085,23.885625,7.800625,1.4813015629377762,12.993125,16.8909375,3.8978125,1.2988069865272232,3.091875,6.9946875,3.9028125,2.747308474996802,0.809790837733935,0.6816859661804057,0.7777055713325988,0.6752593713702026,0.7777055713325988,0.6752593713702026,0.7777055713325988,0.6752593713702026,0.05484572368421053,0.704645207318876,492.344375,650.937375,1.4224876298647855,0.0,0.0,0.0,0.0,0.0,8.383222375738788,12.582972186995082,4.20469732285793,0.023745782134298763,5.734883023181949,7.830142068723579,2.507865287772171,0.12979027196121842,3.8347885319229587,5.85617645759694,2.5208905708941716,1.3655433845108689,0.09584860723960721,0.08363506006071582,0.07866619569199214,0.011069083093856692,0.07866619569199214,0.011069083093856692,0.07866619569199214,0.011069083093856692,0.02794235128113199,0.11720550477569464,239.04792359529173,269.30430604371685,0.5020134393117575,57.0,59.0,59.0,0.0,1.0,6.0,9.0,3.0,1.4285714285714286,5.0,6.0,1.0,1.1,0.0,2.0,1.0,1.3333333333333333,0.6470588235294118,0.5454545454545454,0.6666666666666666,0.6666666666666666,0.6666666666666666,0.6666666666666666,0.6666666666666666,0.6666666666666666,0.018128654970760234,0.4888874326489005,157.0,233.0,1.0883112212276216,57.0,59.0,59.0,0.0,1.0,16.0,24.0,8.0,1.5,13.0,17.0,4.0,1.2941176470588236,2.0,6.0,4.0,2.3333333333333335,0.8181818181818182,0.6875,0.7727272727272727,0.6666666666666666,0.7727272727272727,0.6666666666666666,0.7727272727272727,0.6666666666666666,0.052046783625730994,0.72605077201918,456.5,633.0,1.3210033813006212,57.0,59.0,59.0,0.0,1.0,25.0,37.0,12.0,1.5,21.0,27.0,8.0,1.5,8.0,14.0,8.0,6.0,1.0,0.8,0.9090909090909091,0.7,0.9090909090909091,0.7,0.9090909090909091,0.7,0.0976608187134503,0.8503401360544217,888.0999999999985,1086.0,1.9867260646330411
spurious_events,0.6,repaired,57.0,59.0,59.0,0.0,1.0,16.085,23.8610625,7.7760625,1.491233266027368,12.993125,16.506375,3.51325,1.2814854638699522,3.091875,7.3546875,4.2628125,2.9475211401556463,0.782523435664249,0.6463778236085053,0.7893894288684637,0.6721261436897064,0.7675152493623049,0.6533651140788765,0.7799940976864874,0.6634154210906894,0.06431935307017544,0.6715410902905903,492.344375,678.8813125,1.4953996269320908,0.0,0.0,0.0,0.0,0.0,8.383222375738788,12.08159267961793,3.8153242705960575,0.07023855518921522,5.734883023181949,7.340058013231379,2.176521425427446,0.13986443749757316,3.8347885319229587,5.703215513554035,2.494069137704037,1.5379367913871815,0.09852434787640256,0.08371690018742484,0.08392946849823826,0.03278601149368613,0.09041455996762583,0.03653958608172431,0.08437275703646233,0.03112502007552243,0.03164359198784673,0.1178967689907661,239.04792359529173,276.0390911166685,0.6067858651166754,57.0,59.0,59.0,0.0,1.0,6.0,9.0,3.0,1.3666666666666667,5.0,6.0,1.0,1.0833333333333333,0.0,2.0,1.0,1.411764705882353,0.6153846153846154,0.5,0.65,0.625,0.625,0.5925925925925926,0.6428571428571429,0.625,0.021345029239766083,0.45440590819337523,157.0,247.0,1.1234395394492493,57.0,59.0,59.0,0.0,1.0,16.0,24.0,8.0,1.5,13.0,16.0,3.0,1.2666666666666666,2.0,6.0,4.0,2.5,0.7894736842105263,0.6521739130434783,0.7894736842105263,0.6666666666666666,0.7647058823529411,0.6521739130434783,0.7777777777777778,0.6666666666666666,0.06169590643274854,0.6924705465497387,456.5,664.0,1.3748118242022345,57.0,59.0,59.0,0.0,1.0,25.0,38.0,13.0,1.6,21.0,26.0,7.0,1.5384615384615385,8.0,14.0,8.0,6.0,0.9333333333333333,0.7647058823529411,0.9230769230769231,0.7317073170731707,0.9130434782608695,0.7142857142857143,0.9166666666666666,0.7222222222222222,0.11257309941520467,0.8199272030651341,888.0999999999985,1123.0,2.1070032333921223
spurious_events,0.6,unrepaired,57.0,59.0,59.0,0.0,1.0,16.085,25.34875,9.26375,1.570441286302468,12.993125,17.6214375,4.6283125,1.3544782169595502,3.091875,7.7273125,4.6354375,3.0713082898958417,0.782523435664249,0.6463778236085053,0.7467683983089306,0.6369645762481233,0.7467683983089306,0.6369645762481233,0.7467683983089306,0.6369645762481233,0.06431935307017544,0.6715410902905903,492.344375,678.8813125,1.4953996269320908,0.0,0.0,0.0,0.0,0.0,8.383222375738788,13.41317889327514,5.034830710412971,0.027598594258116897,5.734883023181949,8.27936665319908,2.9768002512894953,0.14433783808800837,3.8347885319229587,6.218721416685857,2.922937846832744,1.6011055144066129,0.09852434787640256,0.08371690018742484,0.08062742136695189,0.011434135576489292,0.08062742136695189,0.011434135576489292,0.08062742136695189,0.011434135576489292,0.03164359198784673,0.1178967689907661,239.04792359529173,276.0390911166685,0.6067858651166754,57.0,59.0,59.0,0.0,1.0,6.0,9.0,3.0,1.5,5.0,6.0,1.0,1.125,0.0,2.0,1.0,1.5,0.6153846153846154,0.5,0.625,0.625,0.625,0.625,0.625,0.625,0.021345029239766083,0.45440590819337523,157.0,247.0,1.1234395394492493,57.0,59.0,59.0,0.0,1.0,16.0,25.0,9.0,1.5714285714285714,13.0,17.0,4.0,1.35,2.0,7.0,4.0,2.6,0.7894736842105263,0.6521739130434783,0.7407407407407407,0.6363636363636364,0.7407407407407407,0.6363636363636364,0.7407407407407407,0.6363636363636364,0.06169590643274854,0.6924705465497387,456.5,664.0,1.3748118242022345,57.0,59.0,59.0,0.0,1.0,25.0,40.0,15.0,1.6,21.0,29.0,9.0,1.6,8.0,15.0,9.0,6.5,0.9333333333333333,0.7647058823529411,0.8888888888888888,0.6666666666666666,0.8888888888888888,0.6666666666666666,0.8888888888888888,0.6666666666666666,0.11257309941520467,0.8199272030651341,888.0999999999985,1123.0,2.1070032333921223
spurious_events,0.7,repaired,57.0,59.0,59.0,0.0,1.0,16.085,25.082875,8.997875,1.567624205669832,12.993125,17.07175,4.078625,1.3261039269550456,3.091875,8.011125,4.91925,3.240535569933592,0.7570379814159032,0.6157878922897688,0.7635837051533235,0.6395253085416108,0.738962135735725,0.6189172645533113,0.7530002053793957,0.629804768034718,0.07356673976608187,0.6412077186091326,492.344375,704.76725,1.5627100788765196,0.0,0.0,0.0,0.0,0.0,8.383222375738788,12.619591321223293,4.3591206802741915,0.07767864540272298,5.734883023181949,7.5717937235018535,2.418405187743202,0.15030974512623596,3.8347885319229587,5.994038435430877,2.8010212057367982,1.72460073381925,0.10045543163529458,0.08469340295085323,0.0849289613004135,0.032727879219655934,0.09080716870790626,0.037180229080775645,0.08520632919318125,0.031344067583082974,0.0351190551535945,0.11923275762502655,239.04792359529173,281.9880871287244,0.6701530633023035,57.0,59.0,59.0,0.0,1.0,6.0,10.0,3.0,1.4285714285714286,5.0,6.0,1.0,1.1111111111111112,0.0,2.0,1.0,1.5,0.5833333333333334,0.47368421052631576,0.625,0.5925925925925926,0.6,0.5555555555555556,0.6153846153846154,0.5882352941176471,0.024853801169590642,0.42068882625994697,157.0,257.0,1.1431757918285645,57.0,59.0,59.0,0.0,1.0,16.0,25.0,9.0,1.5714285714285714,13.0,17.0,4.0,1.3125,2.0,7.0,5.0,2.75,0.7619047619047619,0.6206896551724138,0.7619047619047619,0.6363636363636364,0.7391304347826086,0.6176470588235294,0.75,0.625,0.07076023391812865,0.6625064901349949,456.5,694.0,1.4281866966946883,57.0,59.0,59.0,0.0,1.0,25.0,39.0,15.0,1.6875,21.0,27.0,8.0,1.6,8.0,15.0,9.0,7.0,0.9090909090909091,0.7391304347826086,0.9,0.7,0.8888888888888888,0.68,0.8888888888888888,0.6875,0.12690058479532162,0.7938962754802449,888.0999999999985,1157.0,2.259619111508646
spurious_events,0.7,unrepaired,57.0,59.0,59.0,0.0,1.0,16.085,26.894375,10.809375,1.66416417485827,12.993125,18.412875,5.41975,1.4138922261205384,3.091875,8.4815,5.389625,3.398612757031042,0.7570379814159032,0.6157878922897688,0.7158099828410932,0.6011751315762186,0.7158099828410932,0.6011751315762186,0.7158099828410932,0.6011751315762186,0.07356673976608187,0.6412077186091326,492.344375,704.76725,1.5627100788765196,0.0,0.0,0.0,0.0,0.0,8.383222375738788,14.257618080835206,5.878473176540441,0.03462217434814303,5.734883023181949,8.695329768436682,3.381053742219353,0.15386477798828993,3.8347885319229587,6.649025932165963,3.353452729978574,1.807125002279616,0.10045543163529458,0.08469340295085323,0.07967358471606209,0.013129140858925917,0.07967358471606209,0.013129140858925917,0.07967358471606209,0.013129140858925917,0.0351190551535945,0.11923275762502655,239.04792359529173,281.9880871287244,0.6701530633023035,57.0,59.0,59.0,0.0,1.0,6.0,10.0,4.0,1.6,5.0,6.0,1.0,1.1666666666666667,0.0,2.0,1.0,1.6,0.5833333333333334,0.47368421052631576,0.6,0.5882352941176471,0.6,0.5882352941176471,0.6,0.5882352941176471,0.024853801169590642,0.42068882625994697,157.0,257.0,1.1431757918285645,57.0,59.0,59.0,0.0,1.0,16.0,27.0,11.0,1.6666666666666667,13.0,18.0,5.0,1.4,2.0,7.0,5.0,3.0,0.7619047619047619,0.6206896551724138,0.7142857142857143,0.6,0.7142857142857143,0.6,0.7142857142857143,0.6,0.07076023391812865,0.6625064901349949,456.5,694.0,1.4281866966946883,57.0,59.0,59.0,0.0,1.0,25.0,42.0,17.0,1.7,21.0,30.0,10.0,1.6666666666666667,8.0,16.0,10.0,7.0,0.9090909090909091,0.7391304347826086,0.8571428571428571,0.625,0.8571428571428571,0.625,0.8571428571428571,0.625,0.12690058479532162,0.7938962754802449,888.0999999999985,1157.0,2.259619111508646
spurious_events,0.8,repaired,57.0,59.0,59.0,0.0,1.0,16.085,26.4095625,10.3245625,1.6545558350478564,12.993125,17.6353125,4.6421875,1.3734762747156468,3.091875,8.77425,5.682375,3.599913301787091,0.732054054091424,0.5838335718523661,0.7384397395795178,0.6060378109789006,0.7124097037306247,0.5847574114761755,0.7271168687784828,0.5957500072389137,0.08395802266081871,0.6087890347879308,492.344375,733.9633125,1.6461150441876085,0.0,0.0,0.0,0.0,0.0,8.383222375738788,13.143025422383623,4.882733532716661,0.0852035705896392,5.734883023181949,7.794460380817461,2.66877366254571,0.16641697867116761,3.8347885319229587,6.244675666989167,3.0995709087087633,1.966748175561522,0.10267896392171541,0.0846654441585591,0.08690496889118118,0.032050930265799256,0.09193783425991434,0.03611363101472071,0.08697403361460385,0.030527392685051717,0.03853256570192826,0.1185056412114731,239.04792359529173,287.16947019236846,0.7659719724887255,57.0,59.0,59.0,0.0,1.0,6.0,10.0,4.0,1.5,5.0,6.0,1.0,1.1428571428571428,0.0,3.0,2.0,1.6666666666666667,0.56,0.4444444444444444,0.6,0.5555555555555556,0.5714285714285714,0.5238095238095238,0.5833333333333334,0.5555555555555556,0.030116959064327486,0.39037433155080214,157.0,276.0,1.1734583387495126,57.0,59.0,59.0,0.0,1.0,16.0,26.0,10.0,1.6666666666666667,13.0,18.0,4.0,1.3571428571428572,2.0,8.0,5.0,3.0,0.7368421052631579,0.5909090909090909,0.7368421052631579,0.6,0.7142857142857143,0.5833333333333334,0.7272727272727273,0.5925925925925926,0.08128654970760234,0.6291926501020819,456.5,726.0,1.4898254954155576,57.0,59.0,59.0,0.0,1.0,25.0,42.0,16.0,1.8,21.0,28.0,9.0,1.6666666666666667,8.0,17.0,10.0,8.0,0.8888888888888888,0.7058823529411765,0.875,0.6666666666666666,0.8571428571428571,0.6451612903225806,0.8666666666666667,0.65,0.14181286549707603,0.7624473828380556,888.0999999999985,1190.0,2.4186366179173655
spurious_events,0.8,unrepaired,57.0,59.0,59.0,0.0,1.0,16.085,28.55,12.465,1.7691587106285733,12.993125,19.1943125,6.2011875,1.476306738735204,3.091875,9.3556875,6.2638125,3.7980502181522837,0.732054054091424,0.5838335718523661,0.6865326515272164,0.5654054759316258,0.6865326515272164,0.5654054759316258,0.6865326515272164,0.5654054759316258,0.08395802266081871,0.6087890347879308,492.344375,733.9633125,1.6461150441876085,0.0,0.0,0.0,0.0,0.0,8.383222375738788,15.090617380372743,6.710930620030414,0.02983857688238859,5.734883023181949,9.089188274335156,3.797629189910483,0.17067839951752917,3.8347885319229587,7.04898250898626,3.7838287883917947,2.072963469919957,0.10267896392171541,0.0846654441585591,0.08067164048874992,0.009790885943105425,0.08067164048874992,0.009790885943105425,0.08067164048874992,0.009790885943105425,0.03853256570192826,0.1185056412114731,239.04792359529173,287.16947019236846,0.7659719724887255,57.0,59.0,59.0,0.0,1.0,6.0,10.0,4.0,1.7142857142857142,5.0,7.0,2.0,1.2142857142857142,0.0,3.0,2.0,1.750914634146342,0.56,0.4444444444444444,0.5652173913043478,0.5555555555555556,0.5652173913043478,0.5555555555555556,0.5652173913043478,0.5555555555555556,0.030116959064327486,0.39037433155080214,157.0,276.0,1.1734583387495126,57.0,59.0,59.0,0.0,1.0,16.0,28.0,12.0,1.7777777777777777,13.0,19.0,6.0,1.4666666666666666,2.0,8.0,6.0,3.0,0.7368421052631579,0.5909090909090909,0.6818181818181818,0.5625,0.6818181818181818,0.5625,0.6818181818181818,0.5625,0.08128654970760234,0.6291926501020819,456.5,726.0,1.4898254954155576,57.0,59.0,59.0,0.0,1.0,25.0,45.0,20.0,1.8,21.0,31.0,12.0,1.7692307692307692,8.0,18.0,12.0,8.0,0.8888888888888888,0.7058823529411765,0.8235294117647058,0.5833333333333334,0.8235294117647058,0.5833333333333334,0.8235294117647058,0.5833333333333334,0.14181286549707603,0.7624473828380556,888.0999999999985,1190.0,2.4186366179173655
spurious_events,0.9,repaired,57.0,59.0,59.0,0.0,1.0,16.085,27.6295,11.5445,1.7336389259950176,12.993125,18.2293125,5.2361875,1.422293936752594,3.091875,9.4001875,6.3083125,3.89766012575083,0.7076880175319816,0.5581278858057642,0.7137320148322066,0.5785035663516837,0.6858472065239559,0.556158144365426,0.7013354379285229,0.5674903901482363,0.09325085891812866,0.5819400304721365,492.344375,760.5443125,1.7190607487487388,0.0,0.0,0.0,0.0,0.0,8.383222375738788,13.613052080602037,5.355843777259617,0.09242090292344142,5.734883023181949,8.0118031733951,2.9033049768463064,0.1773873494659323,3.8347885319229587,6.487346747252101,3.360277015172242,2.15237440577492,0.10261360351315753,0.08422714270388054,0.08671332187558674,0.03164140248504608,0.09073258602725155,0.03552805201193486,0.0861814946567308,0.030272665970472207,0.04095523146370292,0.118733451752284,239.04792359529173,290.5280112471684,0.8561952320511288,57.0,59.0,59.0,0.0,1.0,6.0,11.0,5.0,1.5714285714285714,5.0,7.0,2.0,1.1666666666666667,0.0,3.0,2.0,1.75,0.5384615384615384,0.4166666666666667,0.5714285714285714,0.53125,0.5416666666666666,0.5,0.5625,0.5263157894736842,0.0347953216374269,0.36079447953557997,157.0,295.0,1.2117820954190772,57.0,59.0,59.0,0.0,1.0,16.0,27.0,11.0,1.736842105263158,13.0,18.0,5.0,1.4,2.0,8.0,6.0,3.25,0.7142857142857143,0.5625,0.7142857142857143,0.5757575757575758,0.6842105263157895,0.5555555555555556,0.7,0.5641025641025641,0.09064327485380116,0.6026700841933732,456.5,753.0,1.5444165270798438,57.0,59.0,59.0,0.0,1.0,25.0,43.0,18.0,1.8823529411764706,21.0,29.0,10.0,1.75,8.0,17.0,11.0,9.0,0.8571428571428571,0.68,0.8571428571428571,0.6363636363636364,0.8333333333333334,0.6153846153846154,0.8333333333333334,0.6216216216216216,0.15526315789473685,0.7377379660161872,888.0999999999985,1219.0,2.6044691358024687
spurious_events,0.9,unrepaired,57.0,59.0,59.0,0.0,1.0,16.085,30.115,14.03,1.8662591032125688,12.993125,20.0225625,7.0294375,1.5402961020055275,3.091875,10.0924375,7.0005625,4.132654576150543,0.7076880175319816,0.5581278858057642,0.6583612040585173,0.5359642247866493,0.6583612040585173,0.5359642247866493,0.6583612040585173,0.5359642247866493,0.09325085891812866,0.5819400304721365,492.344375,760.5443125,1.7190607487487388,0.0,0.0,0.0,0.0,0.0,8.383222375738788,15.906290835091244,7.526296587384129,0.029089096426798074,5.734883023181949,9.495706343449594,4.205226055633623,0.18148183971555001,3.8347885319229587,7.472031668975481,4.207825304798894,2.2837294519862112,0.10261360351315753,0.08422714270388054,0.07891933110353949,0.008532852833147381,0.07891933110353949,0.008532852833147381,0.07891933110353949,0.008532852833147381,0.04095523146370292,0.118733451752284,239.04792359529173,290.5280112471684,0.8561952320511288,57.0,59.0,59.0,0.0,1.0,6.0,11.0,5.0,1.8181818181818181,5.0,7.0,2.0,1.25,0.0,3.0,2.0,1.9460881934566145,0.5384615384615384,0.4166666666666667,0.5384615384615384,0.5263157894736842,0.5384615384615384,0.5263157894736842,0.5384615384615384,0.5263157894736842,0.0347953216374269,0.36079447953557997,157.0,295.0,1.2117820954190772,57.0,59.0,59.0,0.0,1.0,16.0,30.0,14.0,1.8709677419354838,13.0,20.0,7.0,1.5294117647058822,2.0,9.0,7.0,3.5,0.7142857142857143,0.5625,0.6538461538461539,0.5344827586206896,0.6538461538461539,0.5344827586206896,0.6538461538461539,0.5344827586206896,0.09064327485380116,0.6026700841933732,456.5,753.0,1.5444165270798438,57.0,59.0,59.0,0.0,1.0,25.0,47.0,22.0,1.9,21.0,33.0,13.0,1.8571428571428572,8.0,19.0,13.0,9.0,0.8571428571428571,0.68,0.8,0.55,0.8,0.55,0.8,0.55,0.15526315789473685,0.7377379660161872,888.0999999999985,1219.0,2.6044691358024687
timing_uncertainty,0.0,repaired,57.0,59.0,59.0,0.0,1.0,16.085,16.085,0.0,1.0,12.993125,12.993125,0.0,1.0,3.091875,3.091875,0.0,1.0,1.0,1.0,1.0,1.0,1.0,1.0,1.0,1.0,0.0,1.0,492.344375,492.344375,1.0,0.0,0.0,0.0,0.0,0.0,8.383222375738788,8.383222375738788,0.0,0.0,5.734883023181949,5.734883023181949,0.0,0.0,3.8347885319229587,3.8347885319229587,0.0,0.0,0.0,0.0,0.0,0.0,0.0,0.0,0.0,0.0,0.0,0.0,239.04792359529173,239.04792359529173,0.0,57.0,59.0,59.0,0.0,1.0,6.0,6.0,0.0,1.0,5.0,5.0,0.0,1.0,0.0,0.0,0.0,1.0,1.0,1.0,1.0,1.0,1.0,1.0,1.0,1.0,0.0,1.0,157.0,157.0,1.0,57.0,59.0,59.0,0.0,1.0,16.0,16.0,0.0,1.0,13.0,13.0,0.0,1.0,2.0,2.0,0.0,1.0,1.0,1.0,1.0,1.0,1.0,1.0,1.0,1.0,0.0,1.0,456.5,456.5,1.0,57.0,59.0,59.0,0.0,1.0,25.0,25.0,0.0,1.0,21.0,21.0,0.0,1.0,8.0,8.0,0.0,1.0,1.0,1.0,1.0,1.0,1.0,1.0,1.0,1.0,0.0,1.0,888.0999999999985,888.0999999999985,1.0
timing_uncertainty,0.0,unrepaired,57.0,59.0,59.0,0.0,1.0,16.085,16.085,0.0,1.0,12.993125,12.993125,0.0,1.0,3.091875,3.091875,0.0,1.0,1.0,1.0,1.0,1.0,1.0,1.0,1.0,1.0,0.0,1.0,492.344375,492.344375,1.0,0.0,0.0,0.0,0.0,0.0,8.383222375738788,8.383222375738788,0.0,0.0,5.734883023181949,5.734883023181949,0.0,0.0,3.8347885319229587,3.8347885319229587,0.0,0.0,0.0,0.0,0.0,0.0,0.0,0.0,0.0,0.0,0.0,0.0,239.04792359529173,239.04792359529173,0.0,57.0,59.0,59.0,0.0,1.0,6.0,6.0,0.0,1.0,5.0,5.0,0.0,1.0,0.0,0.0,0.0,1.0,1.0,1.0,1.0,1.0,1.0,1.0,1.0,1.0,0.0,1.0,157.0,157.0,1.0,57.0,59.0,59.0,0.0,1.0,16.0,16.0,0.0,1.0,13.0,13.0,0.0,1.0,2.0,2.0,0.0,1.0,1.0,1.0,1.0,1.0,1.0,1.0,1.0,1.0,0.0,1.0,456.5,456.5,1.0,57.0,59.0,59.0,0.0,1.0,25.0,25.0,0.0,1.0,21.0,21.0,0.0,1.0,8.0,8.0,0.0,1.0,1.0,1.0,1.0,1.0,1.0,1.0,1.0,1.0,0.0,1.0,888.0999999999985,888.0999999999985,1.0
timing_uncertainty,0.05,repaired,57.0,59.0,59.0,0.0,1.0,16.085,16.085,0.0,1.0,12.993125,12.993125,0.0,1.0,3.091875,3.091875,0.0,1.0,1.0,1.0,1.0,1.0,0.9911128772168787,0.9903442192869116,0.9970806814013742,0.9970181198900414,4.619883040935672e-05,0.9996934621355906,492.344375,492.254375,0.999871228928827,0.0,0.0,0.0,0.0,0.0,8.383222375738788,8.383222375738788,0.0,0.0,5.734883023181949,5.734883023181949,0.0,0.0,3.8347885319229587,3.8347885319229587,0.0,0.0,0.0,0.0,0.0,0.0,0.028927706640436347,0.026853921024562747,0.012216923091394763,0.010997188254621527,0.00011307337255583128,0.0010346085256026669,239.04792359529173,238.94683434335735,0.00093421487086531,57.0,59.0,59.0,0.0,1.0,6.0,6.0,0.0,1.0,5.0,5.0,0.0,1.0,0.0,0.0,0.0,1.0,1.0,1.0,1.0,1.0,0.9,0.9130434782608695,0.9565217391304348,0.96,0.0,0.9982905982905983,157.0,157.0,0.9986449864498645,57.0,59.0,59.0,0.0,1.0,16.0,16.0,0.0,1.0,13.0,13.0,0.0,1.0,2.0,2.0,0.0,1.0,1.0,1.0,1.0,1.0,1.0,1.0,1.0,1.0,0.0,1.0,456.5,456.5,1.0,57.0,59.0,59.0,0.0,1.0,25.0,25.0,0.0,1.0,21.0,21.0,0.0,1.0,8.0,8.0,0.0,1.0,1.0,1.0,1.0,1.0,1.0,1.0,1.0,1.0,0.00029239766081871346,1.0,888.0999999999985,889.0499999999993,1.0
timing_uncertainty,0.05,unrepaired,57.0,59.0,59.0,0.0,1.0,16.085,16.085,0.0,1.0,12.993125,12.993125,0.0,1.0,3.091875,3.091875,0.0,1.0,1.0,1.0,1.0,1.0,0.9911128772168787,0.9903442192869116,0.9970806814013742,0.9970181198900414,4.619883040935672e-05,0.9996934621355906,492.344375,492.254375,0.999871228928827,0.0,0.0,0.0,0.0,0.0,8.383222375738788,8.383222375738788,0.0,0.0,5.734883023181949,5.734883023181949,0.0,0.0,3.8347885319229587,3.8347885319229587,0.0,0.0,0.0,0.0,0.0,0.0,0.028927706640436347,0.026853921024562747,0.012216923091394763,0.010997188254621527,0.00011307337255583128,0.0010346085256026669,239.04792359529173,238.94683434335735,0.00093421487086531,57.0,59.0,59.0,0.0,1.0,6.0,6.0,0.0,1.0,5.0,5.0,0.0,1.0,0.0,0.0,0.0,1.0,1.0,1.0,1.0,1.0,0.9,0.9130434782608695,0.9565217391304348,0.96,0.0,0.9982905982905983,157.0,157.0,0.9986449864498645,57.0,59.0,59.0,0.0,1.0,16.0,16.0,0.0,1.0,13.0,13.0,0.0,1.0,2.0,2.0,0.0,1.0,1.0,1.0,1.0,1.0,1.0,1.0,1.0,1.0,0.0,1.0,456.5,456.5,1.0,57.0,59.0,59.0,0.0,1.0,25.0,25.0,0.0,1.0,21.0,21.0,0.0,1.0,8.0,8.0,0.0,1.0,1.0,1.0,1.0,1.0,1.0,1.0,1.0,1.0,0.00029239766081871346,1.0,888.0999999999985,889.0499999999993,1.0
timing_uncertainty,0.1,repaired,57.0,59.0,59.0,0.0,1.0,16.085,16.084375,-0.000625,0.9999857811589452,12.993125,12.9928125,-0.0003125,0.9999904107295092,3.091875,3.0915625,-0.0003125,0.9999711281876139,1.0,1.0,0.9999904107295092,0.9999857811589452,0.9585743514467328,0.9543757083393095,0.9873283982927193,0.9873257432214848,0.00017386695906432747,0.9986634917131145,492.344375,491.9915,0.9993835355209295,0.0,0.0,0.0,0.0,0.0,8.383222375738788,8.379925107417462,0.03353624408724412,0.0008446900619200416,5.734883023181949,5.7335582708730355,0.01767545954471573,0.0005738554474399004,3.8347885319229587,3.8331575922683028,0.01767545954471576,0.0022000947113995075,0.0,0.0,0.0005738554474399004,0.0008446900619200416,0.06760715540963899,0.06159883785974043,0.028667122486658442,0.025655175208710183,0.0002451114024803716,0.0030147576105606626,239.04792359529173,238.81155774534253,0.00317576076694966,57.0,59.0,59.0,0.0,1.0,6.0,6.0,0.0,1.0,5.0,5.0,0.0,1.0,0.0,0.0,0.0,1.0,1.0,1.0,1.0,1.0,0.8181818181818182,0.8333333333333334,0.9230769230769231,0.9285714285714286,0.0,0.9957437715948354,157.0,157.0,0.9965986394557823,57.0,59.0,59.0,0.0,1.0,16.0,16.0,0.0,1.0,13.0,13.0,0.0,1.0,2.0,2.0,0.0,1.0,1.0,1.0,1.0,1.0,1.0,1.0,1.0,1.0,0.0,1.0,456.5,456.0,1.0,57.0,59.0,59.0,0.0,1.0,25.0,25.0,0.0,1.0,21.0,21.0,0.0,1.0,8.0,8.0,0.0,1.0,1.0,1.0,1.0,1.0,1.0,1.0,1.0,1.0,0.0005847953216374269,1.0,888.0999999999985,889.0,1.002145922746781
timing_uncertainty,0.1,unrepaired,57.0,59.0,59.0,0.0,1.0,16.085,16.085,0.0,1.0,12.993125,12.993125,0.0,1.0,3.091875,3.091875,0.0,1.0,1.0,1.0,1.0,1.0,0.9585726491276465,0.9543737514112721,0.9873359042298768,0.9873315580706981,0.00017386695906432747,0.9986634917131145,492.344375,491.9915,0.9993835355209295,0.0,0.0,0.0,0.0,0.0,8.383222375738788,8.383222375738788,0.0,0.0,5.734883023181949,5.734883023181949,0.0,0.0,3.8347885319229587,3.8347885319229587,0.0,0.0,0.0,0.0,0.0,0.0,0.06761051224583993,0.06159871349921396,0.028657710411737654,0.025644239361605276,0.0002451114024803716,0.0030147576105606626,239.04792359529173,238.81155774534253,0.00317576076694966,57.0,59.0,59.0,0.0,1.0,6.0,6.0,0.0,1.0,5.0,5.0,0.0,1.0,0.0,0.0,0.0,1.0,1.0,1.0,1.0,1.0,0.8181818181818182,0.8333333333333334,0.9230769230769231,0.9285714285714286,0.0,0.9957437715948354,157.0,157.0,0.9965986394557823,57.0,59.0,59.0,0.0,1.0,16.0,16.0,0.0,1.0,13.0,13.0,0.0,1.0,2.0,2.0,0.0,1.0,1.0,1.0,1.0,1.0,1.0,1.0,1.0,1.0,0.0,1.0,456.5,456.0,1.0,57.0,59.0,59.0,0.0,1.0,25.0,25.0,0.0,1.0,21.0,21.0,0.0,1.0,8.0,8.0,0.0,1.0,1.0,1.0,1.0,1.0,1.0,1.0,1.0,1.0,0.0005847953216374269,1.0,888.0999999999985,889.0,1.002145922746781
timing_uncertainty,0.15,repaired,57.0,59.0,59.0,0.0,1.0,16.085,16.03475,-0.05025,0.9983629540429236,12.993125,12.9640625,-0.0290625,0.9985714646399414,3.091875,3.0706875,-0.0211875,0.9978277064199167,1.0,1.0,0.9985714646399414,0.9983629540429236,0.8970273337947735,0.8894808312276886,0.973379683894389,0.9718162256842411,0.0006293311403508772,0.9949144427040281,492.344375,492.0784375,0.9999464141634095,0.0,0.0,0.0,0.0,0.0,8.383222375738788,8.193876595565369,0.3911323293096473,0.011383748443803089,5.734883023181949,5.6634486544649,0.21930772235848886,0.010076917816008162,3.8347885319229587,3.7336225068166455,0.18971251743415482,0.020021176405167304,0.0,0.0,0.010076917816008162,0.011383748443803089,0.09825812786926119,0.08566817761040633,0.042766208826569604,0.03989097164331491,0.0017312819454815968,0.01712894413556645,239.04792359529173,238.69282991273374,0.019643193346689666,57.0,59.0,59.0,0.0,1.0,6.0,6.0,0.0,1.0,5.0,5.0,0.0,1.0,0.0,0.0,0.0,1.0,1.0,1.0,1.0,1.0,0.7333333333333333,0.75,0.8888888888888888,0.8888888888888888,0.0,0.9888268156424581,157.0,157.0,0.9931506849315068,57.0,59.0,59.0,0.0,1.0,16.0,16.0,0.0,1.0,13.0,13.0,0.0,1.0,2.0,2.0,0.0,1.0,1.0,1.0,1.0,1.0,0.8947368421052632,0.8823529411764706,1.0,1.0,0.00029239766081871346,0.9973045822102425,456.5,456.0,1.0,57.0,59.0,59.0,0.0,1.0,25.0,25.0,0.0,1.0,21.0,21.0,0.0,1.0,8.0,8.0,0.0,1.0,1.0,1.0,1.0,1.0,1.0,1.0,1.0,1.0,0.0011695906432748538,1.0,888.0999999999985,889.0,1.0046511627906978
timing_uncertainty,0.15,unrepaired,57.0,59.0,59.0,0.0,1.0,16.085,16.085,0.0,1.0,12.993125,12.993125,0.0,1.0,3.091875,3.091875,0.0,1.0,1.0,1.0,1.0,1.0,0.8976111121297388,0.8902320190151236,0.9745752107889157,0.9726229697929261,0.0006293311403508772,0.9949144427040281,492.344375,492.0784375,0.9999464141634095,0.0,0.0,0.0,0.0,0.0,8.383222375738788,8.383222375738788,0.0,0.0,5.734883023181949,5.734883023181949,0.0,0.0,3.8347885319229587,3.8347885319229587,0.0,0.0,0.0,0.0,0.0,0.0,0.09791799268928299,0.08479430353099147,0.0415171649658332,0.038319882535717144,0.0017312819454815968,0.01712894413556645,239.04792359529173,238.69282991273374,0.019643193346689666,57.0,59.0,59.0,0.0,1.0,6.0,6.0,0.0,1.0,5.0,5.0,0.0,1.0,0.0,0.0,0.0,1.0,1.0,1.0,1.0,1.0,0.7333333333333333,0.76,0.8888888888888888,0.8974358974358975,0.0,0.9888268156424581,157.0,157.0,0.9931506849315068,57.0,59.0,59.0,0.0,1.0,16.0,16.0,0.0,1.0,13.0,13.0,0.0,1.0,2.0,2.0,0.0,1.0,1.0,1.0,1.0,1.0,0.8947368421052632,0.8823529411764706,1.0,1.0,0.00029239766081871346,0.9973045822102425,456.5,456.0,1.0,57.0,59.0,59.0,0.0,1.0,25.0,25.0,0.0,1.0,21.0,21.0,0.0,1.0,8.0,8.0,0.0,1.0,1.0,1.0,1.0,1.0,1.0,1.0,1.0,1.0,0.0011695906432748538,1.0,888.0999999999985,889.0,1.0046511627906978
timing_uncertainty,0.2,repaired,57.0,59.0,59.0,0.0,1.0,16.085,15.9866875,-0.0983125,0.9967011719980237,12.993125,12.9381875,-0.0549375,0.9972148990053579,3.091875,3.0485,-0.043375,0.995205068885076,1.0,1.0,0.9972148990053579,0.9967011719980237,0.8226352360293268,0.8118256836334808,0.955716955349526,0.9533034754829247,0.0011703033625730995,0.9902963680332467,492.344375,492.3303125,1.0013940457834478,0.0,0.0,0.0,0.0,0.0,8.383222375738788,8.055180981742978,0.5870849122036206,0.016644866105078353,5.734883023181949,5.613139578109475,0.32661297945144063,0.014562992326976689,3.8347885319229587,3.657797693660497,0.2837228234387099,0.030211718910739788,0.0,0.0,0.014562992326976689,0.016644866105078353,0.11815281036735485,0.09894105169949259,0.056379701028986116,0.05244874297697974,0.002692522172294295,0.027534724994858685,239.04792359529173,238.6116209979245,0.06054020282260859,57.0,59.0,59.0,0.0,1.0,6.0,6.0,0.0,1.0,5.0,5.0,0.0,1.0,0.0,0.0,0.0,1.0,1.0,1.0,1.0,1.0,0.6363636363636364,0.6666666666666666,0.85,0.8571428571428571,0.0,0.9777742392073602,157.0,157.0,0.9896373056994818,57.0,59.0,59.0,0.0,1.0,16.0,16.0,0.0,1.0,13.0,13.0,0.0,1.0,2.0,2.0,0.0,1.0,1.0,1.0,1.0,1.0,0.8095238095238095,0.8,1.0,0.9565217391304348,0.0005847953216374269,0.995049504950495,456.5,457.0,0.9981464302892874,57.0,59.0,59.0,0.0,1.0,25.0,25.0,0.0,1.0,21.0,21.0,0.0,1.0,8.0,7.0,0.0,1.0,1.0,1.0,1.0,1.0,1.0,1.0,1.0,1.0,0.0020467836257309943,1.0,888.0999999999985,888.0,1.00836820083682
timing_uncertainty,0.2,unrepaired,57.0,59.0,59.0,0.0,1.0,16.085,16.085,0.0,1.0,12.993125,12.993125,0.0,1.0,3.091875,3.091875,0.0,1.0,1.0,1.0,1.0,1.0,0.8236571705181467,0.813128295932527,0.9580826475604377,0.9548897497365605,0.0011703033625730995,0.9902963680332467,492.344375,492.3303125,1.0013940457834478,0.0,0.0,0.0,0.0,0.0,8.383222375738788,8.383222375738788,0.0,0.0,5.734883023181949,5.734883023181949,0.0,0.0,3.8347885319229587,3.8347885319229587,0.0,0.0,0.0,0.0,0.0,0.0,0.11789646676351283,0.09783251846186439,0.05473214263042954,0.05003198042303708,0.002692522172294295,0.027534724994858685,239.04792359529173,238.6116209979245,0.06054020282260859,57.0,59.0,59.0,0.0,1.0,6.0,6.0,0.0,1.0,5.0,5.0,0.0,1.0,0.0,0.0,0.0,1.0,1.0,1.0,1.0,1.0,0.6363636363636364,0.6666666666666666,0.8571428571428571,0.8571428571428571,0.0,0.9777742392073602,157.0,157.0,0.9896373056994818,57.0,59.0,59.0,0.0,1.0,16.0,16.0,0.0,1.0,13.0,13.0,0.0,1.0,2.0,2.0,0.0,1.0,1.0,1.0,1.0,1.0,0.8095238095238095,0.8,1.0,0.9565217391304348,0.0005847953216374269,0.995049504950495,456.5,457.0,0.9981464302892874,57.0,59.0,59.0,0.0,1.0,25.0,25.0,0.0,1.0,21.0,21.0,0.0,1.0,8.0,8.0,0.0,1.0,1.0,1.0,1.0,1.0,1.0,1.0,1.0,1.0,0.0020467836257309943,1.0,888.0999999999985,888.0,1.00836820083682
timing_uncertainty,0.25,repaired,57.0,59.0,59.0,0.0,1.0,16.085,15.92175,-0.16325,0.9944941387640333,12.993125,12.900875,-0.09225,0.9953448445783996,3.091875,3.020875,-0.071,0.9918931766370577,1.0,1.0,0.9953448445783996,0.9944941387640333,0.7594737217676728,0.745926967824333,0.9363356247279976,0.9321921208581788,0.0019068896198830409,0.9844023061869615,492.344375,492.4581875,1.0024033117061117,0.0,0.0,0.0,0.0,0.0,8.383222375738788,7.842653960160495,0.8796435632117658,0.022462568601538755,5.734883023181949,5.533632446447652,0.4859317808149359,0.019777924278184048,3.8347885319229587,3.545045795717002,0.41978567597151195,0.041695482625166605,0.0,0.0,0.019777924278184048,0.022462568601538755,0.1273049094649274,0.10344964513616205,0.06661530420852967,0.06313612537141096,0.003502676586962742,0.036279324042586505,239.04792359529173,238.4423154514039,0.06771141380201243,57.0,59.0,59.0,0.0,1.0,6.0,6.0,-1.0,0.95,5.0,5.0,-1.0,0.95,0.0,0.0,0.0,1.0,1.0,1.0,0.95,0.95,0.5714285714285714,0.6,0.8125,0.8181818181818182,0.0,0.9501023189325615,157.0,156.95000000000005,0.9848484848484849,57.0,59.0,59.0,0.0,1.0,16.0,16.0,0.0,1.0,13.0,13.0,0.0,1.0,2.0,2.0,0.0,1.0,1.0,1.0,1.0,1.0,0.75,0.7272727272727273,0.9411764705882353,0.9375,0.0011695906432748538,0.9917984740453174,456.5,456.0,0.9973992197659298,57.0,59.0,59.0,0.0,1.0,25.0,25.0,0.0,1.0,21.0,21.0,0.0,1.0,8.0,7.0,0.0,1.0,1.0,1.0,1.0,1.0,1.0,1.0,1.0,1.0,0.005263157894736842,1.0,888.0999999999985,889.0,1.018260139764319
timing_uncertainty,0.25,unrepaired,57.0,59.0,59.0,0.0,1.0,16.085,16.085,0.0,1.0,12.993125,12.993125,0.0,1.0,3.091875,3.091875,0.0,1.0,1.0,1.0,1.0,1.0,0.7609225386991847,0.7477020533416311,0.9400827686012619,0.9347771342806982,0.0019068896198830409,0.9844023061869615,492.344375,492.4581875,1.0024033117061117,0.0,0.0,0.0,0.0,0.0,8.383222375738788,8.383222375738788,0.0,0.0,5.734883023181949,5.734883023181949,0.0,0.0,3.8347885319229587,3.8347885319229587,0.0,0.0,0.0,0.0,0.0,0.0,0.12677508102846977,0.10177018625067717,0.06405556205433997,0.05949199179970165,0.003502676586962742,0.036279324042586505,239.04792359529173,238.4423154514039,0.06771141380201243,57.0,59.0,59.0,0.0,1.0,6.0,6.0,0.0,1.0,5.0,5.0,0.0,1.0,0.0,0.0,0.0,1.0,1.0,1.0,1.0,1.0,0.5789473684210527,0.6,0.8235294117647058,0.8333333333333334,0.0,0.9501023189325615,157.0,156.95000000000005,0.9848484848484849,57.0,59.0,59.0,0.0,1.0,16.0,16.0,0.0,1.0,13.0,13.0,0.0,1.0,2.0,2.0,0.0,1.0,1.0,1.0,1.0,1.0,0.75,0.7272727272727273,0.9444444444444444,0.9375,0.0011695906432748538,0.9917984740453174,456.5,456.0,0.9973992197659298,57.0,59.0,59.0,0.0,1.0,25.0,25.0,0.0,1.0,21.0,21.0,0.0,1.0,8.0,8.0,0.0,1.0,1.0,1.0,1.0,1.0,1.0,1.0,1.0,1.0,0.005263157894736842,1.0,888.0999999999985,889.0,1.018260139764319
timing_uncertainty,0.3,repaired,57.0,59.0,59.0,0.0,1.0,16.085,15.859,-0.226,0.9922638399693606,12.993125,12.866125,-0.127,0.9934890452918766,3.091875,2.992875,-0.099,0.988634814567531,1.0,1.0,0.9934890452918766,0.9922638399693606,0.7011836151365232,0.6865506763216637,0.9191292277733587,0.9127044467502207,0.002672551169590643,0.9783042629359627,492.344375,492.8015,1.0057598237834542,0.0,0.0,0.0,0.0,0.0,8.383222375738788,7.6831997548159805,1.113946387751524,0.028048555081633026,5.734883023181949,5.478248185740953,0.6123883071343861,0.024663449531246186,3.8347885319229587,3.4580987026529275,0.5298269007742522,0.04946698882254639,0.0,0.0,0.024663449531246186,0.028048555081633026,0.13208456179534195,0.10548171906077979,0.07456599902594037,0.07125256175659357,0.0043275908855077505,0.04446385700507144,239.04792359529173,238.1880931023444,0.14454932438310955,57.0,59.0,59.0,0.0,1.0,6.0,6.0,-2.0,0.9259259259259259,5.0,5.0,-1.0,0.9411764705882353,0.0,0.0,-1.0,0.8888888888888888,1.0,1.0,0.9411764705882353,0.9259259259259259,0.5,0.5454545454545454,0.7857142857142857,0.7931034482758621,0.00029239766081871346,0.9253213557518986,157.0,158.0,0.9810725552050473,57.0,59.0,59.0,0.0,1.0,16.0,16.0,0.0,1.0,13.0,13.0,0.0,1.0,2.0,2.0,0.0,1.0,1.0,1.0,1.0,1.0,0.68,0.6666666666666666,0.9230769230769231,0.9090909090909091,0.0017543859649122807,0.9885425190943808,456.5,457.0,0.9969135802469136,57.0,59.0,59.0,0.0,1.0,25.0,25.0,0.0,1.0,21.0,20.0,0.0,1.0,8.0,7.0,0.0,1.0,1.0,1.0,1.0,1.0,1.0,0.8823529411764706,1.0,1.0,0.011111111111111112,0.9970588235294118,888.0999999999985,890.0,1.035294117647059
timing_uncertainty,0.3,unrepaired,57.0,59.0,59.0,0.0,1.0,16.085,16.085,0.0,1.0,12.993125,12.993125,0.0,1.0,3.091875,3.091875,0.0,1.0,1.0,1.0,1.0,1.0,0.7030437513709222,0.6889673580232091,0.924200963300642,0.9161331508472981,0.002672551169590643,0.9783042629359627,492.344375,492.8015,1.0057598237834542,0.0,0.0,0.0,0.0,0.0,8.383222375738788,8.383222375738788,0.0,0.0,5.734883023181949,5.734883023181949,0.0,0.0,3.8347885319229587,3.8347885319229587,0.0,0.0,0.0,0.0,0.0,0.0,0.13160361865285108,0.10356014298271997,0.07144763543055639,0.06674317943783026,0.0043275908855077505,0.04446385700507144,239.04792359529173,238.1880931023444,0.14454932438310955,57.0,59.0,59.0,0.0,1.0,6.0,6.0,0.0,1.0,5.0,5.0,0.0,1.0,0.0,0.0,0.0,1.0,1.0,1.0,1.0,1.0,0.5,0.5555555555555556,0.8,0.8,0.00029239766081871346,0.9253213557518986,157.0,158.0,0.9810725552050473,57.0,59.0,59.0,0.0,1.0,16.0,16.0,0.0,1.0,13.0,13.0,0.0,1.0,2.0,2.0,0.0,1.0,1.0,1.0,1.0,1.0,0.6842105263157895,0.6666666666666666,0.9285714285714286,0.9130434782608695,0.0017543859649122807,0.9885425190943808,456.5,457.0,0.9969135802469136,57.0,59.0,59.0,0.0,1.0,25.0,25.0,0.0,1.0,21.0,21.0,0.0,1.0,8.0,8.0,0.0,1.0,1.0,1.0,1.0,1.0,1.0,0.8823529411764706,1.0,1.0,0.011111111111111112,0.9970588235294118,888.0999999999985,890.0,1.035294117647059
timing_uncertainty,0.4,repaired,57.0,59.0,59.0,0.0,1.0,16.085,15.745625,-0.339375,0.9881361568983574,12.993125,12.800625,-0.1925,0.9898652914398718,3.091875,2.945,-0.146875,0.9828271960765393,1.0,1.0,0.9898652914398718,0.9881361568983574,0.5897548169403856,0.571731217975077,0.8771488765402652,0.8678133591943048,0.004610160818713451,0.9628968993823307,492.344375,493.445125,1.0096739468812137,0.0,0.0,0.0,0.0,0.0,8.383222375738788,7.364708635968282,1.551724878967358,0.03637905888628177,5.734883023181949,5.368128226804583,0.8463087586142449,0.032782090071013306,3.8347885319229587,3.277902765551291,0.7379612259788392,0.06285888626393024,0.0,0.0,0.032782090071013306,0.03637905888628177,0.1357742852822037,0.10447838271786243,0.09012809828633708,0.0857995699883928,0.005981551438098026,0.060296963061971645,239.04792359529173,237.34745306633621,0.1509698236421209,57.0,59.0,59.0,0.0,1.0,6.0,6.0,-2.0,0.9047619047619048,5.0,5.0,-1.0,0.9230769230769231,0.0,0.0,-1.0,0.8333333333333334,1.0,1.0,0.9230769230769231,0.9047619047619048,0.4074074074074074,0.42857142857142855,0.7272727272727273,0.7272727272727273,0.0005847953216374269,0.8672127043929097,157.0,158.0,0.9704120096427788,57.0,59.0,59.0,0.0,1.0,16.0,16.0,0.0,1.0,13.0,13.0,0.0,1.0,2.0,2.0,0.0,1.0,1.0,1.0,1.0,1.0,0.5714285714285714,0.5555555555555556,0.875,0.8666666666666667,0.0029239766081871343,0.9794050343249427,456.5,457.0,0.9955506117908788,57.0,59.0,59.0,0.0,1.0,25.0,24.0,0.0,1.0,21.0,20.0,0.0,1.0,8.0,7.0,0.0,1.0,1.0,1.0,1.0,1.0,0.8333333333333334,0.75,1.0,1.0,0.01871345029239766,0.992436084552449,888.0999999999985,887.0,1.083989390347632
timing_uncertainty,0.4,unrepaired,57.0,59.0,59.0,0.0,1.0,16.085,16.085,0.0,1.0,12.993125,12.993125,0.0,1.0,3.091875,3.091875,0.0,1.0,1.0,1.0,1.0,1.0,0.5921639203715986,0.5747712818348985,0.8847073621959055,0.8727615701748221,0.004610160818713451,0.9628968993823307,492.344375,493.445125,1.0096739468812137,0.0,0.0,0.0,0.0,0.0,8.383222375738788,8.383222375738788,0.0,0.0,5.734883023181949,5.734883023181949,0.0,0.0,3.8347885319229587,3.8347885319229587,0.0,0.0,0.0,0.0,0.0,0.0,0.13491879821310773,0.10230923985738564,0.08639469587085313,0.08030037040234544,0.005981551438098026,0.060296963061971645,239.04792359529173,237.34745306633621,0.1509698236421209,57.0,59.0,59.0,0.0,1.0,6.0,6.0,0.0,1.0,5.0,5.0,0.0,1.0,0.0,0.0,0.0,1.0,1.0,1.0,1.0,1.0,0.4117647058823529,0.44,0.75,0.75,0.0005847953216374269,0.8672127043929097,157.0,158.0,0.9704120096427788,57.0,59.0,59.0,0.0,1.0,16.0,16.0,0.0,1.0,13.0,13.0,0.0,1.0,2.0,2.0,0.0,1.0,1.0,1.0,1.0,1.0,0.5789473684210527,0.5555555555555556,0.8888888888888888,0.8695652173913043,0.0029239766081871343,0.9794050343249427,456.5,457.0,0.9955506117908788,57.0,59.0,59.0,0.0,1.0,25.0,25.0,0.0,1.0,21.0,21.0,0.0,1.0,8.0,8.0,0.0,1.0,1.0,1.0,1.0,1.0,0.8333333333333334,0.75,1.0,1.0,0.01871345029239766,0.992436084552449,888.0999999999985,887.0,1.083989390347632
timing_uncertainty,0.5,repaired,57.0,59.0,59.0,0.0,1.0,16.085,15.6519375,-0.4330625,0.9845223714068896,12.993125,12.743875,-0.24925,0.986663959582838,3.091875,2.9080625,-0.1838125,0.9780590335637274,1.0,1.0,0.986663959582838,0.9845223714068896,0.4802080080717054,0.4610900537168619,0.8325530678723112,0.8191401525359788,0.007000420321637427,0.9446649268356971,492.344375,494.1809375,1.0158409871803742,0.0,0.0,0.0,0.0,0.0,8.383222375738788,7.194678603565761,1.77710206567553,0.04363167842162123,5.734883023181949,5.306661853333674,0.9795072241439223,0.03932003710926362,3.8347885319229587,3.1873178274651432,0.8333329872178799,0.0728950735916356,0.0,0.0,0.03932003710926362,0.04363167842162123,0.13200811156467362,0.10019176938349147,0.10282674981477058,0.09869559867014849,0.007451970242597288,0.0733813919354793,239.04792359529173,236.33917885549081,0.18221469863848458,57.0,59.0,59.0,0.0,1.0,6.0,6.0,-2.0,0.8888888888888888,5.0,5.0,-1.0,0.9090909090909091,0.0,0.0,-1.0,0.8,1.0,1.0,0.9090909090909091,0.8888888888888888,0.30609410430839007,0.3333333333333333,0.6666666666666666,0.6666666666666666,0.0011695906432748538,0.8093900302322387,157.0,160.0,0.9596401904498152,57.0,59.0,59.0,0.0,1.0,16.0,15.5,0.0,1.0,13.0,13.0,0.0,1.0,2.0,2.0,0.0,1.0,1.0,1.0,1.0,1.0,0.46153846153846156,0.4444444444444444,0.8333333333333334,0.8181818181818182,0.004970760233918129,0.9666666666666667,456.5,458.0,0.9942196531791907,57.0,59.0,59.0,0.0,1.0,25.0,24.0,0.0,1.0,21.0,20.0,0.0,1.0,8.0,7.0,0.0,1.0,1.0,1.0,1.0,1.0,0.7142857142857143,0.6363636363636364,1.0,1.0,0.021929824561403508,0.9856234622305461,888.0999999999985,886.0,1.1435196260854157
timing_uncertainty,0.5,unrepaired,57.0,59.0,59.0,0.0,1.0,16.085,16.085,0.0,1.0,12.993125,12.993125,0.0,1.0,3.091875,3.091875,0.0,1.0,1.0,1.0,1.0,1.0,0.48299589839946466,0.4645284232835294,0.8419762265021429,0.8252706369380313,0.007000420321637427,0.9446649268356971,492.344375,494.1809375,1.0158409871803742,0.0,0.0,0.0,0.0,0.0,8.383222375738788,8.383222375738788,0.0,0.0,5.734883023181949,5.734883023181949,0.0,0.0,3.8347885319229587,3.8347885319229587,0.0,0.0,0.0,0.0,0.0,0.0,0.1309137399595382,0.09789522903393807,0.09936105582903512,0.09292539971224643,0.007451970242597288,0.0733813919354793,239.04792359529173,236.33917885549081,0.18221469863848458,57.0,59.0,59.0,0.0,1.0,6.0,6.0,0.0,1.0,5.0,5.0,0.0,1.0,0.0,0.0,0.0,1.0,1.0,1.0,1.0,1.0,0.3125,0.3333333333333333,0.6785714285714286,0.6666666666666666,0.0011695906432748538,0.8093900302322387,157.0,160.0,0.9596401904498152,57.0,59.0,59.0,0.0,1.0,16.0,16.0,0.0,1.0,13.0,13.0,0.0,1.0,2.0,2.0,0.0,1.0,1.0,1.0,1.0,1.0,0.46153846153846156,0.4482758620689655,0.8421052631578947,0.8181818181818182,0.004970760233918129,0.9666666666666667,456.5,458.0,0.9942196531791907,57.0,59.0,59.0,0.0,1.0,25.0,25.0,0.0,1.0,21.0,21.0,0.0,1.0,8.0,8.0,0.0,1.0,1.0,1.0,1.0,1.0,0.7142857142857143,0.6363636363636364,1.0,1.0,0.021929824561403508,0.9856234622305461,888.0999999999985,886.0,1.1435196260854157
timing_uncertainty,0.6,repaired,57.0,59.0,59.0,0.0,1.0,16.085,15.574875,-0.510125,0.9815994789239785,12.993125,12.700625,-0.2925,0.9841589254716785,3.091875,2.87425,-0.217625,0.9736359010242289,1.0,1.0,0.9841589254716785,0.9815994789239785,0.40573221504596385,0.385661395035297,0.7935726403708049,0.7779382894429485,0.009407913011695907,0.9278398164286334,492.344375,494.7803125,1.0190362979308605,0.0,0.0,0.0,0.0,0.0,8.383222375738788,6.989157442387776,2.0899271450440478,0.04950432389106152,5.734883023181949,5.240261527889626,1.145709732294536,0.04443403710834664,3.8347885319229587,3.0700408807437856,0.982382143843365,0.0832902757793229,0.0,0.0,0.04443403710834664,0.04950432389106152,0.12775132162494238,0.0972527775915893,0.1110506070963974,0.10677681945032372,0.008603768400236429,0.07930688644769993,239.04792359529173,235.88148810298588,0.20962910378469277,57.0,59.0,59.0,0.0,1.0,6.0,6.0,-3.0,0.875,5.0,5.0,-2.0,0.8888888888888888,0.0,0.0,-1.0,0.75,1.0,1.0,0.8888888888888888,0.875,0.23809523809523808,0.26026027397260276,0.6190476190476191,0.6111111111111112,0.0017543859649122807,0.7744302390216787,157.0,160.0,0.948051948051948,57.0,59.0,59.0,0.0,1.0,16.0,15.0,0.0,1.0,13.0,13.0,0.0,1.0,2.0,2.0,0.0,1.0,1.0,1.0,1.0,1.0,0.38461538461538464,0.375,0.7857142857142857,0.7777777777777778,0.007017543859649123,0.9530201342281879,456.5,460.0,0.9931818181818182,57.0,59.0,59.0,0.0,1.0,25.0,24.0,0.0,1.0,21.0,20.0,0.0,1.0,8.0,7.0,0.0,1.0,1.0,1.0,1.0,1.0,0.625,0.5555555555555556,1.0,1.0,0.024853801169590642,0.9786585365853658,888.0999999999985,886.0,1.1725903432438967
timing_uncertainty,0.6,unrepaired,57.0,59.0,59.0,0.0,1.0,16.085,16.085,0.0,1.0,12.993125,12.993125,0.0,1.0,3.091875,3.091875,0.0,1.0,1.0,1.0,1.0,1.0,0.4080509271206619,0.38885303763481,0.8041338821534509,0.7849133337735688,0.009407913011695907,0.9278398164286334,492.344375,494.7803125,1.0190362979308605,0.0,0.0,0.0,0.0,0.0,8.383222375738788,8.383222375738788,0.0,0.0,5.734883023181949,5.734883023181949,0.0,0.0,3.8347885319229587,3.8347885319229587,0.0,0.0,0.0,0.0,0.0,0.0,0.12651557848864176,0.09497518462923257,0.10831517164634565,0.1012431115833086,0.008603768400236429,0.07930688644769993,239.04792359529173,235.88148810298588,0.20962910378469277,57.0,59.0,59.0,0.0,1.0,6.0,6.0,0.0,1.0,5.0,5.0,0.0,1.0,0.0,0.0,0.0,1.0,1.0,1.0,1.0,1.0,0.25,0.26666666666666666,0.631578947368421,0.625,0.0017543859649122807,0.7744302390216787,157.0,160.0,0.948051948051948,57.0,59.0,59.0,0.0,1.0,16.0,16.0,0.0,1.0,13.0,13.0,0.0,1.0,2.0,2.0,0.0,1.0,1.0,1.0,1.0,1.0,0.391304347826087,0.375,0.8,0.7777777777777778,0.007017543859649123,0.9530201342281879,456.5,460.0,0.9931818181818182,57.0,59.0,59.0,0.0,1.0,25.0,25.0,0.0,1.0,21.0,21.0,0.0,1.0,8.0,8.0,0.0,1.0,1.0,1.0,1.0,1.0,0.625,0.5555555555555556,1.0,1.0,0.024853801169590642,0.9786585365853658,888.0999999999985,886.0,1.1725903432438967
timing_uncertainty,0.7,repaired,57.0,59.0,59.0,0.0,1.0,16.085,15.5183125,-0.5666875,0.9795523730131637,12.993125,12.6635,-0.329625,0.9820308047976125,3.091875,2.8548125,-0.2370625,0.9718898938469578,1.0,1.0,0.9820308047976125,0.9795523730131637,0.3323051538340584,0.3117154587052001,0.7560156093890942,0.7375035035616763,0.012216173245614035,0.9084945735608392,492.344375,495.6048125,1.0248965838931803,0.0,0.0,0.0,0.0,0.0,8.383222375738788,6.858560683063131,2.269058079111051,0.05338241431190761,5.734883023181949,5.197976186438079,1.252675310720871,0.04892317372099846,3.8347885319229587,2.998486288503774,1.056436758522628,0.08625457392572404,0.0,0.0,0.04892317372099846,0.05338241431190761,0.12415820031925391,0.09404670737471826,0.11909944905359514,0.11367823755774739,0.009963924104916913,0.08712357323432195,239.04792359529173,234.90846039125,0.27410162110530395,57.0,59.0,59.0,0.0,1.0,6.0,6.0,-3.0,0.8652972027972029,5.0,5.0,-2.0,0.875,0.0,0.0,-1.0,0.75,1.0,1.0,0.875,0.8652972027972029,0.18181818181818182,0.2,0.5714285714285714,0.5652173913043478,0.002631578947368421,0.7430635666510775,157.0,163.0,0.939209726443769,57.0,59.0,59.0,0.0,1.0,16.0,15.0,0.0,1.0,13.0,13.0,0.0,1.0,2.0,2.0,0.0,1.0,1.0,1.0,1.0,1.0,0.3125,0.29411764705882354,0.75,0.7272727272727273,0.009649122807017544,0.9369609798081044,456.5,460.0,0.993313272405344,57.0,59.0,59.0,0.0,1.0,25.0,24.0,0.0,1.0,21.0,20.0,0.0,1.0,8.0,7.0,0.0,1.0,1.0,1.0,1.0,1.0,0.5555555555555556,0.4666666666666667,1.0,1.0,0.02953216374269006,0.9704558034216706,888.0999999999985,885.0,1.204881496164785
timing_uncertainty,0.7,unrepaired,57.0,59.0,59.0,0.0,1.0,16.085,16.085,0.0,1.0,12.993125,12.993125,0.0,1.0,3.091875,3.091875,0.0,1.0,1.0,1.0,1.0,1.0,0.33450654559767623,0.3144301458488568,0.7672521559162965,0.7449339676231403,0.012216173245614035,0.9084945735608392,492.344375,495.6048125,1.0248965838931803,0.0,0.0,0.0,0.0,0.0,8.383222375738788,8.383222375738788,0.0,0.0,5.734883023181949,5.734883023181949,0.0,0.0,3.8347885319229587,3.8347885319229587,0.0,0.0,0.0,0.0,0.0,0.0,0.12289648291969371,0.0923297094465944,0.11645766298783379,0.1084454085147544,0.009963924104916913,0.08712357323432195,239.04792359529173,234.90846039125,0.27410162110530395,57.0,59.0,59.0,0.0,1.0,6.0,6.0,0.0,1.0,5.0,5.0,0.0,1.0,0.0,0.0,0.0,1.0,1.0,1.0,1.0,1.0,0.18518518518518517,0.2,0.5882352941176471,0.5789473684210527,0.002631578947368421,0.7430635666510775,157.0,163.0,0.939209726443769,57.0,59.0,59.0,0.0,1.0,16.0,16.0,0.0,1.0,13.0,13.0,0.0,1.0,2.0,2.0,0.0,1.0,1.0,1.0,1.0,1.0,0.3125,0.2972972972972973,0.75,0.7368421052631579,0.009649122807017544,0.9369609798081044,456.5,460.0,0.993313272405344,57.0,59.0,59.0,0.0,1.0,25.0,25.0,0.0,1.0,21.0,21.0,0.0,1.0,8.0,8.0,0.0,1.0,1.0,1.0,1.0,1.0,0.5555555555555556,0.4666666666666667,1.0,1.0,0.02953216374269006,0.9704558034216706,888.0999999999985,885.0,1.204881496164785
timing_uncertainty,0.8,repaired,57.0,59.0,59.0,0.0,1.0,16.085,15.4690625,-0.6159375,0.9775442301732755,12.993125,12.6325625,-0.3605625,0.9802280535238276,3.091875,2.8365,-0.255375,0.9690393428021,1.0,1.0,0.9802280535238276,0.9775442301732755,0.2598890910635286,0.2399552872352243,0.718335913182392,0.6987029840974676,0.015305171783625731,0.8872256440115991,492.344375,495.6428125,1.0273014716278195,0.0,0.0,0.0,0.0,0.0,8.383222375738788,6.773517210766955,2.4027160280322692,0.05715682248635687,5.734883023181949,5.166584513323545,1.3333860294332303,0.05216890802426575,3.8347885319229587,2.957353440360272,1.1098358404960387,0.09252414572991569,0.0,0.0,0.05216890802426575,0.05715682248635687,0.11401080564590362,0.08627477946240782,0.12322582523920902,0.11832399261592816,0.01099854684253862,0.09404398752956518,239.04792359529173,233.4258933956804,0.24060158368680287,57.0,59.0,59.0,0.0,1.0,6.0,6.0,-3.0,0.8518518518518519,5.0,5.0,-2.0,0.8747282608695655,0.0,0.0,-1.0499999999999545,0.75,1.0,1.0,0.8747282608695655,0.8518518518518519,0.125,0.1282051282051282,0.5333333333333333,0.5238095238095238,0.0035087719298245615,0.7081521865212852,157.0,163.0,0.9285714285714286,57.0,59.0,59.0,0.0,1.0,16.0,15.0,0.0,1.0,13.0,13.0,0.0,1.0,2.0,2.0,0.0,1.0,1.0,1.0,1.0,1.0,0.2413793103448276,0.22580645161290322,0.7058823529411765,0.6875,0.012865497076023392,0.917997722095672,456.5,461.0,0.9924433249370277,57.0,59.0,59.0,0.0,1.0,25.0,24.0,0.0,1.0,21.0,20.0,0.0,1.0,8.0,7.0,0.0,1.0,1.0,1.0,1.0,1.0,0.45454545454545453,0.384739454094291,1.0,0.9,0.03450292397660819,0.958904109589041,888.0999999999985,883.0499999999993,1.2304837740384613
timing_uncertainty,0.8,unrepaired,57.0,59.0,59.0,0.0,1.0,16.085,16.085,0.0,1.0,12.993125,12.993125,0.0,1.0,3.091875,3.091875,0.0,1.0,1.0,1.0,1.0,1.0,0.26125792161754025,0.24194874070664651,0.7301668402871041,0.7064547302669378,0.015305171783625731,0.8872256440115991,492.344375,495.6428125,1.0273014716278195,0.0,0.0,0.0,0.0,0.0,8.383222375738788,8.383222375738788,0.0,0.0,5.734883023181949,5.734883023181949,0.0,0.0,3.8347885319229587,3.8347885319229587,0.0,0.0,0.0,0.0,0.0,0.0,0.1132568651208971,0.08500096743127529,0.12160582727233853,0.1136414898833964,0.01099854684253862,0.09404398752956518,239.04792359529173,233.4258933956804,0.24060158368680287,57.0,59.0,59.0,0.0,1.0,6.0,6.0,0.0,1.0,5.0,5.0,0.0,1.0,0.0,0.0,0.0,1.0,1.0,1.0,1.0,1.0,0.125,0.13630221130221135,0.5454545454545454,0.5333333333333333,0.0035087719298245615,0.7081521865212852,157.0,163.0,0.9285714285714286,57.0,59.0,59.0,0.0,1.0,16.0,16.0,0.0,1.0,13.0,13.0,0.0,1.0,2.0,2.0,0.0,1.0,1.0,1.0,1.0,1.0,0.25,0.23076923076923078,0.7222222222222222,0.7,0.012865497076023392,0.917997722095672,456.5,461.0,0.9924433249370277,57.0,59.0,59.0,0.0,1.0,25.0,25.0,0.0,1.0,21.0,21.0,0.0,1.0,8.0,8.0,0.0,1.0,1.0,1.0,1.0,1.0,0.45454545454545453,0.38461538461538464,1.0,0.9,0.03450292397660819,0.958904109589041,888.0999999999985,883.0499999999993,1.2304837740384613
timing_uncertainty,0.9,repaired,57.0,59.0,59.0,0.0,1.0,16.085,15.434625,-0.650375,0.9759221254403779,12.993125,12.609875,-0.38325,0.9786955655713852,3.091875,2.82475,-0.267125,0.9671127657800737,1.0,1.0,0.9786955655713852,0.9759221254403779,0.19963691140274287,0.17881634246450182,0.6862135580440458,0.6658228153466812,0.018534192251461988,0.8655124012270565,492.344375,495.9320625,1.0320242137872038,0.0,0.0,0.0,0.0,0.0,8.383222375738788,6.729649442632681,2.471592433522837,0.05965981166173998,5.734883023181949,5.15204682223762,1.37294837820039,0.05463396126039919,3.8347885319229587,2.929731027798188,1.1412605482984342,0.09629378781810931,0.0,0.0,0.05463396126039919,0.05965981166173998,0.11111488487729367,0.08428918313331706,0.12647410621484567,0.12054599314583826,0.011988376410560074,0.09970773783082434,239.04792359529173,232.6209319431929,0.3126471374057755,57.0,59.0,59.0,0.0,1.0,6.0,6.0,-3.0,0.8461538461538461,5.0,5.0,-2.0,0.8666666666666667,0.0,0.0,-2.0,0.7142857142857143,1.0,1.0,0.8666666666666667,0.8461538461538461,0.06896551724137931,0.07692307692307693,0.5,0.5,0.004678362573099415,0.6770402190007232,157.0,164.0,0.9186544824326454,57.0,59.0,59.0,0.0,1.0,16.0,15.0,0.0,1.0,13.0,13.0,0.0,1.0,2.0,2.0,0.0,1.0,1.0,1.0,1.0,1.0,0.18181818181818182,0.16666666666666666,0.6666666666666666,0.6521739130434783,0.016374269005847954,0.8974358974358975,456.5,462.0,0.9921961998886415,57.0,59.0,59.0,0.0,1.0,25.0,24.0,0.0,1.0,21.0,20.0,0.0,1.0,8.0,7.0,0.0,1.0,1.0,1.0,1.0,1.0,0.38461538461538464,0.3333333333333333,0.9169871794871748,0.875,0.039473684210526314,0.9478430052166797,888.0999999999985,881.0,1.2546100191473564
timing_uncertainty,0.9,unrepaired,57.0,59.0,59.0,0.0,1.0,16.085,16.085,0.0,1.0,12.993125,12.993125,0.0,1.0,3.091875,3.091875,0.0,1.0,1.0,1.0,1.0,1.0,0.20062557831378564,0.18023700096702744,0.6984556406648755,0.6740240779429566,0.018534192251461988,0.8655124012270565,492.344375,495.9320625,1.0320242137872038,0.0,0.0,0.0,0.0,0.0,8.383222375738788,8.383222375738788,0.0,0.0,5.734883023181949,5.734883023181949,0.0,0.0,3.8347885319229587,3.8347885319229587,0.0,0.0,0.0,0.0,0.0,0.0,0.11052100520763512,0.08343815592196611,0.12507441538178563,0.11633320899592806,0.011988376410560074,0.09970773783082434,239.04792359529173,232.6209319431929,0.3126471374057755,57.0,59.0,59.0,0.0,1.0,6.0,6.0,0.0,1.0,5.0,5.0,0.0,1.0,0.0,0.0,0.0,1.0,1.0,1.0,1.0,1.0,0.07692307692307693,0.07692307692307693,0.5,0.5,0.004678362573099415,0.6770402190007232,157.0,164.0,0.9186544824326454,57.0,59.0,59.0,0.0,1.0,16.0,16.0,0.0,1.0,13.0,13.0,0.0,1.0,2.0,2.0,0.0,1.0,1.0,1.0,1.0,1.0,0.18181818181818182,0.16666666666666666,0.6858552631578947,0.6666666666666666,0.016374269005847954,0.8974358974358975,456.5,462.0,0.9921961998886415,57.0,59.0,59.0,0.0,1.0,25.0,25.0,0.0,1.0,21.0,21.0,0.0,1.0,8.0,8.0,0.0,1.0,1.0,1.0,1.0,1.0,0.38461538461538464,0.3333333333333333,1.0,0.875,0.039473684210526314,0.9478430052166797,888.0999999999985,881.0,1.2546100191473564
