dataset,fold,repeat,method,scenario,severity,progress,score,n
tep,0,0,ACM-SVM,late_time_delay,0.0,0.1666667,0.465,2000
tep,0,0,ACM-SVM,late_time_delay,0.0,0.3333333,0.465,2000
tep,0,0,ACM-SVM,late_time_delay,0.0,0.5,0.645,2000
tep,0,0,ACM-SVM,late_time_delay,0.0,0.6666667,0.75,2000
tep,0,0,ACM-SVM,late_time_delay,0.0,0.8333333,0.815,2000
tep,0,0,ACM-SVM,late_time_delay,0.0,1.0,0.92,2000
tep,0,0,ACM-SVM,late_time_delay,0.05,0.1666667,0.45,2000
tep,0,0,ACM-SVM,late_time_delay,0.05,0.3333333,0.45,2000
tep,0,0,ACM-SVM,late_time_delay,0.05,0.5,0.565,2000
tep,0,0,ACM-SVM,late_time_delay,0.05,0.6666667,0.65,2000
tep,0,0,ACM-SVM,late_time_delay,0.05,0.8333333,0.72,2000
tep,0,0,ACM-SVM,late_time_delay,0.05,1.0,0.725,2000
tep,0,0,ACM-SVM,late_time_delay,0.1,0.1666667,0.495,2000
tep,0,0,ACM-SVM,late_time_delay,0.1,0.3333333,0.495,2000
tep,0,0,ACM-SVM,late_time_delay,0.1,0.5,0.59,2000
tep,0,0,ACM-SVM,late_time_delay,0.1,0.6666667,0.67,2000
tep,0,0,ACM-SVM,late_time_delay,0.1,0.8333333,0.71,2000
tep,0,0,ACM-SVM,late_time_delay,0.1,1.0,0.72,2000
tep,0,0,ACM-SVM,late_time_delay,0.15,0.1666667,0.39,2000
tep,0,0,ACM-SVM,late_time_delay,0.15,0.3333333,0.39,2000
tep,0,0,ACM-SVM,late_time_delay,0.15,0.5,0.525,2000
tep,0,0,ACM-SVM,late_time_delay,0.15,0.6666667,0.675,2000
tep,0,0,ACM-SVM,late_time_delay,0.15,0.8333333,0.685,2000
tep,0,0,ACM-SVM,late_time_delay,0.15,1.0,0.7,2000
tep,0,0,ACM-SVM,late_time_delay,0.2,0.1666667,0.4,2000
tep,0,0,ACM-SVM,late_time_delay,0.2,0.3333333,0.4,2000
tep,0,0,ACM-SVM,late_time_delay,0.2,0.5,0.555,2000
tep,0,0,ACM-SVM,late_time_delay,0.2,0.6666667,0.66,2000
tep,0,0,ACM-SVM,late_time_delay,0.2,0.8333333,0.66,2000
tep,0,0,ACM-SVM,late_time_delay,0.2,1.0,0.685,2000
tep,0,0,ACM-SVM,late_time_delay,0.25,0.1666667,0.425,2000
tep,0,0,ACM-SVM,late_time_delay,0.25,0.3333333,0.425,2000
tep,0,0,ACM-SVM,late_time_delay,0.25,0.5,0.565,2000
tep,0,0,ACM-SVM,late_time_delay,0.25,0.6666667,0.565,2000
tep,0,0,ACM-SVM,late_time_delay,0.25,0.8333333,0.655,2000
tep,0,0,ACM-SVM,late_time_delay,0.25,1.0,0.67,2000
tep,0,0,ACM-SVM,late_time_delay,0.3,0.1666667,0.47,2000
tep,0,0,ACM-SVM,late_time_delay,0.3,0.3333333,0.47,2000
tep,0,0,ACM-SVM,late_time_delay,0.3,0.5,0.585,2000
tep,0,0,ACM-SVM,late_time_delay,0.3,0.6666667,0.585,2000
tep,0,0,ACM-SVM,late_time_delay,0.3,0.8333333,0.655,2000
tep,0,0,ACM-SVM,late_time_delay,0.3,1.0,0.67,2000
tep,0,0,ACM-SVM,late_time_delay,0.4,0.1666667,0.475,2000
tep,0,0,ACM-SVM,late_time_delay,0.4,0.3333333,0.475,2000
tep,0,0,ACM-SVM,late_time_delay,0.4,0.5,0.475,2000
tep,0,0,ACM-SVM,late_time_delay,0.4,0.6666667,0.555,2000
tep,0,0,ACM-SVM,late_time_delay,0.4,0.8333333,0.555,2000
tep,0,0,ACM-SVM,late_time_delay,0.4,1.0,0.615,2000
tep,0,0,ACM-SVM,late_time_delay,0.5,0.1666667,0.425,2000
tep,0,0,ACM-SVM,late_time_delay,0.5,0.3333333,0.425,2000
tep,0,0,ACM-SVM,late_time_delay,0.5,0.5,0.425,2000
tep,0,0,ACM-SVM,late_time_delay,0.5,0.6666667,0.425,2000
tep,0,0,ACM-SVM,late_time_delay,0.5,0.8333333,0.52,2000
tep,0,0,ACM-SVM,late_time_delay,0.5,1.0,0.565,2000
tep,0,0,ACM-SVM,late_time_delay,0.6,0.1666667,0.41,2000
tep,0,0,ACM-SVM,late_time_delay,0.6,0.3333333,0.41,2000
tep,0,0,ACM-SVM,late_time_delay,0.6,0.5,0.41,2000
tep,0,0,ACM-SVM,late_time_delay,0.6,0.6666667,0.41,2000
tep,0,0,ACM-SVM,late_time_delay,0.6,0.8333333,0.41,2000
tep,0,0,ACM-SVM,late_time_delay,0.6,1.0,0.535,2000
tep,0,0,ACM-SVM,late_time_delay,0.7,0.1666667,0.365,2000
tep,0,0,ACM-SVM,late_time_delay,0.7,0.3333333,0.365,2000
tep,0,0,ACM-SVM,late_time_delay,0.7,0.5,0.365,2000
tep,0,0,ACM-SVM,late_time_delay,0.7,0.6666667,0.365,2000
tep,0,0,ACM-SVM,late_time_delay,0.7,0.8333333,0.365,2000
tep,0,0,ACM-SVM,late_time_delay,0.7,1.0,0.455,2000
tep,0,0,ACM-SVM,late_time_delay,0.8,0.1666667,0.4,2000
tep,0,0,ACM-SVM,late_time_delay,0.8,0.3333333,0.4,2000
tep,0,0,ACM-SVM,late_time_delay,0.8,0.5,0.4,2000
tep,0,0,ACM-SVM,late_time_delay,0.8,0.6666667,0.4,2000
tep,0,0,ACM-SVM,late_time_delay,0.8,0.8333333,0.4,2000
tep,0,0,ACM-SVM,late_time_delay,0.8,1.0,0.42,2000
tep,0,0,ACM-SVM,late_time_delay,0.9,0.1666667,0.385,2000
tep,0,0,ACM-SVM,late_time_delay,0.9,0.3333333,0.385,2000
tep,0,0,ACM-SVM,late_time_delay,0.9,0.5,0.385,2000
tep,0,0,ACM-SVM,late_time_delay,0.9,0.6666667,0.385,2000
tep,0,0,ACM-SVM,late_time_delay,0.9,0.8333333,0.385,2000
tep,0,0,ACM-SVM,late_time_delay,0.9,1.0,0.385,2000
tep,0,0,ACM-SVM,missing_events,0.0,0.1666667,0.465,2000
tep,0,0,ACM-SVM,missing_events,0.0,0.3333333,0.465,2000
tep,0,0,ACM-SVM,missing_events,0.0,0.5,0.645,2000
tep,0,0,ACM-SVM,missing_events,0.0,0.6666667,0.75,2000
tep,0,0,ACM-SVM,missing_events,0.0,0.8333333,0.815,2000
tep,0,0,ACM-SVM,missing_events,0.0,1.0,0.92,2000
tep,0,0,ACM-SVM,missing_events,0.05,0.1666667,0.471,2000
tep,0,0,ACM-SVM,missing_events,0.05,0.3333333,0.471,2000
tep,0,0,ACM-SVM,missing_events,0.05,0.5,0.6435,2000
tep,0,0,ACM-SVM,missing_events,0.05,0.6666667,0.712,2000
tep,0,0,ACM-SVM,missing_events,0.05,0.8333333,0.7415,2000
tep,0,0,ACM-SVM,missing_events,0.05,1.0,0.7865,2000
tep,0,0,ACM-SVM,missing_events,0.1,0.1666667,0.456,2000
tep,0,0,ACM-SVM,missing_events,0.1,0.3333333,0.456,2000
tep,0,0,ACM-SVM,missing_events,0.1,0.5,0.624,2000
tep,0,0,ACM-SVM,missing_events,0.1,0.6666667,0.668,2000
tep,0,0,ACM-SVM,missing_events,0.1,0.8333333,0.66,2000
tep,0,0,ACM-SVM,missing_events,0.1,1.0,0.6515,2000
tep,0,0,ACM-SVM,missing_events,0.15,0.1666667,0.469,2000
tep,0,0,ACM-SVM,missing_events,0.15,0.3333333,0.469,2000
tep,0,0,ACM-SVM,missing_events,0.15,0.5,0.609,2000
tep,0,0,ACM-SVM,missing_events,0.15,0.6666667,0.641,2000
tep,0,0,ACM-SVM,missing_events,0.15,0.8333333,0.614,2000
tep,0,0,ACM-SVM,missing_events,0.15,1.0,0.5885,2000
tep,0,0,ACM-SVM,missing_events,0.2,0.1666667,0.46,2000
tep,0,0,ACM-SVM,missing_events,0.2,0.3333333,0.46,2000
tep,0,0,ACM-SVM,missing_events,0.2,0.5,0.5995,2000
tep,0,0,ACM-SVM,missing_events,0.2,0.6666667,0.615,2000
tep,0,0,ACM-SVM,missing_events,0.2,0.8333333,0.587,2000
tep,0,0,ACM-SVM,missing_events,0.2,1.0,0.5475,2000
tep,0,0,ACM-SVM,missing_events,0.25,0.1666667,0.455,2000
tep,0,0,ACM-SVM,missing_events,0.25,0.3333333,0.455,2000
tep,0,0,ACM-SVM,missing_events,0.25,0.5,0.5935,2000
tep,0,0,ACM-SVM,missing_events,0.25,0.6666667,0.598,2000
tep,0,0,ACM-SVM,missing_events,0.25,0.8333333,0.564,2000
tep,0,0,ACM-SVM,missing_events,0.25,1.0,0.509,2000
tep,0,0,ACM-SVM,missing_events,0.3,0.1666667,0.457,2000
tep,0,0,ACM-SVM,missing_events,0.3,0.3333333,0.457,2000
tep,0,0,ACM-SVM,missing_events,0.3,0.5,0.57,2000
tep,0,0,ACM-SVM,missing_events,0.3,0.6666667,0.5825,2000
tep,0,0,ACM-SVM,missing_events,0.3,0.8333333,0.542,2000
tep,0,0,ACM-SVM,missing_events,0.3,1.0,0.477,2000
tep,0,0,ACM-SVM,missing_events,0.4,0.1666667,0.4295,2000
tep,0,0,ACM-SVM,missing_events,0.4,0.3333333,0.4295,2000
tep,0,0,ACM-SVM,missing_events,0.4,0.5,0.543,2000
tep,0,0,ACM-SVM,missing_events,0.4,0.6666667,0.5375,2000
tep,0,0,ACM-SVM,missing_events,0.4,0.8333333,0.492,2000
tep,0,0,ACM-SVM,missing_events,0.4,1.0,0.4235,2000
tep,0,0,ACM-SVM,missing_events,0.5,0.1666667,0.4,2000
tep,0,0,ACM-SVM,missing_events,0.5,0.3333333,0.4,2000
tep,0,0,ACM-SVM,missing_events,0.5,0.5,0.5275,2000
tep,0,0,ACM-SVM,missing_events,0.5,0.6666667,0.519,2000
tep,0,0,ACM-SVM,missing_events,0.5,0.8333333,0.475,2000
tep,0,0,ACM-SVM,missing_events,0.5,1.0,0.408,2000
tep,0,0,ACM-SVM,missing_events,0.6,0.1666667,0.362,2000
tep,0,0,ACM-SVM,missing_events,0.6,0.3333333,0.362,2000
tep,0,0,ACM-SVM,missing_events,0.6,0.5,0.486,2000
tep,0,0,ACM-SVM,missing_events,0.6,0.6666667,0.5055,2000
tep,0,0,ACM-SVM,missing_events,0.6,0.8333333,0.4775,2000
tep,0,0,ACM-SVM,missing_events,0.6,1.0,0.4045,2000
tep,0,0,ACM-SVM,missing_events,0.7,0.1666667,0.3135,2000
tep,0,0,ACM-SVM,missing_events,0.7,0.3333333,0.3135,2000
tep,0,0,ACM-SVM,missing_events,0.7,0.5,0.4525,2000
tep,0,0,ACM-SVM,missing_events,0.7,0.6666667,0.482,2000
tep,0,0,ACM-SVM,missing_events,0.7,0.8333333,0.47,2000
tep,0,0,ACM-SVM,missing_events,0.7,1.0,0.416,2000
tep,0,0,ACM-SVM,missing_events,0.8,0.1666667,0.2625,2000
tep,0,0,ACM-SVM,missing_events,0.8,0.3333333,0.2625,2000
tep,0,0,ACM-SVM,missing_events,0.8,0.5,0.3945,2000
tep,0,0,ACM-SVM,missing_events,0.8,0.6666667,0.4685,2000
tep,0,0,ACM-SVM,missing_events,0.8,0.8333333,0.475,2000
tep,0,0,ACM-SVM,missing_events,0.8,1.0,0.439,2000
tep,0,0,ACM-SVM,missing_events,0.9,0.1666667,0.222,2000
tep,0,0,ACM-SVM,missing_events,0.9,0.3333333,0.222,2000
tep,0,0,ACM-SVM,missing_events,0.9,0.5,0.281,2000
tep,0,0,ACM-SVM,missing_events,0.9,0.6666667,0.3685,2000
tep,0,0,ACM-SVM,missing_events,0.9,0.8333333,0.4255,2000
tep,0,0,ACM-SVM,missing_events,0.9,1.0,0.4865,2000
tep,0,0,ACM-SVM,mixed_missing_spurious,0.0,0.1666667,0.465,2000
tep,0,0,ACM-SVM,mixed_missing_spurious,0.0,0.3333333,0.465,2000
tep,0,0,ACM-SVM,mixed_missing_spurious,0.0,0.5,0.645,2000
tep,0,0,ACM-SVM,mixed_missing_spurious,0.0,0.6666667,0.75,2000
tep,0,0,ACM-SVM,mixed_missing_spurious,0.0,0.8333333,0.815,2000
tep,0,0,ACM-SVM,mixed_missing_spurious,0.0,1.0,0.92,2000
tep,0,0,ACM-SVM,mixed_missing_spurious,0.05,0.1666667,0.473,2000
tep,0,0,ACM-SVM,mixed_missing_spurious,0.05,0.3333333,0.473,2000
tep,0,0,ACM-SVM,mixed_missing_spurious,0.05,0.5,0.585,2000
tep,0,0,ACM-SVM,mixed_missing_spurious,0.05,0.6666667,0.6135,2000
tep,0,0,ACM-SVM,mixed_missing_spurious,0.05,0.8333333,0.5885,2000
tep,0,0,ACM-SVM,mixed_missing_spurious,0.05,1.0,0.522,2000
tep,0,0,ACM-SVM,mixed_missing_spurious,0.1,0.1666667,0.4805,2000
tep,0,0,ACM-SVM,mixed_missing_spurious,0.1,0.3333333,0.4805,2000
tep,0,0,ACM-SVM,mixed_missing_spurious,0.1,0.5,0.5335,2000
tep,0,0,ACM-SVM,mixed_missing_spurious,0.1,0.6666667,0.492,2000
tep,0,0,ACM-SVM,mixed_missing_spurious,0.1,0.8333333,0.433,2000
tep,0,0,ACM-SVM,mixed_missing_spurious,0.1,1.0,0.32,2000
tep,0,0,ACM-SVM,mixed_missing_spurious,0.15,0.1666667,0.461,2000
tep,0,0,ACM-SVM,mixed_missing_spurious,0.15,0.3333333,0.461,2000
tep,0,0,ACM-SVM,mixed_missing_spurious,0.15,0.5,0.476,2000
tep,0,0,ACM-SVM,mixed_missing_spurious,0.15,0.6666667,0.3965,2000
tep,0,0,ACM-SVM,mixed_missing_spurious,0.15,0.8333333,0.324,2000
tep,0,0,ACM-SVM,mixed_missing_spurious,0.15,1.0,0.237,2000
tep,0,0,ACM-SVM,mixed_missing_spurious,0.2,0.1666667,0.4535,2000
tep,0,0,ACM-SVM,mixed_missing_spurious,0.2,0.3333333,0.4535,2000
tep,0,0,ACM-SVM,mixed_missing_spurious,0.2,0.5,0.429,2000
tep,0,0,ACM-SVM,mixed_missing_spurious,0.2,0.6666667,0.356,2000
tep,0,0,ACM-SVM,mixed_missing_spurious,0.2,0.8333333,0.2895,2000
tep,0,0,ACM-SVM,mixed_missing_spurious,0.2,1.0,0.218,2000
tep,0,0,ACM-SVM,mixed_missing_spurious,0.25,0.1666667,0.444,2000
tep,0,0,ACM-SVM,mixed_missing_spurious,0.25,0.3333333,0.444,2000
tep,0,0,ACM-SVM,mixed_missing_spurious,0.25,0.5,0.4015,2000
tep,0,0,ACM-SVM,mixed_missing_spurious,0.25,0.6666667,0.3125,2000
tep,0,0,ACM-SVM,mixed_missing_spurious,0.25,0.8333333,0.2625,2000
tep,0,0,ACM-SVM,mixed_missing_spurious,0.25,1.0,0.212,2000
tep,0,0,ACM-SVM,mixed_missing_spurious,0.3,0.1666667,0.4395,2000
tep,0,0,ACM-SVM,mixed_missing_spurious,0.3,0.3333333,0.4395,2000
tep,0,0,ACM-SVM,mixed_missing_spurious,0.3,0.5,0.388,2000
tep,0,0,ACM-SVM,mixed_missing_spurious,0.3,0.6666667,0.2955,2000
tep,0,0,ACM-SVM,mixed_missing_spurious,0.3,0.8333333,0.242,2000
tep,0,0,ACM-SVM,mixed_missing_spurious,0.3,1.0,0.2045,2000
tep,0,0,ACM-SVM,mixed_missing_spurious,0.4,0.1666667,0.429,2000
tep,0,0,ACM-SVM,mixed_missing_spurious,0.4,0.3333333,0.429,2000
tep,0,0,ACM-SVM,mixed_missing_spurious,0.4,0.5,0.3445,2000
tep,0,0,ACM-SVM,mixed_missing_spurious,0.4,0.6666667,0.2665,2000
tep,0,0,ACM-SVM,mixed_missing_spurious,0.4,0.8333333,0.224,2000
tep,0,0,ACM-SVM,mixed_missing_spurious,0.4,1.0,0.2015,2000
tep,0,0,ACM-SVM,mixed_missing_spurious,0.5,0.1666667,0.4,2000
tep,0,0,ACM-SVM,mixed_missing_spurious,0.5,0.3333333,0.4,2000
tep,0,0,ACM-SVM,mixed_missing_spurious,0.5,0.5,0.3305,2000
tep,0,0,ACM-SVM,mixed_missing_spurious,0.5,0.6666667,0.256,2000
tep,0,0,ACM-SVM,mixed_missing_spurious,0.5,0.8333333,0.2245,2000
tep,0,0,ACM-SVM,mixed_missing_spurious,0.5,1.0,0.201,2000
tep,0,0,ACM-SVM,mixed_missing_spurious,0.6,0.1666667,0.384,2000
tep,0,0,ACM-SVM,mixed_missing_spurious,0.6,0.3333333,0.384,2000
tep,0,0,ACM-SVM,mixed_missing_spurious,0.6,0.5,0.333,2000
tep,0,0,ACM-SVM,mixed_missing_spurious,0.6,0.6666667,0.2645,2000
tep,0,0,ACM-SVM,mixed_missing_spurious,0.6,0.8333333,0.2215,2000
tep,0,0,ACM-SVM,mixed_missing_spurious,0.6,1.0,0.2015,2000
tep,0,0,ACM-SVM,mixed_missing_spurious,0.7,0.1666667,0.367,2000
tep,0,0,ACM-SVM,mixed_missing_spurious,0.7,0.3333333,0.367,2000
tep,0,0,ACM-SVM,mixed_missing_spurious,0.7,0.5,0.3495,2000
tep,0,0,ACM-SVM,mixed_missing_spurious,0.7,0.6666667,0.2815,2000
tep,0,0,ACM-SVM,mixed_missing_spurious,0.7,0.8333333,0.2365,2000
tep,0,0,ACM-SVM,mixed_missing_spurious,0.7,1.0,0.2055,2000
tep,0,0,ACM-SVM,mixed_missing_spurious,0.8,0.1666667,0.3375,2000
tep,0,0,ACM-SVM,mixed_missing_spurious,0.8,0.3333333,0.3375,2000
tep,0,0,ACM-SVM,mixed_missing_spurious,0.8,0.5,0.3895,2000
tep,0,0,ACM-SVM,mixed_missing_spurious,0.8,0.6666667,0.3385,2000
tep,0,0,ACM-SVM,mixed_missing_spurious,0.8,0.8333333,0.286,2000
tep,0,0,ACM-SVM,mixed_missing_spurious,0.8,1.0,0.213,2000
tep,0,0,ACM-SVM,mixed_missing_spurious,0.9,0.1666667,0.2675,2000
tep,0,0,ACM-SVM,mixed_missing_spurious,0.9,0.3333333,0.2675,2000
tep,0,0,ACM-SVM,mixed_missing_spurious,0.9,0.5,0.346,2000
tep,0,0,ACM-SVM,mixed_missing_spurious,0.9,0.6666667,0.3905,2000
tep,0,0,ACM-SVM,mixed_missing_spurious,0.9,0.8333333,0.361,2000
tep,0,0,ACM-SVM,mixed_missing_spurious,0.9,1.0,0.2745,2000
tep,0,0,ACM-SVM,mixed_spurious_timing_late,0.0,0.1666667,0.465,2000
tep,0,0,ACM-SVM,mixed_spurious_timing_late,0.0,0.3333333,0.465,2000
tep,0,0,ACM-SVM,mixed_spurious_timing_late,0.0,0.5,0.645,2000
tep,0,0,ACM-SVM,mixed_spurious_timing_late,0.0,0.6666667,0.75,2000
tep,0,0,ACM-SVM,mixed_spurious_timing_late,0.0,0.8333333,0.815,2000
tep,0,0,ACM-SVM,mixed_spurious_timing_late,0.0,1.0,0.92,2000
tep,0,0,ACM-SVM,mixed_spurious_timing_late,0.05,0.1666667,0.4335,2000
tep,0,0,ACM-SVM,mixed_spurious_timing_late,0.05,0.3333333,0.4335,2000
tep,0,0,ACM-SVM,mixed_spurious_timing_late,0.05,0.5,0.528,2000
tep,0,0,ACM-SVM,mixed_spurious_timing_late,0.05,0.6666667,0.565,2000
tep,0,0,ACM-SVM,mixed_spurious_timing_late,0.05,0.8333333,0.558,2000
tep,0,0,ACM-SVM,mixed_spurious_timing_late,0.05,1.0,0.5015,2000
tep,0,0,ACM-SVM,mixed_spurious_timing_late,0.1,0.1666667,0.459,2000
tep,0,0,ACM-SVM,mixed_spurious_timing_late,0.1,0.3333333,0.459,2000
tep,0,0,ACM-SVM,mixed_spurious_timing_late,0.1,0.5,0.504,2000
tep,0,0,ACM-SVM,mixed_spurious_timing_late,0.1,0.6666667,0.4715,2000
tep,0,0,ACM-SVM,mixed_spurious_timing_late,0.1,0.8333333,0.4285,2000
tep,0,0,ACM-SVM,mixed_spurious_timing_late,0.1,1.0,0.354,2000
tep,0,0,ACM-SVM,mixed_spurious_timing_late,0.15,0.1666667,0.4035,2000
tep,0,0,ACM-SVM,mixed_spurious_timing_late,0.15,0.3333333,0.4035,2000
tep,0,0,ACM-SVM,mixed_spurious_timing_late,0.15,0.5,0.414,2000
tep,0,0,ACM-SVM,mixed_spurious_timing_late,0.15,0.6666667,0.394,2000
tep,0,0,ACM-SVM,mixed_spurious_timing_late,0.15,0.8333333,0.3235,2000
tep,0,0,ACM-SVM,mixed_spurious_timing_late,0.15,1.0,0.2705,2000
tep,0,0,ACM-SVM,mixed_spurious_timing_late,0.2,0.1666667,0.397,2000
tep,0,0,ACM-SVM,mixed_spurious_timing_late,0.2,0.3333333,0.397,2000
tep,0,0,ACM-SVM,mixed_spurious_timing_late,0.2,0.5,0.3735,2000
tep,0,0,ACM-SVM,mixed_spurious_timing_late,0.2,0.6666667,0.317,2000
tep,0,0,ACM-SVM,mixed_spurious_timing_late,0.2,0.8333333,0.317,2000
tep,0,0,ACM-SVM,mixed_spurious_timing_late,0.2,1.0,0.2385,2000
tep,0,0,ACM-SVM,mixed_spurious_timing_late,0.25,0.1666667,0.4005,2000
tep,0,0,ACM-SVM,mixed_spurious_timing_late,0.25,0.3333333,0.4005,2000
tep,0,0,ACM-SVM,mixed_spurious_timing_late,0.25,0.5,0.3335,2000
tep,0,0,ACM-SVM,mixed_spurious_timing_late,0.25,0.6666667,0.3335,2000
tep,0,0,ACM-SVM,mixed_spurious_timing_late,0.25,0.8333333,0.274,2000
tep,0,0,ACM-SVM,mixed_spurious_timing_late,0.25,1.0,0.218,2000
tep,0,0,ACM-SVM,mixed_spurious_timing_late,0.3,0.1666667,0.3865,2000
tep,0,0,ACM-SVM,mixed_spurious_timing_late,0.3,0.3333333,0.3865,2000
tep,0,0,ACM-SVM,mixed_spurious_timing_late,0.3,0.5,0.305,2000
tep,0,0,ACM-SVM,mixed_spurious_timing_late,0.3,0.6666667,0.305,2000
tep,0,0,ACM-SVM,mixed_spurious_timing_late,0.3,0.8333333,0.245,2000
tep,0,0,ACM-SVM,mixed_spurious_timing_late,0.3,1.0,0.211,2000
tep,0,0,ACM-SVM,mixed_spurious_timing_late,0.4,0.1666667,0.352,2000
tep,0,0,ACM-SVM,mixed_spurious_timing_late,0.4,0.3333333,0.352,2000
tep,0,0,ACM-SVM,mixed_spurious_timing_late,0.4,0.5,0.352,2000
tep,0,0,ACM-SVM,mixed_spurious_timing_late,0.4,0.6666667,0.2595,2000
tep,0,0,ACM-SVM,mixed_spurious_timing_late,0.4,0.8333333,0.2595,2000
tep,0,0,ACM-SVM,mixed_spurious_timing_late,0.4,1.0,0.207,2000
tep,0,0,ACM-SVM,mixed_spurious_timing_late,0.5,0.1666667,0.2915,2000
tep,0,0,ACM-SVM,mixed_spurious_timing_late,0.5,0.3333333,0.2915,2000
tep,0,0,ACM-SVM,mixed_spurious_timing_late,0.5,0.5,0.2915,2000
tep,0,0,ACM-SVM,mixed_spurious_timing_late,0.5,0.6666667,0.2915,2000
tep,0,0,ACM-SVM,mixed_spurious_timing_late,0.5,0.8333333,0.2265,2000
tep,0,0,ACM-SVM,mixed_spurious_timing_late,0.5,1.0,0.205,2000
tep,0,0,ACM-SVM,mixed_spurious_timing_late,0.6,0.1666667,0.2875,2000
tep,0,0,ACM-SVM,mixed_spurious_timing_late,0.6,0.3333333,0.2875,2000
tep,0,0,ACM-SVM,mixed_spurious_timing_late,0.6,0.5,0.2875,2000
tep,0,0,ACM-SVM,mixed_spurious_timing_late,0.6,0.6666667,0.2875,2000
tep,0,0,ACM-SVM,mixed_spurious_timing_late,0.6,0.8333333,0.2875,2000
tep,0,0,ACM-SVM,mixed_spurious_timing_late,0.6,1.0,0.204,2000
tep,0,0,ACM-SVM,mixed_spurious_timing_late,0.7,0.1666667,0.2585,2000
tep,0,0,ACM-SVM,mixed_spurious_timing_late,0.7,0.3333333,0.2585,2000
tep,0,0,ACM-SVM,mixed_spurious_timing_late,0.7,0.5,0.2585,2000
tep,0,0,ACM-SVM,mixed_spurious_timing_late,0.7,0.6666667,0.2585,2000
tep,0,0,ACM-SVM,mixed_spurious_timing_late,0.7,0.8333333,0.2585,2000
tep,0,0,ACM-SVM,mixed_spurious_timing_late,0.7,1.0,0.211,2000
tep,0,0,ACM-SVM,mixed_spurious_timing_late,0.8,0.1666667,0.251,2000
tep,0,0,ACM-SVM,mixed_spurious_timing_late,0.8,0.3333333,0.251,2000
tep,0,0,ACM-SVM,mixed_spurious_timing_late,0.8,0.5,0.251,2000
tep,0,0,ACM-SVM,mixed_spurious_timing_late,0.8,0.6666667,0.251,2000
tep,0,0,ACM-SVM,mixed_spurious_timing_late,0.8,0.8333333,0.251,2000
tep,0,0,ACM-SVM,mixed_spurious_timing_late,0.8,1.0,0.232,2000
tep,0,0,ACM-SVM,mixed_spurious_timing_late,0.9,0.1666667,0.2945,2000
tep,0,0,ACM-SVM,mixed_spurious_timing_late,0.9,0.3333333,0.2945,2000
tep,0,0,ACM-SVM,mixed_spurious_timing_late,0.9,0.5,0.2945,2000
tep,0,0,ACM-SVM,mixed_spurious_timing_late,0.9,0.6666667,0.2945,2000
tep,0,0,ACM-SVM,mixed_spurious_timing_late,0.9,0.8333333,0.2945,2000
tep,0,0,ACM-SVM,mixed_spurious_timing_late,0.9,1.0,0.2945,2000
tep,0,0,ACM-SVM,spurious_events,0.0,0.1666667,0.465,2000
tep,0,0,ACM-SVM,spurious_events,0.0,0.3333333,0.465,2000
tep,0,0,ACM-SVM,spurious_events,0.0,0.5,0.645,2000
tep,0,0,ACM-SVM,spurious_events,0.0,0.6666667,0.75,2000
tep,0,0,ACM-SVM,spurious_events,0.0,0.8333333,0.815,2000
tep,0,0,ACM-SVM,spurious_events,0.0,1.0,0.92,2000
tep,0,0,ACM-SVM,spurious_events,0.05,0.1666667,0.474,2000
tep,0,0,ACM-SVM,spurious_events,0.05,0.3333333,0.474,2000
tep,0,0,ACM-SVM,spurious_events,0.05,0.5,0.605,2000
tep,0,0,ACM-SVM,spurious_events,0.05,0.6666667,0.6445,2000
tep,0,0,ACM-SVM,spurious_events,0.05,0.8333333,0.6135,2000
tep,0,0,ACM-SVM,spurious_events,0.05,1.0,0.5835,2000
tep,0,0,ACM-SVM,spurious_events,0.1,0.1666667,0.4645,2000
tep,0,0,ACM-SVM,spurious_events,0.1,0.3333333,0.4645,2000
tep,0,0,ACM-SVM,spurious_events,0.1,0.5,0.525,2000
tep,0,0,ACM-SVM,spurious_events,0.1,0.6666667,0.512,2000
tep,0,0,ACM-SVM,spurious_events,0.1,0.8333333,0.4535,2000
tep,0,0,ACM-SVM,spurious_events,0.1,1.0,0.344,2000
tep,0,0,ACM-SVM,spurious_events,0.15,0.1666667,0.4585,2000
tep,0,0,ACM-SVM,spurious_events,0.15,0.3333333,0.4585,2000
tep,0,0,ACM-SVM,spurious_events,0.15,0.5,0.4825,2000
tep,0,0,ACM-SVM,spurious_events,0.15,0.6666667,0.437,2000
tep,0,0,ACM-SVM,spurious_events,0.15,0.8333333,0.36,2000
tep,0,0,ACM-SVM,spurious_events,0.15,1.0,0.2515,2000
tep,0,0,ACM-SVM,spurious_events,0.2,0.1666667,0.4555,2000
tep,0,0,ACM-SVM,spurious_events,0.2,0.3333333,0.4555,2000
tep,0,0,ACM-SVM,spurious_events,0.2,0.5,0.4355,2000
tep,0,0,ACM-SVM,spurious_events,0.2,0.6666667,0.3625,2000
tep,0,0,ACM-SVM,spurious_events,0.2,0.8333333,0.2945,2000
tep,0,0,ACM-SVM,spurious_events,0.2,1.0,0.216,2000
tep,0,0,ACM-SVM,spurious_events,0.25,0.1666667,0.4475,2000
tep,0,0,ACM-SVM,spurious_events,0.25,0.3333333,0.4475,2000
tep,0,0,ACM-SVM,spurious_events,0.25,0.5,0.396,2000
tep,0,0,ACM-SVM,spurious_events,0.25,0.6666667,0.312,2000
tep,0,0,ACM-SVM,spurious_events,0.25,0.8333333,0.251,2000
tep,0,0,ACM-SVM,spurious_events,0.25,1.0,0.2085,2000
tep,0,0,ACM-SVM,spurious_events,0.3,0.1666667,0.441,2000
tep,0,0,ACM-SVM,spurious_events,0.3,0.3333333,0.441,2000
tep,0,0,ACM-SVM,spurious_events,0.3,0.5,0.3635,2000
tep,0,0,ACM-SVM,spurious_events,0.3,0.6666667,0.2765,2000
tep,0,0,ACM-SVM,spurious_events,0.3,0.8333333,0.2335,2000
tep,0,0,ACM-SVM,spurious_events,0.3,1.0,0.207,2000
tep,0,0,ACM-SVM,spurious_events,0.4,0.1666667,0.3935,2000
tep,0,0,ACM-SVM,spurious_events,0.4,0.3333333,0.3935,2000
tep,0,0,ACM-SVM,spurious_events,0.4,0.5,0.2995,2000
tep,0,0,ACM-SVM,spurious_events,0.4,0.6666667,0.236,2000
tep,0,0,ACM-SVM,spurious_events,0.4,0.8333333,0.2095,2000
tep,0,0,ACM-SVM,spurious_events,0.4,1.0,0.2,2000
tep,0,0,ACM-SVM,spurious_events,0.5,0.1666667,0.3695,2000
tep,0,0,ACM-SVM,spurious_events,0.5,0.3333333,0.3695,2000
tep,0,0,ACM-SVM,spurious_events,0.5,0.5,0.258,2000
tep,0,0,ACM-SVM,spurious_events,0.5,0.6666667,0.2135,2000
tep,0,0,ACM-SVM,spurious_events,0.5,0.8333333,0.2035,2000
tep,0,0,ACM-SVM,spurious_events,0.5,1.0,0.2,2000
tep,0,0,ACM-SVM,spurious_events,0.6,0.1666667,0.3415,2000
tep,0,0,ACM-SVM,spurious_events,0.6,0.3333333,0.3415,2000
tep,0,0,ACM-SVM,spurious_events,0.6,0.5,0.24,2000
tep,0,0,ACM-SVM,spurious_events,0.6,0.6666667,0.2095,2000
tep,0,0,ACM-SVM,spurious_events,0.6,0.8333333,0.203,2000
tep,0,0,ACM-SVM,spurious_events,0.6,1.0,0.2,2000
tep,0,0,ACM-SVM,spurious_events,0.7,0.1666667,0.303,2000
tep,0,0,ACM-SVM,spurious_events,0.7,0.3333333,0.303,2000
tep,0,0,ACM-SVM,spurious_events,0.7,0.5,0.2155,2000
tep,0,0,ACM-SVM,spurious_events,0.7,0.6666667,0.201,2000
tep,0,0,ACM-SVM,spurious_events,0.7,0.8333333,0.2,2000
tep,0,0,ACM-SVM,spurious_events,0.7,1.0,0.2,2000
tep,0,0,ACM-SVM,spurious_events,0.8,0.1666667,0.2905,2000
tep,0,0,ACM-SVM,spurious_events,0.8,0.3333333,0.2905,2000
tep,0,0,ACM-SVM,spurious_events,0.8,0.5,0.2135,2000
tep,0,0,ACM-SVM,spurious_events,0.8,0.6666667,0.2005,2000
tep,0,0,ACM-SVM,spurious_events,0.8,0.8333333,0.2,2000
tep,0,0,ACM-SVM,spurious_events,0.8,1.0,0.2,2000
tep,0,0,ACM-SVM,spurious_events,0.9,0.1666667,0.2715,2000
tep,0,0,ACM-SVM,spurious_events,0.9,0.3333333,0.2715,2000
tep,0,0,ACM-SVM,spurious_events,0.9,0.5,0.2095,2000
tep,0,0,ACM-SVM,spurious_events,0.9,0.6666667,0.2015,2000
tep,0,0,ACM-SVM,spurious_events,0.9,0.8333333,0.2,2000
tep,0,0,ACM-SVM,spurious_events,0.9,1.0,0.2,2000
tep,0,0,ACM-SVM,timing_uncertainty,0.0,0.1666667,0.465,2000
tep,0,0,ACM-SVM,timing_uncertainty,0.0,0.3333333,0.465,2000
tep,0,0,ACM-SVM,timing_uncertainty,0.0,0.5,0.645,2000
tep,0,0,ACM-SVM,timing_uncertainty,0.0,0.6666667,0.75,2000
tep,0,0,ACM-SVM,timing_uncertainty,0.0,0.8333333,0.815,2000
tep,0,0,ACM-SVM,timing_uncertainty,0.0,1.0,0.92,2000
tep,0,0,ACM-SVM,timing_uncertainty,0.05,0.1666667,0.4685,2000
tep,0,0,ACM-SVM,timing_uncertainty,0.05,0.3333333,0.4685,2000
tep,0,0,ACM-SVM,timing_uncertainty,0.05,0.5,0.6425,2000
tep,0,0,ACM-SVM,timing_uncertainty,0.05,0.6666667,0.7535,2000
tep,0,0,ACM-SVM,timing_uncertainty,0.05,0.8333333,0.8135,2000
tep,0,0,ACM-SVM,timing_uncertainty,0.05,1.0,0.917,2000
tep,0,0,ACM-SVM,timing_uncertainty,0.1,0.1666667,0.468,2000
tep,0,0,ACM-SVM,timing_uncertainty,0.1,0.3333333,0.468,2000
tep,0,0,ACM-SVM,timing_uncertainty,0.1,0.5,0.643,2000
tep,0,0,ACM-SVM,timing_uncertainty,0.1,0.6666667,0.753,2000
tep,0,0,ACM-SVM,timing_uncertainty,0.1,0.8333333,0.8165,2000
tep,0,0,ACM-SVM,timing_uncertainty,0.1,1.0,0.9175,2000
tep,0,0,ACM-SVM,timing_uncertainty,0.15,0.1666667,0.4795,2000
tep,0,0,ACM-SVM,timing_uncertainty,0.15,0.3333333,0.4795,2000
tep,0,0,ACM-SVM,timing_uncertainty,0.15,0.5,0.6465,2000
tep,0,0,ACM-SVM,timing_uncertainty,0.15,0.6666667,0.7425,2000
tep,0,0,ACM-SVM,timing_uncertainty,0.15,0.8333333,0.7685,2000
tep,0,0,ACM-SVM,timing_uncertainty,0.15,1.0,0.792,2000
tep,0,0,ACM-SVM,timing_uncertainty,0.2,0.1666667,0.499,2000
tep,0,0,ACM-SVM,timing_uncertainty,0.2,0.3333333,0.499,2000
tep,0,0,ACM-SVM,timing_uncertainty,0.2,0.5,0.6495,2000
tep,0,0,ACM-SVM,timing_uncertainty,0.2,0.6666667,0.7445,2000
tep,0,0,ACM-SVM,timing_uncertainty,0.2,0.8333333,0.7325,2000
tep,0,0,ACM-SVM,timing_uncertainty,0.2,1.0,0.7225,2000
tep,0,0,ACM-SVM,timing_uncertainty,0.25,0.1666667,0.499,2000
tep,0,0,ACM-SVM,timing_uncertainty,0.25,0.3333333,0.499,2000
tep,0,0,ACM-SVM,timing_uncertainty,0.25,0.5,0.642,2000
tep,0,0,ACM-SVM,timing_uncertainty,0.25,0.6666667,0.706,2000
tep,0,0,ACM-SVM,timing_uncertainty,0.25,0.8333333,0.691,2000
tep,0,0,ACM-SVM,timing_uncertainty,0.25,1.0,0.645,2000
tep,0,0,ACM-SVM,timing_uncertainty,0.3,0.1666667,0.5135,2000
tep,0,0,ACM-SVM,timing_uncertainty,0.3,0.3333333,0.5135,2000
tep,0,0,ACM-SVM,timing_uncertainty,0.3,0.5,0.6495,2000
tep,0,0,ACM-SVM,timing_uncertainty,0.3,0.6666667,0.689,2000
tep,0,0,ACM-SVM,timing_uncertainty,0.3,0.8333333,0.658,2000
tep,0,0,ACM-SVM,timing_uncertainty,0.3,1.0,0.601,2000
tep,0,0,ACM-SVM,timing_uncertainty,0.4,0.1666667,0.5315,2000
tep,0,0,ACM-SVM,timing_uncertainty,0.4,0.3333333,0.5315,2000
tep,0,0,ACM-SVM,timing_uncertainty,0.4,0.5,0.6325,2000
tep,0,0,ACM-SVM,timing_uncertainty,0.4,0.6666667,0.631,2000
tep,0,0,ACM-SVM,timing_uncertainty,0.4,0.8333333,0.5885,2000
tep,0,0,ACM-SVM,timing_uncertainty,0.4,1.0,0.5185,2000
tep,0,0,ACM-SVM,timing_uncertainty,0.5,0.1666667,0.538,2000
tep,0,0,ACM-SVM,timing_uncertainty,0.5,0.3333333,0.538,2000
tep,0,0,ACM-SVM,timing_uncertainty,0.5,0.5,0.628,2000
tep,0,0,ACM-SVM,timing_uncertainty,0.5,0.6666667,0.587,2000
tep,0,0,ACM-SVM,timing_uncertainty,0.5,0.8333333,0.5235,2000
tep,0,0,ACM-SVM,timing_uncertainty,0.5,1.0,0.4615,2000
tep,0,0,ACM-SVM,timing_uncertainty,0.6,0.1666667,0.5465,2000
tep,0,0,ACM-SVM,timing_uncertainty,0.6,0.3333333,0.5465,2000
tep,0,0,ACM-SVM,timing_uncertainty,0.6,0.5,0.602,2000
tep,0,0,ACM-SVM,timing_uncertainty,0.6,0.6666667,0.554,2000
tep,0,0,ACM-SVM,timing_uncertainty,0.6,0.8333333,0.5035,2000
tep,0,0,ACM-SVM,timing_uncertainty,0.6,1.0,0.424,2000
tep,0,0,ACM-SVM,timing_uncertainty,0.7,0.1666667,0.548,2000
tep,0,0,ACM-SVM,timing_uncertainty,0.7,0.3333333,0.548,2000
tep,0,0,ACM-SVM,timing_uncertainty,0.7,0.5,0.589,2000
tep,0,0,ACM-SVM,timing_uncertainty,0.7,0.6666667,0.534,2000
tep,0,0,ACM-SVM,timing_uncertainty,0.7,0.8333333,0.474,2000
tep,0,0,ACM-SVM,timing_uncertainty,0.7,1.0,0.395,2000
tep,0,0,ACM-SVM,timing_uncertainty,0.8,0.1666667,0.5545,2000
tep,0,0,ACM-SVM,timing_uncertainty,0.8,0.3333333,0.5545,2000
tep,0,0,ACM-SVM,timing_uncertainty,0.8,0.5,0.586,2000
tep,0,0,ACM-SVM,timing_uncertainty,0.8,0.6666667,0.517,2000
tep,0,0,ACM-SVM,timing_uncertainty,0.8,0.8333333,0.457,2000
tep,0,0,ACM-SVM,timing_uncertainty,0.8,1.0,0.38,2000
tep,0,0,ACM-SVM,timing_uncertainty,0.9,0.1666667,0.546,2000
tep,0,0,ACM-SVM,timing_uncertainty,0.9,0.3333333,0.546,2000
tep,0,0,ACM-SVM,timing_uncertainty,0.9,0.5,0.565,2000
tep,0,0,ACM-SVM,timing_uncertainty,0.9,0.6666667,0.505,2000
tep,0,0,ACM-SVM,timing_uncertainty,0.9,0.8333333,0.4455,2000
tep,0,0,ACM-SVM,timing_uncertainty,0.9,1.0,0.362,2000
tep,0,0,CASIM-prefix,late_time_delay,0.0,0.1666667,0.93,2000
tep,0,0,CASIM-prefix,late_time_delay,0.0,0.3333333,0.93,2000
tep,0,0,CASIM-prefix,late_time_delay,0.0,0.5,0.97,2000
tep,0,0,CASIM-prefix,late_time_delay,0.0,0.6666667,0.99,2000
tep,0,0,CASIM-prefix,late_time_delay,0.0,0.8333333,1.0,2000
tep,0,0,CASIM-prefix,late_time_delay,0.0,1.0,1.0,2000
tep,0,0,CASIM-prefix,late_time_delay,0.05,0.1666667,0.545,2000
tep,0,0,CASIM-prefix,late_time_delay,0.05,0.3333333,0.545,2000
tep,0,0,CASIM-prefix,late_time_delay,0.05,0.5,0.68,2000
tep,0,0,CASIM-prefix,late_time_delay,0.05,0.6666667,0.79,2000
tep,0,0,CASIM-prefix,late_time_delay,0.05,0.8333333,0.94,2000
tep,0,0,CASIM-prefix,late_time_delay,0.05,1.0,0.9,2000
tep,0,0,CASIM-prefix,late_time_delay,0.1,0.1666667,0.45,2000
tep,0,0,CASIM-prefix,late_time_delay,0.1,0.3333333,0.45,2000
tep,0,0,CASIM-prefix,late_time_delay,0.1,0.5,0.63,2000
tep,0,0,CASIM-prefix,late_time_delay,0.1,0.6666667,0.79,2000
tep,0,0,CASIM-prefix,late_time_delay,0.1,0.8333333,0.915,2000
tep,0,0,CASIM-prefix,late_time_delay,0.1,1.0,0.905,2000
tep,0,0,CASIM-prefix,late_time_delay,0.15,0.1666667,0.355,2000
tep,0,0,CASIM-prefix,late_time_delay,0.15,0.3333333,0.355,2000
tep,0,0,CASIM-prefix,late_time_delay,0.15,0.5,0.58,2000
tep,0,0,CASIM-prefix,late_time_delay,0.15,0.6666667,0.765,2000
tep,0,0,CASIM-prefix,late_time_delay,0.15,0.8333333,0.86,2000
tep,0,0,CASIM-prefix,late_time_delay,0.15,1.0,0.885,2000
tep,0,0,CASIM-prefix,late_time_delay,0.2,0.1666667,0.375,2000
tep,0,0,CASIM-prefix,late_time_delay,0.2,0.3333333,0.375,2000
tep,0,0,CASIM-prefix,late_time_delay,0.2,0.5,0.585,2000
tep,0,0,CASIM-prefix,late_time_delay,0.2,0.6666667,0.75,2000
tep,0,0,CASIM-prefix,late_time_delay,0.2,0.8333333,0.75,2000
tep,0,0,CASIM-prefix,late_time_delay,0.2,1.0,0.84,2000
tep,0,0,CASIM-prefix,late_time_delay,0.25,0.1666667,0.46,2000
tep,0,0,CASIM-prefix,late_time_delay,0.25,0.3333333,0.46,2000
tep,0,0,CASIM-prefix,late_time_delay,0.25,0.5,0.565,2000
tep,0,0,CASIM-prefix,late_time_delay,0.25,0.6666667,0.565,2000
tep,0,0,CASIM-prefix,late_time_delay,0.25,0.8333333,0.765,2000
tep,0,0,CASIM-prefix,late_time_delay,0.25,1.0,0.805,2000
tep,0,0,CASIM-prefix,late_time_delay,0.3,0.1666667,0.495,2000
tep,0,0,CASIM-prefix,late_time_delay,0.3,0.3333333,0.495,2000
tep,0,0,CASIM-prefix,late_time_delay,0.3,0.5,0.57,2000
tep,0,0,CASIM-prefix,late_time_delay,0.3,0.6666667,0.57,2000
tep,0,0,CASIM-prefix,late_time_delay,0.3,0.8333333,0.745,2000
tep,0,0,CASIM-prefix,late_time_delay,0.3,1.0,0.75,2000
tep,0,0,CASIM-prefix,late_time_delay,0.4,0.1666667,0.455,2000
tep,0,0,CASIM-prefix,late_time_delay,0.4,0.3333333,0.455,2000
tep,0,0,CASIM-prefix,late_time_delay,0.4,0.5,0.455,2000
tep,0,0,CASIM-prefix,late_time_delay,0.4,0.6666667,0.54,2000
tep,0,0,CASIM-prefix,late_time_delay,0.4,0.8333333,0.54,2000
tep,0,0,CASIM-prefix,late_time_delay,0.4,1.0,0.595,2000
tep,0,0,CASIM-prefix,late_time_delay,0.5,0.1666667,0.3,2000
tep,0,0,CASIM-prefix,late_time_delay,0.5,0.3333333,0.3,2000
tep,0,0,CASIM-prefix,late_time_delay,0.5,0.5,0.3,2000
tep,0,0,CASIM-prefix,late_time_delay,0.5,0.6666667,0.3,2000
tep,0,0,CASIM-prefix,late_time_delay,0.5,0.8333333,0.445,2000
tep,0,0,CASIM-prefix,late_time_delay,0.5,1.0,0.425,2000
tep,0,0,CASIM-prefix,late_time_delay,0.6,0.1666667,0.26,2000
tep,0,0,CASIM-prefix,late_time_delay,0.6,0.3333333,0.26,2000
tep,0,0,CASIM-prefix,late_time_delay,0.6,0.5,0.26,2000
tep,0,0,CASIM-prefix,late_time_delay,0.6,0.6666667,0.26,2000
tep,0,0,CASIM-prefix,late_time_delay,0.6,0.8333333,0.26,2000
tep,0,0,CASIM-prefix,late_time_delay,0.6,1.0,0.33,2000
tep,0,0,CASIM-prefix,late_time_delay,0.7,0.1666667,0.235,2000
tep,0,0,CASIM-prefix,late_time_delay,0.7,0.3333333,0.235,2000
tep,0,0,CASIM-prefix,late_time_delay,0.7,0.5,0.235,2000
tep,0,0,CASIM-prefix,late_time_delay,0.7,0.6666667,0.235,2000
tep,0,0,CASIM-prefix,late_time_delay,0.7,0.8333333,0.235,2000
tep,0,0,CASIM-prefix,late_time_delay,0.7,1.0,0.27,2000
tep,0,0,CASIM-prefix,late_time_delay,0.8,0.1666667,0.21,2000
tep,0,0,CASIM-prefix,late_time_delay,0.8,0.3333333,0.21,2000
tep,0,0,CASIM-prefix,late_time_delay,0.8,0.5,0.21,2000
tep,0,0,CASIM-prefix,late_time_delay,0.8,0.6666667,0.21,2000
tep,0,0,CASIM-prefix,late_time_delay,0.8,0.8333333,0.21,2000
tep,0,0,CASIM-prefix,late_time_delay,0.8,1.0,0.24,2000
tep,0,0,CASIM-prefix,late_time_delay,0.9,0.1666667,0.22,2000
tep,0,0,CASIM-prefix,late_time_delay,0.9,0.3333333,0.22,2000
tep,0,0,CASIM-prefix,late_time_delay,0.9,0.5,0.22,2000
tep,0,0,CASIM-prefix,late_time_delay,0.9,0.6666667,0.22,2000
tep,0,0,CASIM-prefix,late_time_delay,0.9,0.8333333,0.22,2000
tep,0,0,CASIM-prefix,late_time_delay,0.9,1.0,0.22,2000
tep,0,0,CASIM-prefix,missing_events,0.0,0.1666667,0.93,2000
tep,0,0,CASIM-prefix,missing_events,0.0,0.3333333,0.93,2000
tep,0,0,CASIM-prefix,missing_events,0.0,0.5,0.97,2000
tep,0,0,CASIM-prefix,missing_events,0.0,0.6666667,0.99,2000
tep,0,0,CASIM-prefix,missing_events,0.0,0.8333333,1.0,2000
tep,0,0,CASIM-prefix,missing_events,0.0,1.0,1.0,2000
tep,0,0,CASIM-prefix,missing_events,0.05,0.1666667,0.9155,2000
tep,0,0,CASIM-prefix,missing_events,0.05,0.3333333,0.9155,2000
tep,0,0,CASIM-prefix,missing_events,0.05,0.5,0.955,2000
tep,0,0,CASIM-prefix,missing_events,0.05,0.6666667,0.9805,2000
tep,0,0,CASIM-prefix,missing_events,0.05,0.8333333,0.996,2000
tep,0,0,CASIM-prefix,missing_events,0.05,1.0,0.9965,2000
tep,0,0,CASIM-prefix,missing_events,0.1,0.1666667,0.887,2000
tep,0,0,CASIM-prefix,missing_events,0.1,0.3333333,0.887,2000
tep,0,0,CASIM-prefix,missing_events,0.1,0.5,0.9255,2000
tep,0,0,CASIM-prefix,missing_events,0.1,0.6666667,0.968,2000
tep,0,0,CASIM-prefix,missing_events,0.1,0.8333333,0.9845,2000
tep,0,0,CASIM-prefix,missing_events,0.1,1.0,0.991,2000
tep,0,0,CASIM-prefix,missing_events,0.15,0.1666667,0.853,2000
tep,0,0,CASIM-prefix,missing_events,0.15,0.3333333,0.853,2000
tep,0,0,CASIM-prefix,missing_events,0.15,0.5,0.8885,2000
tep,0,0,CASIM-prefix,missing_events,0.15,0.6666667,0.9435,2000
tep,0,0,CASIM-prefix,missing_events,0.15,0.8333333,0.979,2000
tep,0,0,CASIM-prefix,missing_events,0.15,1.0,0.9805,2000
tep,0,0,CASIM-prefix,missing_events,0.2,0.1666667,0.82,2000
tep,0,0,CASIM-prefix,missing_events,0.2,0.3333333,0.82,2000
tep,0,0,CASIM-prefix,missing_events,0.2,0.5,0.8635,2000
tep,0,0,CASIM-prefix,missing_events,0.2,0.6666667,0.9175,2000
tep,0,0,CASIM-prefix,missing_events,0.2,0.8333333,0.961,2000
tep,0,0,CASIM-prefix,missing_events,0.2,1.0,0.9665,2000
tep,0,0,CASIM-prefix,missing_events,0.25,0.1666667,0.7905,2000
tep,0,0,CASIM-prefix,missing_events,0.25,0.3333333,0.7905,2000
tep,0,0,CASIM-prefix,missing_events,0.25,0.5,0.834,2000
tep,0,0,CASIM-prefix,missing_events,0.25,0.6666667,0.901,2000
tep,0,0,CASIM-prefix,missing_events,0.25,0.8333333,0.9515,2000
tep,0,0,CASIM-prefix,missing_events,0.25,1.0,0.9645,2000
tep,0,0,CASIM-prefix,missing_events,0.3,0.1666667,0.7835,2000
tep,0,0,CASIM-prefix,missing_events,0.3,0.3333333,0.7835,2000
tep,0,0,CASIM-prefix,missing_events,0.3,0.5,0.826,2000
tep,0,0,CASIM-prefix,missing_events,0.3,0.6666667,0.8895,2000
tep,0,0,CASIM-prefix,missing_events,0.3,0.8333333,0.9335,2000
tep,0,0,CASIM-prefix,missing_events,0.3,1.0,0.956,2000
tep,0,0,CASIM-prefix,missing_events,0.4,0.1666667,0.7005,2000
tep,0,0,CASIM-prefix,missing_events,0.4,0.3333333,0.7005,2000
tep,0,0,CASIM-prefix,missing_events,0.4,0.5,0.726,2000
tep,0,0,CASIM-prefix,missing_events,0.4,0.6666667,0.7975,2000
tep,0,0,CASIM-prefix,missing_events,0.4,0.8333333,0.8755,2000
tep,0,0,CASIM-prefix,missing_events,0.4,1.0,0.9065,2000
tep,0,0,CASIM-prefix,missing_events,0.5,0.1666667,0.6275,2000
tep,0,0,CASIM-prefix,missing_events,0.5,0.3333333,0.6275,2000
tep,0,0,CASIM-prefix,missing_events,0.5,0.5,0.646,2000
tep,0,0,CASIM-prefix,missing_events,0.5,0.6666667,0.732,2000
tep,0,0,CASIM-prefix,missing_events,0.5,0.8333333,0.8,2000
tep,0,0,CASIM-prefix,missing_events,0.5,1.0,0.849,2000
tep,0,0,CASIM-prefix,missing_events,0.6,0.1666667,0.5465,2000
tep,0,0,CASIM-prefix,missing_events,0.6,0.3333333,0.5465,2000
tep,0,0,CASIM-prefix,missing_events,0.6,0.5,0.559,2000
tep,0,0,CASIM-prefix,missing_events,0.6,0.6666667,0.641,2000
tep,0,0,CASIM-prefix,missing_events,0.6,0.8333333,0.711,2000
tep,0,0,CASIM-prefix,missing_events,0.6,1.0,0.772,2000
tep,0,0,CASIM-prefix,missing_events,0.7,0.1666667,0.4795,2000
tep,0,0,CASIM-prefix,missing_events,0.7,0.3333333,0.4795,2000
tep,0,0,CASIM-prefix,missing_events,0.7,0.5,0.478,2000
tep,0,0,CASIM-prefix,missing_events,0.7,0.6666667,0.546,2000
tep,0,0,CASIM-prefix,missing_events,0.7,0.8333333,0.6085,2000
tep,0,0,CASIM-prefix,missing_events,0.7,1.0,0.671,2000
tep,0,0,CASIM-prefix,missing_events,0.8,0.1666667,0.3715,2000
tep,0,0,CASIM-prefix,missing_events,0.8,0.3333333,0.3715,2000
tep,0,0,CASIM-prefix,missing_events,0.8,0.5,0.3515,2000
tep,0,0,CASIM-prefix,missing_events,0.8,0.6666667,0.425,2000
tep,0,0,CASIM-prefix,missing_events,0.8,0.8333333,0.4605,2000
tep,0,0,CASIM-prefix,missing_events,0.8,1.0,0.5095,2000
tep,0,0,CASIM-prefix,missing_events,0.9,0.1666667,0.2915,2000
tep,0,0,CASIM-prefix,missing_events,0.9,0.3333333,0.2915,2000
tep,0,0,CASIM-prefix,missing_events,0.9,0.5,0.2715,2000
tep,0,0,CASIM-prefix,missing_events,0.9,0.6666667,0.289,2000
tep,0,0,CASIM-prefix,missing_events,0.9,0.8333333,0.3015,2000
tep,0,0,CASIM-prefix,missing_events,0.9,1.0,0.34,2000
tep,0,0,CASIM-prefix,mixed_missing_spurious,0.0,0.1666667,0.93,2000
tep,0,0,CASIM-prefix,mixed_missing_spurious,0.0,0.3333333,0.93,2000
tep,0,0,CASIM-prefix,mixed_missing_spurious,0.0,0.5,0.97,2000
tep,0,0,CASIM-prefix,mixed_missing_spurious,0.0,0.6666667,0.99,2000
tep,0,0,CASIM-prefix,mixed_missing_spurious,0.0,0.8333333,1.0,2000
tep,0,0,CASIM-prefix,mixed_missing_spurious,0.0,1.0,1.0,2000
tep,0,0,CASIM-prefix,mixed_missing_spurious,0.05,0.1666667,0.9045,2000
tep,0,0,CASIM-prefix,mixed_missing_spurious,0.05,0.3333333,0.9045,2000
tep,0,0,CASIM-prefix,mixed_missing_spurious,0.05,0.5,0.9395,2000
tep,0,0,CASIM-prefix,mixed_missing_spurious,0.05,0.6666667,0.9775,2000
tep,0,0,CASIM-prefix,mixed_missing_spurious,0.05,0.8333333,0.988,2000
tep,0,0,CASIM-prefix,mixed_missing_spurious,0.05,1.0,0.9965,2000
tep,0,0,CASIM-prefix,mixed_missing_spurious,0.1,0.1666667,0.8695,2000
tep,0,0,CASIM-prefix,mixed_missing_spurious,0.1,0.3333333,0.8695,2000
tep,0,0,CASIM-prefix,mixed_missing_spurious,0.1,0.5,0.892,2000
tep,0,0,CASIM-prefix,mixed_missing_spurious,0.1,0.6666667,0.9305,2000
tep,0,0,CASIM-prefix,mixed_missing_spurious,0.1,0.8333333,0.97,2000
tep,0,0,CASIM-prefix,mixed_missing_spurious,0.1,1.0,0.9865,2000
tep,0,0,CASIM-prefix,mixed_missing_spurious,0.15,0.1666667,0.8365,2000
tep,0,0,CASIM-prefix,mixed_missing_spurious,0.15,0.3333333,0.8365,2000
tep,0,0,CASIM-prefix,mixed_missing_spurious,0.15,0.5,0.8395,2000
tep,0,0,CASIM-prefix,mixed_missing_spurious,0.15,0.6666667,0.8895,2000
tep,0,0,CASIM-prefix,mixed_missing_spurious,0.15,0.8333333,0.953,2000
tep,0,0,CASIM-prefix,mixed_missing_spurious,0.15,1.0,0.9625,2000
tep,0,0,CASIM-prefix,mixed_missing_spurious,0.2,0.1666667,0.7915,2000
tep,0,0,CASIM-prefix,mixed_missing_spurious,0.2,0.3333333,0.7915,2000
tep,0,0,CASIM-prefix,mixed_missing_spurious,0.2,0.5,0.785,2000
tep,0,0,CASIM-prefix,mixed_missing_spurious,0.2,0.6666667,0.8595,2000
tep,0,0,CASIM-prefix,mixed_missing_spurious,0.2,0.8333333,0.933,2000
tep,0,0,CASIM-prefix,mixed_missing_spurious,0.2,1.0,0.9535,2000
tep,0,0,CASIM-prefix,mixed_missing_spurious,0.25,0.1666667,0.7665,2000
tep,0,0,CASIM-prefix,mixed_missing_spurious,0.25,0.3333333,0.7665,2000
tep,0,0,CASIM-prefix,mixed_missing_spurious,0.25,0.5,0.771,2000
tep,0,0,CASIM-prefix,mixed_missing_spurious,0.25,0.6666667,0.8245,2000
tep,0,0,CASIM-prefix,mixed_missing_spurious,0.25,0.8333333,0.8985,2000
tep,0,0,CASIM-prefix,mixed_missing_spurious,0.25,1.0,0.932,2000
tep,0,0,CASIM-prefix,mixed_missing_spurious,0.3,0.1666667,0.729,2000
tep,0,0,CASIM-prefix,mixed_missing_spurious,0.3,0.3333333,0.729,2000
tep,0,0,CASIM-prefix,mixed_missing_spurious,0.3,0.5,0.742,2000
tep,0,0,CASIM-prefix,mixed_missing_spurious,0.3,0.6666667,0.797,2000
tep,0,0,CASIM-prefix,mixed_missing_spurious,0.3,0.8333333,0.8755,2000
tep,0,0,CASIM-prefix,mixed_missing_spurious,0.3,1.0,0.918,2000
tep,0,0,CASIM-prefix,mixed_missing_spurious,0.4,0.1666667,0.6775,2000
tep,0,0,CASIM-prefix,mixed_missing_spurious,0.4,0.3333333,0.6775,2000
tep,0,0,CASIM-prefix,mixed_missing_spurious,0.4,0.5,0.676,2000
tep,0,0,CASIM-prefix,mixed_missing_spurious,0.4,0.6666667,0.7315,2000
tep,0,0,CASIM-prefix,mixed_missing_spurious,0.4,0.8333333,0.818,2000
tep,0,0,CASIM-prefix,mixed_missing_spurious,0.4,1.0,0.87,2000
tep,0,0,CASIM-prefix,mixed_missing_spurious,0.5,0.1666667,0.604,2000
tep,0,0,CASIM-prefix,mixed_missing_spurious,0.5,0.3333333,0.604,2000
tep,0,0,CASIM-prefix,mixed_missing_spurious,0.5,0.5,0.611,2000
tep,0,0,CASIM-prefix,mixed_missing_spurious,0.5,0.6666667,0.653,2000
tep,0,0,CASIM-prefix,mixed_missing_spurious,0.5,0.8333333,0.7455,2000
tep,0,0,CASIM-prefix,mixed_missing_spurious,0.5,1.0,0.8105,2000
tep,0,0,CASIM-prefix,mixed_missing_spurious,0.6,0.1666667,0.5305,2000
tep,0,0,CASIM-prefix,mixed_missing_spurious,0.6,0.3333333,0.5305,2000
tep,0,0,CASIM-prefix,mixed_missing_spurious,0.6,0.5,0.5385,2000
tep,0,0,CASIM-prefix,mixed_missing_spurious,0.6,0.6666667,0.585,2000
tep,0,0,CASIM-prefix,mixed_missing_spurious,0.6,0.8333333,0.6805,2000
tep,0,0,CASIM-prefix,mixed_missing_spurious,0.6,1.0,0.7545,2000
tep,0,0,CASIM-prefix,mixed_missing_spurious,0.7,0.1666667,0.464,2000
tep,0,0,CASIM-prefix,mixed_missing_spurious,0.7,0.3333333,0.464,2000
tep,0,0,CASIM-prefix,mixed_missing_spurious,0.7,0.5,0.461,2000
tep,0,0,CASIM-prefix,mixed_missing_spurious,0.7,0.6666667,0.528,2000
tep,0,0,CASIM-prefix,mixed_missing_spurious,0.7,0.8333333,0.6015,2000
tep,0,0,CASIM-prefix,mixed_missing_spurious,0.7,1.0,0.6495,2000
tep,0,0,CASIM-prefix,mixed_missing_spurious,0.8,0.1666667,0.408,2000
tep,0,0,CASIM-prefix,mixed_missing_spurious,0.8,0.3333333,0.408,2000
tep,0,0,CASIM-prefix,mixed_missing_spurious,0.8,0.5,0.4115,2000
tep,0,0,CASIM-prefix,mixed_missing_spurious,0.8,0.6666667,0.472,2000
tep,0,0,CASIM-prefix,mixed_missing_spurious,0.8,0.8333333,0.5355,2000
tep,0,0,CASIM-prefix,mixed_missing_spurious,0.8,1.0,0.561,2000
tep,0,0,CASIM-prefix,mixed_missing_spurious,0.9,0.1666667,0.319,2000
tep,0,0,CASIM-prefix,mixed_missing_spurious,0.9,0.3333333,0.319,2000
tep,0,0,CASIM-prefix,mixed_missing_spurious,0.9,0.5,0.3205,2000
tep,0,0,CASIM-prefix,mixed_missing_spurious,0.9,0.6666667,0.3575,2000
tep,0,0,CASIM-prefix,mixed_missing_spurious,0.9,0.8333333,0.394,2000
tep,0,0,CASIM-prefix,mixed_missing_spurious,0.9,1.0,0.405,2000
tep,0,0,CASIM-prefix,mixed_spurious_timing_late,0.0,0.1666667,0.93,2000
tep,0,0,CASIM-prefix,mixed_spurious_timing_late,0.0,0.3333333,0.93,2000
tep,0,0,CASIM-prefix,mixed_spurious_timing_late,0.0,0.5,0.97,2000
tep,0,0,CASIM-prefix,mixed_spurious_timing_late,0.0,0.6666667,0.99,2000
tep,0,0,CASIM-prefix,mixed_spurious_timing_late,0.0,0.8333333,1.0,2000
tep,0,0,CASIM-prefix,mixed_spurious_timing_late,0.0,1.0,1.0,2000
tep,0,0,CASIM-prefix,mixed_spurious_timing_late,0.05,0.1666667,0.546,2000
tep,0,0,CASIM-prefix,mixed_spurious_timing_late,0.05,0.3333333,0.546,2000
tep,0,0,CASIM-prefix,mixed_spurious_timing_late,0.05,0.5,0.673,2000
tep,0,0,CASIM-prefix,mixed_spurious_timing_late,0.05,0.6666667,0.7795,2000
tep,0,0,CASIM-prefix,mixed_spurious_timing_late,0.05,0.8333333,0.9375,2000
tep,0,0,CASIM-prefix,mixed_spurious_timing_late,0.05,1.0,0.9095,2000
tep,0,0,CASIM-prefix,mixed_spurious_timing_late,0.1,0.1666667,0.4265,2000
tep,0,0,CASIM-prefix,mixed_spurious_timing_late,0.1,0.3333333,0.4265,2000
tep,0,0,CASIM-prefix,mixed_spurious_timing_late,0.1,0.5,0.593,2000
tep,0,0,CASIM-prefix,mixed_spurious_timing_late,0.1,0.6666667,0.7605,2000
tep,0,0,CASIM-prefix,mixed_spurious_timing_late,0.1,0.8333333,0.923,2000
tep,0,0,CASIM-prefix,mixed_spurious_timing_late,0.1,1.0,0.896,2000
tep,0,0,CASIM-prefix,mixed_spurious_timing_late,0.15,0.1666667,0.348,2000
tep,0,0,CASIM-prefix,mixed_spurious_timing_late,0.15,0.3333333,0.348,2000
tep,0,0,CASIM-prefix,mixed_spurious_timing_late,0.15,0.5,0.5275,2000
tep,0,0,CASIM-prefix,mixed_spurious_timing_late,0.15,0.6666667,0.6915,2000
tep,0,0,CASIM-prefix,mixed_spurious_timing_late,0.15,0.8333333,0.8485,2000
tep,0,0,CASIM-prefix,mixed_spurious_timing_late,0.15,1.0,0.8255,2000
tep,0,0,CASIM-prefix,mixed_spurious_timing_late,0.2,0.1666667,0.335,2000
tep,0,0,CASIM-prefix,mixed_spurious_timing_late,0.2,0.3333333,0.335,2000
tep,0,0,CASIM-prefix,mixed_spurious_timing_late,0.2,0.5,0.499,2000
tep,0,0,CASIM-prefix,mixed_spurious_timing_late,0.2,0.6666667,0.6525,2000
tep,0,0,CASIM-prefix,mixed_spurious_timing_late,0.2,0.8333333,0.6525,2000
tep,0,0,CASIM-prefix,mixed_spurious_timing_late,0.2,1.0,0.798,2000
tep,0,0,CASIM-prefix,mixed_spurious_timing_late,0.25,0.1666667,0.3975,2000
tep,0,0,CASIM-prefix,mixed_spurious_timing_late,0.25,0.3333333,0.3975,2000
tep,0,0,CASIM-prefix,mixed_spurious_timing_late,0.25,0.5,0.4575,2000
tep,0,0,CASIM-prefix,mixed_spurious_timing_late,0.25,0.6666667,0.4575,2000
tep,0,0,CASIM-prefix,mixed_spurious_timing_late,0.25,0.8333333,0.67,2000
tep,0,0,CASIM-prefix,mixed_spurious_timing_late,0.25,1.0,0.73,2000
tep,0,0,CASIM-prefix,mixed_spurious_timing_late,0.3,0.1666667,0.4045,2000
tep,0,0,CASIM-prefix,mixed_spurious_timing_late,0.3,0.3333333,0.4045,2000
tep,0,0,CASIM-prefix,mixed_spurious_timing_late,0.3,0.5,0.43,2000
tep,0,0,CASIM-prefix,mixed_spurious_timing_late,0.3,0.6666667,0.43,2000
tep,0,0,CASIM-prefix,mixed_spurious_timing_late,0.3,0.8333333,0.6095,2000
tep,0,0,CASIM-prefix,mixed_spurious_timing_late,0.3,1.0,0.6685,2000
tep,0,0,CASIM-prefix,mixed_spurious_timing_late,0.4,0.1666667,0.3605,2000
tep,0,0,CASIM-prefix,mixed_spurious_timing_late,0.4,0.3333333,0.3605,2000
tep,0,0,CASIM-prefix,mixed_spurious_timing_late,0.4,0.5,0.3605,2000
tep,0,0,CASIM-prefix,mixed_spurious_timing_late,0.4,0.6666667,0.451,2000
tep,0,0,CASIM-prefix,mixed_spurious_timing_late,0.4,0.8333333,0.451,2000
tep,0,0,CASIM-prefix,mixed_spurious_timing_late,0.4,1.0,0.5035,2000
tep,0,0,CASIM-prefix,mixed_spurious_timing_late,0.5,0.1666667,0.3415,2000
tep,0,0,CASIM-prefix,mixed_spurious_timing_late,0.5,0.3333333,0.3415,2000
tep,0,0,CASIM-prefix,mixed_spurious_timing_late,0.5,0.5,0.3415,2000
tep,0,0,CASIM-prefix,mixed_spurious_timing_late,0.5,0.6666667,0.3415,2000
tep,0,0,CASIM-prefix,mixed_spurious_timing_late,0.5,0.8333333,0.443,2000
tep,0,0,CASIM-prefix,mixed_spurious_timing_late,0.5,1.0,0.413,2000
tep,0,0,CASIM-prefix,mixed_spurious_timing_late,0.6,0.1666667,0.2945,2000
tep,0,0,CASIM-prefix,mixed_spurious_timing_late,0.6,0.3333333,0.2945,2000
tep,0,0,CASIM-prefix,mixed_spurious_timing_late,0.6,0.5,0.2945,2000
tep,0,0,CASIM-prefix,mixed_spurious_timing_late,0.6,0.6666667,0.2945,2000
tep,0,0,CASIM-prefix,mixed_spurious_timing_late,0.6,0.8333333,0.2945,2000
tep,0,0,CASIM-prefix,mixed_spurious_timing_late,0.6,1.0,0.3335,2000
tep,0,0,CASIM-prefix,mixed_spurious_timing_late,0.7,0.1666667,0.2985,2000
tep,0,0,CASIM-prefix,mixed_spurious_timing_late,0.7,0.3333333,0.2985,2000
tep,0,0,CASIM-prefix,mixed_spurious_timing_late,0.7,0.5,0.2985,2000
tep,0,0,CASIM-prefix,mixed_spurious_timing_late,0.7,0.6666667,0.2985,2000
tep,0,0,CASIM-prefix,mixed_spurious_timing_late,0.7,0.8333333,0.2985,2000
tep,0,0,CASIM-prefix,mixed_spurious_timing_late,0.7,1.0,0.314,2000
tep,0,0,CASIM-prefix,mixed_spurious_timing_late,0.8,0.1666667,0.23,2000
tep,0,0,CASIM-prefix,mixed_spurious_timing_late,0.8,0.3333333,0.23,2000
tep,0,0,CASIM-prefix,mixed_spurious_timing_late,0.8,0.5,0.23,2000
tep,0,0,CASIM-prefix,mixed_spurious_timing_late,0.8,0.6666667,0.23,2000
tep,0,0,CASIM-prefix,mixed_spurious_timing_late,0.8,0.8333333,0.23,2000
tep,0,0,CASIM-prefix,mixed_spurious_timing_late,0.8,1.0,0.264,2000
tep,0,0,CASIM-prefix,mixed_spurious_timing_late,0.9,0.1666667,0.2205,2000
tep,0,0,CASIM-prefix,mixed_spurious_timing_late,0.9,0.3333333,0.2205,2000
tep,0,0,CASIM-prefix,mixed_spurious_timing_late,0.9,0.5,0.2205,2000
tep,0,0,CASIM-prefix,mixed_spurious_timing_late,0.9,0.6666667,0.2205,2000
tep,0,0,CASIM-prefix,mixed_spurious_timing_late,0.9,0.8333333,0.2205,2000
tep,0,0,CASIM-prefix,mixed_spurious_timing_late,0.9,1.0,0.2205,2000
tep,0,0,CASIM-prefix,spurious_events,0.0,0.1666667,0.93,2000
tep,0,0,CASIM-prefix,spurious_events,0.0,0.3333333,0.93,2000
tep,0,0,CASIM-prefix,spurious_events,0.0,0.5,0.97,2000
tep,0,0,CASIM-prefix,spurious_events,0.0,0.6666667,0.99,2000
tep,0,0,CASIM-prefix,spurious_events,0.0,0.8333333,1.0,2000
tep,0,0,CASIM-prefix,spurious_events,0.0,1.0,1.0,2000
tep,0,0,CASIM-prefix,spurious_events,0.05,0.1666667,0.921,2000
tep,0,0,CASIM-prefix,spurious_events,0.05,0.3333333,0.921,2000
tep,0,0,CASIM-prefix,spurious_events,0.05,0.5,0.954,2000
tep,0,0,CASIM-prefix,spurious_events,0.05,0.6666667,0.979,2000
tep,0,0,CASIM-prefix,spurious_events,0.05,0.8333333,0.9955,2000
tep,0,0,CASIM-prefix,spurious_events,0.05,1.0,1.0,2000
tep,0,0,CASIM-prefix,spurious_events,0.1,0.1666667,0.9145,2000
tep,0,0,CASIM-prefix,spurious_events,0.1,0.3333333,0.9145,2000
tep,0,0,CASIM-prefix,spurious_events,0.1,0.5,0.9255,2000
tep,0,0,CASIM-prefix,spurious_events,0.1,0.6666667,0.96,2000
tep,0,0,CASIM-prefix,spurious_events,0.1,0.8333333,0.9845,2000
tep,0,0,CASIM-prefix,spurious_events,0.1,1.0,0.995,2000
tep,0,0,CASIM-prefix,spurious_events,0.15,0.1666667,0.903,2000
tep,0,0,CASIM-prefix,spurious_events,0.15,0.3333333,0.903,2000
tep,0,0,CASIM-prefix,spurious_events,0.15,0.5,0.906,2000
tep,0,0,CASIM-prefix,spurious_events,0.15,0.6666667,0.936,2000
tep,0,0,CASIM-prefix,spurious_events,0.15,0.8333333,0.9725,2000
tep,0,0,CASIM-prefix,spurious_events,0.15,1.0,0.99,2000
tep,0,0,CASIM-prefix,spurious_events,0.2,0.1666667,0.8925,2000
tep,0,0,CASIM-prefix,spurious_events,0.2,0.3333333,0.8925,2000
tep,0,0,CASIM-prefix,spurious_events,0.2,0.5,0.8745,2000
tep,0,0,CASIM-prefix,spurious_events,0.2,0.6666667,0.8945,2000
tep,0,0,CASIM-prefix,spurious_events,0.2,0.8333333,0.9525,2000
tep,0,0,CASIM-prefix,spurious_events,0.2,1.0,0.982,2000
tep,0,0,CASIM-prefix,spurious_events,0.25,0.1666667,0.8765,2000
tep,0,0,CASIM-prefix,spurious_events,0.25,0.3333333,0.8765,2000
tep,0,0,CASIM-prefix,spurious_events,0.25,0.5,0.85,2000
tep,0,0,CASIM-prefix,spurious_events,0.25,0.6666667,0.8675,2000
tep,0,0,CASIM-prefix,spurious_events,0.25,0.8333333,0.925,2000
tep,0,0,CASIM-prefix,spurious_events,0.25,1.0,0.966,2000
tep,0,0,CASIM-prefix,spurious_events,0.3,0.1666667,0.8735,2000
tep,0,0,CASIM-prefix,spurious_events,0.3,0.3333333,0.8735,2000
tep,0,0,CASIM-prefix,spurious_events,0.3,0.5,0.819,2000
tep,0,0,CASIM-prefix,spurious_events,0.3,0.6666667,0.836,2000
tep,0,0,CASIM-prefix,spurious_events,0.3,0.8333333,0.9075,2000
tep,0,0,CASIM-prefix,spurious_events,0.3,1.0,0.9495,2000
tep,0,0,CASIM-prefix,spurious_events,0.4,0.1666667,0.8455,2000
tep,0,0,CASIM-prefix,spurious_events,0.4,0.3333333,0.8455,2000
tep,0,0,CASIM-prefix,spurious_events,0.4,0.5,0.777,2000
tep,0,0,CASIM-prefix,spurious_events,0.4,0.6666667,0.799,2000
tep,0,0,CASIM-prefix,spurious_events,0.4,0.8333333,0.855,2000
tep,0,0,CASIM-prefix,spurious_events,0.4,1.0,0.904,2000
tep,0,0,CASIM-prefix,spurious_events,0.5,0.1666667,0.803,2000
tep,0,0,CASIM-prefix,spurious_events,0.5,0.3333333,0.803,2000
tep,0,0,CASIM-prefix,spurious_events,0.5,0.5,0.7155,2000
tep,0,0,CASIM-prefix,spurious_events,0.5,0.6666667,0.7165,2000
tep,0,0,CASIM-prefix,spurious_events,0.5,0.8333333,0.8145,2000
tep,0,0,CASIM-prefix,spurious_events,0.5,1.0,0.8595,2000
tep,0,0,CASIM-prefix,spurious_events,0.6,0.1666667,0.797,2000
tep,0,0,CASIM-prefix,spurious_events,0.6,0.3333333,0.797,2000
tep,0,0,CASIM-prefix,spurious_events,0.6,0.5,0.6865,2000
tep,0,0,CASIM-prefix,spurious_events,0.6,0.6666667,0.687,2000
tep,0,0,CASIM-prefix,spurious_events,0.6,0.8333333,0.783,2000
tep,0,0,CASIM-prefix,spurious_events,0.6,1.0,0.8075,2000
tep,0,0,CASIM-prefix,spurious_events,0.7,0.1666667,0.767,2000
tep,0,0,CASIM-prefix,spurious_events,0.7,0.3333333,0.767,2000
tep,0,0,CASIM-prefix,spurious_events,0.7,0.5,0.6505,2000
tep,0,0,CASIM-prefix,spurious_events,0.7,0.6666667,0.6485,2000
tep,0,0,CASIM-prefix,spurious_events,0.7,0.8333333,0.73,2000
tep,0,0,CASIM-prefix,spurious_events,0.7,1.0,0.7535,2000
tep,0,0,CASIM-prefix,spurious_events,0.8,0.1666667,0.7495,2000
tep,0,0,CASIM-prefix,spurious_events,0.8,0.3333333,0.7495,2000
tep,0,0,CASIM-prefix,spurious_events,0.8,0.5,0.597,2000
tep,0,0,CASIM-prefix,spurious_events,0.8,0.6666667,0.6025,2000
tep,0,0,CASIM-prefix,spurious_events,0.8,0.8333333,0.6955,2000
tep,0,0,CASIM-prefix,spurious_events,0.8,1.0,0.7005,2000
tep,0,0,CASIM-prefix,spurious_events,0.9,0.1666667,0.7175,2000
tep,0,0,CASIM-prefix,spurious_events,0.9,0.3333333,0.7175,2000
tep,0,0,CASIM-prefix,spurious_events,0.9,0.5,0.563,2000
tep,0,0,CASIM-prefix,spurious_events,0.9,0.6666667,0.5765,2000
tep,0,0,CASIM-prefix,spurious_events,0.9,0.8333333,0.679,2000
tep,0,0,CASIM-prefix,spurious_events,0.9,1.0,0.6495,2000
tep,0,0,CASIM-prefix,timing_uncertainty,0.0,0.1666667,0.93,2000
tep,0,0,CASIM-prefix,timing_uncertainty,0.0,0.3333333,0.93,2000
tep,0,0,CASIM-prefix,timing_uncertainty,0.0,0.5,0.97,2000
tep,0,0,CASIM-prefix,timing_uncertainty,0.0,0.6666667,0.99,2000
tep,0,0,CASIM-prefix,timing_uncertainty,0.0,0.8333333,1.0,2000
tep,0,0,CASIM-prefix,timing_uncertainty,0.0,1.0,1.0,2000
tep,0,0,CASIM-prefix,timing_uncertainty,0.05,0.1666667,0.9295,2000
tep,0,0,CASIM-prefix,timing_uncertainty,0.05,0.3333333,0.9295,2000
tep,0,0,CASIM-prefix,timing_uncertainty,0.05,0.5,0.969,2000
tep,0,0,CASIM-prefix,timing_uncertainty,0.05,0.6666667,0.99,2000
tep,0,0,CASIM-prefix,timing_uncertainty,0.05,0.8333333,1.0,2000
tep,0,0,CASIM-prefix,timing_uncertainty,0.05,1.0,1.0,2000
tep,0,0,CASIM-prefix,timing_uncertainty,0.1,0.1666667,0.9265,2000
tep,0,0,CASIM-prefix,timing_uncertainty,0.1,0.3333333,0.9265,2000
tep,0,0,CASIM-prefix,timing_uncertainty,0.1,0.5,0.9655,2000
tep,0,0,CASIM-prefix,timing_uncertainty,0.1,0.6666667,0.9895,2000
tep,0,0,CASIM-prefix,timing_uncertainty,0.1,0.8333333,1.0,2000
tep,0,0,CASIM-prefix,timing_uncertainty,0.1,1.0,1.0,2000
tep,0,0,CASIM-prefix,timing_uncertainty,0.15,0.1666667,0.9295,2000
tep,0,0,CASIM-prefix,timing_uncertainty,0.15,0.3333333,0.9295,2000
tep,0,0,CASIM-prefix,timing_uncertainty,0.15,0.5,0.957,2000
tep,0,0,CASIM-prefix,timing_uncertainty,0.15,0.6666667,0.9895,2000
tep,0,0,CASIM-prefix,timing_uncertainty,0.15,0.8333333,0.9985,2000
tep,0,0,CASIM-prefix,timing_uncertainty,0.15,1.0,1.0,2000
tep,0,0,CASIM-prefix,timing_uncertainty,0.2,0.1666667,0.9275,2000
tep,0,0,CASIM-prefix,timing_uncertainty,0.2,0.3333333,0.9275,2000
tep,0,0,CASIM-prefix,timing_uncertainty,0.2,0.5,0.949,2000
tep,0,0,CASIM-prefix,timing_uncertainty,0.2,0.6666667,0.9885,2000
tep,0,0,CASIM-prefix,timing_uncertainty,0.2,0.8333333,0.9965,2000
tep,0,0,CASIM-prefix,timing_uncertainty,0.2,1.0,0.9985,2000
tep,0,0,CASIM-prefix,timing_uncertainty,0.25,0.1666667,0.9215,2000
tep,0,0,CASIM-prefix,timing_uncertainty,0.25,0.3333333,0.9215,2000
tep,0,0,CASIM-prefix,timing_uncertainty,0.25,0.5,0.9465,2000
tep,0,0,CASIM-prefix,timing_uncertainty,0.25,0.6666667,0.985,2000
tep,0,0,CASIM-prefix,timing_uncertainty,0.25,0.8333333,0.993,2000
tep,0,0,CASIM-prefix,timing_uncertainty,0.25,1.0,0.999,2000
tep,0,0,CASIM-prefix,timing_uncertainty,0.3,0.1666667,0.9185,2000
tep,0,0,CASIM-prefix,timing_uncertainty,0.3,0.3333333,0.9185,2000
tep,0,0,CASIM-prefix,timing_uncertainty,0.3,0.5,0.941,2000
tep,0,0,CASIM-prefix,timing_uncertainty,0.3,0.6666667,0.9765,2000
tep,0,0,CASIM-prefix,timing_uncertainty,0.3,0.8333333,0.9925,2000
tep,0,0,CASIM-prefix,timing_uncertainty,0.3,1.0,0.9975,2000
tep,0,0,CASIM-prefix,timing_uncertainty,0.4,0.1666667,0.9215,2000
tep,0,0,CASIM-prefix,timing_uncertainty,0.4,0.3333333,0.9215,2000
tep,0,0,CASIM-prefix,timing_uncertainty,0.4,0.5,0.934,2000
tep,0,0,CASIM-prefix,timing_uncertainty,0.4,0.6666667,0.966,2000
tep,0,0,CASIM-prefix,timing_uncertainty,0.4,0.8333333,0.984,2000
tep,0,0,CASIM-prefix,timing_uncertainty,0.4,1.0,0.9955,2000
tep,0,0,CASIM-prefix,timing_uncertainty,0.5,0.1666667,0.9075,2000
tep,0,0,CASIM-prefix,timing_uncertainty,0.5,0.3333333,0.9075,2000
tep,0,0,CASIM-prefix,timing_uncertainty,0.5,0.5,0.9395,2000
tep,0,0,CASIM-prefix,timing_uncertainty,0.5,0.6666667,0.936,2000
tep,0,0,CASIM-prefix,timing_uncertainty,0.5,0.8333333,0.9815,2000
tep,0,0,CASIM-prefix,timing_uncertainty,0.5,1.0,0.998,2000
tep,0,0,CASIM-prefix,timing_uncertainty,0.6,0.1666667,0.9015,2000
tep,0,0,CASIM-prefix,timing_uncertainty,0.6,0.3333333,0.9015,2000
tep,0,0,CASIM-prefix,timing_uncertainty,0.6,0.5,0.9285,2000
tep,0,0,CASIM-prefix,timing_uncertainty,0.6,0.6666667,0.92,2000
tep,0,0,CASIM-prefix,timing_uncertainty,0.6,0.8333333,0.9715,2000
tep,0,0,CASIM-prefix,timing_uncertainty,0.6,1.0,0.996,2000
tep,0,0,CASIM-prefix,timing_uncertainty,0.7,0.1666667,0.879,2000
tep,0,0,CASIM-prefix,timing_uncertainty,0.7,0.3333333,0.879,2000
tep,0,0,CASIM-prefix,timing_uncertainty,0.7,0.5,0.922,2000
tep,0,0,CASIM-prefix,timing_uncertainty,0.7,0.6666667,0.916,2000
tep,0,0,CASIM-prefix,timing_uncertainty,0.7,0.8333333,0.9645,2000
tep,0,0,CASIM-prefix,timing_uncertainty,0.7,1.0,0.9905,2000
tep,0,0,CASIM-prefix,timing_uncertainty,0.8,0.1666667,0.8475,2000
tep,0,0,CASIM-prefix,timing_uncertainty,0.8,0.3333333,0.8475,2000
tep,0,0,CASIM-prefix,timing_uncertainty,0.8,0.5,0.9215,2000
tep,0,0,CASIM-prefix,timing_uncertainty,0.8,0.6666667,0.888,2000
tep,0,0,CASIM-prefix,timing_uncertainty,0.8,0.8333333,0.95,2000
tep,0,0,CASIM-prefix,timing_uncertainty,0.8,1.0,0.9875,2000
tep,0,0,CASIM-prefix,timing_uncertainty,0.9,0.1666667,0.804,2000
tep,0,0,CASIM-prefix,timing_uncertainty,0.9,0.3333333,0.804,2000
tep,0,0,CASIM-prefix,timing_uncertainty,0.9,0.5,0.91,2000
tep,0,0,CASIM-prefix,timing_uncertainty,0.9,0.6666667,0.8475,2000
tep,0,0,CASIM-prefix,timing_uncertainty,0.9,0.8333333,0.9475,2000
tep,0,0,CASIM-prefix,timing_uncertainty,0.9,1.0,0.9855,2000
tep,0,0,EAC-1NN,late_time_delay,0.0,0.1666667,0.595,2000
tep,0,0,EAC-1NN,late_time_delay,0.0,0.3333333,0.595,2000
tep,0,0,EAC-1NN,late_time_delay,0.0,0.5,0.685,2000
tep,0,0,EAC-1NN,late_time_delay,0.0,0.6666667,0.815,2000
tep,0,0,EAC-1NN,late_time_delay,0.0,0.8333333,0.88,2000
tep,0,0,EAC-1NN,late_time_delay,0.0,1.0,0.975,2000
tep,0,0,EAC-1NN,late_time_delay,0.05,0.1666667,0.57,2000
tep,0,0,EAC-1NN,late_time_delay,0.05,0.3333333,0.57,2000
tep,0,0,EAC-1NN,late_time_delay,0.05,0.5,0.705,2000
tep,0,0,EAC-1NN,late_time_delay,0.05,0.6666667,0.835,2000
tep,0,0,EAC-1NN,late_time_delay,0.05,0.8333333,0.91,2000
tep,0,0,EAC-1NN,late_time_delay,0.05,1.0,0.97,2000
tep,0,0,EAC-1NN,late_time_delay,0.1,0.1666667,0.645,2000
tep,0,0,EAC-1NN,late_time_delay,0.1,0.3333333,0.645,2000
tep,0,0,EAC-1NN,late_time_delay,0.1,0.5,0.77,2000
tep,0,0,EAC-1NN,late_time_delay,0.1,0.6666667,0.855,2000
tep,0,0,EAC-1NN,late_time_delay,0.1,0.8333333,0.925,2000
tep,0,0,EAC-1NN,late_time_delay,0.1,1.0,0.965,2000
tep,0,0,EAC-1NN,late_time_delay,0.15,0.1666667,0.56,2000
tep,0,0,EAC-1NN,late_time_delay,0.15,0.3333333,0.56,2000
tep,0,0,EAC-1NN,late_time_delay,0.15,0.5,0.785,2000
tep,0,0,EAC-1NN,late_time_delay,0.15,0.6666667,0.865,2000
tep,0,0,EAC-1NN,late_time_delay,0.15,0.8333333,0.95,2000
tep,0,0,EAC-1NN,late_time_delay,0.15,1.0,0.97,2000
tep,0,0,EAC-1NN,late_time_delay,0.2,0.1666667,0.575,2000
tep,0,0,EAC-1NN,late_time_delay,0.2,0.3333333,0.575,2000
tep,0,0,EAC-1NN,late_time_delay,0.2,0.5,0.795,2000
tep,0,0,EAC-1NN,late_time_delay,0.2,0.6666667,0.89,2000
tep,0,0,EAC-1NN,late_time_delay,0.2,0.8333333,0.89,2000
tep,0,0,EAC-1NN,late_time_delay,0.2,1.0,0.97,2000
tep,0,0,EAC-1NN,late_time_delay,0.25,0.1666667,0.62,2000
tep,0,0,EAC-1NN,late_time_delay,0.25,0.3333333,0.62,2000
tep,0,0,EAC-1NN,late_time_delay,0.25,0.5,0.815,2000
tep,0,0,EAC-1NN,late_time_delay,0.25,0.6666667,0.815,2000
tep,0,0,EAC-1NN,late_time_delay,0.25,0.8333333,0.895,2000
tep,0,0,EAC-1NN,late_time_delay,0.25,1.0,0.96,2000
tep,0,0,EAC-1NN,late_time_delay,0.3,0.1666667,0.68,2000
tep,0,0,EAC-1NN,late_time_delay,0.3,0.3333333,0.68,2000
tep,0,0,EAC-1NN,late_time_delay,0.3,0.5,0.835,2000
tep,0,0,EAC-1NN,late_time_delay,0.3,0.6666667,0.835,2000
tep,0,0,EAC-1NN,late_time_delay,0.3,0.8333333,0.895,2000
tep,0,0,EAC-1NN,late_time_delay,0.3,1.0,0.96,2000
tep,0,0,EAC-1NN,late_time_delay,0.4,0.1666667,0.71,2000
tep,0,0,EAC-1NN,late_time_delay,0.4,0.3333333,0.71,2000
tep,0,0,EAC-1NN,late_time_delay,0.4,0.5,0.71,2000
tep,0,0,EAC-1NN,late_time_delay,0.4,0.6666667,0.855,2000
tep,0,0,EAC-1NN,late_time_delay,0.4,0.8333333,0.855,2000
tep,0,0,EAC-1NN,late_time_delay,0.4,1.0,0.965,2000
tep,0,0,EAC-1NN,late_time_delay,0.5,0.1666667,0.725,2000
tep,0,0,EAC-1NN,late_time_delay,0.5,0.3333333,0.725,2000
tep,0,0,EAC-1NN,late_time_delay,0.5,0.5,0.725,2000
tep,0,0,EAC-1NN,late_time_delay,0.5,0.6666667,0.725,2000
tep,0,0,EAC-1NN,late_time_delay,0.5,0.8333333,0.875,2000
tep,0,0,EAC-1NN,late_time_delay,0.5,1.0,0.915,2000
tep,0,0,EAC-1NN,late_time_delay,0.6,0.1666667,0.755,2000
tep,0,0,EAC-1NN,late_time_delay,0.6,0.3333333,0.755,2000
tep,0,0,EAC-1NN,late_time_delay,0.6,0.5,0.755,2000
tep,0,0,EAC-1NN,late_time_delay,0.6,0.6666667,0.755,2000
tep,0,0,EAC-1NN,late_time_delay,0.6,0.8333333,0.755,2000
tep,0,0,EAC-1NN,late_time_delay,0.6,1.0,0.865,2000
tep,0,0,EAC-1NN,late_time_delay,0.7,0.1666667,0.76,2000
tep,0,0,EAC-1NN,late_time_delay,0.7,0.3333333,0.76,2000
tep,0,0,EAC-1NN,late_time_delay,0.7,0.5,0.76,2000
tep,0,0,EAC-1NN,late_time_delay,0.7,0.6666667,0.76,2000
tep,0,0,EAC-1NN,late_time_delay,0.7,0.8333333,0.76,2000
tep,0,0,EAC-1NN,late_time_delay,0.7,1.0,0.82,2000
tep,0,0,EAC-1NN,late_time_delay,0.8,0.1666667,0.72,2000
tep,0,0,EAC-1NN,late_time_delay,0.8,0.3333333,0.72,2000
tep,0,0,EAC-1NN,late_time_delay,0.8,0.5,0.72,2000
tep,0,0,EAC-1NN,late_time_delay,0.8,0.6666667,0.72,2000
tep,0,0,EAC-1NN,late_time_delay,0.8,0.8333333,0.72,2000
tep,0,0,EAC-1NN,late_time_delay,0.8,1.0,0.74,2000
tep,0,0,EAC-1NN,late_time_delay,0.9,0.1666667,0.65,2000
tep,0,0,EAC-1NN,late_time_delay,0.9,0.3333333,0.65,2000
tep,0,0,EAC-1NN,late_time_delay,0.9,0.5,0.65,2000
tep,0,0,EAC-1NN,late_time_delay,0.9,0.6666667,0.65,2000
tep,0,0,EAC-1NN,late_time_delay,0.9,0.8333333,0.65,2000
tep,0,0,EAC-1NN,late_time_delay,0.9,1.0,0.65,2000
tep,0,0,EAC-1NN,missing_events,0.0,0.1666667,0.595,2000
tep,0,0,EAC-1NN,missing_events,0.0,0.3333333,0.595,2000
tep,0,0,EAC-1NN,missing_events,0.0,0.5,0.685,2000
tep,0,0,EAC-1NN,missing_events,0.0,0.6666667,0.815,2000
tep,0,0,EAC-1NN,missing_events,0.0,0.8333333,0.88,2000
tep,0,0,EAC-1NN,missing_events,0.0,1.0,0.975,2000
tep,0,0,EAC-1NN,missing_events,0.05,0.1666667,0.595,2000
tep,0,0,EAC-1NN,missing_events,0.05,0.3333333,0.595,2000
tep,0,0,EAC-1NN,missing_events,0.05,0.5,0.675,2000
tep,0,0,EAC-1NN,missing_events,0.05,0.6666667,0.814,2000
tep,0,0,EAC-1NN,missing_events,0.05,0.8333333,0.883,2000
tep,0,0,EAC-1NN,missing_events,0.05,1.0,0.9765,2000
tep,0,0,EAC-1NN,missing_events,0.1,0.1666667,0.595,2000
tep,0,0,EAC-1NN,missing_events,0.1,0.3333333,0.595,2000
tep,0,0,EAC-1NN,missing_events,0.1,0.5,0.671,2000
tep,0,0,EAC-1NN,missing_events,0.1,0.6666667,0.8075,2000
tep,0,0,EAC-1NN,missing_events,0.1,0.8333333,0.876,2000
tep,0,0,EAC-1NN,missing_events,0.1,1.0,0.976,2000
tep,0,0,EAC-1NN,missing_events,0.15,0.1666667,0.589,2000
tep,0,0,EAC-1NN,missing_events,0.15,0.3333333,0.589,2000
tep,0,0,EAC-1NN,missing_events,0.15,0.5,0.6715,2000
tep,0,0,EAC-1NN,missing_events,0.15,0.6666667,0.812,2000
tep,0,0,EAC-1NN,missing_events,0.15,0.8333333,0.877,2000
tep,0,0,EAC-1NN,missing_events,0.15,1.0,0.9795,2000
tep,0,0,EAC-1NN,missing_events,0.2,0.1666667,0.5855,2000
tep,0,0,EAC-1NN,missing_events,0.2,0.3333333,0.5855,2000
tep,0,0,EAC-1NN,missing_events,0.2,0.5,0.6565,2000
tep,0,0,EAC-1NN,missing_events,0.2,0.6666667,0.8085,2000
tep,0,0,EAC-1NN,missing_events,0.2,0.8333333,0.872,2000
tep,0,0,EAC-1NN,missing_events,0.2,1.0,0.97,2000
tep,0,0,EAC-1NN,missing_events,0.25,0.1666667,0.582,2000
tep,0,0,EAC-1NN,missing_events,0.25,0.3333333,0.582,2000
tep,0,0,EAC-1NN,missing_events,0.25,0.5,0.6485,2000
tep,0,0,EAC-1NN,missing_events,0.25,0.6666667,0.7905,2000
tep,0,0,EAC-1NN,missing_events,0.25,0.8333333,0.8795,2000
tep,0,0,EAC-1NN,missing_events,0.25,1.0,0.971,2000
tep,0,0,EAC-1NN,missing_events,0.3,0.1666667,0.5855,2000
tep,0,0,EAC-1NN,missing_events,0.3,0.3333333,0.5855,2000
tep,0,0,EAC-1NN,missing_events,0.3,0.5,0.653,2000
tep,0,0,EAC-1NN,missing_events,0.3,0.6666667,0.7915,2000
tep,0,0,EAC-1NN,missing_events,0.3,0.8333333,0.871,2000
tep,0,0,EAC-1NN,missing_events,0.3,1.0,0.9725,2000
tep,0,0,EAC-1NN,missing_events,0.4,0.1666667,0.5765,2000
tep,0,0,EAC-1NN,missing_events,0.4,0.3333333,0.5765,2000
tep,0,0,EAC-1NN,missing_events,0.4,0.5,0.6375,2000
tep,0,0,EAC-1NN,missing_events,0.4,0.6666667,0.7775,2000
tep,0,0,EAC-1NN,missing_events,0.4,0.8333333,0.8425,2000
tep,0,0,EAC-1NN,missing_events,0.4,1.0,0.9645,2000
tep,0,0,EAC-1NN,missing_events,0.5,0.1666667,0.5615,2000
tep,0,0,EAC-1NN,missing_events,0.5,0.3333333,0.5615,2000
tep,0,0,EAC-1NN,missing_events,0.5,0.5,0.6135,2000
tep,0,0,EAC-1NN,missing_events,0.5,0.6666667,0.765,2000
tep,0,0,EAC-1NN,missing_events,0.5,0.8333333,0.8465,2000
tep,0,0,EAC-1NN,missing_events,0.5,1.0,0.944,2000
tep,0,0,EAC-1NN,missing_events,0.6,0.1666667,0.5295,2000
tep,0,0,EAC-1NN,missing_events,0.6,0.3333333,0.5295,2000
tep,0,0,EAC-1NN,missing_events,0.6,0.5,0.5985,2000
tep,0,0,EAC-1NN,missing_events,0.6,0.6666667,0.7385,2000
tep,0,0,EAC-1NN,missing_events,0.6,0.8333333,0.8145,2000
tep,0,0,EAC-1NN,missing_events,0.6,1.0,0.931,2000
tep,0,0,EAC-1NN,missing_events,0.7,0.1666667,0.4825,2000
tep,0,0,EAC-1NN,missing_events,0.7,0.3333333,0.4825,2000
tep,0,0,EAC-1NN,missing_events,0.7,0.5,0.5695,2000
tep,0,0,EAC-1NN,missing_events,0.7,0.6666667,0.7095,2000
tep,0,0,EAC-1NN,missing_events,0.7,0.8333333,0.779,2000
tep,0,0,EAC-1NN,missing_events,0.7,1.0,0.9025,2000
tep,0,0,EAC-1NN,missing_events,0.8,0.1666667,0.45,2000
tep,0,0,EAC-1NN,missing_events,0.8,0.3333333,0.45,2000
tep,0,0,EAC-1NN,missing_events,0.8,0.5,0.5145,2000
tep,0,0,EAC-1NN,missing_events,0.8,0.6666667,0.647,2000
tep,0,0,EAC-1NN,missing_events,0.8,0.8333333,0.7165,2000
tep,0,0,EAC-1NN,missing_events,0.8,1.0,0.84,2000
tep,0,0,EAC-1NN,missing_events,0.9,0.1666667,0.37,2000
tep,0,0,EAC-1NN,missing_events,0.9,0.3333333,0.37,2000
tep,0,0,EAC-1NN,missing_events,0.9,0.5,0.426,2000
tep,0,0,EAC-1NN,missing_events,0.9,0.6666667,0.515,2000
tep,0,0,EAC-1NN,missing_events,0.9,0.8333333,0.572,2000
tep,0,0,EAC-1NN,missing_events,0.9,1.0,0.751,2000
tep,0,0,EAC-1NN,mixed_missing_spurious,0.0,0.1666667,0.595,2000
tep,0,0,EAC-1NN,mixed_missing_spurious,0.0,0.3333333,0.595,2000
tep,0,0,EAC-1NN,mixed_missing_spurious,0.0,0.5,0.685,2000
tep,0,0,EAC-1NN,mixed_missing_spurious,0.0,0.6666667,0.815,2000
tep,0,0,EAC-1NN,mixed_missing_spurious,0.0,0.8333333,0.88,2000
tep,0,0,EAC-1NN,mixed_missing_spurious,0.0,1.0,0.975,2000
tep,0,0,EAC-1NN,mixed_missing_spurious,0.05,0.1666667,0.5885,2000
tep,0,0,EAC-1NN,mixed_missing_spurious,0.05,0.3333333,0.5885,2000
tep,0,0,EAC-1NN,mixed_missing_spurious,0.05,0.5,0.6785,2000
tep,0,0,EAC-1NN,mixed_missing_spurious,0.05,0.6666667,0.803,2000
tep,0,0,EAC-1NN,mixed_missing_spurious,0.05,0.8333333,0.8725,2000
tep,0,0,EAC-1NN,mixed_missing_spurious,0.05,1.0,0.9735,2000
tep,0,0,EAC-1NN,mixed_missing_spurious,0.1,0.1666667,0.583,2000
tep,0,0,EAC-1NN,mixed_missing_spurious,0.1,0.3333333,0.583,2000
tep,0,0,EAC-1NN,mixed_missing_spurious,0.1,0.5,0.675,2000
tep,0,0,EAC-1NN,mixed_missing_spurious,0.1,0.6666667,0.81,2000
tep,0,0,EAC-1NN,mixed_missing_spurious,0.1,0.8333333,0.8745,2000
tep,0,0,EAC-1NN,mixed_missing_spurious,0.1,1.0,0.97,2000
tep,0,0,EAC-1NN,mixed_missing_spurious,0.15,0.1666667,0.5655,2000
tep,0,0,EAC-1NN,mixed_missing_spurious,0.15,0.3333333,0.5655,2000
tep,0,0,EAC-1NN,mixed_missing_spurious,0.15,0.5,0.67,2000
tep,0,0,EAC-1NN,mixed_missing_spurious,0.15,0.6666667,0.8045,2000
tep,0,0,EAC-1NN,mixed_missing_spurious,0.15,0.8333333,0.869,2000
tep,0,0,EAC-1NN,mixed_missing_spurious,0.15,1.0,0.9665,2000
tep,0,0,EAC-1NN,mixed_missing_spurious,0.2,0.1666667,0.5515,2000
tep,0,0,EAC-1NN,mixed_missing_spurious,0.2,0.3333333,0.5515,2000
tep,0,0,EAC-1NN,mixed_missing_spurious,0.2,0.5,0.66,2000
tep,0,0,EAC-1NN,mixed_missing_spurious,0.2,0.6666667,0.778,2000
tep,0,0,EAC-1NN,mixed_missing_spurious,0.2,0.8333333,0.8515,2000
tep,0,0,EAC-1NN,mixed_missing_spurious,0.2,1.0,0.968,2000
tep,0,0,EAC-1NN,mixed_missing_spurious,0.25,0.1666667,0.541,2000
tep,0,0,EAC-1NN,mixed_missing_spurious,0.25,0.3333333,0.541,2000
tep,0,0,EAC-1NN,mixed_missing_spurious,0.25,0.5,0.658,2000
tep,0,0,EAC-1NN,mixed_missing_spurious,0.25,0.6666667,0.781,2000
tep,0,0,EAC-1NN,mixed_missing_spurious,0.25,0.8333333,0.852,2000
tep,0,0,EAC-1NN,mixed_missing_spurious,0.25,1.0,0.9625,2000
tep,0,0,EAC-1NN,mixed_missing_spurious,0.3,0.1666667,0.539,2000
tep,0,0,EAC-1NN,mixed_missing_spurious,0.3,0.3333333,0.539,2000
tep,0,0,EAC-1NN,mixed_missing_spurious,0.3,0.5,0.625,2000
tep,0,0,EAC-1NN,mixed_missing_spurious,0.3,0.6666667,0.7555,2000
tep,0,0,EAC-1NN,mixed_missing_spurious,0.3,0.8333333,0.828,2000
tep,0,0,EAC-1NN,mixed_missing_spurious,0.3,1.0,0.958,2000
tep,0,0,EAC-1NN,mixed_missing_spurious,0.4,0.1666667,0.5295,2000
tep,0,0,EAC-1NN,mixed_missing_spurious,0.4,0.3333333,0.5295,2000
tep,0,0,EAC-1NN,mixed_missing_spurious,0.4,0.5,0.6055,2000
tep,0,0,EAC-1NN,mixed_missing_spurious,0.4,0.6666667,0.7265,2000
tep,0,0,EAC-1NN,mixed_missing_spurious,0.4,0.8333333,0.8065,2000
tep,0,0,EAC-1NN,mixed_missing_spurious,0.4,1.0,0.9295,2000
tep,0,0,EAC-1NN,mixed_missing_spurious,0.5,0.1666667,0.476,2000
tep,0,0,EAC-1NN,mixed_missing_spurious,0.5,0.3333333,0.476,2000
tep,0,0,EAC-1NN,mixed_missing_spurious,0.5,0.5,0.5835,2000
tep,0,0,EAC-1NN,mixed_missing_spurious,0.5,0.6666667,0.684,2000
tep,0,0,EAC-1NN,mixed_missing_spurious,0.5,0.8333333,0.761,2000
tep,0,0,EAC-1NN,mixed_missing_spurious,0.5,1.0,0.9095,2000
tep,0,0,EAC-1NN,mixed_missing_spurious,0.6,0.1666667,0.4545,2000
tep,0,0,EAC-1NN,mixed_missing_spurious,0.6,0.3333333,0.4545,2000
tep,0,0,EAC-1NN,mixed_missing_spurious,0.6,0.5,0.555,2000
tep,0,0,EAC-1NN,mixed_missing_spurious,0.6,0.6666667,0.6485,2000
tep,0,0,EAC-1NN,mixed_missing_spurious,0.6,0.8333333,0.7125,2000
tep,0,0,EAC-1NN,mixed_missing_spurious,0.6,1.0,0.8465,2000
tep,0,0,EAC-1NN,mixed_missing_spurious,0.7,0.1666667,0.417,2000
tep,0,0,EAC-1NN,mixed_missing_spurious,0.7,0.3333333,0.417,2000
tep,0,0,EAC-1NN,mixed_missing_spurious,0.7,0.5,0.478,2000
tep,0,0,EAC-1NN,mixed_missing_spurious,0.7,0.6666667,0.574,2000
tep,0,0,EAC-1NN,mixed_missing_spurious,0.7,0.8333333,0.6395,2000
tep,0,0,EAC-1NN,mixed_missing_spurious,0.7,1.0,0.7785,2000
tep,0,0,EAC-1NN,mixed_missing_spurious,0.8,0.1666667,0.414,2000
tep,0,0,EAC-1NN,mixed_missing_spurious,0.8,0.3333333,0.414,2000
tep,0,0,EAC-1NN,mixed_missing_spurious,0.8,0.5,0.4755,2000
tep,0,0,EAC-1NN,mixed_missing_spurious,0.8,0.6666667,0.5515,2000
tep,0,0,EAC-1NN,mixed_missing_spurious,0.8,0.8333333,0.616,2000
tep,0,0,EAC-1NN,mixed_missing_spurious,0.8,1.0,0.72,2000
tep,0,0,EAC-1NN,mixed_missing_spurious,0.9,0.1666667,0.381,2000
tep,0,0,EAC-1NN,mixed_missing_spurious,0.9,0.3333333,0.381,2000
tep,0,0,EAC-1NN,mixed_missing_spurious,0.9,0.5,0.4155,2000
tep,0,0,EAC-1NN,mixed_missing_spurious,0.9,0.6666667,0.4645,2000
tep,0,0,EAC-1NN,mixed_missing_spurious,0.9,0.8333333,0.521,2000
tep,0,0,EAC-1NN,mixed_missing_spurious,0.9,1.0,0.629,2000
tep,0,0,EAC-1NN,mixed_spurious_timing_late,0.0,0.1666667,0.595,2000
tep,0,0,EAC-1NN,mixed_spurious_timing_late,0.0,0.3333333,0.595,2000
tep,0,0,EAC-1NN,mixed_spurious_timing_late,0.0,0.5,0.685,2000
tep,0,0,EAC-1NN,mixed_spurious_timing_late,0.0,0.6666667,0.815,2000
tep,0,0,EAC-1NN,mixed_spurious_timing_late,0.0,0.8333333,0.88,2000
tep,0,0,EAC-1NN,mixed_spurious_timing_late,0.0,1.0,0.975,2000
tep,0,0,EAC-1NN,mixed_spurious_timing_late,0.05,0.1666667,0.56,2000
tep,0,0,EAC-1NN,mixed_spurious_timing_late,0.05,0.3333333,0.56,2000
tep,0,0,EAC-1NN,mixed_spurious_timing_late,0.05,0.5,0.7015,2000
tep,0,0,EAC-1NN,mixed_spurious_timing_late,0.05,0.6666667,0.8255,2000
tep,0,0,EAC-1NN,mixed_spurious_timing_late,0.05,0.8333333,0.9085,2000
tep,0,0,EAC-1NN,mixed_spurious_timing_late,0.05,1.0,0.9725,2000
tep,0,0,EAC-1NN,mixed_spurious_timing_late,0.1,0.1666667,0.63,2000
tep,0,0,EAC-1NN,mixed_spurious_timing_late,0.1,0.3333333,0.63,2000
tep,0,0,EAC-1NN,mixed_spurious_timing_late,0.1,0.5,0.7665,2000
tep,0,0,EAC-1NN,mixed_spurious_timing_late,0.1,0.6666667,0.8365,2000
tep,0,0,EAC-1NN,mixed_spurious_timing_late,0.1,0.8333333,0.9225,2000
tep,0,0,EAC-1NN,mixed_spurious_timing_late,0.1,1.0,0.973,2000
tep,0,0,EAC-1NN,mixed_spurious_timing_late,0.15,0.1666667,0.546,2000
tep,0,0,EAC-1NN,mixed_spurious_timing_late,0.15,0.3333333,0.546,2000
tep,0,0,EAC-1NN,mixed_spurious_timing_late,0.15,0.5,0.7525,2000
tep,0,0,EAC-1NN,mixed_spurious_timing_late,0.15,0.6666667,0.839,2000
tep,0,0,EAC-1NN,mixed_spurious_timing_late,0.15,0.8333333,0.938,2000
tep,0,0,EAC-1NN,mixed_spurious_timing_late,0.15,1.0,0.9755,2000
tep,0,0,EAC-1NN,mixed_spurious_timing_late,0.2,0.1666667,0.5565,2000
tep,0,0,EAC-1NN,mixed_spurious_timing_late,0.2,0.3333333,0.5565,2000
tep,0,0,EAC-1NN,mixed_spurious_timing_late,0.2,0.5,0.749,2000
tep,0,0,EAC-1NN,mixed_spurious_timing_late,0.2,0.6666667,0.8625,2000
tep,0,0,EAC-1NN,mixed_spurious_timing_late,0.2,0.8333333,0.8625,2000
tep,0,0,EAC-1NN,mixed_spurious_timing_late,0.2,1.0,0.9705,2000
tep,0,0,EAC-1NN,mixed_spurious_timing_late,0.25,0.1666667,0.5705,2000
tep,0,0,EAC-1NN,mixed_spurious_timing_late,0.25,0.3333333,0.5705,2000
tep,0,0,EAC-1NN,mixed_spurious_timing_late,0.25,0.5,0.7455,2000
tep,0,0,EAC-1NN,mixed_spurious_timing_late,0.25,0.6666667,0.7455,2000
tep,0,0,EAC-1NN,mixed_spurious_timing_late,0.25,0.8333333,0.845,2000
tep,0,0,EAC-1NN,mixed_spurious_timing_late,0.25,1.0,0.9535,2000
tep,0,0,EAC-1NN,mixed_spurious_timing_late,0.3,0.1666667,0.6025,2000
tep,0,0,EAC-1NN,mixed_spurious_timing_late,0.3,0.3333333,0.6025,2000
tep,0,0,EAC-1NN,mixed_spurious_timing_late,0.3,0.5,0.7565,2000
tep,0,0,EAC-1NN,mixed_spurious_timing_late,0.3,0.6666667,0.7565,2000
tep,0,0,EAC-1NN,mixed_spurious_timing_late,0.3,0.8333333,0.876,2000
tep,0,0,EAC-1NN,mixed_spurious_timing_late,0.3,1.0,0.9535,2000
tep,0,0,EAC-1NN,mixed_spurious_timing_late,0.4,0.1666667,0.6135,2000
tep,0,0,EAC-1NN,mixed_spurious_timing_late,0.4,0.3333333,0.6135,2000
tep,0,0,EAC-1NN,mixed_spurious_timing_late,0.4,0.5,0.6135,2000
tep,0,0,EAC-1NN,mixed_spurious_timing_late,0.4,0.6666667,0.7725,2000
tep,0,0,EAC-1NN,mixed_spurious_timing_late,0.4,0.8333333,0.7725,2000
tep,0,0,EAC-1NN,mixed_spurious_timing_late,0.4,1.0,0.9225,2000
tep,0,0,EAC-1NN,mixed_spurious_timing_late,0.5,0.1666667,0.6485,2000
tep,0,0,EAC-1NN,mixed_spurious_timing_late,0.5,0.3333333,0.6485,2000
tep,0,0,EAC-1NN,mixed_spurious_timing_late,0.5,0.5,0.6485,2000
tep,0,0,EAC-1NN,mixed_spurious_timing_late,0.5,0.6666667,0.6485,2000
tep,0,0,EAC-1NN,mixed_spurious_timing_late,0.5,0.8333333,0.8095,2000
tep,0,0,EAC-1NN,mixed_spurious_timing_late,0.5,1.0,0.8755,2000
tep,0,0,EAC-1NN,mixed_spurious_timing_late,0.6,0.1666667,0.644,2000
tep,0,0,EAC-1NN,mixed_spurious_timing_late,0.6,0.3333333,0.644,2000
tep,0,0,EAC-1NN,mixed_spurious_timing_late,0.6,0.5,0.644,2000
tep,0,0,EAC-1NN,mixed_spurious_timing_late,0.6,0.6666667,0.644,2000
tep,0,0,EAC-1NN,mixed_spurious_timing_late,0.6,0.8333333,0.644,2000
tep,0,0,EAC-1NN,mixed_spurious_timing_late,0.6,1.0,0.7765,2000
tep,0,0,EAC-1NN,mixed_spurious_timing_late,0.7,0.1666667,0.612,2000
tep,0,0,EAC-1NN,mixed_spurious_timing_late,0.7,0.3333333,0.612,2000
tep,0,0,EAC-1NN,mixed_spurious_timing_late,0.7,0.5,0.612,2000
tep,0,0,EAC-1NN,mixed_spurious_timing_late,0.7,0.6666667,0.612,2000
tep,0,0,EAC-1NN,mixed_spurious_timing_late,0.7,0.8333333,0.612,2000
tep,0,0,EAC-1NN,mixed_spurious_timing_late,0.7,1.0,0.708,2000
tep,0,0,EAC-1NN,mixed_spurious_timing_late,0.8,0.1666667,0.6045,2000
tep,0,0,EAC-1NN,mixed_spurious_timing_late,0.8,0.3333333,0.6045,2000
tep,0,0,EAC-1NN,mixed_spurious_timing_late,0.8,0.5,0.6045,2000
tep,0,0,EAC-1NN,mixed_spurious_timing_late,0.8,0.6666667,0.6045,2000
tep,0,0,EAC-1NN,mixed_spurious_timing_late,0.8,0.8333333,0.6045,2000
tep,0,0,EAC-1NN,mixed_spurious_timing_late,0.8,1.0,0.6145,2000
tep,0,0,EAC-1NN,mixed_spurious_timing_late,0.9,0.1666667,0.5215,2000
tep,0,0,EAC-1NN,mixed_spurious_timing_late,0.9,0.3333333,0.5215,2000
tep,0,0,EAC-1NN,mixed_spurious_timing_late,0.9,0.5,0.5215,2000
tep,0,0,EAC-1NN,mixed_spurious_timing_late,0.9,0.6666667,0.5215,2000
tep,0,0,EAC-1NN,mixed_spurious_timing_late,0.9,0.8333333,0.5215,2000
tep,0,0,EAC-1NN,mixed_spurious_timing_late,0.9,1.0,0.5215,2000
tep,0,0,EAC-1NN,spurious_events,0.0,0.1666667,0.595,2000
tep,0,0,EAC-1NN,spurious_events,0.0,0.3333333,0.595,2000
tep,0,0,EAC-1NN,spurious_events,0.0,0.5,0.685,2000
tep,0,0,EAC-1NN,spurious_events,0.0,0.6666667,0.815,2000
tep,0,0,EAC-1NN,spurious_events,0.0,0.8333333,0.88,2000
tep,0,0,EAC-1NN,spurious_events,0.0,1.0,0.975,2000
tep,0,0,EAC-1NN,spurious_events,0.05,0.1666667,0.592,2000
tep,0,0,EAC-1NN,spurious_events,0.05,0.3333333,0.592,2000
tep,0,0,EAC-1NN,spurious_events,0.05,0.5,0.676,2000
tep,0,0,EAC-1NN,spurious_events,0.05,0.6666667,0.808,2000
tep,0,0,EAC-1NN,spurious_events,0.05,0.8333333,0.8765,2000
tep,0,0,EAC-1NN,spurious_events,0.05,1.0,0.973,2000
tep,0,0,EAC-1NN,spurious_events,0.1,0.1666667,0.5805,2000
tep,0,0,EAC-1NN,spurious_events,0.1,0.3333333,0.5805,2000
tep,0,0,EAC-1NN,spurious_events,0.1,0.5,0.678,2000
tep,0,0,EAC-1NN,spurious_events,0.1,0.6666667,0.8045,2000
tep,0,0,EAC-1NN,spurious_events,0.1,0.8333333,0.873,2000
tep,0,0,EAC-1NN,spurious_events,0.1,1.0,0.9775,2000
tep,0,0,EAC-1NN,spurious_events,0.15,0.1666667,0.5705,2000
tep,0,0,EAC-1NN,spurious_events,0.15,0.3333333,0.5705,2000
tep,0,0,EAC-1NN,spurious_events,0.15,0.5,0.6675,2000
tep,0,0,EAC-1NN,spurious_events,0.15,0.6666667,0.8045,2000
tep,0,0,EAC-1NN,spurious_events,0.15,0.8333333,0.8615,2000
tep,0,0,EAC-1NN,spurious_events,0.15,1.0,0.9775,2000
tep,0,0,EAC-1NN,spurious_events,0.2,0.1666667,0.56,2000
tep,0,0,EAC-1NN,spurious_events,0.2,0.3333333,0.56,2000
tep,0,0,EAC-1NN,spurious_events,0.2,0.5,0.6715,2000
tep,0,0,EAC-1NN,spurious_events,0.2,0.6666667,0.799,2000
tep,0,0,EAC-1NN,spurious_events,0.2,0.8333333,0.854,2000
tep,0,0,EAC-1NN,spurious_events,0.2,1.0,0.975,2000
tep,0,0,EAC-1NN,spurious_events,0.25,0.1666667,0.5545,2000
tep,0,0,EAC-1NN,spurious_events,0.25,0.3333333,0.5545,2000
tep,0,0,EAC-1NN,spurious_events,0.25,0.5,0.6755,2000
tep,0,0,EAC-1NN,spurious_events,0.25,0.6666667,0.793,2000
tep,0,0,EAC-1NN,spurious_events,0.25,0.8333333,0.8545,2000
tep,0,0,EAC-1NN,spurious_events,0.25,1.0,0.9715,2000
tep,0,0,EAC-1NN,spurious_events,0.3,0.1666667,0.5215,2000
tep,0,0,EAC-1NN,spurious_events,0.3,0.3333333,0.5215,2000
tep,0,0,EAC-1NN,spurious_events,0.3,0.5,0.661,2000
tep,0,0,EAC-1NN,spurious_events,0.3,0.6666667,0.784,2000
tep,0,0,EAC-1NN,spurious_events,0.3,0.8333333,0.8415,2000
tep,0,0,EAC-1NN,spurious_events,0.3,1.0,0.971,2000
tep,0,0,EAC-1NN,spurious_events,0.4,0.1666667,0.5025,2000
tep,0,0,EAC-1NN,spurious_events,0.4,0.3333333,0.5025,2000
tep,0,0,EAC-1NN,spurious_events,0.4,0.5,0.6375,2000
tep,0,0,EAC-1NN,spurious_events,0.4,0.6666667,0.761,2000
tep,0,0,EAC-1NN,spurious_events,0.4,0.8333333,0.824,2000
tep,0,0,EAC-1NN,spurious_events,0.4,1.0,0.961,2000
tep,0,0,EAC-1NN,spurious_events,0.5,0.1666667,0.5155,2000
tep,0,0,EAC-1NN,spurious_events,0.5,0.3333333,0.5155,2000
tep,0,0,EAC-1NN,spurious_events,0.5,0.5,0.6405,2000
tep,0,0,EAC-1NN,spurious_events,0.5,0.6666667,0.745,2000
tep,0,0,EAC-1NN,spurious_events,0.5,0.8333333,0.7985,2000
tep,0,0,EAC-1NN,spurious_events,0.5,1.0,0.948,2000
tep,0,0,EAC-1NN,spurious_events,0.6,0.1666667,0.493,2000
tep,0,0,EAC-1NN,spurious_events,0.6,0.3333333,0.493,2000
tep,0,0,EAC-1NN,spurious_events,0.6,0.5,0.6265,2000
tep,0,0,EAC-1NN,spurious_events,0.6,0.6666667,0.722,2000
tep,0,0,EAC-1NN,spurious_events,0.6,0.8333333,0.787,2000
tep,0,0,EAC-1NN,spurious_events,0.6,1.0,0.937,2000
tep,0,0,EAC-1NN,spurious_events,0.7,0.1666667,0.49,2000
tep,0,0,EAC-1NN,spurious_events,0.7,0.3333333,0.49,2000
tep,0,0,EAC-1NN,spurious_events,0.7,0.5,0.618,2000
tep,0,0,EAC-1NN,spurious_events,0.7,0.6666667,0.726,2000
tep,0,0,EAC-1NN,spurious_events,0.7,0.8333333,0.7735,2000
tep,0,0,EAC-1NN,spurious_events,0.7,1.0,0.915,2000
tep,0,0,EAC-1NN,spurious_events,0.8,0.1666667,0.478,2000
tep,0,0,EAC-1NN,spurious_events,0.8,0.3333333,0.478,2000
tep,0,0,EAC-1NN,spurious_events,0.8,0.5,0.616,2000
tep,0,0,EAC-1NN,spurious_events,0.8,0.6666667,0.691,2000
tep,0,0,EAC-1NN,spurious_events,0.8,0.8333333,0.728,2000
tep,0,0,EAC-1NN,spurious_events,0.8,1.0,0.88,2000
tep,0,0,EAC-1NN,spurious_events,0.9,0.1666667,0.471,2000
tep,0,0,EAC-1NN,spurious_events,0.9,0.3333333,0.471,2000
tep,0,0,EAC-1NN,spurious_events,0.9,0.5,0.5985,2000
tep,0,0,EAC-1NN,spurious_events,0.9,0.6666667,0.6745,2000
tep,0,0,EAC-1NN,spurious_events,0.9,0.8333333,0.724,2000
tep,0,0,EAC-1NN,spurious_events,0.9,1.0,0.856,2000
tep,0,0,EAC-1NN,timing_uncertainty,0.0,0.1666667,0.595,2000
tep,0,0,EAC-1NN,timing_uncertainty,0.0,0.3333333,0.595,2000
tep,0,0,EAC-1NN,timing_uncertainty,0.0,0.5,0.685,2000
tep,0,0,EAC-1NN,timing_uncertainty,0.0,0.6666667,0.815,2000
tep,0,0,EAC-1NN,timing_uncertainty,0.0,0.8333333,0.88,2000
tep,0,0,EAC-1NN,timing_uncertainty,0.0,1.0,0.975,2000
tep,0,0,EAC-1NN,timing_uncertainty,0.05,0.1666667,0.596,2000
tep,0,0,EAC-1NN,timing_uncertainty,0.05,0.3333333,0.596,2000
tep,0,0,EAC-1NN,timing_uncertainty,0.05,0.5,0.684,2000
tep,0,0,EAC-1NN,timing_uncertainty,0.05,0.6666667,0.813,2000
tep,0,0,EAC-1NN,timing_uncertainty,0.05,0.8333333,0.8755,2000
tep,0,0,EAC-1NN,timing_uncertainty,0.05,1.0,0.974,2000
tep,0,0,EAC-1NN,timing_uncertainty,0.1,0.1666667,0.5995,2000
tep,0,0,EAC-1NN,timing_uncertainty,0.1,0.3333333,0.5995,2000
tep,0,0,EAC-1NN,timing_uncertainty,0.1,0.5,0.6855,2000
tep,0,0,EAC-1NN,timing_uncertainty,0.1,0.6666667,0.818,2000
tep,0,0,EAC-1NN,timing_uncertainty,0.1,0.8333333,0.8775,2000
tep,0,0,EAC-1NN,timing_uncertainty,0.1,1.0,0.9745,2000
tep,0,0,EAC-1NN,timing_uncertainty,0.15,0.1666667,0.5945,2000
tep,0,0,EAC-1NN,timing_uncertainty,0.15,0.3333333,0.5945,2000
tep,0,0,EAC-1NN,timing_uncertainty,0.15,0.5,0.6765,2000
tep,0,0,EAC-1NN,timing_uncertainty,0.15,0.6666667,0.8135,2000
tep,0,0,EAC-1NN,timing_uncertainty,0.15,0.8333333,0.879,2000
tep,0,0,EAC-1NN,timing_uncertainty,0.15,1.0,0.976,2000
tep,0,0,EAC-1NN,timing_uncertainty,0.2,0.1666667,0.5995,2000
tep,0,0,EAC-1NN,timing_uncertainty,0.2,0.3333333,0.5995,2000
tep,0,0,EAC-1NN,timing_uncertainty,0.2,0.5,0.674,2000
tep,0,0,EAC-1NN,timing_uncertainty,0.2,0.6666667,0.818,2000
tep,0,0,EAC-1NN,timing_uncertainty,0.2,0.8333333,0.865,2000
tep,0,0,EAC-1NN,timing_uncertainty,0.2,1.0,0.9735,2000
tep,0,0,EAC-1NN,timing_uncertainty,0.25,0.1666667,0.597,2000
tep,0,0,EAC-1NN,timing_uncertainty,0.25,0.3333333,0.597,2000
tep,0,0,EAC-1NN,timing_uncertainty,0.25,0.5,0.668,2000
tep,0,0,EAC-1NN,timing_uncertainty,0.25,0.6666667,0.807,2000
tep,0,0,EAC-1NN,timing_uncertainty,0.25,0.8333333,0.871,2000
tep,0,0,EAC-1NN,timing_uncertainty,0.25,1.0,0.974,2000
tep,0,0,EAC-1NN,timing_uncertainty,0.3,0.1666667,0.596,2000
tep,0,0,EAC-1NN,timing_uncertainty,0.3,0.3333333,0.596,2000
tep,0,0,EAC-1NN,timing_uncertainty,0.3,0.5,0.6705,2000
tep,0,0,EAC-1NN,timing_uncertainty,0.3,0.6666667,0.8095,2000
tep,0,0,EAC-1NN,timing_uncertainty,0.3,0.8333333,0.875,2000
tep,0,0,EAC-1NN,timing_uncertainty,0.3,1.0,0.975,2000
tep,0,0,EAC-1NN,timing_uncertainty,0.4,0.1666667,0.6015,2000
tep,0,0,EAC-1NN,timing_uncertainty,0.4,0.3333333,0.6015,2000
tep,0,0,EAC-1NN,timing_uncertainty,0.4,0.5,0.6595,2000
tep,0,0,EAC-1NN,timing_uncertainty,0.4,0.6666667,0.8145,2000
tep,0,0,EAC-1NN,timing_uncertainty,0.4,0.8333333,0.8785,2000
tep,0,0,EAC-1NN,timing_uncertainty,0.4,1.0,0.981,2000
tep,0,0,EAC-1NN,timing_uncertainty,0.5,0.1666667,0.583,2000
tep,0,0,EAC-1NN,timing_uncertainty,0.5,0.3333333,0.583,2000
tep,0,0,EAC-1NN,timing_uncertainty,0.5,0.5,0.658,2000
tep,0,0,EAC-1NN,timing_uncertainty,0.5,0.6666667,0.804,2000
tep,0,0,EAC-1NN,timing_uncertainty,0.5,0.8333333,0.8855,2000
tep,0,0,EAC-1NN,timing_uncertainty,0.5,1.0,0.9785,2000
tep,0,0,EAC-1NN,timing_uncertainty,0.6,0.1666667,0.5825,2000
tep,0,0,EAC-1NN,timing_uncertainty,0.6,0.3333333,0.5825,2000
tep,0,0,EAC-1NN,timing_uncertainty,0.6,0.5,0.6675,2000
tep,0,0,EAC-1NN,timing_uncertainty,0.6,0.6666667,0.8005,2000
tep,0,0,EAC-1NN,timing_uncertainty,0.6,0.8333333,0.8825,2000
tep,0,0,EAC-1NN,timing_uncertainty,0.6,1.0,0.981,2000
tep,0,0,EAC-1NN,timing_uncertainty,0.7,0.1666667,0.599,2000
tep,0,0,EAC-1NN,timing_uncertainty,0.7,0.3333333,0.599,2000
tep,0,0,EAC-1NN,timing_uncertainty,0.7,0.5,0.6775,2000
tep,0,0,EAC-1NN,timing_uncertainty,0.7,0.6666667,0.806,2000
tep,0,0,EAC-1NN,timing_uncertainty,0.7,0.8333333,0.8935,2000
tep,0,0,EAC-1NN,timing_uncertainty,0.7,1.0,0.9805,2000
tep,0,0,EAC-1NN,timing_uncertainty,0.8,0.1666667,0.5785,2000
tep,0,0,EAC-1NN,timing_uncertainty,0.8,0.3333333,0.5785,2000
tep,0,0,EAC-1NN,timing_uncertainty,0.8,0.5,0.6715,2000
tep,0,0,EAC-1NN,timing_uncertainty,0.8,0.6666667,0.8005,2000
tep,0,0,EAC-1NN,timing_uncertainty,0.8,0.8333333,0.8855,2000
tep,0,0,EAC-1NN,timing_uncertainty,0.8,1.0,0.971,2000
tep,0,0,EAC-1NN,timing_uncertainty,0.9,0.1666667,0.5885,2000
tep,0,0,EAC-1NN,timing_uncertainty,0.9,0.3333333,0.5885,2000
tep,0,0,EAC-1NN,timing_uncertainty,0.9,0.5,0.6805,2000
tep,0,0,EAC-1NN,timing_uncertainty,0.9,0.6666667,0.7995,2000
tep,0,0,EAC-1NN,timing_uncertainty,0.9,0.8333333,0.8835,2000
tep,0,0,EAC-1NN,timing_uncertainty,0.9,1.0,0.9705,2000
tep,0,0,JAC-1NN,late_time_delay,0.0,0.1666667,0.67,2000
tep,0,0,JAC-1NN,late_time_delay,0.0,0.3333333,0.67,2000
tep,0,0,JAC-1NN,late_time_delay,0.0,0.5,0.8,2000
tep,0,0,JAC-1NN,late_time_delay,0.0,0.6666667,0.905,2000
tep,0,0,JAC-1NN,late_time_delay,0.0,0.8333333,0.94,2000
tep,0,0,JAC-1NN,late_time_delay,0.0,1.0,0.94,2000
tep,0,0,JAC-1NN,late_time_delay,0.05,0.1666667,0.53,2000
tep,0,0,JAC-1NN,late_time_delay,0.05,0.3333333,0.53,2000
tep,0,0,JAC-1NN,late_time_delay,0.05,0.5,0.77,2000
tep,0,0,JAC-1NN,late_time_delay,0.05,0.6666667,0.9,2000
tep,0,0,JAC-1NN,late_time_delay,0.05,0.8333333,0.915,2000
tep,0,0,JAC-1NN,late_time_delay,0.05,1.0,0.85,2000
tep,0,0,JAC-1NN,late_time_delay,0.1,0.1666667,0.585,2000
tep,0,0,JAC-1NN,late_time_delay,0.1,0.3333333,0.585,2000
tep,0,0,JAC-1NN,late_time_delay,0.1,0.5,0.8,2000
tep,0,0,JAC-1NN,late_time_delay,0.1,0.6666667,0.9,2000
tep,0,0,JAC-1NN,late_time_delay,0.1,0.8333333,0.925,2000
tep,0,0,JAC-1NN,late_time_delay,0.1,1.0,0.84,2000
tep,0,0,JAC-1NN,late_time_delay,0.15,0.1666667,0.51,2000
tep,0,0,JAC-1NN,late_time_delay,0.15,0.3333333,0.51,2000
tep,0,0,JAC-1NN,late_time_delay,0.15,0.5,0.8,2000
tep,0,0,JAC-1NN,late_time_delay,0.15,0.6666667,0.91,2000
tep,0,0,JAC-1NN,late_time_delay,0.15,0.8333333,0.925,2000
tep,0,0,JAC-1NN,late_time_delay,0.15,1.0,0.835,2000
tep,0,0,JAC-1NN,late_time_delay,0.2,0.1666667,0.515,2000
tep,0,0,JAC-1NN,late_time_delay,0.2,0.3333333,0.515,2000
tep,0,0,JAC-1NN,late_time_delay,0.2,0.5,0.82,2000
tep,0,0,JAC-1NN,late_time_delay,0.2,0.6666667,0.905,2000
tep,0,0,JAC-1NN,late_time_delay,0.2,0.8333333,0.905,2000
tep,0,0,JAC-1NN,late_time_delay,0.2,1.0,0.845,2000
tep,0,0,JAC-1NN,late_time_delay,0.25,0.1666667,0.57,2000
tep,0,0,JAC-1NN,late_time_delay,0.25,0.3333333,0.57,2000
tep,0,0,JAC-1NN,late_time_delay,0.25,0.5,0.85,2000
tep,0,0,JAC-1NN,late_time_delay,0.25,0.6666667,0.85,2000
tep,0,0,JAC-1NN,late_time_delay,0.25,0.8333333,0.9,2000
tep,0,0,JAC-1NN,late_time_delay,0.25,1.0,0.845,2000
tep,0,0,JAC-1NN,late_time_delay,0.3,0.1666667,0.615,2000
tep,0,0,JAC-1NN,late_time_delay,0.3,0.3333333,0.615,2000
tep,0,0,JAC-1NN,late_time_delay,0.3,0.5,0.865,2000
tep,0,0,JAC-1NN,late_time_delay,0.3,0.6666667,0.865,2000
tep,0,0,JAC-1NN,late_time_delay,0.3,0.8333333,0.91,2000
tep,0,0,JAC-1NN,late_time_delay,0.3,1.0,0.85,2000
tep,0,0,JAC-1NN,late_time_delay,0.4,0.1666667,0.71,2000
tep,0,0,JAC-1NN,late_time_delay,0.4,0.3333333,0.71,2000
tep,0,0,JAC-1NN,late_time_delay,0.4,0.5,0.71,2000
tep,0,0,JAC-1NN,late_time_delay,0.4,0.6666667,0.835,2000
tep,0,0,JAC-1NN,late_time_delay,0.4,0.8333333,0.835,2000
tep,0,0,JAC-1NN,late_time_delay,0.4,1.0,0.86,2000
tep,0,0,JAC-1NN,late_time_delay,0.5,0.1666667,0.635,2000
tep,0,0,JAC-1NN,late_time_delay,0.5,0.3333333,0.635,2000
tep,0,0,JAC-1NN,late_time_delay,0.5,0.5,0.635,2000
tep,0,0,JAC-1NN,late_time_delay,0.5,0.6666667,0.635,2000
tep,0,0,JAC-1NN,late_time_delay,0.5,0.8333333,0.74,2000
tep,0,0,JAC-1NN,late_time_delay,0.5,1.0,0.745,2000
tep,0,0,JAC-1NN,late_time_delay,0.6,0.1666667,0.555,2000
tep,0,0,JAC-1NN,late_time_delay,0.6,0.3333333,0.555,2000
tep,0,0,JAC-1NN,late_time_delay,0.6,0.5,0.555,2000
tep,0,0,JAC-1NN,late_time_delay,0.6,0.6666667,0.555,2000
tep,0,0,JAC-1NN,late_time_delay,0.6,0.8333333,0.555,2000
tep,0,0,JAC-1NN,late_time_delay,0.6,1.0,0.64,2000
tep,0,0,JAC-1NN,late_time_delay,0.7,0.1666667,0.49,2000
tep,0,0,JAC-1NN,late_time_delay,0.7,0.3333333,0.49,2000
tep,0,0,JAC-1NN,late_time_delay,0.7,0.5,0.49,2000
tep,0,0,JAC-1NN,late_time_delay,0.7,0.6666667,0.49,2000
tep,0,0,JAC-1NN,late_time_delay,0.7,0.8333333,0.49,2000
tep,0,0,JAC-1NN,late_time_delay,0.7,1.0,0.555,2000
tep,0,0,JAC-1NN,late_time_delay,0.8,0.1666667,0.45,2000
tep,0,0,JAC-1NN,late_time_delay,0.8,0.3333333,0.45,2000
tep,0,0,JAC-1NN,late_time_delay,0.8,0.5,0.45,2000
tep,0,0,JAC-1NN,late_time_delay,0.8,0.6666667,0.45,2000
tep,0,0,JAC-1NN,late_time_delay,0.8,0.8333333,0.45,2000
tep,0,0,JAC-1NN,late_time_delay,0.8,1.0,0.415,2000
tep,0,0,JAC-1NN,late_time_delay,0.9,0.1666667,0.375,2000
tep,0,0,JAC-1NN,late_time_delay,0.9,0.3333333,0.375,2000
tep,0,0,JAC-1NN,late_time_delay,0.9,0.5,0.375,2000
tep,0,0,JAC-1NN,late_time_delay,0.9,0.6666667,0.375,2000
tep,0,0,JAC-1NN,late_time_delay,0.9,0.8333333,0.375,2000
tep,0,0,JAC-1NN,late_time_delay,0.9,1.0,0.375,2000
tep,0,0,JAC-1NN,missing_events,0.0,0.1666667,0.67,2000
tep,0,0,JAC-1NN,missing_events,0.0,0.3333333,0.67,2000
tep,0,0,JAC-1NN,missing_events,0.0,0.5,0.8,2000
tep,0,0,JAC-1NN,missing_events,0.0,0.6666667,0.905,2000
tep,0,0,JAC-1NN,missing_events,0.0,0.8333333,0.94,2000
tep,0,0,JAC-1NN,missing_events,0.0,1.0,0.94,2000
tep,0,0,JAC-1NN,missing_events,0.05,0.1666667,0.665,2000
tep,0,0,JAC-1NN,missing_events,0.05,0.3333333,0.665,2000
tep,0,0,JAC-1NN,missing_events,0.05,0.5,0.792,2000
tep,0,0,JAC-1NN,missing_events,0.05,0.6666667,0.899,2000
tep,0,0,JAC-1NN,missing_events,0.05,0.8333333,0.9385,2000
tep,0,0,JAC-1NN,missing_events,0.05,1.0,0.938,2000
tep,0,0,JAC-1NN,missing_events,0.1,0.1666667,0.6555,2000
tep,0,0,JAC-1NN,missing_events,0.1,0.3333333,0.6555,2000
tep,0,0,JAC-1NN,missing_events,0.1,0.5,0.7825,2000
tep,0,0,JAC-1NN,missing_events,0.1,0.6666667,0.895,2000
tep,0,0,JAC-1NN,missing_events,0.1,0.8333333,0.938,2000
tep,0,0,JAC-1NN,missing_events,0.1,1.0,0.9315,2000
tep,0,0,JAC-1NN,missing_events,0.15,0.1666667,0.6405,2000
tep,0,0,JAC-1NN,missing_events,0.15,0.3333333,0.6405,2000
tep,0,0,JAC-1NN,missing_events,0.15,0.5,0.771,2000
tep,0,0,JAC-1NN,missing_events,0.15,0.6666667,0.896,2000
tep,0,0,JAC-1NN,missing_events,0.15,0.8333333,0.9355,2000
tep,0,0,JAC-1NN,missing_events,0.15,1.0,0.9365,2000
tep,0,0,JAC-1NN,missing_events,0.2,0.1666667,0.6285,2000
tep,0,0,JAC-1NN,missing_events,0.2,0.3333333,0.6285,2000
tep,0,0,JAC-1NN,missing_events,0.2,0.5,0.76,2000
tep,0,0,JAC-1NN,missing_events,0.2,0.6666667,0.881,2000
tep,0,0,JAC-1NN,missing_events,0.2,0.8333333,0.9275,2000
tep,0,0,JAC-1NN,missing_events,0.2,1.0,0.928,2000
tep,0,0,JAC-1NN,missing_events,0.25,0.1666667,0.614,2000
tep,0,0,JAC-1NN,missing_events,0.25,0.3333333,0.614,2000
tep,0,0,JAC-1NN,missing_events,0.25,0.5,0.736,2000
tep,0,0,JAC-1NN,missing_events,0.25,0.6666667,0.8725,2000
tep,0,0,JAC-1NN,missing_events,0.25,0.8333333,0.924,2000
tep,0,0,JAC-1NN,missing_events,0.25,1.0,0.9135,2000
tep,0,0,JAC-1NN,missing_events,0.3,0.1666667,0.6105,2000
tep,0,0,JAC-1NN,missing_events,0.3,0.3333333,0.6105,2000
tep,0,0,JAC-1NN,missing_events,0.3,0.5,0.729,2000
tep,0,0,JAC-1NN,missing_events,0.3,0.6666667,0.873,2000
tep,0,0,JAC-1NN,missing_events,0.3,0.8333333,0.923,2000
tep,0,0,JAC-1NN,missing_events,0.3,1.0,0.919,2000
tep,0,0,JAC-1NN,missing_events,0.4,0.1666667,0.5705,2000
tep,0,0,JAC-1NN,missing_events,0.4,0.3333333,0.5705,2000
tep,0,0,JAC-1NN,missing_events,0.4,0.5,0.6995,2000
tep,0,0,JAC-1NN,missing_events,0.4,0.6666667,0.842,2000
tep,0,0,JAC-1NN,missing_events,0.4,0.8333333,0.8945,2000
tep,0,0,JAC-1NN,missing_events,0.4,1.0,0.912,2000
tep,0,0,JAC-1NN,missing_events,0.5,0.1666667,0.535,2000
tep,0,0,JAC-1NN,missing_events,0.5,0.3333333,0.535,2000
tep,0,0,JAC-1NN,missing_events,0.5,0.5,0.651,2000
tep,0,0,JAC-1NN,missing_events,0.5,0.6666667,0.8065,2000
tep,0,0,JAC-1NN,missing_events,0.5,0.8333333,0.877,2000
tep,0,0,JAC-1NN,missing_events,0.5,1.0,0.8975,2000
tep,0,0,JAC-1NN,missing_events,0.6,0.1666667,0.482,2000
tep,0,0,JAC-1NN,missing_events,0.6,0.3333333,0.482,2000
tep,0,0,JAC-1NN,missing_events,0.6,0.5,0.6005,2000
tep,0,0,JAC-1NN,missing_events,0.6,0.6666667,0.7745,2000
tep,0,0,JAC-1NN,missing_events,0.6,0.8333333,0.8375,2000
tep,0,0,JAC-1NN,missing_events,0.6,1.0,0.8945,2000
tep,0,0,JAC-1NN,missing_events,0.7,0.1666667,0.441,2000
tep,0,0,JAC-1NN,missing_events,0.7,0.3333333,0.441,2000
tep,0,0,JAC-1NN,missing_events,0.7,0.5,0.5475,2000
tep,0,0,JAC-1NN,missing_events,0.7,0.6666667,0.6985,2000
tep,0,0,JAC-1NN,missing_events,0.7,0.8333333,0.772,2000
tep,0,0,JAC-1NN,missing_events,0.7,1.0,0.8535,2000
tep,0,0,JAC-1NN,missing_events,0.8,0.1666667,0.387,2000
tep,0,0,JAC-1NN,missing_events,0.8,0.3333333,0.387,2000
tep,0,0,JAC-1NN,missing_events,0.8,0.5,0.481,2000
tep,0,0,JAC-1NN,missing_events,0.8,0.6666667,0.596,2000
tep,0,0,JAC-1NN,missing_events,0.8,0.8333333,0.681,2000
tep,0,0,JAC-1NN,missing_events,0.8,1.0,0.7695,2000
tep,0,0,JAC-1NN,missing_events,0.9,0.1666667,0.306,2000
tep,0,0,JAC-1NN,missing_events,0.9,0.3333333,0.306,2000
tep,0,0,JAC-1NN,missing_events,0.9,0.5,0.365,2000
tep,0,0,JAC-1NN,missing_events,0.9,0.6666667,0.4325,2000
tep,0,0,JAC-1NN,missing_events,0.9,0.8333333,0.4995,2000
tep,0,0,JAC-1NN,missing_events,0.9,1.0,0.5875,2000
tep,0,0,JAC-1NN,mixed_missing_spurious,0.0,0.1666667,0.67,2000
tep,0,0,JAC-1NN,mixed_missing_spurious,0.0,0.3333333,0.67,2000
tep,0,0,JAC-1NN,mixed_missing_spurious,0.0,0.5,0.8,2000
tep,0,0,JAC-1NN,mixed_missing_spurious,0.0,0.6666667,0.905,2000
tep,0,0,JAC-1NN,mixed_missing_spurious,0.0,0.8333333,0.94,2000
tep,0,0,JAC-1NN,mixed_missing_spurious,0.0,1.0,0.94,2000
tep,0,0,JAC-1NN,mixed_missing_spurious,0.05,0.1666667,0.6485,2000
tep,0,0,JAC-1NN,mixed_missing_spurious,0.05,0.3333333,0.6485,2000
tep,0,0,JAC-1NN,mixed_missing_spurious,0.05,0.5,0.786,2000
tep,0,0,JAC-1NN,mixed_missing_spurious,0.05,0.6666667,0.8895,2000
tep,0,0,JAC-1NN,mixed_missing_spurious,0.05,0.8333333,0.9215,2000
tep,0,0,JAC-1NN,mixed_missing_spurious,0.05,1.0,0.929,2000
tep,0,0,JAC-1NN,mixed_missing_spurious,0.1,0.1666667,0.6335,2000
tep,0,0,JAC-1NN,mixed_missing_spurious,0.1,0.3333333,0.6335,2000
tep,0,0,JAC-1NN,mixed_missing_spurious,0.1,0.5,0.7735,2000
tep,0,0,JAC-1NN,mixed_missing_spurious,0.1,0.6666667,0.875,2000
tep,0,0,JAC-1NN,mixed_missing_spurious,0.1,0.8333333,0.8965,2000
tep,0,0,JAC-1NN,mixed_missing_spurious,0.1,1.0,0.915,2000
tep,0,0,JAC-1NN,mixed_missing_spurious,0.15,0.1666667,0.628,2000
tep,0,0,JAC-1NN,mixed_missing_spurious,0.15,0.3333333,0.628,2000
tep,0,0,JAC-1NN,mixed_missing_spurious,0.15,0.5,0.75,2000
tep,0,0,JAC-1NN,mixed_missing_spurious,0.15,0.6666667,0.837,2000
tep,0,0,JAC-1NN,mixed_missing_spurious,0.15,0.8333333,0.852,2000
tep,0,0,JAC-1NN,mixed_missing_spurious,0.15,1.0,0.9005,2000
tep,0,0,JAC-1NN,mixed_missing_spurious,0.2,0.1666667,0.6025,2000
tep,0,0,JAC-1NN,mixed_missing_spurious,0.2,0.3333333,0.6025,2000
tep,0,0,JAC-1NN,mixed_missing_spurious,0.2,0.5,0.7295,2000
tep,0,0,JAC-1NN,mixed_missing_spurious,0.2,0.6666667,0.8205,2000
tep,0,0,JAC-1NN,mixed_missing_spurious,0.2,0.8333333,0.8465,2000
tep,0,0,JAC-1NN,mixed_missing_spurious,0.2,1.0,0.8785,2000
tep,0,0,JAC-1NN,mixed_missing_spurious,0.25,0.1666667,0.582,2000
tep,0,0,JAC-1NN,mixed_missing_spurious,0.25,0.3333333,0.582,2000
tep,0,0,JAC-1NN,mixed_missing_spurious,0.25,0.5,0.7015,2000
tep,0,0,JAC-1NN,mixed_missing_spurious,0.25,0.6666667,0.804,2000
tep,0,0,JAC-1NN,mixed_missing_spurious,0.25,0.8333333,0.8265,2000
tep,0,0,JAC-1NN,mixed_missing_spurious,0.25,1.0,0.8565,2000
tep,0,0,JAC-1NN,mixed_missing_spurious,0.3,0.1666667,0.5805,2000
tep,0,0,JAC-1NN,mixed_missing_spurious,0.3,0.3333333,0.5805,2000
tep,0,0,JAC-1NN,mixed_missing_spurious,0.3,0.5,0.688,2000
tep,0,0,JAC-1NN,mixed_missing_spurious,0.3,0.6666667,0.7785,2000
tep,0,0,JAC-1NN,mixed_missing_spurious,0.3,0.8333333,0.811,2000
tep,0,0,JAC-1NN,mixed_missing_spurious,0.3,1.0,0.847,2000
tep,0,0,JAC-1NN,mixed_missing_spurious,0.4,0.1666667,0.539,2000
tep,0,0,JAC-1NN,mixed_missing_spurious,0.4,0.3333333,0.539,2000
tep,0,0,JAC-1NN,mixed_missing_spurious,0.4,0.5,0.6795,2000
tep,0,0,JAC-1NN,mixed_missing_spurious,0.4,0.6666667,0.7605,2000
tep,0,0,JAC-1NN,mixed_missing_spurious,0.4,0.8333333,0.784,2000
tep,0,0,JAC-1NN,mixed_missing_spurious,0.4,1.0,0.81,2000
tep,0,0,JAC-1NN,mixed_missing_spurious,0.5,0.1666667,0.4975,2000
tep,0,0,JAC-1NN,mixed_missing_spurious,0.5,0.3333333,0.4975,2000
tep,0,0,JAC-1NN,mixed_missing_spurious,0.5,0.5,0.6295,2000
tep,0,0,JAC-1NN,mixed_missing_spurious,0.5,0.6666667,0.717,2000
tep,0,0,JAC-1NN,mixed_missing_spurious,0.5,0.8333333,0.746,2000
tep,0,0,JAC-1NN,mixed_missing_spurious,0.5,1.0,0.7795,2000
tep,0,0,JAC-1NN,mixed_missing_spurious,0.6,0.1666667,0.4575,2000
tep,0,0,JAC-1NN,mixed_missing_spurious,0.6,0.3333333,0.4575,2000
tep,0,0,JAC-1NN,mixed_missing_spurious,0.6,0.5,0.5685,2000
tep,0,0,JAC-1NN,mixed_missing_spurious,0.6,0.6666667,0.6695,2000
tep,0,0,JAC-1NN,mixed_missing_spurious,0.6,0.8333333,0.7035,2000
tep,0,0,JAC-1NN,mixed_missing_spurious,0.6,1.0,0.7625,2000
tep,0,0,JAC-1NN,mixed_missing_spurious,0.7,0.1666667,0.4165,2000
tep,0,0,JAC-1NN,mixed_missing_spurious,0.7,0.3333333,0.4165,2000
tep,0,0,JAC-1NN,mixed_missing_spurious,0.7,0.5,0.5015,2000
tep,0,0,JAC-1NN,mixed_missing_spurious,0.7,0.6666667,0.617,2000
tep,0,0,JAC-1NN,mixed_missing_spurious,0.7,0.8333333,0.6625,2000
tep,0,0,JAC-1NN,mixed_missing_spurious,0.7,1.0,0.73,2000
tep,0,0,JAC-1NN,mixed_missing_spurious,0.8,0.1666667,0.3855,2000
tep,0,0,JAC-1NN,mixed_missing_spurious,0.8,0.3333333,0.3855,2000
tep,0,0,JAC-1NN,mixed_missing_spurious,0.8,0.5,0.4705,2000
tep,0,0,JAC-1NN,mixed_missing_spurious,0.8,0.6666667,0.58,2000
tep,0,0,JAC-1NN,mixed_missing_spurious,0.8,0.8333333,0.662,2000
tep,0,0,JAC-1NN,mixed_missing_spurious,0.8,1.0,0.7355,2000
tep,0,0,JAC-1NN,mixed_missing_spurious,0.9,0.1666667,0.3195,2000
tep,0,0,JAC-1NN,mixed_missing_spurious,0.9,0.3333333,0.3195,2000
tep,0,0,JAC-1NN,mixed_missing_spurious,0.9,0.5,0.3745,2000
tep,0,0,JAC-1NN,mixed_missing_spurious,0.9,0.6666667,0.4365,2000
tep,0,0,JAC-1NN,mixed_missing_spurious,0.9,0.8333333,0.4895,2000
tep,0,0,JAC-1NN,mixed_missing_spurious,0.9,1.0,0.6035,2000
tep,0,0,JAC-1NN,mixed_spurious_timing_late,0.0,0.1666667,0.67,2000
tep,0,0,JAC-1NN,mixed_spurious_timing_late,0.0,0.3333333,0.67,2000
tep,0,0,JAC-1NN,mixed_spurious_timing_late,0.0,0.5,0.8,2000
tep,0,0,JAC-1NN,mixed_spurious_timing_late,0.0,0.6666667,0.905,2000
tep,0,0,JAC-1NN,mixed_spurious_timing_late,0.0,0.8333333,0.94,2000
tep,0,0,JAC-1NN,mixed_spurious_timing_late,0.0,1.0,0.94,2000
tep,0,0,JAC-1NN,mixed_spurious_timing_late,0.05,0.1666667,0.5375,2000
tep,0,0,JAC-1NN,mixed_spurious_timing_late,0.05,0.3333333,0.5375,2000
tep,0,0,JAC-1NN,mixed_spurious_timing_late,0.05,0.5,0.7585,2000
tep,0,0,JAC-1NN,mixed_spurious_timing_late,0.05,0.6666667,0.872,2000
tep,0,0,JAC-1NN,mixed_spurious_timing_late,0.05,0.8333333,0.8915,2000
tep,0,0,JAC-1NN,mixed_spurious_timing_late,0.05,1.0,0.8475,2000
tep,0,0,JAC-1NN,mixed_spurious_timing_late,0.1,0.1666667,0.566,2000
tep,0,0,JAC-1NN,mixed_spurious_timing_late,0.1,0.3333333,0.566,2000
tep,0,0,JAC-1NN,mixed_spurious_timing_late,0.1,0.5,0.7945,2000
tep,0,0,JAC-1NN,mixed_spurious_timing_late,0.1,0.6666667,0.852,2000
tep,0,0,JAC-1NN,mixed_spurious_timing_late,0.1,0.8333333,0.8955,2000
tep,0,0,JAC-1NN,mixed_spurious_timing_late,0.1,1.0,0.85,2000
tep,0,0,JAC-1NN,mixed_spurious_timing_late,0.15,0.1666667,0.509,2000
tep,0,0,JAC-1NN,mixed_spurious_timing_late,0.15,0.3333333,0.509,2000
tep,0,0,JAC-1NN,mixed_spurious_timing_late,0.15,0.5,0.7505,2000
tep,0,0,JAC-1NN,mixed_spurious_timing_late,0.15,0.6666667,0.8515,2000
tep,0,0,JAC-1NN,mixed_spurious_timing_late,0.15,0.8333333,0.878,2000
tep,0,0,JAC-1NN,mixed_spurious_timing_late,0.15,1.0,0.8325,2000
tep,0,0,JAC-1NN,mixed_spurious_timing_late,0.2,0.1666667,0.502,2000
tep,0,0,JAC-1NN,mixed_spurious_timing_late,0.2,0.3333333,0.502,2000
tep,0,0,JAC-1NN,mixed_spurious_timing_late,0.2,0.5,0.737,2000
tep,0,0,JAC-1NN,mixed_spurious_timing_late,0.2,0.6666667,0.8245,2000
tep,0,0,JAC-1NN,mixed_spurious_timing_late,0.2,0.8333333,0.8245,2000
tep,0,0,JAC-1NN,mixed_spurious_timing_late,0.2,1.0,0.8225,2000
tep,0,0,JAC-1NN,mixed_spurious_timing_late,0.25,0.1666667,0.5535,2000
tep,0,0,JAC-1NN,mixed_spurious_timing_late,0.25,0.3333333,0.5535,2000
tep,0,0,JAC-1NN,mixed_spurious_timing_late,0.25,0.5,0.757,2000
tep,0,0,JAC-1NN,mixed_spurious_timing_late,0.25,0.6666667,0.757,2000
tep,0,0,JAC-1NN,mixed_spurious_timing_late,0.25,0.8333333,0.793,2000
tep,0,0,JAC-1NN,mixed_spurious_timing_late,0.25,1.0,0.808,2000
tep,0,0,JAC-1NN,mixed_spurious_timing_late,0.3,0.1666667,0.576,2000
tep,0,0,JAC-1NN,mixed_spurious_timing_late,0.3,0.3333333,0.576,2000
tep,0,0,JAC-1NN,mixed_spurious_timing_late,0.3,0.5,0.7605,2000
tep,0,0,JAC-1NN,mixed_spurious_timing_late,0.3,0.6666667,0.7605,2000
tep,0,0,JAC-1NN,mixed_spurious_timing_late,0.3,0.8333333,0.795,2000
tep,0,0,JAC-1NN,mixed_spurious_timing_late,0.3,1.0,0.7855,2000
tep,0,0,JAC-1NN,mixed_spurious_timing_late,0.4,0.1666667,0.6205,2000
tep,0,0,JAC-1NN,mixed_spurious_timing_late,0.4,0.3333333,0.6205,2000
tep,0,0,JAC-1NN,mixed_spurious_timing_late,0.4,0.5,0.6205,2000
tep,0,0,JAC-1NN,mixed_spurious_timing_late,0.4,0.6666667,0.735,2000
tep,0,0,JAC-1NN,mixed_spurious_timing_late,0.4,0.8333333,0.735,2000
tep,0,0,JAC-1NN,mixed_spurious_timing_late,0.4,1.0,0.75,2000
tep,0,0,JAC-1NN,mixed_spurious_timing_late,0.5,0.1666667,0.6,2000
tep,0,0,JAC-1NN,mixed_spurious_timing_late,0.5,0.3333333,0.6,2000
tep,0,0,JAC-1NN,mixed_spurious_timing_late,0.5,0.5,0.6,2000
tep,0,0,JAC-1NN,mixed_spurious_timing_late,0.5,0.6666667,0.6,2000
tep,0,0,JAC-1NN,mixed_spurious_timing_late,0.5,0.8333333,0.6915,2000
tep,0,0,JAC-1NN,mixed_spurious_timing_late,0.5,1.0,0.702,2000
tep,0,0,JAC-1NN,mixed_spurious_timing_late,0.6,0.1666667,0.563,2000
tep,0,0,JAC-1NN,mixed_spurious_timing_late,0.6,0.3333333,0.563,2000
tep,0,0,JAC-1NN,mixed_spurious_timing_late,0.6,0.5,0.563,2000
tep,0,0,JAC-1NN,mixed_spurious_timing_late,0.6,0.6666667,0.563,2000
tep,0,0,JAC-1NN,mixed_spurious_timing_late,0.6,0.8333333,0.563,2000
tep,0,0,JAC-1NN,mixed_spurious_timing_late,0.6,1.0,0.624,2000
tep,0,0,JAC-1NN,mixed_spurious_timing_late,0.7,0.1666667,0.527,2000
tep,0,0,JAC-1NN,mixed_spurious_timing_late,0.7,0.3333333,0.527,2000
tep,0,0,JAC-1NN,mixed_spurious_timing_late,0.7,0.5,0.527,2000
tep,0,0,JAC-1NN,mixed_spurious_timing_late,0.7,0.6666667,0.527,2000
tep,0,0,JAC-1NN,mixed_spurious_timing_late,0.7,0.8333333,0.527,2000
tep,0,0,JAC-1NN,mixed_spurious_timing_late,0.7,1.0,0.5745,2000
tep,0,0,JAC-1NN,mixed_spurious_timing_late,0.8,0.1666667,0.4755,2000
tep,0,0,JAC-1NN,mixed_spurious_timing_late,0.8,0.3333333,0.4755,2000
tep,0,0,JAC-1NN,mixed_spurious_timing_late,0.8,0.5,0.4755,2000
tep,0,0,JAC-1NN,mixed_spurious_timing_late,0.8,0.6666667,0.4755,2000
tep,0,0,JAC-1NN,mixed_spurious_timing_late,0.8,0.8333333,0.4755,2000
tep,0,0,JAC-1NN,mixed_spurious_timing_late,0.8,1.0,0.4915,2000
tep,0,0,JAC-1NN,mixed_spurious_timing_late,0.9,0.1666667,0.402,2000
tep,0,0,JAC-1NN,mixed_spurious_timing_late,0.9,0.3333333,0.402,2000
tep,0,0,JAC-1NN,mixed_spurious_timing_late,0.9,0.5,0.402,2000
tep,0,0,JAC-1NN,mixed_spurious_timing_late,0.9,0.6666667,0.402,2000
tep,0,0,JAC-1NN,mixed_spurious_timing_late,0.9,0.8333333,0.402,2000
tep,0,0,JAC-1NN,mixed_spurious_timing_late,0.9,1.0,0.402,2000
tep,0,0,JAC-1NN,spurious_events,0.0,0.1666667,0.67,2000
tep,0,0,JAC-1NN,spurious_events,0.0,0.3333333,0.67,2000
tep,0,0,JAC-1NN,spurious_events,0.0,0.5,0.8,2000
tep,0,0,JAC-1NN,spurious_events,0.0,0.6666667,0.905,2000
tep,0,0,JAC-1NN,spurious_events,0.0,0.8333333,0.94,2000
tep,0,0,JAC-1NN,spurious_events,0.0,1.0,0.94,2000
tep,0,0,JAC-1NN,spurious_events,0.05,0.1666667,0.6555,2000
tep,0,0,JAC-1NN,spurious_events,0.05,0.3333333,0.6555,2000
tep,0,0,JAC-1NN,spurious_events,0.05,0.5,0.786,2000
tep,0,0,JAC-1NN,spurious_events,0.05,0.6666667,0.894,2000
tep,0,0,JAC-1NN,spurious_events,0.05,0.8333333,0.9165,2000
tep,0,0,JAC-1NN,spurious_events,0.05,1.0,0.9305,2000
tep,0,0,JAC-1NN,spurious_events,0.1,0.1666667,0.652,2000
tep,0,0,JAC-1NN,spurious_events,0.1,0.3333333,0.652,2000
tep,0,0,JAC-1NN,spurious_events,0.1,0.5,0.787,2000
tep,0,0,JAC-1NN,spurious_events,0.1,0.6666667,0.866,2000
tep,0,0,JAC-1NN,spurious_events,0.1,0.8333333,0.8815,2000
tep,0,0,JAC-1NN,spurious_events,0.1,1.0,0.918,2000
tep,0,0,JAC-1NN,spurious_events,0.15,0.1666667,0.627,2000
tep,0,0,JAC-1NN,spurious_events,0.15,0.3333333,0.627,2000
tep,0,0,JAC-1NN,spurious_events,0.15,0.5,0.753,2000
tep,0,0,JAC-1NN,spurious_events,0.15,0.6666667,0.836,2000
tep,0,0,JAC-1NN,spurious_events,0.15,0.8333333,0.8465,2000
tep,0,0,JAC-1NN,spurious_events,0.15,1.0,0.8935,2000
tep,0,0,JAC-1NN,spurious_events,0.2,0.1666667,0.6225,2000
tep,0,0,JAC-1NN,spurious_events,0.2,0.3333333,0.6225,2000
tep,0,0,JAC-1NN,spurious_events,0.2,0.5,0.7365,2000
tep,0,0,JAC-1NN,spurious_events,0.2,0.6666667,0.8115,2000
tep,0,0,JAC-1NN,spurious_events,0.2,0.8333333,0.816,2000
tep,0,0,JAC-1NN,spurious_events,0.2,1.0,0.88,2000
tep,0,0,JAC-1NN,spurious_events,0.25,0.1666667,0.6285,2000
tep,0,0,JAC-1NN,spurious_events,0.25,0.3333333,0.6285,2000
tep,0,0,JAC-1NN,spurious_events,0.25,0.5,0.728,2000
tep,0,0,JAC-1NN,spurious_events,0.25,0.6666667,0.783,2000
tep,0,0,JAC-1NN,spurious_events,0.25,0.8333333,0.782,2000
tep,0,0,JAC-1NN,spurious_events,0.25,1.0,0.83,2000
tep,0,0,JAC-1NN,spurious_events,0.3,0.1666667,0.6095,2000
tep,0,0,JAC-1NN,spurious_events,0.3,0.3333333,0.6095,2000
tep,0,0,JAC-1NN,spurious_events,0.3,0.5,0.7085,2000
tep,0,0,JAC-1NN,spurious_events,0.3,0.6666667,0.74,2000
tep,0,0,JAC-1NN,spurious_events,0.3,0.8333333,0.75,2000
tep,0,0,JAC-1NN,spurious_events,0.3,1.0,0.7765,2000
tep,0,0,JAC-1NN,spurious_events,0.4,0.1666667,0.5925,2000
tep,0,0,JAC-1NN,spurious_events,0.4,0.3333333,0.5925,2000
tep,0,0,JAC-1NN,spurious_events,0.4,0.5,0.676,2000
tep,0,0,JAC-1NN,spurious_events,0.4,0.6666667,0.677,2000
tep,0,0,JAC-1NN,spurious_events,0.4,0.8333333,0.651,2000
tep,0,0,JAC-1NN,spurious_events,0.4,1.0,0.66,2000
tep,0,0,JAC-1NN,spurious_events,0.5,0.1666667,0.584,2000
tep,0,0,JAC-1NN,spurious_events,0.5,0.3333333,0.584,2000
tep,0,0,JAC-1NN,spurious_events,0.5,0.5,0.626,2000
tep,0,0,JAC-1NN,spurious_events,0.5,0.6666667,0.606,2000
tep,0,0,JAC-1NN,spurious_events,0.5,0.8333333,0.5715,2000
tep,0,0,JAC-1NN,spurious_events,0.5,1.0,0.545,2000
tep,0,0,JAC-1NN,spurious_events,0.6,0.1666667,0.5905,2000
tep,0,0,JAC-1NN,spurious_events,0.6,0.3333333,0.5905,2000
tep,0,0,JAC-1NN,spurious_events,0.6,0.5,0.619,2000
tep,0,0,JAC-1NN,spurious_events,0.6,0.6666667,0.5775,2000
tep,0,0,JAC-1NN,spurious_events,0.6,0.8333333,0.5285,2000
tep,0,0,JAC-1NN,spurious_events,0.6,1.0,0.4535,2000
tep,0,0,JAC-1NN,spurious_events,0.7,0.1666667,0.5535,2000
tep,0,0,JAC-1NN,spurious_events,0.7,0.3333333,0.5535,2000
tep,0,0,JAC-1NN,spurious_events,0.7,0.5,0.572,2000
tep,0,0,JAC-1NN,spurious_events,0.7,0.6666667,0.514,2000
tep,0,0,JAC-1NN,spurious_events,0.7,0.8333333,0.462,2000
tep,0,0,JAC-1NN,spurious_events,0.7,1.0,0.3945,2000
tep,0,0,JAC-1NN,spurious_events,0.8,0.1666667,0.5345,2000
tep,0,0,JAC-1NN,spurious_events,0.8,0.3333333,0.5345,2000
tep,0,0,JAC-1NN,spurious_events,0.8,0.5,0.536,2000
tep,0,0,JAC-1NN,spurious_events,0.8,0.6666667,0.473,2000
tep,0,0,JAC-1NN,spurious_events,0.8,0.8333333,0.426,2000
tep,0,0,JAC-1NN,spurious_events,0.8,1.0,0.3455,2000
tep,0,0,JAC-1NN,spurious_events,0.9,0.1666667,0.542,2000
tep,0,0,JAC-1NN,spurious_events,0.9,0.3333333,0.542,2000
tep,0,0,JAC-1NN,spurious_events,0.9,0.5,0.522,2000
tep,0,0,JAC-1NN,spurious_events,0.9,0.6666667,0.442,2000
tep,0,0,JAC-1NN,spurious_events,0.9,0.8333333,0.3875,2000
tep,0,0,JAC-1NN,spurious_events,0.9,1.0,0.3235,2000
tep,0,0,JAC-1NN,timing_uncertainty,0.0,0.1666667,0.67,2000
tep,0,0,JAC-1NN,timing_uncertainty,0.0,0.3333333,0.67,2000
tep,0,0,JAC-1NN,timing_uncertainty,0.0,0.5,0.8,2000
tep,0,0,JAC-1NN,timing_uncertainty,0.0,0.6666667,0.905,2000
tep,0,0,JAC-1NN,timing_uncertainty,0.0,0.8333333,0.94,2000
tep,0,0,JAC-1NN,timing_uncertainty,0.0,1.0,0.94,2000
tep,0,0,JAC-1NN,timing_uncertainty,0.05,0.1666667,0.668,2000
tep,0,0,JAC-1NN,timing_uncertainty,0.05,0.3333333,0.668,2000
tep,0,0,JAC-1NN,timing_uncertainty,0.05,0.5,0.7995,2000
tep,0,0,JAC-1NN,timing_uncertainty,0.05,0.6666667,0.904,2000
tep,0,0,JAC-1NN,timing_uncertainty,0.05,0.8333333,0.9415,2000
tep,0,0,JAC-1NN,timing_uncertainty,0.05,1.0,0.9385,2000
tep,0,0,JAC-1NN,timing_uncertainty,0.1,0.1666667,0.6595,2000
tep,0,0,JAC-1NN,timing_uncertainty,0.1,0.3333333,0.6595,2000
tep,0,0,JAC-1NN,timing_uncertainty,0.1,0.5,0.7925,2000
tep,0,0,JAC-1NN,timing_uncertainty,0.1,0.6666667,0.905,2000
tep,0,0,JAC-1NN,timing_uncertainty,0.1,0.8333333,0.9395,2000
tep,0,0,JAC-1NN,timing_uncertainty,0.1,1.0,0.9385,2000
tep,0,0,JAC-1NN,timing_uncertainty,0.15,0.1666667,0.668,2000
tep,0,0,JAC-1NN,timing_uncertainty,0.15,0.3333333,0.668,2000
tep,0,0,JAC-1NN,timing_uncertainty,0.15,0.5,0.7945,2000
tep,0,0,JAC-1NN,timing_uncertainty,0.15,0.6666667,0.909,2000
tep,0,0,JAC-1NN,timing_uncertainty,0.15,0.8333333,0.9405,2000
tep,0,0,JAC-1NN,timing_uncertainty,0.15,1.0,0.9415,2000
tep,0,0,JAC-1NN,timing_uncertainty,0.2,0.1666667,0.667,2000
tep,0,0,JAC-1NN,timing_uncertainty,0.2,0.3333333,0.667,2000
tep,0,0,JAC-1NN,timing_uncertainty,0.2,0.5,0.793,2000
tep,0,0,JAC-1NN,timing_uncertainty,0.2,0.6666667,0.9015,2000
tep,0,0,JAC-1NN,timing_uncertainty,0.2,0.8333333,0.936,2000
tep,0,0,JAC-1NN,timing_uncertainty,0.2,1.0,0.9405,2000
tep,0,0,JAC-1NN,timing_uncertainty,0.25,0.1666667,0.666,2000
tep,0,0,JAC-1NN,timing_uncertainty,0.25,0.3333333,0.666,2000
tep,0,0,JAC-1NN,timing_uncertainty,0.25,0.5,0.7975,2000
tep,0,0,JAC-1NN,timing_uncertainty,0.25,0.6666667,0.9025,2000
tep,0,0,JAC-1NN,timing_uncertainty,0.25,0.8333333,0.94,2000
tep,0,0,JAC-1NN,timing_uncertainty,0.25,1.0,0.938,2000
tep,0,0,JAC-1NN,timing_uncertainty,0.3,0.1666667,0.6695,2000
tep,0,0,JAC-1NN,timing_uncertainty,0.3,0.3333333,0.6695,2000
tep,0,0,JAC-1NN,timing_uncertainty,0.3,0.5,0.798,2000
tep,0,0,JAC-1NN,timing_uncertainty,0.3,0.6666667,0.9075,2000
tep,0,0,JAC-1NN,timing_uncertainty,0.3,0.8333333,0.9395,2000
tep,0,0,JAC-1NN,timing_uncertainty,0.3,1.0,0.9405,2000
tep,0,0,JAC-1NN,timing_uncertainty,0.4,0.1666667,0.6665,2000
tep,0,0,JAC-1NN,timing_uncertainty,0.4,0.3333333,0.6665,2000
tep,0,0,JAC-1NN,timing_uncertainty,0.4,0.5,0.7875,2000
tep,0,0,JAC-1NN,timing_uncertainty,0.4,0.6666667,0.8995,2000
tep,0,0,JAC-1NN,timing_uncertainty,0.4,0.8333333,0.9365,2000
tep,0,0,JAC-1NN,timing_uncertainty,0.4,1.0,0.938,2000
tep,0,0,JAC-1NN,timing_uncertainty,0.5,0.1666667,0.67,2000
tep,0,0,JAC-1NN,timing_uncertainty,0.5,0.3333333,0.67,2000
tep,0,0,JAC-1NN,timing_uncertainty,0.5,0.5,0.7955,2000
tep,0,0,JAC-1NN,timing_uncertainty,0.5,0.6666667,0.906,2000
tep,0,0,JAC-1NN,timing_uncertainty,0.5,0.8333333,0.944,2000
tep,0,0,JAC-1NN,timing_uncertainty,0.5,1.0,0.9425,2000
tep,0,0,JAC-1NN,timing_uncertainty,0.6,0.1666667,0.672,2000
tep,0,0,JAC-1NN,timing_uncertainty,0.6,0.3333333,0.672,2000
tep,0,0,JAC-1NN,timing_uncertainty,0.6,0.5,0.799,2000
tep,0,0,JAC-1NN,timing_uncertainty,0.6,0.6666667,0.904,2000
tep,0,0,JAC-1NN,timing_uncertainty,0.6,0.8333333,0.943,2000
tep,0,0,JAC-1NN,timing_uncertainty,0.6,1.0,0.937,2000
tep,0,0,JAC-1NN,timing_uncertainty,0.7,0.1666667,0.6735,2000
tep,0,0,JAC-1NN,timing_uncertainty,0.7,0.3333333,0.6735,2000
tep,0,0,JAC-1NN,timing_uncertainty,0.7,0.5,0.8165,2000
tep,0,0,JAC-1NN,timing_uncertainty,0.7,0.6666667,0.906,2000
tep,0,0,JAC-1NN,timing_uncertainty,0.7,0.8333333,0.9505,2000
tep,0,0,JAC-1NN,timing_uncertainty,0.7,1.0,0.937,2000
tep,0,0,JAC-1NN,timing_uncertainty,0.8,0.1666667,0.6775,2000
tep,0,0,JAC-1NN,timing_uncertainty,0.8,0.3333333,0.6775,2000
tep,0,0,JAC-1NN,timing_uncertainty,0.8,0.5,0.817,2000
tep,0,0,JAC-1NN,timing_uncertainty,0.8,0.6666667,0.908,2000
tep,0,0,JAC-1NN,timing_uncertainty,0.8,0.8333333,0.9465,2000
tep,0,0,JAC-1NN,timing_uncertainty,0.8,1.0,0.9385,2000
tep,0,0,JAC-1NN,timing_uncertainty,0.9,0.1666667,0.6805,2000
tep,0,0,JAC-1NN,timing_uncertainty,0.9,0.3333333,0.6805,2000
tep,0,0,JAC-1NN,timing_uncertainty,0.9,0.5,0.8215,2000
tep,0,0,JAC-1NN,timing_uncertainty,0.9,0.6666667,0.9145,2000
tep,0,0,JAC-1NN,timing_uncertainty,0.9,0.8333333,0.946,2000
tep,0,0,JAC-1NN,timing_uncertainty,0.9,1.0,0.934,2000
tep,0,0,MBW-LR,late_time_delay,0.0,0.1666667,0.72,2000
tep,0,0,MBW-LR,late_time_delay,0.0,0.3333333,0.72,2000
tep,0,0,MBW-LR,late_time_delay,0.0,0.5,0.81,2000
tep,0,0,MBW-LR,late_time_delay,0.0,0.6666667,0.905,2000
tep,0,0,MBW-LR,late_time_delay,0.0,0.8333333,0.96,2000
tep,0,0,MBW-LR,late_time_delay,0.0,1.0,0.965,2000
tep,0,0,MBW-LR,late_time_delay,0.05,0.1666667,0.59,2000
tep,0,0,MBW-LR,late_time_delay,0.05,0.3333333,0.59,2000
tep,0,0,MBW-LR,late_time_delay,0.05,0.5,0.76,2000
tep,0,0,MBW-LR,late_time_delay,0.05,0.6666667,0.905,2000
tep,0,0,MBW-LR,late_time_delay,0.05,0.8333333,0.945,2000
tep,0,0,MBW-LR,late_time_delay,0.05,1.0,0.93,2000
tep,0,0,MBW-LR,late_time_delay,0.1,0.1666667,0.67,2000
tep,0,0,MBW-LR,late_time_delay,0.1,0.3333333,0.67,2000
tep,0,0,MBW-LR,late_time_delay,0.1,0.5,0.825,2000
tep,0,0,MBW-LR,late_time_delay,0.1,0.6666667,0.935,2000
tep,0,0,MBW-LR,late_time_delay,0.1,0.8333333,0.955,2000
tep,0,0,MBW-LR,late_time_delay,0.1,1.0,0.965,2000
tep,0,0,MBW-LR,late_time_delay,0.15,0.1666667,0.575,2000
tep,0,0,MBW-LR,late_time_delay,0.15,0.3333333,0.575,2000
tep,0,0,MBW-LR,late_time_delay,0.15,0.5,0.805,2000
tep,0,0,MBW-LR,late_time_delay,0.15,0.6666667,0.945,2000
tep,0,0,MBW-LR,late_time_delay,0.15,0.8333333,0.95,2000
tep,0,0,MBW-LR,late_time_delay,0.15,1.0,0.97,2000
tep,0,0,MBW-LR,late_time_delay,0.2,0.1666667,0.565,2000
tep,0,0,MBW-LR,late_time_delay,0.2,0.3333333,0.565,2000
tep,0,0,MBW-LR,late_time_delay,0.2,0.5,0.83,2000
tep,0,0,MBW-LR,late_time_delay,0.2,0.6666667,0.945,2000
tep,0,0,MBW-LR,late_time_delay,0.2,0.8333333,0.945,2000
tep,0,0,MBW-LR,late_time_delay,0.2,1.0,0.965,2000
tep,0,0,MBW-LR,late_time_delay,0.25,0.1666667,0.685,2000
tep,0,0,MBW-LR,late_time_delay,0.25,0.3333333,0.685,2000
tep,0,0,MBW-LR,late_time_delay,0.25,0.5,0.86,2000
tep,0,0,MBW-LR,late_time_delay,0.25,0.6666667,0.86,2000
tep,0,0,MBW-LR,late_time_delay,0.25,0.8333333,0.955,2000
tep,0,0,MBW-LR,late_time_delay,0.25,1.0,0.975,2000
tep,0,0,MBW-LR,late_time_delay,0.3,0.1666667,0.695,2000
tep,0,0,MBW-LR,late_time_delay,0.3,0.3333333,0.695,2000
tep,0,0,MBW-LR,late_time_delay,0.3,0.5,0.9,2000
tep,0,0,MBW-LR,late_time_delay,0.3,0.6666667,0.9,2000
tep,0,0,MBW-LR,late_time_delay,0.3,0.8333333,0.96,2000
tep,0,0,MBW-LR,late_time_delay,0.3,1.0,0.965,2000
tep,0,0,MBW-LR,late_time_delay,0.4,0.1666667,0.77,2000
tep,0,0,MBW-LR,late_time_delay,0.4,0.3333333,0.77,2000
tep,0,0,MBW-LR,late_time_delay,0.4,0.5,0.77,2000
tep,0,0,MBW-LR,late_time_delay,0.4,0.6666667,0.905,2000
tep,0,0,MBW-LR,late_time_delay,0.4,0.8333333,0.905,2000
tep,0,0,MBW-LR,late_time_delay,0.4,1.0,0.93,2000
tep,0,0,MBW-LR,late_time_delay,0.5,0.1666667,0.74,2000
tep,0,0,MBW-LR,late_time_delay,0.5,0.3333333,0.74,2000
tep,0,0,MBW-LR,late_time_delay,0.5,0.5,0.74,2000
tep,0,0,MBW-LR,late_time_delay,0.5,0.6666667,0.74,2000
tep,0,0,MBW-LR,late_time_delay,0.5,0.8333333,0.835,2000
tep,0,0,MBW-LR,late_time_delay,0.5,1.0,0.885,2000
tep,0,0,MBW-LR,late_time_delay,0.6,0.1666667,0.68,2000
tep,0,0,MBW-LR,late_time_delay,0.6,0.3333333,0.68,2000
tep,0,0,MBW-LR,late_time_delay,0.6,0.5,0.68,2000
tep,0,0,MBW-LR,late_time_delay,0.6,0.6666667,0.68,2000
tep,0,0,MBW-LR,late_time_delay,0.6,0.8333333,0.68,2000
tep,0,0,MBW-LR,late_time_delay,0.6,1.0,0.785,2000
tep,0,0,MBW-LR,late_time_delay,0.7,0.1666667,0.61,2000
tep,0,0,MBW-LR,late_time_delay,0.7,0.3333333,0.61,2000
tep,0,0,MBW-LR,late_time_delay,0.7,0.5,0.61,2000
tep,0,0,MBW-LR,late_time_delay,0.7,0.6666667,0.61,2000
tep,0,0,MBW-LR,late_time_delay,0.7,0.8333333,0.61,2000
tep,0,0,MBW-LR,late_time_delay,0.7,1.0,0.655,2000
tep,0,0,MBW-LR,late_time_delay,0.8,0.1666667,0.555,2000
tep,0,0,MBW-LR,late_time_delay,0.8,0.3333333,0.555,2000
tep,0,0,MBW-LR,late_time_delay,0.8,0.5,0.555,2000
tep,0,0,MBW-LR,late_time_delay,0.8,0.6666667,0.555,2000
tep,0,0,MBW-LR,late_time_delay,0.8,0.8333333,0.555,2000
tep,0,0,MBW-LR,late_time_delay,0.8,1.0,0.56,2000
tep,0,0,MBW-LR,late_time_delay,0.9,0.1666667,0.5,2000
tep,0,0,MBW-LR,late_time_delay,0.9,0.3333333,0.5,2000
tep,0,0,MBW-LR,late_time_delay,0.9,0.5,0.5,2000
tep,0,0,MBW-LR,late_time_delay,0.9,0.6666667,0.5,2000
tep,0,0,MBW-LR,late_time_delay,0.9,0.8333333,0.5,2000
tep,0,0,MBW-LR,late_time_delay,0.9,1.0,0.5,2000
tep,0,0,MBW-LR,missing_events,0.0,0.1666667,0.72,2000
tep,0,0,MBW-LR,missing_events,0.0,0.3333333,0.72,2000
tep,0,0,MBW-LR,missing_events,0.0,0.5,0.81,2000
tep,0,0,MBW-LR,missing_events,0.0,0.6666667,0.905,2000
tep,0,0,MBW-LR,missing_events,0.0,0.8333333,0.96,2000
tep,0,0,MBW-LR,missing_events,0.0,1.0,0.965,2000
tep,0,0,MBW-LR,missing_events,0.05,0.1666667,0.7175,2000
tep,0,0,MBW-LR,missing_events,0.05,0.3333333,0.7175,2000
tep,0,0,MBW-LR,missing_events,0.05,0.5,0.804,2000
tep,0,0,MBW-LR,missing_events,0.05,0.6666667,0.904,2000
tep,0,0,MBW-LR,missing_events,0.05,0.8333333,0.953,2000
tep,0,0,MBW-LR,missing_events,0.05,1.0,0.961,2000
tep,0,0,MBW-LR,missing_events,0.1,0.1666667,0.6935,2000
tep,0,0,MBW-LR,missing_events,0.1,0.3333333,0.6935,2000
tep,0,0,MBW-LR,missing_events,0.1,0.5,0.7975,2000
tep,0,0,MBW-LR,missing_events,0.1,0.6666667,0.896,2000
tep,0,0,MBW-LR,missing_events,0.1,0.8333333,0.9405,2000
tep,0,0,MBW-LR,missing_events,0.1,1.0,0.9505,2000
tep,0,0,MBW-LR,missing_events,0.15,0.1666667,0.6895,2000
tep,0,0,MBW-LR,missing_events,0.15,0.3333333,0.6895,2000
tep,0,0,MBW-LR,missing_events,0.15,0.5,0.7915,2000
tep,0,0,MBW-LR,missing_events,0.15,0.6666667,0.8905,2000
tep,0,0,MBW-LR,missing_events,0.15,0.8333333,0.9375,2000
tep,0,0,MBW-LR,missing_events,0.15,1.0,0.9475,2000
tep,0,0,MBW-LR,missing_events,0.2,0.1666667,0.6885,2000
tep,0,0,MBW-LR,missing_events,0.2,0.3333333,0.6885,2000
tep,0,0,MBW-LR,missing_events,0.2,0.5,0.7845,2000
tep,0,0,MBW-LR,missing_events,0.2,0.6666667,0.899,2000
tep,0,0,MBW-LR,missing_events,0.2,0.8333333,0.939,2000
tep,0,0,MBW-LR,missing_events,0.2,1.0,0.9385,2000
tep,0,0,MBW-LR,missing_events,0.25,0.1666667,0.661,2000
tep,0,0,MBW-LR,missing_events,0.25,0.3333333,0.661,2000
tep,0,0,MBW-LR,missing_events,0.25,0.5,0.759,2000
tep,0,0,MBW-LR,missing_events,0.25,0.6666667,0.885,2000
tep,0,0,MBW-LR,missing_events,0.25,0.8333333,0.9245,2000
tep,0,0,MBW-LR,missing_events,0.25,1.0,0.9335,2000
tep,0,0,MBW-LR,missing_events,0.3,0.1666667,0.6665,2000
tep,0,0,MBW-LR,missing_events,0.3,0.3333333,0.6665,2000
tep,0,0,MBW-LR,missing_events,0.3,0.5,0.7665,2000
tep,0,0,MBW-LR,missing_events,0.3,0.6666667,0.8725,2000
tep,0,0,MBW-LR,missing_events,0.3,0.8333333,0.9155,2000
tep,0,0,MBW-LR,missing_events,0.3,1.0,0.9255,2000
tep,0,0,MBW-LR,missing_events,0.4,0.1666667,0.634,2000
tep,0,0,MBW-LR,missing_events,0.4,0.3333333,0.634,2000
tep,0,0,MBW-LR,missing_events,0.4,0.5,0.739,2000
tep,0,0,MBW-LR,missing_events,0.4,0.6666667,0.853,2000
tep,0,0,MBW-LR,missing_events,0.4,0.8333333,0.8965,2000
tep,0,0,MBW-LR,missing_events,0.4,1.0,0.9095,2000
tep,0,0,MBW-LR,missing_events,0.5,0.1666667,0.592,2000
tep,0,0,MBW-LR,missing_events,0.5,0.3333333,0.592,2000
tep,0,0,MBW-LR,missing_events,0.5,0.5,0.709,2000
tep,0,0,MBW-LR,missing_events,0.5,0.6666667,0.819,2000
tep,0,0,MBW-LR,missing_events,0.5,0.8333333,0.8685,2000
tep,0,0,MBW-LR,missing_events,0.5,1.0,0.8925,2000
tep,0,0,MBW-LR,missing_events,0.6,0.1666667,0.536,2000
tep,0,0,MBW-LR,missing_events,0.6,0.3333333,0.536,2000
tep,0,0,MBW-LR,missing_events,0.6,0.5,0.648,2000
tep,0,0,MBW-LR,missing_events,0.6,0.6666667,0.784,2000
tep,0,0,MBW-LR,missing_events,0.6,0.8333333,0.836,2000
tep,0,0,MBW-LR,missing_events,0.6,1.0,0.8585,2000
tep,0,0,MBW-LR,missing_events,0.7,0.1666667,0.48,2000
tep,0,0,MBW-LR,missing_events,0.7,0.3333333,0.48,2000
tep,0,0,MBW-LR,missing_events,0.7,0.5,0.612,2000
tep,0,0,MBW-LR,missing_events,0.7,0.6666667,0.735,2000
tep,0,0,MBW-LR,missing_events,0.7,0.8333333,0.807,2000
tep,0,0,MBW-LR,missing_events,0.7,1.0,0.825,2000
tep,0,0,MBW-LR,missing_events,0.8,0.1666667,0.423,2000
tep,0,0,MBW-LR,missing_events,0.8,0.3333333,0.423,2000
tep,0,0,MBW-LR,missing_events,0.8,0.5,0.557,2000
tep,0,0,MBW-LR,missing_events,0.8,0.6666667,0.6735,2000
tep,0,0,MBW-LR,missing_events,0.8,0.8333333,0.739,2000
tep,0,0,MBW-LR,missing_events,0.8,1.0,0.768,2000
tep,0,0,MBW-LR,missing_events,0.9,0.1666667,0.3515,2000
tep,0,0,MBW-LR,missing_events,0.9,0.3333333,0.3515,2000
tep,0,0,MBW-LR,missing_events,0.9,0.5,0.4475,2000
tep,0,0,MBW-LR,missing_events,0.9,0.6666667,0.5495,2000
tep,0,0,MBW-LR,missing_events,0.9,0.8333333,0.616,2000
tep,0,0,MBW-LR,missing_events,0.9,1.0,0.6665,2000
tep,0,0,MBW-LR,mixed_missing_spurious,0.0,0.1666667,0.72,2000
tep,0,0,MBW-LR,mixed_missing_spurious,0.0,0.3333333,0.72,2000
tep,0,0,MBW-LR,mixed_missing_spurious,0.0,0.5,0.81,2000
tep,0,0,MBW-LR,mixed_missing_spurious,0.0,0.6666667,0.905,2000
tep,0,0,MBW-LR,mixed_missing_spurious,0.0,0.8333333,0.96,2000
tep,0,0,MBW-LR,mixed_missing_spurious,0.0,1.0,0.965,2000
tep,0,0,MBW-LR,mixed_missing_spurious,0.05,0.1666667,0.686,2000
tep,0,0,MBW-LR,mixed_missing_spurious,0.05,0.3333333,0.686,2000
tep,0,0,MBW-LR,mixed_missing_spurious,0.05,0.5,0.7765,2000
tep,0,0,MBW-LR,mixed_missing_spurious,0.05,0.6666667,0.867,2000
tep,0,0,MBW-LR,mixed_missing_spurious,0.05,0.8333333,0.9145,2000
tep,0,0,MBW-LR,mixed_missing_spurious,0.05,1.0,0.9345,2000
tep,0,0,MBW-LR,mixed_missing_spurious,0.1,0.1666667,0.652,2000
tep,0,0,MBW-LR,mixed_missing_spurious,0.1,0.3333333,0.652,2000
tep,0,0,MBW-LR,mixed_missing_spurious,0.1,0.5,0.747,2000
tep,0,0,MBW-LR,mixed_missing_spurious,0.1,0.6666667,0.819,2000
tep,0,0,MBW-LR,mixed_missing_spurious,0.1,0.8333333,0.8645,2000
tep,0,0,MBW-LR,mixed_missing_spurious,0.1,1.0,0.892,2000
tep,0,0,MBW-LR,mixed_missing_spurious,0.15,0.1666667,0.6275,2000
tep,0,0,MBW-LR,mixed_missing_spurious,0.15,0.3333333,0.6275,2000
tep,0,0,MBW-LR,mixed_missing_spurious,0.15,0.5,0.6875,2000
tep,0,0,MBW-LR,mixed_missing_spurious,0.15,0.6666667,0.7555,2000
tep,0,0,MBW-LR,mixed_missing_spurious,0.15,0.8333333,0.7965,2000
tep,0,0,MBW-LR,mixed_missing_spurious,0.15,1.0,0.835,2000
tep,0,0,MBW-LR,mixed_missing_spurious,0.2,0.1666667,0.5865,2000
tep,0,0,MBW-LR,mixed_missing_spurious,0.2,0.3333333,0.5865,2000
tep,0,0,MBW-LR,mixed_missing_spurious,0.2,0.5,0.658,2000
tep,0,0,MBW-LR,mixed_missing_spurious,0.2,0.6666667,0.7225,2000
tep,0,0,MBW-LR,mixed_missing_spurious,0.2,0.8333333,0.7585,2000
tep,0,0,MBW-LR,mixed_missing_spurious,0.2,1.0,0.8025,2000
tep,0,0,MBW-LR,mixed_missing_spurious,0.25,0.1666667,0.5755,2000
tep,0,0,MBW-LR,mixed_missing_spurious,0.25,0.3333333,0.5755,2000
tep,0,0,MBW-LR,mixed_missing_spurious,0.25,0.5,0.6195,2000
tep,0,0,MBW-LR,mixed_missing_spurious,0.25,0.6666667,0.7055,2000
tep,0,0,MBW-LR,mixed_missing_spurious,0.25,0.8333333,0.7405,2000
tep,0,0,MBW-LR,mixed_missing_spurious,0.25,1.0,0.7805,2000
tep,0,0,MBW-LR,mixed_missing_spurious,0.3,0.1666667,0.5455,2000
tep,0,0,MBW-LR,mixed_missing_spurious,0.3,0.3333333,0.5455,2000
tep,0,0,MBW-LR,mixed_missing_spurious,0.3,0.5,0.597,2000
tep,0,0,MBW-LR,mixed_missing_spurious,0.3,0.6666667,0.6595,2000
tep,0,0,MBW-LR,mixed_missing_spurious,0.3,0.8333333,0.704,2000
tep,0,0,MBW-LR,mixed_missing_spurious,0.3,1.0,0.7315,2000
tep,0,0,MBW-LR,mixed_missing_spurious,0.4,0.1666667,0.497,2000
tep,0,0,MBW-LR,mixed_missing_spurious,0.4,0.3333333,0.497,2000
tep,0,0,MBW-LR,mixed_missing_spurious,0.4,0.5,0.5535,2000
tep,0,0,MBW-LR,mixed_missing_spurious,0.4,0.6666667,0.6365,2000
tep,0,0,MBW-LR,mixed_missing_spurious,0.4,0.8333333,0.6735,2000
tep,0,0,MBW-LR,mixed_missing_spurious,0.4,1.0,0.685,2000
tep,0,0,MBW-LR,mixed_missing_spurious,0.5,0.1666667,0.4645,2000
tep,0,0,MBW-LR,mixed_missing_spurious,0.5,0.3333333,0.4645,2000
tep,0,0,MBW-LR,mixed_missing_spurious,0.5,0.5,0.524,2000
tep,0,0,MBW-LR,mixed_missing_spurious,0.5,0.6666667,0.5875,2000
tep,0,0,MBW-LR,mixed_missing_spurious,0.5,0.8333333,0.622,2000
tep,0,0,MBW-LR,mixed_missing_spurious,0.5,1.0,0.6235,2000
tep,0,0,MBW-LR,mixed_missing_spurious,0.6,0.1666667,0.443,2000
tep,0,0,MBW-LR,mixed_missing_spurious,0.6,0.3333333,0.443,2000
tep,0,0,MBW-LR,mixed_missing_spurious,0.6,0.5,0.485,2000
tep,0,0,MBW-LR,mixed_missing_spurious,0.6,0.6666667,0.5505,2000
tep,0,0,MBW-LR,mixed_missing_spurious,0.6,0.8333333,0.5915,2000
tep,0,0,MBW-LR,mixed_missing_spurious,0.6,1.0,0.599,2000
tep,0,0,MBW-LR,mixed_missing_spurious,0.7,0.1666667,0.3985,2000
tep,0,0,MBW-LR,mixed_missing_spurious,0.7,0.3333333,0.3985,2000
tep,0,0,MBW-LR,mixed_missing_spurious,0.7,0.5,0.4405,2000
tep,0,0,MBW-LR,mixed_missing_spurious,0.7,0.6666667,0.5135,2000
tep,0,0,MBW-LR,mixed_missing_spurious,0.7,0.8333333,0.5475,2000
tep,0,0,MBW-LR,mixed_missing_spurious,0.7,1.0,0.5425,2000
tep,0,0,MBW-LR,mixed_missing_spurious,0.8,0.1666667,0.384,2000
tep,0,0,MBW-LR,mixed_missing_spurious,0.8,0.3333333,0.384,2000
tep,0,0,MBW-LR,mixed_missing_spurious,0.8,0.5,0.427,2000
tep,0,0,MBW-LR,mixed_missing_spurious,0.8,0.6666667,0.4825,2000
tep,0,0,MBW-LR,mixed_missing_spurious,0.8,0.8333333,0.534,2000
tep,0,0,MBW-LR,mixed_missing_spurious,0.8,1.0,0.5445,2000
tep,0,0,MBW-LR,mixed_missing_spurious,0.9,0.1666667,0.3435,2000
tep,0,0,MBW-LR,mixed_missing_spurious,0.9,0.3333333,0.3435,2000
tep,0,0,MBW-LR,mixed_missing_spurious,0.9,0.5,0.3975,2000
tep,0,0,MBW-LR,mixed_missing_spurious,0.9,0.6666667,0.4355,2000
tep,0,0,MBW-LR,mixed_missing_spurious,0.9,0.8333333,0.4725,2000
tep,0,0,MBW-LR,mixed_missing_spurious,0.9,1.0,0.4825,2000
tep,0,0,MBW-LR,mixed_spurious_timing_late,0.0,0.1666667,0.72,2000
tep,0,0,MBW-LR,mixed_spurious_timing_late,0.0,0.3333333,0.72,2000
tep,0,0,MBW-LR,mixed_spurious_timing_late,0.0,0.5,0.81,2000
tep,0,0,MBW-LR,mixed_spurious_timing_late,0.0,0.6666667,0.905,2000
tep,0,0,MBW-LR,mixed_spurious_timing_late,0.0,0.8333333,0.96,2000
tep,0,0,MBW-LR,mixed_spurious_timing_late,0.0,1.0,0.965,2000
tep,0,0,MBW-LR,mixed_spurious_timing_late,0.05,0.1666667,0.57,2000
tep,0,0,MBW-LR,mixed_spurious_timing_late,0.05,0.3333333,0.57,2000
tep,0,0,MBW-LR,mixed_spurious_timing_late,0.05,0.5,0.7175,2000
tep,0,0,MBW-LR,mixed_spurious_timing_late,0.05,0.6666667,0.8595,2000
tep,0,0,MBW-LR,mixed_spurious_timing_late,0.05,0.8333333,0.907,2000
tep,0,0,MBW-LR,mixed_spurious_timing_late,0.05,1.0,0.9145,2000
tep,0,0,MBW-LR,mixed_spurious_timing_late,0.1,0.1666667,0.6375,2000
tep,0,0,MBW-LR,mixed_spurious_timing_late,0.1,0.3333333,0.6375,2000
tep,0,0,MBW-LR,mixed_spurious_timing_late,0.1,0.5,0.761,2000
tep,0,0,MBW-LR,mixed_spurious_timing_late,0.1,0.6666667,0.846,2000
tep,0,0,MBW-LR,mixed_spurious_timing_late,0.1,0.8333333,0.873,2000
tep,0,0,MBW-LR,mixed_spurious_timing_late,0.1,1.0,0.9125,2000
tep,0,0,MBW-LR,mixed_spurious_timing_late,0.15,0.1666667,0.5235,2000
tep,0,0,MBW-LR,mixed_spurious_timing_late,0.15,0.3333333,0.5235,2000
tep,0,0,MBW-LR,mixed_spurious_timing_late,0.15,0.5,0.7025,2000
tep,0,0,MBW-LR,mixed_spurious_timing_late,0.15,0.6666667,0.8315,2000
tep,0,0,MBW-LR,mixed_spurious_timing_late,0.15,0.8333333,0.846,2000
tep,0,0,MBW-LR,mixed_spurious_timing_late,0.15,1.0,0.875,2000
tep,0,0,MBW-LR,mixed_spurious_timing_late,0.2,0.1666667,0.4805,2000
tep,0,0,MBW-LR,mixed_spurious_timing_late,0.2,0.3333333,0.4805,2000
tep,0,0,MBW-LR,mixed_spurious_timing_late,0.2,0.5,0.6785,2000
tep,0,0,MBW-LR,mixed_spurious_timing_late,0.2,0.6666667,0.7865,2000
tep,0,0,MBW-LR,mixed_spurious_timing_late,0.2,0.8333333,0.7865,2000
tep,0,0,MBW-LR,mixed_spurious_timing_late,0.2,1.0,0.831,2000
tep,0,0,MBW-LR,mixed_spurious_timing_late,0.25,0.1666667,0.5485,2000
tep,0,0,MBW-LR,mixed_spurious_timing_late,0.25,0.3333333,0.5485,2000
tep,0,0,MBW-LR,mixed_spurious_timing_late,0.25,0.5,0.7035,2000
tep,0,0,MBW-LR,mixed_spurious_timing_late,0.25,0.6666667,0.7035,2000
tep,0,0,MBW-LR,mixed_spurious_timing_late,0.25,0.8333333,0.7805,2000
tep,0,0,MBW-LR,mixed_spurious_timing_late,0.25,1.0,0.814,2000
tep,0,0,MBW-LR,mixed_spurious_timing_late,0.3,0.1666667,0.563,2000
tep,0,0,MBW-LR,mixed_spurious_timing_late,0.3,0.3333333,0.563,2000
tep,0,0,MBW-LR,mixed_spurious_timing_late,0.3,0.5,0.7125,2000
tep,0,0,MBW-LR,mixed_spurious_timing_late,0.3,0.6666667,0.7125,2000
tep,0,0,MBW-LR,mixed_spurious_timing_late,0.3,0.8333333,0.7615,2000
tep,0,0,MBW-LR,mixed_spurious_timing_late,0.3,1.0,0.7825,2000
tep,0,0,MBW-LR,mixed_spurious_timing_late,0.4,0.1666667,0.5965,2000
tep,0,0,MBW-LR,mixed_spurious_timing_late,0.4,0.3333333,0.5965,2000
tep,0,0,MBW-LR,mixed_spurious_timing_late,0.4,0.5,0.5965,2000
tep,0,0,MBW-LR,mixed_spurious_timing_late,0.4,0.6666667,0.6945,2000
tep,0,0,MBW-LR,mixed_spurious_timing_late,0.4,0.8333333,0.6945,2000
tep,0,0,MBW-LR,mixed_spurious_timing_late,0.4,1.0,0.7155,2000
tep,0,0,MBW-LR,mixed_spurious_timing_late,0.5,0.1666667,0.577,2000
tep,0,0,MBW-LR,mixed_spurious_timing_late,0.5,0.3333333,0.577,2000
tep,0,0,MBW-LR,mixed_spurious_timing_late,0.5,0.5,0.577,2000
tep,0,0,MBW-LR,mixed_spurious_timing_late,0.5,0.6666667,0.577,2000
tep,0,0,MBW-LR,mixed_spurious_timing_late,0.5,0.8333333,0.6125,2000
tep,0,0,MBW-LR,mixed_spurious_timing_late,0.5,1.0,0.639,2000
tep,0,0,MBW-LR,mixed_spurious_timing_late,0.6,0.1666667,0.519,2000
tep,0,0,MBW-LR,mixed_spurious_timing_late,0.6,0.3333333,0.519,2000
tep,0,0,MBW-LR,mixed_spurious_timing_late,0.6,0.5,0.519,2000
tep,0,0,MBW-LR,mixed_spurious_timing_late,0.6,0.6666667,0.519,2000
tep,0,0,MBW-LR,mixed_spurious_timing_late,0.6,0.8333333,0.519,2000
tep,0,0,MBW-LR,mixed_spurious_timing_late,0.6,1.0,0.5245,2000
tep,0,0,MBW-LR,mixed_spurious_timing_late,0.7,0.1666667,0.4385,2000
tep,0,0,MBW-LR,mixed_spurious_timing_late,0.7,0.3333333,0.4385,2000
tep,0,0,MBW-LR,mixed_spurious_timing_late,0.7,0.5,0.4385,2000
tep,0,0,MBW-LR,mixed_spurious_timing_late,0.7,0.6666667,0.4385,2000
tep,0,0,MBW-LR,mixed_spurious_timing_late,0.7,0.8333333,0.4385,2000
tep,0,0,MBW-LR,mixed_spurious_timing_late,0.7,1.0,0.4495,2000
tep,0,0,MBW-LR,mixed_spurious_timing_late,0.8,0.1666667,0.4125,2000
tep,0,0,MBW-LR,mixed_spurious_timing_late,0.8,0.3333333,0.4125,2000
tep,0,0,MBW-LR,mixed_spurious_timing_late,0.8,0.5,0.4125,2000
tep,0,0,MBW-LR,mixed_spurious_timing_late,0.8,0.6666667,0.4125,2000
tep,0,0,MBW-LR,mixed_spurious_timing_late,0.8,0.8333333,0.4125,2000
tep,0,0,MBW-LR,mixed_spurious_timing_late,0.8,1.0,0.398,2000
tep,0,0,MBW-LR,mixed_spurious_timing_late,0.9,0.1666667,0.3885,2000
tep,0,0,MBW-LR,mixed_spurious_timing_late,0.9,0.3333333,0.3885,2000
tep,0,0,MBW-LR,mixed_spurious_timing_late,0.9,0.5,0.3885,2000
tep,0,0,MBW-LR,mixed_spurious_timing_late,0.9,0.6666667,0.3885,2000
tep,0,0,MBW-LR,mixed_spurious_timing_late,0.9,0.8333333,0.3885,2000
tep,0,0,MBW-LR,mixed_spurious_timing_late,0.9,1.0,0.3885,2000
tep,0,0,MBW-LR,spurious_events,0.0,0.1666667,0.72,2000
tep,0,0,MBW-LR,spurious_events,0.0,0.3333333,0.72,2000
tep,0,0,MBW-LR,spurious_events,0.0,0.5,0.81,2000
tep,0,0,MBW-LR,spurious_events,0.0,0.6666667,0.905,2000
tep,0,0,MBW-LR,spurious_events,0.0,0.8333333,0.96,2000
tep,0,0,MBW-LR,spurious_events,0.0,1.0,0.965,2000
tep,0,0,MBW-LR,spurious_events,0.05,0.1666667,0.683,2000
tep,0,0,MBW-LR,spurious_events,0.05,0.3333333,0.683,2000
tep,0,0,MBW-LR,spurious_events,0.05,0.5,0.778,2000
tep,0,0,MBW-LR,spurious_events,0.05,0.6666667,0.859,2000
tep,0,0,MBW-LR,spurious_events,0.05,0.8333333,0.908,2000
tep,0,0,MBW-LR,spurious_events,0.05,1.0,0.935,2000
tep,0,0,MBW-LR,spurious_events,0.1,0.1666667,0.6435,2000
tep,0,0,MBW-LR,spurious_events,0.1,0.3333333,0.6435,2000
tep,0,0,MBW-LR,spurious_events,0.1,0.5,0.728,2000
tep,0,0,MBW-LR,spurious_events,0.1,0.6666667,0.8055,2000
tep,0,0,MBW-LR,spurious_events,0.1,0.8333333,0.8465,2000
tep,0,0,MBW-LR,spurious_events,0.1,1.0,0.902,2000
tep,0,0,MBW-LR,spurious_events,0.15,0.1666667,0.6015,2000
tep,0,0,MBW-LR,spurious_events,0.15,0.3333333,0.6015,2000
tep,0,0,MBW-LR,spurious_events,0.15,0.5,0.688,2000
tep,0,0,MBW-LR,spurious_events,0.15,0.6666667,0.7695,2000
tep,0,0,MBW-LR,spurious_events,0.15,0.8333333,0.815,2000
tep,0,0,MBW-LR,spurious_events,0.15,1.0,0.857,2000
tep,0,0,MBW-LR,spurious_events,0.2,0.1666667,0.5865,2000
tep,0,0,MBW-LR,spurious_events,0.2,0.3333333,0.5865,2000
tep,0,0,MBW-LR,spurious_events,0.2,0.5,0.639,2000
tep,0,0,MBW-LR,spurious_events,0.2,0.6666667,0.705,2000
tep,0,0,MBW-LR,spurious_events,0.2,0.8333333,0.7545,2000
tep,0,0,MBW-LR,spurious_events,0.2,1.0,0.807,2000
tep,0,0,MBW-LR,spurious_events,0.25,0.1666667,0.567,2000
tep,0,0,MBW-LR,spurious_events,0.25,0.3333333,0.567,2000
tep,0,0,MBW-LR,spurious_events,0.25,0.5,0.6205,2000
tep,0,0,MBW-LR,spurious_events,0.25,0.6666667,0.6745,2000
tep,0,0,MBW-LR,spurious_events,0.25,0.8333333,0.7135,2000
tep,0,0,MBW-LR,spurious_events,0.25,1.0,0.7675,2000
tep,0,0,MBW-LR,spurious_events,0.3,0.1666667,0.53,2000
tep,0,0,MBW-LR,spurious_events,0.3,0.3333333,0.53,2000
tep,0,0,MBW-LR,spurious_events,0.3,0.5,0.582,2000
tep,0,0,MBW-LR,spurious_events,0.3,0.6666667,0.6355,2000
tep,0,0,MBW-LR,spurious_events,0.3,0.8333333,0.6745,2000
tep,0,0,MBW-LR,spurious_events,0.3,1.0,0.7275,2000
tep,0,0,MBW-LR,spurious_events,0.4,0.1666667,0.4935,2000
tep,0,0,MBW-LR,spurious_events,0.4,0.3333333,0.4935,2000
tep,0,0,MBW-LR,spurious_events,0.4,0.5,0.5315,2000
tep,0,0,MBW-LR,spurious_events,0.4,0.6666667,0.57,2000
tep,0,0,MBW-LR,spurious_events,0.4,0.8333333,0.602,2000
tep,0,0,MBW-LR,spurious_events,0.4,1.0,0.645,2000
tep,0,0,MBW-LR,spurious_events,0.5,0.1666667,0.483,2000
tep,0,0,MBW-LR,spurious_events,0.5,0.3333333,0.483,2000
tep,0,0,MBW-LR,spurious_events,0.5,0.5,0.4915,2000
tep,0,0,MBW-LR,spurious_events,0.5,0.6666667,0.5115,2000
tep,0,0,MBW-LR,spurious_events,0.5,0.8333333,0.5445,2000
tep,0,0,MBW-LR,spurious_events,0.5,1.0,0.5915,2000
tep,0,0,MBW-LR,spurious_events,0.6,0.1666667,0.4645,2000
tep,0,0,MBW-LR,spurious_events,0.6,0.3333333,0.4645,2000
tep,0,0,MBW-LR,spurious_events,0.6,0.5,0.478,2000
tep,0,0,MBW-LR,spurious_events,0.6,0.6666667,0.492,2000
tep,0,0,MBW-LR,spurious_events,0.6,0.8333333,0.515,2000
tep,0,0,MBW-LR,spurious_events,0.6,1.0,0.5435,2000
tep,0,0,MBW-LR,spurious_events,0.7,0.1666667,0.4155,2000
tep,0,0,MBW-LR,spurious_events,0.7,0.3333333,0.4155,2000
tep,0,0,MBW-LR,spurious_events,0.7,0.5,0.446,2000
tep,0,0,MBW-LR,spurious_events,0.7,0.6666667,0.448,2000
tep,0,0,MBW-LR,spurious_events,0.7,0.8333333,0.467,2000
tep,0,0,MBW-LR,spurious_events,0.7,1.0,0.504,2000
tep,0,0,MBW-LR,spurious_events,0.8,0.1666667,0.3815,2000
tep,0,0,MBW-LR,spurious_events,0.8,0.3333333,0.3815,2000
tep,0,0,MBW-LR,spurious_events,0.8,0.5,0.4045,2000
tep,0,0,MBW-LR,spurious_events,0.8,0.6666667,0.4125,2000
tep,0,0,MBW-LR,spurious_events,0.8,0.8333333,0.4225,2000
tep,0,0,MBW-LR,spurious_events,0.8,1.0,0.445,2000
tep,0,0,MBW-LR,spurious_events,0.9,0.1666667,0.4005,2000
tep,0,0,MBW-LR,spurious_events,0.9,0.3333333,0.4005,2000
tep,0,0,MBW-LR,spurious_events,0.9,0.5,0.4115,2000
tep,0,0,MBW-LR,spurious_events,0.9,0.6666667,0.4155,2000
tep,0,0,MBW-LR,spurious_events,0.9,0.8333333,0.4125,2000
tep,0,0,MBW-LR,spurious_events,0.9,1.0,0.436,2000
tep,0,0,MBW-LR,timing_uncertainty,0.0,0.1666667,0.72,2000
tep,0,0,MBW-LR,timing_uncertainty,0.0,0.3333333,0.72,2000
tep,0,0,MBW-LR,timing_uncertainty,0.0,0.5,0.81,2000
tep,0,0,MBW-LR,timing_uncertainty,0.0,0.6666667,0.905,2000
tep,0,0,MBW-LR,timing_uncertainty,0.0,0.8333333,0.96,2000
tep,0,0,MBW-LR,timing_uncertainty,0.0,1.0,0.965,2000
tep,0,0,MBW-LR,timing_uncertainty,0.05,0.1666667,0.719,2000
tep,0,0,MBW-LR,timing_uncertainty,0.05,0.3333333,0.719,2000
tep,0,0,MBW-LR,timing_uncertainty,0.05,0.5,0.808,2000
tep,0,0,MBW-LR,timing_uncertainty,0.05,0.6666667,0.905,2000
tep,0,0,MBW-LR,timing_uncertainty,0.05,0.8333333,0.959,2000
tep,0,0,MBW-LR,timing_uncertainty,0.05,1.0,0.966,2000
tep,0,0,MBW-LR,timing_uncertainty,0.1,0.1666667,0.7205,2000
tep,0,0,MBW-LR,timing_uncertainty,0.1,0.3333333,0.7205,2000
tep,0,0,MBW-LR,timing_uncertainty,0.1,0.5,0.802,2000
tep,0,0,MBW-LR,timing_uncertainty,0.1,0.6666667,0.905,2000
tep,0,0,MBW-LR,timing_uncertainty,0.1,0.8333333,0.958,2000
tep,0,0,MBW-LR,timing_uncertainty,0.1,1.0,0.9655,2000
tep,0,0,MBW-LR,timing_uncertainty,0.15,0.1666667,0.727,2000
tep,0,0,MBW-LR,timing_uncertainty,0.15,0.3333333,0.727,2000
tep,0,0,MBW-LR,timing_uncertainty,0.15,0.5,0.8055,2000
tep,0,0,MBW-LR,timing_uncertainty,0.15,0.6666667,0.8975,2000
tep,0,0,MBW-LR,timing_uncertainty,0.15,0.8333333,0.948,2000
tep,0,0,MBW-LR,timing_uncertainty,0.15,1.0,0.9595,2000
tep,0,0,MBW-LR,timing_uncertainty,0.2,0.1666667,0.723,2000
tep,0,0,MBW-LR,timing_uncertainty,0.2,0.3333333,0.723,2000
tep,0,0,MBW-LR,timing_uncertainty,0.2,0.5,0.795,2000
tep,0,0,MBW-LR,timing_uncertainty,0.2,0.6666667,0.8975,2000
tep,0,0,MBW-LR,timing_uncertainty,0.2,0.8333333,0.9385,2000
tep,0,0,MBW-LR,timing_uncertainty,0.2,1.0,0.949,2000
tep,0,0,MBW-LR,timing_uncertainty,0.25,0.1666667,0.7175,2000
tep,0,0,MBW-LR,timing_uncertainty,0.25,0.3333333,0.7175,2000
tep,0,0,MBW-LR,timing_uncertainty,0.25,0.5,0.7915,2000
tep,0,0,MBW-LR,timing_uncertainty,0.25,0.6666667,0.8845,2000
tep,0,0,MBW-LR,timing_uncertainty,0.25,0.8333333,0.936,2000
tep,0,0,MBW-LR,timing_uncertainty,0.25,1.0,0.9435,2000
tep,0,0,MBW-LR,timing_uncertainty,0.3,0.1666667,0.7,2000
tep,0,0,MBW-LR,timing_uncertainty,0.3,0.3333333,0.7,2000
tep,0,0,MBW-LR,timing_uncertainty,0.3,0.5,0.798,2000
tep,0,0,MBW-LR,timing_uncertainty,0.3,0.6666667,0.872,2000
tep,0,0,MBW-LR,timing_uncertainty,0.3,0.8333333,0.919,2000
tep,0,0,MBW-LR,timing_uncertainty,0.3,1.0,0.9405,2000
tep,0,0,MBW-LR,timing_uncertainty,0.4,0.1666667,0.6995,2000
tep,0,0,MBW-LR,timing_uncertainty,0.4,0.3333333,0.6995,2000
tep,0,0,MBW-LR,timing_uncertainty,0.4,0.5,0.7815,2000
tep,0,0,MBW-LR,timing_uncertainty,0.4,0.6666667,0.8655,2000
tep,0,0,MBW-LR,timing_uncertainty,0.4,0.8333333,0.902,2000
tep,0,0,MBW-LR,timing_uncertainty,0.4,1.0,0.9305,2000
tep,0,0,MBW-LR,timing_uncertainty,0.5,0.1666667,0.6925,2000
tep,0,0,MBW-LR,timing_uncertainty,0.5,0.3333333,0.6925,2000
tep,0,0,MBW-LR,timing_uncertainty,0.5,0.5,0.774,2000
tep,0,0,MBW-LR,timing_uncertainty,0.5,0.6666667,0.8665,2000
tep,0,0,MBW-LR,timing_uncertainty,0.5,0.8333333,0.891,2000
tep,0,0,MBW-LR,timing_uncertainty,0.5,1.0,0.9155,2000
tep,0,0,MBW-LR,timing_uncertainty,0.6,0.1666667,0.6885,2000
tep,0,0,MBW-LR,timing_uncertainty,0.6,0.3333333,0.6885,2000
tep,0,0,MBW-LR,timing_uncertainty,0.6,0.5,0.7755,2000
tep,0,0,MBW-LR,timing_uncertainty,0.6,0.6666667,0.867,2000
tep,0,0,MBW-LR,timing_uncertainty,0.6,0.8333333,0.9025,2000
tep,0,0,MBW-LR,timing_uncertainty,0.6,1.0,0.9155,2000
tep,0,0,MBW-LR,timing_uncertainty,0.7,0.1666667,0.703,2000
tep,0,0,MBW-LR,timing_uncertainty,0.7,0.3333333,0.703,2000
tep,0,0,MBW-LR,timing_uncertainty,0.7,0.5,0.774,2000
tep,0,0,MBW-LR,timing_uncertainty,0.7,0.6666667,0.8645,2000
tep,0,0,MBW-LR,timing_uncertainty,0.7,0.8333333,0.8965,2000
tep,0,0,MBW-LR,timing_uncertainty,0.7,1.0,0.9085,2000
tep,0,0,MBW-LR,timing_uncertainty,0.8,0.1666667,0.7005,2000
tep,0,0,MBW-LR,timing_uncertainty,0.8,0.3333333,0.7005,2000
tep,0,0,MBW-LR,timing_uncertainty,0.8,0.5,0.78,2000
tep,0,0,MBW-LR,timing_uncertainty,0.8,0.6666667,0.8635,2000
tep,0,0,MBW-LR,timing_uncertainty,0.8,0.8333333,0.892,2000
tep,0,0,MBW-LR,timing_uncertainty,0.8,1.0,0.9045,2000
tep,0,0,MBW-LR,timing_uncertainty,0.9,0.1666667,0.693,2000
tep,0,0,MBW-LR,timing_uncertainty,0.9,0.3333333,0.693,2000
tep,0,0,MBW-LR,timing_uncertainty,0.9,0.5,0.8,2000
tep,0,0,MBW-LR,timing_uncertainty,0.9,0.6666667,0.8715,2000
tep,0,0,MBW-LR,timing_uncertainty,0.9,0.8333333,0.885,2000
tep,0,0,MBW-LR,timing_uncertainty,0.9,1.0,0.8965,2000
tep,0,0,WDI-1NN,late_time_delay,0.0,0.1666667,0.425,2000
tep,0,0,WDI-1NN,late_time_delay,0.0,0.3333333,0.425,2000
tep,0,0,WDI-1NN,late_time_delay,0.0,0.5,0.405,2000
tep,0,0,WDI-1NN,late_time_delay,0.0,0.6666667,0.54,2000
tep,0,0,WDI-1NN,late_time_delay,0.0,0.8333333,0.745,2000
tep,0,0,WDI-1NN,late_time_delay,0.0,1.0,0.905,2000
tep,0,0,WDI-1NN,late_time_delay,0.05,0.1666667,0.395,2000
tep,0,0,WDI-1NN,late_time_delay,0.05,0.3333333,0.395,2000
tep,0,0,WDI-1NN,late_time_delay,0.05,0.5,0.42,2000
tep,0,0,WDI-1NN,late_time_delay,0.05,0.6666667,0.565,2000
tep,0,0,WDI-1NN,late_time_delay,0.05,0.8333333,0.755,2000
tep,0,0,WDI-1NN,late_time_delay,0.05,1.0,0.835,2000
tep,0,0,WDI-1NN,late_time_delay,0.1,0.1666667,0.415,2000
tep,0,0,WDI-1NN,late_time_delay,0.1,0.3333333,0.415,2000
tep,0,0,WDI-1NN,late_time_delay,0.1,0.5,0.445,2000
tep,0,0,WDI-1NN,late_time_delay,0.1,0.6666667,0.605,2000
tep,0,0,WDI-1NN,late_time_delay,0.1,0.8333333,0.775,2000
tep,0,0,WDI-1NN,late_time_delay,0.1,1.0,0.845,2000
tep,0,0,WDI-1NN,late_time_delay,0.15,0.1666667,0.365,2000
tep,0,0,WDI-1NN,late_time_delay,0.15,0.3333333,0.365,2000
tep,0,0,WDI-1NN,late_time_delay,0.15,0.5,0.45,2000
tep,0,0,WDI-1NN,late_time_delay,0.15,0.6666667,0.66,2000
tep,0,0,WDI-1NN,late_time_delay,0.15,0.8333333,0.835,2000
tep,0,0,WDI-1NN,late_time_delay,0.15,1.0,0.84,2000
tep,0,0,WDI-1NN,late_time_delay,0.2,0.1666667,0.38,2000
tep,0,0,WDI-1NN,late_time_delay,0.2,0.3333333,0.38,2000
tep,0,0,WDI-1NN,late_time_delay,0.2,0.5,0.485,2000
tep,0,0,WDI-1NN,late_time_delay,0.2,0.6666667,0.66,2000
tep,0,0,WDI-1NN,late_time_delay,0.2,0.8333333,0.66,2000
tep,0,0,WDI-1NN,late_time_delay,0.2,1.0,0.835,2000
tep,0,0,WDI-1NN,late_time_delay,0.25,0.1666667,0.37,2000
tep,0,0,WDI-1NN,late_time_delay,0.25,0.3333333,0.37,2000
tep,0,0,WDI-1NN,late_time_delay,0.25,0.5,0.46,2000
tep,0,0,WDI-1NN,late_time_delay,0.25,0.6666667,0.46,2000
tep,0,0,WDI-1NN,late_time_delay,0.25,0.8333333,0.685,2000
tep,0,0,WDI-1NN,late_time_delay,0.25,1.0,0.84,2000
tep,0,0,WDI-1NN,late_time_delay,0.3,0.1666667,0.385,2000
tep,0,0,WDI-1NN,late_time_delay,0.3,0.3333333,0.385,2000
tep,0,0,WDI-1NN,late_time_delay,0.3,0.5,0.535,2000
tep,0,0,WDI-1NN,late_time_delay,0.3,0.6666667,0.535,2000
tep,0,0,WDI-1NN,late_time_delay,0.3,0.8333333,0.765,2000
tep,0,0,WDI-1NN,late_time_delay,0.3,1.0,0.835,2000
tep,0,0,WDI-1NN,late_time_delay,0.4,0.1666667,0.4,2000
tep,0,0,WDI-1NN,late_time_delay,0.4,0.3333333,0.4,2000
tep,0,0,WDI-1NN,late_time_delay,0.4,0.5,0.4,2000
tep,0,0,WDI-1NN,late_time_delay,0.4,0.6666667,0.56,2000
tep,0,0,WDI-1NN,late_time_delay,0.4,0.8333333,0.56,2000
tep,0,0,WDI-1NN,late_time_delay,0.4,1.0,0.795,2000
tep,0,0,WDI-1NN,late_time_delay,0.5,0.1666667,0.395,2000
tep,0,0,WDI-1NN,late_time_delay,0.5,0.3333333,0.395,2000
tep,0,0,WDI-1NN,late_time_delay,0.5,0.5,0.395,2000
tep,0,0,WDI-1NN,late_time_delay,0.5,0.6666667,0.395,2000
tep,0,0,WDI-1NN,late_time_delay,0.5,0.8333333,0.585,2000
tep,0,0,WDI-1NN,late_time_delay,0.5,1.0,0.725,2000
tep,0,0,WDI-1NN,late_time_delay,0.6,0.1666667,0.47,2000
tep,0,0,WDI-1NN,late_time_delay,0.6,0.3333333,0.47,2000
tep,0,0,WDI-1NN,late_time_delay,0.6,0.5,0.47,2000
tep,0,0,WDI-1NN,late_time_delay,0.6,0.6666667,0.47,2000
tep,0,0,WDI-1NN,late_time_delay,0.6,0.8333333,0.47,2000
tep,0,0,WDI-1NN,late_time_delay,0.6,1.0,0.615,2000
tep,0,0,WDI-1NN,late_time_delay,0.7,0.1666667,0.525,2000
tep,0,0,WDI-1NN,late_time_delay,0.7,0.3333333,0.525,2000
tep,0,0,WDI-1NN,late_time_delay,0.7,0.5,0.525,2000
tep,0,0,WDI-1NN,late_time_delay,0.7,0.6666667,0.525,2000
tep,0,0,WDI-1NN,late_time_delay,0.7,0.8333333,0.525,2000
tep,0,0,WDI-1NN,late_time_delay,0.7,1.0,0.52,2000
tep,0,0,WDI-1NN,late_time_delay,0.8,0.1666667,0.5,2000
tep,0,0,WDI-1NN,late_time_delay,0.8,0.3333333,0.5,2000
tep,0,0,WDI-1NN,late_time_delay,0.8,0.5,0.5,2000
tep,0,0,WDI-1NN,late_time_delay,0.8,0.6666667,0.5,2000
tep,0,0,WDI-1NN,late_time_delay,0.8,0.8333333,0.5,2000
tep,0,0,WDI-1NN,late_time_delay,0.8,1.0,0.495,2000
tep,0,0,WDI-1NN,late_time_delay,0.9,0.1666667,0.475,2000
tep,0,0,WDI-1NN,late_time_delay,0.9,0.3333333,0.475,2000
tep,0,0,WDI-1NN,late_time_delay,0.9,0.5,0.475,2000
tep,0,0,WDI-1NN,late_time_delay,0.9,0.6666667,0.475,2000
tep,0,0,WDI-1NN,late_time_delay,0.9,0.8333333,0.475,2000
tep,0,0,WDI-1NN,late_time_delay,0.9,1.0,0.475,2000
tep,0,0,WDI-1NN,missing_events,0.0,0.1666667,0.425,2000
tep,0,0,WDI-1NN,missing_events,0.0,0.3333333,0.425,2000
tep,0,0,WDI-1NN,missing_events,0.0,0.5,0.405,2000
tep,0,0,WDI-1NN,missing_events,0.0,0.6666667,0.54,2000
tep,0,0,WDI-1NN,missing_events,0.0,0.8333333,0.745,2000
tep,0,0,WDI-1NN,missing_events,0.0,1.0,0.905,2000
tep,0,0,WDI-1NN,missing_events,0.05,0.1666667,0.426,2000
tep,0,0,WDI-1NN,missing_events,0.05,0.3333333,0.426,2000
tep,0,0,WDI-1NN,missing_events,0.05,0.5,0.4055,2000
tep,0,0,WDI-1NN,missing_events,0.05,0.6666667,0.54,2000
tep,0,0,WDI-1NN,missing_events,0.05,0.8333333,0.7375,2000
tep,0,0,WDI-1NN,missing_events,0.05,1.0,0.9065,2000
tep,0,0,WDI-1NN,missing_events,0.1,0.1666667,0.423,2000
tep,0,0,WDI-1NN,missing_events,0.1,0.3333333,0.423,2000
tep,0,0,WDI-1NN,missing_events,0.1,0.5,0.404,2000
tep,0,0,WDI-1NN,missing_events,0.1,0.6666667,0.531,2000
tep,0,0,WDI-1NN,missing_events,0.1,0.8333333,0.728,2000
tep,0,0,WDI-1NN,missing_events,0.1,1.0,0.9005,2000
tep,0,0,WDI-1NN,missing_events,0.15,0.1666667,0.421,2000
tep,0,0,WDI-1NN,missing_events,0.15,0.3333333,0.421,2000
tep,0,0,WDI-1NN,missing_events,0.15,0.5,0.404,2000
tep,0,0,WDI-1NN,missing_events,0.15,0.6666667,0.525,2000
tep,0,0,WDI-1NN,missing_events,0.15,0.8333333,0.721,2000
tep,0,0,WDI-1NN,missing_events,0.15,1.0,0.899,2000
tep,0,0,WDI-1NN,missing_events,0.2,0.1666667,0.4195,2000
tep,0,0,WDI-1NN,missing_events,0.2,0.3333333,0.4195,2000
tep,0,0,WDI-1NN,missing_events,0.2,0.5,0.3965,2000
tep,0,0,WDI-1NN,missing_events,0.2,0.6666667,0.518,2000
tep,0,0,WDI-1NN,missing_events,0.2,0.8333333,0.7025,2000
tep,0,0,WDI-1NN,missing_events,0.2,1.0,0.8875,2000
tep,0,0,WDI-1NN,missing_events,0.25,0.1666667,0.4185,2000
tep,0,0,WDI-1NN,missing_events,0.25,0.3333333,0.4185,2000
tep,0,0,WDI-1NN,missing_events,0.25,0.5,0.3945,2000
tep,0,0,WDI-1NN,missing_events,0.25,0.6666667,0.507,2000
tep,0,0,WDI-1NN,missing_events,0.25,0.8333333,0.68,2000
tep,0,0,WDI-1NN,missing_events,0.25,1.0,0.888,2000
tep,0,0,WDI-1NN,missing_events,0.3,0.1666667,0.415,2000
tep,0,0,WDI-1NN,missing_events,0.3,0.3333333,0.415,2000
tep,0,0,WDI-1NN,missing_events,0.3,0.5,0.394,2000
tep,0,0,WDI-1NN,missing_events,0.3,0.6666667,0.4975,2000
tep,0,0,WDI-1NN,missing_events,0.3,0.8333333,0.677,2000
tep,0,0,WDI-1NN,missing_events,0.3,1.0,0.89,2000
tep,0,0,WDI-1NN,missing_events,0.4,0.1666667,0.412,2000
tep,0,0,WDI-1NN,missing_events,0.4,0.3333333,0.412,2000
tep,0,0,WDI-1NN,missing_events,0.4,0.5,0.403,2000
tep,0,0,WDI-1NN,missing_events,0.4,0.6666667,0.483,2000
tep,0,0,WDI-1NN,missing_events,0.4,0.8333333,0.6285,2000
tep,0,0,WDI-1NN,missing_events,0.4,1.0,0.875,2000
tep,0,0,WDI-1NN,missing_events,0.5,0.1666667,0.404,2000
tep,0,0,WDI-1NN,missing_events,0.5,0.3333333,0.404,2000
tep,0,0,WDI-1NN,missing_events,0.5,0.5,0.3895,2000
tep,0,0,WDI-1NN,missing_events,0.5,0.6666667,0.4525,2000
tep,0,0,WDI-1NN,missing_events,0.5,0.8333333,0.576,2000
tep,0,0,WDI-1NN,missing_events,0.5,1.0,0.8515,2000
tep,0,0,WDI-1NN,missing_events,0.6,0.1666667,0.37,2000
tep,0,0,WDI-1NN,missing_events,0.6,0.3333333,0.37,2000
tep,0,0,WDI-1NN,missing_events,0.6,0.5,0.379,2000
tep,0,0,WDI-1NN,missing_events,0.6,0.6666667,0.425,2000
tep,0,0,WDI-1NN,missing_events,0.6,0.8333333,0.514,2000
tep,0,0,WDI-1NN,missing_events,0.6,1.0,0.777,2000
tep,0,0,WDI-1NN,missing_events,0.7,0.1666667,0.3645,2000
tep,0,0,WDI-1NN,missing_events,0.7,0.3333333,0.3645,2000
tep,0,0,WDI-1NN,missing_events,0.7,0.5,0.3765,2000
tep,0,0,WDI-1NN,missing_events,0.7,0.6666667,0.3985,2000
tep,0,0,WDI-1NN,missing_events,0.7,0.8333333,0.4365,2000
tep,0,0,WDI-1NN,missing_events,0.7,1.0,0.6745,2000
tep,0,0,WDI-1NN,missing_events,0.8,0.1666667,0.3445,2000
tep,0,0,WDI-1NN,missing_events,0.8,0.3333333,0.3445,2000
tep,0,0,WDI-1NN,missing_events,0.8,0.5,0.362,2000
tep,0,0,WDI-1NN,missing_events,0.8,0.6666667,0.3925,2000
tep,0,0,WDI-1NN,missing_events,0.8,0.8333333,0.4045,2000
tep,0,0,WDI-1NN,missing_events,0.8,1.0,0.5325,2000
tep,0,0,WDI-1NN,missing_events,0.9,0.1666667,0.3225,2000
tep,0,0,WDI-1NN,missing_events,0.9,0.3333333,0.3225,2000
tep,0,0,WDI-1NN,missing_events,0.9,0.5,0.34,2000
tep,0,0,WDI-1NN,missing_events,0.9,0.6666667,0.359,2000
tep,0,0,WDI-1NN,missing_events,0.9,0.8333333,0.363,2000
tep,0,0,WDI-1NN,missing_events,0.9,1.0,0.4575,2000
tep,0,0,WDI-1NN,mixed_missing_spurious,0.0,0.1666667,0.425,2000
tep,0,0,WDI-1NN,mixed_missing_spurious,0.0,0.3333333,0.425,2000
tep,0,0,WDI-1NN,mixed_missing_spurious,0.0,0.5,0.405,2000
tep,0,0,WDI-1NN,mixed_missing_spurious,0.0,0.6666667,0.54,2000
tep,0,0,WDI-1NN,mixed_missing_spurious,0.0,0.8333333,0.745,2000
tep,0,0,WDI-1NN,mixed_missing_spurious,0.0,1.0,0.905,2000
tep,0,0,WDI-1NN,mixed_missing_spurious,0.05,0.1666667,0.4195,2000
tep,0,0,WDI-1NN,mixed_missing_spurious,0.05,0.3333333,0.4195,2000
tep,0,0,WDI-1NN,mixed_missing_spurious,0.05,0.5,0.4105,2000
tep,0,0,WDI-1NN,mixed_missing_spurious,0.05,0.6666667,0.5555,2000
tep,0,0,WDI-1NN,mixed_missing_spurious,0.05,0.8333333,0.736,2000
tep,0,0,WDI-1NN,mixed_missing_spurious,0.05,1.0,0.9005,2000
tep,0,0,WDI-1NN,mixed_missing_spurious,0.1,0.1666667,0.421,2000
tep,0,0,WDI-1NN,mixed_missing_spurious,0.1,0.3333333,0.421,2000
tep,0,0,WDI-1NN,mixed_missing_spurious,0.1,0.5,0.4095,2000
tep,0,0,WDI-1NN,mixed_missing_spurious,0.1,0.6666667,0.548,2000
tep,0,0,WDI-1NN,mixed_missing_spurious,0.1,0.8333333,0.721,2000
tep,0,0,WDI-1NN,mixed_missing_spurious,0.1,1.0,0.884,2000
tep,0,0,WDI-1NN,mixed_missing_spurious,0.15,0.1666667,0.4055,2000
tep,0,0,WDI-1NN,mixed_missing_spurious,0.15,0.3333333,0.4055,2000
tep,0,0,WDI-1NN,mixed_missing_spurious,0.15,0.5,0.418,2000
tep,0,0,WDI-1NN,mixed_missing_spurious,0.15,0.6666667,0.5615,2000
tep,0,0,WDI-1NN,mixed_missing_spurious,0.15,0.8333333,0.709,2000
tep,0,0,WDI-1NN,mixed_missing_spurious,0.15,1.0,0.8745,2000
tep,0,0,WDI-1NN,mixed_missing_spurious,0.2,0.1666667,0.411,2000
tep,0,0,WDI-1NN,mixed_missing_spurious,0.2,0.3333333,0.411,2000
tep,0,0,WDI-1NN,mixed_missing_spurious,0.2,0.5,0.4145,2000
tep,0,0,WDI-1NN,mixed_missing_spurious,0.2,0.6666667,0.564,2000
tep,0,0,WDI-1NN,mixed_missing_spurious,0.2,0.8333333,0.7045,2000
tep,0,0,WDI-1NN,mixed_missing_spurious,0.2,1.0,0.8585,2000
tep,0,0,WDI-1NN,mixed_missing_spurious,0.25,0.1666667,0.4,2000
tep,0,0,WDI-1NN,mixed_missing_spurious,0.25,0.3333333,0.4,2000
tep,0,0,WDI-1NN,mixed_missing_spurious,0.25,0.5,0.433,2000
tep,0,0,WDI-1NN,mixed_missing_spurious,0.25,0.6666667,0.5615,2000
tep,0,0,WDI-1NN,mixed_missing_spurious,0.25,0.8333333,0.7015,2000
tep,0,0,WDI-1NN,mixed_missing_spurious,0.25,1.0,0.8435,2000
tep,0,0,WDI-1NN,mixed_missing_spurious,0.3,0.1666667,0.3915,2000
tep,0,0,WDI-1NN,mixed_missing_spurious,0.3,0.3333333,0.3915,2000
tep,0,0,WDI-1NN,mixed_missing_spurious,0.3,0.5,0.4095,2000
tep,0,0,WDI-1NN,mixed_missing_spurious,0.3,0.6666667,0.533,2000
tep,0,0,WDI-1NN,mixed_missing_spurious,0.3,0.8333333,0.6695,2000
tep,0,0,WDI-1NN,mixed_missing_spurious,0.3,1.0,0.846,2000
tep,0,0,WDI-1NN,mixed_missing_spurious,0.4,0.1666667,0.385,2000
tep,0,0,WDI-1NN,mixed_missing_spurious,0.4,0.3333333,0.385,2000
tep,0,0,WDI-1NN,mixed_missing_spurious,0.4,0.5,0.4105,2000
tep,0,0,WDI-1NN,mixed_missing_spurious,0.4,0.6666667,0.524,2000
tep,0,0,WDI-1NN,mixed_missing_spurious,0.4,0.8333333,0.6575,2000
tep,0,0,WDI-1NN,mixed_missing_spurious,0.4,1.0,0.814,2000
tep,0,0,WDI-1NN,mixed_missing_spurious,0.5,0.1666667,0.365,2000
tep,0,0,WDI-1NN,mixed_missing_spurious,0.5,0.3333333,0.365,2000
tep,0,0,WDI-1NN,mixed_missing_spurious,0.5,0.5,0.383,2000
tep,0,0,WDI-1NN,mixed_missing_spurious,0.5,0.6666667,0.48,2000
tep,0,0,WDI-1NN,mixed_missing_spurious,0.5,0.8333333,0.601,2000
tep,0,0,WDI-1NN,mixed_missing_spurious,0.5,1.0,0.795,2000
tep,0,0,WDI-1NN,mixed_missing_spurious,0.6,0.1666667,0.3435,2000
tep,0,0,WDI-1NN,mixed_missing_spurious,0.6,0.3333333,0.3435,2000
tep,0,0,WDI-1NN,mixed_missing_spurious,0.6,0.5,0.363,2000
tep,0,0,WDI-1NN,mixed_missing_spurious,0.6,0.6666667,0.4415,2000
tep,0,0,WDI-1NN,mixed_missing_spurious,0.6,0.8333333,0.5615,2000
tep,0,0,WDI-1NN,mixed_missing_spurious,0.6,1.0,0.7585,2000
tep,0,0,WDI-1NN,mixed_missing_spurious,0.7,0.1666667,0.3195,2000
tep,0,0,WDI-1NN,mixed_missing_spurious,0.7,0.3333333,0.3195,2000
tep,0,0,WDI-1NN,mixed_missing_spurious,0.7,0.5,0.3445,2000
tep,0,0,WDI-1NN,mixed_missing_spurious,0.7,0.6666667,0.3805,2000
tep,0,0,WDI-1NN,mixed_missing_spurious,0.7,0.8333333,0.478,2000
tep,0,0,WDI-1NN,mixed_missing_spurious,0.7,1.0,0.6995,2000
tep,0,0,WDI-1NN,mixed_missing_spurious,0.8,0.1666667,0.3325,2000
tep,0,0,WDI-1NN,mixed_missing_spurious,0.8,0.3333333,0.3325,2000
tep,0,0,WDI-1NN,mixed_missing_spurious,0.8,0.5,0.3395,2000
tep,0,0,WDI-1NN,mixed_missing_spurious,0.8,0.6666667,0.3505,2000
tep,0,0,WDI-1NN,mixed_missing_spurious,0.8,0.8333333,0.4015,2000
tep,0,0,WDI-1NN,mixed_missing_spurious,0.8,1.0,0.597,2000
tep,0,0,WDI-1NN,mixed_missing_spurious,0.9,0.1666667,0.3095,2000
tep,0,0,WDI-1NN,mixed_missing_spurious,0.9,0.3333333,0.3095,2000
tep,0,0,WDI-1NN,mixed_missing_spurious,0.9,0.5,0.3105,2000
tep,0,0,WDI-1NN,mixed_missing_spurious,0.9,0.6666667,0.331,2000
tep,0,0,WDI-1NN,mixed_missing_spurious,0.9,0.8333333,0.3525,2000
tep,0,0,WDI-1NN,mixed_missing_spurious,0.9,1.0,0.4325,2000
tep,0,0,WDI-1NN,mixed_spurious_timing_late,0.0,0.1666667,0.425,2000
tep,0,0,WDI-1NN,mixed_spurious_timing_late,0.0,0.3333333,0.425,2000
tep,0,0,WDI-1NN,mixed_spurious_timing_late,0.0,0.5,0.405,2000
tep,0,0,WDI-1NN,mixed_spurious_timing_late,0.0,0.6666667,0.54,2000
tep,0,0,WDI-1NN,mixed_spurious_timing_late,0.0,0.8333333,0.745,2000
tep,0,0,WDI-1NN,mixed_spurious_timing_late,0.0,1.0,0.905,2000
tep,0,0,WDI-1NN,mixed_spurious_timing_late,0.05,0.1666667,0.3955,2000
tep,0,0,WDI-1NN,mixed_spurious_timing_late,0.05,0.3333333,0.3955,2000
tep,0,0,WDI-1NN,mixed_spurious_timing_late,0.05,0.5,0.421,2000
tep,0,0,WDI-1NN,mixed_spurious_timing_late,0.05,0.6666667,0.573,2000
tep,0,0,WDI-1NN,mixed_spurious_timing_late,0.05,0.8333333,0.7485,2000
tep,0,0,WDI-1NN,mixed_spurious_timing_late,0.05,1.0,0.8555,2000
tep,0,0,WDI-1NN,mixed_spurious_timing_late,0.1,0.1666667,0.406,2000
tep,0,0,WDI-1NN,mixed_spurious_timing_late,0.1,0.3333333,0.406,2000
tep,0,0,WDI-1NN,mixed_spurious_timing_late,0.1,0.5,0.462,2000
tep,0,0,WDI-1NN,mixed_spurious_timing_late,0.1,0.6666667,0.5965,2000
tep,0,0,WDI-1NN,mixed_spurious_timing_late,0.1,0.8333333,0.7615,2000
tep,0,0,WDI-1NN,mixed_spurious_timing_late,0.1,1.0,0.8515,2000
tep,0,0,WDI-1NN,mixed_spurious_timing_late,0.15,0.1666667,0.361,2000
tep,0,0,WDI-1NN,mixed_spurious_timing_late,0.15,0.3333333,0.361,2000
tep,0,0,WDI-1NN,mixed_spurious_timing_late,0.15,0.5,0.4485,2000
tep,0,0,WDI-1NN,mixed_spurious_timing_late,0.15,0.6666667,0.647,2000
tep,0,0,WDI-1NN,mixed_spurious_timing_late,0.15,0.8333333,0.809,2000
tep,0,0,WDI-1NN,mixed_spurious_timing_late,0.15,1.0,0.842,2000
tep,0,0,WDI-1NN,mixed_spurious_timing_late,0.2,0.1666667,0.359,2000
tep,0,0,WDI-1NN,mixed_spurious_timing_late,0.2,0.3333333,0.359,2000
tep,0,0,WDI-1NN,mixed_spurious_timing_late,0.2,0.5,0.4595,2000
tep,0,0,WDI-1NN,mixed_spurious_timing_late,0.2,0.6666667,0.648,2000
tep,0,0,WDI-1NN,mixed_spurious_timing_late,0.2,0.8333333,0.648,2000
tep,0,0,WDI-1NN,mixed_spurious_timing_late,0.2,1.0,0.8305,2000
tep,0,0,WDI-1NN,mixed_spurious_timing_late,0.25,0.1666667,0.349,2000
tep,0,0,WDI-1NN,mixed_spurious_timing_late,0.25,0.3333333,0.349,2000
tep,0,0,WDI-1NN,mixed_spurious_timing_late,0.25,0.5,0.49,2000
tep,0,0,WDI-1NN,mixed_spurious_timing_late,0.25,0.6666667,0.49,2000
tep,0,0,WDI-1NN,mixed_spurious_timing_late,0.25,0.8333333,0.6845,2000
tep,0,0,WDI-1NN,mixed_spurious_timing_late,0.25,1.0,0.821,2000
tep,0,0,WDI-1NN,mixed_spurious_timing_late,0.3,0.1666667,0.3515,2000
tep,0,0,WDI-1NN,mixed_spurious_timing_late,0.3,0.3333333,0.3515,2000
tep,0,0,WDI-1NN,mixed_spurious_timing_late,0.3,0.5,0.5245,2000
tep,0,0,WDI-1NN,mixed_spurious_timing_late,0.3,0.6666667,0.5245,2000
tep,0,0,WDI-1NN,mixed_spurious_timing_late,0.3,0.8333333,0.723,2000
tep,0,0,WDI-1NN,mixed_spurious_timing_late,0.3,1.0,0.8165,2000
tep,0,0,WDI-1NN,mixed_spurious_timing_late,0.4,0.1666667,0.3615,2000
tep,0,0,WDI-1NN,mixed_spurious_timing_late,0.4,0.3333333,0.3615,2000
tep,0,0,WDI-1NN,mixed_spurious_timing_late,0.4,0.5,0.3615,2000
tep,0,0,WDI-1NN,mixed_spurious_timing_late,0.4,0.6666667,0.548,2000
tep,0,0,WDI-1NN,mixed_spurious_timing_late,0.4,0.8333333,0.548,2000
tep,0,0,WDI-1NN,mixed_spurious_timing_late,0.4,1.0,0.7875,2000
tep,0,0,WDI-1NN,mixed_spurious_timing_late,0.5,0.1666667,0.387,2000
tep,0,0,WDI-1NN,mixed_spurious_timing_late,0.5,0.3333333,0.387,2000
tep,0,0,WDI-1NN,mixed_spurious_timing_late,0.5,0.5,0.387,2000
tep,0,0,WDI-1NN,mixed_spurious_timing_late,0.5,0.6666667,0.387,2000
tep,0,0,WDI-1NN,mixed_spurious_timing_late,0.5,0.8333333,0.6045,2000
tep,0,0,WDI-1NN,mixed_spurious_timing_late,0.5,1.0,0.7295,2000
tep,0,0,WDI-1NN,mixed_spurious_timing_late,0.6,0.1666667,0.424,2000
tep,0,0,WDI-1NN,mixed_spurious_timing_late,0.6,0.3333333,0.424,2000
tep,0,0,WDI-1NN,mixed_spurious_timing_late,0.6,0.5,0.424,2000
tep,0,0,WDI-1NN,mixed_spurious_timing_late,0.6,0.6666667,0.424,2000
tep,0,0,WDI-1NN,mixed_spurious_timing_late,0.6,0.8333333,0.424,2000
tep,0,0,WDI-1NN,mixed_spurious_timing_late,0.6,1.0,0.6515,2000
tep,0,0,WDI-1NN,mixed_spurious_timing_late,0.7,0.1666667,0.455,2000
tep,0,0,WDI-1NN,mixed_spurious_timing_late,0.7,0.3333333,0.455,2000
tep,0,0,WDI-1NN,mixed_spurious_timing_late,0.7,0.5,0.455,2000
tep,0,0,WDI-1NN,mixed_spurious_timing_late,0.7,0.6666667,0.455,2000
tep,0,0,WDI-1NN,mixed_spurious_timing_late,0.7,0.8333333,0.455,2000
tep,0,0,WDI-1NN,mixed_spurious_timing_late,0.7,1.0,0.533,2000
tep,0,0,WDI-1NN,mixed_spurious_timing_late,0.8,0.1666667,0.432,2000
tep,0,0,WDI-1NN,mixed_spurious_timing_late,0.8,0.3333333,0.432,2000
tep,0,0,WDI-1NN,mixed_spurious_timing_late,0.8,0.5,0.432,2000
tep,0,0,WDI-1NN,mixed_spurious_timing_late,0.8,0.6666667,0.432,2000
tep,0,0,WDI-1NN,mixed_spurious_timing_late,0.8,0.8333333,0.432,2000
tep,0,0,WDI-1NN,mixed_spurious_timing_late,0.8,1.0,0.4465,2000
tep,0,0,WDI-1NN,mixed_spurious_timing_late,0.9,0.1666667,0.3845,2000
tep,0,0,WDI-1NN,mixed_spurious_timing_late,0.9,0.3333333,0.3845,2000
tep,0,0,WDI-1NN,mixed_spurious_timing_late,0.9,0.5,0.3845,2000
tep,0,0,WDI-1NN,mixed_spurious_timing_late,0.9,0.6666667,0.3845,2000
tep,0,0,WDI-1NN,mixed_spurious_timing_late,0.9,0.8333333,0.3845,2000
tep,0,0,WDI-1NN,mixed_spurious_timing_late,0.9,1.0,0.3845,2000
tep,0,0,WDI-1NN,spurious_events,0.0,0.1666667,0.425,2000
tep,0,0,WDI-1NN,spurious_events,0.0,0.3333333,0.425,2000
tep,0,0,WDI-1NN,spurious_events,0.0,0.5,0.405,2000
tep,0,0,WDI-1NN,spurious_events,0.0,0.6666667,0.54,2000
tep,0,0,WDI-1NN,spurious_events,0.0,0.8333333,0.745,2000
tep,0,0,WDI-1NN,spurious_events,0.0,1.0,0.905,2000
tep,0,0,WDI-1NN,spurious_events,0.05,0.1666667,0.4215,2000
tep,0,0,WDI-1NN,spurious_events,0.05,0.3333333,0.4215,2000
tep,0,0,WDI-1NN,spurious_events,0.05,0.5,0.4165,2000
tep,0,0,WDI-1NN,spurious_events,0.05,0.6666667,0.559,2000
tep,0,0,WDI-1NN,spurious_events,0.05,0.8333333,0.7295,2000
tep,0,0,WDI-1NN,spurious_events,0.05,1.0,0.8985,2000
tep,0,0,WDI-1NN,spurious_events,0.1,0.1666667,0.417,2000
tep,0,0,WDI-1NN,spurious_events,0.1,0.3333333,0.417,2000
tep,0,0,WDI-1NN,spurious_events,0.1,0.5,0.4145,2000
tep,0,0,WDI-1NN,spurious_events,0.1,0.6666667,0.554,2000
tep,0,0,WDI-1NN,spurious_events,0.1,0.8333333,0.726,2000
tep,0,0,WDI-1NN,spurious_events,0.1,1.0,0.884,2000
tep,0,0,WDI-1NN,spurious_events,0.15,0.1666667,0.419,2000
tep,0,0,WDI-1NN,spurious_events,0.15,0.3333333,0.419,2000
tep,0,0,WDI-1NN,spurious_events,0.15,0.5,0.4325,2000
tep,0,0,WDI-1NN,spurious_events,0.15,0.6666667,0.579,2000
tep,0,0,WDI-1NN,spurious_events,0.15,0.8333333,0.719,2000
tep,0,0,WDI-1NN,spurious_events,0.15,1.0,0.8745,2000
tep,0,0,WDI-1NN,spurious_events,0.2,0.1666667,0.4075,2000
tep,0,0,WDI-1NN,spurious_events,0.2,0.3333333,0.4075,2000
tep,0,0,WDI-1NN,spurious_events,0.2,0.5,0.4325,2000
tep,0,0,WDI-1NN,spurious_events,0.2,0.6666667,0.591,2000
tep,0,0,WDI-1NN,spurious_events,0.2,0.8333333,0.723,2000
tep,0,0,WDI-1NN,spurious_events,0.2,1.0,0.8615,2000
tep,0,0,WDI-1NN,spurious_events,0.25,0.1666667,0.404,2000
tep,0,0,WDI-1NN,spurious_events,0.25,0.3333333,0.404,2000
tep,0,0,WDI-1NN,spurious_events,0.25,0.5,0.436,2000
tep,0,0,WDI-1NN,spurious_events,0.25,0.6666667,0.587,2000
tep,0,0,WDI-1NN,spurious_events,0.25,0.8333333,0.7285,2000
tep,0,0,WDI-1NN,spurious_events,0.25,1.0,0.844,2000
tep,0,0,WDI-1NN,spurious_events,0.3,0.1666667,0.4075,2000
tep,0,0,WDI-1NN,spurious_events,0.3,0.3333333,0.4075,2000
tep,0,0,WDI-1NN,spurious_events,0.3,0.5,0.461,2000
tep,0,0,WDI-1NN,spurious_events,0.3,0.6666667,0.609,2000
tep,0,0,WDI-1NN,spurious_events,0.3,0.8333333,0.7115,2000
tep,0,0,WDI-1NN,spurious_events,0.3,1.0,0.8185,2000
tep,0,0,WDI-1NN,spurious_events,0.4,0.1666667,0.3945,2000
tep,0,0,WDI-1NN,spurious_events,0.4,0.3333333,0.3945,2000
tep,0,0,WDI-1NN,spurious_events,0.4,0.5,0.455,2000
tep,0,0,WDI-1NN,spurious_events,0.4,0.6666667,0.6025,2000
tep,0,0,WDI-1NN,spurious_events,0.4,0.8333333,0.6815,2000
tep,0,0,WDI-1NN,spurious_events,0.4,1.0,0.742,2000
tep,0,0,WDI-1NN,spurious_events,0.5,0.1666667,0.3945,2000
tep,0,0,WDI-1NN,spurious_events,0.5,0.3333333,0.3945,2000
tep,0,0,WDI-1NN,spurious_events,0.5,0.5,0.4695,2000
tep,0,0,WDI-1NN,spurious_events,0.5,0.6666667,0.6005,2000
tep,0,0,WDI-1NN,spurious_events,0.5,0.8333333,0.651,2000
tep,0,0,WDI-1NN,spurious_events,0.5,1.0,0.6765,2000
tep,0,0,WDI-1NN,spurious_events,0.6,0.1666667,0.3985,2000
tep,0,0,WDI-1NN,spurious_events,0.6,0.3333333,0.3985,2000
tep,0,0,WDI-1NN,spurious_events,0.6,0.5,0.489,2000
tep,0,0,WDI-1NN,spurious_events,0.6,0.6666667,0.582,2000
tep,0,0,WDI-1NN,spurious_events,0.6,0.8333333,0.625,2000
tep,0,0,WDI-1NN,spurious_events,0.6,1.0,0.606,2000
tep,0,0,WDI-1NN,spurious_events,0.7,0.1666667,0.392,2000
tep,0,0,WDI-1NN,spurious_events,0.7,0.3333333,0.392,2000
tep,0,0,WDI-1NN,spurious_events,0.7,0.5,0.5045,2000
tep,0,0,WDI-1NN,spurious_events,0.7,0.6666667,0.578,2000
tep,0,0,WDI-1NN,spurious_events,0.7,0.8333333,0.5865,2000
tep,0,0,WDI-1NN,spurious_events,0.7,1.0,0.516,2000
tep,0,0,WDI-1NN,spurious_events,0.8,0.1666667,0.391,2000
tep,0,0,WDI-1NN,spurious_events,0.8,0.3333333,0.391,2000
tep,0,0,WDI-1NN,spurious_events,0.8,0.5,0.5125,2000
tep,0,0,WDI-1NN,spurious_events,0.8,0.6666667,0.5815,2000
tep,0,0,WDI-1NN,spurious_events,0.8,0.8333333,0.554,2000
tep,0,0,WDI-1NN,spurious_events,0.8,1.0,0.434,2000
tep,0,0,WDI-1NN,spurious_events,0.9,0.1666667,0.39,2000
tep,0,0,WDI-1NN,spurious_events,0.9,0.3333333,0.39,2000
tep,0,0,WDI-1NN,spurious_events,0.9,0.5,0.521,2000
tep,0,0,WDI-1NN,spurious_events,0.9,0.6666667,0.568,2000
tep,0,0,WDI-1NN,spurious_events,0.9,0.8333333,0.5215,2000
tep,0,0,WDI-1NN,spurious_events,0.9,1.0,0.3865,2000
tep,0,0,WDI-1NN,timing_uncertainty,0.0,0.1666667,0.425,2000
tep,0,0,WDI-1NN,timing_uncertainty,0.0,0.3333333,0.425,2000
tep,0,0,WDI-1NN,timing_uncertainty,0.0,0.5,0.405,2000
tep,0,0,WDI-1NN,timing_uncertainty,0.0,0.6666667,0.54,2000
tep,0,0,WDI-1NN,timing_uncertainty,0.0,0.8333333,0.745,2000
tep,0,0,WDI-1NN,timing_uncertainty,0.0,1.0,0.905,2000
tep,0,0,WDI-1NN,timing_uncertainty,0.05,0.1666667,0.424,2000
tep,0,0,WDI-1NN,timing_uncertainty,0.05,0.3333333,0.424,2000
tep,0,0,WDI-1NN,timing_uncertainty,0.05,0.5,0.405,2000
tep,0,0,WDI-1NN,timing_uncertainty,0.05,0.6666667,0.5365,2000
tep,0,0,WDI-1NN,timing_uncertainty,0.05,0.8333333,0.739,2000
tep,0,0,WDI-1NN,timing_uncertainty,0.05,1.0,0.906,2000
tep,0,0,WDI-1NN,timing_uncertainty,0.1,0.1666667,0.4225,2000
tep,0,0,WDI-1NN,timing_uncertainty,0.1,0.3333333,0.4225,2000
tep,0,0,WDI-1NN,timing_uncertainty,0.1,0.5,0.4035,2000
tep,0,0,WDI-1NN,timing_uncertainty,0.1,0.6666667,0.525,2000
tep,0,0,WDI-1NN,timing_uncertainty,0.1,0.8333333,0.729,2000
tep,0,0,WDI-1NN,timing_uncertainty,0.1,1.0,0.9055,2000
tep,0,0,WDI-1NN,timing_uncertainty,0.15,0.1666667,0.4265,2000
tep,0,0,WDI-1NN,timing_uncertainty,0.15,0.3333333,0.4265,2000
tep,0,0,WDI-1NN,timing_uncertainty,0.15,0.5,0.4045,2000
tep,0,0,WDI-1NN,timing_uncertainty,0.15,0.6666667,0.5295,2000
tep,0,0,WDI-1NN,timing_uncertainty,0.15,0.8333333,0.7385,2000
tep,0,0,WDI-1NN,timing_uncertainty,0.15,1.0,0.9055,2000
tep,0,0,WDI-1NN,timing_uncertainty,0.2,0.1666667,0.4255,2000
tep,0,0,WDI-1NN,timing_uncertainty,0.2,0.3333333,0.4255,2000
tep,0,0,WDI-1NN,timing_uncertainty,0.2,0.5,0.404,2000
tep,0,0,WDI-1NN,timing_uncertainty,0.2,0.6666667,0.5315,2000
tep,0,0,WDI-1NN,timing_uncertainty,0.2,0.8333333,0.7305,2000
tep,0,0,WDI-1NN,timing_uncertainty,0.2,1.0,0.903,2000
tep,0,0,WDI-1NN,timing_uncertainty,0.25,0.1666667,0.424,2000
tep,0,0,WDI-1NN,timing_uncertainty,0.25,0.3333333,0.424,2000
tep,0,0,WDI-1NN,timing_uncertainty,0.25,0.5,0.406,2000
tep,0,0,WDI-1NN,timing_uncertainty,0.25,0.6666667,0.5315,2000
tep,0,0,WDI-1NN,timing_uncertainty,0.25,0.8333333,0.726,2000
tep,0,0,WDI-1NN,timing_uncertainty,0.25,1.0,0.906,2000
tep,0,0,WDI-1NN,timing_uncertainty,0.3,0.1666667,0.42,2000
tep,0,0,WDI-1NN,timing_uncertainty,0.3,0.3333333,0.42,2000
tep,0,0,WDI-1NN,timing_uncertainty,0.3,0.5,0.4025,2000
tep,0,0,WDI-1NN,timing_uncertainty,0.3,0.6666667,0.5305,2000
tep,0,0,WDI-1NN,timing_uncertainty,0.3,0.8333333,0.7295,2000
tep,0,0,WDI-1NN,timing_uncertainty,0.3,1.0,0.9065,2000
tep,0,0,WDI-1NN,timing_uncertainty,0.4,0.1666667,0.4215,2000
tep,0,0,WDI-1NN,timing_uncertainty,0.4,0.3333333,0.4215,2000
tep,0,0,WDI-1NN,timing_uncertainty,0.4,0.5,0.407,2000
tep,0,0,WDI-1NN,timing_uncertainty,0.4,0.6666667,0.528,2000
tep,0,0,WDI-1NN,timing_uncertainty,0.4,0.8333333,0.7245,2000
tep,0,0,WDI-1NN,timing_uncertainty,0.4,1.0,0.906,2000
tep,0,0,WDI-1NN,timing_uncertainty,0.5,0.1666667,0.4125,2000
tep,0,0,WDI-1NN,timing_uncertainty,0.5,0.3333333,0.4125,2000
tep,0,0,WDI-1NN,timing_uncertainty,0.5,0.5,0.412,2000
tep,0,0,WDI-1NN,timing_uncertainty,0.5,0.6666667,0.542,2000
tep,0,0,WDI-1NN,timing_uncertainty,0.5,0.8333333,0.743,2000
tep,0,0,WDI-1NN,timing_uncertainty,0.5,1.0,0.9045,2000
tep,0,0,WDI-1NN,timing_uncertainty,0.6,0.1666667,0.414,2000
tep,0,0,WDI-1NN,timing_uncertainty,0.6,0.3333333,0.414,2000
tep,0,0,WDI-1NN,timing_uncertainty,0.6,0.5,0.4155,2000
tep,0,0,WDI-1NN,timing_uncertainty,0.6,0.6666667,0.5415,2000
tep,0,0,WDI-1NN,timing_uncertainty,0.6,0.8333333,0.7315,2000
tep,0,0,WDI-1NN,timing_uncertainty,0.6,1.0,0.907,2000
tep,0,0,WDI-1NN,timing_uncertainty,0.7,0.1666667,0.4135,2000
tep,0,0,WDI-1NN,timing_uncertainty,0.7,0.3333333,0.4135,2000
tep,0,0,WDI-1NN,timing_uncertainty,0.7,0.5,0.419,2000
tep,0,0,WDI-1NN,timing_uncertainty,0.7,0.6666667,0.5505,2000
tep,0,0,WDI-1NN,timing_uncertainty,0.7,0.8333333,0.7445,2000
tep,0,0,WDI-1NN,timing_uncertainty,0.7,1.0,0.906,2000
tep,0,0,WDI-1NN,timing_uncertainty,0.8,0.1666667,0.4095,2000
tep,0,0,WDI-1NN,timing_uncertainty,0.8,0.3333333,0.4095,2000
tep,0,0,WDI-1NN,timing_uncertainty,0.8,0.5,0.4275,2000
tep,0,0,WDI-1NN,timing_uncertainty,0.8,0.6666667,0.568,2000
tep,0,0,WDI-1NN,timing_uncertainty,0.8,0.8333333,0.747,2000
tep,0,0,WDI-1NN,timing_uncertainty,0.8,1.0,0.9065,2000
tep,0,0,WDI-1NN,timing_uncertainty,0.9,0.1666667,0.4115,2000
tep,0,0,WDI-1NN,timing_uncertainty,0.9,0.3333333,0.4115,2000
tep,0,0,WDI-1NN,timing_uncertainty,0.9,0.5,0.4255,2000
tep,0,0,WDI-1NN,timing_uncertainty,0.9,0.6666667,0.5625,2000
tep,0,0,WDI-1NN,timing_uncertainty,0.9,0.8333333,0.7565,2000
tep,0,0,WDI-1NN,timing_uncertainty,0.9,1.0,0.9045,2000
tep,1,0,ACM-SVM,late_time_delay,0.0,0.1666667,0.465,2000
tep,1,0,ACM-SVM,late_time_delay,0.0,0.3333333,0.465,2000
tep,1,0,ACM-SVM,late_time_delay,0.0,0.5,0.595,2000
tep,1,0,ACM-SVM,late_time_delay,0.0,0.6666667,0.715,2000
tep,1,0,ACM-SVM,late_time_delay,0.0,0.8333333,0.76,2000
tep,1,0,ACM-SVM,late_time_delay,0.0,1.0,0.87,2000
tep,1,0,ACM-SVM,late_time_delay,0.05,0.1666667,0.43,2000
tep,1,0,ACM-SVM,late_time_delay,0.05,0.3333333,0.43,2000
tep,1,0,ACM-SVM,late_time_delay,0.05,0.5,0.53,2000
tep,1,0,ACM-SVM,late_time_delay,0.05,0.6666667,0.65,2000
tep,1,0,ACM-SVM,late_time_delay,0.05,0.8333333,0.705,2000
tep,1,0,ACM-SVM,late_time_delay,0.05,1.0,0.69,2000
tep,1,0,ACM-SVM,late_time_delay,0.1,0.1666667,0.45,2000
tep,1,0,ACM-SVM,late_time_delay,0.1,0.3333333,0.45,2000
tep,1,0,ACM-SVM,late_time_delay,0.1,0.5,0.57,2000
tep,1,0,ACM-SVM,late_time_delay,0.1,0.6666667,0.655,2000
tep,1,0,ACM-SVM,late_time_delay,0.1,0.8333333,0.68,2000
tep,1,0,ACM-SVM,late_time_delay,0.1,1.0,0.695,2000
tep,1,0,ACM-SVM,late_time_delay,0.15,0.1666667,0.375,2000
tep,1,0,ACM-SVM,late_time_delay,0.15,0.3333333,0.375,2000
tep,1,0,ACM-SVM,late_time_delay,0.15,0.5,0.535,2000
tep,1,0,ACM-SVM,late_time_delay,0.15,0.6666667,0.65,2000
tep,1,0,ACM-SVM,late_time_delay,0.15,0.8333333,0.67,2000
tep,1,0,ACM-SVM,late_time_delay,0.15,1.0,0.68,2000
tep,1,0,ACM-SVM,late_time_delay,0.2,0.1666667,0.33,2000
tep,1,0,ACM-SVM,late_time_delay,0.2,0.3333333,0.33,2000
tep,1,0,ACM-SVM,late_time_delay,0.2,0.5,0.515,2000
tep,1,0,ACM-SVM,late_time_delay,0.2,0.6666667,0.64,2000
tep,1,0,ACM-SVM,late_time_delay,0.2,0.8333333,0.64,2000
tep,1,0,ACM-SVM,late_time_delay,0.2,1.0,0.645,2000
tep,1,0,ACM-SVM,late_time_delay,0.25,0.1666667,0.405,2000
tep,1,0,ACM-SVM,late_time_delay,0.25,0.3333333,0.405,2000
tep,1,0,ACM-SVM,late_time_delay,0.25,0.5,0.505,2000
tep,1,0,ACM-SVM,late_time_delay,0.25,0.6666667,0.505,2000
tep,1,0,ACM-SVM,late_time_delay,0.25,0.8333333,0.62,2000
tep,1,0,ACM-SVM,late_time_delay,0.25,1.0,0.645,2000
tep,1,0,ACM-SVM,late_time_delay,0.3,0.1666667,0.445,2000
tep,1,0,ACM-SVM,late_time_delay,0.3,0.3333333,0.445,2000
tep,1,0,ACM-SVM,late_time_delay,0.3,0.5,0.555,2000
tep,1,0,ACM-SVM,late_time_delay,0.3,0.6666667,0.555,2000
tep,1,0,ACM-SVM,late_time_delay,0.3,0.8333333,0.605,2000
tep,1,0,ACM-SVM,late_time_delay,0.3,1.0,0.615,2000
tep,1,0,ACM-SVM,late_time_delay,0.4,0.1666667,0.435,2000
tep,1,0,ACM-SVM,late_time_delay,0.4,0.3333333,0.435,2000
tep,1,0,ACM-SVM,late_time_delay,0.4,0.5,0.435,2000
tep,1,0,ACM-SVM,late_time_delay,0.4,0.6666667,0.49,2000
tep,1,0,ACM-SVM,late_time_delay,0.4,0.8333333,0.49,2000
tep,1,0,ACM-SVM,late_time_delay,0.4,1.0,0.53,2000
tep,1,0,ACM-SVM,late_time_delay,0.5,0.1666667,0.405,2000
tep,1,0,ACM-SVM,late_time_delay,0.5,0.3333333,0.405,2000
tep,1,0,ACM-SVM,late_time_delay,0.5,0.5,0.405,2000
tep,1,0,ACM-SVM,late_time_delay,0.5,0.6666667,0.405,2000
tep,1,0,ACM-SVM,late_time_delay,0.5,0.8333333,0.46,2000
tep,1,0,ACM-SVM,late_time_delay,0.5,1.0,0.535,2000
tep,1,0,ACM-SVM,late_time_delay,0.6,0.1666667,0.385,2000
tep,1,0,ACM-SVM,late_time_delay,0.6,0.3333333,0.385,2000
tep,1,0,ACM-SVM,late_time_delay,0.6,0.5,0.385,2000
tep,1,0,ACM-SVM,late_time_delay,0.6,0.6666667,0.385,2000
tep,1,0,ACM-SVM,late_time_delay,0.6,0.8333333,0.385,2000
tep,1,0,ACM-SVM,late_time_delay,0.6,1.0,0.455,2000
tep,1,0,ACM-SVM,late_time_delay,0.7,0.1666667,0.365,2000
tep,1,0,ACM-SVM,late_time_delay,0.7,0.3333333,0.365,2000
tep,1,0,ACM-SVM,late_time_delay,0.7,0.5,0.365,2000
tep,1,0,ACM-SVM,late_time_delay,0.7,0.6666667,0.365,2000
tep,1,0,ACM-SVM,late_time_delay,0.7,0.8333333,0.365,2000
tep,1,0,ACM-SVM,late_time_delay,0.7,1.0,0.42,2000
tep,1,0,ACM-SVM,late_time_delay,0.8,0.1666667,0.4,2000
tep,1,0,ACM-SVM,late_time_delay,0.8,0.3333333,0.4,2000
tep,1,0,ACM-SVM,late_time_delay,0.8,0.5,0.4,2000
tep,1,0,ACM-SVM,late_time_delay,0.8,0.6666667,0.4,2000
tep,1,0,ACM-SVM,late_time_delay,0.8,0.8333333,0.4,2000
tep,1,0,ACM-SVM,late_time_delay,0.8,1.0,0.41,2000
tep,1,0,ACM-SVM,late_time_delay,0.9,0.1666667,0.35,2000
tep,1,0,ACM-SVM,late_time_delay,0.9,0.3333333,0.35,2000
tep,1,0,ACM-SVM,late_time_delay,0.9,0.5,0.35,2000
tep,1,0,ACM-SVM,late_time_delay,0.9,0.6666667,0.35,2000
tep,1,0,ACM-SVM,late_time_delay,0.9,0.8333333,0.35,2000
tep,1,0,ACM-SVM,late_time_delay,0.9,1.0,0.35,2000
tep,1,0,ACM-SVM,missing_events,0.0,0.1666667,0.465,2000
tep,1,0,ACM-SVM,missing_events,0.0,0.3333333,0.465,2000
tep,1,0,ACM-SVM,missing_events,0.0,0.5,0.595,2000
tep,1,0,ACM-SVM,missing_events,0.0,0.6666667,0.715,2000
tep,1,0,ACM-SVM,missing_events,0.0,0.8333333,0.76,2000
tep,1,0,ACM-SVM,missing_events,0.0,1.0,0.87,2000
tep,1,0,ACM-SVM,missing_events,0.05,0.1666667,0.471,2000
tep,1,0,ACM-SVM,missing_events,0.05,0.3333333,0.471,2000
tep,1,0,ACM-SVM,missing_events,0.05,0.5,0.595,2000
tep,1,0,ACM-SVM,missing_events,0.05,0.6666667,0.683,2000
tep,1,0,ACM-SVM,missing_events,0.05,0.8333333,0.7125,2000
tep,1,0,ACM-SVM,missing_events,0.05,1.0,0.757,2000
tep,1,0,ACM-SVM,missing_events,0.1,0.1666667,0.484,2000
tep,1,0,ACM-SVM,missing_events,0.1,0.3333333,0.484,2000
tep,1,0,ACM-SVM,missing_events,0.1,0.5,0.5765,2000
tep,1,0,ACM-SVM,missing_events,0.1,0.6666667,0.6575,2000
tep,1,0,ACM-SVM,missing_events,0.1,0.8333333,0.6645,2000
tep,1,0,ACM-SVM,missing_events,0.1,1.0,0.66,2000
tep,1,0,ACM-SVM,missing_events,0.15,0.1666667,0.475,2000
tep,1,0,ACM-SVM,missing_events,0.15,0.3333333,0.475,2000
tep,1,0,ACM-SVM,missing_events,0.15,0.5,0.5635,2000
tep,1,0,ACM-SVM,missing_events,0.15,0.6666667,0.6335,2000
tep,1,0,ACM-SVM,missing_events,0.15,0.8333333,0.6285,2000
tep,1,0,ACM-SVM,missing_events,0.15,1.0,0.595,2000
tep,1,0,ACM-SVM,missing_events,0.2,0.1666667,0.475,2000
tep,1,0,ACM-SVM,missing_events,0.2,0.3333333,0.475,2000
tep,1,0,ACM-SVM,missing_events,0.2,0.5,0.5775,2000
tep,1,0,ACM-SVM,missing_events,0.2,0.6666667,0.607,2000
tep,1,0,ACM-SVM,missing_events,0.2,0.8333333,0.592,2000
tep,1,0,ACM-SVM,missing_events,0.2,1.0,0.54,2000
tep,1,0,ACM-SVM,missing_events,0.25,0.1666667,0.4625,2000
tep,1,0,ACM-SVM,missing_events,0.25,0.3333333,0.4625,2000
tep,1,0,ACM-SVM,missing_events,0.25,0.5,0.57,2000
tep,1,0,ACM-SVM,missing_events,0.25,0.6666667,0.5885,2000
tep,1,0,ACM-SVM,missing_events,0.25,0.8333333,0.574,2000
tep,1,0,ACM-SVM,missing_events,0.25,1.0,0.5135,2000
tep,1,0,ACM-SVM,missing_events,0.3,0.1666667,0.4625,2000
tep,1,0,ACM-SVM,missing_events,0.3,0.3333333,0.4625,2000
tep,1,0,ACM-SVM,missing_events,0.3,0.5,0.5655,2000
tep,1,0,ACM-SVM,missing_events,0.3,0.6666667,0.581,2000
tep,1,0,ACM-SVM,missing_events,0.3,0.8333333,0.5455,2000
tep,1,0,ACM-SVM,missing_events,0.3,1.0,0.4935,2000
tep,1,0,ACM-SVM,missing_events,0.4,0.1666667,0.437,2000
tep,1,0,ACM-SVM,missing_events,0.4,0.3333333,0.437,2000
tep,1,0,ACM-SVM,missing_events,0.4,0.5,0.525,2000
tep,1,0,ACM-SVM,missing_events,0.4,0.6666667,0.554,2000
tep,1,0,ACM-SVM,missing_events,0.4,0.8333333,0.5115,2000
tep,1,0,ACM-SVM,missing_events,0.4,1.0,0.452,2000
tep,1,0,ACM-SVM,missing_events,0.5,0.1666667,0.402,2000
tep,1,0,ACM-SVM,missing_events,0.5,0.3333333,0.402,2000
tep,1,0,ACM-SVM,missing_events,0.5,0.5,0.493,2000
tep,1,0,ACM-SVM,missing_events,0.5,0.6666667,0.527,2000
tep,1,0,ACM-SVM,missing_events,0.5,0.8333333,0.4865,2000
tep,1,0,ACM-SVM,missing_events,0.5,1.0,0.4305,2000
tep,1,0,ACM-SVM,missing_events,0.6,0.1666667,0.362,2000
tep,1,0,ACM-SVM,missing_events,0.6,0.3333333,0.362,2000
tep,1,0,ACM-SVM,missing_events,0.6,0.5,0.488,2000
tep,1,0,ACM-SVM,missing_events,0.6,0.6666667,0.503,2000
tep,1,0,ACM-SVM,missing_events,0.6,0.8333333,0.4735,2000
tep,1,0,ACM-SVM,missing_events,0.6,1.0,0.4225,2000
tep,1,0,ACM-SVM,missing_events,0.7,0.1666667,0.321,2000
tep,1,0,ACM-SVM,missing_events,0.7,0.3333333,0.321,2000
tep,1,0,ACM-SVM,missing_events,0.7,0.5,0.442,2000
tep,1,0,ACM-SVM,missing_events,0.7,0.6666667,0.5015,2000
tep,1,0,ACM-SVM,missing_events,0.7,0.8333333,0.4715,2000
tep,1,0,ACM-SVM,missing_events,0.7,1.0,0.426,2000
tep,1,0,ACM-SVM,missing_events,0.8,0.1666667,0.27,2000
tep,1,0,ACM-SVM,missing_events,0.8,0.3333333,0.27,2000
tep,1,0,ACM-SVM,missing_events,0.8,0.5,0.366,2000
tep,1,0,ACM-SVM,missing_events,0.8,0.6666667,0.451,2000
tep,1,0,ACM-SVM,missing_events,0.8,0.8333333,0.476,2000
tep,1,0,ACM-SVM,missing_events,0.8,1.0,0.43,2000
tep,1,0,ACM-SVM,missing_events,0.9,0.1666667,0.2165,2000
tep,1,0,ACM-SVM,missing_events,0.9,0.3333333,0.2165,2000
tep,1,0,ACM-SVM,missing_events,0.9,0.5,0.2695,2000
tep,1,0,ACM-SVM,missing_events,0.9,0.6666667,0.365,2000
tep,1,0,ACM-SVM,missing_events,0.9,0.8333333,0.4235,2000
tep,1,0,ACM-SVM,missing_events,0.9,1.0,0.4795,2000
tep,1,0,ACM-SVM,mixed_missing_spurious,0.0,0.1666667,0.465,2000
tep,1,0,ACM-SVM,mixed_missing_spurious,0.0,0.3333333,0.465,2000
tep,1,0,ACM-SVM,mixed_missing_spurious,0.0,0.5,0.595,2000
tep,1,0,ACM-SVM,mixed_missing_spurious,0.0,0.6666667,0.715,2000
tep,1,0,ACM-SVM,mixed_missing_spurious,0.0,0.8333333,0.76,2000
tep,1,0,ACM-SVM,mixed_missing_spurious,0.0,1.0,0.87,2000
tep,1,0,ACM-SVM,mixed_missing_spurious,0.05,0.1666667,0.4725,2000
tep,1,0,ACM-SVM,mixed_missing_spurious,0.05,0.3333333,0.4725,2000
tep,1,0,ACM-SVM,mixed_missing_spurious,0.05,0.5,0.5525,2000
tep,1,0,ACM-SVM,mixed_missing_spurious,0.05,0.6666667,0.6,2000
tep,1,0,ACM-SVM,mixed_missing_spurious,0.05,0.8333333,0.5705,2000
tep,1,0,ACM-SVM,mixed_missing_spurious,0.05,1.0,0.526,2000
tep,1,0,ACM-SVM,mixed_missing_spurious,0.1,0.1666667,0.476,2000
tep,1,0,ACM-SVM,mixed_missing_spurious,0.1,0.3333333,0.476,2000
tep,1,0,ACM-SVM,mixed_missing_spurious,0.1,0.5,0.5185,2000
tep,1,0,ACM-SVM,mixed_missing_spurious,0.1,0.6666667,0.4955,2000
tep,1,0,ACM-SVM,mixed_missing_spurious,0.1,0.8333333,0.415,2000
tep,1,0,ACM-SVM,mixed_missing_spurious,0.1,1.0,0.313,2000
tep,1,0,ACM-SVM,mixed_missing_spurious,0.15,0.1666667,0.489,2000
tep,1,0,ACM-SVM,mixed_missing_spurious,0.15,0.3333333,0.489,2000
tep,1,0,ACM-SVM,mixed_missing_spurious,0.15,0.5,0.4695,2000
tep,1,0,ACM-SVM,mixed_missing_spurious,0.15,0.6666667,0.4085,2000
tep,1,0,ACM-SVM,mixed_missing_spurious,0.15,0.8333333,0.35,2000
tep,1,0,ACM-SVM,mixed_missing_spurious,0.15,1.0,0.241,2000
tep,1,0,ACM-SVM,mixed_missing_spurious,0.2,0.1666667,0.471,2000
tep,1,0,ACM-SVM,mixed_missing_spurious,0.2,0.3333333,0.471,2000
tep,1,0,ACM-SVM,mixed_missing_spurious,0.2,0.5,0.433,2000
tep,1,0,ACM-SVM,mixed_missing_spurious,0.2,0.6666667,0.3625,2000
tep,1,0,ACM-SVM,mixed_missing_spurious,0.2,0.8333333,0.297,2000
tep,1,0,ACM-SVM,mixed_missing_spurious,0.2,1.0,0.2225,2000
tep,1,0,ACM-SVM,mixed_missing_spurious,0.25,0.1666667,0.4615,2000
tep,1,0,ACM-SVM,mixed_missing_spurious,0.25,0.3333333,0.4615,2000
tep,1,0,ACM-SVM,mixed_missing_spurious,0.25,0.5,0.423,2000
tep,1,0,ACM-SVM,mixed_missing_spurious,0.25,0.6666667,0.331,2000
tep,1,0,ACM-SVM,mixed_missing_spurious,0.25,0.8333333,0.263,2000
tep,1,0,ACM-SVM,mixed_missing_spurious,0.25,1.0,0.2115,2000
tep,1,0,ACM-SVM,mixed_missing_spurious,0.3,0.1666667,0.444,2000
tep,1,0,ACM-SVM,mixed_missing_spurious,0.3,0.3333333,0.444,2000
tep,1,0,ACM-SVM,mixed_missing_spurious,0.3,0.5,0.3845,2000
tep,1,0,ACM-SVM,mixed_missing_spurious,0.3,0.6666667,0.307,2000
tep,1,0,ACM-SVM,mixed_missing_spurious,0.3,0.8333333,0.2565,2000
tep,1,0,ACM-SVM,mixed_missing_spurious,0.3,1.0,0.2085,2000
tep,1,0,ACM-SVM,mixed_missing_spurious,0.4,0.1666667,0.441,2000
tep,1,0,ACM-SVM,mixed_missing_spurious,0.4,0.3333333,0.441,2000
tep,1,0,ACM-SVM,mixed_missing_spurious,0.4,0.5,0.359,2000
tep,1,0,ACM-SVM,mixed_missing_spurious,0.4,0.6666667,0.273,2000
tep,1,0,ACM-SVM,mixed_missing_spurious,0.4,0.8333333,0.2295,2000
tep,1,0,ACM-SVM,mixed_missing_spurious,0.4,1.0,0.204,2000
tep,1,0,ACM-SVM,mixed_missing_spurious,0.5,0.1666667,0.406,2000
tep,1,0,ACM-SVM,mixed_missing_spurious,0.5,0.3333333,0.406,2000
tep,1,0,ACM-SVM,mixed_missing_spurious,0.5,0.5,0.3405,2000
tep,1,0,ACM-SVM,mixed_missing_spurious,0.5,0.6666667,0.268,2000
tep,1,0,ACM-SVM,mixed_missing_spurious,0.5,0.8333333,0.226,2000
tep,1,0,ACM-SVM,mixed_missing_spurious,0.5,1.0,0.202,2000
tep,1,0,ACM-SVM,mixed_missing_spurious,0.6,0.1666667,0.3905,2000
tep,1,0,ACM-SVM,mixed_missing_spurious,0.6,0.3333333,0.3905,2000
tep,1,0,ACM-SVM,mixed_missing_spurious,0.6,0.5,0.3455,2000
tep,1,0,ACM-SVM,mixed_missing_spurious,0.6,0.6666667,0.275,2000
tep,1,0,ACM-SVM,mixed_missing_spurious,0.6,0.8333333,0.228,2000
tep,1,0,ACM-SVM,mixed_missing_spurious,0.6,1.0,0.2025,2000
tep,1,0,ACM-SVM,mixed_missing_spurious,0.7,0.1666667,0.373,2000
tep,1,0,ACM-SVM,mixed_missing_spurious,0.7,0.3333333,0.373,2000
tep,1,0,ACM-SVM,mixed_missing_spurious,0.7,0.5,0.3655,2000
tep,1,0,ACM-SVM,mixed_missing_spurious,0.7,0.6666667,0.3025,2000
tep,1,0,ACM-SVM,mixed_missing_spurious,0.7,0.8333333,0.248,2000
tep,1,0,ACM-SVM,mixed_missing_spurious,0.7,1.0,0.205,2000
tep,1,0,ACM-SVM,mixed_missing_spurious,0.8,0.1666667,0.3125,2000
tep,1,0,ACM-SVM,mixed_missing_spurious,0.8,0.3333333,0.3125,2000
tep,1,0,ACM-SVM,mixed_missing_spurious,0.8,0.5,0.3785,2000
tep,1,0,ACM-SVM,mixed_missing_spurious,0.8,0.6666667,0.328,2000
tep,1,0,ACM-SVM,mixed_missing_spurious,0.8,0.8333333,0.2715,2000
tep,1,0,ACM-SVM,mixed_missing_spurious,0.8,1.0,0.2115,2000
tep,1,0,ACM-SVM,mixed_missing_spurious,0.9,0.1666667,0.2575,2000
tep,1,0,ACM-SVM,mixed_missing_spurious,0.9,0.3333333,0.2575,2000
tep,1,0,ACM-SVM,mixed_missing_spurious,0.9,0.5,0.342,2000
tep,1,0,ACM-SVM,mixed_missing_spurious,0.9,0.6666667,0.38,2000
tep,1,0,ACM-SVM,mixed_missing_spurious,0.9,0.8333333,0.361,2000
tep,1,0,ACM-SVM,mixed_missing_spurious,0.9,1.0,0.277,2000
tep,1,0,ACM-SVM,mixed_spurious_timing_late,0.0,0.1666667,0.465,2000
tep,1,0,ACM-SVM,mixed_spurious_timing_late,0.0,0.3333333,0.465,2000
tep,1,0,ACM-SVM,mixed_spurious_timing_late,0.0,0.5,0.595,2000
tep,1,0,ACM-SVM,mixed_spurious_timing_late,0.0,0.6666667,0.715,2000
tep,1,0,ACM-SVM,mixed_spurious_timing_late,0.0,0.8333333,0.76,2000
tep,1,0,ACM-SVM,mixed_spurious_timing_late,0.0,1.0,0.87,2000
tep,1,0,ACM-SVM,mixed_spurious_timing_late,0.05,0.1666667,0.419,2000
tep,1,0,ACM-SVM,mixed_spurious_timing_late,0.05,0.3333333,0.419,2000
tep,1,0,ACM-SVM,mixed_spurious_timing_late,0.05,0.5,0.495,2000
tep,1,0,ACM-SVM,mixed_spurious_timing_late,0.05,0.6666667,0.5805,2000
tep,1,0,ACM-SVM,mixed_spurious_timing_late,0.05,0.8333333,0.576,2000
tep,1,0,ACM-SVM,mixed_spurious_timing_late,0.05,1.0,0.5085,2000
tep,1,0,ACM-SVM,mixed_spurious_timing_late,0.1,0.1666667,0.433,2000
tep,1,0,ACM-SVM,mixed_spurious_timing_late,0.1,0.3333333,0.433,2000
tep,1,0,ACM-SVM,mixed_spurious_timing_late,0.1,0.5,0.51,2000
tep,1,0,ACM-SVM,mixed_spurious_timing_late,0.1,0.6666667,0.494,2000
tep,1,0,ACM-SVM,mixed_spurious_timing_late,0.1,0.8333333,0.443,2000
tep,1,0,ACM-SVM,mixed_spurious_timing_late,0.1,1.0,0.3575,2000
tep,1,0,ACM-SVM,mixed_spurious_timing_late,0.15,0.1666667,0.391,2000
tep,1,0,ACM-SVM,mixed_spurious_timing_late,0.15,0.3333333,0.391,2000
tep,1,0,ACM-SVM,mixed_spurious_timing_late,0.15,0.5,0.4405,2000
tep,1,0,ACM-SVM,mixed_spurious_timing_late,0.15,0.6666667,0.3805,2000
tep,1,0,ACM-SVM,mixed_spurious_timing_late,0.15,0.8333333,0.342,2000
tep,1,0,ACM-SVM,mixed_spurious_timing_late,0.15,1.0,0.2795,2000
tep,1,0,ACM-SVM,mixed_spurious_timing_late,0.2,0.1666667,0.3825,2000
tep,1,0,ACM-SVM,mixed_spurious_timing_late,0.2,0.3333333,0.3825,2000
tep,1,0,ACM-SVM,mixed_spurious_timing_late,0.2,0.5,0.369,2000
tep,1,0,ACM-SVM,mixed_spurious_timing_late,0.2,0.6666667,0.3175,2000
tep,1,0,ACM-SVM,mixed_spurious_timing_late,0.2,0.8333333,0.3175,2000
tep,1,0,ACM-SVM,mixed_spurious_timing_late,0.2,1.0,0.2335,2000
tep,1,0,ACM-SVM,mixed_spurious_timing_late,0.25,0.1666667,0.384,2000
tep,1,0,ACM-SVM,mixed_spurious_timing_late,0.25,0.3333333,0.384,2000
tep,1,0,ACM-SVM,mixed_spurious_timing_late,0.25,0.5,0.3245,2000
tep,1,0,ACM-SVM,mixed_spurious_timing_late,0.25,0.6666667,0.3245,2000
tep,1,0,ACM-SVM,mixed_spurious_timing_late,0.25,0.8333333,0.2725,2000
tep,1,0,ACM-SVM,mixed_spurious_timing_late,0.25,1.0,0.212,2000
tep,1,0,ACM-SVM,mixed_spurious_timing_late,0.3,0.1666667,0.3645,2000
tep,1,0,ACM-SVM,mixed_spurious_timing_late,0.3,0.3333333,0.3645,2000
tep,1,0,ACM-SVM,mixed_spurious_timing_late,0.3,0.5,0.296,2000
tep,1,0,ACM-SVM,mixed_spurious_timing_late,0.3,0.6666667,0.296,2000
tep,1,0,ACM-SVM,mixed_spurious_timing_late,0.3,0.8333333,0.2515,2000
tep,1,0,ACM-SVM,mixed_spurious_timing_late,0.3,1.0,0.211,2000
tep,1,0,ACM-SVM,mixed_spurious_timing_late,0.4,0.1666667,0.338,2000
tep,1,0,ACM-SVM,mixed_spurious_timing_late,0.4,0.3333333,0.338,2000
tep,1,0,ACM-SVM,mixed_spurious_timing_late,0.4,0.5,0.338,2000
tep,1,0,ACM-SVM,mixed_spurious_timing_late,0.4,0.6666667,0.257,2000
tep,1,0,ACM-SVM,mixed_spurious_timing_late,0.4,0.8333333,0.257,2000
tep,1,0,ACM-SVM,mixed_spurious_timing_late,0.4,1.0,0.209,2000
tep,1,0,ACM-SVM,mixed_spurious_timing_late,0.5,0.1666667,0.3155,2000
tep,1,0,ACM-SVM,mixed_spurious_timing_late,0.5,0.3333333,0.3155,2000
tep,1,0,ACM-SVM,mixed_spurious_timing_late,0.5,0.5,0.3155,2000
tep,1,0,ACM-SVM,mixed_spurious_timing_late,0.5,0.6666667,0.3155,2000
tep,1,0,ACM-SVM,mixed_spurious_timing_late,0.5,0.8333333,0.2355,2000
tep,1,0,ACM-SVM,mixed_spurious_timing_late,0.5,1.0,0.2095,2000
tep,1,0,ACM-SVM,mixed_spurious_timing_late,0.6,0.1666667,0.2975,2000
tep,1,0,ACM-SVM,mixed_spurious_timing_late,0.6,0.3333333,0.2975,2000
tep,1,0,ACM-SVM,mixed_spurious_timing_late,0.6,0.5,0.2975,2000
tep,1,0,ACM-SVM,mixed_spurious_timing_late,0.6,0.6666667,0.2975,2000
tep,1,0,ACM-SVM,mixed_spurious_timing_late,0.6,0.8333333,0.2975,2000
tep,1,0,ACM-SVM,mixed_spurious_timing_late,0.6,1.0,0.209,2000
tep,1,0,ACM-SVM,mixed_spurious_timing_late,0.7,0.1666667,0.254,2000
tep,1,0,ACM-SVM,mixed_spurious_timing_late,0.7,0.3333333,0.254,2000
tep,1,0,ACM-SVM,mixed_spurious_timing_late,0.7,0.5,0.254,2000
tep,1,0,ACM-SVM,mixed_spurious_timing_late,0.7,0.6666667,0.254,2000
tep,1,0,ACM-SVM,mixed_spurious_timing_late,0.7,0.8333333,0.254,2000
tep,1,0,ACM-SVM,mixed_spurious_timing_late,0.7,1.0,0.2105,2000
tep,1,0,ACM-SVM,mixed_spurious_timing_late,0.8,0.1666667,0.2525,2000
tep,1,0,ACM-SVM,mixed_spurious_timing_late,0.8,0.3333333,0.2525,2000
tep,1,0,ACM-SVM,mixed_spurious_timing_late,0.8,0.5,0.2525,2000
tep,1,0,ACM-SVM,mixed_spurious_timing_late,0.8,0.6666667,0.2525,2000
tep,1,0,ACM-SVM,mixed_spurious_timing_late,0.8,0.8333333,0.2525,2000
tep,1,0,ACM-SVM,mixed_spurious_timing_late,0.8,1.0,0.233,2000
tep,1,0,ACM-SVM,mixed_spurious_timing_late,0.9,0.1666667,0.2855,2000
tep,1,0,ACM-SVM,mixed_spurious_timing_late,0.9,0.3333333,0.2855,2000
tep,1,0,ACM-SVM,mixed_spurious_timing_late,0.9,0.5,0.2855,2000
tep,1,0,ACM-SVM,mixed_spurious_timing_late,0.9,0.6666667,0.2855,2000
tep,1,0,ACM-SVM,mixed_spurious_timing_late,0.9,0.8333333,0.2855,2000
tep,1,0,ACM-SVM,mixed_spurious_timing_late,0.9,1.0,0.2855,2000
tep,1,0,ACM-SVM,spurious_events,0.0,0.1666667,0.465,2000
tep,1,0,ACM-SVM,spurious_events,0.0,0.3333333,0.465,2000
tep,1,0,ACM-SVM,spurious_events,0.0,0.5,0.595,2000
tep,1,0,ACM-SVM,spurious_events,0.0,0.6666667,0.715,2000
tep,1,0,ACM-SVM,spurious_events,0.0,0.8333333,0.76,2000
tep,1,0,ACM-SVM,spurious_events,0.0,1.0,0.87,2000
tep,1,0,ACM-SVM,spurious_events,0.05,0.1666667,0.465,2000
tep,1,0,ACM-SVM,spurious_events,0.05,0.3333333,0.465,2000
tep,1,0,ACM-SVM,spurious_events,0.05,0.5,0.549,2000
tep,1,0,ACM-SVM,spurious_events,0.05,0.6666667,0.628,2000
tep,1,0,ACM-SVM,spurious_events,0.05,0.8333333,0.6005,2000
tep,1,0,ACM-SVM,spurious_events,0.05,1.0,0.5565,2000
tep,1,0,ACM-SVM,spurious_events,0.1,0.1666667,0.477,2000
tep,1,0,ACM-SVM,spurious_events,0.1,0.3333333,0.477,2000
tep,1,0,ACM-SVM,spurious_events,0.1,0.5,0.499,2000
tep,1,0,ACM-SVM,spurious_events,0.1,0.6666667,0.512,2000
tep,1,0,ACM-SVM,spurious_events,0.1,0.8333333,0.4705,2000
tep,1,0,ACM-SVM,spurious_events,0.1,1.0,0.353,2000
tep,1,0,ACM-SVM,spurious_events,0.15,0.1666667,0.4725,2000
tep,1,0,ACM-SVM,spurious_events,0.15,0.3333333,0.4725,2000
tep,1,0,ACM-SVM,spurious_events,0.15,0.5,0.467,2000
tep,1,0,ACM-SVM,spurious_events,0.15,0.6666667,0.433,2000
tep,1,0,ACM-SVM,spurious_events,0.15,0.8333333,0.3645,2000
tep,1,0,ACM-SVM,spurious_events,0.15,1.0,0.2575,2000
tep,1,0,ACM-SVM,spurious_events,0.2,0.1666667,0.466,2000
tep,1,0,ACM-SVM,spurious_events,0.2,0.3333333,0.466,2000
tep,1,0,ACM-SVM,spurious_events,0.2,0.5,0.4245,2000
tep,1,0,ACM-SVM,spurious_events,0.2,0.6666667,0.365,2000
tep,1,0,ACM-SVM,spurious_events,0.2,0.8333333,0.2925,2000
tep,1,0,ACM-SVM,spurious_events,0.2,1.0,0.2145,2000
tep,1,0,ACM-SVM,spurious_events,0.25,0.1666667,0.4455,2000
tep,1,0,ACM-SVM,spurious_events,0.25,0.3333333,0.4455,2000
tep,1,0,ACM-SVM,spurious_events,0.25,0.5,0.376,2000
tep,1,0,ACM-SVM,spurious_events,0.25,0.6666667,0.3135,2000
tep,1,0,ACM-SVM,spurious_events,0.25,0.8333333,0.2595,2000
tep,1,0,ACM-SVM,spurious_events,0.25,1.0,0.21,2000
tep,1,0,ACM-SVM,spurious_events,0.3,0.1666667,0.4455,2000
tep,1,0,ACM-SVM,spurious_events,0.3,0.3333333,0.4455,2000
tep,1,0,ACM-SVM,spurious_events,0.3,0.5,0.3635,2000
tep,1,0,ACM-SVM,spurious_events,0.3,0.6666667,0.2705,2000
tep,1,0,ACM-SVM,spurious_events,0.3,0.8333333,0.231,2000
tep,1,0,ACM-SVM,spurious_events,0.3,1.0,0.2005,2000
tep,1,0,ACM-SVM,spurious_events,0.4,0.1666667,0.403,2000
tep,1,0,ACM-SVM,spurious_events,0.4,0.3333333,0.403,2000
tep,1,0,ACM-SVM,spurious_events,0.4,0.5,0.3065,2000
tep,1,0,ACM-SVM,spurious_events,0.4,0.6666667,0.2415,2000
tep,1,0,ACM-SVM,spurious_events,0.4,0.8333333,0.213,2000
tep,1,0,ACM-SVM,spurious_events,0.4,1.0,0.201,2000
tep,1,0,ACM-SVM,spurious_events,0.5,0.1666667,0.364,2000
tep,1,0,ACM-SVM,spurious_events,0.5,0.3333333,0.364,2000
tep,1,0,ACM-SVM,spurious_events,0.5,0.5,0.265,2000
tep,1,0,ACM-SVM,spurious_events,0.5,0.6666667,0.2155,2000
tep,1,0,ACM-SVM,spurious_events,0.5,0.8333333,0.2005,2000
tep,1,0,ACM-SVM,spurious_events,0.5,1.0,0.2,2000
tep,1,0,ACM-SVM,spurious_events,0.6,0.1666667,0.327,2000
tep,1,0,ACM-SVM,spurious_events,0.6,0.3333333,0.327,2000
tep,1,0,ACM-SVM,spurious_events,0.6,0.5,0.235,2000
tep,1,0,ACM-SVM,spurious_events,0.6,0.6666667,0.2075,2000
tep,1,0,ACM-SVM,spurious_events,0.6,0.8333333,0.2005,2000
tep,1,0,ACM-SVM,spurious_events,0.6,1.0,0.2,2000
tep,1,0,ACM-SVM,spurious_events,0.7,0.1666667,0.316,2000
tep,1,0,ACM-SVM,spurious_events,0.7,0.3333333,0.316,2000
tep,1,0,ACM-SVM,spurious_events,0.7,0.5,0.226,2000
tep,1,0,ACM-SVM,spurious_events,0.7,0.6666667,0.203,2000
tep,1,0,ACM-SVM,spurious_events,0.7,0.8333333,0.2,2000
tep,1,0,ACM-SVM,spurious_events,0.7,1.0,0.2,2000
tep,1,0,ACM-SVM,spurious_events,0.8,0.1666667,0.3075,2000
tep,1,0,ACM-SVM,spurious_events,0.8,0.3333333,0.3075,2000
tep,1,0,ACM-SVM,spurious_events,0.8,0.5,0.2225,2000
tep,1,0,ACM-SVM,spurious_events,0.8,0.6666667,0.205,2000
tep,1,0,ACM-SVM,spurious_events,0.8,0.8333333,0.2005,2000
tep,1,0,ACM-SVM,spurious_events,0.8,1.0,0.2,2000
tep,1,0,ACM-SVM,spurious_events,0.9,0.1666667,0.278,2000
tep,1,0,ACM-SVM,spurious_events,0.9,0.3333333,0.278,2000
tep,1,0,ACM-SVM,spurious_events,0.9,0.5,0.2095,2000
tep,1,0,ACM-SVM,spurious_events,0.9,0.6666667,0.2005,2000
tep,1,0,ACM-SVM,spurious_events,0.9,0.8333333,0.2,2000
tep,1,0,ACM-SVM,spurious_events,0.9,1.0,0.2,2000
tep,1,0,ACM-SVM,timing_uncertainty,0.0,0.1666667,0.465,2000
tep,1,0,ACM-SVM,timing_uncertainty,0.0,0.3333333,0.465,2000
tep,1,0,ACM-SVM,timing_uncertainty,0.0,0.5,0.595,2000
tep,1,0,ACM-SVM,timing_uncertainty,0.0,0.6666667,0.715,2000
tep,1,0,ACM-SVM,timing_uncertainty,0.0,0.8333333,0.76,2000
tep,1,0,ACM-SVM,timing_uncertainty,0.0,1.0,0.87,2000
tep,1,0,ACM-SVM,timing_uncertainty,0.05,0.1666667,0.4685,2000
tep,1,0,ACM-SVM,timing_uncertainty,0.05,0.3333333,0.4685,2000
tep,1,0,ACM-SVM,timing_uncertainty,0.05,0.5,0.598,2000
tep,1,0,ACM-SVM,timing_uncertainty,0.05,0.6666667,0.7145,2000
tep,1,0,ACM-SVM,timing_uncertainty,0.05,0.8333333,0.768,2000
tep,1,0,ACM-SVM,timing_uncertainty,0.05,1.0,0.8775,2000
tep,1,0,ACM-SVM,timing_uncertainty,0.1,0.1666667,0.464,2000
tep,1,0,ACM-SVM,timing_uncertainty,0.1,0.3333333,0.464,2000
tep,1,0,ACM-SVM,timing_uncertainty,0.1,0.5,0.5915,2000
tep,1,0,ACM-SVM,timing_uncertainty,0.1,0.6666667,0.7115,2000
tep,1,0,ACM-SVM,timing_uncertainty,0.1,0.8333333,0.7735,2000
tep,1,0,ACM-SVM,timing_uncertainty,0.1,1.0,0.8755,2000
tep,1,0,ACM-SVM,timing_uncertainty,0.15,0.1666667,0.4845,2000
tep,1,0,ACM-SVM,timing_uncertainty,0.15,0.3333333,0.4845,2000
tep,1,0,ACM-SVM,timing_uncertainty,0.15,0.5,0.587,2000
tep,1,0,ACM-SVM,timing_uncertainty,0.15,0.6666667,0.703,2000
tep,1,0,ACM-SVM,timing_uncertainty,0.15,0.8333333,0.734,2000
tep,1,0,ACM-SVM,timing_uncertainty,0.15,1.0,0.7965,2000
tep,1,0,ACM-SVM,timing_uncertainty,0.2,0.1666667,0.4905,2000
tep,1,0,ACM-SVM,timing_uncertainty,0.2,0.3333333,0.4905,2000
tep,1,0,ACM-SVM,timing_uncertainty,0.2,0.5,0.601,2000
tep,1,0,ACM-SVM,timing_uncertainty,0.2,0.6666667,0.681,2000
tep,1,0,ACM-SVM,timing_uncertainty,0.2,0.8333333,0.6915,2000
tep,1,0,ACM-SVM,timing_uncertainty,0.2,1.0,0.708,2000
tep,1,0,ACM-SVM,timing_uncertainty,0.25,0.1666667,0.503,2000
tep,1,0,ACM-SVM,timing_uncertainty,0.25,0.3333333,0.503,2000
tep,1,0,ACM-SVM,timing_uncertainty,0.25,0.5,0.6105,2000
tep,1,0,ACM-SVM,timing_uncertainty,0.25,0.6666667,0.6945,2000
tep,1,0,ACM-SVM,timing_uncertainty,0.25,0.8333333,0.677,2000
tep,1,0,ACM-SVM,timing_uncertainty,0.25,1.0,0.6485,2000
tep,1,0,ACM-SVM,timing_uncertainty,0.3,0.1666667,0.521,2000
tep,1,0,ACM-SVM,timing_uncertainty,0.3,0.3333333,0.521,2000
tep,1,0,ACM-SVM,timing_uncertainty,0.3,0.5,0.614,2000
tep,1,0,ACM-SVM,timing_uncertainty,0.3,0.6666667,0.675,2000
tep,1,0,ACM-SVM,timing_uncertainty,0.3,0.8333333,0.652,2000
tep,1,0,ACM-SVM,timing_uncertainty,0.3,1.0,0.61,2000
tep,1,0,ACM-SVM,timing_uncertainty,0.4,0.1666667,0.5355,2000
tep,1,0,ACM-SVM,timing_uncertainty,0.4,0.3333333,0.5355,2000
tep,1,0,ACM-SVM,timing_uncertainty,0.4,0.5,0.634,2000
tep,1,0,ACM-SVM,timing_uncertainty,0.4,0.6666667,0.6525,2000
tep,1,0,ACM-SVM,timing_uncertainty,0.4,0.8333333,0.609,2000
tep,1,0,ACM-SVM,timing_uncertainty,0.4,1.0,0.5355,2000
tep,1,0,ACM-SVM,timing_uncertainty,0.5,0.1666667,0.5565,2000
tep,1,0,ACM-SVM,timing_uncertainty,0.5,0.3333333,0.5565,2000
tep,1,0,ACM-SVM,timing_uncertainty,0.5,0.5,0.622,2000
tep,1,0,ACM-SVM,timing_uncertainty,0.5,0.6666667,0.6125,2000
tep,1,0,ACM-SVM,timing_uncertainty,0.5,0.8333333,0.556,2000
tep,1,0,ACM-SVM,timing_uncertainty,0.5,1.0,0.481,2000
tep,1,0,ACM-SVM,timing_uncertainty,0.6,0.1666667,0.5595,2000
tep,1,0,ACM-SVM,timing_uncertainty,0.6,0.3333333,0.5595,2000
tep,1,0,ACM-SVM,timing_uncertainty,0.6,0.5,0.618,2000
tep,1,0,ACM-SVM,timing_uncertainty,0.6,0.6666667,0.588,2000
tep,1,0,ACM-SVM,timing_uncertainty,0.6,0.8333333,0.5205,2000
tep,1,0,ACM-SVM,timing_uncertainty,0.6,1.0,0.433,2000
tep,1,0,ACM-SVM,timing_uncertainty,0.7,0.1666667,0.575,2000
tep,1,0,ACM-SVM,timing_uncertainty,0.7,0.3333333,0.575,2000
tep,1,0,ACM-SVM,timing_uncertainty,0.7,0.5,0.603,2000
tep,1,0,ACM-SVM,timing_uncertainty,0.7,0.6666667,0.573,2000
tep,1,0,ACM-SVM,timing_uncertainty,0.7,0.8333333,0.5065,2000
tep,1,0,ACM-SVM,timing_uncertainty,0.7,1.0,0.4075,2000
tep,1,0,ACM-SVM,timing_uncertainty,0.8,0.1666667,0.571,2000
tep,1,0,ACM-SVM,timing_uncertainty,0.8,0.3333333,0.571,2000
tep,1,0,ACM-SVM,timing_uncertainty,0.8,0.5,0.6115,2000
tep,1,0,ACM-SVM,timing_uncertainty,0.8,0.6666667,0.548,2000
tep,1,0,ACM-SVM,timing_uncertainty,0.8,0.8333333,0.4895,2000
tep,1,0,ACM-SVM,timing_uncertainty,0.8,1.0,0.403,2000
tep,1,0,ACM-SVM,timing_uncertainty,0.9,0.1666667,0.5585,2000
tep,1,0,ACM-SVM,timing_uncertainty,0.9,0.3333333,0.5585,2000
tep,1,0,ACM-SVM,timing_uncertainty,0.9,0.5,0.602,2000
tep,1,0,ACM-SVM,timing_uncertainty,0.9,0.6666667,0.5385,2000
tep,1,0,ACM-SVM,timing_uncertainty,0.9,0.8333333,0.4655,2000
tep,1,0,ACM-SVM,timing_uncertainty,0.9,1.0,0.377,2000
tep,1,0,CASIM-prefix,late_time_delay,0.0,0.1666667,0.93,2000
tep,1,0,CASIM-prefix,late_time_delay,0.0,0.3333333,0.93,2000
tep,1,0,CASIM-prefix,late_time_delay,0.0,0.5,0.96,2000
tep,1,0,CASIM-prefix,late_time_delay,0.0,0.6666667,0.995,2000
tep,1,0,CASIM-prefix,late_time_delay,0.0,0.8333333,1.0,2000
tep,1,0,CASIM-prefix,late_time_delay,0.0,1.0,1.0,2000
tep,1,0,CASIM-prefix,late_time_delay,0.05,0.1666667,0.375,2000
tep,1,0,CASIM-prefix,late_time_delay,0.05,0.3333333,0.375,2000
tep,1,0,CASIM-prefix,late_time_delay,0.05,0.5,0.735,2000
tep,1,0,CASIM-prefix,late_time_delay,0.05,0.6666667,0.965,2000
tep,1,0,CASIM-prefix,late_time_delay,0.05,0.8333333,0.86,2000
tep,1,0,CASIM-prefix,late_time_delay,0.05,1.0,0.93,2000
tep,1,0,CASIM-prefix,late_time_delay,0.1,0.1666667,0.35,2000
tep,1,0,CASIM-prefix,late_time_delay,0.1,0.3333333,0.35,2000
tep,1,0,CASIM-prefix,late_time_delay,0.1,0.5,0.74,2000
tep,1,0,CASIM-prefix,late_time_delay,0.1,0.6666667,0.965,2000
tep,1,0,CASIM-prefix,late_time_delay,0.1,0.8333333,0.875,2000
tep,1,0,CASIM-prefix,late_time_delay,0.1,1.0,0.935,2000
tep,1,0,CASIM-prefix,late_time_delay,0.15,0.1666667,0.355,2000
tep,1,0,CASIM-prefix,late_time_delay,0.15,0.3333333,0.355,2000
tep,1,0,CASIM-prefix,late_time_delay,0.15,0.5,0.615,2000
tep,1,0,CASIM-prefix,late_time_delay,0.15,0.6666667,0.91,2000
tep,1,0,CASIM-prefix,late_time_delay,0.15,0.8333333,0.825,2000
tep,1,0,CASIM-prefix,late_time_delay,0.15,1.0,0.92,2000
tep,1,0,CASIM-prefix,late_time_delay,0.2,0.1666667,0.305,2000
tep,1,0,CASIM-prefix,late_time_delay,0.2,0.3333333,0.305,2000
tep,1,0,CASIM-prefix,late_time_delay,0.2,0.5,0.57,2000
tep,1,0,CASIM-prefix,late_time_delay,0.2,0.6666667,0.885,2000
tep,1,0,CASIM-prefix,late_time_delay,0.2,0.8333333,0.885,2000
tep,1,0,CASIM-prefix,late_time_delay,0.2,1.0,0.93,2000
tep,1,0,CASIM-prefix,late_time_delay,0.25,0.1666667,0.34,2000
tep,1,0,CASIM-prefix,late_time_delay,0.25,0.3333333,0.34,2000
tep,1,0,CASIM-prefix,late_time_delay,0.25,0.5,0.53,2000
tep,1,0,CASIM-prefix,late_time_delay,0.25,0.6666667,0.53,2000
tep,1,0,CASIM-prefix,late_time_delay,0.25,0.8333333,0.705,2000
tep,1,0,CASIM-prefix,late_time_delay,0.25,1.0,0.905,2000
tep,1,0,CASIM-prefix,late_time_delay,0.3,0.1666667,0.365,2000
tep,1,0,CASIM-prefix,late_time_delay,0.3,0.3333333,0.365,2000
tep,1,0,CASIM-prefix,late_time_delay,0.3,0.5,0.455,2000
tep,1,0,CASIM-prefix,late_time_delay,0.3,0.6666667,0.455,2000
tep,1,0,CASIM-prefix,late_time_delay,0.3,0.8333333,0.675,2000
tep,1,0,CASIM-prefix,late_time_delay,0.3,1.0,0.9,2000
tep,1,0,CASIM-prefix,late_time_delay,0.4,0.1666667,0.37,2000
tep,1,0,CASIM-prefix,late_time_delay,0.4,0.3333333,0.37,2000
tep,1,0,CASIM-prefix,late_time_delay,0.4,0.5,0.37,2000
tep,1,0,CASIM-prefix,late_time_delay,0.4,0.6666667,0.565,2000
tep,1,0,CASIM-prefix,late_time_delay,0.4,0.8333333,0.565,2000
tep,1,0,CASIM-prefix,late_time_delay,0.4,1.0,0.835,2000
tep,1,0,CASIM-prefix,late_time_delay,0.5,0.1666667,0.385,2000
tep,1,0,CASIM-prefix,late_time_delay,0.5,0.3333333,0.385,2000
tep,1,0,CASIM-prefix,late_time_delay,0.5,0.5,0.385,2000
tep,1,0,CASIM-prefix,late_time_delay,0.5,0.6666667,0.385,2000
tep,1,0,CASIM-prefix,late_time_delay,0.5,0.8333333,0.38,2000
tep,1,0,CASIM-prefix,late_time_delay,0.5,1.0,0.74,2000
tep,1,0,CASIM-prefix,late_time_delay,0.6,0.1666667,0.355,2000
tep,1,0,CASIM-prefix,late_time_delay,0.6,0.3333333,0.355,2000
tep,1,0,CASIM-prefix,late_time_delay,0.6,0.5,0.355,2000
tep,1,0,CASIM-prefix,late_time_delay,0.6,0.6666667,0.355,2000
tep,1,0,CASIM-prefix,late_time_delay,0.6,0.8333333,0.355,2000
tep,1,0,CASIM-prefix,late_time_delay,0.6,1.0,0.585,2000
tep,1,0,CASIM-prefix,late_time_delay,0.7,0.1666667,0.235,2000
tep,1,0,CASIM-prefix,late_time_delay,0.7,0.3333333,0.235,2000
tep,1,0,CASIM-prefix,late_time_delay,0.7,0.5,0.235,2000
tep,1,0,CASIM-prefix,late_time_delay,0.7,0.6666667,0.235,2000
tep,1,0,CASIM-prefix,late_time_delay,0.7,0.8333333,0.235,2000
tep,1,0,CASIM-prefix,late_time_delay,0.7,1.0,0.46,2000
tep,1,0,CASIM-prefix,late_time_delay,0.8,0.1666667,0.215,2000
tep,1,0,CASIM-prefix,late_time_delay,0.8,0.3333333,0.215,2000
tep,1,0,CASIM-prefix,late_time_delay,0.8,0.5,0.215,2000
tep,1,0,CASIM-prefix,late_time_delay,0.8,0.6666667,0.215,2000
tep,1,0,CASIM-prefix,late_time_delay,0.8,0.8333333,0.215,2000
tep,1,0,CASIM-prefix,late_time_delay,0.8,1.0,0.285,2000
tep,1,0,CASIM-prefix,late_time_delay,0.9,0.1666667,0.225,2000
tep,1,0,CASIM-prefix,late_time_delay,0.9,0.3333333,0.225,2000
tep,1,0,CASIM-prefix,late_time_delay,0.9,0.5,0.225,2000
tep,1,0,CASIM-prefix,late_time_delay,0.9,0.6666667,0.225,2000
tep,1,0,CASIM-prefix,late_time_delay,0.9,0.8333333,0.225,2000
tep,1,0,CASIM-prefix,late_time_delay,0.9,1.0,0.225,2000
tep,1,0,CASIM-prefix,missing_events,0.0,0.1666667,0.93,2000
tep,1,0,CASIM-prefix,missing_events,0.0,0.3333333,0.93,2000
tep,1,0,CASIM-prefix,missing_events,0.0,0.5,0.96,2000
tep,1,0,CASIM-prefix,missing_events,0.0,0.6666667,0.995,2000
tep,1,0,CASIM-prefix,missing_events,0.0,0.8333333,1.0,2000
tep,1,0,CASIM-prefix,missing_events,0.0,1.0,1.0,2000
tep,1,0,CASIM-prefix,missing_events,0.05,0.1666667,0.899,2000
tep,1,0,CASIM-prefix,missing_events,0.05,0.3333333,0.899,2000
tep,1,0,CASIM-prefix,missing_events,0.05,0.5,0.942,2000
tep,1,0,CASIM-prefix,missing_events,0.05,0.6666667,0.9885,2000
tep,1,0,CASIM-prefix,missing_events,0.05,0.8333333,0.9925,2000
tep,1,0,CASIM-prefix,missing_events,0.05,1.0,0.997,2000
tep,1,0,CASIM-prefix,missing_events,0.1,0.1666667,0.862,2000
tep,1,0,CASIM-prefix,missing_events,0.1,0.3333333,0.862,2000
tep,1,0,CASIM-prefix,missing_events,0.1,0.5,0.9125,2000
tep,1,0,CASIM-prefix,missing_events,0.1,0.6666667,0.9775,2000
tep,1,0,CASIM-prefix,missing_events,0.1,0.8333333,0.9795,2000
tep,1,0,CASIM-prefix,missing_events,0.1,1.0,0.994,2000
tep,1,0,CASIM-prefix,missing_events,0.15,0.1666667,0.8325,2000
tep,1,0,CASIM-prefix,missing_events,0.15,0.3333333,0.8325,2000
tep,1,0,CASIM-prefix,missing_events,0.15,0.5,0.8985,2000
tep,1,0,CASIM-prefix,missing_events,0.15,0.6666667,0.971,2000
tep,1,0,CASIM-prefix,missing_events,0.15,0.8333333,0.9735,2000
tep,1,0,CASIM-prefix,missing_events,0.15,1.0,0.993,2000
tep,1,0,CASIM-prefix,missing_events,0.2,0.1666667,0.809,2000
tep,1,0,CASIM-prefix,missing_events,0.2,0.3333333,0.809,2000
tep,1,0,CASIM-prefix,missing_events,0.2,0.5,0.87,2000
tep,1,0,CASIM-prefix,missing_events,0.2,0.6666667,0.95,2000
tep,1,0,CASIM-prefix,missing_events,0.2,0.8333333,0.9575,2000
tep,1,0,CASIM-prefix,missing_events,0.2,1.0,0.985,2000
tep,1,0,CASIM-prefix,missing_events,0.25,0.1666667,0.771,2000
tep,1,0,CASIM-prefix,missing_events,0.25,0.3333333,0.771,2000
tep,1,0,CASIM-prefix,missing_events,0.25,0.5,0.842,2000
tep,1,0,CASIM-prefix,missing_events,0.25,0.6666667,0.9275,2000
tep,1,0,CASIM-prefix,missing_events,0.25,0.8333333,0.948,2000
tep,1,0,CASIM-prefix,missing_events,0.25,1.0,0.973,2000
tep,1,0,CASIM-prefix,missing_events,0.3,0.1666667,0.741,2000
tep,1,0,CASIM-prefix,missing_events,0.3,0.3333333,0.741,2000
tep,1,0,CASIM-prefix,missing_events,0.3,0.5,0.802,2000
tep,1,0,CASIM-prefix,missing_events,0.3,0.6666667,0.905,2000
tep,1,0,CASIM-prefix,missing_events,0.3,0.8333333,0.9275,2000
tep,1,0,CASIM-prefix,missing_events,0.3,1.0,0.9705,2000
tep,1,0,CASIM-prefix,missing_events,0.4,0.1666667,0.651,2000
tep,1,0,CASIM-prefix,missing_events,0.4,0.3333333,0.651,2000
tep,1,0,CASIM-prefix,missing_events,0.4,0.5,0.728,2000
tep,1,0,CASIM-prefix,missing_events,0.4,0.6666667,0.8405,2000
tep,1,0,CASIM-prefix,missing_events,0.4,0.8333333,0.88,2000
tep,1,0,CASIM-prefix,missing_events,0.4,1.0,0.9315,2000
tep,1,0,CASIM-prefix,missing_events,0.5,0.1666667,0.5805,2000
tep,1,0,CASIM-prefix,missing_events,0.5,0.3333333,0.5805,2000
tep,1,0,CASIM-prefix,missing_events,0.5,0.5,0.655,2000
tep,1,0,CASIM-prefix,missing_events,0.5,0.6666667,0.757,2000
tep,1,0,CASIM-prefix,missing_events,0.5,0.8333333,0.8065,2000
tep,1,0,CASIM-prefix,missing_events,0.5,1.0,0.8755,2000
tep,1,0,CASIM-prefix,missing_events,0.6,0.1666667,0.534,2000
tep,1,0,CASIM-prefix,missing_events,0.6,0.3333333,0.534,2000
tep,1,0,CASIM-prefix,missing_events,0.6,0.5,0.577,2000
tep,1,0,CASIM-prefix,missing_events,0.6,0.6666667,0.6545,2000
tep,1,0,CASIM-prefix,missing_events,0.6,0.8333333,0.7195,2000
tep,1,0,CASIM-prefix,missing_events,0.6,1.0,0.7925,2000
tep,1,0,CASIM-prefix,missing_events,0.7,0.1666667,0.4545,2000
tep,1,0,CASIM-prefix,missing_events,0.7,0.3333333,0.4545,2000
tep,1,0,CASIM-prefix,missing_events,0.7,0.5,0.4995,2000
tep,1,0,CASIM-prefix,missing_events,0.7,0.6666667,0.564,2000
tep,1,0,CASIM-prefix,missing_events,0.7,0.8333333,0.617,2000
tep,1,0,CASIM-prefix,missing_events,0.7,1.0,0.7535,2000
tep,1,0,CASIM-prefix,missing_events,0.8,0.1666667,0.371,2000
tep,1,0,CASIM-prefix,missing_events,0.8,0.3333333,0.371,2000
tep,1,0,CASIM-prefix,missing_events,0.8,0.5,0.394,2000
tep,1,0,CASIM-prefix,missing_events,0.8,0.6666667,0.424,2000
tep,1,0,CASIM-prefix,missing_events,0.8,0.8333333,0.4835,2000
tep,1,0,CASIM-prefix,missing_events,0.8,1.0,0.616,2000
tep,1,0,CASIM-prefix,missing_events,0.9,0.1666667,0.2815,2000
tep,1,0,CASIM-prefix,missing_events,0.9,0.3333333,0.2815,2000
tep,1,0,CASIM-prefix,missing_events,0.9,0.5,0.285,2000
tep,1,0,CASIM-prefix,missing_events,0.9,0.6666667,0.2905,2000
tep,1,0,CASIM-prefix,missing_events,0.9,0.8333333,0.3205,2000
tep,1,0,CASIM-prefix,missing_events,0.9,1.0,0.4315,2000
tep,1,0,CASIM-prefix,mixed_missing_spurious,0.0,0.1666667,0.93,2000
tep,1,0,CASIM-prefix,mixed_missing_spurious,0.0,0.3333333,0.93,2000
tep,1,0,CASIM-prefix,mixed_missing_spurious,0.0,0.5,0.96,2000
tep,1,0,CASIM-prefix,mixed_missing_spurious,0.0,0.6666667,0.995,2000
tep,1,0,CASIM-prefix,mixed_missing_spurious,0.0,0.8333333,1.0,2000
tep,1,0,CASIM-prefix,mixed_missing_spurious,0.0,1.0,1.0,2000
tep,1,0,CASIM-prefix,mixed_missing_spurious,0.05,0.1666667,0.894,2000
tep,1,0,CASIM-prefix,mixed_missing_spurious,0.05,0.3333333,0.894,2000
tep,1,0,CASIM-prefix,mixed_missing_spurious,0.05,0.5,0.9395,2000
tep,1,0,CASIM-prefix,mixed_missing_spurious,0.05,0.6666667,0.9845,2000
tep,1,0,CASIM-prefix,mixed_missing_spurious,0.05,0.8333333,0.9945,2000
tep,1,0,CASIM-prefix,mixed_missing_spurious,0.05,1.0,0.999,2000
tep,1,0,CASIM-prefix,mixed_missing_spurious,0.1,0.1666667,0.8595,2000
tep,1,0,CASIM-prefix,mixed_missing_spurious,0.1,0.3333333,0.8595,2000
tep,1,0,CASIM-prefix,mixed_missing_spurious,0.1,0.5,0.897,2000
tep,1,0,CASIM-prefix,mixed_missing_spurious,0.1,0.6666667,0.968,2000
tep,1,0,CASIM-prefix,mixed_missing_spurious,0.1,0.8333333,0.976,2000
tep,1,0,CASIM-prefix,mixed_missing_spurious,0.1,1.0,0.9935,2000
tep,1,0,CASIM-prefix,mixed_missing_spurious,0.15,0.1666667,0.8085,2000
tep,1,0,CASIM-prefix,mixed_missing_spurious,0.15,0.3333333,0.8085,2000
tep,1,0,CASIM-prefix,mixed_missing_spurious,0.15,0.5,0.8515,2000
tep,1,0,CASIM-prefix,mixed_missing_spurious,0.15,0.6666667,0.9345,2000
tep,1,0,CASIM-prefix,mixed_missing_spurious,0.15,0.8333333,0.958,2000
tep,1,0,CASIM-prefix,mixed_missing_spurious,0.15,1.0,0.985,2000
tep,1,0,CASIM-prefix,mixed_missing_spurious,0.2,0.1666667,0.7895,2000
tep,1,0,CASIM-prefix,mixed_missing_spurious,0.2,0.3333333,0.7895,2000
tep,1,0,CASIM-prefix,mixed_missing_spurious,0.2,0.5,0.8295,2000
tep,1,0,CASIM-prefix,mixed_missing_spurious,0.2,0.6666667,0.9205,2000
tep,1,0,CASIM-prefix,mixed_missing_spurious,0.2,0.8333333,0.9185,2000
tep,1,0,CASIM-prefix,mixed_missing_spurious,0.2,1.0,0.966,2000
tep,1,0,CASIM-prefix,mixed_missing_spurious,0.25,0.1666667,0.736,2000
tep,1,0,CASIM-prefix,mixed_missing_spurious,0.25,0.3333333,0.736,2000
tep,1,0,CASIM-prefix,mixed_missing_spurious,0.25,0.5,0.781,2000
tep,1,0,CASIM-prefix,mixed_missing_spurious,0.25,0.6666667,0.8875,2000
tep,1,0,CASIM-prefix,mixed_missing_spurious,0.25,0.8333333,0.8955,2000
tep,1,0,CASIM-prefix,mixed_missing_spurious,0.25,1.0,0.9305,2000
tep,1,0,CASIM-prefix,mixed_missing_spurious,0.3,0.1666667,0.7125,2000
tep,1,0,CASIM-prefix,mixed_missing_spurious,0.3,0.3333333,0.7125,2000
tep,1,0,CASIM-prefix,mixed_missing_spurious,0.3,0.5,0.755,2000
tep,1,0,CASIM-prefix,mixed_missing_spurious,0.3,0.6666667,0.8675,2000
tep,1,0,CASIM-prefix,mixed_missing_spurious,0.3,0.8333333,0.878,2000
tep,1,0,CASIM-prefix,mixed_missing_spurious,0.3,1.0,0.917,2000
tep,1,0,CASIM-prefix,mixed_missing_spurious,0.4,0.1666667,0.6465,2000
tep,1,0,CASIM-prefix,mixed_missing_spurious,0.4,0.3333333,0.6465,2000
tep,1,0,CASIM-prefix,mixed_missing_spurious,0.4,0.5,0.6955,2000
tep,1,0,CASIM-prefix,mixed_missing_spurious,0.4,0.6666667,0.81,2000
tep,1,0,CASIM-prefix,mixed_missing_spurious,0.4,0.8333333,0.8275,2000
tep,1,0,CASIM-prefix,mixed_missing_spurious,0.4,1.0,0.8615,2000
tep,1,0,CASIM-prefix,mixed_missing_spurious,0.5,0.1666667,0.5735,2000
tep,1,0,CASIM-prefix,mixed_missing_spurious,0.5,0.3333333,0.5735,2000
tep,1,0,CASIM-prefix,mixed_missing_spurious,0.5,0.5,0.617,2000
tep,1,0,CASIM-prefix,mixed_missing_spurious,0.5,0.6666667,0.739,2000
tep,1,0,CASIM-prefix,mixed_missing_spurious,0.5,0.8333333,0.7515,2000
tep,1,0,CASIM-prefix,mixed_missing_spurious,0.5,1.0,0.7915,2000
tep,1,0,CASIM-prefix,mixed_missing_spurious,0.6,0.1666667,0.521,2000
tep,1,0,CASIM-prefix,mixed_missing_spurious,0.6,0.3333333,0.521,2000
tep,1,0,CASIM-prefix,mixed_missing_spurious,0.6,0.5,0.5685,2000
tep,1,0,CASIM-prefix,mixed_missing_spurious,0.6,0.6666667,0.6635,2000
tep,1,0,CASIM-prefix,mixed_missing_spurious,0.6,0.8333333,0.707,2000
tep,1,0,CASIM-prefix,mixed_missing_spurious,0.6,1.0,0.723,2000
tep,1,0,CASIM-prefix,mixed_missing_spurious,0.7,0.1666667,0.4615,2000
tep,1,0,CASIM-prefix,mixed_missing_spurious,0.7,0.3333333,0.4615,2000
tep,1,0,CASIM-prefix,mixed_missing_spurious,0.7,0.5,0.537,2000
tep,1,0,CASIM-prefix,mixed_missing_spurious,0.7,0.6666667,0.5975,2000
tep,1,0,CASIM-prefix,mixed_missing_spurious,0.7,0.8333333,0.628,2000
tep,1,0,CASIM-prefix,mixed_missing_spurious,0.7,1.0,0.677,2000
tep,1,0,CASIM-prefix,mixed_missing_spurious,0.8,0.1666667,0.367,2000
tep,1,0,CASIM-prefix,mixed_missing_spurious,0.8,0.3333333,0.367,2000
tep,1,0,CASIM-prefix,mixed_missing_spurious,0.8,0.5,0.443,2000
tep,1,0,CASIM-prefix,mixed_missing_spurious,0.8,0.6666667,0.4595,2000
tep,1,0,CASIM-prefix,mixed_missing_spurious,0.8,0.8333333,0.536,2000
tep,1,0,CASIM-prefix,mixed_missing_spurious,0.8,1.0,0.5765,2000
tep,1,0,CASIM-prefix,mixed_missing_spurious,0.9,0.1666667,0.2915,2000
tep,1,0,CASIM-prefix,mixed_missing_spurious,0.9,0.3333333,0.2915,2000
tep,1,0,CASIM-prefix,mixed_missing_spurious,0.9,0.5,0.34,2000
tep,1,0,CASIM-prefix,mixed_missing_spurious,0.9,0.6666667,0.3215,2000
tep,1,0,CASIM-prefix,mixed_missing_spurious,0.9,0.8333333,0.3715,2000
tep,1,0,CASIM-prefix,mixed_missing_spurious,0.9,1.0,0.4555,2000
tep,1,0,CASIM-prefix,mixed_spurious_timing_late,0.0,0.1666667,0.93,2000
tep,1,0,CASIM-prefix,mixed_spurious_timing_late,0.0,0.3333333,0.93,2000
tep,1,0,CASIM-prefix,mixed_spurious_timing_late,0.0,0.5,0.96,2000
tep,1,0,CASIM-prefix,mixed_spurious_timing_late,0.0,0.6666667,0.995,2000
tep,1,0,CASIM-prefix,mixed_spurious_timing_late,0.0,0.8333333,1.0,2000
tep,1,0,CASIM-prefix,mixed_spurious_timing_late,0.0,1.0,1.0,2000
tep,1,0,CASIM-prefix,mixed_spurious_timing_late,0.05,0.1666667,0.368,2000
tep,1,0,CASIM-prefix,mixed_spurious_timing_late,0.05,0.3333333,0.368,2000
tep,1,0,CASIM-prefix,mixed_spurious_timing_late,0.05,0.5,0.724,2000
tep,1,0,CASIM-prefix,mixed_spurious_timing_late,0.05,0.6666667,0.954,2000
tep,1,0,CASIM-prefix,mixed_spurious_timing_late,0.05,0.8333333,0.87,2000
tep,1,0,CASIM-prefix,mixed_spurious_timing_late,0.05,1.0,0.9465,2000
tep,1,0,CASIM-prefix,mixed_spurious_timing_late,0.1,0.1666667,0.348,2000
tep,1,0,CASIM-prefix,mixed_spurious_timing_late,0.1,0.3333333,0.348,2000
tep,1,0,CASIM-prefix,mixed_spurious_timing_late,0.1,0.5,0.69,2000
tep,1,0,CASIM-prefix,mixed_spurious_timing_late,0.1,0.6666667,0.931,2000
tep,1,0,CASIM-prefix,mixed_spurious_timing_late,0.1,0.8333333,0.868,2000
tep,1,0,CASIM-prefix,mixed_spurious_timing_late,0.1,1.0,0.9535,2000
tep,1,0,CASIM-prefix,mixed_spurious_timing_late,0.15,0.1666667,0.322,2000
tep,1,0,CASIM-prefix,mixed_spurious_timing_late,0.15,0.3333333,0.322,2000
tep,1,0,CASIM-prefix,mixed_spurious_timing_late,0.15,0.5,0.5575,2000
tep,1,0,CASIM-prefix,mixed_spurious_timing_late,0.15,0.6666667,0.852,2000
tep,1,0,CASIM-prefix,mixed_spurious_timing_late,0.15,0.8333333,0.809,2000
tep,1,0,CASIM-prefix,mixed_spurious_timing_late,0.15,1.0,0.934,2000
tep,1,0,CASIM-prefix,mixed_spurious_timing_late,0.2,0.1666667,0.2895,2000
tep,1,0,CASIM-prefix,mixed_spurious_timing_late,0.2,0.3333333,0.2895,2000
tep,1,0,CASIM-prefix,mixed_spurious_timing_late,0.2,0.5,0.4805,2000
tep,1,0,CASIM-prefix,mixed_spurious_timing_late,0.2,0.6666667,0.824,2000
tep,1,0,CASIM-prefix,mixed_spurious_timing_late,0.2,0.8333333,0.824,2000
tep,1,0,CASIM-prefix,mixed_spurious_timing_late,0.2,1.0,0.9185,2000
tep,1,0,CASIM-prefix,mixed_spurious_timing_late,0.25,0.1666667,0.3075,2000
tep,1,0,CASIM-prefix,mixed_spurious_timing_late,0.25,0.3333333,0.3075,2000
tep,1,0,CASIM-prefix,mixed_spurious_timing_late,0.25,0.5,0.4045,2000
tep,1,0,CASIM-prefix,mixed_spurious_timing_late,0.25,0.6666667,0.4045,2000
tep,1,0,CASIM-prefix,mixed_spurious_timing_late,0.25,0.8333333,0.717,2000
tep,1,0,CASIM-prefix,mixed_spurious_timing_late,0.25,1.0,0.8625,2000
tep,1,0,CASIM-prefix,mixed_spurious_timing_late,0.3,0.1666667,0.325,2000
tep,1,0,CASIM-prefix,mixed_spurious_timing_late,0.3,0.3333333,0.325,2000
tep,1,0,CASIM-prefix,mixed_spurious_timing_late,0.3,0.5,0.3645,2000
tep,1,0,CASIM-prefix,mixed_spurious_timing_late,0.3,0.6666667,0.3645,2000
tep,1,0,CASIM-prefix,mixed_spurious_timing_late,0.3,0.8333333,0.6655,2000
tep,1,0,CASIM-prefix,mixed_spurious_timing_late,0.3,1.0,0.8245,2000
tep,1,0,CASIM-prefix,mixed_spurious_timing_late,0.4,0.1666667,0.3215,2000
tep,1,0,CASIM-prefix,mixed_spurious_timing_late,0.4,0.3333333,0.3215,2000
tep,1,0,CASIM-prefix,mixed_spurious_timing_late,0.4,0.5,0.3215,2000
tep,1,0,CASIM-prefix,mixed_spurious_timing_late,0.4,0.6666667,0.468,2000
tep,1,0,CASIM-prefix,mixed_spurious_timing_late,0.4,0.8333333,0.468,2000
tep,1,0,CASIM-prefix,mixed_spurious_timing_late,0.4,1.0,0.6245,2000
tep,1,0,CASIM-prefix,mixed_spurious_timing_late,0.5,0.1666667,0.3275,2000
tep,1,0,CASIM-prefix,mixed_spurious_timing_late,0.5,0.3333333,0.3275,2000
tep,1,0,CASIM-prefix,mixed_spurious_timing_late,0.5,0.5,0.3275,2000
tep,1,0,CASIM-prefix,mixed_spurious_timing_late,0.5,0.6666667,0.3275,2000
tep,1,0,CASIM-prefix,mixed_spurious_timing_late,0.5,0.8333333,0.4295,2000
tep,1,0,CASIM-prefix,mixed_spurious_timing_late,0.5,1.0,0.5135,2000
tep,1,0,CASIM-prefix,mixed_spurious_timing_late,0.6,0.1666667,0.3,2000
tep,1,0,CASIM-prefix,mixed_spurious_timing_late,0.6,0.3333333,0.3,2000
tep,1,0,CASIM-prefix,mixed_spurious_timing_late,0.6,0.5,0.3,2000
tep,1,0,CASIM-prefix,mixed_spurious_timing_late,0.6,0.6666667,0.3,2000
tep,1,0,CASIM-prefix,mixed_spurious_timing_late,0.6,0.8333333,0.3,2000
tep,1,0,CASIM-prefix,mixed_spurious_timing_late,0.6,1.0,0.4395,2000
tep,1,0,CASIM-prefix,mixed_spurious_timing_late,0.7,0.1666667,0.267,2000
tep,1,0,CASIM-prefix,mixed_spurious_timing_late,0.7,0.3333333,0.267,2000
tep,1,0,CASIM-prefix,mixed_spurious_timing_late,0.7,0.5,0.267,2000
tep,1,0,CASIM-prefix,mixed_spurious_timing_late,0.7,0.6666667,0.267,2000
tep,1,0,CASIM-prefix,mixed_spurious_timing_late,0.7,0.8333333,0.267,2000
tep,1,0,CASIM-prefix,mixed_spurious_timing_late,0.7,1.0,0.367,2000
tep,1,0,CASIM-prefix,mixed_spurious_timing_late,0.8,0.1666667,0.2755,2000
tep,1,0,CASIM-prefix,mixed_spurious_timing_late,0.8,0.3333333,0.2755,2000
tep,1,0,CASIM-prefix,mixed_spurious_timing_late,0.8,0.5,0.2755,2000
tep,1,0,CASIM-prefix,mixed_spurious_timing_late,0.8,0.6666667,0.2755,2000
tep,1,0,CASIM-prefix,mixed_spurious_timing_late,0.8,0.8333333,0.2755,2000
tep,1,0,CASIM-prefix,mixed_spurious_timing_late,0.8,1.0,0.296,2000
tep,1,0,CASIM-prefix,mixed_spurious_timing_late,0.9,0.1666667,0.241,2000
tep,1,0,CASIM-prefix,mixed_spurious_timing_late,0.9,0.3333333,0.241,2000
tep,1,0,CASIM-prefix,mixed_spurious_timing_late,0.9,0.5,0.241,2000
tep,1,0,CASIM-prefix,mixed_spurious_timing_late,0.9,0.6666667,0.241,2000
tep,1,0,CASIM-prefix,mixed_spurious_timing_late,0.9,0.8333333,0.241,2000
tep,1,0,CASIM-prefix,mixed_spurious_timing_late,0.9,1.0,0.241,2000
tep,1,0,CASIM-prefix,spurious_events,0.0,0.1666667,0.93,2000
tep,1,0,CASIM-prefix,spurious_events,0.0,0.3333333,0.93,2000
tep,1,0,CASIM-prefix,spurious_events,0.0,0.5,0.96,2000
tep,1,0,CASIM-prefix,spurious_events,0.0,0.6666667,0.995,2000
tep,1,0,CASIM-prefix,spurious_events,0.0,0.8333333,1.0,2000
tep,1,0,CASIM-prefix,spurious_events,0.0,1.0,1.0,2000
tep,1,0,CASIM-prefix,spurious_events,0.05,0.1666667,0.9135,2000
tep,1,0,CASIM-prefix,spurious_events,0.05,0.3333333,0.9135,2000
tep,1,0,CASIM-prefix,spurious_events,0.05,0.5,0.946,2000
tep,1,0,CASIM-prefix,spurious_events,0.05,0.6666667,0.9845,2000
tep,1,0,CASIM-prefix,spurious_events,0.05,0.8333333,0.9955,2000
tep,1,0,CASIM-prefix,spurious_events,0.05,1.0,0.9995,2000
tep,1,0,CASIM-prefix,spurious_events,0.1,0.1666667,0.906,2000
tep,1,0,CASIM-prefix,spurious_events,0.1,0.3333333,0.906,2000
tep,1,0,CASIM-prefix,spurious_events,0.1,0.5,0.931,2000
tep,1,0,CASIM-prefix,spurious_events,0.1,0.6666667,0.9755,2000
tep,1,0,CASIM-prefix,spurious_events,0.1,0.8333333,0.9895,2000
tep,1,0,CASIM-prefix,spurious_events,0.1,1.0,0.997,2000
tep,1,0,CASIM-prefix,spurious_events,0.15,0.1666667,0.877,2000
tep,1,0,CASIM-prefix,spurious_events,0.15,0.3333333,0.877,2000
tep,1,0,CASIM-prefix,spurious_events,0.15,0.5,0.897,2000
tep,1,0,CASIM-prefix,spurious_events,0.15,0.6666667,0.97,2000
tep,1,0,CASIM-prefix,spurious_events,0.15,0.8333333,0.974,2000
tep,1,0,CASIM-prefix,spurious_events,0.15,1.0,0.99,2000
tep,1,0,CASIM-prefix,spurious_events,0.2,0.1666667,0.8645,2000
tep,1,0,CASIM-prefix,spurious_events,0.2,0.3333333,0.8645,2000
tep,1,0,CASIM-prefix,spurious_events,0.2,0.5,0.8805,2000
tep,1,0,CASIM-prefix,spurious_events,0.2,0.6666667,0.9525,2000
tep,1,0,CASIM-prefix,spurious_events,0.2,0.8333333,0.959,2000
tep,1,0,CASIM-prefix,spurious_events,0.2,1.0,0.9765,2000
tep,1,0,CASIM-prefix,spurious_events,0.25,0.1666667,0.859,2000
tep,1,0,CASIM-prefix,spurious_events,0.25,0.3333333,0.859,2000
tep,1,0,CASIM-prefix,spurious_events,0.25,0.5,0.8595,2000
tep,1,0,CASIM-prefix,spurious_events,0.25,0.6666667,0.9395,2000
tep,1,0,CASIM-prefix,spurious_events,0.25,0.8333333,0.9355,2000
tep,1,0,CASIM-prefix,spurious_events,0.25,1.0,0.9605,2000
tep,1,0,CASIM-prefix,spurious_events,0.3,0.1666667,0.8415,2000
tep,1,0,CASIM-prefix,spurious_events,0.3,0.3333333,0.8415,2000
tep,1,0,CASIM-prefix,spurious_events,0.3,0.5,0.825,2000
tep,1,0,CASIM-prefix,spurious_events,0.3,0.6666667,0.908,2000
tep,1,0,CASIM-prefix,spurious_events,0.3,0.8333333,0.911,2000
tep,1,0,CASIM-prefix,spurious_events,0.3,1.0,0.9395,2000
tep,1,0,CASIM-prefix,spurious_events,0.4,0.1666667,0.8165,2000
tep,1,0,CASIM-prefix,spurious_events,0.4,0.3333333,0.8165,2000
tep,1,0,CASIM-prefix,spurious_events,0.4,0.5,0.7705,2000
tep,1,0,CASIM-prefix,spurious_events,0.4,0.6666667,0.8785,2000
tep,1,0,CASIM-prefix,spurious_events,0.4,0.8333333,0.8615,2000
tep,1,0,CASIM-prefix,spurious_events,0.4,1.0,0.89,2000
tep,1,0,CASIM-prefix,spurious_events,0.5,0.1666667,0.7765,2000
tep,1,0,CASIM-prefix,spurious_events,0.5,0.3333333,0.7765,2000
tep,1,0,CASIM-prefix,spurious_events,0.5,0.5,0.7075,2000
tep,1,0,CASIM-prefix,spurious_events,0.5,0.6666667,0.8415,2000
tep,1,0,CASIM-prefix,spurious_events,0.5,0.8333333,0.794,2000
tep,1,0,CASIM-prefix,spurious_events,0.5,1.0,0.8545,2000
tep,1,0,CASIM-prefix,spurious_events,0.6,0.1666667,0.7645,2000
tep,1,0,CASIM-prefix,spurious_events,0.6,0.3333333,0.7645,2000
tep,1,0,CASIM-prefix,spurious_events,0.6,0.5,0.671,2000
tep,1,0,CASIM-prefix,spurious_events,0.6,0.6666667,0.79,2000
tep,1,0,CASIM-prefix,spurious_events,0.6,0.8333333,0.737,2000
tep,1,0,CASIM-prefix,spurious_events,0.6,1.0,0.8195,2000
tep,1,0,CASIM-prefix,spurious_events,0.7,0.1666667,0.735,2000
tep,1,0,CASIM-prefix,spurious_events,0.7,0.3333333,0.735,2000
tep,1,0,CASIM-prefix,spurious_events,0.7,0.5,0.6205,2000
tep,1,0,CASIM-prefix,spurious_events,0.7,0.6666667,0.7685,2000
tep,1,0,CASIM-prefix,spurious_events,0.7,0.8333333,0.6845,2000
tep,1,0,CASIM-prefix,spurious_events,0.7,1.0,0.771,2000
tep,1,0,CASIM-prefix,spurious_events,0.8,0.1666667,0.731,2000
tep,1,0,CASIM-prefix,spurious_events,0.8,0.3333333,0.731,2000
tep,1,0,CASIM-prefix,spurious_events,0.8,0.5,0.5805,2000
tep,1,0,CASIM-prefix,spurious_events,0.8,0.6666667,0.741,2000
tep,1,0,CASIM-prefix,spurious_events,0.8,0.8333333,0.642,2000
tep,1,0,CASIM-prefix,spurious_events,0.8,1.0,0.738,2000
tep,1,0,CASIM-prefix,spurious_events,0.9,0.1666667,0.701,2000
tep,1,0,CASIM-prefix,spurious_events,0.9,0.3333333,0.701,2000
tep,1,0,CASIM-prefix,spurious_events,0.9,0.5,0.5575,2000
tep,1,0,CASIM-prefix,spurious_events,0.9,0.6666667,0.698,2000
tep,1,0,CASIM-prefix,spurious_events,0.9,0.8333333,0.6095,2000
tep,1,0,CASIM-prefix,spurious_events,0.9,1.0,0.7155,2000
tep,1,0,CASIM-prefix,timing_uncertainty,0.0,0.1666667,0.93,2000
tep,1,0,CASIM-prefix,timing_uncertainty,0.0,0.3333333,0.93,2000
tep,1,0,CASIM-prefix,timing_uncertainty,0.0,0.5,0.96,2000
tep,1,0,CASIM-prefix,timing_uncertainty,0.0,0.6666667,0.995,2000
tep,1,0,CASIM-prefix,timing_uncertainty,0.0,0.8333333,1.0,2000
tep,1,0,CASIM-prefix,timing_uncertainty,0.0,1.0,1.0,2000
tep,1,0,CASIM-prefix,timing_uncertainty,0.05,0.1666667,0.9275,2000
tep,1,0,CASIM-prefix,timing_uncertainty,0.05,0.3333333,0.9275,2000
tep,1,0,CASIM-prefix,timing_uncertainty,0.05,0.5,0.96,2000
tep,1,0,CASIM-prefix,timing_uncertainty,0.05,0.6666667,0.995,2000
tep,1,0,CASIM-prefix,timing_uncertainty,0.05,0.8333333,1.0,2000
tep,1,0,CASIM-prefix,timing_uncertainty,0.05,1.0,1.0,2000
tep,1,0,CASIM-prefix,timing_uncertainty,0.1,0.1666667,0.922,2000
tep,1,0,CASIM-prefix,timing_uncertainty,0.1,0.3333333,0.922,2000
tep,1,0,CASIM-prefix,timing_uncertainty,0.1,0.5,0.956,2000
tep,1,0,CASIM-prefix,timing_uncertainty,0.1,0.6666667,0.994,2000
tep,1,0,CASIM-prefix,timing_uncertainty,0.1,0.8333333,1.0,2000
tep,1,0,CASIM-prefix,timing_uncertainty,0.1,1.0,1.0,2000
tep,1,0,CASIM-prefix,timing_uncertainty,0.15,0.1666667,0.9125,2000
tep,1,0,CASIM-prefix,timing_uncertainty,0.15,0.3333333,0.9125,2000
tep,1,0,CASIM-prefix,timing_uncertainty,0.15,0.5,0.957,2000
tep,1,0,CASIM-prefix,timing_uncertainty,0.15,0.6666667,0.993,2000
tep,1,0,CASIM-prefix,timing_uncertainty,0.15,0.8333333,1.0,2000
tep,1,0,CASIM-prefix,timing_uncertainty,0.15,1.0,1.0,2000
tep,1,0,CASIM-prefix,timing_uncertainty,0.2,0.1666667,0.907,2000
tep,1,0,CASIM-prefix,timing_uncertainty,0.2,0.3333333,0.907,2000
tep,1,0,CASIM-prefix,timing_uncertainty,0.2,0.5,0.9525,2000
tep,1,0,CASIM-prefix,timing_uncertainty,0.2,0.6666667,0.9935,2000
tep,1,0,CASIM-prefix,timing_uncertainty,0.2,0.8333333,0.9995,2000
tep,1,0,CASIM-prefix,timing_uncertainty,0.2,1.0,1.0,2000
tep,1,0,CASIM-prefix,timing_uncertainty,0.25,0.1666667,0.8905,2000
tep,1,0,CASIM-prefix,timing_uncertainty,0.25,0.3333333,0.8905,2000
tep,1,0,CASIM-prefix,timing_uncertainty,0.25,0.5,0.943,2000
tep,1,0,CASIM-prefix,timing_uncertainty,0.25,0.6666667,0.9915,2000
tep,1,0,CASIM-prefix,timing_uncertainty,0.25,0.8333333,0.999,2000
tep,1,0,CASIM-prefix,timing_uncertainty,0.25,1.0,0.9995,2000
tep,1,0,CASIM-prefix,timing_uncertainty,0.3,0.1666667,0.873,2000
tep,1,0,CASIM-prefix,timing_uncertainty,0.3,0.3333333,0.873,2000
tep,1,0,CASIM-prefix,timing_uncertainty,0.3,0.5,0.9455,2000
tep,1,0,CASIM-prefix,timing_uncertainty,0.3,0.6666667,0.992,2000
tep,1,0,CASIM-prefix,timing_uncertainty,0.3,0.8333333,0.9955,2000
tep,1,0,CASIM-prefix,timing_uncertainty,0.3,1.0,0.9995,2000
tep,1,0,CASIM-prefix,timing_uncertainty,0.4,0.1666667,0.8445,2000
tep,1,0,CASIM-prefix,timing_uncertainty,0.4,0.3333333,0.8445,2000
tep,1,0,CASIM-prefix,timing_uncertainty,0.4,0.5,0.9375,2000
tep,1,0,CASIM-prefix,timing_uncertainty,0.4,0.6666667,0.988,2000
tep,1,0,CASIM-prefix,timing_uncertainty,0.4,0.8333333,0.9945,2000
tep,1,0,CASIM-prefix,timing_uncertainty,0.4,1.0,0.999,2000
tep,1,0,CASIM-prefix,timing_uncertainty,0.5,0.1666667,0.81,2000
tep,1,0,CASIM-prefix,timing_uncertainty,0.5,0.3333333,0.81,2000
tep,1,0,CASIM-prefix,timing_uncertainty,0.5,0.5,0.9325,2000
tep,1,0,CASIM-prefix,timing_uncertainty,0.5,0.6666667,0.985,2000
tep,1,0,CASIM-prefix,timing_uncertainty,0.5,0.8333333,0.989,2000
tep,1,0,CASIM-prefix,timing_uncertainty,0.5,1.0,0.9965,2000
tep,1,0,CASIM-prefix,timing_uncertainty,0.6,0.1666667,0.772,2000
tep,1,0,CASIM-prefix,timing_uncertainty,0.6,0.3333333,0.772,2000
tep,1,0,CASIM-prefix,timing_uncertainty,0.6,0.5,0.923,2000
tep,1,0,CASIM-prefix,timing_uncertainty,0.6,0.6666667,0.982,2000
tep,1,0,CASIM-prefix,timing_uncertainty,0.6,0.8333333,0.9805,2000
tep,1,0,CASIM-prefix,timing_uncertainty,0.6,1.0,0.991,2000
tep,1,0,CASIM-prefix,timing_uncertainty,0.7,0.1666667,0.7525,2000
tep,1,0,CASIM-prefix,timing_uncertainty,0.7,0.3333333,0.7525,2000
tep,1,0,CASIM-prefix,timing_uncertainty,0.7,0.5,0.9205,2000
tep,1,0,CASIM-prefix,timing_uncertainty,0.7,0.6666667,0.9725,2000
tep,1,0,CASIM-prefix,timing_uncertainty,0.7,0.8333333,0.9825,2000
tep,1,0,CASIM-prefix,timing_uncertainty,0.7,1.0,0.985,2000
tep,1,0,CASIM-prefix,timing_uncertainty,0.8,0.1666667,0.6935,2000
tep,1,0,CASIM-prefix,timing_uncertainty,0.8,0.3333333,0.6935,2000
tep,1,0,CASIM-prefix,timing_uncertainty,0.8,0.5,0.9195,2000
tep,1,0,CASIM-prefix,timing_uncertainty,0.8,0.6666667,0.9675,2000
tep,1,0,CASIM-prefix,timing_uncertainty,0.8,0.8333333,0.9705,2000
tep,1,0,CASIM-prefix,timing_uncertainty,0.8,1.0,0.981,2000
tep,1,0,CASIM-prefix,timing_uncertainty,0.9,0.1666667,0.6555,2000
tep,1,0,CASIM-prefix,timing_uncertainty,0.9,0.3333333,0.6555,2000
tep,1,0,CASIM-prefix,timing_uncertainty,0.9,0.5,0.914,2000
tep,1,0,CASIM-prefix,timing_uncertainty,0.9,0.6666667,0.9665,2000
tep,1,0,CASIM-prefix,timing_uncertainty,0.9,0.8333333,0.968,2000
tep,1,0,CASIM-prefix,timing_uncertainty,0.9,1.0,0.975,2000
tep,1,0,EAC-1NN,late_time_delay,0.0,0.1666667,0.665,2000
tep,1,0,EAC-1NN,late_time_delay,0.0,0.3333333,0.665,2000
tep,1,0,EAC-1NN,late_time_delay,0.0,0.5,0.74,2000
tep,1,0,EAC-1NN,late_time_delay,0.0,0.6666667,0.815,2000
tep,1,0,EAC-1NN,late_time_delay,0.0,0.8333333,0.88,2000
tep,1,0,EAC-1NN,late_time_delay,0.0,1.0,0.98,2000
tep,1,0,EAC-1NN,late_time_delay,0.05,0.1666667,0.675,2000
tep,1,0,EAC-1NN,late_time_delay,0.05,0.3333333,0.675,2000
tep,1,0,EAC-1NN,late_time_delay,0.05,0.5,0.78,2000
tep,1,0,EAC-1NN,late_time_delay,0.05,0.6666667,0.82,2000
tep,1,0,EAC-1NN,late_time_delay,0.05,0.8333333,0.88,2000
tep,1,0,EAC-1NN,late_time_delay,0.05,1.0,0.98,2000
tep,1,0,EAC-1NN,late_time_delay,0.1,0.1666667,0.7,2000
tep,1,0,EAC-1NN,late_time_delay,0.1,0.3333333,0.7,2000
tep,1,0,EAC-1NN,late_time_delay,0.1,0.5,0.78,2000
tep,1,0,EAC-1NN,late_time_delay,0.1,0.6666667,0.845,2000
tep,1,0,EAC-1NN,late_time_delay,0.1,0.8333333,0.905,2000
tep,1,0,EAC-1NN,late_time_delay,0.1,1.0,0.98,2000
tep,1,0,EAC-1NN,late_time_delay,0.15,0.1666667,0.655,2000
tep,1,0,EAC-1NN,late_time_delay,0.15,0.3333333,0.655,2000
tep,1,0,EAC-1NN,late_time_delay,0.15,0.5,0.75,2000
tep,1,0,EAC-1NN,late_time_delay,0.15,0.6666667,0.86,2000
tep,1,0,EAC-1NN,late_time_delay,0.15,0.8333333,0.95,2000
tep,1,0,EAC-1NN,late_time_delay,0.15,1.0,0.975,2000
tep,1,0,EAC-1NN,late_time_delay,0.2,0.1666667,0.69,2000
tep,1,0,EAC-1NN,late_time_delay,0.2,0.3333333,0.69,2000
tep,1,0,EAC-1NN,late_time_delay,0.2,0.5,0.79,2000
tep,1,0,EAC-1NN,late_time_delay,0.2,0.6666667,0.865,2000
tep,1,0,EAC-1NN,late_time_delay,0.2,0.8333333,0.865,2000
tep,1,0,EAC-1NN,late_time_delay,0.2,1.0,0.975,2000
tep,1,0,EAC-1NN,late_time_delay,0.25,0.1666667,0.715,2000
tep,1,0,EAC-1NN,late_time_delay,0.25,0.3333333,0.715,2000
tep,1,0,EAC-1NN,late_time_delay,0.25,0.5,0.81,2000
tep,1,0,EAC-1NN,late_time_delay,0.25,0.6666667,0.81,2000
tep,1,0,EAC-1NN,late_time_delay,0.25,0.8333333,0.905,2000
tep,1,0,EAC-1NN,late_time_delay,0.25,1.0,0.98,2000
tep,1,0,EAC-1NN,late_time_delay,0.3,0.1666667,0.685,2000
tep,1,0,EAC-1NN,late_time_delay,0.3,0.3333333,0.685,2000
tep,1,0,EAC-1NN,late_time_delay,0.3,0.5,0.83,2000
tep,1,0,EAC-1NN,late_time_delay,0.3,0.6666667,0.83,2000
tep,1,0,EAC-1NN,late_time_delay,0.3,0.8333333,0.935,2000
tep,1,0,EAC-1NN,late_time_delay,0.3,1.0,0.975,2000
tep,1,0,EAC-1NN,late_time_delay,0.4,0.1666667,0.675,2000
tep,1,0,EAC-1NN,late_time_delay,0.4,0.3333333,0.675,2000
tep,1,0,EAC-1NN,late_time_delay,0.4,0.5,0.675,2000
tep,1,0,EAC-1NN,late_time_delay,0.4,0.6666667,0.865,2000
tep,1,0,EAC-1NN,late_time_delay,0.4,0.8333333,0.865,2000
tep,1,0,EAC-1NN,late_time_delay,0.4,1.0,0.965,2000
tep,1,0,EAC-1NN,late_time_delay,0.5,0.1666667,0.79,2000
tep,1,0,EAC-1NN,late_time_delay,0.5,0.3333333,0.79,2000
tep,1,0,EAC-1NN,late_time_delay,0.5,0.5,0.79,2000
tep,1,0,EAC-1NN,late_time_delay,0.5,0.6666667,0.79,2000
tep,1,0,EAC-1NN,late_time_delay,0.5,0.8333333,0.905,2000
tep,1,0,EAC-1NN,late_time_delay,0.5,1.0,0.94,2000
tep,1,0,EAC-1NN,late_time_delay,0.6,0.1666667,0.785,2000
tep,1,0,EAC-1NN,late_time_delay,0.6,0.3333333,0.785,2000
tep,1,0,EAC-1NN,late_time_delay,0.6,0.5,0.785,2000
tep,1,0,EAC-1NN,late_time_delay,0.6,0.6666667,0.785,2000
tep,1,0,EAC-1NN,late_time_delay,0.6,0.8333333,0.785,2000
tep,1,0,EAC-1NN,late_time_delay,0.6,1.0,0.92,2000
tep,1,0,EAC-1NN,late_time_delay,0.7,0.1666667,0.73,2000
tep,1,0,EAC-1NN,late_time_delay,0.7,0.3333333,0.73,2000
tep,1,0,EAC-1NN,late_time_delay,0.7,0.5,0.73,2000
tep,1,0,EAC-1NN,late_time_delay,0.7,0.6666667,0.73,2000
tep,1,0,EAC-1NN,late_time_delay,0.7,0.8333333,0.73,2000
tep,1,0,EAC-1NN,late_time_delay,0.7,1.0,0.845,2000
tep,1,0,EAC-1NN,late_time_delay,0.8,0.1666667,0.705,2000
tep,1,0,EAC-1NN,late_time_delay,0.8,0.3333333,0.705,2000
tep,1,0,EAC-1NN,late_time_delay,0.8,0.5,0.705,2000
tep,1,0,EAC-1NN,late_time_delay,0.8,0.6666667,0.705,2000
tep,1,0,EAC-1NN,late_time_delay,0.8,0.8333333,0.705,2000
tep,1,0,EAC-1NN,late_time_delay,0.8,1.0,0.74,2000
tep,1,0,EAC-1NN,late_time_delay,0.9,0.1666667,0.62,2000
tep,1,0,EAC-1NN,late_time_delay,0.9,0.3333333,0.62,2000
tep,1,0,EAC-1NN,late_time_delay,0.9,0.5,0.62,2000
tep,1,0,EAC-1NN,late_time_delay,0.9,0.6666667,0.62,2000
tep,1,0,EAC-1NN,late_time_delay,0.9,0.8333333,0.62,2000
tep,1,0,EAC-1NN,late_time_delay,0.9,1.0,0.62,2000
tep,1,0,EAC-1NN,missing_events,0.0,0.1666667,0.665,2000
tep,1,0,EAC-1NN,missing_events,0.0,0.3333333,0.665,2000
tep,1,0,EAC-1NN,missing_events,0.0,0.5,0.74,2000
tep,1,0,EAC-1NN,missing_events,0.0,0.6666667,0.815,2000
tep,1,0,EAC-1NN,missing_events,0.0,0.8333333,0.88,2000
tep,1,0,EAC-1NN,missing_events,0.0,1.0,0.98,2000
tep,1,0,EAC-1NN,missing_events,0.05,0.1666667,0.662,2000
tep,1,0,EAC-1NN,missing_events,0.05,0.3333333,0.662,2000
tep,1,0,EAC-1NN,missing_events,0.05,0.5,0.7475,2000
tep,1,0,EAC-1NN,missing_events,0.05,0.6666667,0.8145,2000
tep,1,0,EAC-1NN,missing_events,0.05,0.8333333,0.8775,2000
tep,1,0,EAC-1NN,missing_events,0.05,1.0,0.9765,2000
tep,1,0,EAC-1NN,missing_events,0.1,0.1666667,0.659,2000
tep,1,0,EAC-1NN,missing_events,0.1,0.3333333,0.659,2000
tep,1,0,EAC-1NN,missing_events,0.1,0.5,0.7515,2000
tep,1,0,EAC-1NN,missing_events,0.1,0.6666667,0.8185,2000
tep,1,0,EAC-1NN,missing_events,0.1,0.8333333,0.8755,2000
tep,1,0,EAC-1NN,missing_events,0.1,1.0,0.9775,2000
tep,1,0,EAC-1NN,missing_events,0.15,0.1666667,0.661,2000
tep,1,0,EAC-1NN,missing_events,0.15,0.3333333,0.661,2000
tep,1,0,EAC-1NN,missing_events,0.15,0.5,0.744,2000
tep,1,0,EAC-1NN,missing_events,0.15,0.6666667,0.8045,2000
tep,1,0,EAC-1NN,missing_events,0.15,0.8333333,0.8715,2000
tep,1,0,EAC-1NN,missing_events,0.15,1.0,0.9805,2000
tep,1,0,EAC-1NN,missing_events,0.2,0.1666667,0.6615,2000
tep,1,0,EAC-1NN,missing_events,0.2,0.3333333,0.6615,2000
tep,1,0,EAC-1NN,missing_events,0.2,0.5,0.748,2000
tep,1,0,EAC-1NN,missing_events,0.2,0.6666667,0.809,2000
tep,1,0,EAC-1NN,missing_events,0.2,0.8333333,0.875,2000
tep,1,0,EAC-1NN,missing_events,0.2,1.0,0.973,2000
tep,1,0,EAC-1NN,missing_events,0.25,0.1666667,0.6535,2000
tep,1,0,EAC-1NN,missing_events,0.25,0.3333333,0.6535,2000
tep,1,0,EAC-1NN,missing_events,0.25,0.5,0.7335,2000
tep,1,0,EAC-1NN,missing_events,0.25,0.6666667,0.8095,2000
tep,1,0,EAC-1NN,missing_events,0.25,0.8333333,0.8655,2000
tep,1,0,EAC-1NN,missing_events,0.25,1.0,0.969,2000
tep,1,0,EAC-1NN,missing_events,0.3,0.1666667,0.657,2000
tep,1,0,EAC-1NN,missing_events,0.3,0.3333333,0.657,2000
tep,1,0,EAC-1NN,missing_events,0.3,0.5,0.7335,2000
tep,1,0,EAC-1NN,missing_events,0.3,0.6666667,0.7905,2000
tep,1,0,EAC-1NN,missing_events,0.3,0.8333333,0.8605,2000
tep,1,0,EAC-1NN,missing_events,0.3,1.0,0.97,2000
tep,1,0,EAC-1NN,missing_events,0.4,0.1666667,0.635,2000
tep,1,0,EAC-1NN,missing_events,0.4,0.3333333,0.635,2000
tep,1,0,EAC-1NN,missing_events,0.4,0.5,0.728,2000
tep,1,0,EAC-1NN,missing_events,0.4,0.6666667,0.804,2000
tep,1,0,EAC-1NN,missing_events,0.4,0.8333333,0.8615,2000
tep,1,0,EAC-1NN,missing_events,0.4,1.0,0.9595,2000
tep,1,0,EAC-1NN,missing_events,0.5,0.1666667,0.6115,2000
tep,1,0,EAC-1NN,missing_events,0.5,0.3333333,0.6115,2000
tep,1,0,EAC-1NN,missing_events,0.5,0.5,0.696,2000
tep,1,0,EAC-1NN,missing_events,0.5,0.6666667,0.765,2000
tep,1,0,EAC-1NN,missing_events,0.5,0.8333333,0.839,2000
tep,1,0,EAC-1NN,missing_events,0.5,1.0,0.9455,2000
tep,1,0,EAC-1NN,missing_events,0.6,0.1666667,0.5925,2000
tep,1,0,EAC-1NN,missing_events,0.6,0.3333333,0.5925,2000
tep,1,0,EAC-1NN,missing_events,0.6,0.5,0.673,2000
tep,1,0,EAC-1NN,missing_events,0.6,0.6666667,0.7545,2000
tep,1,0,EAC-1NN,missing_events,0.6,0.8333333,0.8145,2000
tep,1,0,EAC-1NN,missing_events,0.6,1.0,0.927,2000
tep,1,0,EAC-1NN,missing_events,0.7,0.1666667,0.5545,2000
tep,1,0,EAC-1NN,missing_events,0.7,0.3333333,0.5545,2000
tep,1,0,EAC-1NN,missing_events,0.7,0.5,0.661,2000
tep,1,0,EAC-1NN,missing_events,0.7,0.6666667,0.735,2000
tep,1,0,EAC-1NN,missing_events,0.7,0.8333333,0.7985,2000
tep,1,0,EAC-1NN,missing_events,0.7,1.0,0.9065,2000
tep,1,0,EAC-1NN,missing_events,0.8,0.1666667,0.4875,2000
tep,1,0,EAC-1NN,missing_events,0.8,0.3333333,0.4875,2000
tep,1,0,EAC-1NN,missing_events,0.8,0.5,0.596,2000
tep,1,0,EAC-1NN,missing_events,0.8,0.6666667,0.686,2000
tep,1,0,EAC-1NN,missing_events,0.8,0.8333333,0.7515,2000
tep,1,0,EAC-1NN,missing_events,0.8,1.0,0.844,2000
tep,1,0,EAC-1NN,missing_events,0.9,0.1666667,0.395,2000
tep,1,0,EAC-1NN,missing_events,0.9,0.3333333,0.395,2000
tep,1,0,EAC-1NN,missing_events,0.9,0.5,0.504,2000
tep,1,0,EAC-1NN,missing_events,0.9,0.6666667,0.5705,2000
tep,1,0,EAC-1NN,missing_events,0.9,0.8333333,0.628,2000
tep,1,0,EAC-1NN,missing_events,0.9,1.0,0.7335,2000
tep,1,0,EAC-1NN,mixed_missing_spurious,0.0,0.1666667,0.665,2000
tep,1,0,EAC-1NN,mixed_missing_spurious,0.0,0.3333333,0.665,2000
tep,1,0,EAC-1NN,mixed_missing_spurious,0.0,0.5,0.74,2000
tep,1,0,EAC-1NN,mixed_missing_spurious,0.0,0.6666667,0.815,2000
tep,1,0,EAC-1NN,mixed_missing_spurious,0.0,0.8333333,0.88,2000
tep,1,0,EAC-1NN,mixed_missing_spurious,0.0,1.0,0.98,2000
tep,1,0,EAC-1NN,mixed_missing_spurious,0.05,0.1666667,0.653,2000
tep,1,0,EAC-1NN,mixed_missing_spurious,0.05,0.3333333,0.653,2000
tep,1,0,EAC-1NN,mixed_missing_spurious,0.05,0.5,0.74,2000
tep,1,0,EAC-1NN,mixed_missing_spurious,0.05,0.6666667,0.804,2000
tep,1,0,EAC-1NN,mixed_missing_spurious,0.05,0.8333333,0.8795,2000
tep,1,0,EAC-1NN,mixed_missing_spurious,0.05,1.0,0.977,2000
tep,1,0,EAC-1NN,mixed_missing_spurious,0.1,0.1666667,0.6425,2000
tep,1,0,EAC-1NN,mixed_missing_spurious,0.1,0.3333333,0.6425,2000
tep,1,0,EAC-1NN,mixed_missing_spurious,0.1,0.5,0.718,2000
tep,1,0,EAC-1NN,mixed_missing_spurious,0.1,0.6666667,0.804,2000
tep,1,0,EAC-1NN,mixed_missing_spurious,0.1,0.8333333,0.869,2000
tep,1,0,EAC-1NN,mixed_missing_spurious,0.1,1.0,0.976,2000
tep,1,0,EAC-1NN,mixed_missing_spurious,0.15,0.1666667,0.6225,2000
tep,1,0,EAC-1NN,mixed_missing_spurious,0.15,0.3333333,0.6225,2000
tep,1,0,EAC-1NN,mixed_missing_spurious,0.15,0.5,0.7075,2000
tep,1,0,EAC-1NN,mixed_missing_spurious,0.15,0.6666667,0.8005,2000
tep,1,0,EAC-1NN,mixed_missing_spurious,0.15,0.8333333,0.861,2000
tep,1,0,EAC-1NN,mixed_missing_spurious,0.15,1.0,0.965,2000
tep,1,0,EAC-1NN,mixed_missing_spurious,0.2,0.1666667,0.613,2000
tep,1,0,EAC-1NN,mixed_missing_spurious,0.2,0.3333333,0.613,2000
tep,1,0,EAC-1NN,mixed_missing_spurious,0.2,0.5,0.7055,2000
tep,1,0,EAC-1NN,mixed_missing_spurious,0.2,0.6666667,0.781,2000
tep,1,0,EAC-1NN,mixed_missing_spurious,0.2,0.8333333,0.8425,2000
tep,1,0,EAC-1NN,mixed_missing_spurious,0.2,1.0,0.9585,2000
tep,1,0,EAC-1NN,mixed_missing_spurious,0.25,0.1666667,0.5855,2000
tep,1,0,EAC-1NN,mixed_missing_spurious,0.25,0.3333333,0.5855,2000
tep,1,0,EAC-1NN,mixed_missing_spurious,0.25,0.5,0.681,2000
tep,1,0,EAC-1NN,mixed_missing_spurious,0.25,0.6666667,0.766,2000
tep,1,0,EAC-1NN,mixed_missing_spurious,0.25,0.8333333,0.8305,2000
tep,1,0,EAC-1NN,mixed_missing_spurious,0.25,1.0,0.957,2000
tep,1,0,EAC-1NN,mixed_missing_spurious,0.3,0.1666667,0.598,2000
tep,1,0,EAC-1NN,mixed_missing_spurious,0.3,0.3333333,0.598,2000
tep,1,0,EAC-1NN,mixed_missing_spurious,0.3,0.5,0.685,2000
tep,1,0,EAC-1NN,mixed_missing_spurious,0.3,0.6666667,0.764,2000
tep,1,0,EAC-1NN,mixed_missing_spurious,0.3,0.8333333,0.8185,2000
tep,1,0,EAC-1NN,mixed_missing_spurious,0.3,1.0,0.9465,2000
tep,1,0,EAC-1NN,mixed_missing_spurious,0.4,0.1666667,0.5805,2000
tep,1,0,EAC-1NN,mixed_missing_spurious,0.4,0.3333333,0.5805,2000
tep,1,0,EAC-1NN,mixed_missing_spurious,0.4,0.5,0.6455,2000
tep,1,0,EAC-1NN,mixed_missing_spurious,0.4,0.6666667,0.7335,2000
tep,1,0,EAC-1NN,mixed_missing_spurious,0.4,0.8333333,0.797,2000
tep,1,0,EAC-1NN,mixed_missing_spurious,0.4,1.0,0.928,2000
tep,1,0,EAC-1NN,mixed_missing_spurious,0.5,0.1666667,0.531,2000
tep,1,0,EAC-1NN,mixed_missing_spurious,0.5,0.3333333,0.531,2000
tep,1,0,EAC-1NN,mixed_missing_spurious,0.5,0.5,0.6175,2000
tep,1,0,EAC-1NN,mixed_missing_spurious,0.5,0.6666667,0.6785,2000
tep,1,0,EAC-1NN,mixed_missing_spurious,0.5,0.8333333,0.75,2000
tep,1,0,EAC-1NN,mixed_missing_spurious,0.5,1.0,0.8835,2000
tep,1,0,EAC-1NN,mixed_missing_spurious,0.6,0.1666667,0.51,2000
tep,1,0,EAC-1NN,mixed_missing_spurious,0.6,0.3333333,0.51,2000
tep,1,0,EAC-1NN,mixed_missing_spurious,0.6,0.5,0.585,2000
tep,1,0,EAC-1NN,mixed_missing_spurious,0.6,0.6666667,0.6525,2000
tep,1,0,EAC-1NN,mixed_missing_spurious,0.6,0.8333333,0.73,2000
tep,1,0,EAC-1NN,mixed_missing_spurious,0.6,1.0,0.845,2000
tep,1,0,EAC-1NN,mixed_missing_spurious,0.7,0.1666667,0.4915,2000
tep,1,0,EAC-1NN,mixed_missing_spurious,0.7,0.3333333,0.4915,2000
tep,1,0,EAC-1NN,mixed_missing_spurious,0.7,0.5,0.5575,2000
tep,1,0,EAC-1NN,mixed_missing_spurious,0.7,0.6666667,0.6165,2000
tep,1,0,EAC-1NN,mixed_missing_spurious,0.7,0.8333333,0.681,2000
tep,1,0,EAC-1NN,mixed_missing_spurious,0.7,1.0,0.7835,2000
tep,1,0,EAC-1NN,mixed_missing_spurious,0.8,0.1666667,0.4285,2000
tep,1,0,EAC-1NN,mixed_missing_spurious,0.8,0.3333333,0.4285,2000
tep,1,0,EAC-1NN,mixed_missing_spurious,0.8,0.5,0.5025,2000
tep,1,0,EAC-1NN,mixed_missing_spurious,0.8,0.6666667,0.5635,2000
tep,1,0,EAC-1NN,mixed_missing_spurious,0.8,0.8333333,0.627,2000
tep,1,0,EAC-1NN,mixed_missing_spurious,0.8,1.0,0.7215,2000
tep,1,0,EAC-1NN,mixed_missing_spurious,0.9,0.1666667,0.377,2000
tep,1,0,EAC-1NN,mixed_missing_spurious,0.9,0.3333333,0.377,2000
tep,1,0,EAC-1NN,mixed_missing_spurious,0.9,0.5,0.4515,2000
tep,1,0,EAC-1NN,mixed_missing_spurious,0.9,0.6666667,0.4725,2000
tep,1,0,EAC-1NN,mixed_missing_spurious,0.9,0.8333333,0.536,2000
tep,1,0,EAC-1NN,mixed_missing_spurious,0.9,1.0,0.6425,2000
tep,1,0,EAC-1NN,mixed_spurious_timing_late,0.0,0.1666667,0.665,2000
tep,1,0,EAC-1NN,mixed_spurious_timing_late,0.0,0.3333333,0.665,2000
tep,1,0,EAC-1NN,mixed_spurious_timing_late,0.0,0.5,0.74,2000
tep,1,0,EAC-1NN,mixed_spurious_timing_late,0.0,0.6666667,0.815,2000
tep,1,0,EAC-1NN,mixed_spurious_timing_late,0.0,0.8333333,0.88,2000
tep,1,0,EAC-1NN,mixed_spurious_timing_late,0.0,1.0,0.98,2000
tep,1,0,EAC-1NN,mixed_spurious_timing_late,0.05,0.1666667,0.6685,2000
tep,1,0,EAC-1NN,mixed_spurious_timing_late,0.05,0.3333333,0.6685,2000
tep,1,0,EAC-1NN,mixed_spurious_timing_late,0.05,0.5,0.767,2000
tep,1,0,EAC-1NN,mixed_spurious_timing_late,0.05,0.6666667,0.818,2000
tep,1,0,EAC-1NN,mixed_spurious_timing_late,0.05,0.8333333,0.8785,2000
tep,1,0,EAC-1NN,mixed_spurious_timing_late,0.05,1.0,0.9775,2000
tep,1,0,EAC-1NN,mixed_spurious_timing_late,0.1,0.1666667,0.676,2000
tep,1,0,EAC-1NN,mixed_spurious_timing_late,0.1,0.3333333,0.676,2000
tep,1,0,EAC-1NN,mixed_spurious_timing_late,0.1,0.5,0.771,2000
tep,1,0,EAC-1NN,mixed_spurious_timing_late,0.1,0.6666667,0.839,2000
tep,1,0,EAC-1NN,mixed_spurious_timing_late,0.1,0.8333333,0.894,2000
tep,1,0,EAC-1NN,mixed_spurious_timing_late,0.1,1.0,0.974,2000
tep,1,0,EAC-1NN,mixed_spurious_timing_late,0.15,0.1666667,0.615,2000
tep,1,0,EAC-1NN,mixed_spurious_timing_late,0.15,0.3333333,0.615,2000
tep,1,0,EAC-1NN,mixed_spurious_timing_late,0.15,0.5,0.72,2000
tep,1,0,EAC-1NN,mixed_spurious_timing_late,0.15,0.6666667,0.842,2000
tep,1,0,EAC-1NN,mixed_spurious_timing_late,0.15,0.8333333,0.9225,2000
tep,1,0,EAC-1NN,mixed_spurious_timing_late,0.15,1.0,0.9685,2000
tep,1,0,EAC-1NN,mixed_spurious_timing_late,0.2,0.1666667,0.6345,2000
tep,1,0,EAC-1NN,mixed_spurious_timing_late,0.2,0.3333333,0.6345,2000
tep,1,0,EAC-1NN,mixed_spurious_timing_late,0.2,0.5,0.7475,2000
tep,1,0,EAC-1NN,mixed_spurious_timing_late,0.2,0.6666667,0.8505,2000
tep,1,0,EAC-1NN,mixed_spurious_timing_late,0.2,0.8333333,0.8505,2000
tep,1,0,EAC-1NN,mixed_spurious_timing_late,0.2,1.0,0.9665,2000
tep,1,0,EAC-1NN,mixed_spurious_timing_late,0.25,0.1666667,0.6355,2000
tep,1,0,EAC-1NN,mixed_spurious_timing_late,0.25,0.3333333,0.6355,2000
tep,1,0,EAC-1NN,mixed_spurious_timing_late,0.25,0.5,0.75,2000
tep,1,0,EAC-1NN,mixed_spurious_timing_late,0.25,0.6666667,0.75,2000
tep,1,0,EAC-1NN,mixed_spurious_timing_late,0.25,0.8333333,0.8755,2000
tep,1,0,EAC-1NN,mixed_spurious_timing_late,0.25,1.0,0.961,2000
tep,1,0,EAC-1NN,mixed_spurious_timing_late,0.3,0.1666667,0.599,2000
tep,1,0,EAC-1NN,mixed_spurious_timing_late,0.3,0.3333333,0.599,2000
tep,1,0,EAC-1NN,mixed_spurious_timing_late,0.3,0.5,0.7695,2000
tep,1,0,EAC-1NN,mixed_spurious_timing_late,0.3,0.6666667,0.7695,2000
tep,1,0,EAC-1NN,mixed_spurious_timing_late,0.3,0.8333333,0.875,2000
tep,1,0,EAC-1NN,mixed_spurious_timing_late,0.3,1.0,0.955,2000
tep,1,0,EAC-1NN,mixed_spurious_timing_late,0.4,0.1666667,0.605,2000
tep,1,0,EAC-1NN,mixed_spurious_timing_late,0.4,0.3333333,0.605,2000
tep,1,0,EAC-1NN,mixed_spurious_timing_late,0.4,0.5,0.605,2000
tep,1,0,EAC-1NN,mixed_spurious_timing_late,0.4,0.6666667,0.783,2000
tep,1,0,EAC-1NN,mixed_spurious_timing_late,0.4,0.8333333,0.783,2000
tep,1,0,EAC-1NN,mixed_spurious_timing_late,0.4,1.0,0.9105,2000
tep,1,0,EAC-1NN,mixed_spurious_timing_late,0.5,0.1666667,0.6645,2000
tep,1,0,EAC-1NN,mixed_spurious_timing_late,0.5,0.3333333,0.6645,2000
tep,1,0,EAC-1NN,mixed_spurious_timing_late,0.5,0.5,0.6645,2000
tep,1,0,EAC-1NN,mixed_spurious_timing_late,0.5,0.6666667,0.6645,2000
tep,1,0,EAC-1NN,mixed_spurious_timing_late,0.5,0.8333333,0.7965,2000
tep,1,0,EAC-1NN,mixed_spurious_timing_late,0.5,1.0,0.86,2000
tep,1,0,EAC-1NN,mixed_spurious_timing_late,0.6,0.1666667,0.6615,2000
tep,1,0,EAC-1NN,mixed_spurious_timing_late,0.6,0.3333333,0.6615,2000
tep,1,0,EAC-1NN,mixed_spurious_timing_late,0.6,0.5,0.6615,2000
tep,1,0,EAC-1NN,mixed_spurious_timing_late,0.6,0.6666667,0.6615,2000
tep,1,0,EAC-1NN,mixed_spurious_timing_late,0.6,0.8333333,0.6615,2000
tep,1,0,EAC-1NN,mixed_spurious_timing_late,0.6,1.0,0.7745,2000
tep,1,0,EAC-1NN,mixed_spurious_timing_late,0.7,0.1666667,0.6025,2000
tep,1,0,EAC-1NN,mixed_spurious_timing_late,0.7,0.3333333,0.6025,2000
tep,1,0,EAC-1NN,mixed_spurious_timing_late,0.7,0.5,0.6025,2000
tep,1,0,EAC-1NN,mixed_spurious_timing_late,0.7,0.6666667,0.6025,2000
tep,1,0,EAC-1NN,mixed_spurious_timing_late,0.7,0.8333333,0.6025,2000
tep,1,0,EAC-1NN,mixed_spurious_timing_late,0.7,1.0,0.693,2000
tep,1,0,EAC-1NN,mixed_spurious_timing_late,0.8,0.1666667,0.5855,2000
tep,1,0,EAC-1NN,mixed_spurious_timing_late,0.8,0.3333333,0.5855,2000
tep,1,0,EAC-1NN,mixed_spurious_timing_late,0.8,0.5,0.5855,2000
tep,1,0,EAC-1NN,mixed_spurious_timing_late,0.8,0.6666667,0.5855,2000
tep,1,0,EAC-1NN,mixed_spurious_timing_late,0.8,0.8333333,0.5855,2000
tep,1,0,EAC-1NN,mixed_spurious_timing_late,0.8,1.0,0.5975,2000
tep,1,0,EAC-1NN,mixed_spurious_timing_late,0.9,0.1666667,0.507,2000
tep,1,0,EAC-1NN,mixed_spurious_timing_late,0.9,0.3333333,0.507,2000
tep,1,0,EAC-1NN,mixed_spurious_timing_late,0.9,0.5,0.507,2000
tep,1,0,EAC-1NN,mixed_spurious_timing_late,0.9,0.6666667,0.507,2000
tep,1,0,EAC-1NN,mixed_spurious_timing_late,0.9,0.8333333,0.507,2000
tep,1,0,EAC-1NN,mixed_spurious_timing_late,0.9,1.0,0.507,2000
tep,1,0,EAC-1NN,spurious_events,0.0,0.1666667,0.665,2000
tep,1,0,EAC-1NN,spurious_events,0.0,0.3333333,0.665,2000
tep,1,0,EAC-1NN,spurious_events,0.0,0.5,0.74,2000
tep,1,0,EAC-1NN,spurious_events,0.0,0.6666667,0.815,2000
tep,1,0,EAC-1NN,spurious_events,0.0,0.8333333,0.88,2000
tep,1,0,EAC-1NN,spurious_events,0.0,1.0,0.98,2000
tep,1,0,EAC-1NN,spurious_events,0.05,0.1666667,0.656,2000
tep,1,0,EAC-1NN,spurious_events,0.05,0.3333333,0.656,2000
tep,1,0,EAC-1NN,spurious_events,0.05,0.5,0.7355,2000
tep,1,0,EAC-1NN,spurious_events,0.05,0.6666667,0.804,2000
tep,1,0,EAC-1NN,spurious_events,0.05,0.8333333,0.8785,2000
tep,1,0,EAC-1NN,spurious_events,0.05,1.0,0.9785,2000
tep,1,0,EAC-1NN,spurious_events,0.1,0.1666667,0.6235,2000
tep,1,0,EAC-1NN,spurious_events,0.1,0.3333333,0.6235,2000
tep,1,0,EAC-1NN,spurious_events,0.1,0.5,0.7105,2000
tep,1,0,EAC-1NN,spurious_events,0.1,0.6666667,0.8015,2000
tep,1,0,EAC-1NN,spurious_events,0.1,0.8333333,0.8745,2000
tep,1,0,EAC-1NN,spurious_events,0.1,1.0,0.971,2000
tep,1,0,EAC-1NN,spurious_events,0.15,0.1666667,0.6205,2000
tep,1,0,EAC-1NN,spurious_events,0.15,0.3333333,0.6205,2000
tep,1,0,EAC-1NN,spurious_events,0.15,0.5,0.716,2000
tep,1,0,EAC-1NN,spurious_events,0.15,0.6666667,0.809,2000
tep,1,0,EAC-1NN,spurious_events,0.15,0.8333333,0.864,2000
tep,1,0,EAC-1NN,spurious_events,0.15,1.0,0.969,2000
tep,1,0,EAC-1NN,spurious_events,0.2,0.1666667,0.609,2000
tep,1,0,EAC-1NN,spurious_events,0.2,0.3333333,0.609,2000
tep,1,0,EAC-1NN,spurious_events,0.2,0.5,0.706,2000
tep,1,0,EAC-1NN,spurious_events,0.2,0.6666667,0.782,2000
tep,1,0,EAC-1NN,spurious_events,0.2,0.8333333,0.8535,2000
tep,1,0,EAC-1NN,spurious_events,0.2,1.0,0.9625,2000
tep,1,0,EAC-1NN,spurious_events,0.25,0.1666667,0.594,2000
tep,1,0,EAC-1NN,spurious_events,0.25,0.3333333,0.594,2000
tep,1,0,EAC-1NN,spurious_events,0.25,0.5,0.6985,2000
tep,1,0,EAC-1NN,spurious_events,0.25,0.6666667,0.787,2000
tep,1,0,EAC-1NN,spurious_events,0.25,0.8333333,0.856,2000
tep,1,0,EAC-1NN,spurious_events,0.25,1.0,0.9605,2000
tep,1,0,EAC-1NN,spurious_events,0.3,0.1666667,0.592,2000
tep,1,0,EAC-1NN,spurious_events,0.3,0.3333333,0.592,2000
tep,1,0,EAC-1NN,spurious_events,0.3,0.5,0.7105,2000
tep,1,0,EAC-1NN,spurious_events,0.3,0.6666667,0.773,2000
tep,1,0,EAC-1NN,spurious_events,0.3,0.8333333,0.848,2000
tep,1,0,EAC-1NN,spurious_events,0.3,1.0,0.9595,2000
tep,1,0,EAC-1NN,spurious_events,0.4,0.1666667,0.557,2000
tep,1,0,EAC-1NN,spurious_events,0.4,0.3333333,0.557,2000
tep,1,0,EAC-1NN,spurious_events,0.4,0.5,0.667,2000
tep,1,0,EAC-1NN,spurious_events,0.4,0.6666667,0.759,2000
tep,1,0,EAC-1NN,spurious_events,0.4,0.8333333,0.8185,2000
tep,1,0,EAC-1NN,spurious_events,0.4,1.0,0.9465,2000
tep,1,0,EAC-1NN,spurious_events,0.5,0.1666667,0.548,2000
tep,1,0,EAC-1NN,spurious_events,0.5,0.3333333,0.548,2000
tep,1,0,EAC-1NN,spurious_events,0.5,0.5,0.649,2000
tep,1,0,EAC-1NN,spurious_events,0.5,0.6666667,0.728,2000
tep,1,0,EAC-1NN,spurious_events,0.5,0.8333333,0.8035,2000
tep,1,0,EAC-1NN,spurious_events,0.5,1.0,0.933,2000
tep,1,0,EAC-1NN,spurious_events,0.6,0.1666667,0.5125,2000
tep,1,0,EAC-1NN,spurious_events,0.6,0.3333333,0.5125,2000
tep,1,0,EAC-1NN,spurious_events,0.6,0.5,0.6435,2000
tep,1,0,EAC-1NN,spurious_events,0.6,0.6666667,0.7165,2000
tep,1,0,EAC-1NN,spurious_events,0.6,0.8333333,0.795,2000
tep,1,0,EAC-1NN,spurious_events,0.6,1.0,0.92,2000
tep,1,0,EAC-1NN,spurious_events,0.7,0.1666667,0.499,2000
tep,1,0,EAC-1NN,spurious_events,0.7,0.3333333,0.499,2000
tep,1,0,EAC-1NN,spurious_events,0.7,0.5,0.6105,2000
tep,1,0,EAC-1NN,spurious_events,0.7,0.6666667,0.698,2000
tep,1,0,EAC-1NN,spurious_events,0.7,0.8333333,0.78,2000
tep,1,0,EAC-1NN,spurious_events,0.7,1.0,0.9,2000
tep,1,0,EAC-1NN,spurious_events,0.8,0.1666667,0.508,2000
tep,1,0,EAC-1NN,spurious_events,0.8,0.3333333,0.508,2000
tep,1,0,EAC-1NN,spurious_events,0.8,0.5,0.6065,2000
tep,1,0,EAC-1NN,spurious_events,0.8,0.6666667,0.6795,2000
tep,1,0,EAC-1NN,spurious_events,0.8,0.8333333,0.742,2000
tep,1,0,EAC-1NN,spurious_events,0.8,1.0,0.8805,2000
tep,1,0,EAC-1NN,spurious_events,0.9,0.1666667,0.481,2000
tep,1,0,EAC-1NN,spurious_events,0.9,0.3333333,0.481,2000
tep,1,0,EAC-1NN,spurious_events,0.9,0.5,0.596,2000
tep,1,0,EAC-1NN,spurious_events,0.9,0.6666667,0.67,2000
tep,1,0,EAC-1NN,spurious_events,0.9,0.8333333,0.728,2000
tep,1,0,EAC-1NN,spurious_events,0.9,1.0,0.8475,2000
tep,1,0,EAC-1NN,timing_uncertainty,0.0,0.1666667,0.665,2000
tep,1,0,EAC-1NN,timing_uncertainty,0.0,0.3333333,0.665,2000
tep,1,0,EAC-1NN,timing_uncertainty,0.0,0.5,0.74,2000
tep,1,0,EAC-1NN,timing_uncertainty,0.0,0.6666667,0.815,2000
tep,1,0,EAC-1NN,timing_uncertainty,0.0,0.8333333,0.88,2000
tep,1,0,EAC-1NN,timing_uncertainty,0.0,1.0,0.98,2000
tep,1,0,EAC-1NN,timing_uncertainty,0.05,0.1666667,0.6645,2000
tep,1,0,EAC-1NN,timing_uncertainty,0.05,0.3333333,0.6645,2000
tep,1,0,EAC-1NN,timing_uncertainty,0.05,0.5,0.7385,2000
tep,1,0,EAC-1NN,timing_uncertainty,0.05,0.6666667,0.812,2000
tep,1,0,EAC-1NN,timing_uncertainty,0.05,0.8333333,0.8795,2000
tep,1,0,EAC-1NN,timing_uncertainty,0.05,1.0,0.9795,2000
tep,1,0,EAC-1NN,timing_uncertainty,0.1,0.1666667,0.668,2000
tep,1,0,EAC-1NN,timing_uncertainty,0.1,0.3333333,0.668,2000
tep,1,0,EAC-1NN,timing_uncertainty,0.1,0.5,0.735,2000
tep,1,0,EAC-1NN,timing_uncertainty,0.1,0.6666667,0.8195,2000
tep,1,0,EAC-1NN,timing_uncertainty,0.1,0.8333333,0.8775,2000
tep,1,0,EAC-1NN,timing_uncertainty,0.1,1.0,0.979,2000
tep,1,0,EAC-1NN,timing_uncertainty,0.15,0.1666667,0.668,2000
tep,1,0,EAC-1NN,timing_uncertainty,0.15,0.3333333,0.668,2000
tep,1,0,EAC-1NN,timing_uncertainty,0.15,0.5,0.7335,2000
tep,1,0,EAC-1NN,timing_uncertainty,0.15,0.6666667,0.8115,2000
tep,1,0,EAC-1NN,timing_uncertainty,0.15,0.8333333,0.8835,2000
tep,1,0,EAC-1NN,timing_uncertainty,0.15,1.0,0.9805,2000
tep,1,0,EAC-1NN,timing_uncertainty,0.2,0.1666667,0.659,2000
tep,1,0,EAC-1NN,timing_uncertainty,0.2,0.3333333,0.659,2000
tep,1,0,EAC-1NN,timing_uncertainty,0.2,0.5,0.7475,2000
tep,1,0,EAC-1NN,timing_uncertainty,0.2,0.6666667,0.812,2000
tep,1,0,EAC-1NN,timing_uncertainty,0.2,0.8333333,0.8835,2000
tep,1,0,EAC-1NN,timing_uncertainty,0.2,1.0,0.982,2000
tep,1,0,EAC-1NN,timing_uncertainty,0.25,0.1666667,0.657,2000
tep,1,0,EAC-1NN,timing_uncertainty,0.25,0.3333333,0.657,2000
tep,1,0,EAC-1NN,timing_uncertainty,0.25,0.5,0.7555,2000
tep,1,0,EAC-1NN,timing_uncertainty,0.25,0.6666667,0.8235,2000
tep,1,0,EAC-1NN,timing_uncertainty,0.25,0.8333333,0.879,2000
tep,1,0,EAC-1NN,timing_uncertainty,0.25,1.0,0.979,2000
tep,1,0,EAC-1NN,timing_uncertainty,0.3,0.1666667,0.6515,2000
tep,1,0,EAC-1NN,timing_uncertainty,0.3,0.3333333,0.6515,2000
tep,1,0,EAC-1NN,timing_uncertainty,0.3,0.5,0.747,2000
tep,1,0,EAC-1NN,timing_uncertainty,0.3,0.6666667,0.8245,2000
tep,1,0,EAC-1NN,timing_uncertainty,0.3,0.8333333,0.8765,2000
tep,1,0,EAC-1NN,timing_uncertainty,0.3,1.0,0.9745,2000
tep,1,0,EAC-1NN,timing_uncertainty,0.4,0.1666667,0.641,2000
tep,1,0,EAC-1NN,timing_uncertainty,0.4,0.3333333,0.641,2000
tep,1,0,EAC-1NN,timing_uncertainty,0.4,0.5,0.745,2000
tep,1,0,EAC-1NN,timing_uncertainty,0.4,0.6666667,0.813,2000
tep,1,0,EAC-1NN,timing_uncertainty,0.4,0.8333333,0.87,2000
tep,1,0,EAC-1NN,timing_uncertainty,0.4,1.0,0.9735,2000
tep,1,0,EAC-1NN,timing_uncertainty,0.5,0.1666667,0.6565,2000
tep,1,0,EAC-1NN,timing_uncertainty,0.5,0.3333333,0.6565,2000
tep,1,0,EAC-1NN,timing_uncertainty,0.5,0.5,0.7455,2000
tep,1,0,EAC-1NN,timing_uncertainty,0.5,0.6666667,0.8145,2000
tep,1,0,EAC-1NN,timing_uncertainty,0.5,0.8333333,0.8725,2000
tep,1,0,EAC-1NN,timing_uncertainty,0.5,1.0,0.977,2000
tep,1,0,EAC-1NN,timing_uncertainty,0.6,0.1666667,0.6605,2000
tep,1,0,EAC-1NN,timing_uncertainty,0.6,0.3333333,0.6605,2000
tep,1,0,EAC-1NN,timing_uncertainty,0.6,0.5,0.747,2000
tep,1,0,EAC-1NN,timing_uncertainty,0.6,0.6666667,0.8235,2000
tep,1,0,EAC-1NN,timing_uncertainty,0.6,0.8333333,0.869,2000
tep,1,0,EAC-1NN,timing_uncertainty,0.6,1.0,0.9775,2000
tep,1,0,EAC-1NN,timing_uncertainty,0.7,0.1666667,0.6555,2000
tep,1,0,EAC-1NN,timing_uncertainty,0.7,0.3333333,0.6555,2000
tep,1,0,EAC-1NN,timing_uncertainty,0.7,0.5,0.748,2000
tep,1,0,EAC-1NN,timing_uncertainty,0.7,0.6666667,0.8215,2000
tep,1,0,EAC-1NN,timing_uncertainty,0.7,0.8333333,0.8805,2000
tep,1,0,EAC-1NN,timing_uncertainty,0.7,1.0,0.978,2000
tep,1,0,EAC-1NN,timing_uncertainty,0.8,0.1666667,0.659,2000
tep,1,0,EAC-1NN,timing_uncertainty,0.8,0.3333333,0.659,2000
tep,1,0,EAC-1NN,timing_uncertainty,0.8,0.5,0.757,2000
tep,1,0,EAC-1NN,timing_uncertainty,0.8,0.6666667,0.8325,2000
tep,1,0,EAC-1NN,timing_uncertainty,0.8,0.8333333,0.882,2000
tep,1,0,EAC-1NN,timing_uncertainty,0.8,1.0,0.98,2000
tep,1,0,EAC-1NN,timing_uncertainty,0.9,0.1666667,0.655,2000
tep,1,0,EAC-1NN,timing_uncertainty,0.9,0.3333333,0.655,2000
tep,1,0,EAC-1NN,timing_uncertainty,0.9,0.5,0.7555,2000
tep,1,0,EAC-1NN,timing_uncertainty,0.9,0.6666667,0.82,2000
tep,1,0,EAC-1NN,timing_uncertainty,0.9,0.8333333,0.885,2000
tep,1,0,EAC-1NN,timing_uncertainty,0.9,1.0,0.9765,2000
tep,1,0,JAC-1NN,late_time_delay,0.0,0.1666667,0.695,2000
tep,1,0,JAC-1NN,late_time_delay,0.0,0.3333333,0.695,2000
tep,1,0,JAC-1NN,late_time_delay,0.0,0.5,0.815,2000
tep,1,0,JAC-1NN,late_time_delay,0.0,0.6666667,0.935,2000
tep,1,0,JAC-1NN,late_time_delay,0.0,0.8333333,0.945,2000
tep,1,0,JAC-1NN,late_time_delay,0.0,1.0,0.895,2000
tep,1,0,JAC-1NN,late_time_delay,0.05,0.1666667,0.605,2000
tep,1,0,JAC-1NN,late_time_delay,0.05,0.3333333,0.605,2000
tep,1,0,JAC-1NN,late_time_delay,0.05,0.5,0.745,2000
tep,1,0,JAC-1NN,late_time_delay,0.05,0.6666667,0.885,2000
tep,1,0,JAC-1NN,late_time_delay,0.05,0.8333333,0.895,2000
tep,1,0,JAC-1NN,late_time_delay,0.05,1.0,0.85,2000
tep,1,0,JAC-1NN,late_time_delay,0.1,0.1666667,0.56,2000
tep,1,0,JAC-1NN,late_time_delay,0.1,0.3333333,0.56,2000
tep,1,0,JAC-1NN,late_time_delay,0.1,0.5,0.805,2000
tep,1,0,JAC-1NN,late_time_delay,0.1,0.6666667,0.87,2000
tep,1,0,JAC-1NN,late_time_delay,0.1,0.8333333,0.9,2000
tep,1,0,JAC-1NN,late_time_delay,0.1,1.0,0.855,2000
tep,1,0,JAC-1NN,late_time_delay,0.15,0.1666667,0.53,2000
tep,1,0,JAC-1NN,late_time_delay,0.15,0.3333333,0.53,2000
tep,1,0,JAC-1NN,late_time_delay,0.15,0.5,0.82,2000
tep,1,0,JAC-1NN,late_time_delay,0.15,0.6666667,0.88,2000
tep,1,0,JAC-1NN,late_time_delay,0.15,0.8333333,0.915,2000
tep,1,0,JAC-1NN,late_time_delay,0.15,1.0,0.845,2000
tep,1,0,JAC-1NN,late_time_delay,0.2,0.1666667,0.535,2000
tep,1,0,JAC-1NN,late_time_delay,0.2,0.3333333,0.535,2000
tep,1,0,JAC-1NN,late_time_delay,0.2,0.5,0.825,2000
tep,1,0,JAC-1NN,late_time_delay,0.2,0.6666667,0.895,2000
tep,1,0,JAC-1NN,late_time_delay,0.2,0.8333333,0.895,2000
tep,1,0,JAC-1NN,late_time_delay,0.2,1.0,0.845,2000
tep,1,0,JAC-1NN,late_time_delay,0.25,0.1666667,0.64,2000
tep,1,0,JAC-1NN,late_time_delay,0.25,0.3333333,0.64,2000
tep,1,0,JAC-1NN,late_time_delay,0.25,0.5,0.845,2000
tep,1,0,JAC-1NN,late_time_delay,0.25,0.6666667,0.845,2000
tep,1,0,JAC-1NN,late_time_delay,0.25,0.8333333,0.9,2000
tep,1,0,JAC-1NN,late_time_delay,0.25,1.0,0.855,2000
tep,1,0,JAC-1NN,late_time_delay,0.3,0.1666667,0.685,2000
tep,1,0,JAC-1NN,late_time_delay,0.3,0.3333333,0.685,2000
tep,1,0,JAC-1NN,late_time_delay,0.3,0.5,0.87,2000
tep,1,0,JAC-1NN,late_time_delay,0.3,0.6666667,0.87,2000
tep,1,0,JAC-1NN,late_time_delay,0.3,0.8333333,0.93,2000
tep,1,0,JAC-1NN,late_time_delay,0.3,1.0,0.855,2000
tep,1,0,JAC-1NN,late_time_delay,0.4,0.1666667,0.6,2000
tep,1,0,JAC-1NN,late_time_delay,0.4,0.3333333,0.6,2000
tep,1,0,JAC-1NN,late_time_delay,0.4,0.5,0.6,2000
tep,1,0,JAC-1NN,late_time_delay,0.4,0.6666667,0.81,2000
tep,1,0,JAC-1NN,late_time_delay,0.4,0.8333333,0.81,2000
tep,1,0,JAC-1NN,late_time_delay,0.4,1.0,0.835,2000
tep,1,0,JAC-1NN,late_time_delay,0.5,0.1666667,0.595,2000
tep,1,0,JAC-1NN,late_time_delay,0.5,0.3333333,0.595,2000
tep,1,0,JAC-1NN,late_time_delay,0.5,0.5,0.595,2000
tep,1,0,JAC-1NN,late_time_delay,0.5,0.6666667,0.595,2000
tep,1,0,JAC-1NN,late_time_delay,0.5,0.8333333,0.74,2000
tep,1,0,JAC-1NN,late_time_delay,0.5,1.0,0.78,2000
tep,1,0,JAC-1NN,late_time_delay,0.6,0.1666667,0.59,2000
tep,1,0,JAC-1NN,late_time_delay,0.6,0.3333333,0.59,2000
tep,1,0,JAC-1NN,late_time_delay,0.6,0.5,0.59,2000
tep,1,0,JAC-1NN,late_time_delay,0.6,0.6666667,0.59,2000
tep,1,0,JAC-1NN,late_time_delay,0.6,0.8333333,0.59,2000
tep,1,0,JAC-1NN,late_time_delay,0.6,1.0,0.67,2000
tep,1,0,JAC-1NN,late_time_delay,0.7,0.1666667,0.445,2000
tep,1,0,JAC-1NN,late_time_delay,0.7,0.3333333,0.445,2000
tep,1,0,JAC-1NN,late_time_delay,0.7,0.5,0.445,2000
tep,1,0,JAC-1NN,late_time_delay,0.7,0.6666667,0.445,2000
tep,1,0,JAC-1NN,late_time_delay,0.7,0.8333333,0.445,2000
tep,1,0,JAC-1NN,late_time_delay,0.7,1.0,0.525,2000
tep,1,0,JAC-1NN,late_time_delay,0.8,0.1666667,0.42,2000
tep,1,0,JAC-1NN,late_time_delay,0.8,0.3333333,0.42,2000
tep,1,0,JAC-1NN,late_time_delay,0.8,0.5,0.42,2000
tep,1,0,JAC-1NN,late_time_delay,0.8,0.6666667,0.42,2000
tep,1,0,JAC-1NN,late_time_delay,0.8,0.8333333,0.42,2000
tep,1,0,JAC-1NN,late_time_delay,0.8,1.0,0.445,2000
tep,1,0,JAC-1NN,late_time_delay,0.9,0.1666667,0.36,2000
tep,1,0,JAC-1NN,late_time_delay,0.9,0.3333333,0.36,2000
tep,1,0,JAC-1NN,late_time_delay,0.9,0.5,0.36,2000
tep,1,0,JAC-1NN,late_time_delay,0.9,0.6666667,0.36,2000
tep,1,0,JAC-1NN,late_time_delay,0.9,0.8333333,0.36,2000
tep,1,0,JAC-1NN,late_time_delay,0.9,1.0,0.36,2000
tep,1,0,JAC-1NN,missing_events,0.0,0.1666667,0.695,2000
tep,1,0,JAC-1NN,missing_events,0.0,0.3333333,0.695,2000
tep,1,0,JAC-1NN,missing_events,0.0,0.5,0.815,2000
tep,1,0,JAC-1NN,missing_events,0.0,0.6666667,0.935,2000
tep,1,0,JAC-1NN,missing_events,0.0,0.8333333,0.945,2000
tep,1,0,JAC-1NN,missing_events,0.0,1.0,0.895,2000
tep,1,0,JAC-1NN,missing_events,0.05,0.1666667,0.688,2000
tep,1,0,JAC-1NN,missing_events,0.05,0.3333333,0.688,2000
tep,1,0,JAC-1NN,missing_events,0.05,0.5,0.8115,2000
tep,1,0,JAC-1NN,missing_events,0.05,0.6666667,0.93,2000
tep,1,0,JAC-1NN,missing_events,0.05,0.8333333,0.943,2000
tep,1,0,JAC-1NN,missing_events,0.05,1.0,0.8925,2000
tep,1,0,JAC-1NN,missing_events,0.1,0.1666667,0.6815,2000
tep,1,0,JAC-1NN,missing_events,0.1,0.3333333,0.6815,2000
tep,1,0,JAC-1NN,missing_events,0.1,0.5,0.7985,2000
tep,1,0,JAC-1NN,missing_events,0.1,0.6666667,0.9255,2000
tep,1,0,JAC-1NN,missing_events,0.1,0.8333333,0.9345,2000
tep,1,0,JAC-1NN,missing_events,0.1,1.0,0.8915,2000
tep,1,0,JAC-1NN,missing_events,0.15,0.1666667,0.665,2000
tep,1,0,JAC-1NN,missing_events,0.15,0.3333333,0.665,2000
tep,1,0,JAC-1NN,missing_events,0.15,0.5,0.794,2000
tep,1,0,JAC-1NN,missing_events,0.15,0.6666667,0.918,2000
tep,1,0,JAC-1NN,missing_events,0.15,0.8333333,0.9355,2000
tep,1,0,JAC-1NN,missing_events,0.15,1.0,0.8975,2000
tep,1,0,JAC-1NN,missing_events,0.2,0.1666667,0.6645,2000
tep,1,0,JAC-1NN,missing_events,0.2,0.3333333,0.6645,2000
tep,1,0,JAC-1NN,missing_events,0.2,0.5,0.785,2000
tep,1,0,JAC-1NN,missing_events,0.2,0.6666667,0.9125,2000
tep,1,0,JAC-1NN,missing_events,0.2,0.8333333,0.9295,2000
tep,1,0,JAC-1NN,missing_events,0.2,1.0,0.898,2000
tep,1,0,JAC-1NN,missing_events,0.25,0.1666667,0.6555,2000
tep,1,0,JAC-1NN,missing_events,0.25,0.3333333,0.6555,2000
tep,1,0,JAC-1NN,missing_events,0.25,0.5,0.768,2000
tep,1,0,JAC-1NN,missing_events,0.25,0.6666667,0.9075,2000
tep,1,0,JAC-1NN,missing_events,0.25,0.8333333,0.9295,2000
tep,1,0,JAC-1NN,missing_events,0.25,1.0,0.8955,2000
tep,1,0,JAC-1NN,missing_events,0.3,0.1666667,0.65,2000
tep,1,0,JAC-1NN,missing_events,0.3,0.3333333,0.65,2000
tep,1,0,JAC-1NN,missing_events,0.3,0.5,0.767,2000
tep,1,0,JAC-1NN,missing_events,0.3,0.6666667,0.909,2000
tep,1,0,JAC-1NN,missing_events,0.3,0.8333333,0.9295,2000
tep,1,0,JAC-1NN,missing_events,0.3,1.0,0.896,2000
tep,1,0,JAC-1NN,missing_events,0.4,0.1666667,0.6005,2000
tep,1,0,JAC-1NN,missing_events,0.4,0.3333333,0.6005,2000
tep,1,0,JAC-1NN,missing_events,0.4,0.5,0.7245,2000
tep,1,0,JAC-1NN,missing_events,0.4,0.6666667,0.8825,2000
tep,1,0,JAC-1NN,missing_events,0.4,0.8333333,0.9135,2000
tep,1,0,JAC-1NN,missing_events,0.4,1.0,0.893,2000
tep,1,0,JAC-1NN,missing_events,0.5,0.1666667,0.572,2000
tep,1,0,JAC-1NN,missing_events,0.5,0.3333333,0.572,2000
tep,1,0,JAC-1NN,missing_events,0.5,0.5,0.684,2000
tep,1,0,JAC-1NN,missing_events,0.5,0.6666667,0.8445,2000
tep,1,0,JAC-1NN,missing_events,0.5,0.8333333,0.888,2000
tep,1,0,JAC-1NN,missing_events,0.5,1.0,0.8835,2000
tep,1,0,JAC-1NN,missing_events,0.6,0.1666667,0.5245,2000
tep,1,0,JAC-1NN,missing_events,0.6,0.3333333,0.5245,2000
tep,1,0,JAC-1NN,missing_events,0.6,0.5,0.6375,2000
tep,1,0,JAC-1NN,missing_events,0.6,0.6666667,0.783,2000
tep,1,0,JAC-1NN,missing_events,0.6,0.8333333,0.8465,2000
tep,1,0,JAC-1NN,missing_events,0.6,1.0,0.8665,2000
tep,1,0,JAC-1NN,missing_events,0.7,0.1666667,0.4585,2000
tep,1,0,JAC-1NN,missing_events,0.7,0.3333333,0.4585,2000
tep,1,0,JAC-1NN,missing_events,0.7,0.5,0.5825,2000
tep,1,0,JAC-1NN,missing_events,0.7,0.6666667,0.718,2000
tep,1,0,JAC-1NN,missing_events,0.7,0.8333333,0.7885,2000
tep,1,0,JAC-1NN,missing_events,0.7,1.0,0.8475,2000
tep,1,0,JAC-1NN,missing_events,0.8,0.1666667,0.4005,2000
tep,1,0,JAC-1NN,missing_events,0.8,0.3333333,0.4005,2000
tep,1,0,JAC-1NN,missing_events,0.8,0.5,0.4965,2000
tep,1,0,JAC-1NN,missing_events,0.8,0.6666667,0.615,2000
tep,1,0,JAC-1NN,missing_events,0.8,0.8333333,0.7015,2000
tep,1,0,JAC-1NN,missing_events,0.8,1.0,0.7615,2000
tep,1,0,JAC-1NN,missing_events,0.9,0.1666667,0.3215,2000
tep,1,0,JAC-1NN,missing_events,0.9,0.3333333,0.3215,2000
tep,1,0,JAC-1NN,missing_events,0.9,0.5,0.3825,2000
tep,1,0,JAC-1NN,missing_events,0.9,0.6666667,0.4575,2000
tep,1,0,JAC-1NN,missing_events,0.9,0.8333333,0.5155,2000
tep,1,0,JAC-1NN,missing_events,0.9,1.0,0.571,2000
tep,1,0,JAC-1NN,mixed_missing_spurious,0.0,0.1666667,0.695,2000
tep,1,0,JAC-1NN,mixed_missing_spurious,0.0,0.3333333,0.695,2000
tep,1,0,JAC-1NN,mixed_missing_spurious,0.0,0.5,0.815,2000
tep,1,0,JAC-1NN,mixed_missing_spurious,0.0,0.6666667,0.935,2000
tep,1,0,JAC-1NN,mixed_missing_spurious,0.0,0.8333333,0.945,2000
tep,1,0,JAC-1NN,mixed_missing_spurious,0.0,1.0,0.895,2000
tep,1,0,JAC-1NN,mixed_missing_spurious,0.05,0.1666667,0.6845,2000
tep,1,0,JAC-1NN,mixed_missing_spurious,0.05,0.3333333,0.6845,2000
tep,1,0,JAC-1NN,mixed_missing_spurious,0.05,0.5,0.801,2000
tep,1,0,JAC-1NN,mixed_missing_spurious,0.05,0.6666667,0.919,2000
tep,1,0,JAC-1NN,mixed_missing_spurious,0.05,0.8333333,0.925,2000
tep,1,0,JAC-1NN,mixed_missing_spurious,0.05,1.0,0.8965,2000
tep,1,0,JAC-1NN,mixed_missing_spurious,0.1,0.1666667,0.6685,2000
tep,1,0,JAC-1NN,mixed_missing_spurious,0.1,0.3333333,0.6685,2000
tep,1,0,JAC-1NN,mixed_missing_spurious,0.1,0.5,0.7815,2000
tep,1,0,JAC-1NN,mixed_missing_spurious,0.1,0.6666667,0.895,2000
tep,1,0,JAC-1NN,mixed_missing_spurious,0.1,0.8333333,0.901,2000
tep,1,0,JAC-1NN,mixed_missing_spurious,0.1,1.0,0.8935,2000
tep,1,0,JAC-1NN,mixed_missing_spurious,0.15,0.1666667,0.664,2000
tep,1,0,JAC-1NN,mixed_missing_spurious,0.15,0.3333333,0.664,2000
tep,1,0,JAC-1NN,mixed_missing_spurious,0.15,0.5,0.756,2000
tep,1,0,JAC-1NN,mixed_missing_spurious,0.15,0.6666667,0.8645,2000
tep,1,0,JAC-1NN,mixed_missing_spurious,0.15,0.8333333,0.884,2000
tep,1,0,JAC-1NN,mixed_missing_spurious,0.15,1.0,0.885,2000
tep,1,0,JAC-1NN,mixed_missing_spurious,0.2,0.1666667,0.6375,2000
tep,1,0,JAC-1NN,mixed_missing_spurious,0.2,0.3333333,0.6375,2000
tep,1,0,JAC-1NN,mixed_missing_spurious,0.2,0.5,0.7315,2000
tep,1,0,JAC-1NN,mixed_missing_spurious,0.2,0.6666667,0.829,2000
tep,1,0,JAC-1NN,mixed_missing_spurious,0.2,0.8333333,0.8445,2000
tep,1,0,JAC-1NN,mixed_missing_spurious,0.2,1.0,0.8705,2000
tep,1,0,JAC-1NN,mixed_missing_spurious,0.25,0.1666667,0.6235,2000
tep,1,0,JAC-1NN,mixed_missing_spurious,0.25,0.3333333,0.6235,2000
tep,1,0,JAC-1NN,mixed_missing_spurious,0.25,0.5,0.726,2000
tep,1,0,JAC-1NN,mixed_missing_spurious,0.25,0.6666667,0.821,2000
tep,1,0,JAC-1NN,mixed_missing_spurious,0.25,0.8333333,0.838,2000
tep,1,0,JAC-1NN,mixed_missing_spurious,0.25,1.0,0.8575,2000
tep,1,0,JAC-1NN,mixed_missing_spurious,0.3,0.1666667,0.614,2000
tep,1,0,JAC-1NN,mixed_missing_spurious,0.3,0.3333333,0.614,2000
tep,1,0,JAC-1NN,mixed_missing_spurious,0.3,0.5,0.693,2000
tep,1,0,JAC-1NN,mixed_missing_spurious,0.3,0.6666667,0.7885,2000
tep,1,0,JAC-1NN,mixed_missing_spurious,0.3,0.8333333,0.8165,2000
tep,1,0,JAC-1NN,mixed_missing_spurious,0.3,1.0,0.8395,2000
tep,1,0,JAC-1NN,mixed_missing_spurious,0.4,0.1666667,0.569,2000
tep,1,0,JAC-1NN,mixed_missing_spurious,0.4,0.3333333,0.569,2000
tep,1,0,JAC-1NN,mixed_missing_spurious,0.4,0.5,0.66,2000
tep,1,0,JAC-1NN,mixed_missing_spurious,0.4,0.6666667,0.7425,2000
tep,1,0,JAC-1NN,mixed_missing_spurious,0.4,0.8333333,0.766,2000
tep,1,0,JAC-1NN,mixed_missing_spurious,0.4,1.0,0.805,2000
tep,1,0,JAC-1NN,mixed_missing_spurious,0.5,0.1666667,0.5265,2000
tep,1,0,JAC-1NN,mixed_missing_spurious,0.5,0.3333333,0.5265,2000
tep,1,0,JAC-1NN,mixed_missing_spurious,0.5,0.5,0.6275,2000
tep,1,0,JAC-1NN,mixed_missing_spurious,0.5,0.6666667,0.7025,2000
tep,1,0,JAC-1NN,mixed_missing_spurious,0.5,0.8333333,0.732,2000
tep,1,0,JAC-1NN,mixed_missing_spurious,0.5,1.0,0.7895,2000
tep,1,0,JAC-1NN,mixed_missing_spurious,0.6,0.1666667,0.5005,2000
tep,1,0,JAC-1NN,mixed_missing_spurious,0.6,0.3333333,0.5005,2000
tep,1,0,JAC-1NN,mixed_missing_spurious,0.6,0.5,0.5905,2000
tep,1,0,JAC-1NN,mixed_missing_spurious,0.6,0.6666667,0.679,2000
tep,1,0,JAC-1NN,mixed_missing_spurious,0.6,0.8333333,0.7185,2000
tep,1,0,JAC-1NN,mixed_missing_spurious,0.6,1.0,0.7445,2000
tep,1,0,JAC-1NN,mixed_missing_spurious,0.7,0.1666667,0.4545,2000
tep,1,0,JAC-1NN,mixed_missing_spurious,0.7,0.3333333,0.4545,2000
tep,1,0,JAC-1NN,mixed_missing_spurious,0.7,0.5,0.5545,2000
tep,1,0,JAC-1NN,mixed_missing_spurious,0.7,0.6666667,0.6375,2000
tep,1,0,JAC-1NN,mixed_missing_spurious,0.7,0.8333333,0.654,2000
tep,1,0,JAC-1NN,mixed_missing_spurious,0.7,1.0,0.721,2000
tep,1,0,JAC-1NN,mixed_missing_spurious,0.8,0.1666667,0.3905,2000
tep,1,0,JAC-1NN,mixed_missing_spurious,0.8,0.3333333,0.3905,2000
tep,1,0,JAC-1NN,mixed_missing_spurious,0.8,0.5,0.4535,2000
tep,1,0,JAC-1NN,mixed_missing_spurious,0.8,0.6666667,0.552,2000
tep,1,0,JAC-1NN,mixed_missing_spurious,0.8,0.8333333,0.616,2000
tep,1,0,JAC-1NN,mixed_missing_spurious,0.8,1.0,0.692,2000
tep,1,0,JAC-1NN,mixed_missing_spurious,0.9,0.1666667,0.3295,2000
tep,1,0,JAC-1NN,mixed_missing_spurious,0.9,0.3333333,0.3295,2000
tep,1,0,JAC-1NN,mixed_missing_spurious,0.9,0.5,0.3735,2000
tep,1,0,JAC-1NN,mixed_missing_spurious,0.9,0.6666667,0.4395,2000
tep,1,0,JAC-1NN,mixed_missing_spurious,0.9,0.8333333,0.4995,2000
tep,1,0,JAC-1NN,mixed_missing_spurious,0.9,1.0,0.6055,2000
tep,1,0,JAC-1NN,mixed_spurious_timing_late,0.0,0.1666667,0.695,2000
tep,1,0,JAC-1NN,mixed_spurious_timing_late,0.0,0.3333333,0.695,2000
tep,1,0,JAC-1NN,mixed_spurious_timing_late,0.0,0.5,0.815,2000
tep,1,0,JAC-1NN,mixed_spurious_timing_late,0.0,0.6666667,0.935,2000
tep,1,0,JAC-1NN,mixed_spurious_timing_late,0.0,0.8333333,0.945,2000
tep,1,0,JAC-1NN,mixed_spurious_timing_late,0.0,1.0,0.895,2000
tep,1,0,JAC-1NN,mixed_spurious_timing_late,0.05,0.1666667,0.6035,2000
tep,1,0,JAC-1NN,mixed_spurious_timing_late,0.05,0.3333333,0.6035,2000
tep,1,0,JAC-1NN,mixed_spurious_timing_late,0.05,0.5,0.7385,2000
tep,1,0,JAC-1NN,mixed_spurious_timing_late,0.05,0.6666667,0.855,2000
tep,1,0,JAC-1NN,mixed_spurious_timing_late,0.05,0.8333333,0.8785,2000
tep,1,0,JAC-1NN,mixed_spurious_timing_late,0.05,1.0,0.846,2000
tep,1,0,JAC-1NN,mixed_spurious_timing_late,0.1,0.1666667,0.5595,2000
tep,1,0,JAC-1NN,mixed_spurious_timing_late,0.1,0.3333333,0.5595,2000
tep,1,0,JAC-1NN,mixed_spurious_timing_late,0.1,0.5,0.774,2000
tep,1,0,JAC-1NN,mixed_spurious_timing_late,0.1,0.6666667,0.8265,2000
tep,1,0,JAC-1NN,mixed_spurious_timing_late,0.1,0.8333333,0.871,2000
tep,1,0,JAC-1NN,mixed_spurious_timing_late,0.1,1.0,0.856,2000
tep,1,0,JAC-1NN,mixed_spurious_timing_late,0.15,0.1666667,0.512,2000
tep,1,0,JAC-1NN,mixed_spurious_timing_late,0.15,0.3333333,0.512,2000
tep,1,0,JAC-1NN,mixed_spurious_timing_late,0.15,0.5,0.756,2000
tep,1,0,JAC-1NN,mixed_spurious_timing_late,0.15,0.6666667,0.828,2000
tep,1,0,JAC-1NN,mixed_spurious_timing_late,0.15,0.8333333,0.875,2000
tep,1,0,JAC-1NN,mixed_spurious_timing_late,0.15,1.0,0.8535,2000
tep,1,0,JAC-1NN,mixed_spurious_timing_late,0.2,0.1666667,0.5235,2000
tep,1,0,JAC-1NN,mixed_spurious_timing_late,0.2,0.3333333,0.5235,2000
tep,1,0,JAC-1NN,mixed_spurious_timing_late,0.2,0.5,0.7395,2000
tep,1,0,JAC-1NN,mixed_spurious_timing_late,0.2,0.6666667,0.8095,2000
tep,1,0,JAC-1NN,mixed_spurious_timing_late,0.2,0.8333333,0.8095,2000
tep,1,0,JAC-1NN,mixed_spurious_timing_late,0.2,1.0,0.8305,2000
tep,1,0,JAC-1NN,mixed_spurious_timing_late,0.25,0.1666667,0.585,2000
tep,1,0,JAC-1NN,mixed_spurious_timing_late,0.25,0.3333333,0.585,2000
tep,1,0,JAC-1NN,mixed_spurious_timing_late,0.25,0.5,0.726,2000
tep,1,0,JAC-1NN,mixed_spurious_timing_late,0.25,0.6666667,0.726,2000
tep,1,0,JAC-1NN,mixed_spurious_timing_late,0.25,0.8333333,0.7995,2000
tep,1,0,JAC-1NN,mixed_spurious_timing_late,0.25,1.0,0.817,2000
tep,1,0,JAC-1NN,mixed_spurious_timing_late,0.3,0.1666667,0.6025,2000
tep,1,0,JAC-1NN,mixed_spurious_timing_late,0.3,0.3333333,0.6025,2000
tep,1,0,JAC-1NN,mixed_spurious_timing_late,0.3,0.5,0.763,2000
tep,1,0,JAC-1NN,mixed_spurious_timing_late,0.3,0.6666667,0.763,2000
tep,1,0,JAC-1NN,mixed_spurious_timing_late,0.3,0.8333333,0.812,2000
tep,1,0,JAC-1NN,mixed_spurious_timing_late,0.3,1.0,0.7885,2000
tep,1,0,JAC-1NN,mixed_spurious_timing_late,0.4,0.1666667,0.566,2000
tep,1,0,JAC-1NN,mixed_spurious_timing_late,0.4,0.3333333,0.566,2000
tep,1,0,JAC-1NN,mixed_spurious_timing_late,0.4,0.5,0.566,2000
tep,1,0,JAC-1NN,mixed_spurious_timing_late,0.4,0.6666667,0.734,2000
tep,1,0,JAC-1NN,mixed_spurious_timing_late,0.4,0.8333333,0.734,2000
tep,1,0,JAC-1NN,mixed_spurious_timing_late,0.4,1.0,0.7675,2000
tep,1,0,JAC-1NN,mixed_spurious_timing_late,0.5,0.1666667,0.584,2000
tep,1,0,JAC-1NN,mixed_spurious_timing_late,0.5,0.3333333,0.584,2000
tep,1,0,JAC-1NN,mixed_spurious_timing_late,0.5,0.5,0.584,2000
tep,1,0,JAC-1NN,mixed_spurious_timing_late,0.5,0.6666667,0.584,2000
tep,1,0,JAC-1NN,mixed_spurious_timing_late,0.5,0.8333333,0.678,2000
tep,1,0,JAC-1NN,mixed_spurious_timing_late,0.5,1.0,0.7005,2000
tep,1,0,JAC-1NN,mixed_spurious_timing_late,0.6,0.1666667,0.565,2000
tep,1,0,JAC-1NN,mixed_spurious_timing_late,0.6,0.3333333,0.565,2000
tep,1,0,JAC-1NN,mixed_spurious_timing_late,0.6,0.5,0.565,2000
tep,1,0,JAC-1NN,mixed_spurious_timing_late,0.6,0.6666667,0.565,2000
tep,1,0,JAC-1NN,mixed_spurious_timing_late,0.6,0.8333333,0.565,2000
tep,1,0,JAC-1NN,mixed_spurious_timing_late,0.6,1.0,0.64,2000
tep,1,0,JAC-1NN,mixed_spurious_timing_late,0.7,0.1666667,0.507,2000
tep,1,0,JAC-1NN,mixed_spurious_timing_late,0.7,0.3333333,0.507,2000
tep,1,0,JAC-1NN,mixed_spurious_timing_late,0.7,0.5,0.507,2000
tep,1,0,JAC-1NN,mixed_spurious_timing_late,0.7,0.6666667,0.507,2000
tep,1,0,JAC-1NN,mixed_spurious_timing_late,0.7,0.8333333,0.507,2000
tep,1,0,JAC-1NN,mixed_spurious_timing_late,0.7,1.0,0.5665,2000
tep,1,0,JAC-1NN,mixed_spurious_timing_late,0.8,0.1666667,0.4785,2000
tep,1,0,JAC-1NN,mixed_spurious_timing_late,0.8,0.3333333,0.4785,2000
tep,1,0,JAC-1NN,mixed_spurious_timing_late,0.8,0.5,0.4785,2000
tep,1,0,JAC-1NN,mixed_spurious_timing_late,0.8,0.6666667,0.4785,2000
tep,1,0,JAC-1NN,mixed_spurious_timing_late,0.8,0.8333333,0.4785,2000
tep,1,0,JAC-1NN,mixed_spurious_timing_late,0.8,1.0,0.495,2000
tep,1,0,JAC-1NN,mixed_spurious_timing_late,0.9,0.1666667,0.3845,2000
tep,1,0,JAC-1NN,mixed_spurious_timing_late,0.9,0.3333333,0.3845,2000
tep,1,0,JAC-1NN,mixed_spurious_timing_late,0.9,0.5,0.3845,2000
tep,1,0,JAC-1NN,mixed_spurious_timing_late,0.9,0.6666667,0.3845,2000
tep,1,0,JAC-1NN,mixed_spurious_timing_late,0.9,0.8333333,0.3845,2000
tep,1,0,JAC-1NN,mixed_spurious_timing_late,0.9,1.0,0.3845,2000
tep,1,0,JAC-1NN,spurious_events,0.0,0.1666667,0.695,2000
tep,1,0,JAC-1NN,spurious_events,0.0,0.3333333,0.695,2000
tep,1,0,JAC-1NN,spurious_events,0.0,0.5,0.815,2000
tep,1,0,JAC-1NN,spurious_events,0.0,0.6666667,0.935,2000
tep,1,0,JAC-1NN,spurious_events,0.0,0.8333333,0.945,2000
tep,1,0,JAC-1NN,spurious_events,0.0,1.0,0.895,2000
tep,1,0,JAC-1NN,spurious_events,0.05,0.1666667,0.6845,2000
tep,1,0,JAC-1NN,spurious_events,0.05,0.3333333,0.6845,2000
tep,1,0,JAC-1NN,spurious_events,0.05,0.5,0.7985,2000
tep,1,0,JAC-1NN,spurious_events,0.05,0.6666667,0.9215,2000
tep,1,0,JAC-1NN,spurious_events,0.05,0.8333333,0.926,2000
tep,1,0,JAC-1NN,spurious_events,0.05,1.0,0.8975,2000
tep,1,0,JAC-1NN,spurious_events,0.1,0.1666667,0.6735,2000
tep,1,0,JAC-1NN,spurious_events,0.1,0.3333333,0.6735,2000
tep,1,0,JAC-1NN,spurious_events,0.1,0.5,0.79,2000
tep,1,0,JAC-1NN,spurious_events,0.1,0.6666667,0.885,2000
tep,1,0,JAC-1NN,spurious_events,0.1,0.8333333,0.886,2000
tep,1,0,JAC-1NN,spurious_events,0.1,1.0,0.891,2000
tep,1,0,JAC-1NN,spurious_events,0.15,0.1666667,0.6725,2000
tep,1,0,JAC-1NN,spurious_events,0.15,0.3333333,0.6725,2000
tep,1,0,JAC-1NN,spurious_events,0.15,0.5,0.764,2000
tep,1,0,JAC-1NN,spurious_events,0.15,0.6666667,0.857,2000
tep,1,0,JAC-1NN,spurious_events,0.15,0.8333333,0.867,2000
tep,1,0,JAC-1NN,spurious_events,0.15,1.0,0.873,2000
tep,1,0,JAC-1NN,spurious_events,0.2,0.1666667,0.66,2000
tep,1,0,JAC-1NN,spurious_events,0.2,0.3333333,0.66,2000
tep,1,0,JAC-1NN,spurious_events,0.2,0.5,0.7555,2000
tep,1,0,JAC-1NN,spurious_events,0.2,0.6666667,0.8265,2000
tep,1,0,JAC-1NN,spurious_events,0.2,0.8333333,0.8265,2000
tep,1,0,JAC-1NN,spurious_events,0.2,1.0,0.8545,2000
tep,1,0,JAC-1NN,spurious_events,0.25,0.1666667,0.6395,2000
tep,1,0,JAC-1NN,spurious_events,0.25,0.3333333,0.6395,2000
tep,1,0,JAC-1NN,spurious_events,0.25,0.5,0.72,2000
tep,1,0,JAC-1NN,spurious_events,0.25,0.6666667,0.786,2000
tep,1,0,JAC-1NN,spurious_events,0.25,0.8333333,0.778,2000
tep,1,0,JAC-1NN,spurious_events,0.25,1.0,0.8145,2000
tep,1,0,JAC-1NN,spurious_events,0.3,0.1666667,0.627,2000
tep,1,0,JAC-1NN,spurious_events,0.3,0.3333333,0.627,2000
tep,1,0,JAC-1NN,spurious_events,0.3,0.5,0.689,2000
tep,1,0,JAC-1NN,spurious_events,0.3,0.6666667,0.7425,2000
tep,1,0,JAC-1NN,spurious_events,0.3,0.8333333,0.7345,2000
tep,1,0,JAC-1NN,spurious_events,0.3,1.0,0.761,2000
tep,1,0,JAC-1NN,spurious_events,0.4,0.1666667,0.6145,2000
tep,1,0,JAC-1NN,spurious_events,0.4,0.3333333,0.6145,2000
tep,1,0,JAC-1NN,spurious_events,0.4,0.5,0.6555,2000
tep,1,0,JAC-1NN,spurious_events,0.4,0.6666667,0.6795,2000
tep,1,0,JAC-1NN,spurious_events,0.4,0.8333333,0.66,2000
tep,1,0,JAC-1NN,spurious_events,0.4,1.0,0.6525,2000
tep,1,0,JAC-1NN,spurious_events,0.5,0.1666667,0.6205,2000
tep,1,0,JAC-1NN,spurious_events,0.5,0.3333333,0.6205,2000
tep,1,0,JAC-1NN,spurious_events,0.5,0.5,0.628,2000
tep,1,0,JAC-1NN,spurious_events,0.5,0.6666667,0.614,2000
tep,1,0,JAC-1NN,spurious_events,0.5,0.8333333,0.586,2000
tep,1,0,JAC-1NN,spurious_events,0.5,1.0,0.5435,2000
tep,1,0,JAC-1NN,spurious_events,0.6,0.1666667,0.5805,2000
tep,1,0,JAC-1NN,spurious_events,0.6,0.3333333,0.5805,2000
tep,1,0,JAC-1NN,spurious_events,0.6,0.5,0.587,2000
tep,1,0,JAC-1NN,spurious_events,0.6,0.6666667,0.562,2000
tep,1,0,JAC-1NN,spurious_events,0.6,0.8333333,0.5265,2000
tep,1,0,JAC-1NN,spurious_events,0.6,1.0,0.4605,2000
tep,1,0,JAC-1NN,spurious_events,0.7,0.1666667,0.562,2000
tep,1,0,JAC-1NN,spurious_events,0.7,0.3333333,0.562,2000
tep,1,0,JAC-1NN,spurious_events,0.7,0.5,0.5445,2000
tep,1,0,JAC-1NN,spurious_events,0.7,0.6666667,0.511,2000
tep,1,0,JAC-1NN,spurious_events,0.7,0.8333333,0.457,2000
tep,1,0,JAC-1NN,spurious_events,0.7,1.0,0.396,2000
tep,1,0,JAC-1NN,spurious_events,0.8,0.1666667,0.574,2000
tep,1,0,JAC-1NN,spurious_events,0.8,0.3333333,0.574,2000
tep,1,0,JAC-1NN,spurious_events,0.8,0.5,0.544,2000
tep,1,0,JAC-1NN,spurious_events,0.8,0.6666667,0.4905,2000
tep,1,0,JAC-1NN,spurious_events,0.8,0.8333333,0.425,2000
tep,1,0,JAC-1NN,spurious_events,0.8,1.0,0.362,2000
tep,1,0,JAC-1NN,spurious_events,0.9,0.1666667,0.5325,2000
tep,1,0,JAC-1NN,spurious_events,0.9,0.3333333,0.5325,2000
tep,1,0,JAC-1NN,spurious_events,0.9,0.5,0.5215,2000
tep,1,0,JAC-1NN,spurious_events,0.9,0.6666667,0.457,2000
tep,1,0,JAC-1NN,spurious_events,0.9,0.8333333,0.395,2000
tep,1,0,JAC-1NN,spurious_events,0.9,1.0,0.3325,2000
tep,1,0,JAC-1NN,timing_uncertainty,0.0,0.1666667,0.695,2000
tep,1,0,JAC-1NN,timing_uncertainty,0.0,0.3333333,0.695,2000
tep,1,0,JAC-1NN,timing_uncertainty,0.0,0.5,0.815,2000
tep,1,0,JAC-1NN,timing_uncertainty,0.0,0.6666667,0.935,2000
tep,1,0,JAC-1NN,timing_uncertainty,0.0,0.8333333,0.945,2000
tep,1,0,JAC-1NN,timing_uncertainty,0.0,1.0,0.895,2000
tep,1,0,JAC-1NN,timing_uncertainty,0.05,0.1666667,0.6945,2000
tep,1,0,JAC-1NN,timing_uncertainty,0.05,0.3333333,0.6945,2000
tep,1,0,JAC-1NN,timing_uncertainty,0.05,0.5,0.813,2000
tep,1,0,JAC-1NN,timing_uncertainty,0.05,0.6666667,0.934,2000
tep,1,0,JAC-1NN,timing_uncertainty,0.05,0.8333333,0.9435,2000
tep,1,0,JAC-1NN,timing_uncertainty,0.05,1.0,0.8975,2000
tep,1,0,JAC-1NN,timing_uncertainty,0.1,0.1666667,0.689,2000
tep,1,0,JAC-1NN,timing_uncertainty,0.1,0.3333333,0.689,2000
tep,1,0,JAC-1NN,timing_uncertainty,0.1,0.5,0.809,2000
tep,1,0,JAC-1NN,timing_uncertainty,0.1,0.6666667,0.939,2000
tep,1,0,JAC-1NN,timing_uncertainty,0.1,0.8333333,0.9435,2000
tep,1,0,JAC-1NN,timing_uncertainty,0.1,1.0,0.895,2000
tep,1,0,JAC-1NN,timing_uncertainty,0.15,0.1666667,0.695,2000
tep,1,0,JAC-1NN,timing_uncertainty,0.15,0.3333333,0.695,2000
tep,1,0,JAC-1NN,timing_uncertainty,0.15,0.5,0.813,2000
tep,1,0,JAC-1NN,timing_uncertainty,0.15,0.6666667,0.9335,2000
tep,1,0,JAC-1NN,timing_uncertainty,0.15,0.8333333,0.9465,2000
tep,1,0,JAC-1NN,timing_uncertainty,0.15,1.0,0.9005,2000
tep,1,0,JAC-1NN,timing_uncertainty,0.2,0.1666667,0.688,2000
tep,1,0,JAC-1NN,timing_uncertainty,0.2,0.3333333,0.688,2000
tep,1,0,JAC-1NN,timing_uncertainty,0.2,0.5,0.8085,2000
tep,1,0,JAC-1NN,timing_uncertainty,0.2,0.6666667,0.939,2000
tep,1,0,JAC-1NN,timing_uncertainty,0.2,0.8333333,0.944,2000
tep,1,0,JAC-1NN,timing_uncertainty,0.2,1.0,0.8975,2000
tep,1,0,JAC-1NN,timing_uncertainty,0.25,0.1666667,0.6895,2000
tep,1,0,JAC-1NN,timing_uncertainty,0.25,0.3333333,0.6895,2000
tep,1,0,JAC-1NN,timing_uncertainty,0.25,0.5,0.8065,2000
tep,1,0,JAC-1NN,timing_uncertainty,0.25,0.6666667,0.938,2000
tep,1,0,JAC-1NN,timing_uncertainty,0.25,0.8333333,0.9425,2000
tep,1,0,JAC-1NN,timing_uncertainty,0.25,1.0,0.8935,2000
tep,1,0,JAC-1NN,timing_uncertainty,0.3,0.1666667,0.687,2000
tep,1,0,JAC-1NN,timing_uncertainty,0.3,0.3333333,0.687,2000
tep,1,0,JAC-1NN,timing_uncertainty,0.3,0.5,0.809,2000
tep,1,0,JAC-1NN,timing_uncertainty,0.3,0.6666667,0.936,2000
tep,1,0,JAC-1NN,timing_uncertainty,0.3,0.8333333,0.9465,2000
tep,1,0,JAC-1NN,timing_uncertainty,0.3,1.0,0.8965,2000
tep,1,0,JAC-1NN,timing_uncertainty,0.4,0.1666667,0.6995,2000
tep,1,0,JAC-1NN,timing_uncertainty,0.4,0.3333333,0.6995,2000
tep,1,0,JAC-1NN,timing_uncertainty,0.4,0.5,0.808,2000
tep,1,0,JAC-1NN,timing_uncertainty,0.4,0.6666667,0.9385,2000
tep,1,0,JAC-1NN,timing_uncertainty,0.4,0.8333333,0.944,2000
tep,1,0,JAC-1NN,timing_uncertainty,0.4,1.0,0.8955,2000
tep,1,0,JAC-1NN,timing_uncertainty,0.5,0.1666667,0.702,2000
tep,1,0,JAC-1NN,timing_uncertainty,0.5,0.3333333,0.702,2000
tep,1,0,JAC-1NN,timing_uncertainty,0.5,0.5,0.812,2000
tep,1,0,JAC-1NN,timing_uncertainty,0.5,0.6666667,0.9415,2000
tep,1,0,JAC-1NN,timing_uncertainty,0.5,0.8333333,0.9445,2000
tep,1,0,JAC-1NN,timing_uncertainty,0.5,1.0,0.897,2000
tep,1,0,JAC-1NN,timing_uncertainty,0.6,0.1666667,0.6935,2000
tep,1,0,JAC-1NN,timing_uncertainty,0.6,0.3333333,0.6935,2000
tep,1,0,JAC-1NN,timing_uncertainty,0.6,0.5,0.8175,2000
tep,1,0,JAC-1NN,timing_uncertainty,0.6,0.6666667,0.938,2000
tep,1,0,JAC-1NN,timing_uncertainty,0.6,0.8333333,0.939,2000
tep,1,0,JAC-1NN,timing_uncertainty,0.6,1.0,0.895,2000
tep,1,0,JAC-1NN,timing_uncertainty,0.7,0.1666667,0.7045,2000
tep,1,0,JAC-1NN,timing_uncertainty,0.7,0.3333333,0.7045,2000
tep,1,0,JAC-1NN,timing_uncertainty,0.7,0.5,0.8315,2000
tep,1,0,JAC-1NN,timing_uncertainty,0.7,0.6666667,0.941,2000
tep,1,0,JAC-1NN,timing_uncertainty,0.7,0.8333333,0.9475,2000
tep,1,0,JAC-1NN,timing_uncertainty,0.7,1.0,0.8915,2000
tep,1,0,JAC-1NN,timing_uncertainty,0.8,0.1666667,0.6955,2000
tep,1,0,JAC-1NN,timing_uncertainty,0.8,0.3333333,0.6955,2000
tep,1,0,JAC-1NN,timing_uncertainty,0.8,0.5,0.838,2000
tep,1,0,JAC-1NN,timing_uncertainty,0.8,0.6666667,0.9395,2000
tep,1,0,JAC-1NN,timing_uncertainty,0.8,0.8333333,0.9425,2000
tep,1,0,JAC-1NN,timing_uncertainty,0.8,1.0,0.897,2000
tep,1,0,JAC-1NN,timing_uncertainty,0.9,0.1666667,0.705,2000
tep,1,0,JAC-1NN,timing_uncertainty,0.9,0.3333333,0.705,2000
tep,1,0,JAC-1NN,timing_uncertainty,0.9,0.5,0.846,2000
tep,1,0,JAC-1NN,timing_uncertainty,0.9,0.6666667,0.936,2000
tep,1,0,JAC-1NN,timing_uncertainty,0.9,0.8333333,0.9465,2000
tep,1,0,JAC-1NN,timing_uncertainty,0.9,1.0,0.891,2000
tep,1,0,MBW-LR,late_time_delay,0.0,0.1666667,0.75,2000
tep,1,0,MBW-LR,late_time_delay,0.0,0.3333333,0.75,2000
tep,1,0,MBW-LR,late_time_delay,0.0,0.5,0.84,2000
tep,1,0,MBW-LR,late_time_delay,0.0,0.6666667,0.935,2000
tep,1,0,MBW-LR,late_time_delay,0.0,0.8333333,0.96,2000
tep,1,0,MBW-LR,late_time_delay,0.0,1.0,0.98,2000
tep,1,0,MBW-LR,late_time_delay,0.05,0.1666667,0.61,2000
tep,1,0,MBW-LR,late_time_delay,0.05,0.3333333,0.61,2000
tep,1,0,MBW-LR,late_time_delay,0.05,0.5,0.8,2000
tep,1,0,MBW-LR,late_time_delay,0.05,0.6666667,0.93,2000
tep,1,0,MBW-LR,late_time_delay,0.05,0.8333333,0.965,2000
tep,1,0,MBW-LR,late_time_delay,0.05,1.0,0.98,2000
tep,1,0,MBW-LR,late_time_delay,0.1,0.1666667,0.755,2000
tep,1,0,MBW-LR,late_time_delay,0.1,0.3333333,0.755,2000
tep,1,0,MBW-LR,late_time_delay,0.1,0.5,0.885,2000
tep,1,0,MBW-LR,late_time_delay,0.1,0.6666667,0.955,2000
tep,1,0,MBW-LR,late_time_delay,0.1,0.8333333,0.98,2000
tep,1,0,MBW-LR,late_time_delay,0.1,1.0,0.985,2000
tep,1,0,MBW-LR,late_time_delay,0.15,0.1666667,0.67,2000
tep,1,0,MBW-LR,late_time_delay,0.15,0.3333333,0.67,2000
tep,1,0,MBW-LR,late_time_delay,0.15,0.5,0.83,2000
tep,1,0,MBW-LR,late_time_delay,0.15,0.6666667,0.965,2000
tep,1,0,MBW-LR,late_time_delay,0.15,0.8333333,0.98,2000
tep,1,0,MBW-LR,late_time_delay,0.15,1.0,0.995,2000
tep,1,0,MBW-LR,late_time_delay,0.2,0.1666667,0.595,2000
tep,1,0,MBW-LR,late_time_delay,0.2,0.3333333,0.595,2000
tep,1,0,MBW-LR,late_time_delay,0.2,0.5,0.83,2000
tep,1,0,MBW-LR,late_time_delay,0.2,0.6666667,0.975,2000
tep,1,0,MBW-LR,late_time_delay,0.2,0.8333333,0.975,2000
tep,1,0,MBW-LR,late_time_delay,0.2,1.0,0.985,2000
tep,1,0,MBW-LR,late_time_delay,0.25,0.1666667,0.655,2000
tep,1,0,MBW-LR,late_time_delay,0.25,0.3333333,0.655,2000
tep,1,0,MBW-LR,late_time_delay,0.25,0.5,0.88,2000
tep,1,0,MBW-LR,late_time_delay,0.25,0.6666667,0.88,2000
tep,1,0,MBW-LR,late_time_delay,0.25,0.8333333,0.97,2000
tep,1,0,MBW-LR,late_time_delay,0.25,1.0,0.965,2000
tep,1,0,MBW-LR,late_time_delay,0.3,0.1666667,0.745,2000
tep,1,0,MBW-LR,late_time_delay,0.3,0.3333333,0.745,2000
tep,1,0,MBW-LR,late_time_delay,0.3,0.5,0.9,2000
tep,1,0,MBW-LR,late_time_delay,0.3,0.6666667,0.9,2000
tep,1,0,MBW-LR,late_time_delay,0.3,0.8333333,0.945,2000
tep,1,0,MBW-LR,late_time_delay,0.3,1.0,0.96,2000
tep,1,0,MBW-LR,late_time_delay,0.4,0.1666667,0.69,2000
tep,1,0,MBW-LR,late_time_delay,0.4,0.3333333,0.69,2000
tep,1,0,MBW-LR,late_time_delay,0.4,0.5,0.69,2000
tep,1,0,MBW-LR,late_time_delay,0.4,0.6666667,0.895,2000
tep,1,0,MBW-LR,late_time_delay,0.4,0.8333333,0.895,2000
tep,1,0,MBW-LR,late_time_delay,0.4,1.0,0.94,2000
tep,1,0,MBW-LR,late_time_delay,0.5,0.1666667,0.78,2000
tep,1,0,MBW-LR,late_time_delay,0.5,0.3333333,0.78,2000
tep,1,0,MBW-LR,late_time_delay,0.5,0.5,0.78,2000
tep,1,0,MBW-LR,late_time_delay,0.5,0.6666667,0.78,2000
tep,1,0,MBW-LR,late_time_delay,0.5,0.8333333,0.88,2000
tep,1,0,MBW-LR,late_time_delay,0.5,1.0,0.905,2000
tep,1,0,MBW-LR,late_time_delay,0.6,0.1666667,0.76,2000
tep,1,0,MBW-LR,late_time_delay,0.6,0.3333333,0.76,2000
tep,1,0,MBW-LR,late_time_delay,0.6,0.5,0.76,2000
tep,1,0,MBW-LR,late_time_delay,0.6,0.6666667,0.76,2000
tep,1,0,MBW-LR,late_time_delay,0.6,0.8333333,0.76,2000
tep,1,0,MBW-LR,late_time_delay,0.6,1.0,0.825,2000
tep,1,0,MBW-LR,late_time_delay,0.7,0.1666667,0.6,2000
tep,1,0,MBW-LR,late_time_delay,0.7,0.3333333,0.6,2000
tep,1,0,MBW-LR,late_time_delay,0.7,0.5,0.6,2000
tep,1,0,MBW-LR,late_time_delay,0.7,0.6666667,0.6,2000
tep,1,0,MBW-LR,late_time_delay,0.7,0.8333333,0.6,2000
tep,1,0,MBW-LR,late_time_delay,0.7,1.0,0.665,2000
tep,1,0,MBW-LR,late_time_delay,0.8,0.1666667,0.55,2000
tep,1,0,MBW-LR,late_time_delay,0.8,0.3333333,0.55,2000
tep,1,0,MBW-LR,late_time_delay,0.8,0.5,0.55,2000
tep,1,0,MBW-LR,late_time_delay,0.8,0.6666667,0.55,2000
tep,1,0,MBW-LR,late_time_delay,0.8,0.8333333,0.55,2000
tep,1,0,MBW-LR,late_time_delay,0.8,1.0,0.565,2000
tep,1,0,MBW-LR,late_time_delay,0.9,0.1666667,0.49,2000
tep,1,0,MBW-LR,late_time_delay,0.9,0.3333333,0.49,2000
tep,1,0,MBW-LR,late_time_delay,0.9,0.5,0.49,2000
tep,1,0,MBW-LR,late_time_delay,0.9,0.6666667,0.49,2000
tep,1,0,MBW-LR,late_time_delay,0.9,0.8333333,0.49,2000
tep,1,0,MBW-LR,late_time_delay,0.9,1.0,0.49,2000
tep,1,0,MBW-LR,missing_events,0.0,0.1666667,0.75,2000
tep,1,0,MBW-LR,missing_events,0.0,0.3333333,0.75,2000
tep,1,0,MBW-LR,missing_events,0.0,0.5,0.84,2000
tep,1,0,MBW-LR,missing_events,0.0,0.6666667,0.935,2000
tep,1,0,MBW-LR,missing_events,0.0,0.8333333,0.96,2000
tep,1,0,MBW-LR,missing_events,0.0,1.0,0.98,2000
tep,1,0,MBW-LR,missing_events,0.05,0.1666667,0.736,2000
tep,1,0,MBW-LR,missing_events,0.05,0.3333333,0.736,2000
tep,1,0,MBW-LR,missing_events,0.05,0.5,0.8355,2000
tep,1,0,MBW-LR,missing_events,0.05,0.6666667,0.93,2000
tep,1,0,MBW-LR,missing_events,0.05,0.8333333,0.953,2000
tep,1,0,MBW-LR,missing_events,0.05,1.0,0.9735,2000
tep,1,0,MBW-LR,missing_events,0.1,0.1666667,0.7265,2000
tep,1,0,MBW-LR,missing_events,0.1,0.3333333,0.7265,2000
tep,1,0,MBW-LR,missing_events,0.1,0.5,0.8345,2000
tep,1,0,MBW-LR,missing_events,0.1,0.6666667,0.92,2000
tep,1,0,MBW-LR,missing_events,0.1,0.8333333,0.9475,2000
tep,1,0,MBW-LR,missing_events,0.1,1.0,0.967,2000
tep,1,0,MBW-LR,missing_events,0.15,0.1666667,0.7165,2000
tep,1,0,MBW-LR,missing_events,0.15,0.3333333,0.7165,2000
tep,1,0,MBW-LR,missing_events,0.15,0.5,0.829,2000
tep,1,0,MBW-LR,missing_events,0.15,0.6666667,0.914,2000
tep,1,0,MBW-LR,missing_events,0.15,0.8333333,0.945,2000
tep,1,0,MBW-LR,missing_events,0.15,1.0,0.9605,2000
tep,1,0,MBW-LR,missing_events,0.2,0.1666667,0.7045,2000
tep,1,0,MBW-LR,missing_events,0.2,0.3333333,0.7045,2000
tep,1,0,MBW-LR,missing_events,0.2,0.5,0.812,2000
tep,1,0,MBW-LR,missing_events,0.2,0.6666667,0.899,2000
tep,1,0,MBW-LR,missing_events,0.2,0.8333333,0.928,2000
tep,1,0,MBW-LR,missing_events,0.2,1.0,0.9485,2000
tep,1,0,MBW-LR,missing_events,0.25,0.1666667,0.695,2000
tep,1,0,MBW-LR,missing_events,0.25,0.3333333,0.695,2000
tep,1,0,MBW-LR,missing_events,0.25,0.5,0.803,2000
tep,1,0,MBW-LR,missing_events,0.25,0.6666667,0.892,2000
tep,1,0,MBW-LR,missing_events,0.25,0.8333333,0.9255,2000
tep,1,0,MBW-LR,missing_events,0.25,1.0,0.943,2000
tep,1,0,MBW-LR,missing_events,0.3,0.1666667,0.68,2000
tep,1,0,MBW-LR,missing_events,0.3,0.3333333,0.68,2000
tep,1,0,MBW-LR,missing_events,0.3,0.5,0.805,2000
tep,1,0,MBW-LR,missing_events,0.3,0.6666667,0.883,2000
tep,1,0,MBW-LR,missing_events,0.3,0.8333333,0.9205,2000
tep,1,0,MBW-LR,missing_events,0.3,1.0,0.928,2000
tep,1,0,MBW-LR,missing_events,0.4,0.1666667,0.643,2000
tep,1,0,MBW-LR,missing_events,0.4,0.3333333,0.643,2000
tep,1,0,MBW-LR,missing_events,0.4,0.5,0.776,2000
tep,1,0,MBW-LR,missing_events,0.4,0.6666667,0.863,2000
tep,1,0,MBW-LR,missing_events,0.4,0.8333333,0.913,2000
tep,1,0,MBW-LR,missing_events,0.4,1.0,0.9095,2000
tep,1,0,MBW-LR,missing_events,0.5,0.1666667,0.593,2000
tep,1,0,MBW-LR,missing_events,0.5,0.3333333,0.593,2000
tep,1,0,MBW-LR,missing_events,0.5,0.5,0.736,2000
tep,1,0,MBW-LR,missing_events,0.5,0.6666667,0.844,2000
tep,1,0,MBW-LR,missing_events,0.5,0.8333333,0.9005,2000
tep,1,0,MBW-LR,missing_events,0.5,1.0,0.893,2000
tep,1,0,MBW-LR,missing_events,0.6,0.1666667,0.5725,2000
tep,1,0,MBW-LR,missing_events,0.6,0.3333333,0.5725,2000
tep,1,0,MBW-LR,missing_events,0.6,0.5,0.7025,2000
tep,1,0,MBW-LR,missing_events,0.6,0.6666667,0.797,2000
tep,1,0,MBW-LR,missing_events,0.6,0.8333333,0.8585,2000
tep,1,0,MBW-LR,missing_events,0.6,1.0,0.8685,2000
tep,1,0,MBW-LR,missing_events,0.7,0.1666667,0.5045,2000
tep,1,0,MBW-LR,missing_events,0.7,0.3333333,0.5045,2000
tep,1,0,MBW-LR,missing_events,0.7,0.5,0.6695,2000
tep,1,0,MBW-LR,missing_events,0.7,0.6666667,0.7705,2000
tep,1,0,MBW-LR,missing_events,0.7,0.8333333,0.837,2000
tep,1,0,MBW-LR,missing_events,0.7,1.0,0.849,2000
tep,1,0,MBW-LR,missing_events,0.8,0.1666667,0.447,2000
tep,1,0,MBW-LR,missing_events,0.8,0.3333333,0.447,2000
tep,1,0,MBW-LR,missing_events,0.8,0.5,0.5995,2000
tep,1,0,MBW-LR,missing_events,0.8,0.6666667,0.6965,2000
tep,1,0,MBW-LR,missing_events,0.8,0.8333333,0.778,2000
tep,1,0,MBW-LR,missing_events,0.8,1.0,0.784,2000
tep,1,0,MBW-LR,missing_events,0.9,0.1666667,0.358,2000
tep,1,0,MBW-LR,missing_events,0.9,0.3333333,0.358,2000
tep,1,0,MBW-LR,missing_events,0.9,0.5,0.499,2000
tep,1,0,MBW-LR,missing_events,0.9,0.6666667,0.5765,2000
tep,1,0,MBW-LR,missing_events,0.9,0.8333333,0.649,2000
tep,1,0,MBW-LR,missing_events,0.9,1.0,0.6875,2000
tep,1,0,MBW-LR,mixed_missing_spurious,0.0,0.1666667,0.75,2000
tep,1,0,MBW-LR,mixed_missing_spurious,0.0,0.3333333,0.75,2000
tep,1,0,MBW-LR,mixed_missing_spurious,0.0,0.5,0.84,2000
tep,1,0,MBW-LR,mixed_missing_spurious,0.0,0.6666667,0.935,2000
tep,1,0,MBW-LR,mixed_missing_spurious,0.0,0.8333333,0.96,2000
tep,1,0,MBW-LR,mixed_missing_spurious,0.0,1.0,0.98,2000
tep,1,0,MBW-LR,mixed_missing_spurious,0.05,0.1666667,0.697,2000
tep,1,0,MBW-LR,mixed_missing_spurious,0.05,0.3333333,0.697,2000
tep,1,0,MBW-LR,mixed_missing_spurious,0.05,0.5,0.792,2000
tep,1,0,MBW-LR,mixed_missing_spurious,0.05,0.6666667,0.874,2000
tep,1,0,MBW-LR,mixed_missing_spurious,0.05,0.8333333,0.914,2000
tep,1,0,MBW-LR,mixed_missing_spurious,0.05,1.0,0.951,2000
tep,1,0,MBW-LR,mixed_missing_spurious,0.1,0.1666667,0.6525,2000
tep,1,0,MBW-LR,mixed_missing_spurious,0.1,0.3333333,0.6525,2000
tep,1,0,MBW-LR,mixed_missing_spurious,0.1,0.5,0.7505,2000
tep,1,0,MBW-LR,mixed_missing_spurious,0.1,0.6666667,0.826,2000
tep,1,0,MBW-LR,mixed_missing_spurious,0.1,0.8333333,0.87,2000
tep,1,0,MBW-LR,mixed_missing_spurious,0.1,1.0,0.9095,2000
tep,1,0,MBW-LR,mixed_missing_spurious,0.15,0.1666667,0.6315,2000
tep,1,0,MBW-LR,mixed_missing_spurious,0.15,0.3333333,0.6315,2000
tep,1,0,MBW-LR,mixed_missing_spurious,0.15,0.5,0.706,2000
tep,1,0,MBW-LR,mixed_missing_spurious,0.15,0.6666667,0.7715,2000
tep,1,0,MBW-LR,mixed_missing_spurious,0.15,0.8333333,0.822,2000
tep,1,0,MBW-LR,mixed_missing_spurious,0.15,1.0,0.867,2000
tep,1,0,MBW-LR,mixed_missing_spurious,0.2,0.1666667,0.599,2000
tep,1,0,MBW-LR,mixed_missing_spurious,0.2,0.3333333,0.599,2000
tep,1,0,MBW-LR,mixed_missing_spurious,0.2,0.5,0.6875,2000
tep,1,0,MBW-LR,mixed_missing_spurious,0.2,0.6666667,0.749,2000
tep,1,0,MBW-LR,mixed_missing_spurious,0.2,0.8333333,0.787,2000
tep,1,0,MBW-LR,mixed_missing_spurious,0.2,1.0,0.824,2000
tep,1,0,MBW-LR,mixed_missing_spurious,0.25,0.1666667,0.571,2000
tep,1,0,MBW-LR,mixed_missing_spurious,0.25,0.3333333,0.571,2000
tep,1,0,MBW-LR,mixed_missing_spurious,0.25,0.5,0.634,2000
tep,1,0,MBW-LR,mixed_missing_spurious,0.25,0.6666667,0.693,2000
tep,1,0,MBW-LR,mixed_missing_spurious,0.25,0.8333333,0.746,2000
tep,1,0,MBW-LR,mixed_missing_spurious,0.25,1.0,0.779,2000
tep,1,0,MBW-LR,mixed_missing_spurious,0.3,0.1666667,0.5675,2000
tep,1,0,MBW-LR,mixed_missing_spurious,0.3,0.3333333,0.5675,2000
tep,1,0,MBW-LR,mixed_missing_spurious,0.3,0.5,0.636,2000
tep,1,0,MBW-LR,mixed_missing_spurious,0.3,0.6666667,0.684,2000
tep,1,0,MBW-LR,mixed_missing_spurious,0.3,0.8333333,0.732,2000
tep,1,0,MBW-LR,mixed_missing_spurious,0.3,1.0,0.762,2000
tep,1,0,MBW-LR,mixed_missing_spurious,0.4,0.1666667,0.532,2000
tep,1,0,MBW-LR,mixed_missing_spurious,0.4,0.3333333,0.532,2000
tep,1,0,MBW-LR,mixed_missing_spurious,0.4,0.5,0.5865,2000
tep,1,0,MBW-LR,mixed_missing_spurious,0.4,0.6666667,0.644,2000
tep,1,0,MBW-LR,mixed_missing_spurious,0.4,0.8333333,0.681,2000
tep,1,0,MBW-LR,mixed_missing_spurious,0.4,1.0,0.695,2000
tep,1,0,MBW-LR,mixed_missing_spurious,0.5,0.1666667,0.4795,2000
tep,1,0,MBW-LR,mixed_missing_spurious,0.5,0.3333333,0.4795,2000
tep,1,0,MBW-LR,mixed_missing_spurious,0.5,0.5,0.5265,2000
tep,1,0,MBW-LR,mixed_missing_spurious,0.5,0.6666667,0.5775,2000
tep,1,0,MBW-LR,mixed_missing_spurious,0.5,0.8333333,0.6285,2000
tep,1,0,MBW-LR,mixed_missing_spurious,0.5,1.0,0.6405,2000
tep,1,0,MBW-LR,mixed_missing_spurious,0.6,0.1666667,0.4595,2000
tep,1,0,MBW-LR,mixed_missing_spurious,0.6,0.3333333,0.4595,2000
tep,1,0,MBW-LR,mixed_missing_spurious,0.6,0.5,0.521,2000
tep,1,0,MBW-LR,mixed_missing_spurious,0.6,0.6666667,0.5715,2000
tep,1,0,MBW-LR,mixed_missing_spurious,0.6,0.8333333,0.614,2000
tep,1,0,MBW-LR,mixed_missing_spurious,0.6,1.0,0.6155,2000
tep,1,0,MBW-LR,mixed_missing_spurious,0.7,0.1666667,0.4545,2000
tep,1,0,MBW-LR,mixed_missing_spurious,0.7,0.3333333,0.4545,2000
tep,1,0,MBW-LR,mixed_missing_spurious,0.7,0.5,0.503,2000
tep,1,0,MBW-LR,mixed_missing_spurious,0.7,0.6666667,0.539,2000
tep,1,0,MBW-LR,mixed_missing_spurious,0.7,0.8333333,0.5775,2000
tep,1,0,MBW-LR,mixed_missing_spurious,0.7,1.0,0.5845,2000
tep,1,0,MBW-LR,mixed_missing_spurious,0.8,0.1666667,0.3935,2000
tep,1,0,MBW-LR,mixed_missing_spurious,0.8,0.3333333,0.3935,2000
tep,1,0,MBW-LR,mixed_missing_spurious,0.8,0.5,0.451,2000
tep,1,0,MBW-LR,mixed_missing_spurious,0.8,0.6666667,0.5,2000
tep,1,0,MBW-LR,mixed_missing_spurious,0.8,0.8333333,0.544,2000
tep,1,0,MBW-LR,mixed_missing_spurious,0.8,1.0,0.5535,2000
tep,1,0,MBW-LR,mixed_missing_spurious,0.9,0.1666667,0.3535,2000
tep,1,0,MBW-LR,mixed_missing_spurious,0.9,0.3333333,0.3535,2000
tep,1,0,MBW-LR,mixed_missing_spurious,0.9,0.5,0.416,2000
tep,1,0,MBW-LR,mixed_missing_spurious,0.9,0.6666667,0.4365,2000
tep,1,0,MBW-LR,mixed_missing_spurious,0.9,0.8333333,0.472,2000
tep,1,0,MBW-LR,mixed_missing_spurious,0.9,1.0,0.5075,2000
tep,1,0,MBW-LR,mixed_spurious_timing_late,0.0,0.1666667,0.75,2000
tep,1,0,MBW-LR,mixed_spurious_timing_late,0.0,0.3333333,0.75,2000
tep,1,0,MBW-LR,mixed_spurious_timing_late,0.0,0.5,0.84,2000
tep,1,0,MBW-LR,mixed_spurious_timing_late,0.0,0.6666667,0.935,2000
tep,1,0,MBW-LR,mixed_spurious_timing_late,0.0,0.8333333,0.96,2000
tep,1,0,MBW-LR,mixed_spurious_timing_late,0.0,1.0,0.98,2000
tep,1,0,MBW-LR,mixed_spurious_timing_late,0.05,0.1666667,0.584,2000
tep,1,0,MBW-LR,mixed_spurious_timing_late,0.05,0.3333333,0.584,2000
tep,1,0,MBW-LR,mixed_spurious_timing_late,0.05,0.5,0.763,2000
tep,1,0,MBW-LR,mixed_spurious_timing_late,0.05,0.6666667,0.8835,2000
tep,1,0,MBW-LR,mixed_spurious_timing_late,0.05,0.8333333,0.9185,2000
tep,1,0,MBW-LR,mixed_spurious_timing_late,0.05,1.0,0.9495,2000
tep,1,0,MBW-LR,mixed_spurious_timing_late,0.1,0.1666667,0.7085,2000
tep,1,0,MBW-LR,mixed_spurious_timing_late,0.1,0.3333333,0.7085,2000
tep,1,0,MBW-LR,mixed_spurious_timing_late,0.1,0.5,0.802,2000
tep,1,0,MBW-LR,mixed_spurious_timing_late,0.1,0.6666667,0.864,2000
tep,1,0,MBW-LR,mixed_spurious_timing_late,0.1,0.8333333,0.899,2000
tep,1,0,MBW-LR,mixed_spurious_timing_late,0.1,1.0,0.9275,2000
tep,1,0,MBW-LR,mixed_spurious_timing_late,0.15,0.1666667,0.5565,2000
tep,1,0,MBW-LR,mixed_spurious_timing_late,0.15,0.3333333,0.5565,2000
tep,1,0,MBW-LR,mixed_spurious_timing_late,0.15,0.5,0.7045,2000
tep,1,0,MBW-LR,mixed_spurious_timing_late,0.15,0.6666667,0.838,2000
tep,1,0,MBW-LR,mixed_spurious_timing_late,0.15,0.8333333,0.859,2000
tep,1,0,MBW-LR,mixed_spurious_timing_late,0.15,1.0,0.8875,2000
tep,1,0,MBW-LR,mixed_spurious_timing_late,0.2,0.1666667,0.4945,2000
tep,1,0,MBW-LR,mixed_spurious_timing_late,0.2,0.3333333,0.4945,2000
tep,1,0,MBW-LR,mixed_spurious_timing_late,0.2,0.5,0.6715,2000
tep,1,0,MBW-LR,mixed_spurious_timing_late,0.2,0.6666667,0.808,2000
tep,1,0,MBW-LR,mixed_spurious_timing_late,0.2,0.8333333,0.808,2000
tep,1,0,MBW-LR,mixed_spurious_timing_late,0.2,1.0,0.85,2000
tep,1,0,MBW-LR,mixed_spurious_timing_late,0.25,0.1666667,0.5195,2000
tep,1,0,MBW-LR,mixed_spurious_timing_late,0.25,0.3333333,0.5195,2000
tep,1,0,MBW-LR,mixed_spurious_timing_late,0.25,0.5,0.6725,2000
tep,1,0,MBW-LR,mixed_spurious_timing_late,0.25,0.6666667,0.6725,2000
tep,1,0,MBW-LR,mixed_spurious_timing_late,0.25,0.8333333,0.787,2000
tep,1,0,MBW-LR,mixed_spurious_timing_late,0.25,1.0,0.804,2000
tep,1,0,MBW-LR,mixed_spurious_timing_late,0.3,0.1666667,0.556,2000
tep,1,0,MBW-LR,mixed_spurious_timing_late,0.3,0.3333333,0.556,2000
tep,1,0,MBW-LR,mixed_spurious_timing_late,0.3,0.5,0.726,2000
tep,1,0,MBW-LR,mixed_spurious_timing_late,0.3,0.6666667,0.726,2000
tep,1,0,MBW-LR,mixed_spurious_timing_late,0.3,0.8333333,0.7735,2000
tep,1,0,MBW-LR,mixed_spurious_timing_late,0.3,1.0,0.783,2000
tep,1,0,MBW-LR,mixed_spurious_timing_late,0.4,0.1666667,0.5605,2000
tep,1,0,MBW-LR,mixed_spurious_timing_late,0.4,0.3333333,0.5605,2000
tep,1,0,MBW-LR,mixed_spurious_timing_late,0.4,0.5,0.5605,2000
tep,1,0,MBW-LR,mixed_spurious_timing_late,0.4,0.6666667,0.685,2000
tep,1,0,MBW-LR,mixed_spurious_timing_late,0.4,0.8333333,0.685,2000
tep,1,0,MBW-LR,mixed_spurious_timing_late,0.4,1.0,0.7085,2000
tep,1,0,MBW-LR,mixed_spurious_timing_late,0.5,0.1666667,0.598,2000
tep,1,0,MBW-LR,mixed_spurious_timing_late,0.5,0.3333333,0.598,2000
tep,1,0,MBW-LR,mixed_spurious_timing_late,0.5,0.5,0.598,2000
tep,1,0,MBW-LR,mixed_spurious_timing_late,0.5,0.6666667,0.598,2000
tep,1,0,MBW-LR,mixed_spurious_timing_late,0.5,0.8333333,0.6385,2000
tep,1,0,MBW-LR,mixed_spurious_timing_late,0.5,1.0,0.657,2000
tep,1,0,MBW-LR,mixed_spurious_timing_late,0.6,0.1666667,0.525,2000
tep,1,0,MBW-LR,mixed_spurious_timing_late,0.6,0.3333333,0.525,2000
tep,1,0,MBW-LR,mixed_spurious_timing_late,0.6,0.5,0.525,2000
tep,1,0,MBW-LR,mixed_spurious_timing_late,0.6,0.6666667,0.525,2000
tep,1,0,MBW-LR,mixed_spurious_timing_late,0.6,0.8333333,0.525,2000
tep,1,0,MBW-LR,mixed_spurious_timing_late,0.6,1.0,0.5495,2000
tep,1,0,MBW-LR,mixed_spurious_timing_late,0.7,0.1666667,0.4455,2000
tep,1,0,MBW-LR,mixed_spurious_timing_late,0.7,0.3333333,0.4455,2000
tep,1,0,MBW-LR,mixed_spurious_timing_late,0.7,0.5,0.4455,2000
tep,1,0,MBW-LR,mixed_spurious_timing_late,0.7,0.6666667,0.4455,2000
tep,1,0,MBW-LR,mixed_spurious_timing_late,0.7,0.8333333,0.4455,2000
tep,1,0,MBW-LR,mixed_spurious_timing_late,0.7,1.0,0.453,2000
tep,1,0,MBW-LR,mixed_spurious_timing_late,0.8,0.1666667,0.417,2000
tep,1,0,MBW-LR,mixed_spurious_timing_late,0.8,0.3333333,0.417,2000
tep,1,0,MBW-LR,mixed_spurious_timing_late,0.8,0.5,0.417,2000
tep,1,0,MBW-LR,mixed_spurious_timing_late,0.8,0.6666667,0.417,2000
tep,1,0,MBW-LR,mixed_spurious_timing_late,0.8,0.8333333,0.417,2000
tep,1,0,MBW-LR,mixed_spurious_timing_late,0.8,1.0,0.4105,2000
tep,1,0,MBW-LR,mixed_spurious_timing_late,0.9,0.1666667,0.3965,2000
tep,1,0,MBW-LR,mixed_spurious_timing_late,0.9,0.3333333,0.3965,2000
tep,1,0,MBW-LR,mixed_spurious_timing_late,0.9,0.5,0.3965,2000
tep,1,0,MBW-LR,mixed_spurious_timing_late,0.9,0.6666667,0.3965,2000
tep,1,0,MBW-LR,mixed_spurious_timing_late,0.9,0.8333333,0.3965,2000
tep,1,0,MBW-LR,mixed_spurious_timing_late,0.9,1.0,0.3965,2000
tep,1,0,MBW-LR,spurious_events,0.0,0.1666667,0.75,2000
tep,1,0,MBW-LR,spurious_events,0.0,0.3333333,0.75,2000
tep,1,0,MBW-LR,spurious_events,0.0,0.5,0.84,2000
tep,1,0,MBW-LR,spurious_events,0.0,0.6666667,0.935,2000
tep,1,0,MBW-LR,spurious_events,0.0,0.8333333,0.96,2000
tep,1,0,MBW-LR,spurious_events,0.0,1.0,0.98,2000
tep,1,0,MBW-LR,spurious_events,0.05,0.1666667,0.71,2000
tep,1,0,MBW-LR,spurious_events,0.05,0.3333333,0.71,2000
tep,1,0,MBW-LR,spurious_events,0.05,0.5,0.7965,2000
tep,1,0,MBW-LR,spurious_events,0.05,0.6666667,0.878,2000
tep,1,0,MBW-LR,spurious_events,0.05,0.8333333,0.909,2000
tep,1,0,MBW-LR,spurious_events,0.05,1.0,0.951,2000
tep,1,0,MBW-LR,spurious_events,0.1,0.1666667,0.6525,2000
tep,1,0,MBW-LR,spurious_events,0.1,0.3333333,0.6525,2000
tep,1,0,MBW-LR,spurious_events,0.1,0.5,0.7545,2000
tep,1,0,MBW-LR,spurious_events,0.1,0.6666667,0.818,2000
tep,1,0,MBW-LR,spurious_events,0.1,0.8333333,0.8545,2000
tep,1,0,MBW-LR,spurious_events,0.1,1.0,0.905,2000
tep,1,0,MBW-LR,spurious_events,0.15,0.1666667,0.634,2000
tep,1,0,MBW-LR,spurious_events,0.15,0.3333333,0.634,2000
tep,1,0,MBW-LR,spurious_events,0.15,0.5,0.7235,2000
tep,1,0,MBW-LR,spurious_events,0.15,0.6666667,0.779,2000
tep,1,0,MBW-LR,spurious_events,0.15,0.8333333,0.809,2000
tep,1,0,MBW-LR,spurious_events,0.15,1.0,0.8695,2000
tep,1,0,MBW-LR,spurious_events,0.2,0.1666667,0.5895,2000
tep,1,0,MBW-LR,spurious_events,0.2,0.3333333,0.5895,2000
tep,1,0,MBW-LR,spurious_events,0.2,0.5,0.66,2000
tep,1,0,MBW-LR,spurious_events,0.2,0.6666667,0.7115,2000
tep,1,0,MBW-LR,spurious_events,0.2,0.8333333,0.7555,2000
tep,1,0,MBW-LR,spurious_events,0.2,1.0,0.813,2000
tep,1,0,MBW-LR,spurious_events,0.25,0.1666667,0.569,2000
tep,1,0,MBW-LR,spurious_events,0.25,0.3333333,0.569,2000
tep,1,0,MBW-LR,spurious_events,0.25,0.5,0.631,2000
tep,1,0,MBW-LR,spurious_events,0.25,0.6666667,0.6765,2000
tep,1,0,MBW-LR,spurious_events,0.25,0.8333333,0.711,2000
tep,1,0,MBW-LR,spurious_events,0.25,1.0,0.7615,2000
tep,1,0,MBW-LR,spurious_events,0.3,0.1666667,0.5525,2000
tep,1,0,MBW-LR,spurious_events,0.3,0.3333333,0.5525,2000
tep,1,0,MBW-LR,spurious_events,0.3,0.5,0.597,2000
tep,1,0,MBW-LR,spurious_events,0.3,0.6666667,0.6335,2000
tep,1,0,MBW-LR,spurious_events,0.3,0.8333333,0.674,2000
tep,1,0,MBW-LR,spurious_events,0.3,1.0,0.736,2000
tep,1,0,MBW-LR,spurious_events,0.4,0.1666667,0.497,2000
tep,1,0,MBW-LR,spurious_events,0.4,0.3333333,0.497,2000
tep,1,0,MBW-LR,spurious_events,0.4,0.5,0.5475,2000
tep,1,0,MBW-LR,spurious_events,0.4,0.6666667,0.577,2000
tep,1,0,MBW-LR,spurious_events,0.4,0.8333333,0.605,2000
tep,1,0,MBW-LR,spurious_events,0.4,1.0,0.668,2000
tep,1,0,MBW-LR,spurious_events,0.5,0.1666667,0.4825,2000
tep,1,0,MBW-LR,spurious_events,0.5,0.3333333,0.4825,2000
tep,1,0,MBW-LR,spurious_events,0.5,0.5,0.504,2000
tep,1,0,MBW-LR,spurious_events,0.5,0.6666667,0.5385,2000
tep,1,0,MBW-LR,spurious_events,0.5,0.8333333,0.557,2000
tep,1,0,MBW-LR,spurious_events,0.5,1.0,0.599,2000
tep,1,0,MBW-LR,spurious_events,0.6,0.1666667,0.444,2000
tep,1,0,MBW-LR,spurious_events,0.6,0.3333333,0.444,2000
tep,1,0,MBW-LR,spurious_events,0.6,0.5,0.478,2000
tep,1,0,MBW-LR,spurious_events,0.6,0.6666667,0.502,2000
tep,1,0,MBW-LR,spurious_events,0.6,0.8333333,0.523,2000
tep,1,0,MBW-LR,spurious_events,0.6,1.0,0.561,2000
tep,1,0,MBW-LR,spurious_events,0.7,0.1666667,0.4265,2000
tep,1,0,MBW-LR,spurious_events,0.7,0.3333333,0.4265,2000
tep,1,0,MBW-LR,spurious_events,0.7,0.5,0.44,2000
tep,1,0,MBW-LR,spurious_events,0.7,0.6666667,0.456,2000
tep,1,0,MBW-LR,spurious_events,0.7,0.8333333,0.467,2000
tep,1,0,MBW-LR,spurious_events,0.7,1.0,0.5005,2000
tep,1,0,MBW-LR,spurious_events,0.8,0.1666667,0.429,2000
tep,1,0,MBW-LR,spurious_events,0.8,0.3333333,0.429,2000
tep,1,0,MBW-LR,spurious_events,0.8,0.5,0.431,2000
tep,1,0,MBW-LR,spurious_events,0.8,0.6666667,0.4295,2000
tep,1,0,MBW-LR,spurious_events,0.8,0.8333333,0.4415,2000
tep,1,0,MBW-LR,spurious_events,0.8,1.0,0.47,2000
tep,1,0,MBW-LR,spurious_events,0.9,0.1666667,0.395,2000
tep,1,0,MBW-LR,spurious_events,0.9,0.3333333,0.395,2000
tep,1,0,MBW-LR,spurious_events,0.9,0.5,0.411,2000
tep,1,0,MBW-LR,spurious_events,0.9,0.6666667,0.4185,2000
tep,1,0,MBW-LR,spurious_events,0.9,0.8333333,0.418,2000
tep,1,0,MBW-LR,spurious_events,0.9,1.0,0.436,2000
tep,1,0,MBW-LR,timing_uncertainty,0.0,0.1666667,0.75,2000
tep,1,0,MBW-LR,timing_uncertainty,0.0,0.3333333,0.75,2000
tep,1,0,MBW-LR,timing_uncertainty,0.0,0.5,0.84,2000
tep,1,0,MBW-LR,timing_uncertainty,0.0,0.6666667,0.935,2000
tep,1,0,MBW-LR,timing_uncertainty,0.0,0.8333333,0.96,2000
tep,1,0,MBW-LR,timing_uncertainty,0.0,1.0,0.98,2000
tep,1,0,MBW-LR,timing_uncertainty,0.05,0.1666667,0.7505,2000
tep,1,0,MBW-LR,timing_uncertainty,0.05,0.3333333,0.7505,2000
tep,1,0,MBW-LR,timing_uncertainty,0.05,0.5,0.842,2000
tep,1,0,MBW-LR,timing_uncertainty,0.05,0.6666667,0.933,2000
tep,1,0,MBW-LR,timing_uncertainty,0.05,0.8333333,0.9595,2000
tep,1,0,MBW-LR,timing_uncertainty,0.05,1.0,0.9805,2000
tep,1,0,MBW-LR,timing_uncertainty,0.1,0.1666667,0.7475,2000
tep,1,0,MBW-LR,timing_uncertainty,0.1,0.3333333,0.7475,2000
tep,1,0,MBW-LR,timing_uncertainty,0.1,0.5,0.8415,2000
tep,1,0,MBW-LR,timing_uncertainty,0.1,0.6666667,0.931,2000
tep,1,0,MBW-LR,timing_uncertainty,0.1,0.8333333,0.9625,2000
tep,1,0,MBW-LR,timing_uncertainty,0.1,1.0,0.9815,2000
tep,1,0,MBW-LR,timing_uncertainty,0.15,0.1666667,0.74,2000
tep,1,0,MBW-LR,timing_uncertainty,0.15,0.3333333,0.74,2000
tep,1,0,MBW-LR,timing_uncertainty,0.15,0.5,0.836,2000
tep,1,0,MBW-LR,timing_uncertainty,0.15,0.6666667,0.9215,2000
tep,1,0,MBW-LR,timing_uncertainty,0.15,0.8333333,0.954,2000
tep,1,0,MBW-LR,timing_uncertainty,0.15,1.0,0.974,2000
tep,1,0,MBW-LR,timing_uncertainty,0.2,0.1666667,0.7425,2000
tep,1,0,MBW-LR,timing_uncertainty,0.2,0.3333333,0.7425,2000
tep,1,0,MBW-LR,timing_uncertainty,0.2,0.5,0.829,2000
tep,1,0,MBW-LR,timing_uncertainty,0.2,0.6666667,0.911,2000
tep,1,0,MBW-LR,timing_uncertainty,0.2,0.8333333,0.9445,2000
tep,1,0,MBW-LR,timing_uncertainty,0.2,1.0,0.969,2000
tep,1,0,MBW-LR,timing_uncertainty,0.25,0.1666667,0.7255,2000
tep,1,0,MBW-LR,timing_uncertainty,0.25,0.3333333,0.7255,2000
tep,1,0,MBW-LR,timing_uncertainty,0.25,0.5,0.833,2000
tep,1,0,MBW-LR,timing_uncertainty,0.25,0.6666667,0.908,2000
tep,1,0,MBW-LR,timing_uncertainty,0.25,0.8333333,0.94,2000
tep,1,0,MBW-LR,timing_uncertainty,0.25,1.0,0.964,2000
tep,1,0,MBW-LR,timing_uncertainty,0.3,0.1666667,0.7335,2000
tep,1,0,MBW-LR,timing_uncertainty,0.3,0.3333333,0.7335,2000
tep,1,0,MBW-LR,timing_uncertainty,0.3,0.5,0.8295,2000
tep,1,0,MBW-LR,timing_uncertainty,0.3,0.6666667,0.898,2000
tep,1,0,MBW-LR,timing_uncertainty,0.3,0.8333333,0.925,2000
tep,1,0,MBW-LR,timing_uncertainty,0.3,1.0,0.95,2000
tep,1,0,MBW-LR,timing_uncertainty,0.4,0.1666667,0.72,2000
tep,1,0,MBW-LR,timing_uncertainty,0.4,0.3333333,0.72,2000
tep,1,0,MBW-LR,timing_uncertainty,0.4,0.5,0.814,2000
tep,1,0,MBW-LR,timing_uncertainty,0.4,0.6666667,0.878,2000
tep,1,0,MBW-LR,timing_uncertainty,0.4,0.8333333,0.909,2000
tep,1,0,MBW-LR,timing_uncertainty,0.4,1.0,0.937,2000
tep,1,0,MBW-LR,timing_uncertainty,0.5,0.1666667,0.716,2000
tep,1,0,MBW-LR,timing_uncertainty,0.5,0.3333333,0.716,2000
tep,1,0,MBW-LR,timing_uncertainty,0.5,0.5,0.828,2000
tep,1,0,MBW-LR,timing_uncertainty,0.5,0.6666667,0.8815,2000
tep,1,0,MBW-LR,timing_uncertainty,0.5,0.8333333,0.9095,2000
tep,1,0,MBW-LR,timing_uncertainty,0.5,1.0,0.935,2000
tep,1,0,MBW-LR,timing_uncertainty,0.6,0.1666667,0.725,2000
tep,1,0,MBW-LR,timing_uncertainty,0.6,0.3333333,0.725,2000
tep,1,0,MBW-LR,timing_uncertainty,0.6,0.5,0.825,2000
tep,1,0,MBW-LR,timing_uncertainty,0.6,0.6666667,0.8845,2000
tep,1,0,MBW-LR,timing_uncertainty,0.6,0.8333333,0.912,2000
tep,1,0,MBW-LR,timing_uncertainty,0.6,1.0,0.9285,2000
tep,1,0,MBW-LR,timing_uncertainty,0.7,0.1666667,0.718,2000
tep,1,0,MBW-LR,timing_uncertainty,0.7,0.3333333,0.718,2000
tep,1,0,MBW-LR,timing_uncertainty,0.7,0.5,0.823,2000
tep,1,0,MBW-LR,timing_uncertainty,0.7,0.6666667,0.8875,2000
tep,1,0,MBW-LR,timing_uncertainty,0.7,0.8333333,0.904,2000
tep,1,0,MBW-LR,timing_uncertainty,0.7,1.0,0.923,2000
tep,1,0,MBW-LR,timing_uncertainty,0.8,0.1666667,0.7385,2000
tep,1,0,MBW-LR,timing_uncertainty,0.8,0.3333333,0.7385,2000
tep,1,0,MBW-LR,timing_uncertainty,0.8,0.5,0.8365,2000
tep,1,0,MBW-LR,timing_uncertainty,0.8,0.6666667,0.8745,2000
tep,1,0,MBW-LR,timing_uncertainty,0.8,0.8333333,0.902,2000
tep,1,0,MBW-LR,timing_uncertainty,0.8,1.0,0.9225,2000
tep,1,0,MBW-LR,timing_uncertainty,0.9,0.1666667,0.725,2000
tep,1,0,MBW-LR,timing_uncertainty,0.9,0.3333333,0.725,2000
tep,1,0,MBW-LR,timing_uncertainty,0.9,0.5,0.8335,2000
tep,1,0,MBW-LR,timing_uncertainty,0.9,0.6666667,0.882,2000
tep,1,0,MBW-LR,timing_uncertainty,0.9,0.8333333,0.902,2000
tep,1,0,MBW-LR,timing_uncertainty,0.9,1.0,0.9165,2000
tep,1,0,WDI-1NN,late_time_delay,0.0,0.1666667,0.445,2000
tep,1,0,WDI-1NN,late_time_delay,0.0,0.3333333,0.445,2000
tep,1,0,WDI-1NN,late_time_delay,0.0,0.5,0.49,2000
tep,1,0,WDI-1NN,late_time_delay,0.0,0.6666667,0.6,2000
tep,1,0,WDI-1NN,late_time_delay,0.0,0.8333333,0.755,2000
tep,1,0,WDI-1NN,late_time_delay,0.0,1.0,0.945,2000
tep,1,0,WDI-1NN,late_time_delay,0.05,0.1666667,0.465,2000
tep,1,0,WDI-1NN,late_time_delay,0.05,0.3333333,0.465,2000
tep,1,0,WDI-1NN,late_time_delay,0.05,0.5,0.485,2000
tep,1,0,WDI-1NN,late_time_delay,0.05,0.6666667,0.625,2000
tep,1,0,WDI-1NN,late_time_delay,0.05,0.8333333,0.775,2000
tep,1,0,WDI-1NN,late_time_delay,0.05,1.0,0.835,2000
tep,1,0,WDI-1NN,late_time_delay,0.1,0.1666667,0.48,2000
tep,1,0,WDI-1NN,late_time_delay,0.1,0.3333333,0.48,2000
tep,1,0,WDI-1NN,late_time_delay,0.1,0.5,0.5,2000
tep,1,0,WDI-1NN,late_time_delay,0.1,0.6666667,0.63,2000
tep,1,0,WDI-1NN,late_time_delay,0.1,0.8333333,0.805,2000
tep,1,0,WDI-1NN,late_time_delay,0.1,1.0,0.835,2000
tep,1,0,WDI-1NN,late_time_delay,0.15,0.1666667,0.445,2000
tep,1,0,WDI-1NN,late_time_delay,0.15,0.3333333,0.445,2000
tep,1,0,WDI-1NN,late_time_delay,0.15,0.5,0.505,2000
tep,1,0,WDI-1NN,late_time_delay,0.15,0.6666667,0.675,2000
tep,1,0,WDI-1NN,late_time_delay,0.15,0.8333333,0.8,2000
tep,1,0,WDI-1NN,late_time_delay,0.15,1.0,0.84,2000
tep,1,0,WDI-1NN,late_time_delay,0.2,0.1666667,0.415,2000
tep,1,0,WDI-1NN,late_time_delay,0.2,0.3333333,0.415,2000
tep,1,0,WDI-1NN,late_time_delay,0.2,0.5,0.465,2000
tep,1,0,WDI-1NN,late_time_delay,0.2,0.6666667,0.68,2000
tep,1,0,WDI-1NN,late_time_delay,0.2,0.8333333,0.68,2000
tep,1,0,WDI-1NN,late_time_delay,0.2,1.0,0.835,2000
tep,1,0,WDI-1NN,late_time_delay,0.25,0.1666667,0.4,2000
tep,1,0,WDI-1NN,late_time_delay,0.25,0.3333333,0.4,2000
tep,1,0,WDI-1NN,late_time_delay,0.25,0.5,0.495,2000
tep,1,0,WDI-1NN,late_time_delay,0.25,0.6666667,0.495,2000
tep,1,0,WDI-1NN,late_time_delay,0.25,0.8333333,0.705,2000
tep,1,0,WDI-1NN,late_time_delay,0.25,1.0,0.825,2000
tep,1,0,WDI-1NN,late_time_delay,0.3,0.1666667,0.375,2000
tep,1,0,WDI-1NN,late_time_delay,0.3,0.3333333,0.375,2000
tep,1,0,WDI-1NN,late_time_delay,0.3,0.5,0.515,2000
tep,1,0,WDI-1NN,late_time_delay,0.3,0.6666667,0.515,2000
tep,1,0,WDI-1NN,late_time_delay,0.3,0.8333333,0.7,2000
tep,1,0,WDI-1NN,late_time_delay,0.3,1.0,0.82,2000
tep,1,0,WDI-1NN,late_time_delay,0.4,0.1666667,0.355,2000
tep,1,0,WDI-1NN,late_time_delay,0.4,0.3333333,0.355,2000
tep,1,0,WDI-1NN,late_time_delay,0.4,0.5,0.355,2000
tep,1,0,WDI-1NN,late_time_delay,0.4,0.6666667,0.545,2000
tep,1,0,WDI-1NN,late_time_delay,0.4,0.8333333,0.545,2000
tep,1,0,WDI-1NN,late_time_delay,0.4,1.0,0.78,2000
tep,1,0,WDI-1NN,late_time_delay,0.5,0.1666667,0.41,2000
tep,1,0,WDI-1NN,late_time_delay,0.5,0.3333333,0.41,2000
tep,1,0,WDI-1NN,late_time_delay,0.5,0.5,0.41,2000
tep,1,0,WDI-1NN,late_time_delay,0.5,0.6666667,0.41,2000
tep,1,0,WDI-1NN,late_time_delay,0.5,0.8333333,0.54,2000
tep,1,0,WDI-1NN,late_time_delay,0.5,1.0,0.645,2000
tep,1,0,WDI-1NN,late_time_delay,0.6,0.1666667,0.445,2000
tep,1,0,WDI-1NN,late_time_delay,0.6,0.3333333,0.445,2000
tep,1,0,WDI-1NN,late_time_delay,0.6,0.5,0.445,2000
tep,1,0,WDI-1NN,late_time_delay,0.6,0.6666667,0.445,2000
tep,1,0,WDI-1NN,late_time_delay,0.6,0.8333333,0.445,2000
tep,1,0,WDI-1NN,late_time_delay,0.6,1.0,0.555,2000
tep,1,0,WDI-1NN,late_time_delay,0.7,0.1666667,0.495,2000
tep,1,0,WDI-1NN,late_time_delay,0.7,0.3333333,0.495,2000
tep,1,0,WDI-1NN,late_time_delay,0.7,0.5,0.495,2000
tep,1,0,WDI-1NN,late_time_delay,0.7,0.6666667,0.495,2000
tep,1,0,WDI-1NN,late_time_delay,0.7,0.8333333,0.495,2000
tep,1,0,WDI-1NN,late_time_delay,0.7,1.0,0.49,2000
tep,1,0,WDI-1NN,late_time_delay,0.8,0.1666667,0.5,2000
tep,1,0,WDI-1NN,late_time_delay,0.8,0.3333333,0.5,2000
tep,1,0,WDI-1NN,late_time_delay,0.8,0.5,0.5,2000
tep,1,0,WDI-1NN,late_time_delay,0.8,0.6666667,0.5,2000
tep,1,0,WDI-1NN,late_time_delay,0.8,0.8333333,0.5,2000
tep,1,0,WDI-1NN,late_time_delay,0.8,1.0,0.5,2000
tep,1,0,WDI-1NN,late_time_delay,0.9,0.1666667,0.475,2000
tep,1,0,WDI-1NN,late_time_delay,0.9,0.3333333,0.475,2000
tep,1,0,WDI-1NN,late_time_delay,0.9,0.5,0.475,2000
tep,1,0,WDI-1NN,late_time_delay,0.9,0.6666667,0.475,2000
tep,1,0,WDI-1NN,late_time_delay,0.9,0.8333333,0.475,2000
tep,1,0,WDI-1NN,late_time_delay,0.9,1.0,0.475,2000
tep,1,0,WDI-1NN,missing_events,0.0,0.1666667,0.445,2000
tep,1,0,WDI-1NN,missing_events,0.0,0.3333333,0.445,2000
tep,1,0,WDI-1NN,missing_events,0.0,0.5,0.49,2000
tep,1,0,WDI-1NN,missing_events,0.0,0.6666667,0.6,2000
tep,1,0,WDI-1NN,missing_events,0.0,0.8333333,0.755,2000
tep,1,0,WDI-1NN,missing_events,0.0,1.0,0.945,2000
tep,1,0,WDI-1NN,missing_events,0.05,0.1666667,0.4445,2000
tep,1,0,WDI-1NN,missing_events,0.05,0.3333333,0.4445,2000
tep,1,0,WDI-1NN,missing_events,0.05,0.5,0.4895,2000
tep,1,0,WDI-1NN,missing_events,0.05,0.6666667,0.592,2000
tep,1,0,WDI-1NN,missing_events,0.05,0.8333333,0.75,2000
tep,1,0,WDI-1NN,missing_events,0.05,1.0,0.9405,2000
tep,1,0,WDI-1NN,missing_events,0.1,0.1666667,0.4425,2000
tep,1,0,WDI-1NN,missing_events,0.1,0.3333333,0.4425,2000
tep,1,0,WDI-1NN,missing_events,0.1,0.5,0.487,2000
tep,1,0,WDI-1NN,missing_events,0.1,0.6666667,0.585,2000
tep,1,0,WDI-1NN,missing_events,0.1,0.8333333,0.739,2000
tep,1,0,WDI-1NN,missing_events,0.1,1.0,0.9275,2000
tep,1,0,WDI-1NN,missing_events,0.15,0.1666667,0.444,2000
tep,1,0,WDI-1NN,missing_events,0.15,0.3333333,0.444,2000
tep,1,0,WDI-1NN,missing_events,0.15,0.5,0.487,2000
tep,1,0,WDI-1NN,missing_events,0.15,0.6666667,0.573,2000
tep,1,0,WDI-1NN,missing_events,0.15,0.8333333,0.724,2000
tep,1,0,WDI-1NN,missing_events,0.15,1.0,0.93,2000
tep,1,0,WDI-1NN,missing_events,0.2,0.1666667,0.4425,2000
tep,1,0,WDI-1NN,missing_events,0.2,0.3333333,0.4425,2000
tep,1,0,WDI-1NN,missing_events,0.2,0.5,0.4805,2000
tep,1,0,WDI-1NN,missing_events,0.2,0.6666667,0.562,2000
tep,1,0,WDI-1NN,missing_events,0.2,0.8333333,0.72,2000
tep,1,0,WDI-1NN,missing_events,0.2,1.0,0.9265,2000
tep,1,0,WDI-1NN,missing_events,0.25,0.1666667,0.4385,2000
tep,1,0,WDI-1NN,missing_events,0.25,0.3333333,0.4385,2000
tep,1,0,WDI-1NN,missing_events,0.25,0.5,0.473,2000
tep,1,0,WDI-1NN,missing_events,0.25,0.6666667,0.545,2000
tep,1,0,WDI-1NN,missing_events,0.25,0.8333333,0.696,2000
tep,1,0,WDI-1NN,missing_events,0.25,1.0,0.912,2000
tep,1,0,WDI-1NN,missing_events,0.3,0.1666667,0.438,2000
tep,1,0,WDI-1NN,missing_events,0.3,0.3333333,0.438,2000
tep,1,0,WDI-1NN,missing_events,0.3,0.5,0.471,2000
tep,1,0,WDI-1NN,missing_events,0.3,0.6666667,0.5325,2000
tep,1,0,WDI-1NN,missing_events,0.3,0.8333333,0.6945,2000
tep,1,0,WDI-1NN,missing_events,0.3,1.0,0.9125,2000
tep,1,0,WDI-1NN,missing_events,0.4,0.1666667,0.4265,2000
tep,1,0,WDI-1NN,missing_events,0.4,0.3333333,0.4265,2000
tep,1,0,WDI-1NN,missing_events,0.4,0.5,0.4565,2000
tep,1,0,WDI-1NN,missing_events,0.4,0.6666667,0.507,2000
tep,1,0,WDI-1NN,missing_events,0.4,0.8333333,0.656,2000
tep,1,0,WDI-1NN,missing_events,0.4,1.0,0.8895,2000
tep,1,0,WDI-1NN,missing_events,0.5,0.1666667,0.4215,2000
tep,1,0,WDI-1NN,missing_events,0.5,0.3333333,0.4215,2000
tep,1,0,WDI-1NN,missing_events,0.5,0.5,0.4435,2000
tep,1,0,WDI-1NN,missing_events,0.5,0.6666667,0.4625,2000
tep,1,0,WDI-1NN,missing_events,0.5,0.8333333,0.597,2000
tep,1,0,WDI-1NN,missing_events,0.5,1.0,0.846,2000
tep,1,0,WDI-1NN,missing_events,0.6,0.1666667,0.4155,2000
tep,1,0,WDI-1NN,missing_events,0.6,0.3333333,0.4155,2000
tep,1,0,WDI-1NN,missing_events,0.6,0.5,0.4375,2000
tep,1,0,WDI-1NN,missing_events,0.6,0.6666667,0.435,2000
tep,1,0,WDI-1NN,missing_events,0.6,0.8333333,0.514,2000
tep,1,0,WDI-1NN,missing_events,0.6,1.0,0.7825,2000
tep,1,0,WDI-1NN,missing_events,0.7,0.1666667,0.4005,2000
tep,1,0,WDI-1NN,missing_events,0.7,0.3333333,0.4005,2000
tep,1,0,WDI-1NN,missing_events,0.7,0.5,0.4365,2000
tep,1,0,WDI-1NN,missing_events,0.7,0.6666667,0.429,2000
tep,1,0,WDI-1NN,missing_events,0.7,0.8333333,0.472,2000
tep,1,0,WDI-1NN,missing_events,0.7,1.0,0.661,2000
tep,1,0,WDI-1NN,missing_events,0.8,0.1666667,0.3725,2000
tep,1,0,WDI-1NN,missing_events,0.8,0.3333333,0.3725,2000
tep,1,0,WDI-1NN,missing_events,0.8,0.5,0.41,2000
tep,1,0,WDI-1NN,missing_events,0.8,0.6666667,0.4125,2000
tep,1,0,WDI-1NN,missing_events,0.8,0.8333333,0.4235,2000
tep,1,0,WDI-1NN,missing_events,0.8,1.0,0.548,2000
tep,1,0,WDI-1NN,missing_events,0.9,0.1666667,0.329,2000
tep,1,0,WDI-1NN,missing_events,0.9,0.3333333,0.329,2000
tep,1,0,WDI-1NN,missing_events,0.9,0.5,0.3815,2000
tep,1,0,WDI-1NN,missing_events,0.9,0.6666667,0.3895,2000
tep,1,0,WDI-1NN,missing_events,0.9,0.8333333,0.4005,2000
tep,1,0,WDI-1NN,missing_events,0.9,1.0,0.4795,2000
tep,1,0,WDI-1NN,mixed_missing_spurious,0.0,0.1666667,0.445,2000
tep,1,0,WDI-1NN,mixed_missing_spurious,0.0,0.3333333,0.445,2000
tep,1,0,WDI-1NN,mixed_missing_spurious,0.0,0.5,0.49,2000
tep,1,0,WDI-1NN,mixed_missing_spurious,0.0,0.6666667,0.6,2000
tep,1,0,WDI-1NN,mixed_missing_spurious,0.0,0.8333333,0.755,2000
tep,1,0,WDI-1NN,mixed_missing_spurious,0.0,1.0,0.945,2000
tep,1,0,WDI-1NN,mixed_missing_spurious,0.05,0.1666667,0.4445,2000
tep,1,0,WDI-1NN,mixed_missing_spurious,0.05,0.3333333,0.4445,2000
tep,1,0,WDI-1NN,mixed_missing_spurious,0.05,0.5,0.489,2000
tep,1,0,WDI-1NN,mixed_missing_spurious,0.05,0.6666667,0.6055,2000
tep,1,0,WDI-1NN,mixed_missing_spurious,0.05,0.8333333,0.7435,2000
tep,1,0,WDI-1NN,mixed_missing_spurious,0.05,1.0,0.9325,2000
tep,1,0,WDI-1NN,mixed_missing_spurious,0.1,0.1666667,0.442,2000
tep,1,0,WDI-1NN,mixed_missing_spurious,0.1,0.3333333,0.442,2000
tep,1,0,WDI-1NN,mixed_missing_spurious,0.1,0.5,0.485,2000
tep,1,0,WDI-1NN,mixed_missing_spurious,0.1,0.6666667,0.602,2000
tep,1,0,WDI-1NN,mixed_missing_spurious,0.1,0.8333333,0.743,2000
tep,1,0,WDI-1NN,mixed_missing_spurious,0.1,1.0,0.923,2000
tep,1,0,WDI-1NN,mixed_missing_spurious,0.15,0.1666667,0.44,2000
tep,1,0,WDI-1NN,mixed_missing_spurious,0.15,0.3333333,0.44,2000
tep,1,0,WDI-1NN,mixed_missing_spurious,0.15,0.5,0.4865,2000
tep,1,0,WDI-1NN,mixed_missing_spurious,0.15,0.6666667,0.601,2000
tep,1,0,WDI-1NN,mixed_missing_spurious,0.15,0.8333333,0.7375,2000
tep,1,0,WDI-1NN,mixed_missing_spurious,0.15,1.0,0.899,2000
tep,1,0,WDI-1NN,mixed_missing_spurious,0.2,0.1666667,0.434,2000
tep,1,0,WDI-1NN,mixed_missing_spurious,0.2,0.3333333,0.434,2000
tep,1,0,WDI-1NN,mixed_missing_spurious,0.2,0.5,0.4725,2000
tep,1,0,WDI-1NN,mixed_missing_spurious,0.2,0.6666667,0.5915,2000
tep,1,0,WDI-1NN,mixed_missing_spurious,0.2,0.8333333,0.7165,2000
tep,1,0,WDI-1NN,mixed_missing_spurious,0.2,1.0,0.881,2000
tep,1,0,WDI-1NN,mixed_missing_spurious,0.25,0.1666667,0.422,2000
tep,1,0,WDI-1NN,mixed_missing_spurious,0.25,0.3333333,0.422,2000
tep,1,0,WDI-1NN,mixed_missing_spurious,0.25,0.5,0.472,2000
tep,1,0,WDI-1NN,mixed_missing_spurious,0.25,0.6666667,0.5865,2000
tep,1,0,WDI-1NN,mixed_missing_spurious,0.25,0.8333333,0.7165,2000
tep,1,0,WDI-1NN,mixed_missing_spurious,0.25,1.0,0.875,2000
tep,1,0,WDI-1NN,mixed_missing_spurious,0.3,0.1666667,0.427,2000
tep,1,0,WDI-1NN,mixed_missing_spurious,0.3,0.3333333,0.427,2000
tep,1,0,WDI-1NN,mixed_missing_spurious,0.3,0.5,0.4675,2000
tep,1,0,WDI-1NN,mixed_missing_spurious,0.3,0.6666667,0.574,2000
tep,1,0,WDI-1NN,mixed_missing_spurious,0.3,0.8333333,0.6905,2000
tep,1,0,WDI-1NN,mixed_missing_spurious,0.3,1.0,0.864,2000
tep,1,0,WDI-1NN,mixed_missing_spurious,0.4,0.1666667,0.417,2000
tep,1,0,WDI-1NN,mixed_missing_spurious,0.4,0.3333333,0.417,2000
tep,1,0,WDI-1NN,mixed_missing_spurious,0.4,0.5,0.45,2000
tep,1,0,WDI-1NN,mixed_missing_spurious,0.4,0.6666667,0.535,2000
tep,1,0,WDI-1NN,mixed_missing_spurious,0.4,0.8333333,0.6675,2000
tep,1,0,WDI-1NN,mixed_missing_spurious,0.4,1.0,0.824,2000
tep,1,0,WDI-1NN,mixed_missing_spurious,0.5,0.1666667,0.3915,2000
tep,1,0,WDI-1NN,mixed_missing_spurious,0.5,0.3333333,0.3915,2000
tep,1,0,WDI-1NN,mixed_missing_spurious,0.5,0.5,0.425,2000
tep,1,0,WDI-1NN,mixed_missing_spurious,0.5,0.6666667,0.499,2000
tep,1,0,WDI-1NN,mixed_missing_spurious,0.5,0.8333333,0.6275,2000
tep,1,0,WDI-1NN,mixed_missing_spurious,0.5,1.0,0.8075,2000
tep,1,0,WDI-1NN,mixed_missing_spurious,0.6,0.1666667,0.3805,2000
tep,1,0,WDI-1NN,mixed_missing_spurious,0.6,0.3333333,0.3805,2000
tep,1,0,WDI-1NN,mixed_missing_spurious,0.6,0.5,0.4075,2000
tep,1,0,WDI-1NN,mixed_missing_spurious,0.6,0.6666667,0.4575,2000
tep,1,0,WDI-1NN,mixed_missing_spurious,0.6,0.8333333,0.573,2000
tep,1,0,WDI-1NN,mixed_missing_spurious,0.6,1.0,0.7585,2000
tep,1,0,WDI-1NN,mixed_missing_spurious,0.7,0.1666667,0.3785,2000
tep,1,0,WDI-1NN,mixed_missing_spurious,0.7,0.3333333,0.3785,2000
tep,1,0,WDI-1NN,mixed_missing_spurious,0.7,0.5,0.3915,2000
tep,1,0,WDI-1NN,mixed_missing_spurious,0.7,0.6666667,0.4035,2000
tep,1,0,WDI-1NN,mixed_missing_spurious,0.7,0.8333333,0.485,2000
tep,1,0,WDI-1NN,mixed_missing_spurious,0.7,1.0,0.6915,2000
tep,1,0,WDI-1NN,mixed_missing_spurious,0.8,0.1666667,0.342,2000
tep,1,0,WDI-1NN,mixed_missing_spurious,0.8,0.3333333,0.342,2000
tep,1,0,WDI-1NN,mixed_missing_spurious,0.8,0.5,0.3615,2000
tep,1,0,WDI-1NN,mixed_missing_spurious,0.8,0.6666667,0.3565,2000
tep,1,0,WDI-1NN,mixed_missing_spurious,0.8,0.8333333,0.398,2000
tep,1,0,WDI-1NN,mixed_missing_spurious,0.8,1.0,0.5805,2000
tep,1,0,WDI-1NN,mixed_missing_spurious,0.9,0.1666667,0.321,2000
tep,1,0,WDI-1NN,mixed_missing_spurious,0.9,0.3333333,0.321,2000
tep,1,0,WDI-1NN,mixed_missing_spurious,0.9,0.5,0.343,2000
tep,1,0,WDI-1NN,mixed_missing_spurious,0.9,0.6666667,0.344,2000
tep,1,0,WDI-1NN,mixed_missing_spurious,0.9,0.8333333,0.358,2000
tep,1,0,WDI-1NN,mixed_missing_spurious,0.9,1.0,0.431,2000
tep,1,0,WDI-1NN,mixed_spurious_timing_late,0.0,0.1666667,0.445,2000
tep,1,0,WDI-1NN,mixed_spurious_timing_late,0.0,0.3333333,0.445,2000
tep,1,0,WDI-1NN,mixed_spurious_timing_late,0.0,0.5,0.49,2000
tep,1,0,WDI-1NN,mixed_spurious_timing_late,0.0,0.6666667,0.6,2000
tep,1,0,WDI-1NN,mixed_spurious_timing_late,0.0,0.8333333,0.755,2000
tep,1,0,WDI-1NN,mixed_spurious_timing_late,0.0,1.0,0.945,2000
tep,1,0,WDI-1NN,mixed_spurious_timing_late,0.05,0.1666667,0.465,2000
tep,1,0,WDI-1NN,mixed_spurious_timing_late,0.05,0.3333333,0.465,2000
tep,1,0,WDI-1NN,mixed_spurious_timing_late,0.05,0.5,0.4845,2000
tep,1,0,WDI-1NN,mixed_spurious_timing_late,0.05,0.6666667,0.6195,2000
tep,1,0,WDI-1NN,mixed_spurious_timing_late,0.05,0.8333333,0.754,2000
tep,1,0,WDI-1NN,mixed_spurious_timing_late,0.05,1.0,0.848,2000
tep,1,0,WDI-1NN,mixed_spurious_timing_late,0.1,0.1666667,0.4645,2000
tep,1,0,WDI-1NN,mixed_spurious_timing_late,0.1,0.3333333,0.4645,2000
tep,1,0,WDI-1NN,mixed_spurious_timing_late,0.1,0.5,0.4965,2000
tep,1,0,WDI-1NN,mixed_spurious_timing_late,0.1,0.6666667,0.61,2000
tep,1,0,WDI-1NN,mixed_spurious_timing_late,0.1,0.8333333,0.7885,2000
tep,1,0,WDI-1NN,mixed_spurious_timing_late,0.1,1.0,0.868,2000
tep,1,0,WDI-1NN,mixed_spurious_timing_late,0.15,0.1666667,0.422,2000
tep,1,0,WDI-1NN,mixed_spurious_timing_late,0.15,0.3333333,0.422,2000
tep,1,0,WDI-1NN,mixed_spurious_timing_late,0.15,0.5,0.4875,2000
tep,1,0,WDI-1NN,mixed_spurious_timing_late,0.15,0.6666667,0.6755,2000
tep,1,0,WDI-1NN,mixed_spurious_timing_late,0.15,0.8333333,0.804,2000
tep,1,0,WDI-1NN,mixed_spurious_timing_late,0.15,1.0,0.859,2000
tep,1,0,WDI-1NN,mixed_spurious_timing_late,0.2,0.1666667,0.37,2000
tep,1,0,WDI-1NN,mixed_spurious_timing_late,0.2,0.3333333,0.37,2000
tep,1,0,WDI-1NN,mixed_spurious_timing_late,0.2,0.5,0.452,2000
tep,1,0,WDI-1NN,mixed_spurious_timing_late,0.2,0.6666667,0.693,2000
tep,1,0,WDI-1NN,mixed_spurious_timing_late,0.2,0.8333333,0.693,2000
tep,1,0,WDI-1NN,mixed_spurious_timing_late,0.2,1.0,0.852,2000
tep,1,0,WDI-1NN,mixed_spurious_timing_late,0.25,0.1666667,0.361,2000
tep,1,0,WDI-1NN,mixed_spurious_timing_late,0.25,0.3333333,0.361,2000
tep,1,0,WDI-1NN,mixed_spurious_timing_late,0.25,0.5,0.476,2000
tep,1,0,WDI-1NN,mixed_spurious_timing_late,0.25,0.6666667,0.476,2000
tep,1,0,WDI-1NN,mixed_spurious_timing_late,0.25,0.8333333,0.703,2000
tep,1,0,WDI-1NN,mixed_spurious_timing_late,0.25,1.0,0.8395,2000
tep,1,0,WDI-1NN,mixed_spurious_timing_late,0.3,0.1666667,0.3435,2000
tep,1,0,WDI-1NN,mixed_spurious_timing_late,0.3,0.3333333,0.3435,2000
tep,1,0,WDI-1NN,mixed_spurious_timing_late,0.3,0.5,0.5355,2000
tep,1,0,WDI-1NN,mixed_spurious_timing_late,0.3,0.6666667,0.5355,2000
tep,1,0,WDI-1NN,mixed_spurious_timing_late,0.3,0.8333333,0.7205,2000
tep,1,0,WDI-1NN,mixed_spurious_timing_late,0.3,1.0,0.8355,2000
tep,1,0,WDI-1NN,mixed_spurious_timing_late,0.4,0.1666667,0.3485,2000
tep,1,0,WDI-1NN,mixed_spurious_timing_late,0.4,0.3333333,0.3485,2000
tep,1,0,WDI-1NN,mixed_spurious_timing_late,0.4,0.5,0.3485,2000
tep,1,0,WDI-1NN,mixed_spurious_timing_late,0.4,0.6666667,0.555,2000
tep,1,0,WDI-1NN,mixed_spurious_timing_late,0.4,0.8333333,0.555,2000
tep,1,0,WDI-1NN,mixed_spurious_timing_late,0.4,1.0,0.7985,2000
tep,1,0,WDI-1NN,mixed_spurious_timing_late,0.5,0.1666667,0.3915,2000
tep,1,0,WDI-1NN,mixed_spurious_timing_late,0.5,0.3333333,0.3915,2000
tep,1,0,WDI-1NN,mixed_spurious_timing_late,0.5,0.5,0.3915,2000
tep,1,0,WDI-1NN,mixed_spurious_timing_late,0.5,0.6666667,0.3915,2000
tep,1,0,WDI-1NN,mixed_spurious_timing_late,0.5,0.8333333,0.559,2000
tep,1,0,WDI-1NN,mixed_spurious_timing_late,0.5,1.0,0.7235,2000
tep,1,0,WDI-1NN,mixed_spurious_timing_late,0.6,0.1666667,0.414,2000
tep,1,0,WDI-1NN,mixed_spurious_timing_late,0.6,0.3333333,0.414,2000
tep,1,0,WDI-1NN,mixed_spurious_timing_late,0.6,0.5,0.414,2000
tep,1,0,WDI-1NN,mixed_spurious_timing_late,0.6,0.6666667,0.414,2000
tep,1,0,WDI-1NN,mixed_spurious_timing_late,0.6,0.8333333,0.414,2000
tep,1,0,WDI-1NN,mixed_spurious_timing_late,0.6,1.0,0.6215,2000
tep,1,0,WDI-1NN,mixed_spurious_timing_late,0.7,0.1666667,0.443,2000
tep,1,0,WDI-1NN,mixed_spurious_timing_late,0.7,0.3333333,0.443,2000
tep,1,0,WDI-1NN,mixed_spurious_timing_late,0.7,0.5,0.443,2000
tep,1,0,WDI-1NN,mixed_spurious_timing_late,0.7,0.6666667,0.443,2000
tep,1,0,WDI-1NN,mixed_spurious_timing_late,0.7,0.8333333,0.443,2000
tep,1,0,WDI-1NN,mixed_spurious_timing_late,0.7,1.0,0.5175,2000
tep,1,0,WDI-1NN,mixed_spurious_timing_late,0.8,0.1666667,0.448,2000
tep,1,0,WDI-1NN,mixed_spurious_timing_late,0.8,0.3333333,0.448,2000
tep,1,0,WDI-1NN,mixed_spurious_timing_late,0.8,0.5,0.448,2000
tep,1,0,WDI-1NN,mixed_spurious_timing_late,0.8,0.6666667,0.448,2000
tep,1,0,WDI-1NN,mixed_spurious_timing_late,0.8,0.8333333,0.448,2000
tep,1,0,WDI-1NN,mixed_spurious_timing_late,0.8,1.0,0.462,2000
tep,1,0,WDI-1NN,mixed_spurious_timing_late,0.9,0.1666667,0.404,2000
tep,1,0,WDI-1NN,mixed_spurious_timing_late,0.9,0.3333333,0.404,2000
tep,1,0,WDI-1NN,mixed_spurious_timing_late,0.9,0.5,0.404,2000
tep,1,0,WDI-1NN,mixed_spurious_timing_late,0.9,0.6666667,0.404,2000
tep,1,0,WDI-1NN,mixed_spurious_timing_late,0.9,0.8333333,0.404,2000
tep,1,0,WDI-1NN,mixed_spurious_timing_late,0.9,1.0,0.404,2000
tep,1,0,WDI-1NN,spurious_events,0.0,0.1666667,0.445,2000
tep,1,0,WDI-1NN,spurious_events,0.0,0.3333333,0.445,2000
tep,1,0,WDI-1NN,spurious_events,0.0,0.5,0.49,2000
tep,1,0,WDI-1NN,spurious_events,0.0,0.6666667,0.6,2000
tep,1,0,WDI-1NN,spurious_events,0.0,0.8333333,0.755,2000
tep,1,0,WDI-1NN,spurious_events,0.0,1.0,0.945,2000
tep,1,0,WDI-1NN,spurious_events,0.05,0.1666667,0.4455,2000
tep,1,0,WDI-1NN,spurious_events,0.05,0.3333333,0.4455,2000
tep,1,0,WDI-1NN,spurious_events,0.05,0.5,0.4865,2000
tep,1,0,WDI-1NN,spurious_events,0.05,0.6666667,0.615,2000
tep,1,0,WDI-1NN,spurious_events,0.05,0.8333333,0.7535,2000
tep,1,0,WDI-1NN,spurious_events,0.05,1.0,0.9365,2000
tep,1,0,WDI-1NN,spurious_events,0.1,0.1666667,0.447,2000
tep,1,0,WDI-1NN,spurious_events,0.1,0.3333333,0.447,2000
tep,1,0,WDI-1NN,spurious_events,0.1,0.5,0.4885,2000
tep,1,0,WDI-1NN,spurious_events,0.1,0.6666667,0.613,2000
tep,1,0,WDI-1NN,spurious_events,0.1,0.8333333,0.746,2000
tep,1,0,WDI-1NN,spurious_events,0.1,1.0,0.9145,2000
tep,1,0,WDI-1NN,spurious_events,0.15,0.1666667,0.451,2000
tep,1,0,WDI-1NN,spurious_events,0.15,0.3333333,0.451,2000
tep,1,0,WDI-1NN,spurious_events,0.15,0.5,0.4965,2000
tep,1,0,WDI-1NN,spurious_events,0.15,0.6666667,0.6365,2000
tep,1,0,WDI-1NN,spurious_events,0.15,0.8333333,0.7365,2000
tep,1,0,WDI-1NN,spurious_events,0.15,1.0,0.8985,2000
tep,1,0,WDI-1NN,spurious_events,0.2,0.1666667,0.4405,2000
tep,1,0,WDI-1NN,spurious_events,0.2,0.3333333,0.4405,2000
tep,1,0,WDI-1NN,spurious_events,0.2,0.5,0.501,2000
tep,1,0,WDI-1NN,spurious_events,0.2,0.6666667,0.641,2000
tep,1,0,WDI-1NN,spurious_events,0.2,0.8333333,0.7405,2000
tep,1,0,WDI-1NN,spurious_events,0.2,1.0,0.886,2000
tep,1,0,WDI-1NN,spurious_events,0.25,0.1666667,0.435,2000
tep,1,0,WDI-1NN,spurious_events,0.25,0.3333333,0.435,2000
tep,1,0,WDI-1NN,spurious_events,0.25,0.5,0.4885,2000
tep,1,0,WDI-1NN,spurious_events,0.25,0.6666667,0.627,2000
tep,1,0,WDI-1NN,spurious_events,0.25,0.8333333,0.73,2000
tep,1,0,WDI-1NN,spurious_events,0.25,1.0,0.857,2000
tep,1,0,WDI-1NN,spurious_events,0.3,0.1666667,0.437,2000
tep,1,0,WDI-1NN,spurious_events,0.3,0.3333333,0.437,2000
tep,1,0,WDI-1NN,spurious_events,0.3,0.5,0.497,2000
tep,1,0,WDI-1NN,spurious_events,0.3,0.6666667,0.618,2000
tep,1,0,WDI-1NN,spurious_events,0.3,0.8333333,0.73,2000
tep,1,0,WDI-1NN,spurious_events,0.3,1.0,0.838,2000
tep,1,0,WDI-1NN,spurious_events,0.4,0.1666667,0.433,2000
tep,1,0,WDI-1NN,spurious_events,0.4,0.3333333,0.433,2000
tep,1,0,WDI-1NN,spurious_events,0.4,0.5,0.5005,2000
tep,1,0,WDI-1NN,spurious_events,0.4,0.6666667,0.629,2000
tep,1,0,WDI-1NN,spurious_events,0.4,0.8333333,0.688,2000
tep,1,0,WDI-1NN,spurious_events,0.4,1.0,0.7615,2000
tep,1,0,WDI-1NN,spurious_events,0.5,0.1666667,0.43,2000
tep,1,0,WDI-1NN,spurious_events,0.5,0.3333333,0.43,2000
tep,1,0,WDI-1NN,spurious_events,0.5,0.5,0.496,2000
tep,1,0,WDI-1NN,spurious_events,0.5,0.6666667,0.6115,2000
tep,1,0,WDI-1NN,spurious_events,0.5,0.8333333,0.678,2000
tep,1,0,WDI-1NN,spurious_events,0.5,1.0,0.6835,2000
tep,1,0,WDI-1NN,spurious_events,0.6,0.1666667,0.4115,2000
tep,1,0,WDI-1NN,spurious_events,0.6,0.3333333,0.4115,2000
tep,1,0,WDI-1NN,spurious_events,0.6,0.5,0.5115,2000
tep,1,0,WDI-1NN,spurious_events,0.6,0.6666667,0.613,2000
tep,1,0,WDI-1NN,spurious_events,0.6,0.8333333,0.6305,2000
tep,1,0,WDI-1NN,spurious_events,0.6,1.0,0.6195,2000
tep,1,0,WDI-1NN,spurious_events,0.7,0.1666667,0.418,2000
tep,1,0,WDI-1NN,spurious_events,0.7,0.3333333,0.418,2000
tep,1,0,WDI-1NN,spurious_events,0.7,0.5,0.51,2000
tep,1,0,WDI-1NN,spurious_events,0.7,0.6666667,0.5925,2000
tep,1,0,WDI-1NN,spurious_events,0.7,0.8333333,0.592,2000
tep,1,0,WDI-1NN,spurious_events,0.7,1.0,0.555,2000
tep,1,0,WDI-1NN,spurious_events,0.8,0.1666667,0.4265,2000
tep,1,0,WDI-1NN,spurious_events,0.8,0.3333333,0.4265,2000
tep,1,0,WDI-1NN,spurious_events,0.8,0.5,0.5285,2000
tep,1,0,WDI-1NN,spurious_events,0.8,0.6666667,0.587,2000
tep,1,0,WDI-1NN,spurious_events,0.8,0.8333333,0.571,2000
tep,1,0,WDI-1NN,spurious_events,0.8,1.0,0.4715,2000
tep,1,0,WDI-1NN,spurious_events,0.9,0.1666667,0.428,2000
tep,1,0,WDI-1NN,spurious_events,0.9,0.3333333,0.428,2000
tep,1,0,WDI-1NN,spurious_events,0.9,0.5,0.536,2000
tep,1,0,WDI-1NN,spurious_events,0.9,0.6666667,0.5645,2000
tep,1,0,WDI-1NN,spurious_events,0.9,0.8333333,0.532,2000
tep,1,0,WDI-1NN,spurious_events,0.9,1.0,0.419,2000
tep,1,0,WDI-1NN,timing_uncertainty,0.0,0.1666667,0.445,2000
tep,1,0,WDI-1NN,timing_uncertainty,0.0,0.3333333,0.445,2000
tep,1,0,WDI-1NN,timing_uncertainty,0.0,0.5,0.49,2000
tep,1,0,WDI-1NN,timing_uncertainty,0.0,0.6666667,0.6,2000
tep,1,0,WDI-1NN,timing_uncertainty,0.0,0.8333333,0.755,2000
tep,1,0,WDI-1NN,timing_uncertainty,0.0,1.0,0.945,2000
tep,1,0,WDI-1NN,timing_uncertainty,0.05,0.1666667,0.447,2000
tep,1,0,WDI-1NN,timing_uncertainty,0.05,0.3333333,0.447,2000
tep,1,0,WDI-1NN,timing_uncertainty,0.05,0.5,0.4895,2000
tep,1,0,WDI-1NN,timing_uncertainty,0.05,0.6666667,0.593,2000
tep,1,0,WDI-1NN,timing_uncertainty,0.05,0.8333333,0.749,2000
tep,1,0,WDI-1NN,timing_uncertainty,0.05,1.0,0.9455,2000
tep,1,0,WDI-1NN,timing_uncertainty,0.1,0.1666667,0.445,2000
tep,1,0,WDI-1NN,timing_uncertainty,0.1,0.3333333,0.445,2000
tep,1,0,WDI-1NN,timing_uncertainty,0.1,0.5,0.4875,2000
tep,1,0,WDI-1NN,timing_uncertainty,0.1,0.6666667,0.5875,2000
tep,1,0,WDI-1NN,timing_uncertainty,0.1,0.8333333,0.747,2000
tep,1,0,WDI-1NN,timing_uncertainty,0.1,1.0,0.9445,2000
tep,1,0,WDI-1NN,timing_uncertainty,0.15,0.1666667,0.4525,2000
tep,1,0,WDI-1NN,timing_uncertainty,0.15,0.3333333,0.4525,2000
tep,1,0,WDI-1NN,timing_uncertainty,0.15,0.5,0.486,2000
tep,1,0,WDI-1NN,timing_uncertainty,0.15,0.6666667,0.5855,2000
tep,1,0,WDI-1NN,timing_uncertainty,0.15,0.8333333,0.749,2000
tep,1,0,WDI-1NN,timing_uncertainty,0.15,1.0,0.9455,2000
tep,1,0,WDI-1NN,timing_uncertainty,0.2,0.1666667,0.4395,2000
tep,1,0,WDI-1NN,timing_uncertainty,0.2,0.3333333,0.4395,2000
tep,1,0,WDI-1NN,timing_uncertainty,0.2,0.5,0.4875,2000
tep,1,0,WDI-1NN,timing_uncertainty,0.2,0.6666667,0.5835,2000
tep,1,0,WDI-1NN,timing_uncertainty,0.2,0.8333333,0.7395,2000
tep,1,0,WDI-1NN,timing_uncertainty,0.2,1.0,0.942,2000
tep,1,0,WDI-1NN,timing_uncertainty,0.25,0.1666667,0.4465,2000
tep,1,0,WDI-1NN,timing_uncertainty,0.25,0.3333333,0.4465,2000
tep,1,0,WDI-1NN,timing_uncertainty,0.25,0.5,0.485,2000
tep,1,0,WDI-1NN,timing_uncertainty,0.25,0.6666667,0.582,2000
tep,1,0,WDI-1NN,timing_uncertainty,0.25,0.8333333,0.7465,2000
tep,1,0,WDI-1NN,timing_uncertainty,0.25,1.0,0.9445,2000
tep,1,0,WDI-1NN,timing_uncertainty,0.3,0.1666667,0.447,2000
tep,1,0,WDI-1NN,timing_uncertainty,0.3,0.3333333,0.447,2000
tep,1,0,WDI-1NN,timing_uncertainty,0.3,0.5,0.483,2000
tep,1,0,WDI-1NN,timing_uncertainty,0.3,0.6666667,0.586,2000
tep,1,0,WDI-1NN,timing_uncertainty,0.3,0.8333333,0.743,2000
tep,1,0,WDI-1NN,timing_uncertainty,0.3,1.0,0.9435,2000
tep,1,0,WDI-1NN,timing_uncertainty,0.4,0.1666667,0.445,2000
tep,1,0,WDI-1NN,timing_uncertainty,0.4,0.3333333,0.445,2000
tep,1,0,WDI-1NN,timing_uncertainty,0.4,0.5,0.4835,2000
tep,1,0,WDI-1NN,timing_uncertainty,0.4,0.6666667,0.5845,2000
tep,1,0,WDI-1NN,timing_uncertainty,0.4,0.8333333,0.752,2000
tep,1,0,WDI-1NN,timing_uncertainty,0.4,1.0,0.947,2000
tep,1,0,WDI-1NN,timing_uncertainty,0.5,0.1666667,0.4485,2000
tep,1,0,WDI-1NN,timing_uncertainty,0.5,0.3333333,0.4485,2000
tep,1,0,WDI-1NN,timing_uncertainty,0.5,0.5,0.484,2000
tep,1,0,WDI-1NN,timing_uncertainty,0.5,0.6666667,0.5855,2000
tep,1,0,WDI-1NN,timing_uncertainty,0.5,0.8333333,0.754,2000
tep,1,0,WDI-1NN,timing_uncertainty,0.5,1.0,0.9445,2000
tep,1,0,WDI-1NN,timing_uncertainty,0.6,0.1666667,0.452,2000
tep,1,0,WDI-1NN,timing_uncertainty,0.6,0.3333333,0.452,2000
tep,1,0,WDI-1NN,timing_uncertainty,0.6,0.5,0.484,2000
tep,1,0,WDI-1NN,timing_uncertainty,0.6,0.6666667,0.596,2000
tep,1,0,WDI-1NN,timing_uncertainty,0.6,0.8333333,0.755,2000
tep,1,0,WDI-1NN,timing_uncertainty,0.6,1.0,0.9455,2000
tep,1,0,WDI-1NN,timing_uncertainty,0.7,0.1666667,0.4455,2000
tep,1,0,WDI-1NN,timing_uncertainty,0.7,0.3333333,0.4455,2000
tep,1,0,WDI-1NN,timing_uncertainty,0.7,0.5,0.497,2000
tep,1,0,WDI-1NN,timing_uncertainty,0.7,0.6666667,0.604,2000
tep,1,0,WDI-1NN,timing_uncertainty,0.7,0.8333333,0.7565,2000
tep,1,0,WDI-1NN,timing_uncertainty,0.7,1.0,0.9425,2000
tep,1,0,WDI-1NN,timing_uncertainty,0.8,0.1666667,0.4505,2000
tep,1,0,WDI-1NN,timing_uncertainty,0.8,0.3333333,0.4505,2000
tep,1,0,WDI-1NN,timing_uncertainty,0.8,0.5,0.489,2000
tep,1,0,WDI-1NN,timing_uncertainty,0.8,0.6666667,0.6045,2000
tep,1,0,WDI-1NN,timing_uncertainty,0.8,0.8333333,0.758,2000
tep,1,0,WDI-1NN,timing_uncertainty,0.8,1.0,0.947,2000
tep,1,0,WDI-1NN,timing_uncertainty,0.9,0.1666667,0.446,2000
tep,1,0,WDI-1NN,timing_uncertainty,0.9,0.3333333,0.446,2000
tep,1,0,WDI-1NN,timing_uncertainty,0.9,0.5,0.492,2000
tep,1,0,WDI-1NN,timing_uncertainty,0.9,0.6666667,0.6105,2000
tep,1,0,WDI-1NN,timing_uncertainty,0.9,0.8333333,0.771,2000
tep,1,0,WDI-1NN,timing_uncertainty,0.9,1.0,0.943,2000
tep,2,0,ACM-SVM,late_time_delay,0.0,0.1666667,0.55,2000
tep,2,0,ACM-SVM,late_time_delay,0.0,0.3333333,0.55,2000
tep,2,0,ACM-SVM,late_time_delay,0.0,0.5,0.665,2000
tep,2,0,ACM-SVM,late_time_delay,0.0,0.6666667,0.77,2000
tep,2,0,ACM-SVM,late_time_delay,0.0,0.8333333,0.855,2000
tep,2,0,ACM-SVM,late_time_delay,0.0,1.0,0.935,2000
tep,2,0,ACM-SVM,late_time_delay,0.05,0.1666667,0.475,2000
tep,2,0,ACM-SVM,late_time_delay,0.05,0.3333333,0.475,2000
tep,2,0,ACM-SVM,late_time_delay,0.05,0.5,0.59,2000
tep,2,0,ACM-SVM,late_time_delay,0.05,0.6666667,0.665,2000
tep,2,0,ACM-SVM,late_time_delay,0.05,0.8333333,0.745,2000
tep,2,0,ACM-SVM,late_time_delay,0.05,1.0,0.75,2000
tep,2,0,ACM-SVM,late_time_delay,0.1,0.1666667,0.5,2000
tep,2,0,ACM-SVM,late_time_delay,0.1,0.3333333,0.5,2000
tep,2,0,ACM-SVM,late_time_delay,0.1,0.5,0.615,2000
tep,2,0,ACM-SVM,late_time_delay,0.1,0.6666667,0.685,2000
tep,2,0,ACM-SVM,late_time_delay,0.1,0.8333333,0.74,2000
tep,2,0,ACM-SVM,late_time_delay,0.1,1.0,0.745,2000
tep,2,0,ACM-SVM,late_time_delay,0.15,0.1666667,0.44,2000
tep,2,0,ACM-SVM,late_time_delay,0.15,0.3333333,0.44,2000
tep,2,0,ACM-SVM,late_time_delay,0.15,0.5,0.565,2000
tep,2,0,ACM-SVM,late_time_delay,0.15,0.6666667,0.695,2000
tep,2,0,ACM-SVM,late_time_delay,0.15,0.8333333,0.725,2000
tep,2,0,ACM-SVM,late_time_delay,0.15,1.0,0.72,2000
tep,2,0,ACM-SVM,late_time_delay,0.2,0.1666667,0.42,2000
tep,2,0,ACM-SVM,late_time_delay,0.2,0.3333333,0.42,2000
tep,2,0,ACM-SVM,late_time_delay,0.2,0.5,0.535,2000
tep,2,0,ACM-SVM,late_time_delay,0.2,0.6666667,0.655,2000
tep,2,0,ACM-SVM,late_time_delay,0.2,0.8333333,0.655,2000
tep,2,0,ACM-SVM,late_time_delay,0.2,1.0,0.675,2000
tep,2,0,ACM-SVM,late_time_delay,0.25,0.1666667,0.44,2000
tep,2,0,ACM-SVM,late_time_delay,0.25,0.3333333,0.44,2000
tep,2,0,ACM-SVM,late_time_delay,0.25,0.5,0.585,2000
tep,2,0,ACM-SVM,late_time_delay,0.25,0.6666667,0.585,2000
tep,2,0,ACM-SVM,late_time_delay,0.25,0.8333333,0.655,2000
tep,2,0,ACM-SVM,late_time_delay,0.25,1.0,0.66,2000
tep,2,0,ACM-SVM,late_time_delay,0.3,0.1666667,0.495,2000
tep,2,0,ACM-SVM,late_time_delay,0.3,0.3333333,0.495,2000
tep,2,0,ACM-SVM,late_time_delay,0.3,0.5,0.595,2000
tep,2,0,ACM-SVM,late_time_delay,0.3,0.6666667,0.595,2000
tep,2,0,ACM-SVM,late_time_delay,0.3,0.8333333,0.65,2000
tep,2,0,ACM-SVM,late_time_delay,0.3,1.0,0.625,2000
tep,2,0,ACM-SVM,late_time_delay,0.4,0.1666667,0.485,2000
tep,2,0,ACM-SVM,late_time_delay,0.4,0.3333333,0.485,2000
tep,2,0,ACM-SVM,late_time_delay,0.4,0.5,0.485,2000
tep,2,0,ACM-SVM,late_time_delay,0.4,0.6666667,0.57,2000
tep,2,0,ACM-SVM,late_time_delay,0.4,0.8333333,0.57,2000
tep,2,0,ACM-SVM,late_time_delay,0.4,1.0,0.58,2000
tep,2,0,ACM-SVM,late_time_delay,0.5,0.1666667,0.425,2000
tep,2,0,ACM-SVM,late_time_delay,0.5,0.3333333,0.425,2000
tep,2,0,ACM-SVM,late_time_delay,0.5,0.5,0.425,2000
tep,2,0,ACM-SVM,late_time_delay,0.5,0.6666667,0.425,2000
tep,2,0,ACM-SVM,late_time_delay,0.5,0.8333333,0.51,2000
tep,2,0,ACM-SVM,late_time_delay,0.5,1.0,0.515,2000
tep,2,0,ACM-SVM,late_time_delay,0.6,0.1666667,0.42,2000
tep,2,0,ACM-SVM,late_time_delay,0.6,0.3333333,0.42,2000
tep,2,0,ACM-SVM,late_time_delay,0.6,0.5,0.42,2000
tep,2,0,ACM-SVM,late_time_delay,0.6,0.6666667,0.42,2000
tep,2,0,ACM-SVM,late_time_delay,0.6,0.8333333,0.42,2000
tep,2,0,ACM-SVM,late_time_delay,0.6,1.0,0.475,2000
tep,2,0,ACM-SVM,late_time_delay,0.7,0.1666667,0.39,2000
tep,2,0,ACM-SVM,late_time_delay,0.7,0.3333333,0.39,2000
tep,2,0,ACM-SVM,late_time_delay,0.7,0.5,0.39,2000
tep,2,0,ACM-SVM,late_time_delay,0.7,0.6666667,0.39,2000
tep,2,0,ACM-SVM,late_time_delay,0.7,0.8333333,0.39,2000
tep,2,0,ACM-SVM,late_time_delay,0.7,1.0,0.45,2000
tep,2,0,ACM-SVM,late_time_delay,0.8,0.1666667,0.435,2000
tep,2,0,ACM-SVM,late_time_delay,0.8,0.3333333,0.435,2000
tep,2,0,ACM-SVM,late_time_delay,0.8,0.5,0.435,2000
tep,2,0,ACM-SVM,late_time_delay,0.8,0.6666667,0.435,2000
tep,2,0,ACM-SVM,late_time_delay,0.8,0.8333333,0.435,2000
tep,2,0,ACM-SVM,late_time_delay,0.8,1.0,0.43,2000
tep,2,0,ACM-SVM,late_time_delay,0.9,0.1666667,0.345,2000
tep,2,0,ACM-SVM,late_time_delay,0.9,0.3333333,0.345,2000
tep,2,0,ACM-SVM,late_time_delay,0.9,0.5,0.345,2000
tep,2,0,ACM-SVM,late_time_delay,0.9,0.6666667,0.345,2000
tep,2,0,ACM-SVM,late_time_delay,0.9,0.8333333,0.345,2000
tep,2,0,ACM-SVM,late_time_delay,0.9,1.0,0.345,2000
tep,2,0,ACM-SVM,missing_events,0.0,0.1666667,0.55,2000
tep,2,0,ACM-SVM,missing_events,0.0,0.3333333,0.55,2000
tep,2,0,ACM-SVM,missing_events,0.0,0.5,0.665,2000
tep,2,0,ACM-SVM,missing_events,0.0,0.6666667,0.77,2000
tep,2,0,ACM-SVM,missing_events,0.0,0.8333333,0.855,2000
tep,2,0,ACM-SVM,missing_events,0.0,1.0,0.935,2000
tep,2,0,ACM-SVM,missing_events,0.05,0.1666667,0.5485,2000
tep,2,0,ACM-SVM,missing_events,0.05,0.3333333,0.5485,2000
tep,2,0,ACM-SVM,missing_events,0.05,0.5,0.654,2000
tep,2,0,ACM-SVM,missing_events,0.05,0.6666667,0.738,2000
tep,2,0,ACM-SVM,missing_events,0.05,0.8333333,0.771,2000
tep,2,0,ACM-SVM,missing_events,0.05,1.0,0.79,2000
tep,2,0,ACM-SVM,missing_events,0.1,0.1666667,0.5385,2000
tep,2,0,ACM-SVM,missing_events,0.1,0.3333333,0.5385,2000
tep,2,0,ACM-SVM,missing_events,0.1,0.5,0.6305,2000
tep,2,0,ACM-SVM,missing_events,0.1,0.6666667,0.7095,2000
tep,2,0,ACM-SVM,missing_events,0.1,0.8333333,0.709,2000
tep,2,0,ACM-SVM,missing_events,0.1,1.0,0.6735,2000
tep,2,0,ACM-SVM,missing_events,0.15,0.1666667,0.5175,2000
tep,2,0,ACM-SVM,missing_events,0.15,0.3333333,0.5175,2000
tep,2,0,ACM-SVM,missing_events,0.15,0.5,0.61,2000
tep,2,0,ACM-SVM,missing_events,0.15,0.6666667,0.657,2000
tep,2,0,ACM-SVM,missing_events,0.15,0.8333333,0.644,2000
tep,2,0,ACM-SVM,missing_events,0.15,1.0,0.587,2000
tep,2,0,ACM-SVM,missing_events,0.2,0.1666667,0.517,2000
tep,2,0,ACM-SVM,missing_events,0.2,0.3333333,0.517,2000
tep,2,0,ACM-SVM,missing_events,0.2,0.5,0.6095,2000
tep,2,0,ACM-SVM,missing_events,0.2,0.6666667,0.634,2000
tep,2,0,ACM-SVM,missing_events,0.2,0.8333333,0.601,2000
tep,2,0,ACM-SVM,missing_events,0.2,1.0,0.5415,2000
tep,2,0,ACM-SVM,missing_events,0.25,0.1666667,0.506,2000
tep,2,0,ACM-SVM,missing_events,0.25,0.3333333,0.506,2000
tep,2,0,ACM-SVM,missing_events,0.25,0.5,0.5895,2000
tep,2,0,ACM-SVM,missing_events,0.25,0.6666667,0.609,2000
tep,2,0,ACM-SVM,missing_events,0.25,0.8333333,0.572,2000
tep,2,0,ACM-SVM,missing_events,0.25,1.0,0.498,2000
tep,2,0,ACM-SVM,missing_events,0.3,0.1666667,0.4975,2000
tep,2,0,ACM-SVM,missing_events,0.3,0.3333333,0.4975,2000
tep,2,0,ACM-SVM,missing_events,0.3,0.5,0.577,2000
tep,2,0,ACM-SVM,missing_events,0.3,0.6666667,0.578,2000
tep,2,0,ACM-SVM,missing_events,0.3,0.8333333,0.5445,2000
tep,2,0,ACM-SVM,missing_events,0.3,1.0,0.4725,2000
tep,2,0,ACM-SVM,missing_events,0.4,0.1666667,0.454,2000
tep,2,0,ACM-SVM,missing_events,0.4,0.3333333,0.454,2000
tep,2,0,ACM-SVM,missing_events,0.4,0.5,0.53,2000
tep,2,0,ACM-SVM,missing_events,0.4,0.6666667,0.5455,2000
tep,2,0,ACM-SVM,missing_events,0.4,0.8333333,0.5105,2000
tep,2,0,ACM-SVM,missing_events,0.4,1.0,0.4385,2000
tep,2,0,ACM-SVM,missing_events,0.5,0.1666667,0.401,2000
tep,2,0,ACM-SVM,missing_events,0.5,0.3333333,0.401,2000
tep,2,0,ACM-SVM,missing_events,0.5,0.5,0.511,2000
tep,2,0,ACM-SVM,missing_events,0.5,0.6666667,0.5155,2000
tep,2,0,ACM-SVM,missing_events,0.5,0.8333333,0.4825,2000
tep,2,0,ACM-SVM,missing_events,0.5,1.0,0.405,2000
tep,2,0,ACM-SVM,missing_events,0.6,0.1666667,0.3785,2000
tep,2,0,ACM-SVM,missing_events,0.6,0.3333333,0.3785,2000
tep,2,0,ACM-SVM,missing_events,0.6,0.5,0.4935,2000
tep,2,0,ACM-SVM,missing_events,0.6,0.6666667,0.507,2000
tep,2,0,ACM-SVM,missing_events,0.6,0.8333333,0.479,2000
tep,2,0,ACM-SVM,missing_events,0.6,1.0,0.405,2000
tep,2,0,ACM-SVM,missing_events,0.7,0.1666667,0.338,2000
tep,2,0,ACM-SVM,missing_events,0.7,0.3333333,0.338,2000
tep,2,0,ACM-SVM,missing_events,0.7,0.5,0.4695,2000
tep,2,0,ACM-SVM,missing_events,0.7,0.6666667,0.5025,2000
tep,2,0,ACM-SVM,missing_events,0.7,0.8333333,0.4785,2000
tep,2,0,ACM-SVM,missing_events,0.7,1.0,0.41,2000
tep,2,0,ACM-SVM,missing_events,0.8,0.1666667,0.267,2000
tep,2,0,ACM-SVM,missing_events,0.8,0.3333333,0.267,2000
tep,2,0,ACM-SVM,missing_events,0.8,0.5,0.4025,2000
tep,2,0,ACM-SVM,missing_events,0.8,0.6666667,0.4735,2000
tep,2,0,ACM-SVM,missing_events,0.8,0.8333333,0.49,2000
tep,2,0,ACM-SVM,missing_events,0.8,1.0,0.4175,2000
tep,2,0,ACM-SVM,missing_events,0.9,0.1666667,0.2235,2000
tep,2,0,ACM-SVM,missing_events,0.9,0.3333333,0.2235,2000
tep,2,0,ACM-SVM,missing_events,0.9,0.5,0.292,2000
tep,2,0,ACM-SVM,missing_events,0.9,0.6666667,0.369,2000
tep,2,0,ACM-SVM,missing_events,0.9,0.8333333,0.434,2000
tep,2,0,ACM-SVM,missing_events,0.9,1.0,0.4615,2000
tep,2,0,ACM-SVM,mixed_missing_spurious,0.0,0.1666667,0.55,2000
tep,2,0,ACM-SVM,mixed_missing_spurious,0.0,0.3333333,0.55,2000
tep,2,0,ACM-SVM,mixed_missing_spurious,0.0,0.5,0.665,2000
tep,2,0,ACM-SVM,mixed_missing_spurious,0.0,0.6666667,0.77,2000
tep,2,0,ACM-SVM,mixed_missing_spurious,0.0,0.8333333,0.855,2000
tep,2,0,ACM-SVM,mixed_missing_spurious,0.0,1.0,0.935,2000
tep,2,0,ACM-SVM,mixed_missing_spurious,0.05,0.1666667,0.537,2000
tep,2,0,ACM-SVM,mixed_missing_spurious,0.05,0.3333333,0.537,2000
tep,2,0,ACM-SVM,mixed_missing_spurious,0.05,0.5,0.606,2000
tep,2,0,ACM-SVM,mixed_missing_spurious,0.05,0.6666667,0.6395,2000
tep,2,0,ACM-SVM,mixed_missing_spurious,0.05,0.8333333,0.616,2000
tep,2,0,ACM-SVM,mixed_missing_spurious,0.05,1.0,0.523,2000
tep,2,0,ACM-SVM,mixed_missing_spurious,0.1,0.1666667,0.5345,2000
tep,2,0,ACM-SVM,mixed_missing_spurious,0.1,0.3333333,0.5345,2000
tep,2,0,ACM-SVM,mixed_missing_spurious,0.1,0.5,0.538,2000
tep,2,0,ACM-SVM,mixed_missing_spurious,0.1,0.6666667,0.501,2000
tep,2,0,ACM-SVM,mixed_missing_spurious,0.1,0.8333333,0.435,2000
tep,2,0,ACM-SVM,mixed_missing_spurious,0.1,1.0,0.301,2000
tep,2,0,ACM-SVM,mixed_missing_spurious,0.15,0.1666667,0.5105,2000
tep,2,0,ACM-SVM,mixed_missing_spurious,0.15,0.3333333,0.5105,2000
tep,2,0,ACM-SVM,mixed_missing_spurious,0.15,0.5,0.479,2000
tep,2,0,ACM-SVM,mixed_missing_spurious,0.15,0.6666667,0.4255,2000
tep,2,0,ACM-SVM,mixed_missing_spurious,0.15,0.8333333,0.351,2000
tep,2,0,ACM-SVM,mixed_missing_spurious,0.15,1.0,0.2405,2000
tep,2,0,ACM-SVM,mixed_missing_spurious,0.2,0.1666667,0.4735,2000
tep,2,0,ACM-SVM,mixed_missing_spurious,0.2,0.3333333,0.4735,2000
tep,2,0,ACM-SVM,mixed_missing_spurious,0.2,0.5,0.421,2000
tep,2,0,ACM-SVM,mixed_missing_spurious,0.2,0.6666667,0.342,2000
tep,2,0,ACM-SVM,mixed_missing_spurious,0.2,0.8333333,0.284,2000
tep,2,0,ACM-SVM,mixed_missing_spurious,0.2,1.0,0.2165,2000
tep,2,0,ACM-SVM,mixed_missing_spurious,0.25,0.1666667,0.4775,2000
tep,2,0,ACM-SVM,mixed_missing_spurious,0.25,0.3333333,0.4775,2000
tep,2,0,ACM-SVM,mixed_missing_spurious,0.25,0.5,0.4025,2000
tep,2,0,ACM-SVM,mixed_missing_spurious,0.25,0.6666667,0.3175,2000
tep,2,0,ACM-SVM,mixed_missing_spurious,0.25,0.8333333,0.2595,2000
tep,2,0,ACM-SVM,mixed_missing_spurious,0.25,1.0,0.2105,2000
tep,2,0,ACM-SVM,mixed_missing_spurious,0.3,0.1666667,0.4675,2000
tep,2,0,ACM-SVM,mixed_missing_spurious,0.3,0.3333333,0.4675,2000
tep,2,0,ACM-SVM,mixed_missing_spurious,0.3,0.5,0.382,2000
tep,2,0,ACM-SVM,mixed_missing_spurious,0.3,0.6666667,0.3025,2000
tep,2,0,ACM-SVM,mixed_missing_spurious,0.3,0.8333333,0.251,2000
tep,2,0,ACM-SVM,mixed_missing_spurious,0.3,1.0,0.207,2000
tep,2,0,ACM-SVM,mixed_missing_spurious,0.4,0.1666667,0.433,2000
tep,2,0,ACM-SVM,mixed_missing_spurious,0.4,0.3333333,0.433,2000
tep,2,0,ACM-SVM,mixed_missing_spurious,0.4,0.5,0.34,2000
tep,2,0,ACM-SVM,mixed_missing_spurious,0.4,0.6666667,0.2715,2000
tep,2,0,ACM-SVM,mixed_missing_spurious,0.4,0.8333333,0.232,2000
tep,2,0,ACM-SVM,mixed_missing_spurious,0.4,1.0,0.203,2000
tep,2,0,ACM-SVM,mixed_missing_spurious,0.5,0.1666667,0.4125,2000
tep,2,0,ACM-SVM,mixed_missing_spurious,0.5,0.3333333,0.4125,2000
tep,2,0,ACM-SVM,mixed_missing_spurious,0.5,0.5,0.338,2000
tep,2,0,ACM-SVM,mixed_missing_spurious,0.5,0.6666667,0.2645,2000
tep,2,0,ACM-SVM,mixed_missing_spurious,0.5,0.8333333,0.227,2000
tep,2,0,ACM-SVM,mixed_missing_spurious,0.5,1.0,0.205,2000
tep,2,0,ACM-SVM,mixed_missing_spurious,0.6,0.1666667,0.3955,2000
tep,2,0,ACM-SVM,mixed_missing_spurious,0.6,0.3333333,0.3955,2000
tep,2,0,ACM-SVM,mixed_missing_spurious,0.6,0.5,0.3365,2000
tep,2,0,ACM-SVM,mixed_missing_spurious,0.6,0.6666667,0.2675,2000
tep,2,0,ACM-SVM,mixed_missing_spurious,0.6,0.8333333,0.231,2000
tep,2,0,ACM-SVM,mixed_missing_spurious,0.6,1.0,0.2025,2000
tep,2,0,ACM-SVM,mixed_missing_spurious,0.7,0.1666667,0.367,2000
tep,2,0,ACM-SVM,mixed_missing_spurious,0.7,0.3333333,0.367,2000
tep,2,0,ACM-SVM,mixed_missing_spurious,0.7,0.5,0.352,2000
tep,2,0,ACM-SVM,mixed_missing_spurious,0.7,0.6666667,0.2845,2000
tep,2,0,ACM-SVM,mixed_missing_spurious,0.7,0.8333333,0.2415,2000
tep,2,0,ACM-SVM,mixed_missing_spurious,0.7,1.0,0.2035,2000
tep,2,0,ACM-SVM,mixed_missing_spurious,0.8,0.1666667,0.333,2000
tep,2,0,ACM-SVM,mixed_missing_spurious,0.8,0.3333333,0.333,2000
tep,2,0,ACM-SVM,mixed_missing_spurious,0.8,0.5,0.372,2000
tep,2,0,ACM-SVM,mixed_missing_spurious,0.8,0.6666667,0.313,2000
tep,2,0,ACM-SVM,mixed_missing_spurious,0.8,0.8333333,0.257,2000
tep,2,0,ACM-SVM,mixed_missing_spurious,0.8,1.0,0.2145,2000
tep,2,0,ACM-SVM,mixed_missing_spurious,0.9,0.1666667,0.2675,2000
tep,2,0,ACM-SVM,mixed_missing_spurious,0.9,0.3333333,0.2675,2000
tep,2,0,ACM-SVM,mixed_missing_spurious,0.9,0.5,0.3605,2000
tep,2,0,ACM-SVM,mixed_missing_spurious,0.9,0.6666667,0.38,2000
tep,2,0,ACM-SVM,mixed_missing_spurious,0.9,0.8333333,0.349,2000
tep,2,0,ACM-SVM,mixed_missing_spurious,0.9,1.0,0.2655,2000
tep,2,0,ACM-SVM,mixed_spurious_timing_late,0.0,0.1666667,0.55,2000
tep,2,0,ACM-SVM,mixed_spurious_timing_late,0.0,0.3333333,0.55,2000
tep,2,0,ACM-SVM,mixed_spurious_timing_late,0.0,0.5,0.665,2000
tep,2,0,ACM-SVM,mixed_spurious_timing_late,0.0,0.6666667,0.77,2000
tep,2,0,ACM-SVM,mixed_spurious_timing_late,0.0,0.8333333,0.855,2000
tep,2,0,ACM-SVM,mixed_spurious_timing_late,0.0,1.0,0.935,2000
tep,2,0,ACM-SVM,mixed_spurious_timing_late,0.05,0.1666667,0.466,2000
tep,2,0,ACM-SVM,mixed_spurious_timing_late,0.05,0.3333333,0.466,2000
tep,2,0,ACM-SVM,mixed_spurious_timing_late,0.05,0.5,0.543,2000
tep,2,0,ACM-SVM,mixed_spurious_timing_late,0.05,0.6666667,0.585,2000
tep,2,0,ACM-SVM,mixed_spurious_timing_late,0.05,0.8333333,0.577,2000
tep,2,0,ACM-SVM,mixed_spurious_timing_late,0.05,1.0,0.5235,2000
tep,2,0,ACM-SVM,mixed_spurious_timing_late,0.1,0.1666667,0.4575,2000
tep,2,0,ACM-SVM,mixed_spurious_timing_late,0.1,0.3333333,0.4575,2000
tep,2,0,ACM-SVM,mixed_spurious_timing_late,0.1,0.5,0.509,2000
tep,2,0,ACM-SVM,mixed_spurious_timing_late,0.1,0.6666667,0.4875,2000
tep,2,0,ACM-SVM,mixed_spurious_timing_late,0.1,0.8333333,0.4385,2000
tep,2,0,ACM-SVM,mixed_spurious_timing_late,0.1,1.0,0.3595,2000
tep,2,0,ACM-SVM,mixed_spurious_timing_late,0.15,0.1666667,0.4045,2000
tep,2,0,ACM-SVM,mixed_spurious_timing_late,0.15,0.3333333,0.4045,2000
tep,2,0,ACM-SVM,mixed_spurious_timing_late,0.15,0.5,0.426,2000
tep,2,0,ACM-SVM,mixed_spurious_timing_late,0.15,0.6666667,0.387,2000
tep,2,0,ACM-SVM,mixed_spurious_timing_late,0.15,0.8333333,0.337,2000
tep,2,0,ACM-SVM,mixed_spurious_timing_late,0.15,1.0,0.27,2000
tep,2,0,ACM-SVM,mixed_spurious_timing_late,0.2,0.1666667,0.398,2000
tep,2,0,ACM-SVM,mixed_spurious_timing_late,0.2,0.3333333,0.398,2000
tep,2,0,ACM-SVM,mixed_spurious_timing_late,0.2,0.5,0.371,2000
tep,2,0,ACM-SVM,mixed_spurious_timing_late,0.2,0.6666667,0.3215,2000
tep,2,0,ACM-SVM,mixed_spurious_timing_late,0.2,0.8333333,0.3215,2000
tep,2,0,ACM-SVM,mixed_spurious_timing_late,0.2,1.0,0.2325,2000
tep,2,0,ACM-SVM,mixed_spurious_timing_late,0.25,0.1666667,0.3875,2000
tep,2,0,ACM-SVM,mixed_spurious_timing_late,0.25,0.3333333,0.3875,2000
tep,2,0,ACM-SVM,mixed_spurious_timing_late,0.25,0.5,0.3255,2000
tep,2,0,ACM-SVM,mixed_spurious_timing_late,0.25,0.6666667,0.3255,2000
tep,2,0,ACM-SVM,mixed_spurious_timing_late,0.25,0.8333333,0.2705,2000
tep,2,0,ACM-SVM,mixed_spurious_timing_late,0.25,1.0,0.218,2000
tep,2,0,ACM-SVM,mixed_spurious_timing_late,0.3,0.1666667,0.3785,2000
tep,2,0,ACM-SVM,mixed_spurious_timing_late,0.3,0.3333333,0.3785,2000
tep,2,0,ACM-SVM,mixed_spurious_timing_late,0.3,0.5,0.3045,2000
tep,2,0,ACM-SVM,mixed_spurious_timing_late,0.3,0.6666667,0.3045,2000
tep,2,0,ACM-SVM,mixed_spurious_timing_late,0.3,0.8333333,0.2485,2000
tep,2,0,ACM-SVM,mixed_spurious_timing_late,0.3,1.0,0.21,2000
tep,2,0,ACM-SVM,mixed_spurious_timing_late,0.4,0.1666667,0.3405,2000
tep,2,0,ACM-SVM,mixed_spurious_timing_late,0.4,0.3333333,0.3405,2000
tep,2,0,ACM-SVM,mixed_spurious_timing_late,0.4,0.5,0.3405,2000
tep,2,0,ACM-SVM,mixed_spurious_timing_late,0.4,0.6666667,0.246,2000
tep,2,0,ACM-SVM,mixed_spurious_timing_late,0.4,0.8333333,0.246,2000
tep,2,0,ACM-SVM,mixed_spurious_timing_late,0.4,1.0,0.2045,2000
tep,2,0,ACM-SVM,mixed_spurious_timing_late,0.5,0.1666667,0.3085,2000
tep,2,0,ACM-SVM,mixed_spurious_timing_late,0.5,0.3333333,0.3085,2000
tep,2,0,ACM-SVM,mixed_spurious_timing_late,0.5,0.5,0.3085,2000
tep,2,0,ACM-SVM,mixed_spurious_timing_late,0.5,0.6666667,0.3085,2000
tep,2,0,ACM-SVM,mixed_spurious_timing_late,0.5,0.8333333,0.2305,2000
tep,2,0,ACM-SVM,mixed_spurious_timing_late,0.5,1.0,0.2095,2000
tep,2,0,ACM-SVM,mixed_spurious_timing_late,0.6,0.1666667,0.2835,2000
tep,2,0,ACM-SVM,mixed_spurious_timing_late,0.6,0.3333333,0.2835,2000
tep,2,0,ACM-SVM,mixed_spurious_timing_late,0.6,0.5,0.2835,2000
tep,2,0,ACM-SVM,mixed_spurious_timing_late,0.6,0.6666667,0.2835,2000
tep,2,0,ACM-SVM,mixed_spurious_timing_late,0.6,0.8333333,0.2835,2000
tep,2,0,ACM-SVM,mixed_spurious_timing_late,0.6,1.0,0.209,2000
tep,2,0,ACM-SVM,mixed_spurious_timing_late,0.7,0.1666667,0.2565,2000
tep,2,0,ACM-SVM,mixed_spurious_timing_late,0.7,0.3333333,0.2565,2000
tep,2,0,ACM-SVM,mixed_spurious_timing_late,0.7,0.5,0.2565,2000
tep,2,0,ACM-SVM,mixed_spurious_timing_late,0.7,0.6666667,0.2565,2000
tep,2,0,ACM-SVM,mixed_spurious_timing_late,0.7,0.8333333,0.2565,2000
tep,2,0,ACM-SVM,mixed_spurious_timing_late,0.7,1.0,0.2145,2000
tep,2,0,ACM-SVM,mixed_spurious_timing_late,0.8,0.1666667,0.2495,2000
tep,2,0,ACM-SVM,mixed_spurious_timing_late,0.8,0.3333333,0.2495,2000
tep,2,0,ACM-SVM,mixed_spurious_timing_late,0.8,0.5,0.2495,2000
tep,2,0,ACM-SVM,mixed_spurious_timing_late,0.8,0.6666667,0.2495,2000
tep,2,0,ACM-SVM,mixed_spurious_timing_late,0.8,0.8333333,0.2495,2000
tep,2,0,ACM-SVM,mixed_spurious_timing_late,0.8,1.0,0.229,2000
tep,2,0,ACM-SVM,mixed_spurious_timing_late,0.9,0.1666667,0.275,2000
tep,2,0,ACM-SVM,mixed_spurious_timing_late,0.9,0.3333333,0.275,2000
tep,2,0,ACM-SVM,mixed_spurious_timing_late,0.9,0.5,0.275,2000
tep,2,0,ACM-SVM,mixed_spurious_timing_late,0.9,0.6666667,0.275,2000
tep,2,0,ACM-SVM,mixed_spurious_timing_late,0.9,0.8333333,0.275,2000
tep,2,0,ACM-SVM,mixed_spurious_timing_late,0.9,1.0,0.275,2000
tep,2,0,ACM-SVM,spurious_events,0.0,0.1666667,0.55,2000
tep,2,0,ACM-SVM,spurious_events,0.0,0.3333333,0.55,2000
tep,2,0,ACM-SVM,spurious_events,0.0,0.5,0.665,2000
tep,2,0,ACM-SVM,spurious_events,0.0,0.6666667,0.77,2000
tep,2,0,ACM-SVM,spurious_events,0.0,0.8333333,0.855,2000
tep,2,0,ACM-SVM,spurious_events,0.0,1.0,0.935,2000
tep,2,0,ACM-SVM,spurious_events,0.05,0.1666667,0.5435,2000
tep,2,0,ACM-SVM,spurious_events,0.05,0.3333333,0.5435,2000
tep,2,0,ACM-SVM,spurious_events,0.05,0.5,0.608,2000
tep,2,0,ACM-SVM,spurious_events,0.05,0.6666667,0.6555,2000
tep,2,0,ACM-SVM,spurious_events,0.05,0.8333333,0.651,2000
tep,2,0,ACM-SVM,spurious_events,0.05,1.0,0.5835,2000
tep,2,0,ACM-SVM,spurious_events,0.1,0.1666667,0.5435,2000
tep,2,0,ACM-SVM,spurious_events,0.1,0.3333333,0.5435,2000
tep,2,0,ACM-SVM,spurious_events,0.1,0.5,0.549,2000
tep,2,0,ACM-SVM,spurious_events,0.1,0.6666667,0.5205,2000
tep,2,0,ACM-SVM,spurious_events,0.1,0.8333333,0.47,2000
tep,2,0,ACM-SVM,spurious_events,0.1,1.0,0.3355,2000
tep,2,0,ACM-SVM,spurious_events,0.15,0.1666667,0.5285,2000
tep,2,0,ACM-SVM,spurious_events,0.15,0.3333333,0.5285,2000
tep,2,0,ACM-SVM,spurious_events,0.15,0.5,0.487,2000
tep,2,0,ACM-SVM,spurious_events,0.15,0.6666667,0.4315,2000
tep,2,0,ACM-SVM,spurious_events,0.15,0.8333333,0.369,2000
tep,2,0,ACM-SVM,spurious_events,0.15,1.0,0.2555,2000
tep,2,0,ACM-SVM,spurious_events,0.2,0.1666667,0.5065,2000
tep,2,0,ACM-SVM,spurious_events,0.2,0.3333333,0.5065,2000
tep,2,0,ACM-SVM,spurious_events,0.2,0.5,0.4215,2000
tep,2,0,ACM-SVM,spurious_events,0.2,0.6666667,0.3545,2000
tep,2,0,ACM-SVM,spurious_events,0.2,0.8333333,0.2965,2000
tep,2,0,ACM-SVM,spurious_events,0.2,1.0,0.2185,2000
tep,2,0,ACM-SVM,spurious_events,0.25,0.1666667,0.48,2000
tep,2,0,ACM-SVM,spurious_events,0.25,0.3333333,0.48,2000
tep,2,0,ACM-SVM,spurious_events,0.25,0.5,0.3855,2000
tep,2,0,ACM-SVM,spurious_events,0.25,0.6666667,0.2985,2000
tep,2,0,ACM-SVM,spurious_events,0.25,0.8333333,0.2555,2000
tep,2,0,ACM-SVM,spurious_events,0.25,1.0,0.2065,2000
tep,2,0,ACM-SVM,spurious_events,0.3,0.1666667,0.4675,2000
tep,2,0,ACM-SVM,spurious_events,0.3,0.3333333,0.4675,2000
tep,2,0,ACM-SVM,spurious_events,0.3,0.5,0.357,2000
tep,2,0,ACM-SVM,spurious_events,0.3,0.6666667,0.276,2000
tep,2,0,ACM-SVM,spurious_events,0.3,0.8333333,0.234,2000
tep,2,0,ACM-SVM,spurious_events,0.3,1.0,0.202,2000
tep,2,0,ACM-SVM,spurious_events,0.4,0.1666667,0.412,2000
tep,2,0,ACM-SVM,spurious_events,0.4,0.3333333,0.412,2000
tep,2,0,ACM-SVM,spurious_events,0.4,0.5,0.2855,2000
tep,2,0,ACM-SVM,spurious_events,0.4,0.6666667,0.232,2000
tep,2,0,ACM-SVM,spurious_events,0.4,0.8333333,0.21,2000
tep,2,0,ACM-SVM,spurious_events,0.4,1.0,0.2005,2000
tep,2,0,ACM-SVM,spurious_events,0.5,0.1666667,0.3735,2000
tep,2,0,ACM-SVM,spurious_events,0.5,0.3333333,0.3735,2000
tep,2,0,ACM-SVM,spurious_events,0.5,0.5,0.2475,2000
tep,2,0,ACM-SVM,spurious_events,0.5,0.6666667,0.2135,2000
tep,2,0,ACM-SVM,spurious_events,0.5,0.8333333,0.2015,2000
tep,2,0,ACM-SVM,spurious_events,0.5,1.0,0.2,2000
tep,2,0,ACM-SVM,spurious_events,0.6,0.1666667,0.348,2000
tep,2,0,ACM-SVM,spurious_events,0.6,0.3333333,0.348,2000
tep,2,0,ACM-SVM,spurious_events,0.6,0.5,0.2365,2000
tep,2,0,ACM-SVM,spurious_events,0.6,0.6666667,0.211,2000
tep,2,0,ACM-SVM,spurious_events,0.6,0.8333333,0.202,2000
tep,2,0,ACM-SVM,spurious_events,0.6,1.0,0.2,2000
tep,2,0,ACM-SVM,spurious_events,0.7,0.1666667,0.312,2000
tep,2,0,ACM-SVM,spurious_events,0.7,0.3333333,0.312,2000
tep,2,0,ACM-SVM,spurious_events,0.7,0.5,0.2235,2000
tep,2,0,ACM-SVM,spurious_events,0.7,0.6666667,0.2035,2000
tep,2,0,ACM-SVM,spurious_events,0.7,0.8333333,0.201,2000
tep,2,0,ACM-SVM,spurious_events,0.7,1.0,0.2,2000
tep,2,0,ACM-SVM,spurious_events,0.8,0.1666667,0.2845,2000
tep,2,0,ACM-SVM,spurious_events,0.8,0.3333333,0.2845,2000
tep,2,0,ACM-SVM,spurious_events,0.8,0.5,0.212,2000
tep,2,0,ACM-SVM,spurious_events,0.8,0.6666667,0.2025,2000
tep,2,0,ACM-SVM,spurious_events,0.8,0.8333333,0.2,2000
tep,2,0,ACM-SVM,spurious_events,0.8,1.0,0.2,2000
tep,2,0,ACM-SVM,spurious_events,0.9,0.1666667,0.265,2000
tep,2,0,ACM-SVM,spurious_events,0.9,0.3333333,0.265,2000
tep,2,0,ACM-SVM,spurious_events,0.9,0.5,0.2055,2000
tep,2,0,ACM-SVM,spurious_events,0.9,0.6666667,0.2005,2000
tep,2,0,ACM-SVM,spurious_events,0.9,0.8333333,0.2,2000
tep,2,0,ACM-SVM,spurious_events,0.9,1.0,0.2,2000
tep,2,0,ACM-SVM,timing_uncertainty,0.0,0.1666667,0.55,2000
tep,2,0,ACM-SVM,timing_uncertainty,0.0,0.3333333,0.55,2000
tep,2,0,ACM-SVM,timing_uncertainty,0.0,0.5,0.665,2000
tep,2,0,ACM-SVM,timing_uncertainty,0.0,0.6666667,0.77,2000
tep,2,0,ACM-SVM,timing_uncertainty,0.0,0.8333333,0.855,2000
tep,2,0,ACM-SVM,timing_uncertainty,0.0,1.0,0.935,2000
tep,2,0,ACM-SVM,timing_uncertainty,0.05,0.1666667,0.545,2000
tep,2,0,ACM-SVM,timing_uncertainty,0.05,0.3333333,0.545,2000
tep,2,0,ACM-SVM,timing_uncertainty,0.05,0.5,0.663,2000
tep,2,0,ACM-SVM,timing_uncertainty,0.05,0.6666667,0.7705,2000
tep,2,0,ACM-SVM,timing_uncertainty,0.05,0.8333333,0.8555,2000
tep,2,0,ACM-SVM,timing_uncertainty,0.05,1.0,0.9335,2000
tep,2,0,ACM-SVM,timing_uncertainty,0.1,0.1666667,0.544,2000
tep,2,0,ACM-SVM,timing_uncertainty,0.1,0.3333333,0.544,2000
tep,2,0,ACM-SVM,timing_uncertainty,0.1,0.5,0.658,2000
tep,2,0,ACM-SVM,timing_uncertainty,0.1,0.6666667,0.769,2000
tep,2,0,ACM-SVM,timing_uncertainty,0.1,0.8333333,0.843,2000
tep,2,0,ACM-SVM,timing_uncertainty,0.1,1.0,0.924,2000
tep,2,0,ACM-SVM,timing_uncertainty,0.15,0.1666667,0.5435,2000
tep,2,0,ACM-SVM,timing_uncertainty,0.15,0.3333333,0.5435,2000
tep,2,0,ACM-SVM,timing_uncertainty,0.15,0.5,0.655,2000
tep,2,0,ACM-SVM,timing_uncertainty,0.15,0.6666667,0.767,2000
tep,2,0,ACM-SVM,timing_uncertainty,0.15,0.8333333,0.81,2000
tep,2,0,ACM-SVM,timing_uncertainty,0.15,1.0,0.822,2000
tep,2,0,ACM-SVM,timing_uncertainty,0.2,0.1666667,0.543,2000
tep,2,0,ACM-SVM,timing_uncertainty,0.2,0.3333333,0.543,2000
tep,2,0,ACM-SVM,timing_uncertainty,0.2,0.5,0.639,2000
tep,2,0,ACM-SVM,timing_uncertainty,0.2,0.6666667,0.7445,2000
tep,2,0,ACM-SVM,timing_uncertainty,0.2,0.8333333,0.756,2000
tep,2,0,ACM-SVM,timing_uncertainty,0.2,1.0,0.73,2000
tep,2,0,ACM-SVM,timing_uncertainty,0.25,0.1666667,0.5345,2000
tep,2,0,ACM-SVM,timing_uncertainty,0.25,0.3333333,0.5345,2000
tep,2,0,ACM-SVM,timing_uncertainty,0.25,0.5,0.6345,2000
tep,2,0,ACM-SVM,timing_uncertainty,0.25,0.6666667,0.716,2000
tep,2,0,ACM-SVM,timing_uncertainty,0.25,0.8333333,0.712,2000
tep,2,0,ACM-SVM,timing_uncertainty,0.25,1.0,0.6625,2000
tep,2,0,ACM-SVM,timing_uncertainty,0.3,0.1666667,0.544,2000
tep,2,0,ACM-SVM,timing_uncertainty,0.3,0.3333333,0.544,2000
tep,2,0,ACM-SVM,timing_uncertainty,0.3,0.5,0.636,2000
tep,2,0,ACM-SVM,timing_uncertainty,0.3,0.6666667,0.686,2000
tep,2,0,ACM-SVM,timing_uncertainty,0.3,0.8333333,0.6685,2000
tep,2,0,ACM-SVM,timing_uncertainty,0.3,1.0,0.594,2000
tep,2,0,ACM-SVM,timing_uncertainty,0.4,0.1666667,0.5615,2000
tep,2,0,ACM-SVM,timing_uncertainty,0.4,0.3333333,0.5615,2000
tep,2,0,ACM-SVM,timing_uncertainty,0.4,0.5,0.6155,2000
tep,2,0,ACM-SVM,timing_uncertainty,0.4,0.6666667,0.6255,2000
tep,2,0,ACM-SVM,timing_uncertainty,0.4,0.8333333,0.5775,2000
tep,2,0,ACM-SVM,timing_uncertainty,0.4,1.0,0.508,2000
tep,2,0,ACM-SVM,timing_uncertainty,0.5,0.1666667,0.5585,2000
tep,2,0,ACM-SVM,timing_uncertainty,0.5,0.3333333,0.5585,2000
tep,2,0,ACM-SVM,timing_uncertainty,0.5,0.5,0.602,2000
tep,2,0,ACM-SVM,timing_uncertainty,0.5,0.6666667,0.5795,2000
tep,2,0,ACM-SVM,timing_uncertainty,0.5,0.8333333,0.527,2000
tep,2,0,ACM-SVM,timing_uncertainty,0.5,1.0,0.4615,2000
tep,2,0,ACM-SVM,timing_uncertainty,0.6,0.1666667,0.5605,2000
tep,2,0,ACM-SVM,timing_uncertainty,0.6,0.3333333,0.5605,2000
tep,2,0,ACM-SVM,timing_uncertainty,0.6,0.5,0.578,2000
tep,2,0,ACM-SVM,timing_uncertainty,0.6,0.6666667,0.557,2000
tep,2,0,ACM-SVM,timing_uncertainty,0.6,0.8333333,0.494,2000
tep,2,0,ACM-SVM,timing_uncertainty,0.6,1.0,0.4245,2000
tep,2,0,ACM-SVM,timing_uncertainty,0.7,0.1666667,0.554,2000
tep,2,0,ACM-SVM,timing_uncertainty,0.7,0.3333333,0.554,2000
tep,2,0,ACM-SVM,timing_uncertainty,0.7,0.5,0.569,2000
tep,2,0,ACM-SVM,timing_uncertainty,0.7,0.6666667,0.531,2000
tep,2,0,ACM-SVM,timing_uncertainty,0.7,0.8333333,0.475,2000
tep,2,0,ACM-SVM,timing_uncertainty,0.7,1.0,0.3965,2000
tep,2,0,ACM-SVM,timing_uncertainty,0.8,0.1666667,0.572,2000
tep,2,0,ACM-SVM,timing_uncertainty,0.8,0.3333333,0.572,2000
tep,2,0,ACM-SVM,timing_uncertainty,0.8,0.5,0.5585,2000
tep,2,0,ACM-SVM,timing_uncertainty,0.8,0.6666667,0.5065,2000
tep,2,0,ACM-SVM,timing_uncertainty,0.8,0.8333333,0.4555,2000
tep,2,0,ACM-SVM,timing_uncertainty,0.8,1.0,0.3725,2000
tep,2,0,ACM-SVM,timing_uncertainty,0.9,0.1666667,0.5435,2000
tep,2,0,ACM-SVM,timing_uncertainty,0.9,0.3333333,0.5435,2000
tep,2,0,ACM-SVM,timing_uncertainty,0.9,0.5,0.5445,2000
tep,2,0,ACM-SVM,timing_uncertainty,0.9,0.6666667,0.4905,2000
tep,2,0,ACM-SVM,timing_uncertainty,0.9,0.8333333,0.4405,2000
tep,2,0,ACM-SVM,timing_uncertainty,0.9,1.0,0.3585,2000
tep,2,0,CASIM-prefix,late_time_delay,0.0,0.1666667,0.905,2000
tep,2,0,CASIM-prefix,late_time_delay,0.0,0.3333333,0.905,2000
tep,2,0,CASIM-prefix,late_time_delay,0.0,0.5,0.98,2000
tep,2,0,CASIM-prefix,late_time_delay,0.0,0.6666667,0.98,2000
tep,2,0,CASIM-prefix,late_time_delay,0.0,0.8333333,1.0,2000
tep,2,0,CASIM-prefix,late_time_delay,0.0,1.0,0.995,2000
tep,2,0,CASIM-prefix,late_time_delay,0.05,0.1666667,0.355,2000
tep,2,0,CASIM-prefix,late_time_delay,0.05,0.3333333,0.355,2000
tep,2,0,CASIM-prefix,late_time_delay,0.05,0.5,0.72,2000
tep,2,0,CASIM-prefix,late_time_delay,0.05,0.6666667,0.795,2000
tep,2,0,CASIM-prefix,late_time_delay,0.05,0.8333333,0.895,2000
tep,2,0,CASIM-prefix,late_time_delay,0.05,1.0,0.995,2000
tep,2,0,CASIM-prefix,late_time_delay,0.1,0.1666667,0.325,2000
tep,2,0,CASIM-prefix,late_time_delay,0.1,0.3333333,0.325,2000
tep,2,0,CASIM-prefix,late_time_delay,0.1,0.5,0.68,2000
tep,2,0,CASIM-prefix,late_time_delay,0.1,0.6666667,0.795,2000
tep,2,0,CASIM-prefix,late_time_delay,0.1,0.8333333,0.9,2000
tep,2,0,CASIM-prefix,late_time_delay,0.1,1.0,0.99,2000
tep,2,0,CASIM-prefix,late_time_delay,0.15,0.1666667,0.36,2000
tep,2,0,CASIM-prefix,late_time_delay,0.15,0.3333333,0.36,2000
tep,2,0,CASIM-prefix,late_time_delay,0.15,0.5,0.63,2000
tep,2,0,CASIM-prefix,late_time_delay,0.15,0.6666667,0.79,2000
tep,2,0,CASIM-prefix,late_time_delay,0.15,0.8333333,0.905,2000
tep,2,0,CASIM-prefix,late_time_delay,0.15,1.0,0.99,2000
tep,2,0,CASIM-prefix,late_time_delay,0.2,0.1666667,0.405,2000
tep,2,0,CASIM-prefix,late_time_delay,0.2,0.3333333,0.405,2000
tep,2,0,CASIM-prefix,late_time_delay,0.2,0.5,0.63,2000
tep,2,0,CASIM-prefix,late_time_delay,0.2,0.6666667,0.785,2000
tep,2,0,CASIM-prefix,late_time_delay,0.2,0.8333333,0.785,2000
tep,2,0,CASIM-prefix,late_time_delay,0.2,1.0,0.99,2000
tep,2,0,CASIM-prefix,late_time_delay,0.25,0.1666667,0.44,2000
tep,2,0,CASIM-prefix,late_time_delay,0.25,0.3333333,0.44,2000
tep,2,0,CASIM-prefix,late_time_delay,0.25,0.5,0.615,2000
tep,2,0,CASIM-prefix,late_time_delay,0.25,0.6666667,0.615,2000
tep,2,0,CASIM-prefix,late_time_delay,0.25,0.8333333,0.725,2000
tep,2,0,CASIM-prefix,late_time_delay,0.25,1.0,0.96,2000
tep,2,0,CASIM-prefix,late_time_delay,0.3,0.1666667,0.465,2000
tep,2,0,CASIM-prefix,late_time_delay,0.3,0.3333333,0.465,2000
tep,2,0,CASIM-prefix,late_time_delay,0.3,0.5,0.56,2000
tep,2,0,CASIM-prefix,late_time_delay,0.3,0.6666667,0.56,2000
tep,2,0,CASIM-prefix,late_time_delay,0.3,0.8333333,0.67,2000
tep,2,0,CASIM-prefix,late_time_delay,0.3,1.0,0.94,2000
tep,2,0,CASIM-prefix,late_time_delay,0.4,0.1666667,0.45,2000
tep,2,0,CASIM-prefix,late_time_delay,0.4,0.3333333,0.45,2000
tep,2,0,CASIM-prefix,late_time_delay,0.4,0.5,0.45,2000
tep,2,0,CASIM-prefix,late_time_delay,0.4,0.6666667,0.565,2000
tep,2,0,CASIM-prefix,late_time_delay,0.4,0.8333333,0.565,2000
tep,2,0,CASIM-prefix,late_time_delay,0.4,1.0,0.925,2000
tep,2,0,CASIM-prefix,late_time_delay,0.5,0.1666667,0.38,2000
tep,2,0,CASIM-prefix,late_time_delay,0.5,0.3333333,0.38,2000
tep,2,0,CASIM-prefix,late_time_delay,0.5,0.5,0.38,2000
tep,2,0,CASIM-prefix,late_time_delay,0.5,0.6666667,0.38,2000
tep,2,0,CASIM-prefix,late_time_delay,0.5,0.8333333,0.33,2000
tep,2,0,CASIM-prefix,late_time_delay,0.5,1.0,0.83,2000
tep,2,0,CASIM-prefix,late_time_delay,0.6,0.1666667,0.275,2000
tep,2,0,CASIM-prefix,late_time_delay,0.6,0.3333333,0.275,2000
tep,2,0,CASIM-prefix,late_time_delay,0.6,0.5,0.275,2000
tep,2,0,CASIM-prefix,late_time_delay,0.6,0.6666667,0.275,2000
tep,2,0,CASIM-prefix,late_time_delay,0.6,0.8333333,0.275,2000
tep,2,0,CASIM-prefix,late_time_delay,0.6,1.0,0.73,2000
tep,2,0,CASIM-prefix,late_time_delay,0.7,0.1666667,0.335,2000
tep,2,0,CASIM-prefix,late_time_delay,0.7,0.3333333,0.335,2000
tep,2,0,CASIM-prefix,late_time_delay,0.7,0.5,0.335,2000
tep,2,0,CASIM-prefix,late_time_delay,0.7,0.6666667,0.335,2000
tep,2,0,CASIM-prefix,late_time_delay,0.7,0.8333333,0.335,2000
tep,2,0,CASIM-prefix,late_time_delay,0.7,1.0,0.685,2000
tep,2,0,CASIM-prefix,late_time_delay,0.8,0.1666667,0.205,2000
tep,2,0,CASIM-prefix,late_time_delay,0.8,0.3333333,0.205,2000
tep,2,0,CASIM-prefix,late_time_delay,0.8,0.5,0.205,2000
tep,2,0,CASIM-prefix,late_time_delay,0.8,0.6666667,0.205,2000
tep,2,0,CASIM-prefix,late_time_delay,0.8,0.8333333,0.205,2000
tep,2,0,CASIM-prefix,late_time_delay,0.8,1.0,0.535,2000
tep,2,0,CASIM-prefix,late_time_delay,0.9,0.1666667,0.335,2000
tep,2,0,CASIM-prefix,late_time_delay,0.9,0.3333333,0.335,2000
tep,2,0,CASIM-prefix,late_time_delay,0.9,0.5,0.335,2000
tep,2,0,CASIM-prefix,late_time_delay,0.9,0.6666667,0.335,2000
tep,2,0,CASIM-prefix,late_time_delay,0.9,0.8333333,0.335,2000
tep,2,0,CASIM-prefix,late_time_delay,0.9,1.0,0.335,2000
tep,2,0,CASIM-prefix,missing_events,0.0,0.1666667,0.905,2000
tep,2,0,CASIM-prefix,missing_events,0.0,0.3333333,0.905,2000
tep,2,0,CASIM-prefix,missing_events,0.0,0.5,0.98,2000
tep,2,0,CASIM-prefix,missing_events,0.0,0.6666667,0.98,2000
tep,2,0,CASIM-prefix,missing_events,0.0,0.8333333,1.0,2000
tep,2,0,CASIM-prefix,missing_events,0.0,1.0,0.995,2000
tep,2,0,CASIM-prefix,missing_events,0.05,0.1666667,0.884,2000
tep,2,0,CASIM-prefix,missing_events,0.05,0.3333333,0.884,2000
tep,2,0,CASIM-prefix,missing_events,0.05,0.5,0.9645,2000
tep,2,0,CASIM-prefix,missing_events,0.05,0.6666667,0.97,2000
tep,2,0,CASIM-prefix,missing_events,0.05,0.8333333,0.995,2000
tep,2,0,CASIM-prefix,missing_events,0.05,1.0,0.995,2000
tep,2,0,CASIM-prefix,missing_events,0.1,0.1666667,0.85,2000
tep,2,0,CASIM-prefix,missing_events,0.1,0.3333333,0.85,2000
tep,2,0,CASIM-prefix,missing_events,0.1,0.5,0.945,2000
tep,2,0,CASIM-prefix,missing_events,0.1,0.6666667,0.9535,2000
tep,2,0,CASIM-prefix,missing_events,0.1,0.8333333,0.9835,2000
tep,2,0,CASIM-prefix,missing_events,0.1,1.0,0.994,2000
tep,2,0,CASIM-prefix,missing_events,0.15,0.1666667,0.816,2000
tep,2,0,CASIM-prefix,missing_events,0.15,0.3333333,0.816,2000
tep,2,0,CASIM-prefix,missing_events,0.15,0.5,0.919,2000
tep,2,0,CASIM-prefix,missing_events,0.15,0.6666667,0.9375,2000
tep,2,0,CASIM-prefix,missing_events,0.15,0.8333333,0.978,2000
tep,2,0,CASIM-prefix,missing_events,0.15,1.0,0.993,2000
tep,2,0,CASIM-prefix,missing_events,0.2,0.1666667,0.798,2000
tep,2,0,CASIM-prefix,missing_events,0.2,0.3333333,0.798,2000
tep,2,0,CASIM-prefix,missing_events,0.2,0.5,0.9045,2000
tep,2,0,CASIM-prefix,missing_events,0.2,0.6666667,0.924,2000
tep,2,0,CASIM-prefix,missing_events,0.2,0.8333333,0.962,2000
tep,2,0,CASIM-prefix,missing_events,0.2,1.0,0.9905,2000
tep,2,0,CASIM-prefix,missing_events,0.25,0.1666667,0.766,2000
tep,2,0,CASIM-prefix,missing_events,0.25,0.3333333,0.766,2000
tep,2,0,CASIM-prefix,missing_events,0.25,0.5,0.8685,2000
tep,2,0,CASIM-prefix,missing_events,0.25,0.6666667,0.9005,2000
tep,2,0,CASIM-prefix,missing_events,0.25,0.8333333,0.932,2000
tep,2,0,CASIM-prefix,missing_events,0.25,1.0,0.989,2000
tep,2,0,CASIM-prefix,missing_events,0.3,0.1666667,0.737,2000
tep,2,0,CASIM-prefix,missing_events,0.3,0.3333333,0.737,2000
tep,2,0,CASIM-prefix,missing_events,0.3,0.5,0.847,2000
tep,2,0,CASIM-prefix,missing_events,0.3,0.6666667,0.888,2000
tep,2,0,CASIM-prefix,missing_events,0.3,0.8333333,0.925,2000
tep,2,0,CASIM-prefix,missing_events,0.3,1.0,0.988,2000
tep,2,0,CASIM-prefix,missing_events,0.4,0.1666667,0.6875,2000
tep,2,0,CASIM-prefix,missing_events,0.4,0.3333333,0.6875,2000
tep,2,0,CASIM-prefix,missing_events,0.4,0.5,0.797,2000
tep,2,0,CASIM-prefix,missing_events,0.4,0.6666667,0.847,2000
tep,2,0,CASIM-prefix,missing_events,0.4,0.8333333,0.8865,2000
tep,2,0,CASIM-prefix,missing_events,0.4,1.0,0.9735,2000
tep,2,0,CASIM-prefix,missing_events,0.5,0.1666667,0.604,2000
tep,2,0,CASIM-prefix,missing_events,0.5,0.3333333,0.604,2000
tep,2,0,CASIM-prefix,missing_events,0.5,0.5,0.7045,2000
tep,2,0,CASIM-prefix,missing_events,0.5,0.6666667,0.77,2000
tep,2,0,CASIM-prefix,missing_events,0.5,0.8333333,0.7935,2000
tep,2,0,CASIM-prefix,missing_events,0.5,1.0,0.9455,2000
tep,2,0,CASIM-prefix,missing_events,0.6,0.1666667,0.5505,2000
tep,2,0,CASIM-prefix,missing_events,0.6,0.3333333,0.5505,2000
tep,2,0,CASIM-prefix,missing_events,0.6,0.5,0.6295,2000
tep,2,0,CASIM-prefix,missing_events,0.6,0.6666667,0.695,2000
tep,2,0,CASIM-prefix,missing_events,0.6,0.8333333,0.706,2000
tep,2,0,CASIM-prefix,missing_events,0.6,1.0,0.9155,2000
tep,2,0,CASIM-prefix,missing_events,0.7,0.1666667,0.4785,2000
tep,2,0,CASIM-prefix,missing_events,0.7,0.3333333,0.4785,2000
tep,2,0,CASIM-prefix,missing_events,0.7,0.5,0.5415,2000
tep,2,0,CASIM-prefix,missing_events,0.7,0.6666667,0.61,2000
tep,2,0,CASIM-prefix,missing_events,0.7,0.8333333,0.6045,2000
tep,2,0,CASIM-prefix,missing_events,0.7,1.0,0.837,2000
tep,2,0,CASIM-prefix,missing_events,0.8,0.1666667,0.384,2000
tep,2,0,CASIM-prefix,missing_events,0.8,0.3333333,0.384,2000
tep,2,0,CASIM-prefix,missing_events,0.8,0.5,0.4085,2000
tep,2,0,CASIM-prefix,missing_events,0.8,0.6666667,0.4735,2000
tep,2,0,CASIM-prefix,missing_events,0.8,0.8333333,0.449,2000
tep,2,0,CASIM-prefix,missing_events,0.8,1.0,0.734,2000
tep,2,0,CASIM-prefix,missing_events,0.9,0.1666667,0.301,2000
tep,2,0,CASIM-prefix,missing_events,0.9,0.3333333,0.301,2000
tep,2,0,CASIM-prefix,missing_events,0.9,0.5,0.2835,2000
tep,2,0,CASIM-prefix,missing_events,0.9,0.6666667,0.324,2000
tep,2,0,CASIM-prefix,missing_events,0.9,0.8333333,0.2975,2000
tep,2,0,CASIM-prefix,missing_events,0.9,1.0,0.5305,2000
tep,2,0,CASIM-prefix,mixed_missing_spurious,0.0,0.1666667,0.905,2000
tep,2,0,CASIM-prefix,mixed_missing_spurious,0.0,0.3333333,0.905,2000
tep,2,0,CASIM-prefix,mixed_missing_spurious,0.0,0.5,0.98,2000
tep,2,0,CASIM-prefix,mixed_missing_spurious,0.0,0.6666667,0.98,2000
tep,2,0,CASIM-prefix,mixed_missing_spurious,0.0,0.8333333,1.0,2000
tep,2,0,CASIM-prefix,mixed_missing_spurious,0.0,1.0,0.995,2000
tep,2,0,CASIM-prefix,mixed_missing_spurious,0.05,0.1666667,0.8715,2000
tep,2,0,CASIM-prefix,mixed_missing_spurious,0.05,0.3333333,0.8715,2000
tep,2,0,CASIM-prefix,mixed_missing_spurious,0.05,0.5,0.9445,2000
tep,2,0,CASIM-prefix,mixed_missing_spurious,0.05,0.6666667,0.959,2000
tep,2,0,CASIM-prefix,mixed_missing_spurious,0.05,0.8333333,0.9925,2000
tep,2,0,CASIM-prefix,mixed_missing_spurious,0.05,1.0,0.9965,2000
tep,2,0,CASIM-prefix,mixed_missing_spurious,0.1,0.1666667,0.8295,2000
tep,2,0,CASIM-prefix,mixed_missing_spurious,0.1,0.3333333,0.8295,2000
tep,2,0,CASIM-prefix,mixed_missing_spurious,0.1,0.5,0.903,2000
tep,2,0,CASIM-prefix,mixed_missing_spurious,0.1,0.6666667,0.9315,2000
tep,2,0,CASIM-prefix,mixed_missing_spurious,0.1,0.8333333,0.9715,2000
tep,2,0,CASIM-prefix,mixed_missing_spurious,0.1,1.0,0.9915,2000
tep,2,0,CASIM-prefix,mixed_missing_spurious,0.15,0.1666667,0.7915,2000
tep,2,0,CASIM-prefix,mixed_missing_spurious,0.15,0.3333333,0.7915,2000
tep,2,0,CASIM-prefix,mixed_missing_spurious,0.15,0.5,0.8695,2000
tep,2,0,CASIM-prefix,mixed_missing_spurious,0.15,0.6666667,0.906,2000
tep,2,0,CASIM-prefix,mixed_missing_spurious,0.15,0.8333333,0.95,2000
tep,2,0,CASIM-prefix,mixed_missing_spurious,0.15,1.0,0.9855,2000
tep,2,0,CASIM-prefix,mixed_missing_spurious,0.2,0.1666667,0.7375,2000
tep,2,0,CASIM-prefix,mixed_missing_spurious,0.2,0.3333333,0.7375,2000
tep,2,0,CASIM-prefix,mixed_missing_spurious,0.2,0.5,0.819,2000
tep,2,0,CASIM-prefix,mixed_missing_spurious,0.2,0.6666667,0.8765,2000
tep,2,0,CASIM-prefix,mixed_missing_spurious,0.2,0.8333333,0.915,2000
tep,2,0,CASIM-prefix,mixed_missing_spurious,0.2,1.0,0.966,2000
tep,2,0,CASIM-prefix,mixed_missing_spurious,0.25,0.1666667,0.7285,2000
tep,2,0,CASIM-prefix,mixed_missing_spurious,0.25,0.3333333,0.7285,2000
tep,2,0,CASIM-prefix,mixed_missing_spurious,0.25,0.5,0.8015,2000
tep,2,0,CASIM-prefix,mixed_missing_spurious,0.25,0.6666667,0.8465,2000
tep,2,0,CASIM-prefix,mixed_missing_spurious,0.25,0.8333333,0.886,2000
tep,2,0,CASIM-prefix,mixed_missing_spurious,0.25,1.0,0.9585,2000
tep,2,0,CASIM-prefix,mixed_missing_spurious,0.3,0.1666667,0.6815,2000
tep,2,0,CASIM-prefix,mixed_missing_spurious,0.3,0.3333333,0.6815,2000
tep,2,0,CASIM-prefix,mixed_missing_spurious,0.3,0.5,0.7585,2000
tep,2,0,CASIM-prefix,mixed_missing_spurious,0.3,0.6666667,0.819,2000
tep,2,0,CASIM-prefix,mixed_missing_spurious,0.3,0.8333333,0.86,2000
tep,2,0,CASIM-prefix,mixed_missing_spurious,0.3,1.0,0.938,2000
tep,2,0,CASIM-prefix,mixed_missing_spurious,0.4,0.1666667,0.6015,2000
tep,2,0,CASIM-prefix,mixed_missing_spurious,0.4,0.3333333,0.6015,2000
tep,2,0,CASIM-prefix,mixed_missing_spurious,0.4,0.5,0.695,2000
tep,2,0,CASIM-prefix,mixed_missing_spurious,0.4,0.6666667,0.757,2000
tep,2,0,CASIM-prefix,mixed_missing_spurious,0.4,0.8333333,0.806,2000
tep,2,0,CASIM-prefix,mixed_missing_spurious,0.4,1.0,0.875,2000
tep,2,0,CASIM-prefix,mixed_missing_spurious,0.5,0.1666667,0.561,2000
tep,2,0,CASIM-prefix,mixed_missing_spurious,0.5,0.3333333,0.561,2000
tep,2,0,CASIM-prefix,mixed_missing_spurious,0.5,0.5,0.6235,2000
tep,2,0,CASIM-prefix,mixed_missing_spurious,0.5,0.6666667,0.696,2000
tep,2,0,CASIM-prefix,mixed_missing_spurious,0.5,0.8333333,0.7355,2000
tep,2,0,CASIM-prefix,mixed_missing_spurious,0.5,1.0,0.81,2000
tep,2,0,CASIM-prefix,mixed_missing_spurious,0.6,0.1666667,0.5125,2000
tep,2,0,CASIM-prefix,mixed_missing_spurious,0.6,0.3333333,0.5125,2000
tep,2,0,CASIM-prefix,mixed_missing_spurious,0.6,0.5,0.6055,2000
tep,2,0,CASIM-prefix,mixed_missing_spurious,0.6,0.6666667,0.6615,2000
tep,2,0,CASIM-prefix,mixed_missing_spurious,0.6,0.8333333,0.6745,2000
tep,2,0,CASIM-prefix,mixed_missing_spurious,0.6,1.0,0.767,2000
tep,2,0,CASIM-prefix,mixed_missing_spurious,0.7,0.1666667,0.4635,2000
tep,2,0,CASIM-prefix,mixed_missing_spurious,0.7,0.3333333,0.4635,2000
tep,2,0,CASIM-prefix,mixed_missing_spurious,0.7,0.5,0.5245,2000
tep,2,0,CASIM-prefix,mixed_missing_spurious,0.7,0.6666667,0.5855,2000
tep,2,0,CASIM-prefix,mixed_missing_spurious,0.7,0.8333333,0.599,2000
tep,2,0,CASIM-prefix,mixed_missing_spurious,0.7,1.0,0.681,2000
tep,2,0,CASIM-prefix,mixed_missing_spurious,0.8,0.1666667,0.3885,2000
tep,2,0,CASIM-prefix,mixed_missing_spurious,0.8,0.3333333,0.3885,2000
tep,2,0,CASIM-prefix,mixed_missing_spurious,0.8,0.5,0.4315,2000
tep,2,0,CASIM-prefix,mixed_missing_spurious,0.8,0.6666667,0.522,2000
tep,2,0,CASIM-prefix,mixed_missing_spurious,0.8,0.8333333,0.519,2000
tep,2,0,CASIM-prefix,mixed_missing_spurious,0.8,1.0,0.611,2000
tep,2,0,CASIM-prefix,mixed_missing_spurious,0.9,0.1666667,0.325,2000
tep,2,0,CASIM-prefix,mixed_missing_spurious,0.9,0.3333333,0.325,2000
tep,2,0,CASIM-prefix,mixed_missing_spurious,0.9,0.5,0.347,2000
tep,2,0,CASIM-prefix,mixed_missing_spurious,0.9,0.6666667,0.3915,2000
tep,2,0,CASIM-prefix,mixed_missing_spurious,0.9,0.8333333,0.3735,2000
tep,2,0,CASIM-prefix,mixed_missing_spurious,0.9,1.0,0.4955,2000
tep,2,0,CASIM-prefix,mixed_spurious_timing_late,0.0,0.1666667,0.905,2000
tep,2,0,CASIM-prefix,mixed_spurious_timing_late,0.0,0.3333333,0.905,2000
tep,2,0,CASIM-prefix,mixed_spurious_timing_late,0.0,0.5,0.98,2000
tep,2,0,CASIM-prefix,mixed_spurious_timing_late,0.0,0.6666667,0.98,2000
tep,2,0,CASIM-prefix,mixed_spurious_timing_late,0.0,0.8333333,1.0,2000
tep,2,0,CASIM-prefix,mixed_spurious_timing_late,0.0,1.0,0.995,2000
tep,2,0,CASIM-prefix,mixed_spurious_timing_late,0.05,0.1666667,0.351,2000
tep,2,0,CASIM-prefix,mixed_spurious_timing_late,0.05,0.3333333,0.351,2000
tep,2,0,CASIM-prefix,mixed_spurious_timing_late,0.05,0.5,0.6885,2000
tep,2,0,CASIM-prefix,mixed_spurious_timing_late,0.05,0.6666667,0.7985,2000
tep,2,0,CASIM-prefix,mixed_spurious_timing_late,0.05,0.8333333,0.9045,2000
tep,2,0,CASIM-prefix,mixed_spurious_timing_late,0.05,1.0,0.99,2000
tep,2,0,CASIM-prefix,mixed_spurious_timing_late,0.1,0.1666667,0.326,2000
tep,2,0,CASIM-prefix,mixed_spurious_timing_late,0.1,0.3333333,0.326,2000
tep,2,0,CASIM-prefix,mixed_spurious_timing_late,0.1,0.5,0.6325,2000
tep,2,0,CASIM-prefix,mixed_spurious_timing_late,0.1,0.6666667,0.775,2000
tep,2,0,CASIM-prefix,mixed_spurious_timing_late,0.1,0.8333333,0.9005,2000
tep,2,0,CASIM-prefix,mixed_spurious_timing_late,0.1,1.0,0.984,2000
tep,2,0,CASIM-prefix,mixed_spurious_timing_late,0.15,0.1666667,0.325,2000
tep,2,0,CASIM-prefix,mixed_spurious_timing_late,0.15,0.3333333,0.325,2000
tep,2,0,CASIM-prefix,mixed_spurious_timing_late,0.15,0.5,0.5495,2000
tep,2,0,CASIM-prefix,mixed_spurious_timing_late,0.15,0.6666667,0.717,2000
tep,2,0,CASIM-prefix,mixed_spurious_timing_late,0.15,0.8333333,0.8895,2000
tep,2,0,CASIM-prefix,mixed_spurious_timing_late,0.15,1.0,0.9685,2000
tep,2,0,CASIM-prefix,mixed_spurious_timing_late,0.2,0.1666667,0.339,2000
tep,2,0,CASIM-prefix,mixed_spurious_timing_late,0.2,0.3333333,0.339,2000
tep,2,0,CASIM-prefix,mixed_spurious_timing_late,0.2,0.5,0.504,2000
tep,2,0,CASIM-prefix,mixed_spurious_timing_late,0.2,0.6666667,0.6775,2000
tep,2,0,CASIM-prefix,mixed_spurious_timing_late,0.2,0.8333333,0.6775,2000
tep,2,0,CASIM-prefix,mixed_spurious_timing_late,0.2,1.0,0.929,2000
tep,2,0,CASIM-prefix,mixed_spurious_timing_late,0.25,0.1666667,0.349,2000
tep,2,0,CASIM-prefix,mixed_spurious_timing_late,0.25,0.3333333,0.349,2000
tep,2,0,CASIM-prefix,mixed_spurious_timing_late,0.25,0.5,0.4765,2000
tep,2,0,CASIM-prefix,mixed_spurious_timing_late,0.25,0.6666667,0.4765,2000
tep,2,0,CASIM-prefix,mixed_spurious_timing_late,0.25,0.8333333,0.6615,2000
tep,2,0,CASIM-prefix,mixed_spurious_timing_late,0.25,1.0,0.878,2000
tep,2,0,CASIM-prefix,mixed_spurious_timing_late,0.3,0.1666667,0.3735,2000
tep,2,0,CASIM-prefix,mixed_spurious_timing_late,0.3,0.3333333,0.3735,2000
tep,2,0,CASIM-prefix,mixed_spurious_timing_late,0.3,0.5,0.4355,2000
tep,2,0,CASIM-prefix,mixed_spurious_timing_late,0.3,0.6666667,0.4355,2000
tep,2,0,CASIM-prefix,mixed_spurious_timing_late,0.3,0.8333333,0.5965,2000
tep,2,0,CASIM-prefix,mixed_spurious_timing_late,0.3,1.0,0.8105,2000
tep,2,0,CASIM-prefix,mixed_spurious_timing_late,0.4,0.1666667,0.3325,2000
tep,2,0,CASIM-prefix,mixed_spurious_timing_late,0.4,0.3333333,0.3325,2000
tep,2,0,CASIM-prefix,mixed_spurious_timing_late,0.4,0.5,0.3325,2000
tep,2,0,CASIM-prefix,mixed_spurious_timing_late,0.4,0.6666667,0.4085,2000
tep,2,0,CASIM-prefix,mixed_spurious_timing_late,0.4,0.8333333,0.4085,2000
tep,2,0,CASIM-prefix,mixed_spurious_timing_late,0.4,1.0,0.6535,2000
tep,2,0,CASIM-prefix,mixed_spurious_timing_late,0.5,0.1666667,0.3455,2000
tep,2,0,CASIM-prefix,mixed_spurious_timing_late,0.5,0.3333333,0.3455,2000
tep,2,0,CASIM-prefix,mixed_spurious_timing_late,0.5,0.5,0.3455,2000
tep,2,0,CASIM-prefix,mixed_spurious_timing_late,0.5,0.6666667,0.3455,2000
tep,2,0,CASIM-prefix,mixed_spurious_timing_late,0.5,0.8333333,0.359,2000
tep,2,0,CASIM-prefix,mixed_spurious_timing_late,0.5,1.0,0.519,2000
tep,2,0,CASIM-prefix,mixed_spurious_timing_late,0.6,0.1666667,0.298,2000
tep,2,0,CASIM-prefix,mixed_spurious_timing_late,0.6,0.3333333,0.298,2000
tep,2,0,CASIM-prefix,mixed_spurious_timing_late,0.6,0.5,0.298,2000
tep,2,0,CASIM-prefix,mixed_spurious_timing_late,0.6,0.6666667,0.298,2000
tep,2,0,CASIM-prefix,mixed_spurious_timing_late,0.6,0.8333333,0.298,2000
tep,2,0,CASIM-prefix,mixed_spurious_timing_late,0.6,1.0,0.435,2000
tep,2,0,CASIM-prefix,mixed_spurious_timing_late,0.7,0.1666667,0.3265,2000
tep,2,0,CASIM-prefix,mixed_spurious_timing_late,0.7,0.3333333,0.3265,2000
tep,2,0,CASIM-prefix,mixed_spurious_timing_late,0.7,0.5,0.3265,2000
tep,2,0,CASIM-prefix,mixed_spurious_timing_late,0.7,0.6666667,0.3265,2000
tep,2,0,CASIM-prefix,mixed_spurious_timing_late,0.7,0.8333333,0.3265,2000
tep,2,0,CASIM-prefix,mixed_spurious_timing_late,0.7,1.0,0.3645,2000
tep,2,0,CASIM-prefix,mixed_spurious_timing_late,0.8,0.1666667,0.2275,2000
tep,2,0,CASIM-prefix,mixed_spurious_timing_late,0.8,0.3333333,0.2275,2000
tep,2,0,CASIM-prefix,mixed_spurious_timing_late,0.8,0.5,0.2275,2000
tep,2,0,CASIM-prefix,mixed_spurious_timing_late,0.8,0.6666667,0.2275,2000
tep,2,0,CASIM-prefix,mixed_spurious_timing_late,0.8,0.8333333,0.2275,2000
tep,2,0,CASIM-prefix,mixed_spurious_timing_late,0.8,1.0,0.3525,2000
tep,2,0,CASIM-prefix,mixed_spurious_timing_late,0.9,0.1666667,0.301,2000
tep,2,0,CASIM-prefix,mixed_spurious_timing_late,0.9,0.3333333,0.301,2000
tep,2,0,CASIM-prefix,mixed_spurious_timing_late,0.9,0.5,0.301,2000
tep,2,0,CASIM-prefix,mixed_spurious_timing_late,0.9,0.6666667,0.301,2000
tep,2,0,CASIM-prefix,mixed_spurious_timing_late,0.9,0.8333333,0.301,2000
tep,2,0,CASIM-prefix,mixed_spurious_timing_late,0.9,1.0,0.301,2000
tep,2,0,CASIM-prefix,spurious_events,0.0,0.1666667,0.905,2000
tep,2,0,CASIM-prefix,spurious_events,0.0,0.3333333,0.905,2000
tep,2,0,CASIM-prefix,spurious_events,0.0,0.5,0.98,2000
tep,2,0,CASIM-prefix,spurious_events,0.0,0.6666667,0.98,2000
tep,2,0,CASIM-prefix,spurious_events,0.0,0.8333333,1.0,2000
tep,2,0,CASIM-prefix,spurious_events,0.0,1.0,0.995,2000
tep,2,0,CASIM-prefix,spurious_events,0.05,0.1666667,0.8935,2000
tep,2,0,CASIM-prefix,spurious_events,0.05,0.3333333,0.8935,2000
tep,2,0,CASIM-prefix,spurious_events,0.05,0.5,0.9595,2000
tep,2,0,CASIM-prefix,spurious_events,0.05,0.6666667,0.969,2000
tep,2,0,CASIM-prefix,spurious_events,0.05,0.8333333,0.998,2000
tep,2,0,CASIM-prefix,spurious_events,0.05,1.0,0.9955,2000
tep,2,0,CASIM-prefix,spurious_events,0.1,0.1666667,0.871,2000
tep,2,0,CASIM-prefix,spurious_events,0.1,0.3333333,0.871,2000
tep,2,0,CASIM-prefix,spurious_events,0.1,0.5,0.929,2000
tep,2,0,CASIM-prefix,spurious_events,0.1,0.6666667,0.948,2000
tep,2,0,CASIM-prefix,spurious_events,0.1,0.8333333,0.986,2000
tep,2,0,CASIM-prefix,spurious_events,0.1,1.0,0.9945,2000
tep,2,0,CASIM-prefix,spurious_events,0.15,0.1666667,0.87,2000
tep,2,0,CASIM-prefix,spurious_events,0.15,0.3333333,0.87,2000
tep,2,0,CASIM-prefix,spurious_events,0.15,0.5,0.9085,2000
tep,2,0,CASIM-prefix,spurious_events,0.15,0.6666667,0.9315,2000
tep,2,0,CASIM-prefix,spurious_events,0.15,0.8333333,0.9635,2000
tep,2,0,CASIM-prefix,spurious_events,0.15,1.0,0.9895,2000
tep,2,0,CASIM-prefix,spurious_events,0.2,0.1666667,0.84,2000
tep,2,0,CASIM-prefix,spurious_events,0.2,0.3333333,0.84,2000
tep,2,0,CASIM-prefix,spurious_events,0.2,0.5,0.8635,2000
tep,2,0,CASIM-prefix,spurious_events,0.2,0.6666667,0.894,2000
tep,2,0,CASIM-prefix,spurious_events,0.2,0.8333333,0.9425,2000
tep,2,0,CASIM-prefix,spurious_events,0.2,1.0,0.98,2000
tep,2,0,CASIM-prefix,spurious_events,0.25,0.1666667,0.827,2000
tep,2,0,CASIM-prefix,spurious_events,0.25,0.3333333,0.827,2000
tep,2,0,CASIM-prefix,spurious_events,0.25,0.5,0.835,2000
tep,2,0,CASIM-prefix,spurious_events,0.25,0.6666667,0.885,2000
tep,2,0,CASIM-prefix,spurious_events,0.25,0.8333333,0.92,2000
tep,2,0,CASIM-prefix,spurious_events,0.25,1.0,0.9725,2000
tep,2,0,CASIM-prefix,spurious_events,0.3,0.1666667,0.8235,2000
tep,2,0,CASIM-prefix,spurious_events,0.3,0.3333333,0.8235,2000
tep,2,0,CASIM-prefix,spurious_events,0.3,0.5,0.816,2000
tep,2,0,CASIM-prefix,spurious_events,0.3,0.6666667,0.8495,2000
tep,2,0,CASIM-prefix,spurious_events,0.3,0.8333333,0.8965,2000
tep,2,0,CASIM-prefix,spurious_events,0.3,1.0,0.9585,2000
tep,2,0,CASIM-prefix,spurious_events,0.4,0.1666667,0.7785,2000
tep,2,0,CASIM-prefix,spurious_events,0.4,0.3333333,0.7785,2000
tep,2,0,CASIM-prefix,spurious_events,0.4,0.5,0.7425,2000
tep,2,0,CASIM-prefix,spurious_events,0.4,0.6666667,0.7825,2000
tep,2,0,CASIM-prefix,spurious_events,0.4,0.8333333,0.854,2000
tep,2,0,CASIM-prefix,spurious_events,0.4,1.0,0.8985,2000
tep,2,0,CASIM-prefix,spurious_events,0.5,0.1666667,0.751,2000
tep,2,0,CASIM-prefix,spurious_events,0.5,0.3333333,0.751,2000
tep,2,0,CASIM-prefix,spurious_events,0.5,0.5,0.689,2000
tep,2,0,CASIM-prefix,spurious_events,0.5,0.6666667,0.747,2000
tep,2,0,CASIM-prefix,spurious_events,0.5,0.8333333,0.8055,2000
tep,2,0,CASIM-prefix,spurious_events,0.5,1.0,0.8335,2000
tep,2,0,CASIM-prefix,spurious_events,0.6,0.1666667,0.7245,2000
tep,2,0,CASIM-prefix,spurious_events,0.6,0.3333333,0.7245,2000
tep,2,0,CASIM-prefix,spurious_events,0.6,0.5,0.6595,2000
tep,2,0,CASIM-prefix,spurious_events,0.6,0.6666667,0.6975,2000
tep,2,0,CASIM-prefix,spurious_events,0.6,0.8333333,0.7635,2000
tep,2,0,CASIM-prefix,spurious_events,0.6,1.0,0.781,2000
tep,2,0,CASIM-prefix,spurious_events,0.7,0.1666667,0.697,2000
tep,2,0,CASIM-prefix,spurious_events,0.7,0.3333333,0.697,2000
tep,2,0,CASIM-prefix,spurious_events,0.7,0.5,0.6005,2000
tep,2,0,CASIM-prefix,spurious_events,0.7,0.6666667,0.659,2000
tep,2,0,CASIM-prefix,spurious_events,0.7,0.8333333,0.732,2000
tep,2,0,CASIM-prefix,spurious_events,0.7,1.0,0.716,2000
tep,2,0,CASIM-prefix,spurious_events,0.8,0.1666667,0.6755,2000
tep,2,0,CASIM-prefix,spurious_events,0.8,0.3333333,0.6755,2000
tep,2,0,CASIM-prefix,spurious_events,0.8,0.5,0.562,2000
tep,2,0,CASIM-prefix,spurious_events,0.8,0.6666667,0.606,2000
tep,2,0,CASIM-prefix,spurious_events,0.8,0.8333333,0.7095,2000
tep,2,0,CASIM-prefix,spurious_events,0.8,1.0,0.6795,2000
tep,2,0,CASIM-prefix,spurious_events,0.9,0.1666667,0.667,2000
tep,2,0,CASIM-prefix,spurious_events,0.9,0.3333333,0.667,2000
tep,2,0,CASIM-prefix,spurious_events,0.9,0.5,0.5285,2000
tep,2,0,CASIM-prefix,spurious_events,0.9,0.6666667,0.5995,2000
tep,2,0,CASIM-prefix,spurious_events,0.9,0.8333333,0.6715,2000
tep,2,0,CASIM-prefix,spurious_events,0.9,1.0,0.6265,2000
tep,2,0,CASIM-prefix,timing_uncertainty,0.0,0.1666667,0.905,2000
tep,2,0,CASIM-prefix,timing_uncertainty,0.0,0.3333333,0.905,2000
tep,2,0,CASIM-prefix,timing_uncertainty,0.0,0.5,0.98,2000
tep,2,0,CASIM-prefix,timing_uncertainty,0.0,0.6666667,0.98,2000
tep,2,0,CASIM-prefix,timing_uncertainty,0.0,0.8333333,1.0,2000
tep,2,0,CASIM-prefix,timing_uncertainty,0.0,1.0,0.995,2000
tep,2,0,CASIM-prefix,timing_uncertainty,0.05,0.1666667,0.9035,2000
tep,2,0,CASIM-prefix,timing_uncertainty,0.05,0.3333333,0.9035,2000
tep,2,0,CASIM-prefix,timing_uncertainty,0.05,0.5,0.9785,2000
tep,2,0,CASIM-prefix,timing_uncertainty,0.05,0.6666667,0.98,2000
tep,2,0,CASIM-prefix,timing_uncertainty,0.05,0.8333333,1.0,2000
tep,2,0,CASIM-prefix,timing_uncertainty,0.05,1.0,0.995,2000
tep,2,0,CASIM-prefix,timing_uncertainty,0.1,0.1666667,0.9055,2000
tep,2,0,CASIM-prefix,timing_uncertainty,0.1,0.3333333,0.9055,2000
tep,2,0,CASIM-prefix,timing_uncertainty,0.1,0.5,0.9765,2000
tep,2,0,CASIM-prefix,timing_uncertainty,0.1,0.6666667,0.978,2000
tep,2,0,CASIM-prefix,timing_uncertainty,0.1,0.8333333,1.0,2000
tep,2,0,CASIM-prefix,timing_uncertainty,0.1,1.0,0.9955,2000
tep,2,0,CASIM-prefix,timing_uncertainty,0.15,0.1666667,0.8975,2000
tep,2,0,CASIM-prefix,timing_uncertainty,0.15,0.3333333,0.8975,2000
tep,2,0,CASIM-prefix,timing_uncertainty,0.15,0.5,0.9685,2000
tep,2,0,CASIM-prefix,timing_uncertainty,0.15,0.6666667,0.9775,2000
tep,2,0,CASIM-prefix,timing_uncertainty,0.15,0.8333333,1.0,2000
tep,2,0,CASIM-prefix,timing_uncertainty,0.15,1.0,0.995,2000
tep,2,0,CASIM-prefix,timing_uncertainty,0.2,0.1666667,0.8905,2000
tep,2,0,CASIM-prefix,timing_uncertainty,0.2,0.3333333,0.8905,2000
tep,2,0,CASIM-prefix,timing_uncertainty,0.2,0.5,0.965,2000
tep,2,0,CASIM-prefix,timing_uncertainty,0.2,0.6666667,0.974,2000
tep,2,0,CASIM-prefix,timing_uncertainty,0.2,0.8333333,0.9995,2000
tep,2,0,CASIM-prefix,timing_uncertainty,0.2,1.0,0.996,2000
tep,2,0,CASIM-prefix,timing_uncertainty,0.25,0.1666667,0.8915,2000
tep,2,0,CASIM-prefix,timing_uncertainty,0.25,0.3333333,0.8915,2000
tep,2,0,CASIM-prefix,timing_uncertainty,0.25,0.5,0.963,2000
tep,2,0,CASIM-prefix,timing_uncertainty,0.25,0.6666667,0.972,2000
tep,2,0,CASIM-prefix,timing_uncertainty,0.25,0.8333333,0.997,2000
tep,2,0,CASIM-prefix,timing_uncertainty,0.25,1.0,0.995,2000
tep,2,0,CASIM-prefix,timing_uncertainty,0.3,0.1666667,0.8915,2000
tep,2,0,CASIM-prefix,timing_uncertainty,0.3,0.3333333,0.8915,2000
tep,2,0,CASIM-prefix,timing_uncertainty,0.3,0.5,0.9605,2000
tep,2,0,CASIM-prefix,timing_uncertainty,0.3,0.6666667,0.969,2000
tep,2,0,CASIM-prefix,timing_uncertainty,0.3,0.8333333,0.997,2000
tep,2,0,CASIM-prefix,timing_uncertainty,0.3,1.0,0.996,2000
tep,2,0,CASIM-prefix,timing_uncertainty,0.4,0.1666667,0.8675,2000
tep,2,0,CASIM-prefix,timing_uncertainty,0.4,0.3333333,0.8675,2000
tep,2,0,CASIM-prefix,timing_uncertainty,0.4,0.5,0.9565,2000
tep,2,0,CASIM-prefix,timing_uncertainty,0.4,0.6666667,0.966,2000
tep,2,0,CASIM-prefix,timing_uncertainty,0.4,0.8333333,0.993,2000
tep,2,0,CASIM-prefix,timing_uncertainty,0.4,1.0,0.9965,2000
tep,2,0,CASIM-prefix,timing_uncertainty,0.5,0.1666667,0.8415,2000
tep,2,0,CASIM-prefix,timing_uncertainty,0.5,0.3333333,0.8415,2000
tep,2,0,CASIM-prefix,timing_uncertainty,0.5,0.5,0.9445,2000
tep,2,0,CASIM-prefix,timing_uncertainty,0.5,0.6666667,0.9655,2000
tep,2,0,CASIM-prefix,timing_uncertainty,0.5,0.8333333,0.9845,2000
tep,2,0,CASIM-prefix,timing_uncertainty,0.5,1.0,0.996,2000
tep,2,0,CASIM-prefix,timing_uncertainty,0.6,0.1666667,0.8175,2000
tep,2,0,CASIM-prefix,timing_uncertainty,0.6,0.3333333,0.8175,2000
tep,2,0,CASIM-prefix,timing_uncertainty,0.6,0.5,0.947,2000
tep,2,0,CASIM-prefix,timing_uncertainty,0.6,0.6666667,0.956,2000
tep,2,0,CASIM-prefix,timing_uncertainty,0.6,0.8333333,0.9815,2000
tep,2,0,CASIM-prefix,timing_uncertainty,0.6,1.0,0.9925,2000
tep,2,0,CASIM-prefix,timing_uncertainty,0.7,0.1666667,0.7805,2000
tep,2,0,CASIM-prefix,timing_uncertainty,0.7,0.3333333,0.7805,2000
tep,2,0,CASIM-prefix,timing_uncertainty,0.7,0.5,0.9345,2000
tep,2,0,CASIM-prefix,timing_uncertainty,0.7,0.6666667,0.951,2000
tep,2,0,CASIM-prefix,timing_uncertainty,0.7,0.8333333,0.977,2000
tep,2,0,CASIM-prefix,timing_uncertainty,0.7,1.0,0.994,2000
tep,2,0,CASIM-prefix,timing_uncertainty,0.8,0.1666667,0.735,2000
tep,2,0,CASIM-prefix,timing_uncertainty,0.8,0.3333333,0.735,2000
tep,2,0,CASIM-prefix,timing_uncertainty,0.8,0.5,0.9355,2000
tep,2,0,CASIM-prefix,timing_uncertainty,0.8,0.6666667,0.946,2000
tep,2,0,CASIM-prefix,timing_uncertainty,0.8,0.8333333,0.971,2000
tep,2,0,CASIM-prefix,timing_uncertainty,0.8,1.0,0.9915,2000
tep,2,0,CASIM-prefix,timing_uncertainty,0.9,0.1666667,0.6575,2000
tep,2,0,CASIM-prefix,timing_uncertainty,0.9,0.3333333,0.6575,2000
tep,2,0,CASIM-prefix,timing_uncertainty,0.9,0.5,0.9325,2000
tep,2,0,CASIM-prefix,timing_uncertainty,0.9,0.6666667,0.945,2000
tep,2,0,CASIM-prefix,timing_uncertainty,0.9,0.8333333,0.9645,2000
tep,2,0,CASIM-prefix,timing_uncertainty,0.9,1.0,0.9925,2000
tep,2,0,EAC-1NN,late_time_delay,0.0,0.1666667,0.68,2000
tep,2,0,EAC-1NN,late_time_delay,0.0,0.3333333,0.68,2000
tep,2,0,EAC-1NN,late_time_delay,0.0,0.5,0.705,2000
tep,2,0,EAC-1NN,late_time_delay,0.0,0.6666667,0.8,2000
tep,2,0,EAC-1NN,late_time_delay,0.0,0.8333333,0.875,2000
tep,2,0,EAC-1NN,late_time_delay,0.0,1.0,0.965,2000
tep,2,0,EAC-1NN,late_time_delay,0.05,0.1666667,0.64,2000
tep,2,0,EAC-1NN,late_time_delay,0.05,0.3333333,0.64,2000
tep,2,0,EAC-1NN,late_time_delay,0.05,0.5,0.745,2000
tep,2,0,EAC-1NN,late_time_delay,0.05,0.6666667,0.81,2000
tep,2,0,EAC-1NN,late_time_delay,0.05,0.8333333,0.9,2000
tep,2,0,EAC-1NN,late_time_delay,0.05,1.0,0.97,2000
tep,2,0,EAC-1NN,late_time_delay,0.1,0.1666667,0.645,2000
tep,2,0,EAC-1NN,late_time_delay,0.1,0.3333333,0.645,2000
tep,2,0,EAC-1NN,late_time_delay,0.1,0.5,0.74,2000
tep,2,0,EAC-1NN,late_time_delay,0.1,0.6666667,0.81,2000
tep,2,0,EAC-1NN,late_time_delay,0.1,0.8333333,0.94,2000
tep,2,0,EAC-1NN,late_time_delay,0.1,1.0,0.98,2000
tep,2,0,EAC-1NN,late_time_delay,0.15,0.1666667,0.65,2000
tep,2,0,EAC-1NN,late_time_delay,0.15,0.3333333,0.65,2000
tep,2,0,EAC-1NN,late_time_delay,0.15,0.5,0.745,2000
tep,2,0,EAC-1NN,late_time_delay,0.15,0.6666667,0.825,2000
tep,2,0,EAC-1NN,late_time_delay,0.15,0.8333333,0.95,2000
tep,2,0,EAC-1NN,late_time_delay,0.15,1.0,0.975,2000
tep,2,0,EAC-1NN,late_time_delay,0.2,0.1666667,0.63,2000
tep,2,0,EAC-1NN,late_time_delay,0.2,0.3333333,0.63,2000
tep,2,0,EAC-1NN,late_time_delay,0.2,0.5,0.8,2000
tep,2,0,EAC-1NN,late_time_delay,0.2,0.6666667,0.865,2000
tep,2,0,EAC-1NN,late_time_delay,0.2,0.8333333,0.865,2000
tep,2,0,EAC-1NN,late_time_delay,0.2,1.0,0.98,2000
tep,2,0,EAC-1NN,late_time_delay,0.25,0.1666667,0.675,2000
tep,2,0,EAC-1NN,late_time_delay,0.25,0.3333333,0.675,2000
tep,2,0,EAC-1NN,late_time_delay,0.25,0.5,0.855,2000
tep,2,0,EAC-1NN,late_time_delay,0.25,0.6666667,0.855,2000
tep,2,0,EAC-1NN,late_time_delay,0.25,0.8333333,0.9,2000
tep,2,0,EAC-1NN,late_time_delay,0.25,1.0,0.975,2000
tep,2,0,EAC-1NN,late_time_delay,0.3,0.1666667,0.705,2000
tep,2,0,EAC-1NN,late_time_delay,0.3,0.3333333,0.705,2000
tep,2,0,EAC-1NN,late_time_delay,0.3,0.5,0.86,2000
tep,2,0,EAC-1NN,late_time_delay,0.3,0.6666667,0.86,2000
tep,2,0,EAC-1NN,late_time_delay,0.3,0.8333333,0.945,2000
tep,2,0,EAC-1NN,late_time_delay,0.3,1.0,0.975,2000
tep,2,0,EAC-1NN,late_time_delay,0.4,0.1666667,0.72,2000
tep,2,0,EAC-1NN,late_time_delay,0.4,0.3333333,0.72,2000
tep,2,0,EAC-1NN,late_time_delay,0.4,0.5,0.72,2000
tep,2,0,EAC-1NN,late_time_delay,0.4,0.6666667,0.915,2000
tep,2,0,EAC-1NN,late_time_delay,0.4,0.8333333,0.915,2000
tep,2,0,EAC-1NN,late_time_delay,0.4,1.0,0.97,2000
tep,2,0,EAC-1NN,late_time_delay,0.5,0.1666667,0.76,2000
tep,2,0,EAC-1NN,late_time_delay,0.5,0.3333333,0.76,2000
tep,2,0,EAC-1NN,late_time_delay,0.5,0.5,0.76,2000
tep,2,0,EAC-1NN,late_time_delay,0.5,0.6666667,0.76,2000
tep,2,0,EAC-1NN,late_time_delay,0.5,0.8333333,0.905,2000
tep,2,0,EAC-1NN,late_time_delay,0.5,1.0,0.91,2000
tep,2,0,EAC-1NN,late_time_delay,0.6,0.1666667,0.805,2000
tep,2,0,EAC-1NN,late_time_delay,0.6,0.3333333,0.805,2000
tep,2,0,EAC-1NN,late_time_delay,0.6,0.5,0.805,2000
tep,2,0,EAC-1NN,late_time_delay,0.6,0.6666667,0.805,2000
tep,2,0,EAC-1NN,late_time_delay,0.6,0.8333333,0.805,2000
tep,2,0,EAC-1NN,late_time_delay,0.6,1.0,0.91,2000
tep,2,0,EAC-1NN,late_time_delay,0.7,0.1666667,0.705,2000
tep,2,0,EAC-1NN,late_time_delay,0.7,0.3333333,0.705,2000
tep,2,0,EAC-1NN,late_time_delay,0.7,0.5,0.705,2000
tep,2,0,EAC-1NN,late_time_delay,0.7,0.6666667,0.705,2000
tep,2,0,EAC-1NN,late_time_delay,0.7,0.8333333,0.705,2000
tep,2,0,EAC-1NN,late_time_delay,0.7,1.0,0.815,2000
tep,2,0,EAC-1NN,late_time_delay,0.8,0.1666667,0.725,2000
tep,2,0,EAC-1NN,late_time_delay,0.8,0.3333333,0.725,2000
tep,2,0,EAC-1NN,late_time_delay,0.8,0.5,0.725,2000
tep,2,0,EAC-1NN,late_time_delay,0.8,0.6666667,0.725,2000
tep,2,0,EAC-1NN,late_time_delay,0.8,0.8333333,0.725,2000
tep,2,0,EAC-1NN,late_time_delay,0.8,1.0,0.745,2000
tep,2,0,EAC-1NN,late_time_delay,0.9,0.1666667,0.625,2000
tep,2,0,EAC-1NN,late_time_delay,0.9,0.3333333,0.625,2000
tep,2,0,EAC-1NN,late_time_delay,0.9,0.5,0.625,2000
tep,2,0,EAC-1NN,late_time_delay,0.9,0.6666667,0.625,2000
tep,2,0,EAC-1NN,late_time_delay,0.9,0.8333333,0.625,2000
tep,2,0,EAC-1NN,late_time_delay,0.9,1.0,0.625,2000
tep,2,0,EAC-1NN,missing_events,0.0,0.1666667,0.68,2000
tep,2,0,EAC-1NN,missing_events,0.0,0.3333333,0.68,2000
tep,2,0,EAC-1NN,missing_events,0.0,0.5,0.705,2000
tep,2,0,EAC-1NN,missing_events,0.0,0.6666667,0.8,2000
tep,2,0,EAC-1NN,missing_events,0.0,0.8333333,0.875,2000
tep,2,0,EAC-1NN,missing_events,0.0,1.0,0.965,2000
tep,2,0,EAC-1NN,missing_events,0.05,0.1666667,0.6745,2000
tep,2,0,EAC-1NN,missing_events,0.05,0.3333333,0.6745,2000
tep,2,0,EAC-1NN,missing_events,0.05,0.5,0.7065,2000
tep,2,0,EAC-1NN,missing_events,0.05,0.6666667,0.7975,2000
tep,2,0,EAC-1NN,missing_events,0.05,0.8333333,0.8785,2000
tep,2,0,EAC-1NN,missing_events,0.05,1.0,0.9675,2000
tep,2,0,EAC-1NN,missing_events,0.1,0.1666667,0.6725,2000
tep,2,0,EAC-1NN,missing_events,0.1,0.3333333,0.6725,2000
tep,2,0,EAC-1NN,missing_events,0.1,0.5,0.7085,2000
tep,2,0,EAC-1NN,missing_events,0.1,0.6666667,0.7935,2000
tep,2,0,EAC-1NN,missing_events,0.1,0.8333333,0.8705,2000
tep,2,0,EAC-1NN,missing_events,0.1,1.0,0.9735,2000
tep,2,0,EAC-1NN,missing_events,0.15,0.1666667,0.6725,2000
tep,2,0,EAC-1NN,missing_events,0.15,0.3333333,0.6725,2000
tep,2,0,EAC-1NN,missing_events,0.15,0.5,0.7065,2000
tep,2,0,EAC-1NN,missing_events,0.15,0.6666667,0.7935,2000
tep,2,0,EAC-1NN,missing_events,0.15,0.8333333,0.878,2000
tep,2,0,EAC-1NN,missing_events,0.15,1.0,0.9735,2000
tep,2,0,EAC-1NN,missing_events,0.2,0.1666667,0.6695,2000
tep,2,0,EAC-1NN,missing_events,0.2,0.3333333,0.6695,2000
tep,2,0,EAC-1NN,missing_events,0.2,0.5,0.718,2000
tep,2,0,EAC-1NN,missing_events,0.2,0.6666667,0.785,2000
tep,2,0,EAC-1NN,missing_events,0.2,0.8333333,0.868,2000
tep,2,0,EAC-1NN,missing_events,0.2,1.0,0.972,2000
tep,2,0,EAC-1NN,missing_events,0.25,0.1666667,0.6645,2000
tep,2,0,EAC-1NN,missing_events,0.25,0.3333333,0.6645,2000
tep,2,0,EAC-1NN,missing_events,0.25,0.5,0.6995,2000
tep,2,0,EAC-1NN,missing_events,0.25,0.6666667,0.7855,2000
tep,2,0,EAC-1NN,missing_events,0.25,0.8333333,0.8615,2000
tep,2,0,EAC-1NN,missing_events,0.25,1.0,0.9715,2000
tep,2,0,EAC-1NN,missing_events,0.3,0.1666667,0.6475,2000
tep,2,0,EAC-1NN,missing_events,0.3,0.3333333,0.6475,2000
tep,2,0,EAC-1NN,missing_events,0.3,0.5,0.702,2000
tep,2,0,EAC-1NN,missing_events,0.3,0.6666667,0.783,2000
tep,2,0,EAC-1NN,missing_events,0.3,0.8333333,0.852,2000
tep,2,0,EAC-1NN,missing_events,0.3,1.0,0.9705,2000
tep,2,0,EAC-1NN,missing_events,0.4,0.1666667,0.6375,2000
tep,2,0,EAC-1NN,missing_events,0.4,0.3333333,0.6375,2000
tep,2,0,EAC-1NN,missing_events,0.4,0.5,0.702,2000
tep,2,0,EAC-1NN,missing_events,0.4,0.6666667,0.7745,2000
tep,2,0,EAC-1NN,missing_events,0.4,0.8333333,0.8395,2000
tep,2,0,EAC-1NN,missing_events,0.4,1.0,0.9645,2000
tep,2,0,EAC-1NN,missing_events,0.5,0.1666667,0.626,2000
tep,2,0,EAC-1NN,missing_events,0.5,0.3333333,0.626,2000
tep,2,0,EAC-1NN,missing_events,0.5,0.5,0.692,2000
tep,2,0,EAC-1NN,missing_events,0.5,0.6666667,0.771,2000
tep,2,0,EAC-1NN,missing_events,0.5,0.8333333,0.8315,2000
tep,2,0,EAC-1NN,missing_events,0.5,1.0,0.945,2000
tep,2,0,EAC-1NN,missing_events,0.6,0.1666667,0.5855,2000
tep,2,0,EAC-1NN,missing_events,0.6,0.3333333,0.5855,2000
tep,2,0,EAC-1NN,missing_events,0.6,0.5,0.655,2000
tep,2,0,EAC-1NN,missing_events,0.6,0.6666667,0.7495,2000
tep,2,0,EAC-1NN,missing_events,0.6,0.8333333,0.81,2000
tep,2,0,EAC-1NN,missing_events,0.6,1.0,0.9295,2000
tep,2,0,EAC-1NN,missing_events,0.7,0.1666667,0.5705,2000
tep,2,0,EAC-1NN,missing_events,0.7,0.3333333,0.5705,2000
tep,2,0,EAC-1NN,missing_events,0.7,0.5,0.6405,2000
tep,2,0,EAC-1NN,missing_events,0.7,0.6666667,0.7325,2000
tep,2,0,EAC-1NN,missing_events,0.7,0.8333333,0.782,2000
tep,2,0,EAC-1NN,missing_events,0.7,1.0,0.8935,2000
tep,2,0,EAC-1NN,missing_events,0.8,0.1666667,0.4785,2000
tep,2,0,EAC-1NN,missing_events,0.8,0.3333333,0.4785,2000
tep,2,0,EAC-1NN,missing_events,0.8,0.5,0.553,2000
tep,2,0,EAC-1NN,missing_events,0.8,0.6666667,0.643,2000
tep,2,0,EAC-1NN,missing_events,0.8,0.8333333,0.721,2000
tep,2,0,EAC-1NN,missing_events,0.8,1.0,0.832,2000
tep,2,0,EAC-1NN,missing_events,0.9,0.1666667,0.4055,2000
tep,2,0,EAC-1NN,missing_events,0.9,0.3333333,0.4055,2000
tep,2,0,EAC-1NN,missing_events,0.9,0.5,0.494,2000
tep,2,0,EAC-1NN,missing_events,0.9,0.6666667,0.5765,2000
tep,2,0,EAC-1NN,missing_events,0.9,0.8333333,0.6325,2000
tep,2,0,EAC-1NN,missing_events,0.9,1.0,0.736,2000
tep,2,0,EAC-1NN,mixed_missing_spurious,0.0,0.1666667,0.68,2000
tep,2,0,EAC-1NN,mixed_missing_spurious,0.0,0.3333333,0.68,2000
tep,2,0,EAC-1NN,mixed_missing_spurious,0.0,0.5,0.705,2000
tep,2,0,EAC-1NN,mixed_missing_spurious,0.0,0.6666667,0.8,2000
tep,2,0,EAC-1NN,mixed_missing_spurious,0.0,0.8333333,0.875,2000
tep,2,0,EAC-1NN,mixed_missing_spurious,0.0,1.0,0.965,2000
tep,2,0,EAC-1NN,mixed_missing_spurious,0.05,0.1666667,0.6545,2000
tep,2,0,EAC-1NN,mixed_missing_spurious,0.05,0.3333333,0.6545,2000
tep,2,0,EAC-1NN,mixed_missing_spurious,0.05,0.5,0.695,2000
tep,2,0,EAC-1NN,mixed_missing_spurious,0.05,0.6666667,0.797,2000
tep,2,0,EAC-1NN,mixed_missing_spurious,0.05,0.8333333,0.877,2000
tep,2,0,EAC-1NN,mixed_missing_spurious,0.05,1.0,0.966,2000
tep,2,0,EAC-1NN,mixed_missing_spurious,0.1,0.1666667,0.64,2000
tep,2,0,EAC-1NN,mixed_missing_spurious,0.1,0.3333333,0.64,2000
tep,2,0,EAC-1NN,mixed_missing_spurious,0.1,0.5,0.6935,2000
tep,2,0,EAC-1NN,mixed_missing_spurious,0.1,0.6666667,0.79,2000
tep,2,0,EAC-1NN,mixed_missing_spurious,0.1,0.8333333,0.8685,2000
tep,2,0,EAC-1NN,mixed_missing_spurious,0.1,1.0,0.9725,2000
tep,2,0,EAC-1NN,mixed_missing_spurious,0.15,0.1666667,0.6265,2000
tep,2,0,EAC-1NN,mixed_missing_spurious,0.15,0.3333333,0.6265,2000
tep,2,0,EAC-1NN,mixed_missing_spurious,0.15,0.5,0.691,2000
tep,2,0,EAC-1NN,mixed_missing_spurious,0.15,0.6666667,0.778,2000
tep,2,0,EAC-1NN,mixed_missing_spurious,0.15,0.8333333,0.851,2000
tep,2,0,EAC-1NN,mixed_missing_spurious,0.15,1.0,0.9755,2000
tep,2,0,EAC-1NN,mixed_missing_spurious,0.2,0.1666667,0.612,2000
tep,2,0,EAC-1NN,mixed_missing_spurious,0.2,0.3333333,0.612,2000
tep,2,0,EAC-1NN,mixed_missing_spurious,0.2,0.5,0.665,2000
tep,2,0,EAC-1NN,mixed_missing_spurious,0.2,0.6666667,0.7735,2000
tep,2,0,EAC-1NN,mixed_missing_spurious,0.2,0.8333333,0.843,2000
tep,2,0,EAC-1NN,mixed_missing_spurious,0.2,1.0,0.9685,2000
tep,2,0,EAC-1NN,mixed_missing_spurious,0.25,0.1666667,0.61,2000
tep,2,0,EAC-1NN,mixed_missing_spurious,0.25,0.3333333,0.61,2000
tep,2,0,EAC-1NN,mixed_missing_spurious,0.25,0.5,0.644,2000
tep,2,0,EAC-1NN,mixed_missing_spurious,0.25,0.6666667,0.7515,2000
tep,2,0,EAC-1NN,mixed_missing_spurious,0.25,0.8333333,0.8295,2000
tep,2,0,EAC-1NN,mixed_missing_spurious,0.25,1.0,0.9575,2000
tep,2,0,EAC-1NN,mixed_missing_spurious,0.3,0.1666667,0.5895,2000
tep,2,0,EAC-1NN,mixed_missing_spurious,0.3,0.3333333,0.5895,2000
tep,2,0,EAC-1NN,mixed_missing_spurious,0.3,0.5,0.657,2000
tep,2,0,EAC-1NN,mixed_missing_spurious,0.3,0.6666667,0.7525,2000
tep,2,0,EAC-1NN,mixed_missing_spurious,0.3,0.8333333,0.8255,2000
tep,2,0,EAC-1NN,mixed_missing_spurious,0.3,1.0,0.9565,2000
tep,2,0,EAC-1NN,mixed_missing_spurious,0.4,0.1666667,0.5625,2000
tep,2,0,EAC-1NN,mixed_missing_spurious,0.4,0.3333333,0.5625,2000
tep,2,0,EAC-1NN,mixed_missing_spurious,0.4,0.5,0.627,2000
tep,2,0,EAC-1NN,mixed_missing_spurious,0.4,0.6666667,0.713,2000
tep,2,0,EAC-1NN,mixed_missing_spurious,0.4,0.8333333,0.7985,2000
tep,2,0,EAC-1NN,mixed_missing_spurious,0.4,1.0,0.9355,2000
tep,2,0,EAC-1NN,mixed_missing_spurious,0.5,0.1666667,0.537,2000
tep,2,0,EAC-1NN,mixed_missing_spurious,0.5,0.3333333,0.537,2000
tep,2,0,EAC-1NN,mixed_missing_spurious,0.5,0.5,0.5935,2000
tep,2,0,EAC-1NN,mixed_missing_spurious,0.5,0.6666667,0.682,2000
tep,2,0,EAC-1NN,mixed_missing_spurious,0.5,0.8333333,0.7505,2000
tep,2,0,EAC-1NN,mixed_missing_spurious,0.5,1.0,0.8945,2000
tep,2,0,EAC-1NN,mixed_missing_spurious,0.6,0.1666667,0.5255,2000
tep,2,0,EAC-1NN,mixed_missing_spurious,0.6,0.3333333,0.5255,2000
tep,2,0,EAC-1NN,mixed_missing_spurious,0.6,0.5,0.575,2000
tep,2,0,EAC-1NN,mixed_missing_spurious,0.6,0.6666667,0.6495,2000
tep,2,0,EAC-1NN,mixed_missing_spurious,0.6,0.8333333,0.694,2000
tep,2,0,EAC-1NN,mixed_missing_spurious,0.6,1.0,0.8475,2000
tep,2,0,EAC-1NN,mixed_missing_spurious,0.7,0.1666667,0.49,2000
tep,2,0,EAC-1NN,mixed_missing_spurious,0.7,0.3333333,0.49,2000
tep,2,0,EAC-1NN,mixed_missing_spurious,0.7,0.5,0.548,2000
tep,2,0,EAC-1NN,mixed_missing_spurious,0.7,0.6666667,0.6005,2000
tep,2,0,EAC-1NN,mixed_missing_spurious,0.7,0.8333333,0.6595,2000
tep,2,0,EAC-1NN,mixed_missing_spurious,0.7,1.0,0.7975,2000
tep,2,0,EAC-1NN,mixed_missing_spurious,0.8,0.1666667,0.462,2000
tep,2,0,EAC-1NN,mixed_missing_spurious,0.8,0.3333333,0.462,2000
tep,2,0,EAC-1NN,mixed_missing_spurious,0.8,0.5,0.5125,2000
tep,2,0,EAC-1NN,mixed_missing_spurious,0.8,0.6666667,0.564,2000
tep,2,0,EAC-1NN,mixed_missing_spurious,0.8,0.8333333,0.6175,2000
tep,2,0,EAC-1NN,mixed_missing_spurious,0.8,1.0,0.718,2000
tep,2,0,EAC-1NN,mixed_missing_spurious,0.9,0.1666667,0.3975,2000
tep,2,0,EAC-1NN,mixed_missing_spurious,0.9,0.3333333,0.3975,2000
tep,2,0,EAC-1NN,mixed_missing_spurious,0.9,0.5,0.442,2000
tep,2,0,EAC-1NN,mixed_missing_spurious,0.9,0.6666667,0.4885,2000
tep,2,0,EAC-1NN,mixed_missing_spurious,0.9,0.8333333,0.545,2000
tep,2,0,EAC-1NN,mixed_missing_spurious,0.9,1.0,0.6275,2000
tep,2,0,EAC-1NN,mixed_spurious_timing_late,0.0,0.1666667,0.68,2000
tep,2,0,EAC-1NN,mixed_spurious_timing_late,0.0,0.3333333,0.68,2000
tep,2,0,EAC-1NN,mixed_spurious_timing_late,0.0,0.5,0.705,2000
tep,2,0,EAC-1NN,mixed_spurious_timing_late,0.0,0.6666667,0.8,2000
tep,2,0,EAC-1NN,mixed_spurious_timing_late,0.0,0.8333333,0.875,2000
tep,2,0,EAC-1NN,mixed_spurious_timing_late,0.0,1.0,0.965,2000
tep,2,0,EAC-1NN,mixed_spurious_timing_late,0.05,0.1666667,0.638,2000
tep,2,0,EAC-1NN,mixed_spurious_timing_late,0.05,0.3333333,0.638,2000
tep,2,0,EAC-1NN,mixed_spurious_timing_late,0.05,0.5,0.733,2000
tep,2,0,EAC-1NN,mixed_spurious_timing_late,0.05,0.6666667,0.812,2000
tep,2,0,EAC-1NN,mixed_spurious_timing_late,0.05,0.8333333,0.9015,2000
tep,2,0,EAC-1NN,mixed_spurious_timing_late,0.05,1.0,0.9715,2000
tep,2,0,EAC-1NN,mixed_spurious_timing_late,0.1,0.1666667,0.6255,2000
tep,2,0,EAC-1NN,mixed_spurious_timing_late,0.1,0.3333333,0.6255,2000
tep,2,0,EAC-1NN,mixed_spurious_timing_late,0.1,0.5,0.733,2000
tep,2,0,EAC-1NN,mixed_spurious_timing_late,0.1,0.6666667,0.8025,2000
tep,2,0,EAC-1NN,mixed_spurious_timing_late,0.1,0.8333333,0.9235,2000
tep,2,0,EAC-1NN,mixed_spurious_timing_late,0.1,1.0,0.9775,2000
tep,2,0,EAC-1NN,mixed_spurious_timing_late,0.15,0.1666667,0.598,2000
tep,2,0,EAC-1NN,mixed_spurious_timing_late,0.15,0.3333333,0.598,2000
tep,2,0,EAC-1NN,mixed_spurious_timing_late,0.15,0.5,0.738,2000
tep,2,0,EAC-1NN,mixed_spurious_timing_late,0.15,0.6666667,0.825,2000
tep,2,0,EAC-1NN,mixed_spurious_timing_late,0.15,0.8333333,0.943,2000
tep,2,0,EAC-1NN,mixed_spurious_timing_late,0.15,1.0,0.9785,2000
tep,2,0,EAC-1NN,mixed_spurious_timing_late,0.2,0.1666667,0.5765,2000
tep,2,0,EAC-1NN,mixed_spurious_timing_late,0.2,0.3333333,0.5765,2000
tep,2,0,EAC-1NN,mixed_spurious_timing_late,0.2,0.5,0.7465,2000
tep,2,0,EAC-1NN,mixed_spurious_timing_late,0.2,0.6666667,0.8655,2000
tep,2,0,EAC-1NN,mixed_spurious_timing_late,0.2,0.8333333,0.8655,2000
tep,2,0,EAC-1NN,mixed_spurious_timing_late,0.2,1.0,0.9765,2000
tep,2,0,EAC-1NN,mixed_spurious_timing_late,0.25,0.1666667,0.6175,2000
tep,2,0,EAC-1NN,mixed_spurious_timing_late,0.25,0.3333333,0.6175,2000
tep,2,0,EAC-1NN,mixed_spurious_timing_late,0.25,0.5,0.7625,2000
tep,2,0,EAC-1NN,mixed_spurious_timing_late,0.25,0.6666667,0.7625,2000
tep,2,0,EAC-1NN,mixed_spurious_timing_late,0.25,0.8333333,0.879,2000
tep,2,0,EAC-1NN,mixed_spurious_timing_late,0.25,1.0,0.9645,2000
tep,2,0,EAC-1NN,mixed_spurious_timing_late,0.3,0.1666667,0.616,2000
tep,2,0,EAC-1NN,mixed_spurious_timing_late,0.3,0.3333333,0.616,2000
tep,2,0,EAC-1NN,mixed_spurious_timing_late,0.3,0.5,0.779,2000
tep,2,0,EAC-1NN,mixed_spurious_timing_late,0.3,0.6666667,0.779,2000
tep,2,0,EAC-1NN,mixed_spurious_timing_late,0.3,0.8333333,0.899,2000
tep,2,0,EAC-1NN,mixed_spurious_timing_late,0.3,1.0,0.9595,2000
tep,2,0,EAC-1NN,mixed_spurious_timing_late,0.4,0.1666667,0.636,2000
tep,2,0,EAC-1NN,mixed_spurious_timing_late,0.4,0.3333333,0.636,2000
tep,2,0,EAC-1NN,mixed_spurious_timing_late,0.4,0.5,0.636,2000
tep,2,0,EAC-1NN,mixed_spurious_timing_late,0.4,0.6666667,0.807,2000
tep,2,0,EAC-1NN,mixed_spurious_timing_late,0.4,0.8333333,0.807,2000
tep,2,0,EAC-1NN,mixed_spurious_timing_late,0.4,1.0,0.92,2000
tep,2,0,EAC-1NN,mixed_spurious_timing_late,0.5,0.1666667,0.6575,2000
tep,2,0,EAC-1NN,mixed_spurious_timing_late,0.5,0.3333333,0.6575,2000
tep,2,0,EAC-1NN,mixed_spurious_timing_late,0.5,0.5,0.6575,2000
tep,2,0,EAC-1NN,mixed_spurious_timing_late,0.5,0.6666667,0.6575,2000
tep,2,0,EAC-1NN,mixed_spurious_timing_late,0.5,0.8333333,0.8065,2000
tep,2,0,EAC-1NN,mixed_spurious_timing_late,0.5,1.0,0.8715,2000
tep,2,0,EAC-1NN,mixed_spurious_timing_late,0.6,0.1666667,0.637,2000
tep,2,0,EAC-1NN,mixed_spurious_timing_late,0.6,0.3333333,0.637,2000
tep,2,0,EAC-1NN,mixed_spurious_timing_late,0.6,0.5,0.637,2000
tep,2,0,EAC-1NN,mixed_spurious_timing_late,0.6,0.6666667,0.637,2000
tep,2,0,EAC-1NN,mixed_spurious_timing_late,0.6,0.8333333,0.637,2000
tep,2,0,EAC-1NN,mixed_spurious_timing_late,0.6,1.0,0.783,2000
tep,2,0,EAC-1NN,mixed_spurious_timing_late,0.7,0.1666667,0.621,2000
tep,2,0,EAC-1NN,mixed_spurious_timing_late,0.7,0.3333333,0.621,2000
tep,2,0,EAC-1NN,mixed_spurious_timing_late,0.7,0.5,0.621,2000
tep,2,0,EAC-1NN,mixed_spurious_timing_late,0.7,0.6666667,0.621,2000
tep,2,0,EAC-1NN,mixed_spurious_timing_late,0.7,0.8333333,0.621,2000
tep,2,0,EAC-1NN,mixed_spurious_timing_late,0.7,1.0,0.702,2000
tep,2,0,EAC-1NN,mixed_spurious_timing_late,0.8,0.1666667,0.591,2000
tep,2,0,EAC-1NN,mixed_spurious_timing_late,0.8,0.3333333,0.591,2000
tep,2,0,EAC-1NN,mixed_spurious_timing_late,0.8,0.5,0.591,2000
tep,2,0,EAC-1NN,mixed_spurious_timing_late,0.8,0.6666667,0.591,2000
tep,2,0,EAC-1NN,mixed_spurious_timing_late,0.8,0.8333333,0.591,2000
tep,2,0,EAC-1NN,mixed_spurious_timing_late,0.8,1.0,0.618,2000
tep,2,0,EAC-1NN,mixed_spurious_timing_late,0.9,0.1666667,0.5015,2000
tep,2,0,EAC-1NN,mixed_spurious_timing_late,0.9,0.3333333,0.5015,2000
tep,2,0,EAC-1NN,mixed_spurious_timing_late,0.9,0.5,0.5015,2000
tep,2,0,EAC-1NN,mixed_spurious_timing_late,0.9,0.6666667,0.5015,2000
tep,2,0,EAC-1NN,mixed_spurious_timing_late,0.9,0.8333333,0.5015,2000
tep,2,0,EAC-1NN,mixed_spurious_timing_late,0.9,1.0,0.5015,2000
tep,2,0,EAC-1NN,spurious_events,0.0,0.1666667,0.68,2000
tep,2,0,EAC-1NN,spurious_events,0.0,0.3333333,0.68,2000
tep,2,0,EAC-1NN,spurious_events,0.0,0.5,0.705,2000
tep,2,0,EAC-1NN,spurious_events,0.0,0.6666667,0.8,2000
tep,2,0,EAC-1NN,spurious_events,0.0,0.8333333,0.875,2000
tep,2,0,EAC-1NN,spurious_events,0.0,1.0,0.965,2000
tep,2,0,EAC-1NN,spurious_events,0.05,0.1666667,0.6695,2000
tep,2,0,EAC-1NN,spurious_events,0.05,0.3333333,0.6695,2000
tep,2,0,EAC-1NN,spurious_events,0.05,0.5,0.712,2000
tep,2,0,EAC-1NN,spurious_events,0.05,0.6666667,0.803,2000
tep,2,0,EAC-1NN,spurious_events,0.05,0.8333333,0.8775,2000
tep,2,0,EAC-1NN,spurious_events,0.05,1.0,0.969,2000
tep,2,0,EAC-1NN,spurious_events,0.1,0.1666667,0.6505,2000
tep,2,0,EAC-1NN,spurious_events,0.1,0.3333333,0.6505,2000
tep,2,0,EAC-1NN,spurious_events,0.1,0.5,0.702,2000
tep,2,0,EAC-1NN,spurious_events,0.1,0.6666667,0.799,2000
tep,2,0,EAC-1NN,spurious_events,0.1,0.8333333,0.8685,2000
tep,2,0,EAC-1NN,spurious_events,0.1,1.0,0.9725,2000
tep,2,0,EAC-1NN,spurious_events,0.15,0.1666667,0.636,2000
tep,2,0,EAC-1NN,spurious_events,0.15,0.3333333,0.636,2000
tep,2,0,EAC-1NN,spurious_events,0.15,0.5,0.7015,2000
tep,2,0,EAC-1NN,spurious_events,0.15,0.6666667,0.788,2000
tep,2,0,EAC-1NN,spurious_events,0.15,0.8333333,0.863,2000
tep,2,0,EAC-1NN,spurious_events,0.15,1.0,0.971,2000
tep,2,0,EAC-1NN,spurious_events,0.2,0.1666667,0.624,2000
tep,2,0,EAC-1NN,spurious_events,0.2,0.3333333,0.624,2000
tep,2,0,EAC-1NN,spurious_events,0.2,0.5,0.6915,2000
tep,2,0,EAC-1NN,spurious_events,0.2,0.6666667,0.7835,2000
tep,2,0,EAC-1NN,spurious_events,0.2,0.8333333,0.8355,2000
tep,2,0,EAC-1NN,spurious_events,0.2,1.0,0.9755,2000
tep,2,0,EAC-1NN,spurious_events,0.25,0.1666667,0.5995,2000
tep,2,0,EAC-1NN,spurious_events,0.25,0.3333333,0.5995,2000
tep,2,0,EAC-1NN,spurious_events,0.25,0.5,0.688,2000
tep,2,0,EAC-1NN,spurious_events,0.25,0.6666667,0.7845,2000
tep,2,0,EAC-1NN,spurious_events,0.25,0.8333333,0.8455,2000
tep,2,0,EAC-1NN,spurious_events,0.25,1.0,0.9645,2000
tep,2,0,EAC-1NN,spurious_events,0.3,0.1666667,0.6145,2000
tep,2,0,EAC-1NN,spurious_events,0.3,0.3333333,0.6145,2000
tep,2,0,EAC-1NN,spurious_events,0.3,0.5,0.675,2000
tep,2,0,EAC-1NN,spurious_events,0.3,0.6666667,0.7755,2000
tep,2,0,EAC-1NN,spurious_events,0.3,0.8333333,0.8265,2000
tep,2,0,EAC-1NN,spurious_events,0.3,1.0,0.962,2000
tep,2,0,EAC-1NN,spurious_events,0.4,0.1666667,0.5825,2000
tep,2,0,EAC-1NN,spurious_events,0.4,0.3333333,0.5825,2000
tep,2,0,EAC-1NN,spurious_events,0.4,0.5,0.6595,2000
tep,2,0,EAC-1NN,spurious_events,0.4,0.6666667,0.748,2000
tep,2,0,EAC-1NN,spurious_events,0.4,0.8333333,0.819,2000
tep,2,0,EAC-1NN,spurious_events,0.4,1.0,0.9585,2000
tep,2,0,EAC-1NN,spurious_events,0.5,0.1666667,0.567,2000
tep,2,0,EAC-1NN,spurious_events,0.5,0.3333333,0.567,2000
tep,2,0,EAC-1NN,spurious_events,0.5,0.5,0.643,2000
tep,2,0,EAC-1NN,spurious_events,0.5,0.6666667,0.743,2000
tep,2,0,EAC-1NN,spurious_events,0.5,0.8333333,0.814,2000
tep,2,0,EAC-1NN,spurious_events,0.5,1.0,0.94,2000
tep,2,0,EAC-1NN,spurious_events,0.6,0.1666667,0.572,2000
tep,2,0,EAC-1NN,spurious_events,0.6,0.3333333,0.572,2000
tep,2,0,EAC-1NN,spurious_events,0.6,0.5,0.6395,2000
tep,2,0,EAC-1NN,spurious_events,0.6,0.6666667,0.73,2000
tep,2,0,EAC-1NN,spurious_events,0.6,0.8333333,0.786,2000
tep,2,0,EAC-1NN,spurious_events,0.6,1.0,0.9275,2000
tep,2,0,EAC-1NN,spurious_events,0.7,0.1666667,0.5385,2000
tep,2,0,EAC-1NN,spurious_events,0.7,0.3333333,0.5385,2000
tep,2,0,EAC-1NN,spurious_events,0.7,0.5,0.618,2000
tep,2,0,EAC-1NN,spurious_events,0.7,0.6666667,0.715,2000
tep,2,0,EAC-1NN,spurious_events,0.7,0.8333333,0.7645,2000
tep,2,0,EAC-1NN,spurious_events,0.7,1.0,0.903,2000
tep,2,0,EAC-1NN,spurious_events,0.8,0.1666667,0.54,2000
tep,2,0,EAC-1NN,spurious_events,0.8,0.3333333,0.54,2000
tep,2,0,EAC-1NN,spurious_events,0.8,0.5,0.611,2000
tep,2,0,EAC-1NN,spurious_events,0.8,0.6666667,0.6805,2000
tep,2,0,EAC-1NN,spurious_events,0.8,0.8333333,0.743,2000
tep,2,0,EAC-1NN,spurious_events,0.8,1.0,0.878,2000
tep,2,0,EAC-1NN,spurious_events,0.9,0.1666667,0.5125,2000
tep,2,0,EAC-1NN,spurious_events,0.9,0.3333333,0.5125,2000
tep,2,0,EAC-1NN,spurious_events,0.9,0.5,0.594,2000
tep,2,0,EAC-1NN,spurious_events,0.9,0.6666667,0.679,2000
tep,2,0,EAC-1NN,spurious_events,0.9,0.8333333,0.721,2000
tep,2,0,EAC-1NN,spurious_events,0.9,1.0,0.8625,2000
tep,2,0,EAC-1NN,timing_uncertainty,0.0,0.1666667,0.68,2000
tep,2,0,EAC-1NN,timing_uncertainty,0.0,0.3333333,0.68,2000
tep,2,0,EAC-1NN,timing_uncertainty,0.0,0.5,0.705,2000
tep,2,0,EAC-1NN,timing_uncertainty,0.0,0.6666667,0.8,2000
tep,2,0,EAC-1NN,timing_uncertainty,0.0,0.8333333,0.875,2000
tep,2,0,EAC-1NN,timing_uncertainty,0.0,1.0,0.965,2000
tep,2,0,EAC-1NN,timing_uncertainty,0.05,0.1666667,0.6805,2000
tep,2,0,EAC-1NN,timing_uncertainty,0.05,0.3333333,0.6805,2000
tep,2,0,EAC-1NN,timing_uncertainty,0.05,0.5,0.707,2000
tep,2,0,EAC-1NN,timing_uncertainty,0.05,0.6666667,0.804,2000
tep,2,0,EAC-1NN,timing_uncertainty,0.05,0.8333333,0.8775,2000
tep,2,0,EAC-1NN,timing_uncertainty,0.05,1.0,0.968,2000
tep,2,0,EAC-1NN,timing_uncertainty,0.1,0.1666667,0.677,2000
tep,2,0,EAC-1NN,timing_uncertainty,0.1,0.3333333,0.677,2000
tep,2,0,EAC-1NN,timing_uncertainty,0.1,0.5,0.705,2000
tep,2,0,EAC-1NN,timing_uncertainty,0.1,0.6666667,0.8065,2000
tep,2,0,EAC-1NN,timing_uncertainty,0.1,0.8333333,0.871,2000
tep,2,0,EAC-1NN,timing_uncertainty,0.1,1.0,0.9685,2000
tep,2,0,EAC-1NN,timing_uncertainty,0.15,0.1666667,0.673,2000
tep,2,0,EAC-1NN,timing_uncertainty,0.15,0.3333333,0.673,2000
tep,2,0,EAC-1NN,timing_uncertainty,0.15,0.5,0.7025,2000
tep,2,0,EAC-1NN,timing_uncertainty,0.15,0.6666667,0.7885,2000
tep,2,0,EAC-1NN,timing_uncertainty,0.15,0.8333333,0.8735,2000
tep,2,0,EAC-1NN,timing_uncertainty,0.15,1.0,0.973,2000
tep,2,0,EAC-1NN,timing_uncertainty,0.2,0.1666667,0.6735,2000
tep,2,0,EAC-1NN,timing_uncertainty,0.2,0.3333333,0.6735,2000
tep,2,0,EAC-1NN,timing_uncertainty,0.2,0.5,0.7145,2000
tep,2,0,EAC-1NN,timing_uncertainty,0.2,0.6666667,0.8045,2000
tep,2,0,EAC-1NN,timing_uncertainty,0.2,0.8333333,0.8735,2000
tep,2,0,EAC-1NN,timing_uncertainty,0.2,1.0,0.969,2000
tep,2,0,EAC-1NN,timing_uncertainty,0.25,0.1666667,0.668,2000
tep,2,0,EAC-1NN,timing_uncertainty,0.25,0.3333333,0.668,2000
tep,2,0,EAC-1NN,timing_uncertainty,0.25,0.5,0.715,2000
tep,2,0,EAC-1NN,timing_uncertainty,0.25,0.6666667,0.7975,2000
tep,2,0,EAC-1NN,timing_uncertainty,0.25,0.8333333,0.873,2000
tep,2,0,EAC-1NN,timing_uncertainty,0.25,1.0,0.9725,2000
tep,2,0,EAC-1NN,timing_uncertainty,0.3,0.1666667,0.667,2000
tep,2,0,EAC-1NN,timing_uncertainty,0.3,0.3333333,0.667,2000
tep,2,0,EAC-1NN,timing_uncertainty,0.3,0.5,0.696,2000
tep,2,0,EAC-1NN,timing_uncertainty,0.3,0.6666667,0.797,2000
tep,2,0,EAC-1NN,timing_uncertainty,0.3,0.8333333,0.866,2000
tep,2,0,EAC-1NN,timing_uncertainty,0.3,1.0,0.9745,2000
tep,2,0,EAC-1NN,timing_uncertainty,0.4,0.1666667,0.658,2000
tep,2,0,EAC-1NN,timing_uncertainty,0.4,0.3333333,0.658,2000
tep,2,0,EAC-1NN,timing_uncertainty,0.4,0.5,0.7235,2000
tep,2,0,EAC-1NN,timing_uncertainty,0.4,0.6666667,0.808,2000
tep,2,0,EAC-1NN,timing_uncertainty,0.4,0.8333333,0.8675,2000
tep,2,0,EAC-1NN,timing_uncertainty,0.4,1.0,0.9725,2000
tep,2,0,EAC-1NN,timing_uncertainty,0.5,0.1666667,0.6535,2000
tep,2,0,EAC-1NN,timing_uncertainty,0.5,0.3333333,0.6535,2000
tep,2,0,EAC-1NN,timing_uncertainty,0.5,0.5,0.7205,2000
tep,2,0,EAC-1NN,timing_uncertainty,0.5,0.6666667,0.81,2000
tep,2,0,EAC-1NN,timing_uncertainty,0.5,0.8333333,0.864,2000
tep,2,0,EAC-1NN,timing_uncertainty,0.5,1.0,0.977,2000
tep,2,0,EAC-1NN,timing_uncertainty,0.6,0.1666667,0.655,2000
tep,2,0,EAC-1NN,timing_uncertainty,0.6,0.3333333,0.655,2000
tep,2,0,EAC-1NN,timing_uncertainty,0.6,0.5,0.7145,2000
tep,2,0,EAC-1NN,timing_uncertainty,0.6,0.6666667,0.7925,2000
tep,2,0,EAC-1NN,timing_uncertainty,0.6,0.8333333,0.8695,2000
tep,2,0,EAC-1NN,timing_uncertainty,0.6,1.0,0.9775,2000
tep,2,0,EAC-1NN,timing_uncertainty,0.7,0.1666667,0.6485,2000
tep,2,0,EAC-1NN,timing_uncertainty,0.7,0.3333333,0.6485,2000
tep,2,0,EAC-1NN,timing_uncertainty,0.7,0.5,0.7215,2000
tep,2,0,EAC-1NN,timing_uncertainty,0.7,0.6666667,0.809,2000
tep,2,0,EAC-1NN,timing_uncertainty,0.7,0.8333333,0.8795,2000
tep,2,0,EAC-1NN,timing_uncertainty,0.7,1.0,0.975,2000
tep,2,0,EAC-1NN,timing_uncertainty,0.8,0.1666667,0.6475,2000
tep,2,0,EAC-1NN,timing_uncertainty,0.8,0.3333333,0.6475,2000
tep,2,0,EAC-1NN,timing_uncertainty,0.8,0.5,0.7245,2000
tep,2,0,EAC-1NN,timing_uncertainty,0.8,0.6666667,0.7915,2000
tep,2,0,EAC-1NN,timing_uncertainty,0.8,0.8333333,0.875,2000
tep,2,0,EAC-1NN,timing_uncertainty,0.8,1.0,0.974,2000
tep,2,0,EAC-1NN,timing_uncertainty,0.9,0.1666667,0.6465,2000
tep,2,0,EAC-1NN,timing_uncertainty,0.9,0.3333333,0.6465,2000
tep,2,0,EAC-1NN,timing_uncertainty,0.9,0.5,0.7195,2000
tep,2,0,EAC-1NN,timing_uncertainty,0.9,0.6666667,0.804,2000
tep,2,0,EAC-1NN,timing_uncertainty,0.9,0.8333333,0.8815,2000
tep,2,0,EAC-1NN,timing_uncertainty,0.9,1.0,0.978,2000
tep,2,0,JAC-1NN,late_time_delay,0.0,0.1666667,0.705,2000
tep,2,0,JAC-1NN,late_time_delay,0.0,0.3333333,0.705,2000
tep,2,0,JAC-1NN,late_time_delay,0.0,0.5,0.78,2000
tep,2,0,JAC-1NN,late_time_delay,0.0,0.6666667,0.935,2000
tep,2,0,JAC-1NN,late_time_delay,0.0,0.8333333,0.925,2000
tep,2,0,JAC-1NN,late_time_delay,0.0,1.0,0.915,2000
tep,2,0,JAC-1NN,late_time_delay,0.05,0.1666667,0.54,2000
tep,2,0,JAC-1NN,late_time_delay,0.05,0.3333333,0.54,2000
tep,2,0,JAC-1NN,late_time_delay,0.05,0.5,0.735,2000
tep,2,0,JAC-1NN,late_time_delay,0.05,0.6666667,0.89,2000
tep,2,0,JAC-1NN,late_time_delay,0.05,0.8333333,0.88,2000
tep,2,0,JAC-1NN,late_time_delay,0.05,1.0,0.865,2000
tep,2,0,JAC-1NN,late_time_delay,0.1,0.1666667,0.545,2000
tep,2,0,JAC-1NN,late_time_delay,0.1,0.3333333,0.545,2000
tep,2,0,JAC-1NN,late_time_delay,0.1,0.5,0.805,2000
tep,2,0,JAC-1NN,late_time_delay,0.1,0.6666667,0.885,2000
tep,2,0,JAC-1NN,late_time_delay,0.1,0.8333333,0.865,2000
tep,2,0,JAC-1NN,late_time_delay,0.1,1.0,0.86,2000
tep,2,0,JAC-1NN,late_time_delay,0.15,0.1666667,0.52,2000
tep,2,0,JAC-1NN,late_time_delay,0.15,0.3333333,0.52,2000
tep,2,0,JAC-1NN,late_time_delay,0.15,0.5,0.805,2000
tep,2,0,JAC-1NN,late_time_delay,0.15,0.6666667,0.86,2000
tep,2,0,JAC-1NN,late_time_delay,0.15,0.8333333,0.87,2000
tep,2,0,JAC-1NN,late_time_delay,0.15,1.0,0.85,2000
tep,2,0,JAC-1NN,late_time_delay,0.2,0.1666667,0.505,2000
tep,2,0,JAC-1NN,late_time_delay,0.2,0.3333333,0.505,2000
tep,2,0,JAC-1NN,late_time_delay,0.2,0.5,0.805,2000
tep,2,0,JAC-1NN,late_time_delay,0.2,0.6666667,0.85,2000
tep,2,0,JAC-1NN,late_time_delay,0.2,0.8333333,0.85,2000
tep,2,0,JAC-1NN,late_time_delay,0.2,1.0,0.85,2000
tep,2,0,JAC-1NN,late_time_delay,0.25,0.1666667,0.62,2000
tep,2,0,JAC-1NN,late_time_delay,0.25,0.3333333,0.62,2000
tep,2,0,JAC-1NN,late_time_delay,0.25,0.5,0.83,2000
tep,2,0,JAC-1NN,late_time_delay,0.25,0.6666667,0.83,2000
tep,2,0,JAC-1NN,late_time_delay,0.25,0.8333333,0.855,2000
tep,2,0,JAC-1NN,late_time_delay,0.25,1.0,0.84,2000
tep,2,0,JAC-1NN,late_time_delay,0.3,0.1666667,0.605,2000
tep,2,0,JAC-1NN,late_time_delay,0.3,0.3333333,0.605,2000
tep,2,0,JAC-1NN,late_time_delay,0.3,0.5,0.845,2000
tep,2,0,JAC-1NN,late_time_delay,0.3,0.6666667,0.845,2000
tep,2,0,JAC-1NN,late_time_delay,0.3,0.8333333,0.85,2000
tep,2,0,JAC-1NN,late_time_delay,0.3,1.0,0.86,2000
tep,2,0,JAC-1NN,late_time_delay,0.4,0.1666667,0.655,2000
tep,2,0,JAC-1NN,late_time_delay,0.4,0.3333333,0.655,2000
tep,2,0,JAC-1NN,late_time_delay,0.4,0.5,0.655,2000
tep,2,0,JAC-1NN,late_time_delay,0.4,0.6666667,0.795,2000
tep,2,0,JAC-1NN,late_time_delay,0.4,0.8333333,0.795,2000
tep,2,0,JAC-1NN,late_time_delay,0.4,1.0,0.795,2000
tep,2,0,JAC-1NN,late_time_delay,0.5,0.1666667,0.605,2000
tep,2,0,JAC-1NN,late_time_delay,0.5,0.3333333,0.605,2000
tep,2,0,JAC-1NN,late_time_delay,0.5,0.5,0.605,2000
tep,2,0,JAC-1NN,late_time_delay,0.5,0.6666667,0.605,2000
tep,2,0,JAC-1NN,late_time_delay,0.5,0.8333333,0.715,2000
tep,2,0,JAC-1NN,late_time_delay,0.5,1.0,0.745,2000
tep,2,0,JAC-1NN,late_time_delay,0.6,0.1666667,0.525,2000
tep,2,0,JAC-1NN,late_time_delay,0.6,0.3333333,0.525,2000
tep,2,0,JAC-1NN,late_time_delay,0.6,0.5,0.525,2000
tep,2,0,JAC-1NN,late_time_delay,0.6,0.6666667,0.525,2000
tep,2,0,JAC-1NN,late_time_delay,0.6,0.8333333,0.525,2000
tep,2,0,JAC-1NN,late_time_delay,0.6,1.0,0.635,2000
tep,2,0,JAC-1NN,late_time_delay,0.7,0.1666667,0.455,2000
tep,2,0,JAC-1NN,late_time_delay,0.7,0.3333333,0.455,2000
tep,2,0,JAC-1NN,late_time_delay,0.7,0.5,0.455,2000
tep,2,0,JAC-1NN,late_time_delay,0.7,0.6666667,0.455,2000
tep,2,0,JAC-1NN,late_time_delay,0.7,0.8333333,0.455,2000
tep,2,0,JAC-1NN,late_time_delay,0.7,1.0,0.525,2000
tep,2,0,JAC-1NN,late_time_delay,0.8,0.1666667,0.415,2000
tep,2,0,JAC-1NN,late_time_delay,0.8,0.3333333,0.415,2000
tep,2,0,JAC-1NN,late_time_delay,0.8,0.5,0.415,2000
tep,2,0,JAC-1NN,late_time_delay,0.8,0.6666667,0.415,2000
tep,2,0,JAC-1NN,late_time_delay,0.8,0.8333333,0.415,2000
tep,2,0,JAC-1NN,late_time_delay,0.8,1.0,0.425,2000
tep,2,0,JAC-1NN,late_time_delay,0.9,0.1666667,0.325,2000
tep,2,0,JAC-1NN,late_time_delay,0.9,0.3333333,0.325,2000
tep,2,0,JAC-1NN,late_time_delay,0.9,0.5,0.325,2000
tep,2,0,JAC-1NN,late_time_delay,0.9,0.6666667,0.325,2000
tep,2,0,JAC-1NN,late_time_delay,0.9,0.8333333,0.325,2000
tep,2,0,JAC-1NN,late_time_delay,0.9,1.0,0.325,2000
tep,2,0,JAC-1NN,missing_events,0.0,0.1666667,0.705,2000
tep,2,0,JAC-1NN,missing_events,0.0,0.3333333,0.705,2000
tep,2,0,JAC-1NN,missing_events,0.0,0.5,0.78,2000
tep,2,0,JAC-1NN,missing_events,0.0,0.6666667,0.935,2000
tep,2,0,JAC-1NN,missing_events,0.0,0.8333333,0.925,2000
tep,2,0,JAC-1NN,missing_events,0.0,1.0,0.915,2000
tep,2,0,JAC-1NN,missing_events,0.05,0.1666667,0.697,2000
tep,2,0,JAC-1NN,missing_events,0.05,0.3333333,0.697,2000
tep,2,0,JAC-1NN,missing_events,0.05,0.5,0.7755,2000
tep,2,0,JAC-1NN,missing_events,0.05,0.6666667,0.93,2000
tep,2,0,JAC-1NN,missing_events,0.05,0.8333333,0.924,2000
tep,2,0,JAC-1NN,missing_events,0.05,1.0,0.9145,2000
tep,2,0,JAC-1NN,missing_events,0.1,0.1666667,0.689,2000
tep,2,0,JAC-1NN,missing_events,0.1,0.3333333,0.689,2000
tep,2,0,JAC-1NN,missing_events,0.1,0.5,0.7665,2000
tep,2,0,JAC-1NN,missing_events,0.1,0.6666667,0.9205,2000
tep,2,0,JAC-1NN,missing_events,0.1,0.8333333,0.9195,2000
tep,2,0,JAC-1NN,missing_events,0.1,1.0,0.9085,2000
tep,2,0,JAC-1NN,missing_events,0.15,0.1666667,0.674,2000
tep,2,0,JAC-1NN,missing_events,0.15,0.3333333,0.674,2000
tep,2,0,JAC-1NN,missing_events,0.15,0.5,0.7575,2000
tep,2,0,JAC-1NN,missing_events,0.15,0.6666667,0.911,2000
tep,2,0,JAC-1NN,missing_events,0.15,0.8333333,0.9125,2000
tep,2,0,JAC-1NN,missing_events,0.15,1.0,0.909,2000
tep,2,0,JAC-1NN,missing_events,0.2,0.1666667,0.665,2000
tep,2,0,JAC-1NN,missing_events,0.2,0.3333333,0.665,2000
tep,2,0,JAC-1NN,missing_events,0.2,0.5,0.752,2000
tep,2,0,JAC-1NN,missing_events,0.2,0.6666667,0.91,2000
tep,2,0,JAC-1NN,missing_events,0.2,0.8333333,0.9175,2000
tep,2,0,JAC-1NN,missing_events,0.2,1.0,0.906,2000
tep,2,0,JAC-1NN,missing_events,0.25,0.1666667,0.6525,2000
tep,2,0,JAC-1NN,missing_events,0.25,0.3333333,0.6525,2000
tep,2,0,JAC-1NN,missing_events,0.25,0.5,0.748,2000
tep,2,0,JAC-1NN,missing_events,0.25,0.6666667,0.8935,2000
tep,2,0,JAC-1NN,missing_events,0.25,0.8333333,0.907,2000
tep,2,0,JAC-1NN,missing_events,0.25,1.0,0.9045,2000
tep,2,0,JAC-1NN,missing_events,0.3,0.1666667,0.6365,2000
tep,2,0,JAC-1NN,missing_events,0.3,0.3333333,0.6365,2000
tep,2,0,JAC-1NN,missing_events,0.3,0.5,0.732,2000
tep,2,0,JAC-1NN,missing_events,0.3,0.6666667,0.8865,2000
tep,2,0,JAC-1NN,missing_events,0.3,0.8333333,0.903,2000
tep,2,0,JAC-1NN,missing_events,0.3,1.0,0.914,2000
tep,2,0,JAC-1NN,missing_events,0.4,0.1666667,0.607,2000
tep,2,0,JAC-1NN,missing_events,0.4,0.3333333,0.607,2000
tep,2,0,JAC-1NN,missing_events,0.4,0.5,0.717,2000
tep,2,0,JAC-1NN,missing_events,0.4,0.6666667,0.8685,2000
tep,2,0,JAC-1NN,missing_events,0.4,0.8333333,0.901,2000
tep,2,0,JAC-1NN,missing_events,0.4,1.0,0.8965,2000
tep,2,0,JAC-1NN,missing_events,0.5,0.1666667,0.5525,2000
tep,2,0,JAC-1NN,missing_events,0.5,0.3333333,0.5525,2000
tep,2,0,JAC-1NN,missing_events,0.5,0.5,0.675,2000
tep,2,0,JAC-1NN,missing_events,0.5,0.6666667,0.822,2000
tep,2,0,JAC-1NN,missing_events,0.5,0.8333333,0.867,2000
tep,2,0,JAC-1NN,missing_events,0.5,1.0,0.875,2000
tep,2,0,JAC-1NN,missing_events,0.6,0.1666667,0.5215,2000
tep,2,0,JAC-1NN,missing_events,0.6,0.3333333,0.5215,2000
tep,2,0,JAC-1NN,missing_events,0.6,0.5,0.628,2000
tep,2,0,JAC-1NN,missing_events,0.6,0.6666667,0.776,2000
tep,2,0,JAC-1NN,missing_events,0.6,0.8333333,0.8395,2000
tep,2,0,JAC-1NN,missing_events,0.6,1.0,0.85,2000
tep,2,0,JAC-1NN,missing_events,0.7,0.1666667,0.489,2000
tep,2,0,JAC-1NN,missing_events,0.7,0.3333333,0.489,2000
tep,2,0,JAC-1NN,missing_events,0.7,0.5,0.5715,2000
tep,2,0,JAC-1NN,missing_events,0.7,0.6666667,0.708,2000
tep,2,0,JAC-1NN,missing_events,0.7,0.8333333,0.783,2000
tep,2,0,JAC-1NN,missing_events,0.7,1.0,0.8315,2000
tep,2,0,JAC-1NN,missing_events,0.8,0.1666667,0.395,2000
tep,2,0,JAC-1NN,missing_events,0.8,0.3333333,0.395,2000
tep,2,0,JAC-1NN,missing_events,0.8,0.5,0.4765,2000
tep,2,0,JAC-1NN,missing_events,0.8,0.6666667,0.583,2000
tep,2,0,JAC-1NN,missing_events,0.8,0.8333333,0.673,2000
tep,2,0,JAC-1NN,missing_events,0.8,1.0,0.7375,2000
tep,2,0,JAC-1NN,missing_events,0.9,0.1666667,0.314,2000
tep,2,0,JAC-1NN,missing_events,0.9,0.3333333,0.314,2000
tep,2,0,JAC-1NN,missing_events,0.9,0.5,0.376,2000
tep,2,0,JAC-1NN,missing_events,0.9,0.6666667,0.4385,2000
tep,2,0,JAC-1NN,missing_events,0.9,0.8333333,0.498,2000
tep,2,0,JAC-1NN,missing_events,0.9,1.0,0.55,2000
tep,2,0,JAC-1NN,mixed_missing_spurious,0.0,0.1666667,0.705,2000
tep,2,0,JAC-1NN,mixed_missing_spurious,0.0,0.3333333,0.705,2000
tep,2,0,JAC-1NN,mixed_missing_spurious,0.0,0.5,0.78,2000
tep,2,0,JAC-1NN,mixed_missing_spurious,0.0,0.6666667,0.935,2000
tep,2,0,JAC-1NN,mixed_missing_spurious,0.0,0.8333333,0.925,2000
tep,2,0,JAC-1NN,mixed_missing_spurious,0.0,1.0,0.915,2000
tep,2,0,JAC-1NN,mixed_missing_spurious,0.05,0.1666667,0.682,2000
tep,2,0,JAC-1NN,mixed_missing_spurious,0.05,0.3333333,0.682,2000
tep,2,0,JAC-1NN,mixed_missing_spurious,0.05,0.5,0.7615,2000
tep,2,0,JAC-1NN,mixed_missing_spurious,0.05,0.6666667,0.9005,2000
tep,2,0,JAC-1NN,mixed_missing_spurious,0.05,0.8333333,0.9025,2000
tep,2,0,JAC-1NN,mixed_missing_spurious,0.05,1.0,0.9095,2000
tep,2,0,JAC-1NN,mixed_missing_spurious,0.1,0.1666667,0.672,2000
tep,2,0,JAC-1NN,mixed_missing_spurious,0.1,0.3333333,0.672,2000
tep,2,0,JAC-1NN,mixed_missing_spurious,0.1,0.5,0.753,2000
tep,2,0,JAC-1NN,mixed_missing_spurious,0.1,0.6666667,0.8695,2000
tep,2,0,JAC-1NN,mixed_missing_spurious,0.1,0.8333333,0.871,2000
tep,2,0,JAC-1NN,mixed_missing_spurious,0.1,1.0,0.899,2000
tep,2,0,JAC-1NN,mixed_missing_spurious,0.15,0.1666667,0.6495,2000
tep,2,0,JAC-1NN,mixed_missing_spurious,0.15,0.3333333,0.6495,2000
tep,2,0,JAC-1NN,mixed_missing_spurious,0.15,0.5,0.7435,2000
tep,2,0,JAC-1NN,mixed_missing_spurious,0.15,0.6666667,0.846,2000
tep,2,0,JAC-1NN,mixed_missing_spurious,0.15,0.8333333,0.866,2000
tep,2,0,JAC-1NN,mixed_missing_spurious,0.15,1.0,0.892,2000
tep,2,0,JAC-1NN,mixed_missing_spurious,0.2,0.1666667,0.6275,2000
tep,2,0,JAC-1NN,mixed_missing_spurious,0.2,0.3333333,0.6275,2000
tep,2,0,JAC-1NN,mixed_missing_spurious,0.2,0.5,0.71,2000
tep,2,0,JAC-1NN,mixed_missing_spurious,0.2,0.6666667,0.811,2000
tep,2,0,JAC-1NN,mixed_missing_spurious,0.2,0.8333333,0.8145,2000
tep,2,0,JAC-1NN,mixed_missing_spurious,0.2,1.0,0.866,2000
tep,2,0,JAC-1NN,mixed_missing_spurious,0.25,0.1666667,0.62,2000
tep,2,0,JAC-1NN,mixed_missing_spurious,0.25,0.3333333,0.62,2000
tep,2,0,JAC-1NN,mixed_missing_spurious,0.25,0.5,0.7005,2000
tep,2,0,JAC-1NN,mixed_missing_spurious,0.25,0.6666667,0.796,2000
tep,2,0,JAC-1NN,mixed_missing_spurious,0.25,0.8333333,0.7925,2000
tep,2,0,JAC-1NN,mixed_missing_spurious,0.25,1.0,0.8655,2000
tep,2,0,JAC-1NN,mixed_missing_spurious,0.3,0.1666667,0.593,2000
tep,2,0,JAC-1NN,mixed_missing_spurious,0.3,0.3333333,0.593,2000
tep,2,0,JAC-1NN,mixed_missing_spurious,0.3,0.5,0.6895,2000
tep,2,0,JAC-1NN,mixed_missing_spurious,0.3,0.6666667,0.7795,2000
tep,2,0,JAC-1NN,mixed_missing_spurious,0.3,0.8333333,0.7805,2000
tep,2,0,JAC-1NN,mixed_missing_spurious,0.3,1.0,0.841,2000
tep,2,0,JAC-1NN,mixed_missing_spurious,0.4,0.1666667,0.568,2000
tep,2,0,JAC-1NN,mixed_missing_spurious,0.4,0.3333333,0.568,2000
tep,2,0,JAC-1NN,mixed_missing_spurious,0.4,0.5,0.656,2000
tep,2,0,JAC-1NN,mixed_missing_spurious,0.4,0.6666667,0.732,2000
tep,2,0,JAC-1NN,mixed_missing_spurious,0.4,0.8333333,0.753,2000
tep,2,0,JAC-1NN,mixed_missing_spurious,0.4,1.0,0.804,2000
tep,2,0,JAC-1NN,mixed_missing_spurious,0.5,0.1666667,0.5235,2000
tep,2,0,JAC-1NN,mixed_missing_spurious,0.5,0.3333333,0.5235,2000
tep,2,0,JAC-1NN,mixed_missing_spurious,0.5,0.5,0.627,2000
tep,2,0,JAC-1NN,mixed_missing_spurious,0.5,0.6666667,0.715,2000
tep,2,0,JAC-1NN,mixed_missing_spurious,0.5,0.8333333,0.7225,2000
tep,2,0,JAC-1NN,mixed_missing_spurious,0.5,1.0,0.762,2000
tep,2,0,JAC-1NN,mixed_missing_spurious,0.6,0.1666667,0.4885,2000
tep,2,0,JAC-1NN,mixed_missing_spurious,0.6,0.3333333,0.4885,2000
tep,2,0,JAC-1NN,mixed_missing_spurious,0.6,0.5,0.583,2000
tep,2,0,JAC-1NN,mixed_missing_spurious,0.6,0.6666667,0.657,2000
tep,2,0,JAC-1NN,mixed_missing_spurious,0.6,0.8333333,0.6955,2000
tep,2,0,JAC-1NN,mixed_missing_spurious,0.6,1.0,0.733,2000
tep,2,0,JAC-1NN,mixed_missing_spurious,0.7,0.1666667,0.4305,2000
tep,2,0,JAC-1NN,mixed_missing_spurious,0.7,0.3333333,0.4305,2000
tep,2,0,JAC-1NN,mixed_missing_spurious,0.7,0.5,0.5265,2000
tep,2,0,JAC-1NN,mixed_missing_spurious,0.7,0.6666667,0.625,2000
tep,2,0,JAC-1NN,mixed_missing_spurious,0.7,0.8333333,0.66,2000
tep,2,0,JAC-1NN,mixed_missing_spurious,0.7,1.0,0.7325,2000
tep,2,0,JAC-1NN,mixed_missing_spurious,0.8,0.1666667,0.384,2000
tep,2,0,JAC-1NN,mixed_missing_spurious,0.8,0.3333333,0.384,2000
tep,2,0,JAC-1NN,mixed_missing_spurious,0.8,0.5,0.4515,2000
tep,2,0,JAC-1NN,mixed_missing_spurious,0.8,0.6666667,0.5615,2000
tep,2,0,JAC-1NN,mixed_missing_spurious,0.8,0.8333333,0.625,2000
tep,2,0,JAC-1NN,mixed_missing_spurious,0.8,1.0,0.7185,2000
tep,2,0,JAC-1NN,mixed_missing_spurious,0.9,0.1666667,0.325,2000
tep,2,0,JAC-1NN,mixed_missing_spurious,0.9,0.3333333,0.325,2000
tep,2,0,JAC-1NN,mixed_missing_spurious,0.9,0.5,0.3675,2000
tep,2,0,JAC-1NN,mixed_missing_spurious,0.9,0.6666667,0.4395,2000
tep,2,0,JAC-1NN,mixed_missing_spurious,0.9,0.8333333,0.5085,2000
tep,2,0,JAC-1NN,mixed_missing_spurious,0.9,1.0,0.5955,2000
tep,2,0,JAC-1NN,mixed_spurious_timing_late,0.0,0.1666667,0.705,2000
tep,2,0,JAC-1NN,mixed_spurious_timing_late,0.0,0.3333333,0.705,2000
tep,2,0,JAC-1NN,mixed_spurious_timing_late,0.0,0.5,0.78,2000
tep,2,0,JAC-1NN,mixed_spurious_timing_late,0.0,0.6666667,0.935,2000
tep,2,0,JAC-1NN,mixed_spurious_timing_late,0.0,0.8333333,0.925,2000
tep,2,0,JAC-1NN,mixed_spurious_timing_late,0.0,1.0,0.915,2000
tep,2,0,JAC-1NN,mixed_spurious_timing_late,0.05,0.1666667,0.5445,2000
tep,2,0,JAC-1NN,mixed_spurious_timing_late,0.05,0.3333333,0.5445,2000
tep,2,0,JAC-1NN,mixed_spurious_timing_late,0.05,0.5,0.7225,2000
tep,2,0,JAC-1NN,mixed_spurious_timing_late,0.05,0.6666667,0.872,2000
tep,2,0,JAC-1NN,mixed_spurious_timing_late,0.05,0.8333333,0.8765,2000
tep,2,0,JAC-1NN,mixed_spurious_timing_late,0.05,1.0,0.861,2000
tep,2,0,JAC-1NN,mixed_spurious_timing_late,0.1,0.1666667,0.553,2000
tep,2,0,JAC-1NN,mixed_spurious_timing_late,0.1,0.3333333,0.553,2000
tep,2,0,JAC-1NN,mixed_spurious_timing_late,0.1,0.5,0.767,2000
tep,2,0,JAC-1NN,mixed_spurious_timing_late,0.1,0.6666667,0.83,2000
tep,2,0,JAC-1NN,mixed_spurious_timing_late,0.1,0.8333333,0.851,2000
tep,2,0,JAC-1NN,mixed_spurious_timing_late,0.1,1.0,0.86,2000
tep,2,0,JAC-1NN,mixed_spurious_timing_late,0.15,0.1666667,0.5115,2000
tep,2,0,JAC-1NN,mixed_spurious_timing_late,0.15,0.3333333,0.5115,2000
tep,2,0,JAC-1NN,mixed_spurious_timing_late,0.15,0.5,0.744,2000
tep,2,0,JAC-1NN,mixed_spurious_timing_late,0.15,0.6666667,0.809,2000
tep,2,0,JAC-1NN,mixed_spurious_timing_late,0.15,0.8333333,0.8615,2000
tep,2,0,JAC-1NN,mixed_spurious_timing_late,0.15,1.0,0.8515,2000
tep,2,0,JAC-1NN,mixed_spurious_timing_late,0.2,0.1666667,0.474,2000
tep,2,0,JAC-1NN,mixed_spurious_timing_late,0.2,0.3333333,0.474,2000
tep,2,0,JAC-1NN,mixed_spurious_timing_late,0.2,0.5,0.7275,2000
tep,2,0,JAC-1NN,mixed_spurious_timing_late,0.2,0.6666667,0.7825,2000
tep,2,0,JAC-1NN,mixed_spurious_timing_late,0.2,0.8333333,0.7825,2000
tep,2,0,JAC-1NN,mixed_spurious_timing_late,0.2,1.0,0.8375,2000
tep,2,0,JAC-1NN,mixed_spurious_timing_late,0.25,0.1666667,0.5515,2000
tep,2,0,JAC-1NN,mixed_spurious_timing_late,0.25,0.3333333,0.5515,2000
tep,2,0,JAC-1NN,mixed_spurious_timing_late,0.25,0.5,0.719,2000
tep,2,0,JAC-1NN,mixed_spurious_timing_late,0.25,0.6666667,0.719,2000
tep,2,0,JAC-1NN,mixed_spurious_timing_late,0.25,0.8333333,0.7795,2000
tep,2,0,JAC-1NN,mixed_spurious_timing_late,0.25,1.0,0.8145,2000
tep,2,0,JAC-1NN,mixed_spurious_timing_late,0.3,0.1666667,0.568,2000
tep,2,0,JAC-1NN,mixed_spurious_timing_late,0.3,0.3333333,0.568,2000
tep,2,0,JAC-1NN,mixed_spurious_timing_late,0.3,0.5,0.7545,2000
tep,2,0,JAC-1NN,mixed_spurious_timing_late,0.3,0.6666667,0.7545,2000
tep,2,0,JAC-1NN,mixed_spurious_timing_late,0.3,0.8333333,0.799,2000
tep,2,0,JAC-1NN,mixed_spurious_timing_late,0.3,1.0,0.8095,2000
tep,2,0,JAC-1NN,mixed_spurious_timing_late,0.4,0.1666667,0.581,2000
tep,2,0,JAC-1NN,mixed_spurious_timing_late,0.4,0.3333333,0.581,2000
tep,2,0,JAC-1NN,mixed_spurious_timing_late,0.4,0.5,0.581,2000
tep,2,0,JAC-1NN,mixed_spurious_timing_late,0.4,0.6666667,0.7385,2000
tep,2,0,JAC-1NN,mixed_spurious_timing_late,0.4,0.8333333,0.7385,2000
tep,2,0,JAC-1NN,mixed_spurious_timing_late,0.4,1.0,0.761,2000
tep,2,0,JAC-1NN,mixed_spurious_timing_late,0.5,0.1666667,0.604,2000
tep,2,0,JAC-1NN,mixed_spurious_timing_late,0.5,0.3333333,0.604,2000
tep,2,0,JAC-1NN,mixed_spurious_timing_late,0.5,0.5,0.604,2000
tep,2,0,JAC-1NN,mixed_spurious_timing_late,0.5,0.6666667,0.604,2000
tep,2,0,JAC-1NN,mixed_spurious_timing_late,0.5,0.8333333,0.682,2000
tep,2,0,JAC-1NN,mixed_spurious_timing_late,0.5,1.0,0.705,2000
tep,2,0,JAC-1NN,mixed_spurious_timing_late,0.6,0.1666667,0.5385,2000
tep,2,0,JAC-1NN,mixed_spurious_timing_late,0.6,0.3333333,0.5385,2000
tep,2,0,JAC-1NN,mixed_spurious_timing_late,0.6,0.5,0.5385,2000
tep,2,0,JAC-1NN,mixed_spurious_timing_late,0.6,0.6666667,0.5385,2000
tep,2,0,JAC-1NN,mixed_spurious_timing_late,0.6,0.8333333,0.5385,2000
tep,2,0,JAC-1NN,mixed_spurious_timing_late,0.6,1.0,0.611,2000
tep,2,0,JAC-1NN,mixed_spurious_timing_late,0.7,0.1666667,0.51,2000
tep,2,0,JAC-1NN,mixed_spurious_timing_late,0.7,0.3333333,0.51,2000
tep,2,0,JAC-1NN,mixed_spurious_timing_late,0.7,0.5,0.51,2000
tep,2,0,JAC-1NN,mixed_spurious_timing_late,0.7,0.6666667,0.51,2000
tep,2,0,JAC-1NN,mixed_spurious_timing_late,0.7,0.8333333,0.51,2000
tep,2,0,JAC-1NN,mixed_spurious_timing_late,0.7,1.0,0.55,2000
tep,2,0,JAC-1NN,mixed_spurious_timing_late,0.8,0.1666667,0.468,2000
tep,2,0,JAC-1NN,mixed_spurious_timing_late,0.8,0.3333333,0.468,2000
tep,2,0,JAC-1NN,mixed_spurious_timing_late,0.8,0.5,0.468,2000
tep,2,0,JAC-1NN,mixed_spurious_timing_late,0.8,0.6666667,0.468,2000
tep,2,0,JAC-1NN,mixed_spurious_timing_late,0.8,0.8333333,0.468,2000
tep,2,0,JAC-1NN,mixed_spurious_timing_late,0.8,1.0,0.4825,2000
tep,2,0,JAC-1NN,mixed_spurious_timing_late,0.9,0.1666667,0.3775,2000
tep,2,0,JAC-1NN,mixed_spurious_timing_late,0.9,0.3333333,0.3775,2000
tep,2,0,JAC-1NN,mixed_spurious_timing_late,0.9,0.5,0.3775,2000
tep,2,0,JAC-1NN,mixed_spurious_timing_late,0.9,0.6666667,0.3775,2000
tep,2,0,JAC-1NN,mixed_spurious_timing_late,0.9,0.8333333,0.3775,2000
tep,2,0,JAC-1NN,mixed_spurious_timing_late,0.9,1.0,0.3775,2000
tep,2,0,JAC-1NN,spurious_events,0.0,0.1666667,0.705,2000
tep,2,0,JAC-1NN,spurious_events,0.0,0.3333333,0.705,2000
tep,2,0,JAC-1NN,spurious_events,0.0,0.5,0.78,2000
tep,2,0,JAC-1NN,spurious_events,0.0,0.6666667,0.935,2000
tep,2,0,JAC-1NN,spurious_events,0.0,0.8333333,0.925,2000
tep,2,0,JAC-1NN,spurious_events,0.0,1.0,0.915,2000
tep,2,0,JAC-1NN,spurious_events,0.05,0.1666667,0.7015,2000
tep,2,0,JAC-1NN,spurious_events,0.05,0.3333333,0.7015,2000
tep,2,0,JAC-1NN,spurious_events,0.05,0.5,0.7745,2000
tep,2,0,JAC-1NN,spurious_events,0.05,0.6666667,0.912,2000
tep,2,0,JAC-1NN,spurious_events,0.05,0.8333333,0.906,2000
tep,2,0,JAC-1NN,spurious_events,0.05,1.0,0.9015,2000
tep,2,0,JAC-1NN,spurious_events,0.1,0.1666667,0.6865,2000
tep,2,0,JAC-1NN,spurious_events,0.1,0.3333333,0.6865,2000
tep,2,0,JAC-1NN,spurious_events,0.1,0.5,0.7715,2000
tep,2,0,JAC-1NN,spurious_events,0.1,0.6666667,0.8775,2000
tep,2,0,JAC-1NN,spurious_events,0.1,0.8333333,0.875,2000
tep,2,0,JAC-1NN,spurious_events,0.1,1.0,0.9035,2000
tep,2,0,JAC-1NN,spurious_events,0.15,0.1666667,0.6805,2000
tep,2,0,JAC-1NN,spurious_events,0.15,0.3333333,0.6805,2000
tep,2,0,JAC-1NN,spurious_events,0.15,0.5,0.762,2000
tep,2,0,JAC-1NN,spurious_events,0.15,0.6666667,0.846,2000
tep,2,0,JAC-1NN,spurious_events,0.15,0.8333333,0.844,2000
tep,2,0,JAC-1NN,spurious_events,0.15,1.0,0.8815,2000
tep,2,0,JAC-1NN,spurious_events,0.2,0.1666667,0.6655,2000
tep,2,0,JAC-1NN,spurious_events,0.2,0.3333333,0.6655,2000
tep,2,0,JAC-1NN,spurious_events,0.2,0.5,0.74,2000
tep,2,0,JAC-1NN,spurious_events,0.2,0.6666667,0.801,2000
tep,2,0,JAC-1NN,spurious_events,0.2,0.8333333,0.7965,2000
tep,2,0,JAC-1NN,spurious_events,0.2,1.0,0.855,2000
tep,2,0,JAC-1NN,spurious_events,0.25,0.1666667,0.6485,2000
tep,2,0,JAC-1NN,spurious_events,0.25,0.3333333,0.6485,2000
tep,2,0,JAC-1NN,spurious_events,0.25,0.5,0.7015,2000
tep,2,0,JAC-1NN,spurious_events,0.25,0.6666667,0.766,2000
tep,2,0,JAC-1NN,spurious_events,0.25,0.8333333,0.754,2000
tep,2,0,JAC-1NN,spurious_events,0.25,1.0,0.817,2000
tep,2,0,JAC-1NN,spurious_events,0.3,0.1666667,0.6485,2000
tep,2,0,JAC-1NN,spurious_events,0.3,0.3333333,0.6485,2000
tep,2,0,JAC-1NN,spurious_events,0.3,0.5,0.701,2000
tep,2,0,JAC-1NN,spurious_events,0.3,0.6666667,0.733,2000
tep,2,0,JAC-1NN,spurious_events,0.3,0.8333333,0.7175,2000
tep,2,0,JAC-1NN,spurious_events,0.3,1.0,0.7685,2000
tep,2,0,JAC-1NN,spurious_events,0.4,0.1666667,0.631,2000
tep,2,0,JAC-1NN,spurious_events,0.4,0.3333333,0.631,2000
tep,2,0,JAC-1NN,spurious_events,0.4,0.5,0.6565,2000
tep,2,0,JAC-1NN,spurious_events,0.4,0.6666667,0.657,2000
tep,2,0,JAC-1NN,spurious_events,0.4,0.8333333,0.6375,2000
tep,2,0,JAC-1NN,spurious_events,0.4,1.0,0.6525,2000
tep,2,0,JAC-1NN,spurious_events,0.5,0.1666667,0.6005,2000
tep,2,0,JAC-1NN,spurious_events,0.5,0.3333333,0.6005,2000
tep,2,0,JAC-1NN,spurious_events,0.5,0.5,0.618,2000
tep,2,0,JAC-1NN,spurious_events,0.5,0.6666667,0.6005,2000
tep,2,0,JAC-1NN,spurious_events,0.5,0.8333333,0.5655,2000
tep,2,0,JAC-1NN,spurious_events,0.5,1.0,0.535,2000
tep,2,0,JAC-1NN,spurious_events,0.6,0.1666667,0.5935,2000
tep,2,0,JAC-1NN,spurious_events,0.6,0.3333333,0.5935,2000
tep,2,0,JAC-1NN,spurious_events,0.6,0.5,0.6065,2000
tep,2,0,JAC-1NN,spurious_events,0.6,0.6666667,0.561,2000
tep,2,0,JAC-1NN,spurious_events,0.6,0.8333333,0.526,2000
tep,2,0,JAC-1NN,spurious_events,0.6,1.0,0.465,2000
tep,2,0,JAC-1NN,spurious_events,0.7,0.1666667,0.574,2000
tep,2,0,JAC-1NN,spurious_events,0.7,0.3333333,0.574,2000
tep,2,0,JAC-1NN,spurious_events,0.7,0.5,0.553,2000
tep,2,0,JAC-1NN,spurious_events,0.7,0.6666667,0.5275,2000
tep,2,0,JAC-1NN,spurious_events,0.7,0.8333333,0.475,2000
tep,2,0,JAC-1NN,spurious_events,0.7,1.0,0.41,2000
tep,2,0,JAC-1NN,spurious_events,0.8,0.1666667,0.5535,2000
tep,2,0,JAC-1NN,spurious_events,0.8,0.3333333,0.5535,2000
tep,2,0,JAC-1NN,spurious_events,0.8,0.5,0.5295,2000
tep,2,0,JAC-1NN,spurious_events,0.8,0.6666667,0.4745,2000
tep,2,0,JAC-1NN,spurious_events,0.8,0.8333333,0.4335,2000
tep,2,0,JAC-1NN,spurious_events,0.8,1.0,0.375,2000
tep,2,0,JAC-1NN,spurious_events,0.9,0.1666667,0.5455,2000
tep,2,0,JAC-1NN,spurious_events,0.9,0.3333333,0.5455,2000
tep,2,0,JAC-1NN,spurious_events,0.9,0.5,0.5035,2000
tep,2,0,JAC-1NN,spurious_events,0.9,0.6666667,0.4435,2000
tep,2,0,JAC-1NN,spurious_events,0.9,0.8333333,0.3905,2000
tep,2,0,JAC-1NN,spurious_events,0.9,1.0,0.341,2000
tep,2,0,JAC-1NN,timing_uncertainty,0.0,0.1666667,0.705,2000
tep,2,0,JAC-1NN,timing_uncertainty,0.0,0.3333333,0.705,2000
tep,2,0,JAC-1NN,timing_uncertainty,0.0,0.5,0.78,2000
tep,2,0,JAC-1NN,timing_uncertainty,0.0,0.6666667,0.935,2000
tep,2,0,JAC-1NN,timing_uncertainty,0.0,0.8333333,0.925,2000
tep,2,0,JAC-1NN,timing_uncertainty,0.0,1.0,0.915,2000
tep,2,0,JAC-1NN,timing_uncertainty,0.05,0.1666667,0.7025,2000
tep,2,0,JAC-1NN,timing_uncertainty,0.05,0.3333333,0.7025,2000
tep,2,0,JAC-1NN,timing_uncertainty,0.05,0.5,0.78,2000
tep,2,0,JAC-1NN,timing_uncertainty,0.05,0.6666667,0.934,2000
tep,2,0,JAC-1NN,timing_uncertainty,0.05,0.8333333,0.9265,2000
tep,2,0,JAC-1NN,timing_uncertainty,0.05,1.0,0.912,2000
tep,2,0,JAC-1NN,timing_uncertainty,0.1,0.1666667,0.6995,2000
tep,2,0,JAC-1NN,timing_uncertainty,0.1,0.3333333,0.6995,2000
tep,2,0,JAC-1NN,timing_uncertainty,0.1,0.5,0.78,2000
tep,2,0,JAC-1NN,timing_uncertainty,0.1,0.6666667,0.9345,2000
tep,2,0,JAC-1NN,timing_uncertainty,0.1,0.8333333,0.9265,2000
tep,2,0,JAC-1NN,timing_uncertainty,0.1,1.0,0.9135,2000
tep,2,0,JAC-1NN,timing_uncertainty,0.15,0.1666667,0.7015,2000
tep,2,0,JAC-1NN,timing_uncertainty,0.15,0.3333333,0.7015,2000
tep,2,0,JAC-1NN,timing_uncertainty,0.15,0.5,0.7885,2000
tep,2,0,JAC-1NN,timing_uncertainty,0.15,0.6666667,0.936,2000
tep,2,0,JAC-1NN,timing_uncertainty,0.15,0.8333333,0.93,2000
tep,2,0,JAC-1NN,timing_uncertainty,0.15,1.0,0.9175,2000
tep,2,0,JAC-1NN,timing_uncertainty,0.2,0.1666667,0.7,2000
tep,2,0,JAC-1NN,timing_uncertainty,0.2,0.3333333,0.7,2000
tep,2,0,JAC-1NN,timing_uncertainty,0.2,0.5,0.781,2000
tep,2,0,JAC-1NN,timing_uncertainty,0.2,0.6666667,0.933,2000
tep,2,0,JAC-1NN,timing_uncertainty,0.2,0.8333333,0.9275,2000
tep,2,0,JAC-1NN,timing_uncertainty,0.2,1.0,0.9155,2000
tep,2,0,JAC-1NN,timing_uncertainty,0.25,0.1666667,0.696,2000
tep,2,0,JAC-1NN,timing_uncertainty,0.25,0.3333333,0.696,2000
tep,2,0,JAC-1NN,timing_uncertainty,0.25,0.5,0.7765,2000
tep,2,0,JAC-1NN,timing_uncertainty,0.25,0.6666667,0.9295,2000
tep,2,0,JAC-1NN,timing_uncertainty,0.25,0.8333333,0.9235,2000
tep,2,0,JAC-1NN,timing_uncertainty,0.25,1.0,0.912,2000
tep,2,0,JAC-1NN,timing_uncertainty,0.3,0.1666667,0.6985,2000
tep,2,0,JAC-1NN,timing_uncertainty,0.3,0.3333333,0.6985,2000
tep,2,0,JAC-1NN,timing_uncertainty,0.3,0.5,0.785,2000
tep,2,0,JAC-1NN,timing_uncertainty,0.3,0.6666667,0.9295,2000
tep,2,0,JAC-1NN,timing_uncertainty,0.3,0.8333333,0.927,2000
tep,2,0,JAC-1NN,timing_uncertainty,0.3,1.0,0.9135,2000
tep,2,0,JAC-1NN,timing_uncertainty,0.4,0.1666667,0.6945,2000
tep,2,0,JAC-1NN,timing_uncertainty,0.4,0.3333333,0.6945,2000
tep,2,0,JAC-1NN,timing_uncertainty,0.4,0.5,0.7875,2000
tep,2,0,JAC-1NN,timing_uncertainty,0.4,0.6666667,0.933,2000
tep,2,0,JAC-1NN,timing_uncertainty,0.4,0.8333333,0.9275,2000
tep,2,0,JAC-1NN,timing_uncertainty,0.4,1.0,0.9135,2000
tep,2,0,JAC-1NN,timing_uncertainty,0.5,0.1666667,0.6775,2000
tep,2,0,JAC-1NN,timing_uncertainty,0.5,0.3333333,0.6775,2000
tep,2,0,JAC-1NN,timing_uncertainty,0.5,0.5,0.79,2000
tep,2,0,JAC-1NN,timing_uncertainty,0.5,0.6666667,0.939,2000
tep,2,0,JAC-1NN,timing_uncertainty,0.5,0.8333333,0.9315,2000
tep,2,0,JAC-1NN,timing_uncertainty,0.5,1.0,0.917,2000
tep,2,0,JAC-1NN,timing_uncertainty,0.6,0.1666667,0.687,2000
tep,2,0,JAC-1NN,timing_uncertainty,0.6,0.3333333,0.687,2000
tep,2,0,JAC-1NN,timing_uncertainty,0.6,0.5,0.789,2000
tep,2,0,JAC-1NN,timing_uncertainty,0.6,0.6666667,0.931,2000
tep,2,0,JAC-1NN,timing_uncertainty,0.6,0.8333333,0.925,2000
tep,2,0,JAC-1NN,timing_uncertainty,0.6,1.0,0.9145,2000
tep,2,0,JAC-1NN,timing_uncertainty,0.7,0.1666667,0.691,2000
tep,2,0,JAC-1NN,timing_uncertainty,0.7,0.3333333,0.691,2000
tep,2,0,JAC-1NN,timing_uncertainty,0.7,0.5,0.803,2000
tep,2,0,JAC-1NN,timing_uncertainty,0.7,0.6666667,0.9325,2000
tep,2,0,JAC-1NN,timing_uncertainty,0.7,0.8333333,0.931,2000
tep,2,0,JAC-1NN,timing_uncertainty,0.7,1.0,0.9115,2000
tep,2,0,JAC-1NN,timing_uncertainty,0.8,0.1666667,0.6805,2000
tep,2,0,JAC-1NN,timing_uncertainty,0.8,0.3333333,0.6805,2000
tep,2,0,JAC-1NN,timing_uncertainty,0.8,0.5,0.8085,2000
tep,2,0,JAC-1NN,timing_uncertainty,0.8,0.6666667,0.928,2000
tep,2,0,JAC-1NN,timing_uncertainty,0.8,0.8333333,0.9235,2000
tep,2,0,JAC-1NN,timing_uncertainty,0.8,1.0,0.9125,2000
tep,2,0,JAC-1NN,timing_uncertainty,0.9,0.1666667,0.6825,2000
tep,2,0,JAC-1NN,timing_uncertainty,0.9,0.3333333,0.6825,2000
tep,2,0,JAC-1NN,timing_uncertainty,0.9,0.5,0.819,2000
tep,2,0,JAC-1NN,timing_uncertainty,0.9,0.6666667,0.9325,2000
tep,2,0,JAC-1NN,timing_uncertainty,0.9,0.8333333,0.9295,2000
tep,2,0,JAC-1NN,timing_uncertainty,0.9,1.0,0.9155,2000
tep,2,0,MBW-LR,late_time_delay,0.0,0.1666667,0.77,2000
tep,2,0,MBW-LR,late_time_delay,0.0,0.3333333,0.77,2000
tep,2,0,MBW-LR,late_time_delay,0.0,0.5,0.81,2000
tep,2,0,MBW-LR,late_time_delay,0.0,0.6666667,0.88,2000
tep,2,0,MBW-LR,late_time_delay,0.0,0.8333333,0.915,2000
tep,2,0,MBW-LR,late_time_delay,0.0,1.0,0.97,2000
tep,2,0,MBW-LR,late_time_delay,0.05,0.1666667,0.605,2000
tep,2,0,MBW-LR,late_time_delay,0.05,0.3333333,0.605,2000
tep,2,0,MBW-LR,late_time_delay,0.05,0.5,0.795,2000
tep,2,0,MBW-LR,late_time_delay,0.05,0.6666667,0.88,2000
tep,2,0,MBW-LR,late_time_delay,0.05,0.8333333,0.91,2000
tep,2,0,MBW-LR,late_time_delay,0.05,1.0,0.95,2000
tep,2,0,MBW-LR,late_time_delay,0.1,0.1666667,0.73,2000
tep,2,0,MBW-LR,late_time_delay,0.1,0.3333333,0.73,2000
tep,2,0,MBW-LR,late_time_delay,0.1,0.5,0.845,2000
tep,2,0,MBW-LR,late_time_delay,0.1,0.6666667,0.9,2000
tep,2,0,MBW-LR,late_time_delay,0.1,0.8333333,0.935,2000
tep,2,0,MBW-LR,late_time_delay,0.1,1.0,0.975,2000
tep,2,0,MBW-LR,late_time_delay,0.15,0.1666667,0.585,2000
tep,2,0,MBW-LR,late_time_delay,0.15,0.3333333,0.585,2000
tep,2,0,MBW-LR,late_time_delay,0.15,0.5,0.765,2000
tep,2,0,MBW-LR,late_time_delay,0.15,0.6666667,0.92,2000
tep,2,0,MBW-LR,late_time_delay,0.15,0.8333333,0.955,2000
tep,2,0,MBW-LR,late_time_delay,0.15,1.0,0.965,2000
tep,2,0,MBW-LR,late_time_delay,0.2,0.1666667,0.55,2000
tep,2,0,MBW-LR,late_time_delay,0.2,0.3333333,0.55,2000
tep,2,0,MBW-LR,late_time_delay,0.2,0.5,0.78,2000
tep,2,0,MBW-LR,late_time_delay,0.2,0.6666667,0.935,2000
tep,2,0,MBW-LR,late_time_delay,0.2,0.8333333,0.935,2000
tep,2,0,MBW-LR,late_time_delay,0.2,1.0,0.96,2000
tep,2,0,MBW-LR,late_time_delay,0.25,0.1666667,0.655,2000
tep,2,0,MBW-LR,late_time_delay,0.25,0.3333333,0.655,2000
tep,2,0,MBW-LR,late_time_delay,0.25,0.5,0.87,2000
tep,2,0,MBW-LR,late_time_delay,0.25,0.6666667,0.87,2000
tep,2,0,MBW-LR,late_time_delay,0.25,0.8333333,0.96,2000
tep,2,0,MBW-LR,late_time_delay,0.25,1.0,0.98,2000
tep,2,0,MBW-LR,late_time_delay,0.3,0.1666667,0.67,2000
tep,2,0,MBW-LR,late_time_delay,0.3,0.3333333,0.67,2000
tep,2,0,MBW-LR,late_time_delay,0.3,0.5,0.93,2000
tep,2,0,MBW-LR,late_time_delay,0.3,0.6666667,0.93,2000
tep,2,0,MBW-LR,late_time_delay,0.3,0.8333333,0.955,2000
tep,2,0,MBW-LR,late_time_delay,0.3,1.0,0.975,2000
tep,2,0,MBW-LR,late_time_delay,0.4,0.1666667,0.765,2000
tep,2,0,MBW-LR,late_time_delay,0.4,0.3333333,0.765,2000
tep,2,0,MBW-LR,late_time_delay,0.4,0.5,0.765,2000
tep,2,0,MBW-LR,late_time_delay,0.4,0.6666667,0.925,2000
tep,2,0,MBW-LR,late_time_delay,0.4,0.8333333,0.925,2000
tep,2,0,MBW-LR,late_time_delay,0.4,1.0,0.95,2000
tep,2,0,MBW-LR,late_time_delay,0.5,0.1666667,0.79,2000
tep,2,0,MBW-LR,late_time_delay,0.5,0.3333333,0.79,2000
tep,2,0,MBW-LR,late_time_delay,0.5,0.5,0.79,2000
tep,2,0,MBW-LR,late_time_delay,0.5,0.6666667,0.79,2000
tep,2,0,MBW-LR,late_time_delay,0.5,0.8333333,0.84,2000
tep,2,0,MBW-LR,late_time_delay,0.5,1.0,0.9,2000
tep,2,0,MBW-LR,late_time_delay,0.6,0.1666667,0.68,2000
tep,2,0,MBW-LR,late_time_delay,0.6,0.3333333,0.68,2000
tep,2,0,MBW-LR,late_time_delay,0.6,0.5,0.68,2000
tep,2,0,MBW-LR,late_time_delay,0.6,0.6666667,0.68,2000
tep,2,0,MBW-LR,late_time_delay,0.6,0.8333333,0.68,2000
tep,2,0,MBW-LR,late_time_delay,0.6,1.0,0.81,2000
tep,2,0,MBW-LR,late_time_delay,0.7,0.1666667,0.6,2000
tep,2,0,MBW-LR,late_time_delay,0.7,0.3333333,0.6,2000
tep,2,0,MBW-LR,late_time_delay,0.7,0.5,0.6,2000
tep,2,0,MBW-LR,late_time_delay,0.7,0.6666667,0.6,2000
tep,2,0,MBW-LR,late_time_delay,0.7,0.8333333,0.6,2000
tep,2,0,MBW-LR,late_time_delay,0.7,1.0,0.645,2000
tep,2,0,MBW-LR,late_time_delay,0.8,0.1666667,0.525,2000
tep,2,0,MBW-LR,late_time_delay,0.8,0.3333333,0.525,2000
tep,2,0,MBW-LR,late_time_delay,0.8,0.5,0.525,2000
tep,2,0,MBW-LR,late_time_delay,0.8,0.6666667,0.525,2000
tep,2,0,MBW-LR,late_time_delay,0.8,0.8333333,0.525,2000
tep,2,0,MBW-LR,late_time_delay,0.8,1.0,0.56,2000
tep,2,0,MBW-LR,late_time_delay,0.9,0.1666667,0.495,2000
tep,2,0,MBW-LR,late_time_delay,0.9,0.3333333,0.495,2000
tep,2,0,MBW-LR,late_time_delay,0.9,0.5,0.495,2000
tep,2,0,MBW-LR,late_time_delay,0.9,0.6666667,0.495,2000
tep,2,0,MBW-LR,late_time_delay,0.9,0.8333333,0.495,2000
tep,2,0,MBW-LR,late_time_delay,0.9,1.0,0.495,2000
tep,2,0,MBW-LR,missing_events,0.0,0.1666667,0.77,2000
tep,2,0,MBW-LR,missing_events,0.0,0.3333333,0.77,2000
tep,2,0,MBW-LR,missing_events,0.0,0.5,0.81,2000
tep,2,0,MBW-LR,missing_events,0.0,0.6666667,0.88,2000
tep,2,0,MBW-LR,missing_events,0.0,0.8333333,0.915,2000
tep,2,0,MBW-LR,missing_events,0.0,1.0,0.97,2000
tep,2,0,MBW-LR,missing_events,0.05,0.1666667,0.759,2000
tep,2,0,MBW-LR,missing_events,0.05,0.3333333,0.759,2000
tep,2,0,MBW-LR,missing_events,0.05,0.5,0.808,2000
tep,2,0,MBW-LR,missing_events,0.05,0.6666667,0.878,2000
tep,2,0,MBW-LR,missing_events,0.05,0.8333333,0.9155,2000
tep,2,0,MBW-LR,missing_events,0.05,1.0,0.963,2000
tep,2,0,MBW-LR,missing_events,0.1,0.1666667,0.743,2000
tep,2,0,MBW-LR,missing_events,0.1,0.3333333,0.743,2000
tep,2,0,MBW-LR,missing_events,0.1,0.5,0.8035,2000
tep,2,0,MBW-LR,missing_events,0.1,0.6666667,0.873,2000
tep,2,0,MBW-LR,missing_events,0.1,0.8333333,0.9185,2000
tep,2,0,MBW-LR,missing_events,0.1,1.0,0.96,2000
tep,2,0,MBW-LR,missing_events,0.15,0.1666667,0.732,2000
tep,2,0,MBW-LR,missing_events,0.15,0.3333333,0.732,2000
tep,2,0,MBW-LR,missing_events,0.15,0.5,0.7965,2000
tep,2,0,MBW-LR,missing_events,0.15,0.6666667,0.8765,2000
tep,2,0,MBW-LR,missing_events,0.15,0.8333333,0.922,2000
tep,2,0,MBW-LR,missing_events,0.15,1.0,0.957,2000
tep,2,0,MBW-LR,missing_events,0.2,0.1666667,0.718,2000
tep,2,0,MBW-LR,missing_events,0.2,0.3333333,0.718,2000
tep,2,0,MBW-LR,missing_events,0.2,0.5,0.7845,2000
tep,2,0,MBW-LR,missing_events,0.2,0.6666667,0.865,2000
tep,2,0,MBW-LR,missing_events,0.2,0.8333333,0.916,2000
tep,2,0,MBW-LR,missing_events,0.2,1.0,0.947,2000
tep,2,0,MBW-LR,missing_events,0.25,0.1666667,0.705,2000
tep,2,0,MBW-LR,missing_events,0.25,0.3333333,0.705,2000
tep,2,0,MBW-LR,missing_events,0.25,0.5,0.782,2000
tep,2,0,MBW-LR,missing_events,0.25,0.6666667,0.855,2000
tep,2,0,MBW-LR,missing_events,0.25,0.8333333,0.9025,2000
tep,2,0,MBW-LR,missing_events,0.25,1.0,0.9405,2000
tep,2,0,MBW-LR,missing_events,0.3,0.1666667,0.691,2000
tep,2,0,MBW-LR,missing_events,0.3,0.3333333,0.691,2000
tep,2,0,MBW-LR,missing_events,0.3,0.5,0.775,2000
tep,2,0,MBW-LR,missing_events,0.3,0.6666667,0.854,2000
tep,2,0,MBW-LR,missing_events,0.3,0.8333333,0.905,2000
tep,2,0,MBW-LR,missing_events,0.3,1.0,0.927,2000
tep,2,0,MBW-LR,missing_events,0.4,0.1666667,0.657,2000
tep,2,0,MBW-LR,missing_events,0.4,0.3333333,0.657,2000
tep,2,0,MBW-LR,missing_events,0.4,0.5,0.7545,2000
tep,2,0,MBW-LR,missing_events,0.4,0.6666667,0.836,2000
tep,2,0,MBW-LR,missing_events,0.4,0.8333333,0.8915,2000
tep,2,0,MBW-LR,missing_events,0.4,1.0,0.9155,2000
tep,2,0,MBW-LR,missing_events,0.5,0.1666667,0.61,2000
tep,2,0,MBW-LR,missing_events,0.5,0.3333333,0.61,2000
tep,2,0,MBW-LR,missing_events,0.5,0.5,0.729,2000
tep,2,0,MBW-LR,missing_events,0.5,0.6666667,0.8045,2000
tep,2,0,MBW-LR,missing_events,0.5,0.8333333,0.87,2000
tep,2,0,MBW-LR,missing_events,0.5,1.0,0.8795,2000
tep,2,0,MBW-LR,missing_events,0.6,0.1666667,0.5755,2000
tep,2,0,MBW-LR,missing_events,0.6,0.3333333,0.5755,2000
tep,2,0,MBW-LR,missing_events,0.6,0.5,0.6815,2000
tep,2,0,MBW-LR,missing_events,0.6,0.6666667,0.776,2000
tep,2,0,MBW-LR,missing_events,0.6,0.8333333,0.851,2000
tep,2,0,MBW-LR,missing_events,0.6,1.0,0.8535,2000
tep,2,0,MBW-LR,missing_events,0.7,0.1666667,0.5295,2000
tep,2,0,MBW-LR,missing_events,0.7,0.3333333,0.5295,2000
tep,2,0,MBW-LR,missing_events,0.7,0.5,0.6555,2000
tep,2,0,MBW-LR,missing_events,0.7,0.6666667,0.76,2000
tep,2,0,MBW-LR,missing_events,0.7,0.8333333,0.8325,2000
tep,2,0,MBW-LR,missing_events,0.7,1.0,0.8345,2000
tep,2,0,MBW-LR,missing_events,0.8,0.1666667,0.4605,2000
tep,2,0,MBW-LR,missing_events,0.8,0.3333333,0.4605,2000
tep,2,0,MBW-LR,missing_events,0.8,0.5,0.5815,2000
tep,2,0,MBW-LR,missing_events,0.8,0.6666667,0.6725,2000
tep,2,0,MBW-LR,missing_events,0.8,0.8333333,0.751,2000
tep,2,0,MBW-LR,missing_events,0.8,1.0,0.768,2000
tep,2,0,MBW-LR,missing_events,0.9,0.1666667,0.3775,2000
tep,2,0,MBW-LR,missing_events,0.9,0.3333333,0.3775,2000
tep,2,0,MBW-LR,missing_events,0.9,0.5,0.485,2000
tep,2,0,MBW-LR,missing_events,0.9,0.6666667,0.569,2000
tep,2,0,MBW-LR,missing_events,0.9,0.8333333,0.6435,2000
tep,2,0,MBW-LR,missing_events,0.9,1.0,0.6735,2000
tep,2,0,MBW-LR,mixed_missing_spurious,0.0,0.1666667,0.77,2000
tep,2,0,MBW-LR,mixed_missing_spurious,0.0,0.3333333,0.77,2000
tep,2,0,MBW-LR,mixed_missing_spurious,0.0,0.5,0.81,2000
tep,2,0,MBW-LR,mixed_missing_spurious,0.0,0.6666667,0.88,2000
tep,2,0,MBW-LR,mixed_missing_spurious,0.0,0.8333333,0.915,2000
tep,2,0,MBW-LR,mixed_missing_spurious,0.0,1.0,0.97,2000
tep,2,0,MBW-LR,mixed_missing_spurious,0.05,0.1666667,0.7195,2000
tep,2,0,MBW-LR,mixed_missing_spurious,0.05,0.3333333,0.7195,2000
tep,2,0,MBW-LR,mixed_missing_spurious,0.05,0.5,0.775,2000
tep,2,0,MBW-LR,mixed_missing_spurious,0.05,0.6666667,0.84,2000
tep,2,0,MBW-LR,mixed_missing_spurious,0.05,0.8333333,0.881,2000
tep,2,0,MBW-LR,mixed_missing_spurious,0.05,1.0,0.947,2000
tep,2,0,MBW-LR,mixed_missing_spurious,0.1,0.1666667,0.687,2000
tep,2,0,MBW-LR,mixed_missing_spurious,0.1,0.3333333,0.687,2000
tep,2,0,MBW-LR,mixed_missing_spurious,0.1,0.5,0.7415,2000
tep,2,0,MBW-LR,mixed_missing_spurious,0.1,0.6666667,0.788,2000
tep,2,0,MBW-LR,mixed_missing_spurious,0.1,0.8333333,0.825,2000
tep,2,0,MBW-LR,mixed_missing_spurious,0.1,1.0,0.8955,2000
tep,2,0,MBW-LR,mixed_missing_spurious,0.15,0.1666667,0.6395,2000
tep,2,0,MBW-LR,mixed_missing_spurious,0.15,0.3333333,0.6395,2000
tep,2,0,MBW-LR,mixed_missing_spurious,0.15,0.5,0.695,2000
tep,2,0,MBW-LR,mixed_missing_spurious,0.15,0.6666667,0.7615,2000
tep,2,0,MBW-LR,mixed_missing_spurious,0.15,0.8333333,0.803,2000
tep,2,0,MBW-LR,mixed_missing_spurious,0.15,1.0,0.867,2000
tep,2,0,MBW-LR,mixed_missing_spurious,0.2,0.1666667,0.6105,2000
tep,2,0,MBW-LR,mixed_missing_spurious,0.2,0.3333333,0.6105,2000
tep,2,0,MBW-LR,mixed_missing_spurious,0.2,0.5,0.6575,2000
tep,2,0,MBW-LR,mixed_missing_spurious,0.2,0.6666667,0.716,2000
tep,2,0,MBW-LR,mixed_missing_spurious,0.2,0.8333333,0.752,2000
tep,2,0,MBW-LR,mixed_missing_spurious,0.2,1.0,0.8075,2000
tep,2,0,MBW-LR,mixed_missing_spurious,0.25,0.1666667,0.584,2000
tep,2,0,MBW-LR,mixed_missing_spurious,0.25,0.3333333,0.584,2000
tep,2,0,MBW-LR,mixed_missing_spurious,0.25,0.5,0.636,2000
tep,2,0,MBW-LR,mixed_missing_spurious,0.25,0.6666667,0.696,2000
tep,2,0,MBW-LR,mixed_missing_spurious,0.25,0.8333333,0.7405,2000
tep,2,0,MBW-LR,mixed_missing_spurious,0.25,1.0,0.781,2000
tep,2,0,MBW-LR,mixed_missing_spurious,0.3,0.1666667,0.5745,2000
tep,2,0,MBW-LR,mixed_missing_spurious,0.3,0.3333333,0.5745,2000
tep,2,0,MBW-LR,mixed_missing_spurious,0.3,0.5,0.6255,2000
tep,2,0,MBW-LR,mixed_missing_spurious,0.3,0.6666667,0.677,2000
tep,2,0,MBW-LR,mixed_missing_spurious,0.3,0.8333333,0.7255,2000
tep,2,0,MBW-LR,mixed_missing_spurious,0.3,1.0,0.757,2000
tep,2,0,MBW-LR,mixed_missing_spurious,0.4,0.1666667,0.5305,2000
tep,2,0,MBW-LR,mixed_missing_spurious,0.4,0.3333333,0.5305,2000
tep,2,0,MBW-LR,mixed_missing_spurious,0.4,0.5,0.585,2000
tep,2,0,MBW-LR,mixed_missing_spurious,0.4,0.6666667,0.628,2000
tep,2,0,MBW-LR,mixed_missing_spurious,0.4,0.8333333,0.661,2000
tep,2,0,MBW-LR,mixed_missing_spurious,0.4,1.0,0.69,2000
tep,2,0,MBW-LR,mixed_missing_spurious,0.5,0.1666667,0.495,2000
tep,2,0,MBW-LR,mixed_missing_spurious,0.5,0.3333333,0.495,2000
tep,2,0,MBW-LR,mixed_missing_spurious,0.5,0.5,0.542,2000
tep,2,0,MBW-LR,mixed_missing_spurious,0.5,0.6666667,0.5815,2000
tep,2,0,MBW-LR,mixed_missing_spurious,0.5,0.8333333,0.631,2000
tep,2,0,MBW-LR,mixed_missing_spurious,0.5,1.0,0.639,2000
tep,2,0,MBW-LR,mixed_missing_spurious,0.6,0.1666667,0.476,2000
tep,2,0,MBW-LR,mixed_missing_spurious,0.6,0.3333333,0.476,2000
tep,2,0,MBW-LR,mixed_missing_spurious,0.6,0.5,0.5155,2000
tep,2,0,MBW-LR,mixed_missing_spurious,0.6,0.6666667,0.5685,2000
tep,2,0,MBW-LR,mixed_missing_spurious,0.6,0.8333333,0.609,2000
tep,2,0,MBW-LR,mixed_missing_spurious,0.6,1.0,0.6155,2000
tep,2,0,MBW-LR,mixed_missing_spurious,0.7,0.1666667,0.4275,2000
tep,2,0,MBW-LR,mixed_missing_spurious,0.7,0.3333333,0.4275,2000
tep,2,0,MBW-LR,mixed_missing_spurious,0.7,0.5,0.4805,2000
tep,2,0,MBW-LR,mixed_missing_spurious,0.7,0.6666667,0.519,2000
tep,2,0,MBW-LR,mixed_missing_spurious,0.7,0.8333333,0.5625,2000
tep,2,0,MBW-LR,mixed_missing_spurious,0.7,1.0,0.5795,2000
tep,2,0,MBW-LR,mixed_missing_spurious,0.8,0.1666667,0.4145,2000
tep,2,0,MBW-LR,mixed_missing_spurious,0.8,0.3333333,0.4145,2000
tep,2,0,MBW-LR,mixed_missing_spurious,0.8,0.5,0.446,2000
tep,2,0,MBW-LR,mixed_missing_spurious,0.8,0.6666667,0.5085,2000
tep,2,0,MBW-LR,mixed_missing_spurious,0.8,0.8333333,0.544,2000
tep,2,0,MBW-LR,mixed_missing_spurious,0.8,1.0,0.551,2000
tep,2,0,MBW-LR,mixed_missing_spurious,0.9,0.1666667,0.366,2000
tep,2,0,MBW-LR,mixed_missing_spurious,0.9,0.3333333,0.366,2000
tep,2,0,MBW-LR,mixed_missing_spurious,0.9,0.5,0.4175,2000
tep,2,0,MBW-LR,mixed_missing_spurious,0.9,0.6666667,0.4495,2000
tep,2,0,MBW-LR,mixed_missing_spurious,0.9,0.8333333,0.4875,2000
tep,2,0,MBW-LR,mixed_missing_spurious,0.9,1.0,0.5145,2000
tep,2,0,MBW-LR,mixed_spurious_timing_late,0.0,0.1666667,0.77,2000
tep,2,0,MBW-LR,mixed_spurious_timing_late,0.0,0.3333333,0.77,2000
tep,2,0,MBW-LR,mixed_spurious_timing_late,0.0,0.5,0.81,2000
tep,2,0,MBW-LR,mixed_spurious_timing_late,0.0,0.6666667,0.88,2000
tep,2,0,MBW-LR,mixed_spurious_timing_late,0.0,0.8333333,0.915,2000
tep,2,0,MBW-LR,mixed_spurious_timing_late,0.0,1.0,0.97,2000
tep,2,0,MBW-LR,mixed_spurious_timing_late,0.05,0.1666667,0.578,2000
tep,2,0,MBW-LR,mixed_spurious_timing_late,0.05,0.3333333,0.578,2000
tep,2,0,MBW-LR,mixed_spurious_timing_late,0.05,0.5,0.757,2000
tep,2,0,MBW-LR,mixed_spurious_timing_late,0.05,0.6666667,0.853,2000
tep,2,0,MBW-LR,mixed_spurious_timing_late,0.05,0.8333333,0.889,2000
tep,2,0,MBW-LR,mixed_spurious_timing_late,0.05,1.0,0.937,2000
tep,2,0,MBW-LR,mixed_spurious_timing_late,0.1,0.1666667,0.665,2000
tep,2,0,MBW-LR,mixed_spurious_timing_late,0.1,0.3333333,0.665,2000
tep,2,0,MBW-LR,mixed_spurious_timing_late,0.1,0.5,0.7645,2000
tep,2,0,MBW-LR,mixed_spurious_timing_late,0.1,0.6666667,0.8235,2000
tep,2,0,MBW-LR,mixed_spurious_timing_late,0.1,0.8333333,0.8535,2000
tep,2,0,MBW-LR,mixed_spurious_timing_late,0.1,1.0,0.9055,2000
tep,2,0,MBW-LR,mixed_spurious_timing_late,0.15,0.1666667,0.5035,2000
tep,2,0,MBW-LR,mixed_spurious_timing_late,0.15,0.3333333,0.5035,2000
tep,2,0,MBW-LR,mixed_spurious_timing_late,0.15,0.5,0.6545,2000
tep,2,0,MBW-LR,mixed_spurious_timing_late,0.15,0.6666667,0.788,2000
tep,2,0,MBW-LR,mixed_spurious_timing_late,0.15,0.8333333,0.8315,2000
tep,2,0,MBW-LR,mixed_spurious_timing_late,0.15,1.0,0.87,2000
tep,2,0,MBW-LR,mixed_spurious_timing_late,0.2,0.1666667,0.461,2000
tep,2,0,MBW-LR,mixed_spurious_timing_late,0.2,0.3333333,0.461,2000
tep,2,0,MBW-LR,mixed_spurious_timing_late,0.2,0.5,0.6465,2000
tep,2,0,MBW-LR,mixed_spurious_timing_late,0.2,0.6666667,0.777,2000
tep,2,0,MBW-LR,mixed_spurious_timing_late,0.2,0.8333333,0.777,2000
tep,2,0,MBW-LR,mixed_spurious_timing_late,0.2,1.0,0.8225,2000
tep,2,0,MBW-LR,mixed_spurious_timing_late,0.25,0.1666667,0.522,2000
tep,2,0,MBW-LR,mixed_spurious_timing_late,0.25,0.3333333,0.522,2000
tep,2,0,MBW-LR,mixed_spurious_timing_late,0.25,0.5,0.6955,2000
tep,2,0,MBW-LR,mixed_spurious_timing_late,0.25,0.6666667,0.6955,2000
tep,2,0,MBW-LR,mixed_spurious_timing_late,0.25,0.8333333,0.785,2000
tep,2,0,MBW-LR,mixed_spurious_timing_late,0.25,1.0,0.827,2000
tep,2,0,MBW-LR,mixed_spurious_timing_late,0.3,0.1666667,0.5515,2000
tep,2,0,MBW-LR,mixed_spurious_timing_late,0.3,0.3333333,0.5515,2000
tep,2,0,MBW-LR,mixed_spurious_timing_late,0.3,0.5,0.7425,2000
tep,2,0,MBW-LR,mixed_spurious_timing_late,0.3,0.6666667,0.7425,2000
tep,2,0,MBW-LR,mixed_spurious_timing_late,0.3,0.8333333,0.766,2000
tep,2,0,MBW-LR,mixed_spurious_timing_late,0.3,1.0,0.7865,2000
tep,2,0,MBW-LR,mixed_spurious_timing_late,0.4,0.1666667,0.6015,2000
tep,2,0,MBW-LR,mixed_spurious_timing_late,0.4,0.3333333,0.6015,2000
tep,2,0,MBW-LR,mixed_spurious_timing_late,0.4,0.5,0.6015,2000
tep,2,0,MBW-LR,mixed_spurious_timing_late,0.4,0.6666667,0.7045,2000
tep,2,0,MBW-LR,mixed_spurious_timing_late,0.4,0.8333333,0.7045,2000
tep,2,0,MBW-LR,mixed_spurious_timing_late,0.4,1.0,0.7295,2000
tep,2,0,MBW-LR,mixed_spurious_timing_late,0.5,0.1666667,0.6275,2000
tep,2,0,MBW-LR,mixed_spurious_timing_late,0.5,0.3333333,0.6275,2000
tep,2,0,MBW-LR,mixed_spurious_timing_late,0.5,0.5,0.6275,2000
tep,2,0,MBW-LR,mixed_spurious_timing_late,0.5,0.6666667,0.6275,2000
tep,2,0,MBW-LR,mixed_spurious_timing_late,0.5,0.8333333,0.646,2000
tep,2,0,MBW-LR,mixed_spurious_timing_late,0.5,1.0,0.661,2000
tep,2,0,MBW-LR,mixed_spurious_timing_late,0.6,0.1666667,0.511,2000
tep,2,0,MBW-LR,mixed_spurious_timing_late,0.6,0.3333333,0.511,2000
tep,2,0,MBW-LR,mixed_spurious_timing_late,0.6,0.5,0.511,2000
tep,2,0,MBW-LR,mixed_spurious_timing_late,0.6,0.6666667,0.511,2000
tep,2,0,MBW-LR,mixed_spurious_timing_late,0.6,0.8333333,0.511,2000
tep,2,0,MBW-LR,mixed_spurious_timing_late,0.6,1.0,0.5355,2000
tep,2,0,MBW-LR,mixed_spurious_timing_late,0.7,0.1666667,0.4395,2000
tep,2,0,MBW-LR,mixed_spurious_timing_late,0.7,0.3333333,0.4395,2000
tep,2,0,MBW-LR,mixed_spurious_timing_late,0.7,0.5,0.4395,2000
tep,2,0,MBW-LR,mixed_spurious_timing_late,0.7,0.6666667,0.4395,2000
tep,2,0,MBW-LR,mixed_spurious_timing_late,0.7,0.8333333,0.4395,2000
tep,2,0,MBW-LR,mixed_spurious_timing_late,0.7,1.0,0.453,2000
tep,2,0,MBW-LR,mixed_spurious_timing_late,0.8,0.1666667,0.3935,2000
tep,2,0,MBW-LR,mixed_spurious_timing_late,0.8,0.3333333,0.3935,2000
tep,2,0,MBW-LR,mixed_spurious_timing_late,0.8,0.5,0.3935,2000
tep,2,0,MBW-LR,mixed_spurious_timing_late,0.8,0.6666667,0.3935,2000
tep,2,0,MBW-LR,mixed_spurious_timing_late,0.8,0.8333333,0.3935,2000
tep,2,0,MBW-LR,mixed_spurious_timing_late,0.8,1.0,0.3915,2000
tep,2,0,MBW-LR,mixed_spurious_timing_late,0.9,0.1666667,0.3755,2000
tep,2,0,MBW-LR,mixed_spurious_timing_late,0.9,0.3333333,0.3755,2000
tep,2,0,MBW-LR,mixed_spurious_timing_late,0.9,0.5,0.3755,2000
tep,2,0,MBW-LR,mixed_spurious_timing_late,0.9,0.6666667,0.3755,2000
tep,2,0,MBW-LR,mixed_spurious_timing_late,0.9,0.8333333,0.3755,2000
tep,2,0,MBW-LR,mixed_spurious_timing_late,0.9,1.0,0.3755,2000
tep,2,0,MBW-LR,spurious_events,0.0,0.1666667,0.77,2000
tep,2,0,MBW-LR,spurious_events,0.0,0.3333333,0.77,2000
tep,2,0,MBW-LR,spurious_events,0.0,0.5,0.81,2000
tep,2,0,MBW-LR,spurious_events,0.0,0.6666667,0.88,2000
tep,2,0,MBW-LR,spurious_events,0.0,0.8333333,0.915,2000
tep,2,0,MBW-LR,spurious_events,0.0,1.0,0.97,2000
tep,2,0,MBW-LR,spurious_events,0.05,0.1666667,0.732,2000
tep,2,0,MBW-LR,spurious_events,0.05,0.3333333,0.732,2000
tep,2,0,MBW-LR,spurious_events,0.05,0.5,0.774,2000
tep,2,0,MBW-LR,spurious_events,0.05,0.6666667,0.8415,2000
tep,2,0,MBW-LR,spurious_events,0.05,0.8333333,0.8855,2000
tep,2,0,MBW-LR,spurious_events,0.05,1.0,0.9545,2000
tep,2,0,MBW-LR,spurious_events,0.1,0.1666667,0.6895,2000
tep,2,0,MBW-LR,spurious_events,0.1,0.3333333,0.6895,2000
tep,2,0,MBW-LR,spurious_events,0.1,0.5,0.722,2000
tep,2,0,MBW-LR,spurious_events,0.1,0.6666667,0.782,2000
tep,2,0,MBW-LR,spurious_events,0.1,0.8333333,0.829,2000
tep,2,0,MBW-LR,spurious_events,0.1,1.0,0.907,2000
tep,2,0,MBW-LR,spurious_events,0.15,0.1666667,0.6435,2000
tep,2,0,MBW-LR,spurious_events,0.15,0.3333333,0.6435,2000
tep,2,0,MBW-LR,spurious_events,0.15,0.5,0.6965,2000
tep,2,0,MBW-LR,spurious_events,0.15,0.6666667,0.746,2000
tep,2,0,MBW-LR,spurious_events,0.15,0.8333333,0.7875,2000
tep,2,0,MBW-LR,spurious_events,0.15,1.0,0.859,2000
tep,2,0,MBW-LR,spurious_events,0.2,0.1666667,0.62,2000
tep,2,0,MBW-LR,spurious_events,0.2,0.3333333,0.62,2000
tep,2,0,MBW-LR,spurious_events,0.2,0.5,0.6635,2000
tep,2,0,MBW-LR,spurious_events,0.2,0.6666667,0.721,2000
tep,2,0,MBW-LR,spurious_events,0.2,0.8333333,0.749,2000
tep,2,0,MBW-LR,spurious_events,0.2,1.0,0.817,2000
tep,2,0,MBW-LR,spurious_events,0.25,0.1666667,0.5805,2000
tep,2,0,MBW-LR,spurious_events,0.25,0.3333333,0.5805,2000
tep,2,0,MBW-LR,spurious_events,0.25,0.5,0.6295,2000
tep,2,0,MBW-LR,spurious_events,0.25,0.6666667,0.6795,2000
tep,2,0,MBW-LR,spurious_events,0.25,0.8333333,0.701,2000
tep,2,0,MBW-LR,spurious_events,0.25,1.0,0.7565,2000
tep,2,0,MBW-LR,spurious_events,0.3,0.1666667,0.5805,2000
tep,2,0,MBW-LR,spurious_events,0.3,0.3333333,0.5805,2000
tep,2,0,MBW-LR,spurious_events,0.3,0.5,0.6035,2000
tep,2,0,MBW-LR,spurious_events,0.3,0.6666667,0.653,2000
tep,2,0,MBW-LR,spurious_events,0.3,0.8333333,0.6855,2000
tep,2,0,MBW-LR,spurious_events,0.3,1.0,0.742,2000
tep,2,0,MBW-LR,spurious_events,0.4,0.1666667,0.5245,2000
tep,2,0,MBW-LR,spurious_events,0.4,0.3333333,0.5245,2000
tep,2,0,MBW-LR,spurious_events,0.4,0.5,0.558,2000
tep,2,0,MBW-LR,spurious_events,0.4,0.6666667,0.601,2000
tep,2,0,MBW-LR,spurious_events,0.4,0.8333333,0.636,2000
tep,2,0,MBW-LR,spurious_events,0.4,1.0,0.673,2000
tep,2,0,MBW-LR,spurious_events,0.5,0.1666667,0.484,2000
tep,2,0,MBW-LR,spurious_events,0.5,0.3333333,0.484,2000
tep,2,0,MBW-LR,spurious_events,0.5,0.5,0.5065,2000
tep,2,0,MBW-LR,spurious_events,0.5,0.6666667,0.534,2000
tep,2,0,MBW-LR,spurious_events,0.5,0.8333333,0.57,2000
tep,2,0,MBW-LR,spurious_events,0.5,1.0,0.617,2000
tep,2,0,MBW-LR,spurious_events,0.6,0.1666667,0.465,2000
tep,2,0,MBW-LR,spurious_events,0.6,0.3333333,0.465,2000
tep,2,0,MBW-LR,spurious_events,0.6,0.5,0.4925,2000
tep,2,0,MBW-LR,spurious_events,0.6,0.6666667,0.5105,2000
tep,2,0,MBW-LR,spurious_events,0.6,0.8333333,0.5315,2000
tep,2,0,MBW-LR,spurious_events,0.6,1.0,0.562,2000
tep,2,0,MBW-LR,spurious_events,0.7,0.1666667,0.4545,2000
tep,2,0,MBW-LR,spurious_events,0.7,0.3333333,0.4545,2000
tep,2,0,MBW-LR,spurious_events,0.7,0.5,0.4595,2000
tep,2,0,MBW-LR,spurious_events,0.7,0.6666667,0.4795,2000
tep,2,0,MBW-LR,spurious_events,0.7,0.8333333,0.4995,2000
tep,2,0,MBW-LR,spurious_events,0.7,1.0,0.5135,2000
tep,2,0,MBW-LR,spurious_events,0.8,0.1666667,0.4045,2000
tep,2,0,MBW-LR,spurious_events,0.8,0.3333333,0.4045,2000
tep,2,0,MBW-LR,spurious_events,0.8,0.5,0.4325,2000
tep,2,0,MBW-LR,spurious_events,0.8,0.6666667,0.444,2000
tep,2,0,MBW-LR,spurious_events,0.8,0.8333333,0.4595,2000
tep,2,0,MBW-LR,spurious_events,0.8,1.0,0.4875,2000
tep,2,0,MBW-LR,spurious_events,0.9,0.1666667,0.4105,2000
tep,2,0,MBW-LR,spurious_events,0.9,0.3333333,0.4105,2000
tep,2,0,MBW-LR,spurious_events,0.9,0.5,0.4165,2000
tep,2,0,MBW-LR,spurious_events,0.9,0.6666667,0.4215,2000
tep,2,0,MBW-LR,spurious_events,0.9,0.8333333,0.429,2000
tep,2,0,MBW-LR,spurious_events,0.9,1.0,0.461,2000
tep,2,0,MBW-LR,timing_uncertainty,0.0,0.1666667,0.77,2000
tep,2,0,MBW-LR,timing_uncertainty,0.0,0.3333333,0.77,2000
tep,2,0,MBW-LR,timing_uncertainty,0.0,0.5,0.81,2000
tep,2,0,MBW-LR,timing_uncertainty,0.0,0.6666667,0.88,2000
tep,2,0,MBW-LR,timing_uncertainty,0.0,0.8333333,0.915,2000
tep,2,0,MBW-LR,timing_uncertainty,0.0,1.0,0.97,2000
tep,2,0,MBW-LR,timing_uncertainty,0.05,0.1666667,0.766,2000
tep,2,0,MBW-LR,timing_uncertainty,0.05,0.3333333,0.766,2000
tep,2,0,MBW-LR,timing_uncertainty,0.05,0.5,0.8125,2000
tep,2,0,MBW-LR,timing_uncertainty,0.05,0.6666667,0.879,2000
tep,2,0,MBW-LR,timing_uncertainty,0.05,0.8333333,0.9155,2000
tep,2,0,MBW-LR,timing_uncertainty,0.05,1.0,0.973,2000
tep,2,0,MBW-LR,timing_uncertainty,0.1,0.1666667,0.764,2000
tep,2,0,MBW-LR,timing_uncertainty,0.1,0.3333333,0.764,2000
tep,2,0,MBW-LR,timing_uncertainty,0.1,0.5,0.8095,2000
tep,2,0,MBW-LR,timing_uncertainty,0.1,0.6666667,0.8775,2000
tep,2,0,MBW-LR,timing_uncertainty,0.1,0.8333333,0.916,2000
tep,2,0,MBW-LR,timing_uncertainty,0.1,1.0,0.9705,2000
tep,2,0,MBW-LR,timing_uncertainty,0.15,0.1666667,0.756,2000
tep,2,0,MBW-LR,timing_uncertainty,0.15,0.3333333,0.756,2000
tep,2,0,MBW-LR,timing_uncertainty,0.15,0.5,0.81,2000
tep,2,0,MBW-LR,timing_uncertainty,0.15,0.6666667,0.875,2000
tep,2,0,MBW-LR,timing_uncertainty,0.15,0.8333333,0.912,2000
tep,2,0,MBW-LR,timing_uncertainty,0.15,1.0,0.965,2000
tep,2,0,MBW-LR,timing_uncertainty,0.2,0.1666667,0.7545,2000
tep,2,0,MBW-LR,timing_uncertainty,0.2,0.3333333,0.7545,2000
tep,2,0,MBW-LR,timing_uncertainty,0.2,0.5,0.81,2000
tep,2,0,MBW-LR,timing_uncertainty,0.2,0.6666667,0.87,2000
tep,2,0,MBW-LR,timing_uncertainty,0.2,0.8333333,0.911,2000
tep,2,0,MBW-LR,timing_uncertainty,0.2,1.0,0.965,2000
tep,2,0,MBW-LR,timing_uncertainty,0.25,0.1666667,0.7495,2000
tep,2,0,MBW-LR,timing_uncertainty,0.25,0.3333333,0.7495,2000
tep,2,0,MBW-LR,timing_uncertainty,0.25,0.5,0.8115,2000
tep,2,0,MBW-LR,timing_uncertainty,0.25,0.6666667,0.8685,2000
tep,2,0,MBW-LR,timing_uncertainty,0.25,0.8333333,0.9035,2000
tep,2,0,MBW-LR,timing_uncertainty,0.25,1.0,0.954,2000
tep,2,0,MBW-LR,timing_uncertainty,0.3,0.1666667,0.746,2000
tep,2,0,MBW-LR,timing_uncertainty,0.3,0.3333333,0.746,2000
tep,2,0,MBW-LR,timing_uncertainty,0.3,0.5,0.8,2000
tep,2,0,MBW-LR,timing_uncertainty,0.3,0.6666667,0.863,2000
tep,2,0,MBW-LR,timing_uncertainty,0.3,0.8333333,0.9025,2000
tep,2,0,MBW-LR,timing_uncertainty,0.3,1.0,0.949,2000
tep,2,0,MBW-LR,timing_uncertainty,0.4,0.1666667,0.7445,2000
tep,2,0,MBW-LR,timing_uncertainty,0.4,0.3333333,0.7445,2000
tep,2,0,MBW-LR,timing_uncertainty,0.4,0.5,0.814,2000
tep,2,0,MBW-LR,timing_uncertainty,0.4,0.6666667,0.8735,2000
tep,2,0,MBW-LR,timing_uncertainty,0.4,0.8333333,0.8995,2000
tep,2,0,MBW-LR,timing_uncertainty,0.4,1.0,0.934,2000
tep,2,0,MBW-LR,timing_uncertainty,0.5,0.1666667,0.7325,2000
tep,2,0,MBW-LR,timing_uncertainty,0.5,0.3333333,0.7325,2000
tep,2,0,MBW-LR,timing_uncertainty,0.5,0.5,0.793,2000
tep,2,0,MBW-LR,timing_uncertainty,0.5,0.6666667,0.861,2000
tep,2,0,MBW-LR,timing_uncertainty,0.5,0.8333333,0.882,2000
tep,2,0,MBW-LR,timing_uncertainty,0.5,1.0,0.9205,2000
tep,2,0,MBW-LR,timing_uncertainty,0.6,0.1666667,0.7275,2000
tep,2,0,MBW-LR,timing_uncertainty,0.6,0.3333333,0.7275,2000
tep,2,0,MBW-LR,timing_uncertainty,0.6,0.5,0.8035,2000
tep,2,0,MBW-LR,timing_uncertainty,0.6,0.6666667,0.867,2000
tep,2,0,MBW-LR,timing_uncertainty,0.6,0.8333333,0.9035,2000
tep,2,0,MBW-LR,timing_uncertainty,0.6,1.0,0.919,2000
tep,2,0,MBW-LR,timing_uncertainty,0.7,0.1666667,0.7435,2000
tep,2,0,MBW-LR,timing_uncertainty,0.7,0.3333333,0.7435,2000
tep,2,0,MBW-LR,timing_uncertainty,0.7,0.5,0.807,2000
tep,2,0,MBW-LR,timing_uncertainty,0.7,0.6666667,0.872,2000
tep,2,0,MBW-LR,timing_uncertainty,0.7,0.8333333,0.8945,2000
tep,2,0,MBW-LR,timing_uncertainty,0.7,1.0,0.926,2000
tep,2,0,MBW-LR,timing_uncertainty,0.8,0.1666667,0.735,2000
tep,2,0,MBW-LR,timing_uncertainty,0.8,0.3333333,0.735,2000
tep,2,0,MBW-LR,timing_uncertainty,0.8,0.5,0.802,2000
tep,2,0,MBW-LR,timing_uncertainty,0.8,0.6666667,0.8625,2000
tep,2,0,MBW-LR,timing_uncertainty,0.8,0.8333333,0.896,2000
tep,2,0,MBW-LR,timing_uncertainty,0.8,1.0,0.921,2000
tep,2,0,MBW-LR,timing_uncertainty,0.9,0.1666667,0.735,2000
tep,2,0,MBW-LR,timing_uncertainty,0.9,0.3333333,0.735,2000
tep,2,0,MBW-LR,timing_uncertainty,0.9,0.5,0.8105,2000
tep,2,0,MBW-LR,timing_uncertainty,0.9,0.6666667,0.8705,2000
tep,2,0,MBW-LR,timing_uncertainty,0.9,0.8333333,0.896,2000
tep,2,0,MBW-LR,timing_uncertainty,0.9,1.0,0.9135,2000
tep,2,0,WDI-1NN,late_time_delay,0.0,0.1666667,0.47,2000
tep,2,0,WDI-1NN,late_time_delay,0.0,0.3333333,0.47,2000
tep,2,0,WDI-1NN,late_time_delay,0.0,0.5,0.48,2000
tep,2,0,WDI-1NN,late_time_delay,0.0,0.6666667,0.6,2000
tep,2,0,WDI-1NN,late_time_delay,0.0,0.8333333,0.78,2000
tep,2,0,WDI-1NN,late_time_delay,0.0,1.0,0.945,2000
tep,2,0,WDI-1NN,late_time_delay,0.05,0.1666667,0.455,2000
tep,2,0,WDI-1NN,late_time_delay,0.05,0.3333333,0.455,2000
tep,2,0,WDI-1NN,late_time_delay,0.05,0.5,0.485,2000
tep,2,0,WDI-1NN,late_time_delay,0.05,0.6666667,0.605,2000
tep,2,0,WDI-1NN,late_time_delay,0.05,0.8333333,0.78,2000
tep,2,0,WDI-1NN,late_time_delay,0.05,1.0,0.79,2000
tep,2,0,WDI-1NN,late_time_delay,0.1,0.1666667,0.45,2000
tep,2,0,WDI-1NN,late_time_delay,0.1,0.3333333,0.45,2000
tep,2,0,WDI-1NN,late_time_delay,0.1,0.5,0.47,2000
tep,2,0,WDI-1NN,late_time_delay,0.1,0.6666667,0.63,2000
tep,2,0,WDI-1NN,late_time_delay,0.1,0.8333333,0.805,2000
tep,2,0,WDI-1NN,late_time_delay,0.1,1.0,0.785,2000
tep,2,0,WDI-1NN,late_time_delay,0.15,0.1666667,0.415,2000
tep,2,0,WDI-1NN,late_time_delay,0.15,0.3333333,0.415,2000
tep,2,0,WDI-1NN,late_time_delay,0.15,0.5,0.485,2000
tep,2,0,WDI-1NN,late_time_delay,0.15,0.6666667,0.65,2000
tep,2,0,WDI-1NN,late_time_delay,0.15,0.8333333,0.845,2000
tep,2,0,WDI-1NN,late_time_delay,0.15,1.0,0.785,2000
tep,2,0,WDI-1NN,late_time_delay,0.2,0.1666667,0.395,2000
tep,2,0,WDI-1NN,late_time_delay,0.2,0.3333333,0.395,2000
tep,2,0,WDI-1NN,late_time_delay,0.2,0.5,0.455,2000
tep,2,0,WDI-1NN,late_time_delay,0.2,0.6666667,0.71,2000
tep,2,0,WDI-1NN,late_time_delay,0.2,0.8333333,0.71,2000
tep,2,0,WDI-1NN,late_time_delay,0.2,1.0,0.785,2000
tep,2,0,WDI-1NN,late_time_delay,0.25,0.1666667,0.42,2000
tep,2,0,WDI-1NN,late_time_delay,0.25,0.3333333,0.42,2000
tep,2,0,WDI-1NN,late_time_delay,0.25,0.5,0.495,2000
tep,2,0,WDI-1NN,late_time_delay,0.25,0.6666667,0.495,2000
tep,2,0,WDI-1NN,late_time_delay,0.25,0.8333333,0.745,2000
tep,2,0,WDI-1NN,late_time_delay,0.25,1.0,0.775,2000
tep,2,0,WDI-1NN,late_time_delay,0.3,0.1666667,0.395,2000
tep,2,0,WDI-1NN,late_time_delay,0.3,0.3333333,0.395,2000
tep,2,0,WDI-1NN,late_time_delay,0.3,0.5,0.505,2000
tep,2,0,WDI-1NN,late_time_delay,0.3,0.6666667,0.505,2000
tep,2,0,WDI-1NN,late_time_delay,0.3,0.8333333,0.74,2000
tep,2,0,WDI-1NN,late_time_delay,0.3,1.0,0.76,2000
tep,2,0,WDI-1NN,late_time_delay,0.4,0.1666667,0.375,2000
tep,2,0,WDI-1NN,late_time_delay,0.4,0.3333333,0.375,2000
tep,2,0,WDI-1NN,late_time_delay,0.4,0.5,0.375,2000
tep,2,0,WDI-1NN,late_time_delay,0.4,0.6666667,0.57,2000
tep,2,0,WDI-1NN,late_time_delay,0.4,0.8333333,0.57,2000
tep,2,0,WDI-1NN,late_time_delay,0.4,1.0,0.705,2000
tep,2,0,WDI-1NN,late_time_delay,0.5,0.1666667,0.45,2000
tep,2,0,WDI-1NN,late_time_delay,0.5,0.3333333,0.45,2000
tep,2,0,WDI-1NN,late_time_delay,0.5,0.5,0.45,2000
tep,2,0,WDI-1NN,late_time_delay,0.5,0.6666667,0.45,2000
tep,2,0,WDI-1NN,late_time_delay,0.5,0.8333333,0.58,2000
tep,2,0,WDI-1NN,late_time_delay,0.5,1.0,0.6,2000
tep,2,0,WDI-1NN,late_time_delay,0.6,0.1666667,0.495,2000
tep,2,0,WDI-1NN,late_time_delay,0.6,0.3333333,0.495,2000
tep,2,0,WDI-1NN,late_time_delay,0.6,0.5,0.495,2000
tep,2,0,WDI-1NN,late_time_delay,0.6,0.6666667,0.495,2000
tep,2,0,WDI-1NN,late_time_delay,0.6,0.8333333,0.495,2000
tep,2,0,WDI-1NN,late_time_delay,0.6,1.0,0.485,2000
tep,2,0,WDI-1NN,late_time_delay,0.7,0.1666667,0.48,2000
tep,2,0,WDI-1NN,late_time_delay,0.7,0.3333333,0.48,2000
tep,2,0,WDI-1NN,late_time_delay,0.7,0.5,0.48,2000
tep,2,0,WDI-1NN,late_time_delay,0.7,0.6666667,0.48,2000
tep,2,0,WDI-1NN,late_time_delay,0.7,0.8333333,0.48,2000
tep,2,0,WDI-1NN,late_time_delay,0.7,1.0,0.42,2000
tep,2,0,WDI-1NN,late_time_delay,0.8,0.1666667,0.405,2000
tep,2,0,WDI-1NN,late_time_delay,0.8,0.3333333,0.405,2000
tep,2,0,WDI-1NN,late_time_delay,0.8,0.5,0.405,2000
tep,2,0,WDI-1NN,late_time_delay,0.8,0.6666667,0.405,2000
tep,2,0,WDI-1NN,late_time_delay,0.8,0.8333333,0.405,2000
tep,2,0,WDI-1NN,late_time_delay,0.8,1.0,0.38,2000
tep,2,0,WDI-1NN,late_time_delay,0.9,0.1666667,0.395,2000
tep,2,0,WDI-1NN,late_time_delay,0.9,0.3333333,0.395,2000
tep,2,0,WDI-1NN,late_time_delay,0.9,0.5,0.395,2000
tep,2,0,WDI-1NN,late_time_delay,0.9,0.6666667,0.395,2000
tep,2,0,WDI-1NN,late_time_delay,0.9,0.8333333,0.395,2000
tep,2,0,WDI-1NN,late_time_delay,0.9,1.0,0.395,2000
tep,2,0,WDI-1NN,missing_events,0.0,0.1666667,0.47,2000
tep,2,0,WDI-1NN,missing_events,0.0,0.3333333,0.47,2000
tep,2,0,WDI-1NN,missing_events,0.0,0.5,0.48,2000
tep,2,0,WDI-1NN,missing_events,0.0,0.6666667,0.6,2000
tep,2,0,WDI-1NN,missing_events,0.0,0.8333333,0.78,2000
tep,2,0,WDI-1NN,missing_events,0.0,1.0,0.945,2000
tep,2,0,WDI-1NN,missing_events,0.05,0.1666667,0.468,2000
tep,2,0,WDI-1NN,missing_events,0.05,0.3333333,0.468,2000
tep,2,0,WDI-1NN,missing_events,0.05,0.5,0.48,2000
tep,2,0,WDI-1NN,missing_events,0.05,0.6666667,0.596,2000
tep,2,0,WDI-1NN,missing_events,0.05,0.8333333,0.775,2000
tep,2,0,WDI-1NN,missing_events,0.05,1.0,0.94,2000
tep,2,0,WDI-1NN,missing_events,0.1,0.1666667,0.4685,2000
tep,2,0,WDI-1NN,missing_events,0.1,0.3333333,0.4685,2000
tep,2,0,WDI-1NN,missing_events,0.1,0.5,0.4775,2000
tep,2,0,WDI-1NN,missing_events,0.1,0.6666667,0.5865,2000
tep,2,0,WDI-1NN,missing_events,0.1,0.8333333,0.7585,2000
tep,2,0,WDI-1NN,missing_events,0.1,1.0,0.9305,2000
tep,2,0,WDI-1NN,missing_events,0.15,0.1666667,0.4695,2000
tep,2,0,WDI-1NN,missing_events,0.15,0.3333333,0.4695,2000
tep,2,0,WDI-1NN,missing_events,0.15,0.5,0.471,2000
tep,2,0,WDI-1NN,missing_events,0.15,0.6666667,0.5795,2000
tep,2,0,WDI-1NN,missing_events,0.15,0.8333333,0.7475,2000
tep,2,0,WDI-1NN,missing_events,0.15,1.0,0.9225,2000
tep,2,0,WDI-1NN,missing_events,0.2,0.1666667,0.467,2000
tep,2,0,WDI-1NN,missing_events,0.2,0.3333333,0.467,2000
tep,2,0,WDI-1NN,missing_events,0.2,0.5,0.468,2000
tep,2,0,WDI-1NN,missing_events,0.2,0.6666667,0.5635,2000
tep,2,0,WDI-1NN,missing_events,0.2,0.8333333,0.729,2000
tep,2,0,WDI-1NN,missing_events,0.2,1.0,0.9095,2000
tep,2,0,WDI-1NN,missing_events,0.25,0.1666667,0.467,2000
tep,2,0,WDI-1NN,missing_events,0.25,0.3333333,0.467,2000
tep,2,0,WDI-1NN,missing_events,0.25,0.5,0.4695,2000
tep,2,0,WDI-1NN,missing_events,0.25,0.6666667,0.5585,2000
tep,2,0,WDI-1NN,missing_events,0.25,0.8333333,0.7235,2000
tep,2,0,WDI-1NN,missing_events,0.25,1.0,0.913,2000
tep,2,0,WDI-1NN,missing_events,0.3,0.1666667,0.459,2000
tep,2,0,WDI-1NN,missing_events,0.3,0.3333333,0.459,2000
tep,2,0,WDI-1NN,missing_events,0.3,0.5,0.46,2000
tep,2,0,WDI-1NN,missing_events,0.3,0.6666667,0.5325,2000
tep,2,0,WDI-1NN,missing_events,0.3,0.8333333,0.714,2000
tep,2,0,WDI-1NN,missing_events,0.3,1.0,0.9015,2000
tep,2,0,WDI-1NN,missing_events,0.4,0.1666667,0.4475,2000
tep,2,0,WDI-1NN,missing_events,0.4,0.3333333,0.4475,2000
tep,2,0,WDI-1NN,missing_events,0.4,0.5,0.447,2000
tep,2,0,WDI-1NN,missing_events,0.4,0.6666667,0.502,2000
tep,2,0,WDI-1NN,missing_events,0.4,0.8333333,0.663,2000
tep,2,0,WDI-1NN,missing_events,0.4,1.0,0.8845,2000
tep,2,0,WDI-1NN,missing_events,0.5,0.1666667,0.4405,2000
tep,2,0,WDI-1NN,missing_events,0.5,0.3333333,0.4405,2000
tep,2,0,WDI-1NN,missing_events,0.5,0.5,0.443,2000
tep,2,0,WDI-1NN,missing_events,0.5,0.6666667,0.466,2000
tep,2,0,WDI-1NN,missing_events,0.5,0.8333333,0.589,2000
tep,2,0,WDI-1NN,missing_events,0.5,1.0,0.8365,2000
tep,2,0,WDI-1NN,missing_events,0.6,0.1666667,0.4295,2000
tep,2,0,WDI-1NN,missing_events,0.6,0.3333333,0.4295,2000
tep,2,0,WDI-1NN,missing_events,0.6,0.5,0.4255,2000
tep,2,0,WDI-1NN,missing_events,0.6,0.6666667,0.444,2000
tep,2,0,WDI-1NN,missing_events,0.6,0.8333333,0.515,2000
tep,2,0,WDI-1NN,missing_events,0.6,1.0,0.7765,2000
tep,2,0,WDI-1NN,missing_events,0.7,0.1666667,0.406,2000
tep,2,0,WDI-1NN,missing_events,0.7,0.3333333,0.406,2000
tep,2,0,WDI-1NN,missing_events,0.7,0.5,0.418,2000
tep,2,0,WDI-1NN,missing_events,0.7,0.6666667,0.43,2000
tep,2,0,WDI-1NN,missing_events,0.7,0.8333333,0.447,2000
tep,2,0,WDI-1NN,missing_events,0.7,1.0,0.6535,2000
tep,2,0,WDI-1NN,missing_events,0.8,0.1666667,0.371,2000
tep,2,0,WDI-1NN,missing_events,0.8,0.3333333,0.371,2000
tep,2,0,WDI-1NN,missing_events,0.8,0.5,0.39,2000
tep,2,0,WDI-1NN,missing_events,0.8,0.6666667,0.41,2000
tep,2,0,WDI-1NN,missing_events,0.8,0.8333333,0.4275,2000
tep,2,0,WDI-1NN,missing_events,0.8,1.0,0.5315,2000
tep,2,0,WDI-1NN,missing_events,0.9,0.1666667,0.3155,2000
tep,2,0,WDI-1NN,missing_events,0.9,0.3333333,0.3155,2000
tep,2,0,WDI-1NN,missing_events,0.9,0.5,0.35,2000
tep,2,0,WDI-1NN,missing_events,0.9,0.6666667,0.3775,2000
tep,2,0,WDI-1NN,missing_events,0.9,0.8333333,0.4075,2000
tep,2,0,WDI-1NN,missing_events,0.9,1.0,0.465,2000
tep,2,0,WDI-1NN,mixed_missing_spurious,0.0,0.1666667,0.47,2000
tep,2,0,WDI-1NN,mixed_missing_spurious,0.0,0.3333333,0.47,2000
tep,2,0,WDI-1NN,mixed_missing_spurious,0.0,0.5,0.48,2000
tep,2,0,WDI-1NN,mixed_missing_spurious,0.0,0.6666667,0.6,2000
tep,2,0,WDI-1NN,mixed_missing_spurious,0.0,0.8333333,0.78,2000
tep,2,0,WDI-1NN,mixed_missing_spurious,0.0,1.0,0.945,2000
tep,2,0,WDI-1NN,mixed_missing_spurious,0.05,0.1666667,0.4645,2000
tep,2,0,WDI-1NN,mixed_missing_spurious,0.05,0.3333333,0.4645,2000
tep,2,0,WDI-1NN,mixed_missing_spurious,0.05,0.5,0.478,2000
tep,2,0,WDI-1NN,mixed_missing_spurious,0.05,0.6666667,0.6015,2000
tep,2,0,WDI-1NN,mixed_missing_spurious,0.05,0.8333333,0.7705,2000
tep,2,0,WDI-1NN,mixed_missing_spurious,0.05,1.0,0.9275,2000
tep,2,0,WDI-1NN,mixed_missing_spurious,0.1,0.1666667,0.454,2000
tep,2,0,WDI-1NN,mixed_missing_spurious,0.1,0.3333333,0.454,2000
tep,2,0,WDI-1NN,mixed_missing_spurious,0.1,0.5,0.4625,2000
tep,2,0,WDI-1NN,mixed_missing_spurious,0.1,0.6666667,0.5975,2000
tep,2,0,WDI-1NN,mixed_missing_spurious,0.1,0.8333333,0.755,2000
tep,2,0,WDI-1NN,mixed_missing_spurious,0.1,1.0,0.917,2000
tep,2,0,WDI-1NN,mixed_missing_spurious,0.15,0.1666667,0.4515,2000
tep,2,0,WDI-1NN,mixed_missing_spurious,0.15,0.3333333,0.4515,2000
tep,2,0,WDI-1NN,mixed_missing_spurious,0.15,0.5,0.458,2000
tep,2,0,WDI-1NN,mixed_missing_spurious,0.15,0.6666667,0.604,2000
tep,2,0,WDI-1NN,mixed_missing_spurious,0.15,0.8333333,0.7465,2000
tep,2,0,WDI-1NN,mixed_missing_spurious,0.15,1.0,0.9115,2000
tep,2,0,WDI-1NN,mixed_missing_spurious,0.2,0.1666667,0.4455,2000
tep,2,0,WDI-1NN,mixed_missing_spurious,0.2,0.3333333,0.4455,2000
tep,2,0,WDI-1NN,mixed_missing_spurious,0.2,0.5,0.4535,2000
tep,2,0,WDI-1NN,mixed_missing_spurious,0.2,0.6666667,0.585,2000
tep,2,0,WDI-1NN,mixed_missing_spurious,0.2,0.8333333,0.7385,2000
tep,2,0,WDI-1NN,mixed_missing_spurious,0.2,1.0,0.8925,2000
tep,2,0,WDI-1NN,mixed_missing_spurious,0.25,0.1666667,0.4355,2000
tep,2,0,WDI-1NN,mixed_missing_spurious,0.25,0.3333333,0.4355,2000
tep,2,0,WDI-1NN,mixed_missing_spurious,0.25,0.5,0.453,2000
tep,2,0,WDI-1NN,mixed_missing_spurious,0.25,0.6666667,0.593,2000
tep,2,0,WDI-1NN,mixed_missing_spurious,0.25,0.8333333,0.7305,2000
tep,2,0,WDI-1NN,mixed_missing_spurious,0.25,1.0,0.879,2000
tep,2,0,WDI-1NN,mixed_missing_spurious,0.3,0.1666667,0.429,2000
tep,2,0,WDI-1NN,mixed_missing_spurious,0.3,0.3333333,0.429,2000
tep,2,0,WDI-1NN,mixed_missing_spurious,0.3,0.5,0.4465,2000
tep,2,0,WDI-1NN,mixed_missing_spurious,0.3,0.6666667,0.5845,2000
tep,2,0,WDI-1NN,mixed_missing_spurious,0.3,0.8333333,0.7225,2000
tep,2,0,WDI-1NN,mixed_missing_spurious,0.3,1.0,0.866,2000
tep,2,0,WDI-1NN,mixed_missing_spurious,0.4,0.1666667,0.4195,2000
tep,2,0,WDI-1NN,mixed_missing_spurious,0.4,0.3333333,0.4195,2000
tep,2,0,WDI-1NN,mixed_missing_spurious,0.4,0.5,0.43,2000
tep,2,0,WDI-1NN,mixed_missing_spurious,0.4,0.6666667,0.5625,2000
tep,2,0,WDI-1NN,mixed_missing_spurious,0.4,0.8333333,0.694,2000
tep,2,0,WDI-1NN,mixed_missing_spurious,0.4,1.0,0.844,2000
tep,2,0,WDI-1NN,mixed_missing_spurious,0.5,0.1666667,0.405,2000
tep,2,0,WDI-1NN,mixed_missing_spurious,0.5,0.3333333,0.405,2000
tep,2,0,WDI-1NN,mixed_missing_spurious,0.5,0.5,0.396,2000
tep,2,0,WDI-1NN,mixed_missing_spurious,0.5,0.6666667,0.501,2000
tep,2,0,WDI-1NN,mixed_missing_spurious,0.5,0.8333333,0.6415,2000
tep,2,0,WDI-1NN,mixed_missing_spurious,0.5,1.0,0.814,2000
tep,2,0,WDI-1NN,mixed_missing_spurious,0.6,0.1666667,0.3875,2000
tep,2,0,WDI-1NN,mixed_missing_spurious,0.6,0.3333333,0.3875,2000
tep,2,0,WDI-1NN,mixed_missing_spurious,0.6,0.5,0.3875,2000
tep,2,0,WDI-1NN,mixed_missing_spurious,0.6,0.6666667,0.464,2000
tep,2,0,WDI-1NN,mixed_missing_spurious,0.6,0.8333333,0.584,2000
tep,2,0,WDI-1NN,mixed_missing_spurious,0.6,1.0,0.782,2000
tep,2,0,WDI-1NN,mixed_missing_spurious,0.7,0.1666667,0.372,2000
tep,2,0,WDI-1NN,mixed_missing_spurious,0.7,0.3333333,0.372,2000
tep,2,0,WDI-1NN,mixed_missing_spurious,0.7,0.5,0.3645,2000
tep,2,0,WDI-1NN,mixed_missing_spurious,0.7,0.6666667,0.392,2000
tep,2,0,WDI-1NN,mixed_missing_spurious,0.7,0.8333333,0.485,2000
tep,2,0,WDI-1NN,mixed_missing_spurious,0.7,1.0,0.714,2000
tep,2,0,WDI-1NN,mixed_missing_spurious,0.8,0.1666667,0.35,2000
tep,2,0,WDI-1NN,mixed_missing_spurious,0.8,0.3333333,0.35,2000
tep,2,0,WDI-1NN,mixed_missing_spurious,0.8,0.5,0.355,2000
tep,2,0,WDI-1NN,mixed_missing_spurious,0.8,0.6666667,0.3595,2000
tep,2,0,WDI-1NN,mixed_missing_spurious,0.8,0.8333333,0.398,2000
tep,2,0,WDI-1NN,mixed_missing_spurious,0.8,1.0,0.5975,2000
tep,2,0,WDI-1NN,mixed_missing_spurious,0.9,0.1666667,0.2935,2000
tep,2,0,WDI-1NN,mixed_missing_spurious,0.9,0.3333333,0.2935,2000
tep,2,0,WDI-1NN,mixed_missing_spurious,0.9,0.5,0.314,2000
tep,2,0,WDI-1NN,mixed_missing_spurious,0.9,0.6666667,0.3305,2000
tep,2,0,WDI-1NN,mixed_missing_spurious,0.9,0.8333333,0.366,2000
tep,2,0,WDI-1NN,mixed_missing_spurious,0.9,1.0,0.432,2000
tep,2,0,WDI-1NN,mixed_spurious_timing_late,0.0,0.1666667,0.47,2000
tep,2,0,WDI-1NN,mixed_spurious_timing_late,0.0,0.3333333,0.47,2000
tep,2,0,WDI-1NN,mixed_spurious_timing_late,0.0,0.5,0.48,2000
tep,2,0,WDI-1NN,mixed_spurious_timing_late,0.0,0.6666667,0.6,2000
tep,2,0,WDI-1NN,mixed_spurious_timing_late,0.0,0.8333333,0.78,2000
tep,2,0,WDI-1NN,mixed_spurious_timing_late,0.0,1.0,0.945,2000
tep,2,0,WDI-1NN,mixed_spurious_timing_late,0.05,0.1666667,0.45,2000
tep,2,0,WDI-1NN,mixed_spurious_timing_late,0.05,0.3333333,0.45,2000
tep,2,0,WDI-1NN,mixed_spurious_timing_late,0.05,0.5,0.4835,2000
tep,2,0,WDI-1NN,mixed_spurious_timing_late,0.05,0.6666667,0.6135,2000
tep,2,0,WDI-1NN,mixed_spurious_timing_late,0.05,0.8333333,0.785,2000
tep,2,0,WDI-1NN,mixed_spurious_timing_late,0.05,1.0,0.8155,2000
tep,2,0,WDI-1NN,mixed_spurious_timing_late,0.1,0.1666667,0.437,2000
tep,2,0,WDI-1NN,mixed_spurious_timing_late,0.1,0.3333333,0.437,2000
tep,2,0,WDI-1NN,mixed_spurious_timing_late,0.1,0.5,0.4805,2000
tep,2,0,WDI-1NN,mixed_spurious_timing_late,0.1,0.6666667,0.612,2000
tep,2,0,WDI-1NN,mixed_spurious_timing_late,0.1,0.8333333,0.796,2000
tep,2,0,WDI-1NN,mixed_spurious_timing_late,0.1,1.0,0.836,2000
tep,2,0,WDI-1NN,mixed_spurious_timing_late,0.15,0.1666667,0.404,2000
tep,2,0,WDI-1NN,mixed_spurious_timing_late,0.15,0.3333333,0.404,2000
tep,2,0,WDI-1NN,mixed_spurious_timing_late,0.15,0.5,0.4785,2000
tep,2,0,WDI-1NN,mixed_spurious_timing_late,0.15,0.6666667,0.6685,2000
tep,2,0,WDI-1NN,mixed_spurious_timing_late,0.15,0.8333333,0.838,2000
tep,2,0,WDI-1NN,mixed_spurious_timing_late,0.15,1.0,0.8525,2000
tep,2,0,WDI-1NN,mixed_spurious_timing_late,0.2,0.1666667,0.3505,2000
tep,2,0,WDI-1NN,mixed_spurious_timing_late,0.2,0.3333333,0.3505,2000
tep,2,0,WDI-1NN,mixed_spurious_timing_late,0.2,0.5,0.469,2000
tep,2,0,WDI-1NN,mixed_spurious_timing_late,0.2,0.6666667,0.7055,2000
tep,2,0,WDI-1NN,mixed_spurious_timing_late,0.2,0.8333333,0.7055,2000
tep,2,0,WDI-1NN,mixed_spurious_timing_late,0.2,1.0,0.8435,2000
tep,2,0,WDI-1NN,mixed_spurious_timing_late,0.25,0.1666667,0.38,2000
tep,2,0,WDI-1NN,mixed_spurious_timing_late,0.25,0.3333333,0.38,2000
tep,2,0,WDI-1NN,mixed_spurious_timing_late,0.25,0.5,0.482,2000
tep,2,0,WDI-1NN,mixed_spurious_timing_late,0.25,0.6666667,0.482,2000
tep,2,0,WDI-1NN,mixed_spurious_timing_late,0.25,0.8333333,0.721,2000
tep,2,0,WDI-1NN,mixed_spurious_timing_late,0.25,1.0,0.8255,2000
tep,2,0,WDI-1NN,mixed_spurious_timing_late,0.3,0.1666667,0.3665,2000
tep,2,0,WDI-1NN,mixed_spurious_timing_late,0.3,0.3333333,0.3665,2000
tep,2,0,WDI-1NN,mixed_spurious_timing_late,0.3,0.5,0.5295,2000
tep,2,0,WDI-1NN,mixed_spurious_timing_late,0.3,0.6666667,0.5295,2000
tep,2,0,WDI-1NN,mixed_spurious_timing_late,0.3,0.8333333,0.7475,2000
tep,2,0,WDI-1NN,mixed_spurious_timing_late,0.3,1.0,0.815,2000
tep,2,0,WDI-1NN,mixed_spurious_timing_late,0.4,0.1666667,0.3665,2000
tep,2,0,WDI-1NN,mixed_spurious_timing_late,0.4,0.3333333,0.3665,2000
tep,2,0,WDI-1NN,mixed_spurious_timing_late,0.4,0.5,0.3665,2000
tep,2,0,WDI-1NN,mixed_spurious_timing_late,0.4,0.6666667,0.574,2000
tep,2,0,WDI-1NN,mixed_spurious_timing_late,0.4,0.8333333,0.574,2000
tep,2,0,WDI-1NN,mixed_spurious_timing_late,0.4,1.0,0.781,2000
tep,2,0,WDI-1NN,mixed_spurious_timing_late,0.5,0.1666667,0.395,2000
tep,2,0,WDI-1NN,mixed_spurious_timing_late,0.5,0.3333333,0.395,2000
tep,2,0,WDI-1NN,mixed_spurious_timing_late,0.5,0.5,0.395,2000
tep,2,0,WDI-1NN,mixed_spurious_timing_late,0.5,0.6666667,0.395,2000
tep,2,0,WDI-1NN,mixed_spurious_timing_late,0.5,0.8333333,0.599,2000
tep,2,0,WDI-1NN,mixed_spurious_timing_late,0.5,1.0,0.736,2000
tep,2,0,WDI-1NN,mixed_spurious_timing_late,0.6,0.1666667,0.4255,2000
tep,2,0,WDI-1NN,mixed_spurious_timing_late,0.6,0.3333333,0.4255,2000
tep,2,0,WDI-1NN,mixed_spurious_timing_late,0.6,0.5,0.4255,2000
tep,2,0,WDI-1NN,mixed_spurious_timing_late,0.6,0.6666667,0.4255,2000
tep,2,0,WDI-1NN,mixed_spurious_timing_late,0.6,0.8333333,0.4255,2000
tep,2,0,WDI-1NN,mixed_spurious_timing_late,0.6,1.0,0.607,2000
tep,2,0,WDI-1NN,mixed_spurious_timing_late,0.7,0.1666667,0.443,2000
tep,2,0,WDI-1NN,mixed_spurious_timing_late,0.7,0.3333333,0.443,2000
tep,2,0,WDI-1NN,mixed_spurious_timing_late,0.7,0.5,0.443,2000
tep,2,0,WDI-1NN,mixed_spurious_timing_late,0.7,0.6666667,0.443,2000
tep,2,0,WDI-1NN,mixed_spurious_timing_late,0.7,0.8333333,0.443,2000
tep,2,0,WDI-1NN,mixed_spurious_timing_late,0.7,1.0,0.513,2000
tep,2,0,WDI-1NN,mixed_spurious_timing_late,0.8,0.1666667,0.426,2000
tep,2,0,WDI-1NN,mixed_spurious_timing_late,0.8,0.3333333,0.426,2000
tep,2,0,WDI-1NN,mixed_spurious_timing_late,0.8,0.5,0.426,2000
tep,2,0,WDI-1NN,mixed_spurious_timing_late,0.8,0.6666667,0.426,2000
tep,2,0,WDI-1NN,mixed_spurious_timing_late,0.8,0.8333333,0.426,2000
tep,2,0,WDI-1NN,mixed_spurious_timing_late,0.8,1.0,0.434,2000
tep,2,0,WDI-1NN,mixed_spurious_timing_late,0.9,0.1666667,0.376,2000
tep,2,0,WDI-1NN,mixed_spurious_timing_late,0.9,0.3333333,0.376,2000
tep,2,0,WDI-1NN,mixed_spurious_timing_late,0.9,0.5,0.376,2000
tep,2,0,WDI-1NN,mixed_spurious_timing_late,0.9,0.6666667,0.376,2000
tep,2,0,WDI-1NN,mixed_spurious_timing_late,0.9,0.8333333,0.376,2000
tep,2,0,WDI-1NN,mixed_spurious_timing_late,0.9,1.0,0.376,2000
tep,2,0,WDI-1NN,spurious_events,0.0,0.1666667,0.47,2000
tep,2,0,WDI-1NN,spurious_events,0.0,0.3333333,0.47,2000
tep,2,0,WDI-1NN,spurious_events,0.0,0.5,0.48,2000
tep,2,0,WDI-1NN,spurious_events,0.0,0.6666667,0.6,2000
tep,2,0,WDI-1NN,spurious_events,0.0,0.8333333,0.78,2000
tep,2,0,WDI-1NN,spurious_events,0.0,1.0,0.945,2000
tep,2,0,WDI-1NN,spurious_events,0.05,0.1666667,0.4665,2000
tep,2,0,WDI-1NN,spurious_events,0.05,0.3333333,0.4665,2000
tep,2,0,WDI-1NN,spurious_events,0.05,0.5,0.482,2000
tep,2,0,WDI-1NN,spurious_events,0.05,0.6666667,0.615,2000
tep,2,0,WDI-1NN,spurious_events,0.05,0.8333333,0.7735,2000
tep,2,0,WDI-1NN,spurious_events,0.05,1.0,0.933,2000
tep,2,0,WDI-1NN,spurious_events,0.1,0.1666667,0.4605,2000
tep,2,0,WDI-1NN,spurious_events,0.1,0.3333333,0.4605,2000
tep,2,0,WDI-1NN,spurious_events,0.1,0.5,0.4735,2000
tep,2,0,WDI-1NN,spurious_events,0.1,0.6666667,0.616,2000
tep,2,0,WDI-1NN,spurious_events,0.1,0.8333333,0.7695,2000
tep,2,0,WDI-1NN,spurious_events,0.1,1.0,0.9235,2000
tep,2,0,WDI-1NN,spurious_events,0.15,0.1666667,0.453,2000
tep,2,0,WDI-1NN,spurious_events,0.15,0.3333333,0.453,2000
tep,2,0,WDI-1NN,spurious_events,0.15,0.5,0.479,2000
tep,2,0,WDI-1NN,spurious_events,0.15,0.6666667,0.633,2000
tep,2,0,WDI-1NN,spurious_events,0.15,0.8333333,0.7675,2000
tep,2,0,WDI-1NN,spurious_events,0.15,1.0,0.9145,2000
tep,2,0,WDI-1NN,spurious_events,0.2,0.1666667,0.4405,2000
tep,2,0,WDI-1NN,spurious_events,0.2,0.3333333,0.4405,2000
tep,2,0,WDI-1NN,spurious_events,0.2,0.5,0.467,2000
tep,2,0,WDI-1NN,spurious_events,0.2,0.6666667,0.6265,2000
tep,2,0,WDI-1NN,spurious_events,0.2,0.8333333,0.763,2000
tep,2,0,WDI-1NN,spurious_events,0.2,1.0,0.896,2000
tep,2,0,WDI-1NN,spurious_events,0.25,0.1666667,0.4345,2000
tep,2,0,WDI-1NN,spurious_events,0.25,0.3333333,0.4345,2000
tep,2,0,WDI-1NN,spurious_events,0.25,0.5,0.477,2000
tep,2,0,WDI-1NN,spurious_events,0.25,0.6666667,0.652,2000
tep,2,0,WDI-1NN,spurious_events,0.25,0.8333333,0.7505,2000
tep,2,0,WDI-1NN,spurious_events,0.25,1.0,0.867,2000
tep,2,0,WDI-1NN,spurious_events,0.3,0.1666667,0.431,2000
tep,2,0,WDI-1NN,spurious_events,0.3,0.3333333,0.431,2000
tep,2,0,WDI-1NN,spurious_events,0.3,0.5,0.4895,2000
tep,2,0,WDI-1NN,spurious_events,0.3,0.6666667,0.647,2000
tep,2,0,WDI-1NN,spurious_events,0.3,0.8333333,0.7345,2000
tep,2,0,WDI-1NN,spurious_events,0.3,1.0,0.843,2000
tep,2,0,WDI-1NN,spurious_events,0.4,0.1666667,0.4225,2000
tep,2,0,WDI-1NN,spurious_events,0.4,0.3333333,0.4225,2000
tep,2,0,WDI-1NN,spurious_events,0.4,0.5,0.492,2000
tep,2,0,WDI-1NN,spurious_events,0.4,0.6666667,0.6565,2000
tep,2,0,WDI-1NN,spurious_events,0.4,0.8333333,0.723,2000
tep,2,0,WDI-1NN,spurious_events,0.4,1.0,0.7785,2000
tep,2,0,WDI-1NN,spurious_events,0.5,0.1666667,0.436,2000
tep,2,0,WDI-1NN,spurious_events,0.5,0.3333333,0.436,2000
tep,2,0,WDI-1NN,spurious_events,0.5,0.5,0.518,2000
tep,2,0,WDI-1NN,spurious_events,0.5,0.6666667,0.6495,2000
tep,2,0,WDI-1NN,spurious_events,0.5,0.8333333,0.6945,2000
tep,2,0,WDI-1NN,spurious_events,0.5,1.0,0.6885,2000
tep,2,0,WDI-1NN,spurious_events,0.6,0.1666667,0.4265,2000
tep,2,0,WDI-1NN,spurious_events,0.6,0.3333333,0.4265,2000
tep,2,0,WDI-1NN,spurious_events,0.6,0.5,0.5305,2000
tep,2,0,WDI-1NN,spurious_events,0.6,0.6666667,0.645,2000
tep,2,0,WDI-1NN,spurious_events,0.6,0.8333333,0.662,2000
tep,2,0,WDI-1NN,spurious_events,0.6,1.0,0.6055,2000
tep,2,0,WDI-1NN,spurious_events,0.7,0.1666667,0.4275,2000
tep,2,0,WDI-1NN,spurious_events,0.7,0.3333333,0.4275,2000
tep,2,0,WDI-1NN,spurious_events,0.7,0.5,0.5345,2000
tep,2,0,WDI-1NN,spurious_events,0.7,0.6666667,0.6095,2000
tep,2,0,WDI-1NN,spurious_events,0.7,0.8333333,0.6075,2000
tep,2,0,WDI-1NN,spurious_events,0.7,1.0,0.5095,2000
tep,2,0,WDI-1NN,spurious_events,0.8,0.1666667,0.42,2000
tep,2,0,WDI-1NN,spurious_events,0.8,0.3333333,0.42,2000
tep,2,0,WDI-1NN,spurious_events,0.8,0.5,0.5425,2000
tep,2,0,WDI-1NN,spurious_events,0.8,0.6666667,0.6115,2000
tep,2,0,WDI-1NN,spurious_events,0.8,0.8333333,0.5855,2000
tep,2,0,WDI-1NN,spurious_events,0.8,1.0,0.47,2000
tep,2,0,WDI-1NN,spurious_events,0.9,0.1666667,0.414,2000
tep,2,0,WDI-1NN,spurious_events,0.9,0.3333333,0.414,2000
tep,2,0,WDI-1NN,spurious_events,0.9,0.5,0.547,2000
tep,2,0,WDI-1NN,spurious_events,0.9,0.6666667,0.578,2000
tep,2,0,WDI-1NN,spurious_events,0.9,0.8333333,0.5225,2000
tep,2,0,WDI-1NN,spurious_events,0.9,1.0,0.394,2000
tep,2,0,WDI-1NN,timing_uncertainty,0.0,0.1666667,0.47,2000
tep,2,0,WDI-1NN,timing_uncertainty,0.0,0.3333333,0.47,2000
tep,2,0,WDI-1NN,timing_uncertainty,0.0,0.5,0.48,2000
tep,2,0,WDI-1NN,timing_uncertainty,0.0,0.6666667,0.6,2000
tep,2,0,WDI-1NN,timing_uncertainty,0.0,0.8333333,0.78,2000
tep,2,0,WDI-1NN,timing_uncertainty,0.0,1.0,0.945,2000
tep,2,0,WDI-1NN,timing_uncertainty,0.05,0.1666667,0.4705,2000
tep,2,0,WDI-1NN,timing_uncertainty,0.05,0.3333333,0.4705,2000
tep,2,0,WDI-1NN,timing_uncertainty,0.05,0.5,0.477,2000
tep,2,0,WDI-1NN,timing_uncertainty,0.05,0.6666667,0.596,2000
tep,2,0,WDI-1NN,timing_uncertainty,0.05,0.8333333,0.778,2000
tep,2,0,WDI-1NN,timing_uncertainty,0.05,1.0,0.9455,2000
tep,2,0,WDI-1NN,timing_uncertainty,0.1,0.1666667,0.472,2000
tep,2,0,WDI-1NN,timing_uncertainty,0.1,0.3333333,0.472,2000
tep,2,0,WDI-1NN,timing_uncertainty,0.1,0.5,0.481,2000
tep,2,0,WDI-1NN,timing_uncertainty,0.1,0.6666667,0.595,2000
tep,2,0,WDI-1NN,timing_uncertainty,0.1,0.8333333,0.776,2000
tep,2,0,WDI-1NN,timing_uncertainty,0.1,1.0,0.9445,2000
tep,2,0,WDI-1NN,timing_uncertainty,0.15,0.1666667,0.472,2000
tep,2,0,WDI-1NN,timing_uncertainty,0.15,0.3333333,0.472,2000
tep,2,0,WDI-1NN,timing_uncertainty,0.15,0.5,0.479,2000
tep,2,0,WDI-1NN,timing_uncertainty,0.15,0.6666667,0.5875,2000
tep,2,0,WDI-1NN,timing_uncertainty,0.15,0.8333333,0.771,2000
tep,2,0,WDI-1NN,timing_uncertainty,0.15,1.0,0.9445,2000
tep,2,0,WDI-1NN,timing_uncertainty,0.2,0.1666667,0.471,2000
tep,2,0,WDI-1NN,timing_uncertainty,0.2,0.3333333,0.471,2000
tep,2,0,WDI-1NN,timing_uncertainty,0.2,0.5,0.476,2000
tep,2,0,WDI-1NN,timing_uncertainty,0.2,0.6666667,0.584,2000
tep,2,0,WDI-1NN,timing_uncertainty,0.2,0.8333333,0.7685,2000
tep,2,0,WDI-1NN,timing_uncertainty,0.2,1.0,0.947,2000
tep,2,0,WDI-1NN,timing_uncertainty,0.25,0.1666667,0.473,2000
tep,2,0,WDI-1NN,timing_uncertainty,0.25,0.3333333,0.473,2000
tep,2,0,WDI-1NN,timing_uncertainty,0.25,0.5,0.48,2000
tep,2,0,WDI-1NN,timing_uncertainty,0.25,0.6666667,0.5885,2000
tep,2,0,WDI-1NN,timing_uncertainty,0.25,0.8333333,0.7705,2000
tep,2,0,WDI-1NN,timing_uncertainty,0.25,1.0,0.944,2000
tep,2,0,WDI-1NN,timing_uncertainty,0.3,0.1666667,0.471,2000
tep,2,0,WDI-1NN,timing_uncertainty,0.3,0.3333333,0.471,2000
tep,2,0,WDI-1NN,timing_uncertainty,0.3,0.5,0.476,2000
tep,2,0,WDI-1NN,timing_uncertainty,0.3,0.6666667,0.5925,2000
tep,2,0,WDI-1NN,timing_uncertainty,0.3,0.8333333,0.768,2000
tep,2,0,WDI-1NN,timing_uncertainty,0.3,1.0,0.945,2000
tep,2,0,WDI-1NN,timing_uncertainty,0.4,0.1666667,0.471,2000
tep,2,0,WDI-1NN,timing_uncertainty,0.4,0.3333333,0.471,2000
tep,2,0,WDI-1NN,timing_uncertainty,0.4,0.5,0.484,2000
tep,2,0,WDI-1NN,timing_uncertainty,0.4,0.6666667,0.59,2000
tep,2,0,WDI-1NN,timing_uncertainty,0.4,0.8333333,0.7715,2000
tep,2,0,WDI-1NN,timing_uncertainty,0.4,1.0,0.9435,2000
tep,2,0,WDI-1NN,timing_uncertainty,0.5,0.1666667,0.465,2000
tep,2,0,WDI-1NN,timing_uncertainty,0.5,0.3333333,0.465,2000
tep,2,0,WDI-1NN,timing_uncertainty,0.5,0.5,0.488,2000
tep,2,0,WDI-1NN,timing_uncertainty,0.5,0.6666667,0.5955,2000
tep,2,0,WDI-1NN,timing_uncertainty,0.5,0.8333333,0.782,2000
tep,2,0,WDI-1NN,timing_uncertainty,0.5,1.0,0.947,2000
tep,2,0,WDI-1NN,timing_uncertainty,0.6,0.1666667,0.4755,2000
tep,2,0,WDI-1NN,timing_uncertainty,0.6,0.3333333,0.4755,2000
tep,2,0,WDI-1NN,timing_uncertainty,0.6,0.5,0.4905,2000
tep,2,0,WDI-1NN,timing_uncertainty,0.6,0.6666667,0.606,2000
tep,2,0,WDI-1NN,timing_uncertainty,0.6,0.8333333,0.782,2000
tep,2,0,WDI-1NN,timing_uncertainty,0.6,1.0,0.947,2000
tep,2,0,WDI-1NN,timing_uncertainty,0.7,0.1666667,0.4615,2000
tep,2,0,WDI-1NN,timing_uncertainty,0.7,0.3333333,0.4615,2000
tep,2,0,WDI-1NN,timing_uncertainty,0.7,0.5,0.4995,2000
tep,2,0,WDI-1NN,timing_uncertainty,0.7,0.6666667,0.6075,2000
tep,2,0,WDI-1NN,timing_uncertainty,0.7,0.8333333,0.787,2000
tep,2,0,WDI-1NN,timing_uncertainty,0.7,1.0,0.944,2000
tep,2,0,WDI-1NN,timing_uncertainty,0.8,0.1666667,0.4685,2000
tep,2,0,WDI-1NN,timing_uncertainty,0.8,0.3333333,0.4685,2000
tep,2,0,WDI-1NN,timing_uncertainty,0.8,0.5,0.492,2000
tep,2,0,WDI-1NN,timing_uncertainty,0.8,0.6666667,0.6045,2000
tep,2,0,WDI-1NN,timing_uncertainty,0.8,0.8333333,0.802,2000
tep,2,0,WDI-1NN,timing_uncertainty,0.8,1.0,0.9455,2000
tep,2,0,WDI-1NN,timing_uncertainty,0.9,0.1666667,0.463,2000
tep,2,0,WDI-1NN,timing_uncertainty,0.9,0.3333333,0.463,2000
tep,2,0,WDI-1NN,timing_uncertainty,0.9,0.5,0.497,2000
tep,2,0,WDI-1NN,timing_uncertainty,0.9,0.6666667,0.615,2000
tep,2,0,WDI-1NN,timing_uncertainty,0.9,0.8333333,0.802,2000
tep,2,0,WDI-1NN,timing_uncertainty,0.9,1.0,0.945,2000
tep,3,0,ACM-SVM,late_time_delay,0.0,0.1666667,0.475,2000
tep,3,0,ACM-SVM,late_time_delay,0.0,0.3333333,0.475,2000
tep,3,0,ACM-SVM,late_time_delay,0.0,0.5,0.625,2000
tep,3,0,ACM-SVM,late_time_delay,0.0,0.6666667,0.755,2000
tep,3,0,ACM-SVM,late_time_delay,0.0,0.8333333,0.78,2000
tep,3,0,ACM-SVM,late_time_delay,0.0,1.0,0.925,2000
tep,3,0,ACM-SVM,late_time_delay,0.05,0.1666667,0.45,2000
tep,3,0,ACM-SVM,late_time_delay,0.05,0.3333333,0.45,2000
tep,3,0,ACM-SVM,late_time_delay,0.05,0.5,0.54,2000
tep,3,0,ACM-SVM,late_time_delay,0.05,0.6666667,0.685,2000
tep,3,0,ACM-SVM,late_time_delay,0.05,0.8333333,0.705,2000
tep,3,0,ACM-SVM,late_time_delay,0.05,1.0,0.745,2000
tep,3,0,ACM-SVM,late_time_delay,0.1,0.1666667,0.46,2000
tep,3,0,ACM-SVM,late_time_delay,0.1,0.3333333,0.46,2000
tep,3,0,ACM-SVM,late_time_delay,0.1,0.5,0.57,2000
tep,3,0,ACM-SVM,late_time_delay,0.1,0.6666667,0.685,2000
tep,3,0,ACM-SVM,late_time_delay,0.1,0.8333333,0.72,2000
tep,3,0,ACM-SVM,late_time_delay,0.1,1.0,0.755,2000
tep,3,0,ACM-SVM,late_time_delay,0.15,0.1666667,0.385,2000
tep,3,0,ACM-SVM,late_time_delay,0.15,0.3333333,0.385,2000
tep,3,0,ACM-SVM,late_time_delay,0.15,0.5,0.52,2000
tep,3,0,ACM-SVM,late_time_delay,0.15,0.6666667,0.685,2000
tep,3,0,ACM-SVM,late_time_delay,0.15,0.8333333,0.725,2000
tep,3,0,ACM-SVM,late_time_delay,0.15,1.0,0.755,2000
tep,3,0,ACM-SVM,late_time_delay,0.2,0.1666667,0.4,2000
tep,3,0,ACM-SVM,late_time_delay,0.2,0.3333333,0.4,2000
tep,3,0,ACM-SVM,late_time_delay,0.2,0.5,0.5,2000
tep,3,0,ACM-SVM,late_time_delay,0.2,0.6666667,0.63,2000
tep,3,0,ACM-SVM,late_time_delay,0.2,0.8333333,0.63,2000
tep,3,0,ACM-SVM,late_time_delay,0.2,1.0,0.675,2000
tep,3,0,ACM-SVM,late_time_delay,0.25,0.1666667,0.38,2000
tep,3,0,ACM-SVM,late_time_delay,0.25,0.3333333,0.38,2000
tep,3,0,ACM-SVM,late_time_delay,0.25,0.5,0.54,2000
tep,3,0,ACM-SVM,late_time_delay,0.25,0.6666667,0.54,2000
tep,3,0,ACM-SVM,late_time_delay,0.25,0.8333333,0.635,2000
tep,3,0,ACM-SVM,late_time_delay,0.25,1.0,0.665,2000
tep,3,0,ACM-SVM,late_time_delay,0.3,0.1666667,0.405,2000
tep,3,0,ACM-SVM,late_time_delay,0.3,0.3333333,0.405,2000
tep,3,0,ACM-SVM,late_time_delay,0.3,0.5,0.555,2000
tep,3,0,ACM-SVM,late_time_delay,0.3,0.6666667,0.555,2000
tep,3,0,ACM-SVM,late_time_delay,0.3,0.8333333,0.63,2000
tep,3,0,ACM-SVM,late_time_delay,0.3,1.0,0.665,2000
tep,3,0,ACM-SVM,late_time_delay,0.4,0.1666667,0.47,2000
tep,3,0,ACM-SVM,late_time_delay,0.4,0.3333333,0.47,2000
tep,3,0,ACM-SVM,late_time_delay,0.4,0.5,0.47,2000
tep,3,0,ACM-SVM,late_time_delay,0.4,0.6666667,0.525,2000
tep,3,0,ACM-SVM,late_time_delay,0.4,0.8333333,0.525,2000
tep,3,0,ACM-SVM,late_time_delay,0.4,1.0,0.59,2000
tep,3,0,ACM-SVM,late_time_delay,0.5,0.1666667,0.405,2000
tep,3,0,ACM-SVM,late_time_delay,0.5,0.3333333,0.405,2000
tep,3,0,ACM-SVM,late_time_delay,0.5,0.5,0.405,2000
tep,3,0,ACM-SVM,late_time_delay,0.5,0.6666667,0.405,2000
tep,3,0,ACM-SVM,late_time_delay,0.5,0.8333333,0.465,2000
tep,3,0,ACM-SVM,late_time_delay,0.5,1.0,0.535,2000
tep,3,0,ACM-SVM,late_time_delay,0.6,0.1666667,0.4,2000
tep,3,0,ACM-SVM,late_time_delay,0.6,0.3333333,0.4,2000
tep,3,0,ACM-SVM,late_time_delay,0.6,0.5,0.4,2000
tep,3,0,ACM-SVM,late_time_delay,0.6,0.6666667,0.4,2000
tep,3,0,ACM-SVM,late_time_delay,0.6,0.8333333,0.4,2000
tep,3,0,ACM-SVM,late_time_delay,0.6,1.0,0.485,2000
tep,3,0,ACM-SVM,late_time_delay,0.7,0.1666667,0.415,2000
tep,3,0,ACM-SVM,late_time_delay,0.7,0.3333333,0.415,2000
tep,3,0,ACM-SVM,late_time_delay,0.7,0.5,0.415,2000
tep,3,0,ACM-SVM,late_time_delay,0.7,0.6666667,0.415,2000
tep,3,0,ACM-SVM,late_time_delay,0.7,0.8333333,0.415,2000
tep,3,0,ACM-SVM,late_time_delay,0.7,1.0,0.475,2000
tep,3,0,ACM-SVM,late_time_delay,0.8,0.1666667,0.435,2000
tep,3,0,ACM-SVM,late_time_delay,0.8,0.3333333,0.435,2000
tep,3,0,ACM-SVM,late_time_delay,0.8,0.5,0.435,2000
tep,3,0,ACM-SVM,late_time_delay,0.8,0.6666667,0.435,2000
tep,3,0,ACM-SVM,late_time_delay,0.8,0.8333333,0.435,2000
tep,3,0,ACM-SVM,late_time_delay,0.8,1.0,0.465,2000
tep,3,0,ACM-SVM,late_time_delay,0.9,0.1666667,0.385,2000
tep,3,0,ACM-SVM,late_time_delay,0.9,0.3333333,0.385,2000
tep,3,0,ACM-SVM,late_time_delay,0.9,0.5,0.385,2000
tep,3,0,ACM-SVM,late_time_delay,0.9,0.6666667,0.385,2000
tep,3,0,ACM-SVM,late_time_delay,0.9,0.8333333,0.385,2000
tep,3,0,ACM-SVM,late_time_delay,0.9,1.0,0.385,2000
tep,3,0,ACM-SVM,missing_events,0.0,0.1666667,0.475,2000
tep,3,0,ACM-SVM,missing_events,0.0,0.3333333,0.475,2000
tep,3,0,ACM-SVM,missing_events,0.0,0.5,0.625,2000
tep,3,0,ACM-SVM,missing_events,0.0,0.6666667,0.755,2000
tep,3,0,ACM-SVM,missing_events,0.0,0.8333333,0.78,2000
tep,3,0,ACM-SVM,missing_events,0.0,1.0,0.925,2000
tep,3,0,ACM-SVM,missing_events,0.05,0.1666667,0.4945,2000
tep,3,0,ACM-SVM,missing_events,0.05,0.3333333,0.4945,2000
tep,3,0,ACM-SVM,missing_events,0.05,0.5,0.6305,2000
tep,3,0,ACM-SVM,missing_events,0.05,0.6666667,0.7185,2000
tep,3,0,ACM-SVM,missing_events,0.05,0.8333333,0.7325,2000
tep,3,0,ACM-SVM,missing_events,0.05,1.0,0.7865,2000
tep,3,0,ACM-SVM,missing_events,0.1,0.1666667,0.4985,2000
tep,3,0,ACM-SVM,missing_events,0.1,0.3333333,0.4985,2000
tep,3,0,ACM-SVM,missing_events,0.1,0.5,0.6135,2000
tep,3,0,ACM-SVM,missing_events,0.1,0.6666667,0.687,2000
tep,3,0,ACM-SVM,missing_events,0.1,0.8333333,0.68,2000
tep,3,0,ACM-SVM,missing_events,0.1,1.0,0.673,2000
tep,3,0,ACM-SVM,missing_events,0.15,0.1666667,0.4915,2000
tep,3,0,ACM-SVM,missing_events,0.15,0.3333333,0.4915,2000
tep,3,0,ACM-SVM,missing_events,0.15,0.5,0.6085,2000
tep,3,0,ACM-SVM,missing_events,0.15,0.6666667,0.6625,2000
tep,3,0,ACM-SVM,missing_events,0.15,0.8333333,0.6315,2000
tep,3,0,ACM-SVM,missing_events,0.15,1.0,0.5985,2000
tep,3,0,ACM-SVM,missing_events,0.2,0.1666667,0.5065,2000
tep,3,0,ACM-SVM,missing_events,0.2,0.3333333,0.5065,2000
tep,3,0,ACM-SVM,missing_events,0.2,0.5,0.6055,2000
tep,3,0,ACM-SVM,missing_events,0.2,0.6666667,0.6475,2000
tep,3,0,ACM-SVM,missing_events,0.2,0.8333333,0.612,2000
tep,3,0,ACM-SVM,missing_events,0.2,1.0,0.5665,2000
tep,3,0,ACM-SVM,missing_events,0.25,0.1666667,0.4675,2000
tep,3,0,ACM-SVM,missing_events,0.25,0.3333333,0.4675,2000
tep,3,0,ACM-SVM,missing_events,0.25,0.5,0.5725,2000
tep,3,0,ACM-SVM,missing_events,0.25,0.6666667,0.6005,2000
tep,3,0,ACM-SVM,missing_events,0.25,0.8333333,0.5645,2000
tep,3,0,ACM-SVM,missing_events,0.25,1.0,0.5055,2000
tep,3,0,ACM-SVM,missing_events,0.3,0.1666667,0.457,2000
tep,3,0,ACM-SVM,missing_events,0.3,0.3333333,0.457,2000
tep,3,0,ACM-SVM,missing_events,0.3,0.5,0.5545,2000
tep,3,0,ACM-SVM,missing_events,0.3,0.6666667,0.5835,2000
tep,3,0,ACM-SVM,missing_events,0.3,0.8333333,0.554,2000
tep,3,0,ACM-SVM,missing_events,0.3,1.0,0.4885,2000
tep,3,0,ACM-SVM,missing_events,0.4,0.1666667,0.435,2000
tep,3,0,ACM-SVM,missing_events,0.4,0.3333333,0.435,2000
tep,3,0,ACM-SVM,missing_events,0.4,0.5,0.5375,2000
tep,3,0,ACM-SVM,missing_events,0.4,0.6666667,0.552,2000
tep,3,0,ACM-SVM,missing_events,0.4,0.8333333,0.5175,2000
tep,3,0,ACM-SVM,missing_events,0.4,1.0,0.454,2000
tep,3,0,ACM-SVM,missing_events,0.5,0.1666667,0.4075,2000
tep,3,0,ACM-SVM,missing_events,0.5,0.3333333,0.4075,2000
tep,3,0,ACM-SVM,missing_events,0.5,0.5,0.518,2000
tep,3,0,ACM-SVM,missing_events,0.5,0.6666667,0.5145,2000
tep,3,0,ACM-SVM,missing_events,0.5,0.8333333,0.482,2000
tep,3,0,ACM-SVM,missing_events,0.5,1.0,0.4115,2000
tep,3,0,ACM-SVM,missing_events,0.6,0.1666667,0.375,2000
tep,3,0,ACM-SVM,missing_events,0.6,0.3333333,0.375,2000
tep,3,0,ACM-SVM,missing_events,0.6,0.5,0.48,2000
tep,3,0,ACM-SVM,missing_events,0.6,0.6666667,0.51,2000
tep,3,0,ACM-SVM,missing_events,0.6,0.8333333,0.491,2000
tep,3,0,ACM-SVM,missing_events,0.6,1.0,0.4145,2000
tep,3,0,ACM-SVM,missing_events,0.7,0.1666667,0.32,2000
tep,3,0,ACM-SVM,missing_events,0.7,0.3333333,0.32,2000
tep,3,0,ACM-SVM,missing_events,0.7,0.5,0.453,2000
tep,3,0,ACM-SVM,missing_events,0.7,0.6666667,0.5015,2000
tep,3,0,ACM-SVM,missing_events,0.7,0.8333333,0.4955,2000
tep,3,0,ACM-SVM,missing_events,0.7,1.0,0.4305,2000
tep,3,0,ACM-SVM,missing_events,0.8,0.1666667,0.264,2000
tep,3,0,ACM-SVM,missing_events,0.8,0.3333333,0.264,2000
tep,3,0,ACM-SVM,missing_events,0.8,0.5,0.3705,2000
tep,3,0,ACM-SVM,missing_events,0.8,0.6666667,0.474,2000
tep,3,0,ACM-SVM,missing_events,0.8,0.8333333,0.489,2000
tep,3,0,ACM-SVM,missing_events,0.8,1.0,0.4375,2000
tep,3,0,ACM-SVM,missing_events,0.9,0.1666667,0.2215,2000
tep,3,0,ACM-SVM,missing_events,0.9,0.3333333,0.2215,2000
tep,3,0,ACM-SVM,missing_events,0.9,0.5,0.2715,2000
tep,3,0,ACM-SVM,missing_events,0.9,0.6666667,0.3685,2000
tep,3,0,ACM-SVM,missing_events,0.9,0.8333333,0.434,2000
tep,3,0,ACM-SVM,missing_events,0.9,1.0,0.464,2000
tep,3,0,ACM-SVM,mixed_missing_spurious,0.0,0.1666667,0.475,2000
tep,3,0,ACM-SVM,mixed_missing_spurious,0.0,0.3333333,0.475,2000
tep,3,0,ACM-SVM,mixed_missing_spurious,0.0,0.5,0.625,2000
tep,3,0,ACM-SVM,mixed_missing_spurious,0.0,0.6666667,0.755,2000
tep,3,0,ACM-SVM,mixed_missing_spurious,0.0,0.8333333,0.78,2000
tep,3,0,ACM-SVM,mixed_missing_spurious,0.0,1.0,0.925,2000
tep,3,0,ACM-SVM,mixed_missing_spurious,0.05,0.1666667,0.494,2000
tep,3,0,ACM-SVM,mixed_missing_spurious,0.05,0.3333333,0.494,2000
tep,3,0,ACM-SVM,mixed_missing_spurious,0.05,0.5,0.591,2000
tep,3,0,ACM-SVM,mixed_missing_spurious,0.05,0.6666667,0.641,2000
tep,3,0,ACM-SVM,mixed_missing_spurious,0.05,0.8333333,0.6095,2000
tep,3,0,ACM-SVM,mixed_missing_spurious,0.05,1.0,0.5555,2000
tep,3,0,ACM-SVM,mixed_missing_spurious,0.1,0.1666667,0.4925,2000
tep,3,0,ACM-SVM,mixed_missing_spurious,0.1,0.3333333,0.4925,2000
tep,3,0,ACM-SVM,mixed_missing_spurious,0.1,0.5,0.5465,2000
tep,3,0,ACM-SVM,mixed_missing_spurious,0.1,0.6666667,0.5055,2000
tep,3,0,ACM-SVM,mixed_missing_spurious,0.1,0.8333333,0.4435,2000
tep,3,0,ACM-SVM,mixed_missing_spurious,0.1,1.0,0.3165,2000
tep,3,0,ACM-SVM,mixed_missing_spurious,0.15,0.1666667,0.488,2000
tep,3,0,ACM-SVM,mixed_missing_spurious,0.15,0.3333333,0.488,2000
tep,3,0,ACM-SVM,mixed_missing_spurious,0.15,0.5,0.4895,2000
tep,3,0,ACM-SVM,mixed_missing_spurious,0.15,0.6666667,0.42,2000
tep,3,0,ACM-SVM,mixed_missing_spurious,0.15,0.8333333,0.3485,2000
tep,3,0,ACM-SVM,mixed_missing_spurious,0.15,1.0,0.24,2000
tep,3,0,ACM-SVM,mixed_missing_spurious,0.2,0.1666667,0.475,2000
tep,3,0,ACM-SVM,mixed_missing_spurious,0.2,0.3333333,0.475,2000
tep,3,0,ACM-SVM,mixed_missing_spurious,0.2,0.5,0.448,2000
tep,3,0,ACM-SVM,mixed_missing_spurious,0.2,0.6666667,0.362,2000
tep,3,0,ACM-SVM,mixed_missing_spurious,0.2,0.8333333,0.2905,2000
tep,3,0,ACM-SVM,mixed_missing_spurious,0.2,1.0,0.22,2000
tep,3,0,ACM-SVM,mixed_missing_spurious,0.25,0.1666667,0.456,2000
tep,3,0,ACM-SVM,mixed_missing_spurious,0.25,0.3333333,0.456,2000
tep,3,0,ACM-SVM,mixed_missing_spurious,0.25,0.5,0.4125,2000
tep,3,0,ACM-SVM,mixed_missing_spurious,0.25,0.6666667,0.312,2000
tep,3,0,ACM-SVM,mixed_missing_spurious,0.25,0.8333333,0.2625,2000
tep,3,0,ACM-SVM,mixed_missing_spurious,0.25,1.0,0.211,2000
tep,3,0,ACM-SVM,mixed_missing_spurious,0.3,0.1666667,0.4365,2000
tep,3,0,ACM-SVM,mixed_missing_spurious,0.3,0.3333333,0.4365,2000
tep,3,0,ACM-SVM,mixed_missing_spurious,0.3,0.5,0.393,2000
tep,3,0,ACM-SVM,mixed_missing_spurious,0.3,0.6666667,0.3025,2000
tep,3,0,ACM-SVM,mixed_missing_spurious,0.3,0.8333333,0.247,2000
tep,3,0,ACM-SVM,mixed_missing_spurious,0.3,1.0,0.206,2000
tep,3,0,ACM-SVM,mixed_missing_spurious,0.4,0.1666667,0.4225,2000
tep,3,0,ACM-SVM,mixed_missing_spurious,0.4,0.3333333,0.4225,2000
tep,3,0,ACM-SVM,mixed_missing_spurious,0.4,0.5,0.3525,2000
tep,3,0,ACM-SVM,mixed_missing_spurious,0.4,0.6666667,0.2755,2000
tep,3,0,ACM-SVM,mixed_missing_spurious,0.4,0.8333333,0.2325,2000
tep,3,0,ACM-SVM,mixed_missing_spurious,0.4,1.0,0.2035,2000
tep,3,0,ACM-SVM,mixed_missing_spurious,0.5,0.1666667,0.3915,2000
tep,3,0,ACM-SVM,mixed_missing_spurious,0.5,0.3333333,0.3915,2000
tep,3,0,ACM-SVM,mixed_missing_spurious,0.5,0.5,0.348,2000
tep,3,0,ACM-SVM,mixed_missing_spurious,0.5,0.6666667,0.2795,2000
tep,3,0,ACM-SVM,mixed_missing_spurious,0.5,0.8333333,0.231,2000
tep,3,0,ACM-SVM,mixed_missing_spurious,0.5,1.0,0.2015,2000
tep,3,0,ACM-SVM,mixed_missing_spurious,0.6,0.1666667,0.4065,2000
tep,3,0,ACM-SVM,mixed_missing_spurious,0.6,0.3333333,0.4065,2000
tep,3,0,ACM-SVM,mixed_missing_spurious,0.6,0.5,0.3495,2000
tep,3,0,ACM-SVM,mixed_missing_spurious,0.6,0.6666667,0.27,2000
tep,3,0,ACM-SVM,mixed_missing_spurious,0.6,0.8333333,0.235,2000
tep,3,0,ACM-SVM,mixed_missing_spurious,0.6,1.0,0.203,2000
tep,3,0,ACM-SVM,mixed_missing_spurious,0.7,0.1666667,0.368,2000
tep,3,0,ACM-SVM,mixed_missing_spurious,0.7,0.3333333,0.368,2000
tep,3,0,ACM-SVM,mixed_missing_spurious,0.7,0.5,0.355,2000
tep,3,0,ACM-SVM,mixed_missing_spurious,0.7,0.6666667,0.279,2000
tep,3,0,ACM-SVM,mixed_missing_spurious,0.7,0.8333333,0.24,2000
tep,3,0,ACM-SVM,mixed_missing_spurious,0.7,1.0,0.2055,2000
tep,3,0,ACM-SVM,mixed_missing_spurious,0.8,0.1666667,0.3355,2000
tep,3,0,ACM-SVM,mixed_missing_spurious,0.8,0.3333333,0.3355,2000
tep,3,0,ACM-SVM,mixed_missing_spurious,0.8,0.5,0.3785,2000
tep,3,0,ACM-SVM,mixed_missing_spurious,0.8,0.6666667,0.3315,2000
tep,3,0,ACM-SVM,mixed_missing_spurious,0.8,0.8333333,0.2755,2000
tep,3,0,ACM-SVM,mixed_missing_spurious,0.8,1.0,0.2105,2000
tep,3,0,ACM-SVM,mixed_missing_spurious,0.9,0.1666667,0.244,2000
tep,3,0,ACM-SVM,mixed_missing_spurious,0.9,0.3333333,0.244,2000
tep,3,0,ACM-SVM,mixed_missing_spurious,0.9,0.5,0.3285,2000
tep,3,0,ACM-SVM,mixed_missing_spurious,0.9,0.6666667,0.372,2000
tep,3,0,ACM-SVM,mixed_missing_spurious,0.9,0.8333333,0.3625,2000
tep,3,0,ACM-SVM,mixed_missing_spurious,0.9,1.0,0.273,2000
tep,3,0,ACM-SVM,mixed_spurious_timing_late,0.0,0.1666667,0.475,2000
tep,3,0,ACM-SVM,mixed_spurious_timing_late,0.0,0.3333333,0.475,2000
tep,3,0,ACM-SVM,mixed_spurious_timing_late,0.0,0.5,0.625,2000
tep,3,0,ACM-SVM,mixed_spurious_timing_late,0.0,0.6666667,0.755,2000
tep,3,0,ACM-SVM,mixed_spurious_timing_late,0.0,0.8333333,0.78,2000
tep,3,0,ACM-SVM,mixed_spurious_timing_late,0.0,1.0,0.925,2000
tep,3,0,ACM-SVM,mixed_spurious_timing_late,0.05,0.1666667,0.4465,2000
tep,3,0,ACM-SVM,mixed_spurious_timing_late,0.05,0.3333333,0.4465,2000
tep,3,0,ACM-SVM,mixed_spurious_timing_late,0.05,0.5,0.531,2000
tep,3,0,ACM-SVM,mixed_spurious_timing_late,0.05,0.6666667,0.605,2000
tep,3,0,ACM-SVM,mixed_spurious_timing_late,0.05,0.8333333,0.5855,2000
tep,3,0,ACM-SVM,mixed_spurious_timing_late,0.05,1.0,0.53,2000
tep,3,0,ACM-SVM,mixed_spurious_timing_late,0.1,0.1666667,0.4295,2000
tep,3,0,ACM-SVM,mixed_spurious_timing_late,0.1,0.3333333,0.4295,2000
tep,3,0,ACM-SVM,mixed_spurious_timing_late,0.1,0.5,0.4965,2000
tep,3,0,ACM-SVM,mixed_spurious_timing_late,0.1,0.6666667,0.487,2000
tep,3,0,ACM-SVM,mixed_spurious_timing_late,0.1,0.8333333,0.458,2000
tep,3,0,ACM-SVM,mixed_spurious_timing_late,0.1,1.0,0.368,2000
tep,3,0,ACM-SVM,mixed_spurious_timing_late,0.15,0.1666667,0.387,2000
tep,3,0,ACM-SVM,mixed_spurious_timing_late,0.15,0.3333333,0.387,2000
tep,3,0,ACM-SVM,mixed_spurious_timing_late,0.15,0.5,0.438,2000
tep,3,0,ACM-SVM,mixed_spurious_timing_late,0.15,0.6666667,0.4015,2000
tep,3,0,ACM-SVM,mixed_spurious_timing_late,0.15,0.8333333,0.3305,2000
tep,3,0,ACM-SVM,mixed_spurious_timing_late,0.15,1.0,0.2675,2000
tep,3,0,ACM-SVM,mixed_spurious_timing_late,0.2,0.1666667,0.399,2000
tep,3,0,ACM-SVM,mixed_spurious_timing_late,0.2,0.3333333,0.399,2000
tep,3,0,ACM-SVM,mixed_spurious_timing_late,0.2,0.5,0.382,2000
tep,3,0,ACM-SVM,mixed_spurious_timing_late,0.2,0.6666667,0.3265,2000
tep,3,0,ACM-SVM,mixed_spurious_timing_late,0.2,0.8333333,0.3265,2000
tep,3,0,ACM-SVM,mixed_spurious_timing_late,0.2,1.0,0.234,2000
tep,3,0,ACM-SVM,mixed_spurious_timing_late,0.25,0.1666667,0.3895,2000
tep,3,0,ACM-SVM,mixed_spurious_timing_late,0.25,0.3333333,0.3895,2000
tep,3,0,ACM-SVM,mixed_spurious_timing_late,0.25,0.5,0.33,2000
tep,3,0,ACM-SVM,mixed_spurious_timing_late,0.25,0.6666667,0.33,2000
tep,3,0,ACM-SVM,mixed_spurious_timing_late,0.25,0.8333333,0.2735,2000
tep,3,0,ACM-SVM,mixed_spurious_timing_late,0.25,1.0,0.2155,2000
tep,3,0,ACM-SVM,mixed_spurious_timing_late,0.3,0.1666667,0.3765,2000
tep,3,0,ACM-SVM,mixed_spurious_timing_late,0.3,0.3333333,0.3765,2000
tep,3,0,ACM-SVM,mixed_spurious_timing_late,0.3,0.5,0.308,2000
tep,3,0,ACM-SVM,mixed_spurious_timing_late,0.3,0.6666667,0.308,2000
tep,3,0,ACM-SVM,mixed_spurious_timing_late,0.3,0.8333333,0.2415,2000
tep,3,0,ACM-SVM,mixed_spurious_timing_late,0.3,1.0,0.211,2000
tep,3,0,ACM-SVM,mixed_spurious_timing_late,0.4,0.1666667,0.3545,2000
tep,3,0,ACM-SVM,mixed_spurious_timing_late,0.4,0.3333333,0.3545,2000
tep,3,0,ACM-SVM,mixed_spurious_timing_late,0.4,0.5,0.3545,2000
tep,3,0,ACM-SVM,mixed_spurious_timing_late,0.4,0.6666667,0.2695,2000
tep,3,0,ACM-SVM,mixed_spurious_timing_late,0.4,0.8333333,0.2695,2000
tep,3,0,ACM-SVM,mixed_spurious_timing_late,0.4,1.0,0.2095,2000
tep,3,0,ACM-SVM,mixed_spurious_timing_late,0.5,0.1666667,0.3195,2000
tep,3,0,ACM-SVM,mixed_spurious_timing_late,0.5,0.3333333,0.3195,2000
tep,3,0,ACM-SVM,mixed_spurious_timing_late,0.5,0.5,0.3195,2000
tep,3,0,ACM-SVM,mixed_spurious_timing_late,0.5,0.6666667,0.3195,2000
tep,3,0,ACM-SVM,mixed_spurious_timing_late,0.5,0.8333333,0.234,2000
tep,3,0,ACM-SVM,mixed_spurious_timing_late,0.5,1.0,0.206,2000
tep,3,0,ACM-SVM,mixed_spurious_timing_late,0.6,0.1666667,0.2795,2000
tep,3,0,ACM-SVM,mixed_spurious_timing_late,0.6,0.3333333,0.2795,2000
tep,3,0,ACM-SVM,mixed_spurious_timing_late,0.6,0.5,0.2795,2000
tep,3,0,ACM-SVM,mixed_spurious_timing_late,0.6,0.6666667,0.2795,2000
tep,3,0,ACM-SVM,mixed_spurious_timing_late,0.6,0.8333333,0.2795,2000
tep,3,0,ACM-SVM,mixed_spurious_timing_late,0.6,1.0,0.21,2000
tep,3,0,ACM-SVM,mixed_spurious_timing_late,0.7,0.1666667,0.2635,2000
tep,3,0,ACM-SVM,mixed_spurious_timing_late,0.7,0.3333333,0.2635,2000
tep,3,0,ACM-SVM,mixed_spurious_timing_late,0.7,0.5,0.2635,2000
tep,3,0,ACM-SVM,mixed_spurious_timing_late,0.7,0.6666667,0.2635,2000
tep,3,0,ACM-SVM,mixed_spurious_timing_late,0.7,0.8333333,0.2635,2000
tep,3,0,ACM-SVM,mixed_spurious_timing_late,0.7,1.0,0.2145,2000
tep,3,0,ACM-SVM,mixed_spurious_timing_late,0.8,0.1666667,0.2395,2000
tep,3,0,ACM-SVM,mixed_spurious_timing_late,0.8,0.3333333,0.2395,2000
tep,3,0,ACM-SVM,mixed_spurious_timing_late,0.8,0.5,0.2395,2000
tep,3,0,ACM-SVM,mixed_spurious_timing_late,0.8,0.6666667,0.2395,2000
tep,3,0,ACM-SVM,mixed_spurious_timing_late,0.8,0.8333333,0.2395,2000
tep,3,0,ACM-SVM,mixed_spurious_timing_late,0.8,1.0,0.2225,2000
tep,3,0,ACM-SVM,mixed_spurious_timing_late,0.9,0.1666667,0.2815,2000
tep,3,0,ACM-SVM,mixed_spurious_timing_late,0.9,0.3333333,0.2815,2000
tep,3,0,ACM-SVM,mixed_spurious_timing_late,0.9,0.5,0.2815,2000
tep,3,0,ACM-SVM,mixed_spurious_timing_late,0.9,0.6666667,0.2815,2000
tep,3,0,ACM-SVM,mixed_spurious_timing_late,0.9,0.8333333,0.2815,2000
tep,3,0,ACM-SVM,mixed_spurious_timing_late,0.9,1.0,0.2815,2000
tep,3,0,ACM-SVM,spurious_events,0.0,0.1666667,0.475,2000
tep,3,0,ACM-SVM,spurious_events,0.0,0.3333333,0.475,2000
tep,3,0,ACM-SVM,spurious_events,0.0,0.5,0.625,2000
tep,3,0,ACM-SVM,spurious_events,0.0,0.6666667,0.755,2000
tep,3,0,ACM-SVM,spurious_events,0.0,0.8333333,0.78,2000
tep,3,0,ACM-SVM,spurious_events,0.0,1.0,0.925,2000
tep,3,0,ACM-SVM,spurious_events,0.05,0.1666667,0.487,2000
tep,3,0,ACM-SVM,spurious_events,0.05,0.3333333,0.487,2000
tep,3,0,ACM-SVM,spurious_events,0.05,0.5,0.5995,2000
tep,3,0,ACM-SVM,spurious_events,0.05,0.6666667,0.669,2000
tep,3,0,ACM-SVM,spurious_events,0.05,0.8333333,0.644,2000
tep,3,0,ACM-SVM,spurious_events,0.05,1.0,0.621,2000
tep,3,0,ACM-SVM,spurious_events,0.1,0.1666667,0.4795,2000
tep,3,0,ACM-SVM,spurious_events,0.1,0.3333333,0.4795,2000
tep,3,0,ACM-SVM,spurious_events,0.1,0.5,0.5485,2000
tep,3,0,ACM-SVM,spurious_events,0.1,0.6666667,0.5305,2000
tep,3,0,ACM-SVM,spurious_events,0.1,0.8333333,0.488,2000
tep,3,0,ACM-SVM,spurious_events,0.1,1.0,0.3575,2000
tep,3,0,ACM-SVM,spurious_events,0.15,0.1666667,0.4845,2000
tep,3,0,ACM-SVM,spurious_events,0.15,0.3333333,0.4845,2000
tep,3,0,ACM-SVM,spurious_events,0.15,0.5,0.497,2000
tep,3,0,ACM-SVM,spurious_events,0.15,0.6666667,0.4555,2000
tep,3,0,ACM-SVM,spurious_events,0.15,0.8333333,0.3885,2000
tep,3,0,ACM-SVM,spurious_events,0.15,1.0,0.274,2000
tep,3,0,ACM-SVM,spurious_events,0.2,0.1666667,0.466,2000
tep,3,0,ACM-SVM,spurious_events,0.2,0.3333333,0.466,2000
tep,3,0,ACM-SVM,spurious_events,0.2,0.5,0.4645,2000
tep,3,0,ACM-SVM,spurious_events,0.2,0.6666667,0.382,2000
tep,3,0,ACM-SVM,spurious_events,0.2,0.8333333,0.3125,2000
tep,3,0,ACM-SVM,spurious_events,0.2,1.0,0.2235,2000
tep,3,0,ACM-SVM,spurious_events,0.25,0.1666667,0.4505,2000
tep,3,0,ACM-SVM,spurious_events,0.25,0.3333333,0.4505,2000
tep,3,0,ACM-SVM,spurious_events,0.25,0.5,0.405,2000
tep,3,0,ACM-SVM,spurious_events,0.25,0.6666667,0.3145,2000
tep,3,0,ACM-SVM,spurious_events,0.25,0.8333333,0.2545,2000
tep,3,0,ACM-SVM,spurious_events,0.25,1.0,0.2065,2000
tep,3,0,ACM-SVM,spurious_events,0.3,0.1666667,0.4305,2000
tep,3,0,ACM-SVM,spurious_events,0.3,0.3333333,0.4305,2000
tep,3,0,ACM-SVM,spurious_events,0.3,0.5,0.349,2000
tep,3,0,ACM-SVM,spurious_events,0.3,0.6666667,0.274,2000
tep,3,0,ACM-SVM,spurious_events,0.3,0.8333333,0.235,2000
tep,3,0,ACM-SVM,spurious_events,0.3,1.0,0.203,2000
tep,3,0,ACM-SVM,spurious_events,0.4,0.1666667,0.418,2000
tep,3,0,ACM-SVM,spurious_events,0.4,0.3333333,0.418,2000
tep,3,0,ACM-SVM,spurious_events,0.4,0.5,0.3095,2000
tep,3,0,ACM-SVM,spurious_events,0.4,0.6666667,0.24,2000
tep,3,0,ACM-SVM,spurious_events,0.4,0.8333333,0.211,2000
tep,3,0,ACM-SVM,spurious_events,0.4,1.0,0.2,2000
tep,3,0,ACM-SVM,spurious_events,0.5,0.1666667,0.383,2000
tep,3,0,ACM-SVM,spurious_events,0.5,0.3333333,0.383,2000
tep,3,0,ACM-SVM,spurious_events,0.5,0.5,0.261,2000
tep,3,0,ACM-SVM,spurious_events,0.5,0.6666667,0.213,2000
tep,3,0,ACM-SVM,spurious_events,0.5,0.8333333,0.2025,2000
tep,3,0,ACM-SVM,spurious_events,0.5,1.0,0.2,2000
tep,3,0,ACM-SVM,spurious_events,0.6,0.1666667,0.3505,2000
tep,3,0,ACM-SVM,spurious_events,0.6,0.3333333,0.3505,2000
tep,3,0,ACM-SVM,spurious_events,0.6,0.5,0.24,2000
tep,3,0,ACM-SVM,spurious_events,0.6,0.6666667,0.2095,2000
tep,3,0,ACM-SVM,spurious_events,0.6,0.8333333,0.2025,2000
tep,3,0,ACM-SVM,spurious_events,0.6,1.0,0.2,2000
tep,3,0,ACM-SVM,spurious_events,0.7,0.1666667,0.321,2000
tep,3,0,ACM-SVM,spurious_events,0.7,0.3333333,0.321,2000
tep,3,0,ACM-SVM,spurious_events,0.7,0.5,0.228,2000
tep,3,0,ACM-SVM,spurious_events,0.7,0.6666667,0.2025,2000
tep,3,0,ACM-SVM,spurious_events,0.7,0.8333333,0.2,2000
tep,3,0,ACM-SVM,spurious_events,0.7,1.0,0.2,2000
tep,3,0,ACM-SVM,spurious_events,0.8,0.1666667,0.294,2000
tep,3,0,ACM-SVM,spurious_events,0.8,0.3333333,0.294,2000
tep,3,0,ACM-SVM,spurious_events,0.8,0.5,0.2135,2000
tep,3,0,ACM-SVM,spurious_events,0.8,0.6666667,0.2005,2000
tep,3,0,ACM-SVM,spurious_events,0.8,0.8333333,0.2,2000
tep,3,0,ACM-SVM,spurious_events,0.8,1.0,0.2,2000
tep,3,0,ACM-SVM,spurious_events,0.9,0.1666667,0.2755,2000
tep,3,0,ACM-SVM,spurious_events,0.9,0.3333333,0.2755,2000
tep,3,0,ACM-SVM,spurious_events,0.9,0.5,0.2055,2000
tep,3,0,ACM-SVM,spurious_events,0.9,0.6666667,0.201,2000
tep,3,0,ACM-SVM,spurious_events,0.9,0.8333333,0.2,2000
tep,3,0,ACM-SVM,spurious_events,0.9,1.0,0.2,2000
tep,3,0,ACM-SVM,timing_uncertainty,0.0,0.1666667,0.475,2000
tep,3,0,ACM-SVM,timing_uncertainty,0.0,0.3333333,0.475,2000
tep,3,0,ACM-SVM,timing_uncertainty,0.0,0.5,0.625,2000
tep,3,0,ACM-SVM,timing_uncertainty,0.0,0.6666667,0.755,2000
tep,3,0,ACM-SVM,timing_uncertainty,0.0,0.8333333,0.78,2000
tep,3,0,ACM-SVM,timing_uncertainty,0.0,1.0,0.925,2000
tep,3,0,ACM-SVM,timing_uncertainty,0.05,0.1666667,0.473,2000
tep,3,0,ACM-SVM,timing_uncertainty,0.05,0.3333333,0.473,2000
tep,3,0,ACM-SVM,timing_uncertainty,0.05,0.5,0.624,2000
tep,3,0,ACM-SVM,timing_uncertainty,0.05,0.6666667,0.7555,2000
tep,3,0,ACM-SVM,timing_uncertainty,0.05,0.8333333,0.786,2000
tep,3,0,ACM-SVM,timing_uncertainty,0.05,1.0,0.923,2000
tep,3,0,ACM-SVM,timing_uncertainty,0.1,0.1666667,0.473,2000
tep,3,0,ACM-SVM,timing_uncertainty,0.1,0.3333333,0.473,2000
tep,3,0,ACM-SVM,timing_uncertainty,0.1,0.5,0.6215,2000
tep,3,0,ACM-SVM,timing_uncertainty,0.1,0.6666667,0.75,2000
tep,3,0,ACM-SVM,timing_uncertainty,0.1,0.8333333,0.7875,2000
tep,3,0,ACM-SVM,timing_uncertainty,0.1,1.0,0.92,2000
tep,3,0,ACM-SVM,timing_uncertainty,0.15,0.1666667,0.489,2000
tep,3,0,ACM-SVM,timing_uncertainty,0.15,0.3333333,0.489,2000
tep,3,0,ACM-SVM,timing_uncertainty,0.15,0.5,0.622,2000
tep,3,0,ACM-SVM,timing_uncertainty,0.15,0.6666667,0.744,2000
tep,3,0,ACM-SVM,timing_uncertainty,0.15,0.8333333,0.773,2000
tep,3,0,ACM-SVM,timing_uncertainty,0.15,1.0,0.8145,2000
tep,3,0,ACM-SVM,timing_uncertainty,0.2,0.1666667,0.4945,2000
tep,3,0,ACM-SVM,timing_uncertainty,0.2,0.3333333,0.4945,2000
tep,3,0,ACM-SVM,timing_uncertainty,0.2,0.5,0.6215,2000
tep,3,0,ACM-SVM,timing_uncertainty,0.2,0.6666667,0.7335,2000
tep,3,0,ACM-SVM,timing_uncertainty,0.2,0.8333333,0.734,2000
tep,3,0,ACM-SVM,timing_uncertainty,0.2,1.0,0.7275,2000
tep,3,0,ACM-SVM,timing_uncertainty,0.25,0.1666667,0.5075,2000
tep,3,0,ACM-SVM,timing_uncertainty,0.25,0.3333333,0.5075,2000
tep,3,0,ACM-SVM,timing_uncertainty,0.25,0.5,0.619,2000
tep,3,0,ACM-SVM,timing_uncertainty,0.25,0.6666667,0.7165,2000
tep,3,0,ACM-SVM,timing_uncertainty,0.25,0.8333333,0.699,2000
tep,3,0,ACM-SVM,timing_uncertainty,0.25,1.0,0.66,2000
tep,3,0,ACM-SVM,timing_uncertainty,0.3,0.1666667,0.526,2000
tep,3,0,ACM-SVM,timing_uncertainty,0.3,0.3333333,0.526,2000
tep,3,0,ACM-SVM,timing_uncertainty,0.3,0.5,0.6265,2000
tep,3,0,ACM-SVM,timing_uncertainty,0.3,0.6666667,0.6985,2000
tep,3,0,ACM-SVM,timing_uncertainty,0.3,0.8333333,0.6765,2000
tep,3,0,ACM-SVM,timing_uncertainty,0.3,1.0,0.6105,2000
tep,3,0,ACM-SVM,timing_uncertainty,0.4,0.1666667,0.5345,2000
tep,3,0,ACM-SVM,timing_uncertainty,0.4,0.3333333,0.5345,2000
tep,3,0,ACM-SVM,timing_uncertainty,0.4,0.5,0.6255,2000
tep,3,0,ACM-SVM,timing_uncertainty,0.4,0.6666667,0.6495,2000
tep,3,0,ACM-SVM,timing_uncertainty,0.4,0.8333333,0.615,2000
tep,3,0,ACM-SVM,timing_uncertainty,0.4,1.0,0.544,2000
tep,3,0,ACM-SVM,timing_uncertainty,0.5,0.1666667,0.565,2000
tep,3,0,ACM-SVM,timing_uncertainty,0.5,0.3333333,0.565,2000
tep,3,0,ACM-SVM,timing_uncertainty,0.5,0.5,0.6215,2000
tep,3,0,ACM-SVM,timing_uncertainty,0.5,0.6666667,0.624,2000
tep,3,0,ACM-SVM,timing_uncertainty,0.5,0.8333333,0.564,2000
tep,3,0,ACM-SVM,timing_uncertainty,0.5,1.0,0.4755,2000
tep,3,0,ACM-SVM,timing_uncertainty,0.6,0.1666667,0.5615,2000
tep,3,0,ACM-SVM,timing_uncertainty,0.6,0.3333333,0.5615,2000
tep,3,0,ACM-SVM,timing_uncertainty,0.6,0.5,0.599,2000
tep,3,0,ACM-SVM,timing_uncertainty,0.6,0.6666667,0.573,2000
tep,3,0,ACM-SVM,timing_uncertainty,0.6,0.8333333,0.5165,2000
tep,3,0,ACM-SVM,timing_uncertainty,0.6,1.0,0.444,2000
tep,3,0,ACM-SVM,timing_uncertainty,0.7,0.1666667,0.5575,2000
tep,3,0,ACM-SVM,timing_uncertainty,0.7,0.3333333,0.5575,2000
tep,3,0,ACM-SVM,timing_uncertainty,0.7,0.5,0.5785,2000
tep,3,0,ACM-SVM,timing_uncertainty,0.7,0.6666667,0.5455,2000
tep,3,0,ACM-SVM,timing_uncertainty,0.7,0.8333333,0.485,2000
tep,3,0,ACM-SVM,timing_uncertainty,0.7,1.0,0.3935,2000
tep,3,0,ACM-SVM,timing_uncertainty,0.8,0.1666667,0.5545,2000
tep,3,0,ACM-SVM,timing_uncertainty,0.8,0.3333333,0.5545,2000
tep,3,0,ACM-SVM,timing_uncertainty,0.8,0.5,0.573,2000
tep,3,0,ACM-SVM,timing_uncertainty,0.8,0.6666667,0.5265,2000
tep,3,0,ACM-SVM,timing_uncertainty,0.8,0.8333333,0.473,2000
tep,3,0,ACM-SVM,timing_uncertainty,0.8,1.0,0.378,2000
tep,3,0,ACM-SVM,timing_uncertainty,0.9,0.1666667,0.5365,2000
tep,3,0,ACM-SVM,timing_uncertainty,0.9,0.3333333,0.5365,2000
tep,3,0,ACM-SVM,timing_uncertainty,0.9,0.5,0.5565,2000
tep,3,0,ACM-SVM,timing_uncertainty,0.9,0.6666667,0.5125,2000
tep,3,0,ACM-SVM,timing_uncertainty,0.9,0.8333333,0.454,2000
tep,3,0,ACM-SVM,timing_uncertainty,0.9,1.0,0.3595,2000
tep,3,0,CASIM-prefix,late_time_delay,0.0,0.1666667,0.9,2000
tep,3,0,CASIM-prefix,late_time_delay,0.0,0.3333333,0.9,2000
tep,3,0,CASIM-prefix,late_time_delay,0.0,0.5,0.965,2000
tep,3,0,CASIM-prefix,late_time_delay,0.0,0.6666667,0.995,2000
tep,3,0,CASIM-prefix,late_time_delay,0.0,0.8333333,0.995,2000
tep,3,0,CASIM-prefix,late_time_delay,0.0,1.0,1.0,2000
tep,3,0,CASIM-prefix,late_time_delay,0.05,0.1666667,0.405,2000
tep,3,0,CASIM-prefix,late_time_delay,0.05,0.3333333,0.405,2000
tep,3,0,CASIM-prefix,late_time_delay,0.05,0.5,0.81,2000
tep,3,0,CASIM-prefix,late_time_delay,0.05,0.6666667,0.81,2000
tep,3,0,CASIM-prefix,late_time_delay,0.05,0.8333333,0.81,2000
tep,3,0,CASIM-prefix,late_time_delay,0.05,1.0,0.87,2000
tep,3,0,CASIM-prefix,late_time_delay,0.1,0.1666667,0.35,2000
tep,3,0,CASIM-prefix,late_time_delay,0.1,0.3333333,0.35,2000
tep,3,0,CASIM-prefix,late_time_delay,0.1,0.5,0.755,2000
tep,3,0,CASIM-prefix,late_time_delay,0.1,0.6666667,0.79,2000
tep,3,0,CASIM-prefix,late_time_delay,0.1,0.8333333,0.795,2000
tep,3,0,CASIM-prefix,late_time_delay,0.1,1.0,0.89,2000
tep,3,0,CASIM-prefix,late_time_delay,0.15,0.1666667,0.355,2000
tep,3,0,CASIM-prefix,late_time_delay,0.15,0.3333333,0.355,2000
tep,3,0,CASIM-prefix,late_time_delay,0.15,0.5,0.655,2000
tep,3,0,CASIM-prefix,late_time_delay,0.15,0.6666667,0.75,2000
tep,3,0,CASIM-prefix,late_time_delay,0.15,0.8333333,0.775,2000
tep,3,0,CASIM-prefix,late_time_delay,0.15,1.0,0.89,2000
tep,3,0,CASIM-prefix,late_time_delay,0.2,0.1666667,0.34,2000
tep,3,0,CASIM-prefix,late_time_delay,0.2,0.3333333,0.34,2000
tep,3,0,CASIM-prefix,late_time_delay,0.2,0.5,0.635,2000
tep,3,0,CASIM-prefix,late_time_delay,0.2,0.6666667,0.735,2000
tep,3,0,CASIM-prefix,late_time_delay,0.2,0.8333333,0.735,2000
tep,3,0,CASIM-prefix,late_time_delay,0.2,1.0,0.89,2000
tep,3,0,CASIM-prefix,late_time_delay,0.25,0.1666667,0.37,2000
tep,3,0,CASIM-prefix,late_time_delay,0.25,0.3333333,0.37,2000
tep,3,0,CASIM-prefix,late_time_delay,0.25,0.5,0.6,2000
tep,3,0,CASIM-prefix,late_time_delay,0.25,0.6666667,0.6,2000
tep,3,0,CASIM-prefix,late_time_delay,0.25,0.8333333,0.545,2000
tep,3,0,CASIM-prefix,late_time_delay,0.25,1.0,0.87,2000
tep,3,0,CASIM-prefix,late_time_delay,0.3,0.1666667,0.385,2000
tep,3,0,CASIM-prefix,late_time_delay,0.3,0.3333333,0.385,2000
tep,3,0,CASIM-prefix,late_time_delay,0.3,0.5,0.595,2000
tep,3,0,CASIM-prefix,late_time_delay,0.3,0.6666667,0.595,2000
tep,3,0,CASIM-prefix,late_time_delay,0.3,0.8333333,0.525,2000
tep,3,0,CASIM-prefix,late_time_delay,0.3,1.0,0.835,2000
tep,3,0,CASIM-prefix,late_time_delay,0.4,0.1666667,0.435,2000
tep,3,0,CASIM-prefix,late_time_delay,0.4,0.3333333,0.435,2000
tep,3,0,CASIM-prefix,late_time_delay,0.4,0.5,0.435,2000
tep,3,0,CASIM-prefix,late_time_delay,0.4,0.6666667,0.405,2000
tep,3,0,CASIM-prefix,late_time_delay,0.4,0.8333333,0.405,2000
tep,3,0,CASIM-prefix,late_time_delay,0.4,1.0,0.72,2000
tep,3,0,CASIM-prefix,late_time_delay,0.5,0.1666667,0.445,2000
tep,3,0,CASIM-prefix,late_time_delay,0.5,0.3333333,0.445,2000
tep,3,0,CASIM-prefix,late_time_delay,0.5,0.5,0.445,2000
tep,3,0,CASIM-prefix,late_time_delay,0.5,0.6666667,0.445,2000
tep,3,0,CASIM-prefix,late_time_delay,0.5,0.8333333,0.28,2000
tep,3,0,CASIM-prefix,late_time_delay,0.5,1.0,0.47,2000
tep,3,0,CASIM-prefix,late_time_delay,0.6,0.1666667,0.37,2000
tep,3,0,CASIM-prefix,late_time_delay,0.6,0.3333333,0.37,2000
tep,3,0,CASIM-prefix,late_time_delay,0.6,0.5,0.37,2000
tep,3,0,CASIM-prefix,late_time_delay,0.6,0.6666667,0.37,2000
tep,3,0,CASIM-prefix,late_time_delay,0.6,0.8333333,0.37,2000
tep,3,0,CASIM-prefix,late_time_delay,0.6,1.0,0.34,2000
tep,3,0,CASIM-prefix,late_time_delay,0.7,0.1666667,0.26,2000
tep,3,0,CASIM-prefix,late_time_delay,0.7,0.3333333,0.26,2000
tep,3,0,CASIM-prefix,late_time_delay,0.7,0.5,0.26,2000
tep,3,0,CASIM-prefix,late_time_delay,0.7,0.6666667,0.26,2000
tep,3,0,CASIM-prefix,late_time_delay,0.7,0.8333333,0.26,2000
tep,3,0,CASIM-prefix,late_time_delay,0.7,1.0,0.265,2000
tep,3,0,CASIM-prefix,late_time_delay,0.8,0.1666667,0.21,2000
tep,3,0,CASIM-prefix,late_time_delay,0.8,0.3333333,0.21,2000
tep,3,0,CASIM-prefix,late_time_delay,0.8,0.5,0.21,2000
tep,3,0,CASIM-prefix,late_time_delay,0.8,0.6666667,0.21,2000
tep,3,0,CASIM-prefix,late_time_delay,0.8,0.8333333,0.21,2000
tep,3,0,CASIM-prefix,late_time_delay,0.8,1.0,0.225,2000
tep,3,0,CASIM-prefix,late_time_delay,0.9,0.1666667,0.205,2000
tep,3,0,CASIM-prefix,late_time_delay,0.9,0.3333333,0.205,2000
tep,3,0,CASIM-prefix,late_time_delay,0.9,0.5,0.205,2000
tep,3,0,CASIM-prefix,late_time_delay,0.9,0.6666667,0.205,2000
tep,3,0,CASIM-prefix,late_time_delay,0.9,0.8333333,0.205,2000
tep,3,0,CASIM-prefix,late_time_delay,0.9,1.0,0.205,2000
tep,3,0,CASIM-prefix,missing_events,0.0,0.1666667,0.9,2000
tep,3,0,CASIM-prefix,missing_events,0.0,0.3333333,0.9,2000
tep,3,0,CASIM-prefix,missing_events,0.0,0.5,0.965,2000
tep,3,0,CASIM-prefix,missing_events,0.0,0.6666667,0.995,2000
tep,3,0,CASIM-prefix,missing_events,0.0,0.8333333,0.995,2000
tep,3,0,CASIM-prefix,missing_events,0.0,1.0,1.0,2000
tep,3,0,CASIM-prefix,missing_events,0.05,0.1666667,0.8795,2000
tep,3,0,CASIM-prefix,missing_events,0.05,0.3333333,0.8795,2000
tep,3,0,CASIM-prefix,missing_events,0.05,0.5,0.947,2000
tep,3,0,CASIM-prefix,missing_events,0.05,0.6666667,0.9845,2000
tep,3,0,CASIM-prefix,missing_events,0.05,0.8333333,0.989,2000
tep,3,0,CASIM-prefix,missing_events,0.05,1.0,0.9905,2000
tep,3,0,CASIM-prefix,missing_events,0.1,0.1666667,0.845,2000
tep,3,0,CASIM-prefix,missing_events,0.1,0.3333333,0.845,2000
tep,3,0,CASIM-prefix,missing_events,0.1,0.5,0.931,2000
tep,3,0,CASIM-prefix,missing_events,0.1,0.6666667,0.9665,2000
tep,3,0,CASIM-prefix,missing_events,0.1,0.8333333,0.974,2000
tep,3,0,CASIM-prefix,missing_events,0.1,1.0,0.977,2000
tep,3,0,CASIM-prefix,missing_events,0.15,0.1666667,0.812,2000
tep,3,0,CASIM-prefix,missing_events,0.15,0.3333333,0.812,2000
tep,3,0,CASIM-prefix,missing_events,0.15,0.5,0.9105,2000
tep,3,0,CASIM-prefix,missing_events,0.15,0.6666667,0.951,2000
tep,3,0,CASIM-prefix,missing_events,0.15,0.8333333,0.9545,2000
tep,3,0,CASIM-prefix,missing_events,0.15,1.0,0.961,2000
tep,3,0,CASIM-prefix,missing_events,0.2,0.1666667,0.7865,2000
tep,3,0,CASIM-prefix,missing_events,0.2,0.3333333,0.7865,2000
tep,3,0,CASIM-prefix,missing_events,0.2,0.5,0.885,2000
tep,3,0,CASIM-prefix,missing_events,0.2,0.6666667,0.94,2000
tep,3,0,CASIM-prefix,missing_events,0.2,0.8333333,0.941,2000
tep,3,0,CASIM-prefix,missing_events,0.2,1.0,0.9475,2000
tep,3,0,CASIM-prefix,missing_events,0.25,0.1666667,0.756,2000
tep,3,0,CASIM-prefix,missing_events,0.25,0.3333333,0.756,2000
tep,3,0,CASIM-prefix,missing_events,0.25,0.5,0.8545,2000
tep,3,0,CASIM-prefix,missing_events,0.25,0.6666667,0.9075,2000
tep,3,0,CASIM-prefix,missing_events,0.25,0.8333333,0.9105,2000
tep,3,0,CASIM-prefix,missing_events,0.25,1.0,0.927,2000
tep,3,0,CASIM-prefix,missing_events,0.3,0.1666667,0.731,2000
tep,3,0,CASIM-prefix,missing_events,0.3,0.3333333,0.731,2000
tep,3,0,CASIM-prefix,missing_events,0.3,0.5,0.8265,2000
tep,3,0,CASIM-prefix,missing_events,0.3,0.6666667,0.899,2000
tep,3,0,CASIM-prefix,missing_events,0.3,0.8333333,0.9,2000
tep,3,0,CASIM-prefix,missing_events,0.3,1.0,0.9195,2000
tep,3,0,CASIM-prefix,missing_events,0.4,0.1666667,0.6635,2000
tep,3,0,CASIM-prefix,missing_events,0.4,0.3333333,0.6635,2000
tep,3,0,CASIM-prefix,missing_events,0.4,0.5,0.774,2000
tep,3,0,CASIM-prefix,missing_events,0.4,0.6666667,0.826,2000
tep,3,0,CASIM-prefix,missing_events,0.4,0.8333333,0.8425,2000
tep,3,0,CASIM-prefix,missing_events,0.4,1.0,0.8645,2000
tep,3,0,CASIM-prefix,missing_events,0.5,0.1666667,0.59,2000
tep,3,0,CASIM-prefix,missing_events,0.5,0.3333333,0.59,2000
tep,3,0,CASIM-prefix,missing_events,0.5,0.5,0.67,2000
tep,3,0,CASIM-prefix,missing_events,0.5,0.6666667,0.752,2000
tep,3,0,CASIM-prefix,missing_events,0.5,0.8333333,0.746,2000
tep,3,0,CASIM-prefix,missing_events,0.5,1.0,0.7665,2000
tep,3,0,CASIM-prefix,missing_events,0.6,0.1666667,0.5335,2000
tep,3,0,CASIM-prefix,missing_events,0.6,0.3333333,0.5335,2000
tep,3,0,CASIM-prefix,missing_events,0.6,0.5,0.593,2000
tep,3,0,CASIM-prefix,missing_events,0.6,0.6666667,0.672,2000
tep,3,0,CASIM-prefix,missing_events,0.6,0.8333333,0.673,2000
tep,3,0,CASIM-prefix,missing_events,0.6,1.0,0.706,2000
tep,3,0,CASIM-prefix,missing_events,0.7,0.1666667,0.4565,2000
tep,3,0,CASIM-prefix,missing_events,0.7,0.3333333,0.4565,2000
tep,3,0,CASIM-prefix,missing_events,0.7,0.5,0.504,2000
tep,3,0,CASIM-prefix,missing_events,0.7,0.6666667,0.572,2000
tep,3,0,CASIM-prefix,missing_events,0.7,0.8333333,0.562,2000
tep,3,0,CASIM-prefix,missing_events,0.7,1.0,0.5845,2000
tep,3,0,CASIM-prefix,missing_events,0.8,0.1666667,0.3825,2000
tep,3,0,CASIM-prefix,missing_events,0.8,0.3333333,0.3825,2000
tep,3,0,CASIM-prefix,missing_events,0.8,0.5,0.394,2000
tep,3,0,CASIM-prefix,missing_events,0.8,0.6666667,0.439,2000
tep,3,0,CASIM-prefix,missing_events,0.8,0.8333333,0.4085,2000
tep,3,0,CASIM-prefix,missing_events,0.8,1.0,0.448,2000
tep,3,0,CASIM-prefix,missing_events,0.9,0.1666667,0.305,2000
tep,3,0,CASIM-prefix,missing_events,0.9,0.3333333,0.305,2000
tep,3,0,CASIM-prefix,missing_events,0.9,0.5,0.2675,2000
tep,3,0,CASIM-prefix,missing_events,0.9,0.6666667,0.276,2000
tep,3,0,CASIM-prefix,missing_events,0.9,0.8333333,0.2825,2000
tep,3,0,CASIM-prefix,missing_events,0.9,1.0,0.3125,2000
tep,3,0,CASIM-prefix,mixed_missing_spurious,0.0,0.1666667,0.9,2000
tep,3,0,CASIM-prefix,mixed_missing_spurious,0.0,0.3333333,0.9,2000
tep,3,0,CASIM-prefix,mixed_missing_spurious,0.0,0.5,0.965,2000
tep,3,0,CASIM-prefix,mixed_missing_spurious,0.0,0.6666667,0.995,2000
tep,3,0,CASIM-prefix,mixed_missing_spurious,0.0,0.8333333,0.995,2000
tep,3,0,CASIM-prefix,mixed_missing_spurious,0.0,1.0,1.0,2000
tep,3,0,CASIM-prefix,mixed_missing_spurious,0.05,0.1666667,0.868,2000
tep,3,0,CASIM-prefix,mixed_missing_spurious,0.05,0.3333333,0.868,2000
tep,3,0,CASIM-prefix,mixed_missing_spurious,0.05,0.5,0.9355,2000
tep,3,0,CASIM-prefix,mixed_missing_spurious,0.05,0.6666667,0.9825,2000
tep,3,0,CASIM-prefix,mixed_missing_spurious,0.05,0.8333333,0.978,2000
tep,3,0,CASIM-prefix,mixed_missing_spurious,0.05,1.0,0.987,2000
tep,3,0,CASIM-prefix,mixed_missing_spurious,0.1,0.1666667,0.822,2000
tep,3,0,CASIM-prefix,mixed_missing_spurious,0.1,0.3333333,0.822,2000
tep,3,0,CASIM-prefix,mixed_missing_spurious,0.1,0.5,0.895,2000
tep,3,0,CASIM-prefix,mixed_missing_spurious,0.1,0.6666667,0.9505,2000
tep,3,0,CASIM-prefix,mixed_missing_spurious,0.1,0.8333333,0.949,2000
tep,3,0,CASIM-prefix,mixed_missing_spurious,0.1,1.0,0.968,2000
tep,3,0,CASIM-prefix,mixed_missing_spurious,0.15,0.1666667,0.7925,2000
tep,3,0,CASIM-prefix,mixed_missing_spurious,0.15,0.3333333,0.7925,2000
tep,3,0,CASIM-prefix,mixed_missing_spurious,0.15,0.5,0.867,2000
tep,3,0,CASIM-prefix,mixed_missing_spurious,0.15,0.6666667,0.9185,2000
tep,3,0,CASIM-prefix,mixed_missing_spurious,0.15,0.8333333,0.916,2000
tep,3,0,CASIM-prefix,mixed_missing_spurious,0.15,1.0,0.9395,2000
tep,3,0,CASIM-prefix,mixed_missing_spurious,0.2,0.1666667,0.7685,2000
tep,3,0,CASIM-prefix,mixed_missing_spurious,0.2,0.3333333,0.7685,2000
tep,3,0,CASIM-prefix,mixed_missing_spurious,0.2,0.5,0.8225,2000
tep,3,0,CASIM-prefix,mixed_missing_spurious,0.2,0.6666667,0.8695,2000
tep,3,0,CASIM-prefix,mixed_missing_spurious,0.2,0.8333333,0.901,2000
tep,3,0,CASIM-prefix,mixed_missing_spurious,0.2,1.0,0.9025,2000
tep,3,0,CASIM-prefix,mixed_missing_spurious,0.25,0.1666667,0.728,2000
tep,3,0,CASIM-prefix,mixed_missing_spurious,0.25,0.3333333,0.728,2000
tep,3,0,CASIM-prefix,mixed_missing_spurious,0.25,0.5,0.7945,2000
tep,3,0,CASIM-prefix,mixed_missing_spurious,0.25,0.6666667,0.851,2000
tep,3,0,CASIM-prefix,mixed_missing_spurious,0.25,0.8333333,0.859,2000
tep,3,0,CASIM-prefix,mixed_missing_spurious,0.25,1.0,0.8745,2000
tep,3,0,CASIM-prefix,mixed_missing_spurious,0.3,0.1666667,0.7115,2000
tep,3,0,CASIM-prefix,mixed_missing_spurious,0.3,0.3333333,0.7115,2000
tep,3,0,CASIM-prefix,mixed_missing_spurious,0.3,0.5,0.771,2000
tep,3,0,CASIM-prefix,mixed_missing_spurious,0.3,0.6666667,0.8095,2000
tep,3,0,CASIM-prefix,mixed_missing_spurious,0.3,0.8333333,0.829,2000
tep,3,0,CASIM-prefix,mixed_missing_spurious,0.3,1.0,0.8525,2000
tep,3,0,CASIM-prefix,mixed_missing_spurious,0.4,0.1666667,0.624,2000
tep,3,0,CASIM-prefix,mixed_missing_spurious,0.4,0.3333333,0.624,2000
tep,3,0,CASIM-prefix,mixed_missing_spurious,0.4,0.5,0.683,2000
tep,3,0,CASIM-prefix,mixed_missing_spurious,0.4,0.6666667,0.753,2000
tep,3,0,CASIM-prefix,mixed_missing_spurious,0.4,0.8333333,0.776,2000
tep,3,0,CASIM-prefix,mixed_missing_spurious,0.4,1.0,0.7865,2000
tep,3,0,CASIM-prefix,mixed_missing_spurious,0.5,0.1666667,0.585,2000
tep,3,0,CASIM-prefix,mixed_missing_spurious,0.5,0.3333333,0.585,2000
tep,3,0,CASIM-prefix,mixed_missing_spurious,0.5,0.5,0.6225,2000
tep,3,0,CASIM-prefix,mixed_missing_spurious,0.5,0.6666667,0.694,2000
tep,3,0,CASIM-prefix,mixed_missing_spurious,0.5,0.8333333,0.7065,2000
tep,3,0,CASIM-prefix,mixed_missing_spurious,0.5,1.0,0.715,2000
tep,3,0,CASIM-prefix,mixed_missing_spurious,0.6,0.1666667,0.5365,2000
tep,3,0,CASIM-prefix,mixed_missing_spurious,0.6,0.3333333,0.5365,2000
tep,3,0,CASIM-prefix,mixed_missing_spurious,0.6,0.5,0.573,2000
tep,3,0,CASIM-prefix,mixed_missing_spurious,0.6,0.6666667,0.6585,2000
tep,3,0,CASIM-prefix,mixed_missing_spurious,0.6,0.8333333,0.6385,2000
tep,3,0,CASIM-prefix,mixed_missing_spurious,0.6,1.0,0.634,2000
tep,3,0,CASIM-prefix,mixed_missing_spurious,0.7,0.1666667,0.454,2000
tep,3,0,CASIM-prefix,mixed_missing_spurious,0.7,0.3333333,0.454,2000
tep,3,0,CASIM-prefix,mixed_missing_spurious,0.7,0.5,0.4755,2000
tep,3,0,CASIM-prefix,mixed_missing_spurious,0.7,0.6666667,0.566,2000
tep,3,0,CASIM-prefix,mixed_missing_spurious,0.7,0.8333333,0.5365,2000
tep,3,0,CASIM-prefix,mixed_missing_spurious,0.7,1.0,0.5785,2000
tep,3,0,CASIM-prefix,mixed_missing_spurious,0.8,0.1666667,0.416,2000
tep,3,0,CASIM-prefix,mixed_missing_spurious,0.8,0.3333333,0.416,2000
tep,3,0,CASIM-prefix,mixed_missing_spurious,0.8,0.5,0.418,2000
tep,3,0,CASIM-prefix,mixed_missing_spurious,0.8,0.6666667,0.499,2000
tep,3,0,CASIM-prefix,mixed_missing_spurious,0.8,0.8333333,0.4625,2000
tep,3,0,CASIM-prefix,mixed_missing_spurious,0.8,1.0,0.505,2000
tep,3,0,CASIM-prefix,mixed_missing_spurious,0.9,0.1666667,0.2995,2000
tep,3,0,CASIM-prefix,mixed_missing_spurious,0.9,0.3333333,0.2995,2000
tep,3,0,CASIM-prefix,mixed_missing_spurious,0.9,0.5,0.3105,2000
tep,3,0,CASIM-prefix,mixed_missing_spurious,0.9,0.6666667,0.3745,2000
tep,3,0,CASIM-prefix,mixed_missing_spurious,0.9,0.8333333,0.3105,2000
tep,3,0,CASIM-prefix,mixed_missing_spurious,0.9,1.0,0.376,2000
tep,3,0,CASIM-prefix,mixed_spurious_timing_late,0.0,0.1666667,0.9,2000
tep,3,0,CASIM-prefix,mixed_spurious_timing_late,0.0,0.3333333,0.9,2000
tep,3,0,CASIM-prefix,mixed_spurious_timing_late,0.0,0.5,0.965,2000
tep,3,0,CASIM-prefix,mixed_spurious_timing_late,0.0,0.6666667,0.995,2000
tep,3,0,CASIM-prefix,mixed_spurious_timing_late,0.0,0.8333333,0.995,2000
tep,3,0,CASIM-prefix,mixed_spurious_timing_late,0.0,1.0,1.0,2000
tep,3,0,CASIM-prefix,mixed_spurious_timing_late,0.05,0.1666667,0.403,2000
tep,3,0,CASIM-prefix,mixed_spurious_timing_late,0.05,0.3333333,0.403,2000
tep,3,0,CASIM-prefix,mixed_spurious_timing_late,0.05,0.5,0.771,2000
tep,3,0,CASIM-prefix,mixed_spurious_timing_late,0.05,0.6666667,0.816,2000
tep,3,0,CASIM-prefix,mixed_spurious_timing_late,0.05,0.8333333,0.807,2000
tep,3,0,CASIM-prefix,mixed_spurious_timing_late,0.05,1.0,0.9005,2000
tep,3,0,CASIM-prefix,mixed_spurious_timing_late,0.1,0.1666667,0.3565,2000
tep,3,0,CASIM-prefix,mixed_spurious_timing_late,0.1,0.3333333,0.3565,2000
tep,3,0,CASIM-prefix,mixed_spurious_timing_late,0.1,0.5,0.697,2000
tep,3,0,CASIM-prefix,mixed_spurious_timing_late,0.1,0.6666667,0.7955,2000
tep,3,0,CASIM-prefix,mixed_spurious_timing_late,0.1,0.8333333,0.786,2000
tep,3,0,CASIM-prefix,mixed_spurious_timing_late,0.1,1.0,0.888,2000
tep,3,0,CASIM-prefix,mixed_spurious_timing_late,0.15,0.1666667,0.339,2000
tep,3,0,CASIM-prefix,mixed_spurious_timing_late,0.15,0.3333333,0.339,2000
tep,3,0,CASIM-prefix,mixed_spurious_timing_late,0.15,0.5,0.573,2000
tep,3,0,CASIM-prefix,mixed_spurious_timing_late,0.15,0.6666667,0.7435,2000
tep,3,0,CASIM-prefix,mixed_spurious_timing_late,0.15,0.8333333,0.747,2000
tep,3,0,CASIM-prefix,mixed_spurious_timing_late,0.15,1.0,0.829,2000
tep,3,0,CASIM-prefix,mixed_spurious_timing_late,0.2,0.1666667,0.34,2000
tep,3,0,CASIM-prefix,mixed_spurious_timing_late,0.2,0.3333333,0.34,2000
tep,3,0,CASIM-prefix,mixed_spurious_timing_late,0.2,0.5,0.534,2000
tep,3,0,CASIM-prefix,mixed_spurious_timing_late,0.2,0.6666667,0.66,2000
tep,3,0,CASIM-prefix,mixed_spurious_timing_late,0.2,0.8333333,0.66,2000
tep,3,0,CASIM-prefix,mixed_spurious_timing_late,0.2,1.0,0.812,2000
tep,3,0,CASIM-prefix,mixed_spurious_timing_late,0.25,0.1666667,0.3495,2000
tep,3,0,CASIM-prefix,mixed_spurious_timing_late,0.25,0.3333333,0.3495,2000
tep,3,0,CASIM-prefix,mixed_spurious_timing_late,0.25,0.5,0.511,2000
tep,3,0,CASIM-prefix,mixed_spurious_timing_late,0.25,0.6666667,0.511,2000
tep,3,0,CASIM-prefix,mixed_spurious_timing_late,0.25,0.8333333,0.503,2000
tep,3,0,CASIM-prefix,mixed_spurious_timing_late,0.25,1.0,0.745,2000
tep,3,0,CASIM-prefix,mixed_spurious_timing_late,0.3,0.1666667,0.33,2000
tep,3,0,CASIM-prefix,mixed_spurious_timing_late,0.3,0.3333333,0.33,2000
tep,3,0,CASIM-prefix,mixed_spurious_timing_late,0.3,0.5,0.457,2000
tep,3,0,CASIM-prefix,mixed_spurious_timing_late,0.3,0.6666667,0.457,2000
tep,3,0,CASIM-prefix,mixed_spurious_timing_late,0.3,0.8333333,0.4375,2000
tep,3,0,CASIM-prefix,mixed_spurious_timing_late,0.3,1.0,0.7135,2000
tep,3,0,CASIM-prefix,mixed_spurious_timing_late,0.4,0.1666667,0.3565,2000
tep,3,0,CASIM-prefix,mixed_spurious_timing_late,0.4,0.3333333,0.3565,2000
tep,3,0,CASIM-prefix,mixed_spurious_timing_late,0.4,0.5,0.3565,2000
tep,3,0,CASIM-prefix,mixed_spurious_timing_late,0.4,0.6666667,0.3775,2000
tep,3,0,CASIM-prefix,mixed_spurious_timing_late,0.4,0.8333333,0.3775,2000
tep,3,0,CASIM-prefix,mixed_spurious_timing_late,0.4,1.0,0.5635,2000
tep,3,0,CASIM-prefix,mixed_spurious_timing_late,0.5,0.1666667,0.3735,2000
tep,3,0,CASIM-prefix,mixed_spurious_timing_late,0.5,0.3333333,0.3735,2000
tep,3,0,CASIM-prefix,mixed_spurious_timing_late,0.5,0.5,0.3735,2000
tep,3,0,CASIM-prefix,mixed_spurious_timing_late,0.5,0.6666667,0.3735,2000
tep,3,0,CASIM-prefix,mixed_spurious_timing_late,0.5,0.8333333,0.2765,2000
tep,3,0,CASIM-prefix,mixed_spurious_timing_late,0.5,1.0,0.451,2000
tep,3,0,CASIM-prefix,mixed_spurious_timing_late,0.6,0.1666667,0.3645,2000
tep,3,0,CASIM-prefix,mixed_spurious_timing_late,0.6,0.3333333,0.3645,2000
tep,3,0,CASIM-prefix,mixed_spurious_timing_late,0.6,0.5,0.3645,2000
tep,3,0,CASIM-prefix,mixed_spurious_timing_late,0.6,0.6666667,0.3645,2000
tep,3,0,CASIM-prefix,mixed_spurious_timing_late,0.6,0.8333333,0.3645,2000
tep,3,0,CASIM-prefix,mixed_spurious_timing_late,0.6,1.0,0.363,2000
tep,3,0,CASIM-prefix,mixed_spurious_timing_late,0.7,0.1666667,0.318,2000
tep,3,0,CASIM-prefix,mixed_spurious_timing_late,0.7,0.3333333,0.318,2000
tep,3,0,CASIM-prefix,mixed_spurious_timing_late,0.7,0.5,0.318,2000
tep,3,0,CASIM-prefix,mixed_spurious_timing_late,0.7,0.6666667,0.318,2000
tep,3,0,CASIM-prefix,mixed_spurious_timing_late,0.7,0.8333333,0.318,2000
tep,3,0,CASIM-prefix,mixed_spurious_timing_late,0.7,1.0,0.2915,2000
tep,3,0,CASIM-prefix,mixed_spurious_timing_late,0.8,0.1666667,0.2395,2000
tep,3,0,CASIM-prefix,mixed_spurious_timing_late,0.8,0.3333333,0.2395,2000
tep,3,0,CASIM-prefix,mixed_spurious_timing_late,0.8,0.5,0.2395,2000
tep,3,0,CASIM-prefix,mixed_spurious_timing_late,0.8,0.6666667,0.2395,2000
tep,3,0,CASIM-prefix,mixed_spurious_timing_late,0.8,0.8333333,0.2395,2000
tep,3,0,CASIM-prefix,mixed_spurious_timing_late,0.8,1.0,0.259,2000
tep,3,0,CASIM-prefix,mixed_spurious_timing_late,0.9,0.1666667,0.214,2000
tep,3,0,CASIM-prefix,mixed_spurious_timing_late,0.9,0.3333333,0.214,2000
tep,3,0,CASIM-prefix,mixed_spurious_timing_late,0.9,0.5,0.214,2000
tep,3,0,CASIM-prefix,mixed_spurious_timing_late,0.9,0.6666667,0.214,2000
tep,3,0,CASIM-prefix,mixed_spurious_timing_late,0.9,0.8333333,0.214,2000
tep,3,0,CASIM-prefix,mixed_spurious_timing_late,0.9,1.0,0.214,2000
tep,3,0,CASIM-prefix,spurious_events,0.0,0.1666667,0.9,2000
tep,3,0,CASIM-prefix,spurious_events,0.0,0.3333333,0.9,2000
tep,3,0,CASIM-prefix,spurious_events,0.0,0.5,0.965,2000
tep,3,0,CASIM-prefix,spurious_events,0.0,0.6666667,0.995,2000
tep,3,0,CASIM-prefix,spurious_events,0.0,0.8333333,0.995,2000
tep,3,0,CASIM-prefix,spurious_events,0.0,1.0,1.0,2000
tep,3,0,CASIM-prefix,spurious_events,0.05,0.1666667,0.8935,2000
tep,3,0,CASIM-prefix,spurious_events,0.05,0.3333333,0.8935,2000
tep,3,0,CASIM-prefix,spurious_events,0.05,0.5,0.9495,2000
tep,3,0,CASIM-prefix,spurious_events,0.05,0.6666667,0.9905,2000
tep,3,0,CASIM-prefix,spurious_events,0.05,0.8333333,0.9835,2000
tep,3,0,CASIM-prefix,spurious_events,0.05,1.0,0.993,2000
tep,3,0,CASIM-prefix,spurious_events,0.1,0.1666667,0.8895,2000
tep,3,0,CASIM-prefix,spurious_events,0.1,0.3333333,0.8895,2000
tep,3,0,CASIM-prefix,spurious_events,0.1,0.5,0.9265,2000
tep,3,0,CASIM-prefix,spurious_events,0.1,0.6666667,0.974,2000
tep,3,0,CASIM-prefix,spurious_events,0.1,0.8333333,0.97,2000
tep,3,0,CASIM-prefix,spurious_events,0.1,1.0,0.9845,2000
tep,3,0,CASIM-prefix,spurious_events,0.15,0.1666667,0.8645,2000
tep,3,0,CASIM-prefix,spurious_events,0.15,0.3333333,0.8645,2000
tep,3,0,CASIM-prefix,spurious_events,0.15,0.5,0.8915,2000
tep,3,0,CASIM-prefix,spurious_events,0.15,0.6666667,0.941,2000
tep,3,0,CASIM-prefix,spurious_events,0.15,0.8333333,0.949,2000
tep,3,0,CASIM-prefix,spurious_events,0.15,1.0,0.9675,2000
tep,3,0,CASIM-prefix,spurious_events,0.2,0.1666667,0.8535,2000
tep,3,0,CASIM-prefix,spurious_events,0.2,0.3333333,0.8535,2000
tep,3,0,CASIM-prefix,spurious_events,0.2,0.5,0.8805,2000
tep,3,0,CASIM-prefix,spurious_events,0.2,0.6666667,0.92,2000
tep,3,0,CASIM-prefix,spurious_events,0.2,0.8333333,0.927,2000
tep,3,0,CASIM-prefix,spurious_events,0.2,1.0,0.945,2000
tep,3,0,CASIM-prefix,spurious_events,0.25,0.1666667,0.8395,2000
tep,3,0,CASIM-prefix,spurious_events,0.25,0.3333333,0.8395,2000
tep,3,0,CASIM-prefix,spurious_events,0.25,0.5,0.8405,2000
tep,3,0,CASIM-prefix,spurious_events,0.25,0.6666667,0.8755,2000
tep,3,0,CASIM-prefix,spurious_events,0.25,0.8333333,0.9045,2000
tep,3,0,CASIM-prefix,spurious_events,0.25,1.0,0.9125,2000
tep,3,0,CASIM-prefix,spurious_events,0.3,0.1666667,0.829,2000
tep,3,0,CASIM-prefix,spurious_events,0.3,0.3333333,0.829,2000
tep,3,0,CASIM-prefix,spurious_events,0.3,0.5,0.832,2000
tep,3,0,CASIM-prefix,spurious_events,0.3,0.6666667,0.8355,2000
tep,3,0,CASIM-prefix,spurious_events,0.3,0.8333333,0.8945,2000
tep,3,0,CASIM-prefix,spurious_events,0.3,1.0,0.877,2000
tep,3,0,CASIM-prefix,spurious_events,0.4,0.1666667,0.802,2000
tep,3,0,CASIM-prefix,spurious_events,0.4,0.3333333,0.802,2000
tep,3,0,CASIM-prefix,spurious_events,0.4,0.5,0.789,2000
tep,3,0,CASIM-prefix,spurious_events,0.4,0.6666667,0.7605,2000
tep,3,0,CASIM-prefix,spurious_events,0.4,0.8333333,0.8395,2000
tep,3,0,CASIM-prefix,spurious_events,0.4,1.0,0.825,2000
tep,3,0,CASIM-prefix,spurious_events,0.5,0.1666667,0.777,2000
tep,3,0,CASIM-prefix,spurious_events,0.5,0.3333333,0.777,2000
tep,3,0,CASIM-prefix,spurious_events,0.5,0.5,0.7425,2000
tep,3,0,CASIM-prefix,spurious_events,0.5,0.6666667,0.683,2000
tep,3,0,CASIM-prefix,spurious_events,0.5,0.8333333,0.791,2000
tep,3,0,CASIM-prefix,spurious_events,0.5,1.0,0.772,2000
tep,3,0,CASIM-prefix,spurious_events,0.6,0.1666667,0.7485,2000
tep,3,0,CASIM-prefix,spurious_events,0.6,0.3333333,0.7485,2000
tep,3,0,CASIM-prefix,spurious_events,0.6,0.5,0.69,2000
tep,3,0,CASIM-prefix,spurious_events,0.6,0.6666667,0.624,2000
tep,3,0,CASIM-prefix,spurious_events,0.6,0.8333333,0.725,2000
tep,3,0,CASIM-prefix,spurious_events,0.6,1.0,0.73,2000
tep,3,0,CASIM-prefix,spurious_events,0.7,0.1666667,0.7305,2000
tep,3,0,CASIM-prefix,spurious_events,0.7,0.3333333,0.7305,2000
tep,3,0,CASIM-prefix,spurious_events,0.7,0.5,0.683,2000
tep,3,0,CASIM-prefix,spurious_events,0.7,0.6666667,0.5795,2000
tep,3,0,CASIM-prefix,spurious_events,0.7,0.8333333,0.713,2000
tep,3,0,CASIM-prefix,spurious_events,0.7,1.0,0.6775,2000
tep,3,0,CASIM-prefix,spurious_events,0.8,0.1666667,0.7005,2000
tep,3,0,CASIM-prefix,spurious_events,0.8,0.3333333,0.7005,2000
tep,3,0,CASIM-prefix,spurious_events,0.8,0.5,0.6405,2000
tep,3,0,CASIM-prefix,spurious_events,0.8,0.6666667,0.5275,2000
tep,3,0,CASIM-prefix,spurious_events,0.8,0.8333333,0.67,2000
tep,3,0,CASIM-prefix,spurious_events,0.8,1.0,0.659,2000
tep,3,0,CASIM-prefix,spurious_events,0.9,0.1666667,0.6785,2000
tep,3,0,CASIM-prefix,spurious_events,0.9,0.3333333,0.6785,2000
tep,3,0,CASIM-prefix,spurious_events,0.9,0.5,0.612,2000
tep,3,0,CASIM-prefix,spurious_events,0.9,0.6666667,0.491,2000
tep,3,0,CASIM-prefix,spurious_events,0.9,0.8333333,0.6425,2000
tep,3,0,CASIM-prefix,spurious_events,0.9,1.0,0.6165,2000
tep,3,0,CASIM-prefix,timing_uncertainty,0.0,0.1666667,0.9,2000
tep,3,0,CASIM-prefix,timing_uncertainty,0.0,0.3333333,0.9,2000
tep,3,0,CASIM-prefix,timing_uncertainty,0.0,0.5,0.965,2000
tep,3,0,CASIM-prefix,timing_uncertainty,0.0,0.6666667,0.995,2000
tep,3,0,CASIM-prefix,timing_uncertainty,0.0,0.8333333,0.995,2000
tep,3,0,CASIM-prefix,timing_uncertainty,0.0,1.0,1.0,2000
tep,3,0,CASIM-prefix,timing_uncertainty,0.05,0.1666667,0.9,2000
tep,3,0,CASIM-prefix,timing_uncertainty,0.05,0.3333333,0.9,2000
tep,3,0,CASIM-prefix,timing_uncertainty,0.05,0.5,0.9625,2000
tep,3,0,CASIM-prefix,timing_uncertainty,0.05,0.6666667,0.9945,2000
tep,3,0,CASIM-prefix,timing_uncertainty,0.05,0.8333333,0.995,2000
tep,3,0,CASIM-prefix,timing_uncertainty,0.05,1.0,1.0,2000
tep,3,0,CASIM-prefix,timing_uncertainty,0.1,0.1666667,0.897,2000
tep,3,0,CASIM-prefix,timing_uncertainty,0.1,0.3333333,0.897,2000
tep,3,0,CASIM-prefix,timing_uncertainty,0.1,0.5,0.9575,2000
tep,3,0,CASIM-prefix,timing_uncertainty,0.1,0.6666667,0.995,2000
tep,3,0,CASIM-prefix,timing_uncertainty,0.1,0.8333333,0.995,2000
tep,3,0,CASIM-prefix,timing_uncertainty,0.1,1.0,1.0,2000
tep,3,0,CASIM-prefix,timing_uncertainty,0.15,0.1666667,0.8925,2000
tep,3,0,CASIM-prefix,timing_uncertainty,0.15,0.3333333,0.8925,2000
tep,3,0,CASIM-prefix,timing_uncertainty,0.15,0.5,0.955,2000
tep,3,0,CASIM-prefix,timing_uncertainty,0.15,0.6666667,0.9925,2000
tep,3,0,CASIM-prefix,timing_uncertainty,0.15,0.8333333,0.995,2000
tep,3,0,CASIM-prefix,timing_uncertainty,0.15,1.0,0.997,2000
tep,3,0,CASIM-prefix,timing_uncertainty,0.2,0.1666667,0.8855,2000
tep,3,0,CASIM-prefix,timing_uncertainty,0.2,0.3333333,0.8855,2000
tep,3,0,CASIM-prefix,timing_uncertainty,0.2,0.5,0.9505,2000
tep,3,0,CASIM-prefix,timing_uncertainty,0.2,0.6666667,0.992,2000
tep,3,0,CASIM-prefix,timing_uncertainty,0.2,0.8333333,0.9925,2000
tep,3,0,CASIM-prefix,timing_uncertainty,0.2,1.0,0.9955,2000
tep,3,0,CASIM-prefix,timing_uncertainty,0.25,0.1666667,0.887,2000
tep,3,0,CASIM-prefix,timing_uncertainty,0.25,0.3333333,0.887,2000
tep,3,0,CASIM-prefix,timing_uncertainty,0.25,0.5,0.9455,2000
tep,3,0,CASIM-prefix,timing_uncertainty,0.25,0.6666667,0.9905,2000
tep,3,0,CASIM-prefix,timing_uncertainty,0.25,0.8333333,0.994,2000
tep,3,0,CASIM-prefix,timing_uncertainty,0.25,1.0,0.9895,2000
tep,3,0,CASIM-prefix,timing_uncertainty,0.3,0.1666667,0.874,2000
tep,3,0,CASIM-prefix,timing_uncertainty,0.3,0.3333333,0.874,2000
tep,3,0,CASIM-prefix,timing_uncertainty,0.3,0.5,0.9365,2000
tep,3,0,CASIM-prefix,timing_uncertainty,0.3,0.6666667,0.987,2000
tep,3,0,CASIM-prefix,timing_uncertainty,0.3,0.8333333,0.989,2000
tep,3,0,CASIM-prefix,timing_uncertainty,0.3,1.0,0.993,2000
tep,3,0,CASIM-prefix,timing_uncertainty,0.4,0.1666667,0.8445,2000
tep,3,0,CASIM-prefix,timing_uncertainty,0.4,0.3333333,0.8445,2000
tep,3,0,CASIM-prefix,timing_uncertainty,0.4,0.5,0.926,2000
tep,3,0,CASIM-prefix,timing_uncertainty,0.4,0.6666667,0.982,2000
tep,3,0,CASIM-prefix,timing_uncertainty,0.4,0.8333333,0.9895,2000
tep,3,0,CASIM-prefix,timing_uncertainty,0.4,1.0,0.9885,2000
tep,3,0,CASIM-prefix,timing_uncertainty,0.5,0.1666667,0.832,2000
tep,3,0,CASIM-prefix,timing_uncertainty,0.5,0.3333333,0.832,2000
tep,3,0,CASIM-prefix,timing_uncertainty,0.5,0.5,0.92,2000
tep,3,0,CASIM-prefix,timing_uncertainty,0.5,0.6666667,0.982,2000
tep,3,0,CASIM-prefix,timing_uncertainty,0.5,0.8333333,0.984,2000
tep,3,0,CASIM-prefix,timing_uncertainty,0.5,1.0,0.983,2000
tep,3,0,CASIM-prefix,timing_uncertainty,0.6,0.1666667,0.7955,2000
tep,3,0,CASIM-prefix,timing_uncertainty,0.6,0.3333333,0.7955,2000
tep,3,0,CASIM-prefix,timing_uncertainty,0.6,0.5,0.9015,2000
tep,3,0,CASIM-prefix,timing_uncertainty,0.6,0.6666667,0.976,2000
tep,3,0,CASIM-prefix,timing_uncertainty,0.6,0.8333333,0.9875,2000
tep,3,0,CASIM-prefix,timing_uncertainty,0.6,1.0,0.977,2000
tep,3,0,CASIM-prefix,timing_uncertainty,0.7,0.1666667,0.7915,2000
tep,3,0,CASIM-prefix,timing_uncertainty,0.7,0.3333333,0.7915,2000
tep,3,0,CASIM-prefix,timing_uncertainty,0.7,0.5,0.902,2000
tep,3,0,CASIM-prefix,timing_uncertainty,0.7,0.6666667,0.9725,2000
tep,3,0,CASIM-prefix,timing_uncertainty,0.7,0.8333333,0.9895,2000
tep,3,0,CASIM-prefix,timing_uncertainty,0.7,1.0,0.9695,2000
tep,3,0,CASIM-prefix,timing_uncertainty,0.8,0.1666667,0.722,2000
tep,3,0,CASIM-prefix,timing_uncertainty,0.8,0.3333333,0.722,2000
tep,3,0,CASIM-prefix,timing_uncertainty,0.8,0.5,0.891,2000
tep,3,0,CASIM-prefix,timing_uncertainty,0.8,0.6666667,0.966,2000
tep,3,0,CASIM-prefix,timing_uncertainty,0.8,0.8333333,0.985,2000
tep,3,0,CASIM-prefix,timing_uncertainty,0.8,1.0,0.966,2000
tep,3,0,CASIM-prefix,timing_uncertainty,0.9,0.1666667,0.664,2000
tep,3,0,CASIM-prefix,timing_uncertainty,0.9,0.3333333,0.664,2000
tep,3,0,CASIM-prefix,timing_uncertainty,0.9,0.5,0.8865,2000
tep,3,0,CASIM-prefix,timing_uncertainty,0.9,0.6666667,0.959,2000
tep,3,0,CASIM-prefix,timing_uncertainty,0.9,0.8333333,0.975,2000
tep,3,0,CASIM-prefix,timing_uncertainty,0.9,1.0,0.954,2000
tep,3,0,EAC-1NN,late_time_delay,0.0,0.1666667,0.605,2000
tep,3,0,EAC-1NN,late_time_delay,0.0,0.3333333,0.605,2000
tep,3,0,EAC-1NN,late_time_delay,0.0,0.5,0.74,2000
tep,3,0,EAC-1NN,late_time_delay,0.0,0.6666667,0.84,2000
tep,3,0,EAC-1NN,late_time_delay,0.0,0.8333333,0.885,2000
tep,3,0,EAC-1NN,late_time_delay,0.0,1.0,0.98,2000
tep,3,0,EAC-1NN,late_time_delay,0.05,0.1666667,0.61,2000
tep,3,0,EAC-1NN,late_time_delay,0.05,0.3333333,0.61,2000
tep,3,0,EAC-1NN,late_time_delay,0.05,0.5,0.745,2000
tep,3,0,EAC-1NN,late_time_delay,0.05,0.6666667,0.845,2000
tep,3,0,EAC-1NN,late_time_delay,0.05,0.8333333,0.895,2000
tep,3,0,EAC-1NN,late_time_delay,0.05,1.0,0.975,2000
tep,3,0,EAC-1NN,late_time_delay,0.1,0.1666667,0.65,2000
tep,3,0,EAC-1NN,late_time_delay,0.1,0.3333333,0.65,2000
tep,3,0,EAC-1NN,late_time_delay,0.1,0.5,0.76,2000
tep,3,0,EAC-1NN,late_time_delay,0.1,0.6666667,0.85,2000
tep,3,0,EAC-1NN,late_time_delay,0.1,0.8333333,0.905,2000
tep,3,0,EAC-1NN,late_time_delay,0.1,1.0,0.98,2000
tep,3,0,EAC-1NN,late_time_delay,0.15,0.1666667,0.66,2000
tep,3,0,EAC-1NN,late_time_delay,0.15,0.3333333,0.66,2000
tep,3,0,EAC-1NN,late_time_delay,0.15,0.5,0.845,2000
tep,3,0,EAC-1NN,late_time_delay,0.15,0.6666667,0.89,2000
tep,3,0,EAC-1NN,late_time_delay,0.15,0.8333333,0.945,2000
tep,3,0,EAC-1NN,late_time_delay,0.15,1.0,0.98,2000
tep,3,0,EAC-1NN,late_time_delay,0.2,0.1666667,0.71,2000
tep,3,0,EAC-1NN,late_time_delay,0.2,0.3333333,0.71,2000
tep,3,0,EAC-1NN,late_time_delay,0.2,0.5,0.795,2000
tep,3,0,EAC-1NN,late_time_delay,0.2,0.6666667,0.865,2000
tep,3,0,EAC-1NN,late_time_delay,0.2,0.8333333,0.865,2000
tep,3,0,EAC-1NN,late_time_delay,0.2,1.0,0.98,2000
tep,3,0,EAC-1NN,late_time_delay,0.25,0.1666667,0.72,2000
tep,3,0,EAC-1NN,late_time_delay,0.25,0.3333333,0.72,2000
tep,3,0,EAC-1NN,late_time_delay,0.25,0.5,0.77,2000
tep,3,0,EAC-1NN,late_time_delay,0.25,0.6666667,0.77,2000
tep,3,0,EAC-1NN,late_time_delay,0.25,0.8333333,0.88,2000
tep,3,0,EAC-1NN,late_time_delay,0.25,1.0,0.98,2000
tep,3,0,EAC-1NN,late_time_delay,0.3,0.1666667,0.655,2000
tep,3,0,EAC-1NN,late_time_delay,0.3,0.3333333,0.655,2000
tep,3,0,EAC-1NN,late_time_delay,0.3,0.5,0.795,2000
tep,3,0,EAC-1NN,late_time_delay,0.3,0.6666667,0.795,2000
tep,3,0,EAC-1NN,late_time_delay,0.3,0.8333333,0.93,2000
tep,3,0,EAC-1NN,late_time_delay,0.3,1.0,0.99,2000
tep,3,0,EAC-1NN,late_time_delay,0.4,0.1666667,0.63,2000
tep,3,0,EAC-1NN,late_time_delay,0.4,0.3333333,0.63,2000
tep,3,0,EAC-1NN,late_time_delay,0.4,0.5,0.63,2000
tep,3,0,EAC-1NN,late_time_delay,0.4,0.6666667,0.87,2000
tep,3,0,EAC-1NN,late_time_delay,0.4,0.8333333,0.87,2000
tep,3,0,EAC-1NN,late_time_delay,0.4,1.0,0.955,2000
tep,3,0,EAC-1NN,late_time_delay,0.5,0.1666667,0.795,2000
tep,3,0,EAC-1NN,late_time_delay,0.5,0.3333333,0.795,2000
tep,3,0,EAC-1NN,late_time_delay,0.5,0.5,0.795,2000
tep,3,0,EAC-1NN,late_time_delay,0.5,0.6666667,0.795,2000
tep,3,0,EAC-1NN,late_time_delay,0.5,0.8333333,0.91,2000
tep,3,0,EAC-1NN,late_time_delay,0.5,1.0,0.955,2000
tep,3,0,EAC-1NN,late_time_delay,0.6,0.1666667,0.79,2000
tep,3,0,EAC-1NN,late_time_delay,0.6,0.3333333,0.79,2000
tep,3,0,EAC-1NN,late_time_delay,0.6,0.5,0.79,2000
tep,3,0,EAC-1NN,late_time_delay,0.6,0.6666667,0.79,2000
tep,3,0,EAC-1NN,late_time_delay,0.6,0.8333333,0.79,2000
tep,3,0,EAC-1NN,late_time_delay,0.6,1.0,0.885,2000
tep,3,0,EAC-1NN,late_time_delay,0.7,0.1666667,0.735,2000
tep,3,0,EAC-1NN,late_time_delay,0.7,0.3333333,0.735,2000
tep,3,0,EAC-1NN,late_time_delay,0.7,0.5,0.735,2000
tep,3,0,EAC-1NN,late_time_delay,0.7,0.6666667,0.735,2000
tep,3,0,EAC-1NN,late_time_delay,0.7,0.8333333,0.735,2000
tep,3,0,EAC-1NN,late_time_delay,0.7,1.0,0.83,2000
tep,3,0,EAC-1NN,late_time_delay,0.8,0.1666667,0.765,2000
tep,3,0,EAC-1NN,late_time_delay,0.8,0.3333333,0.765,2000
tep,3,0,EAC-1NN,late_time_delay,0.8,0.5,0.765,2000
tep,3,0,EAC-1NN,late_time_delay,0.8,0.6666667,0.765,2000
tep,3,0,EAC-1NN,late_time_delay,0.8,0.8333333,0.765,2000
tep,3,0,EAC-1NN,late_time_delay,0.8,1.0,0.775,2000
tep,3,0,EAC-1NN,late_time_delay,0.9,0.1666667,0.635,2000
tep,3,0,EAC-1NN,late_time_delay,0.9,0.3333333,0.635,2000
tep,3,0,EAC-1NN,late_time_delay,0.9,0.5,0.635,2000
tep,3,0,EAC-1NN,late_time_delay,0.9,0.6666667,0.635,2000
tep,3,0,EAC-1NN,late_time_delay,0.9,0.8333333,0.635,2000
tep,3,0,EAC-1NN,late_time_delay,0.9,1.0,0.635,2000
tep,3,0,EAC-1NN,missing_events,0.0,0.1666667,0.605,2000
tep,3,0,EAC-1NN,missing_events,0.0,0.3333333,0.605,2000
tep,3,0,EAC-1NN,missing_events,0.0,0.5,0.74,2000
tep,3,0,EAC-1NN,missing_events,0.0,0.6666667,0.84,2000
tep,3,0,EAC-1NN,missing_events,0.0,0.8333333,0.885,2000
tep,3,0,EAC-1NN,missing_events,0.0,1.0,0.98,2000
tep,3,0,EAC-1NN,missing_events,0.05,0.1666667,0.6045,2000
tep,3,0,EAC-1NN,missing_events,0.05,0.3333333,0.6045,2000
tep,3,0,EAC-1NN,missing_events,0.05,0.5,0.734,2000
tep,3,0,EAC-1NN,missing_events,0.05,0.6666667,0.839,2000
tep,3,0,EAC-1NN,missing_events,0.05,0.8333333,0.8845,2000
tep,3,0,EAC-1NN,missing_events,0.05,1.0,0.9795,2000
tep,3,0,EAC-1NN,missing_events,0.1,0.1666667,0.6015,2000
tep,3,0,EAC-1NN,missing_events,0.1,0.3333333,0.6015,2000
tep,3,0,EAC-1NN,missing_events,0.1,0.5,0.7265,2000
tep,3,0,EAC-1NN,missing_events,0.1,0.6666667,0.8225,2000
tep,3,0,EAC-1NN,missing_events,0.1,0.8333333,0.8855,2000
tep,3,0,EAC-1NN,missing_events,0.1,1.0,0.98,2000
tep,3,0,EAC-1NN,missing_events,0.15,0.1666667,0.602,2000
tep,3,0,EAC-1NN,missing_events,0.15,0.3333333,0.602,2000
tep,3,0,EAC-1NN,missing_events,0.15,0.5,0.723,2000
tep,3,0,EAC-1NN,missing_events,0.15,0.6666667,0.8245,2000
tep,3,0,EAC-1NN,missing_events,0.15,0.8333333,0.8785,2000
tep,3,0,EAC-1NN,missing_events,0.15,1.0,0.9785,2000
tep,3,0,EAC-1NN,missing_events,0.2,0.1666667,0.599,2000
tep,3,0,EAC-1NN,missing_events,0.2,0.3333333,0.599,2000
tep,3,0,EAC-1NN,missing_events,0.2,0.5,0.7255,2000
tep,3,0,EAC-1NN,missing_events,0.2,0.6666667,0.8185,2000
tep,3,0,EAC-1NN,missing_events,0.2,0.8333333,0.8705,2000
tep,3,0,EAC-1NN,missing_events,0.2,1.0,0.973,2000
tep,3,0,EAC-1NN,missing_events,0.25,0.1666667,0.599,2000
tep,3,0,EAC-1NN,missing_events,0.25,0.3333333,0.599,2000
tep,3,0,EAC-1NN,missing_events,0.25,0.5,0.722,2000
tep,3,0,EAC-1NN,missing_events,0.25,0.6666667,0.809,2000
tep,3,0,EAC-1NN,missing_events,0.25,0.8333333,0.8695,2000
tep,3,0,EAC-1NN,missing_events,0.25,1.0,0.974,2000
tep,3,0,EAC-1NN,missing_events,0.3,0.1666667,0.581,2000
tep,3,0,EAC-1NN,missing_events,0.3,0.3333333,0.581,2000
tep,3,0,EAC-1NN,missing_events,0.3,0.5,0.718,2000
tep,3,0,EAC-1NN,missing_events,0.3,0.6666667,0.8015,2000
tep,3,0,EAC-1NN,missing_events,0.3,0.8333333,0.8635,2000
tep,3,0,EAC-1NN,missing_events,0.3,1.0,0.9745,2000
tep,3,0,EAC-1NN,missing_events,0.4,0.1666667,0.575,2000
tep,3,0,EAC-1NN,missing_events,0.4,0.3333333,0.575,2000
tep,3,0,EAC-1NN,missing_events,0.4,0.5,0.7085,2000
tep,3,0,EAC-1NN,missing_events,0.4,0.6666667,0.7895,2000
tep,3,0,EAC-1NN,missing_events,0.4,0.8333333,0.8555,2000
tep,3,0,EAC-1NN,missing_events,0.4,1.0,0.9635,2000
tep,3,0,EAC-1NN,missing_events,0.5,0.1666667,0.5625,2000
tep,3,0,EAC-1NN,missing_events,0.5,0.3333333,0.5625,2000
tep,3,0,EAC-1NN,missing_events,0.5,0.5,0.7005,2000
tep,3,0,EAC-1NN,missing_events,0.5,0.6666667,0.784,2000
tep,3,0,EAC-1NN,missing_events,0.5,0.8333333,0.849,2000
tep,3,0,EAC-1NN,missing_events,0.5,1.0,0.9555,2000
tep,3,0,EAC-1NN,missing_events,0.6,0.1666667,0.5375,2000
tep,3,0,EAC-1NN,missing_events,0.6,0.3333333,0.5375,2000
tep,3,0,EAC-1NN,missing_events,0.6,0.5,0.671,2000
tep,3,0,EAC-1NN,missing_events,0.6,0.6666667,0.754,2000
tep,3,0,EAC-1NN,missing_events,0.6,0.8333333,0.8155,2000
tep,3,0,EAC-1NN,missing_events,0.6,1.0,0.9415,2000
tep,3,0,EAC-1NN,missing_events,0.7,0.1666667,0.5075,2000
tep,3,0,EAC-1NN,missing_events,0.7,0.3333333,0.5075,2000
tep,3,0,EAC-1NN,missing_events,0.7,0.5,0.6315,2000
tep,3,0,EAC-1NN,missing_events,0.7,0.6666667,0.7035,2000
tep,3,0,EAC-1NN,missing_events,0.7,0.8333333,0.775,2000
tep,3,0,EAC-1NN,missing_events,0.7,1.0,0.896,2000
tep,3,0,EAC-1NN,missing_events,0.8,0.1666667,0.4555,2000
tep,3,0,EAC-1NN,missing_events,0.8,0.3333333,0.4555,2000
tep,3,0,EAC-1NN,missing_events,0.8,0.5,0.5645,2000
tep,3,0,EAC-1NN,missing_events,0.8,0.6666667,0.649,2000
tep,3,0,EAC-1NN,missing_events,0.8,0.8333333,0.713,2000
tep,3,0,EAC-1NN,missing_events,0.8,1.0,0.8625,2000
tep,3,0,EAC-1NN,missing_events,0.9,0.1666667,0.3875,2000
tep,3,0,EAC-1NN,missing_events,0.9,0.3333333,0.3875,2000
tep,3,0,EAC-1NN,missing_events,0.9,0.5,0.496,2000
tep,3,0,EAC-1NN,missing_events,0.9,0.6666667,0.555,2000
tep,3,0,EAC-1NN,missing_events,0.9,0.8333333,0.61,2000
tep,3,0,EAC-1NN,missing_events,0.9,1.0,0.7435,2000
tep,3,0,EAC-1NN,mixed_missing_spurious,0.0,0.1666667,0.605,2000
tep,3,0,EAC-1NN,mixed_missing_spurious,0.0,0.3333333,0.605,2000
tep,3,0,EAC-1NN,mixed_missing_spurious,0.0,0.5,0.74,2000
tep,3,0,EAC-1NN,mixed_missing_spurious,0.0,0.6666667,0.84,2000
tep,3,0,EAC-1NN,mixed_missing_spurious,0.0,0.8333333,0.885,2000
tep,3,0,EAC-1NN,mixed_missing_spurious,0.0,1.0,0.98,2000
tep,3,0,EAC-1NN,mixed_missing_spurious,0.05,0.1666667,0.5955,2000
tep,3,0,EAC-1NN,mixed_missing_spurious,0.05,0.3333333,0.5955,2000
tep,3,0,EAC-1NN,mixed_missing_spurious,0.05,0.5,0.7295,2000
tep,3,0,EAC-1NN,mixed_missing_spurious,0.05,0.6666667,0.8335,2000
tep,3,0,EAC-1NN,mixed_missing_spurious,0.05,0.8333333,0.8815,2000
tep,3,0,EAC-1NN,mixed_missing_spurious,0.05,1.0,0.973,2000
tep,3,0,EAC-1NN,mixed_missing_spurious,0.1,0.1666667,0.571,2000
tep,3,0,EAC-1NN,mixed_missing_spurious,0.1,0.3333333,0.571,2000
tep,3,0,EAC-1NN,mixed_missing_spurious,0.1,0.5,0.7115,2000
tep,3,0,EAC-1NN,mixed_missing_spurious,0.1,0.6666667,0.811,2000
tep,3,0,EAC-1NN,mixed_missing_spurious,0.1,0.8333333,0.872,2000
tep,3,0,EAC-1NN,mixed_missing_spurious,0.1,1.0,0.9815,2000
tep,3,0,EAC-1NN,mixed_missing_spurious,0.15,0.1666667,0.5605,2000
tep,3,0,EAC-1NN,mixed_missing_spurious,0.15,0.3333333,0.5605,2000
tep,3,0,EAC-1NN,mixed_missing_spurious,0.15,0.5,0.7055,2000
tep,3,0,EAC-1NN,mixed_missing_spurious,0.15,0.6666667,0.7985,2000
tep,3,0,EAC-1NN,mixed_missing_spurious,0.15,0.8333333,0.8575,2000
tep,3,0,EAC-1NN,mixed_missing_spurious,0.15,1.0,0.9735,2000
tep,3,0,EAC-1NN,mixed_missing_spurious,0.2,0.1666667,0.565,2000
tep,3,0,EAC-1NN,mixed_missing_spurious,0.2,0.3333333,0.565,2000
tep,3,0,EAC-1NN,mixed_missing_spurious,0.2,0.5,0.6795,2000
tep,3,0,EAC-1NN,mixed_missing_spurious,0.2,0.6666667,0.777,2000
tep,3,0,EAC-1NN,mixed_missing_spurious,0.2,0.8333333,0.843,2000
tep,3,0,EAC-1NN,mixed_missing_spurious,0.2,1.0,0.97,2000
tep,3,0,EAC-1NN,mixed_missing_spurious,0.25,0.1666667,0.55,2000
tep,3,0,EAC-1NN,mixed_missing_spurious,0.25,0.3333333,0.55,2000
tep,3,0,EAC-1NN,mixed_missing_spurious,0.25,0.5,0.6805,2000
tep,3,0,EAC-1NN,mixed_missing_spurious,0.25,0.6666667,0.776,2000
tep,3,0,EAC-1NN,mixed_missing_spurious,0.25,0.8333333,0.8335,2000
tep,3,0,EAC-1NN,mixed_missing_spurious,0.25,1.0,0.9555,2000
tep,3,0,EAC-1NN,mixed_missing_spurious,0.3,0.1666667,0.539,2000
tep,3,0,EAC-1NN,mixed_missing_spurious,0.3,0.3333333,0.539,2000
tep,3,0,EAC-1NN,mixed_missing_spurious,0.3,0.5,0.6705,2000
tep,3,0,EAC-1NN,mixed_missing_spurious,0.3,0.6666667,0.7545,2000
tep,3,0,EAC-1NN,mixed_missing_spurious,0.3,0.8333333,0.8245,2000
tep,3,0,EAC-1NN,mixed_missing_spurious,0.3,1.0,0.9535,2000
tep,3,0,EAC-1NN,mixed_missing_spurious,0.4,0.1666667,0.5145,2000
tep,3,0,EAC-1NN,mixed_missing_spurious,0.4,0.3333333,0.5145,2000
tep,3,0,EAC-1NN,mixed_missing_spurious,0.4,0.5,0.635,2000
tep,3,0,EAC-1NN,mixed_missing_spurious,0.4,0.6666667,0.7255,2000
tep,3,0,EAC-1NN,mixed_missing_spurious,0.4,0.8333333,0.787,2000
tep,3,0,EAC-1NN,mixed_missing_spurious,0.4,1.0,0.9225,2000
tep,3,0,EAC-1NN,mixed_missing_spurious,0.5,0.1666667,0.497,2000
tep,3,0,EAC-1NN,mixed_missing_spurious,0.5,0.3333333,0.497,2000
tep,3,0,EAC-1NN,mixed_missing_spurious,0.5,0.5,0.609,2000
tep,3,0,EAC-1NN,mixed_missing_spurious,0.5,0.6666667,0.6795,2000
tep,3,0,EAC-1NN,mixed_missing_spurious,0.5,0.8333333,0.7495,2000
tep,3,0,EAC-1NN,mixed_missing_spurious,0.5,1.0,0.883,2000
tep,3,0,EAC-1NN,mixed_missing_spurious,0.6,0.1666667,0.487,2000
tep,3,0,EAC-1NN,mixed_missing_spurious,0.6,0.3333333,0.487,2000
tep,3,0,EAC-1NN,mixed_missing_spurious,0.6,0.5,0.5795,2000
tep,3,0,EAC-1NN,mixed_missing_spurious,0.6,0.6666667,0.6605,2000
tep,3,0,EAC-1NN,mixed_missing_spurious,0.6,0.8333333,0.715,2000
tep,3,0,EAC-1NN,mixed_missing_spurious,0.6,1.0,0.861,2000
tep,3,0,EAC-1NN,mixed_missing_spurious,0.7,0.1666667,0.447,2000
tep,3,0,EAC-1NN,mixed_missing_spurious,0.7,0.3333333,0.447,2000
tep,3,0,EAC-1NN,mixed_missing_spurious,0.7,0.5,0.54,2000
tep,3,0,EAC-1NN,mixed_missing_spurious,0.7,0.6666667,0.6175,2000
tep,3,0,EAC-1NN,mixed_missing_spurious,0.7,0.8333333,0.6705,2000
tep,3,0,EAC-1NN,mixed_missing_spurious,0.7,1.0,0.806,2000
tep,3,0,EAC-1NN,mixed_missing_spurious,0.8,0.1666667,0.4325,2000
tep,3,0,EAC-1NN,mixed_missing_spurious,0.8,0.3333333,0.4325,2000
tep,3,0,EAC-1NN,mixed_missing_spurious,0.8,0.5,0.486,2000
tep,3,0,EAC-1NN,mixed_missing_spurious,0.8,0.6666667,0.541,2000
tep,3,0,EAC-1NN,mixed_missing_spurious,0.8,0.8333333,0.606,2000
tep,3,0,EAC-1NN,mixed_missing_spurious,0.8,1.0,0.7235,2000
tep,3,0,EAC-1NN,mixed_missing_spurious,0.9,0.1666667,0.361,2000
tep,3,0,EAC-1NN,mixed_missing_spurious,0.9,0.3333333,0.361,2000
tep,3,0,EAC-1NN,mixed_missing_spurious,0.9,0.5,0.4325,2000
tep,3,0,EAC-1NN,mixed_missing_spurious,0.9,0.6666667,0.473,2000
tep,3,0,EAC-1NN,mixed_missing_spurious,0.9,0.8333333,0.5125,2000
tep,3,0,EAC-1NN,mixed_missing_spurious,0.9,1.0,0.6225,2000
tep,3,0,EAC-1NN,mixed_spurious_timing_late,0.0,0.1666667,0.605,2000
tep,3,0,EAC-1NN,mixed_spurious_timing_late,0.0,0.3333333,0.605,2000
tep,3,0,EAC-1NN,mixed_spurious_timing_late,0.0,0.5,0.74,2000
tep,3,0,EAC-1NN,mixed_spurious_timing_late,0.0,0.6666667,0.84,2000
tep,3,0,EAC-1NN,mixed_spurious_timing_late,0.0,0.8333333,0.885,2000
tep,3,0,EAC-1NN,mixed_spurious_timing_late,0.0,1.0,0.98,2000
tep,3,0,EAC-1NN,mixed_spurious_timing_late,0.05,0.1666667,0.6045,2000
tep,3,0,EAC-1NN,mixed_spurious_timing_late,0.05,0.3333333,0.6045,2000
tep,3,0,EAC-1NN,mixed_spurious_timing_late,0.05,0.5,0.736,2000
tep,3,0,EAC-1NN,mixed_spurious_timing_late,0.05,0.6666667,0.8335,2000
tep,3,0,EAC-1NN,mixed_spurious_timing_late,0.05,0.8333333,0.8915,2000
tep,3,0,EAC-1NN,mixed_spurious_timing_late,0.05,1.0,0.9695,2000
tep,3,0,EAC-1NN,mixed_spurious_timing_late,0.1,0.1666667,0.654,2000
tep,3,0,EAC-1NN,mixed_spurious_timing_late,0.1,0.3333333,0.654,2000
tep,3,0,EAC-1NN,mixed_spurious_timing_late,0.1,0.5,0.768,2000
tep,3,0,EAC-1NN,mixed_spurious_timing_late,0.1,0.6666667,0.836,2000
tep,3,0,EAC-1NN,mixed_spurious_timing_late,0.1,0.8333333,0.901,2000
tep,3,0,EAC-1NN,mixed_spurious_timing_late,0.1,1.0,0.9735,2000
tep,3,0,EAC-1NN,mixed_spurious_timing_late,0.15,0.1666667,0.608,2000
tep,3,0,EAC-1NN,mixed_spurious_timing_late,0.15,0.3333333,0.608,2000
tep,3,0,EAC-1NN,mixed_spurious_timing_late,0.15,0.5,0.767,2000
tep,3,0,EAC-1NN,mixed_spurious_timing_late,0.15,0.6666667,0.8435,2000
tep,3,0,EAC-1NN,mixed_spurious_timing_late,0.15,0.8333333,0.9305,2000
tep,3,0,EAC-1NN,mixed_spurious_timing_late,0.15,1.0,0.969,2000
tep,3,0,EAC-1NN,mixed_spurious_timing_late,0.2,0.1666667,0.6325,2000
tep,3,0,EAC-1NN,mixed_spurious_timing_late,0.2,0.3333333,0.6325,2000
tep,3,0,EAC-1NN,mixed_spurious_timing_late,0.2,0.5,0.74,2000
tep,3,0,EAC-1NN,mixed_spurious_timing_late,0.2,0.6666667,0.8465,2000
tep,3,0,EAC-1NN,mixed_spurious_timing_late,0.2,0.8333333,0.8465,2000
tep,3,0,EAC-1NN,mixed_spurious_timing_late,0.2,1.0,0.967,2000
tep,3,0,EAC-1NN,mixed_spurious_timing_late,0.25,0.1666667,0.6255,2000
tep,3,0,EAC-1NN,mixed_spurious_timing_late,0.25,0.3333333,0.6255,2000
tep,3,0,EAC-1NN,mixed_spurious_timing_late,0.25,0.5,0.709,2000
tep,3,0,EAC-1NN,mixed_spurious_timing_late,0.25,0.6666667,0.709,2000
tep,3,0,EAC-1NN,mixed_spurious_timing_late,0.25,0.8333333,0.8585,2000
tep,3,0,EAC-1NN,mixed_spurious_timing_late,0.25,1.0,0.9625,2000
tep,3,0,EAC-1NN,mixed_spurious_timing_late,0.3,0.1666667,0.601,2000
tep,3,0,EAC-1NN,mixed_spurious_timing_late,0.3,0.3333333,0.601,2000
tep,3,0,EAC-1NN,mixed_spurious_timing_late,0.3,0.5,0.7545,2000
tep,3,0,EAC-1NN,mixed_spurious_timing_late,0.3,0.6666667,0.7545,2000
tep,3,0,EAC-1NN,mixed_spurious_timing_late,0.3,0.8333333,0.8705,2000
tep,3,0,EAC-1NN,mixed_spurious_timing_late,0.3,1.0,0.9445,2000
tep,3,0,EAC-1NN,mixed_spurious_timing_late,0.4,0.1666667,0.5825,2000
tep,3,0,EAC-1NN,mixed_spurious_timing_late,0.4,0.3333333,0.5825,2000
tep,3,0,EAC-1NN,mixed_spurious_timing_late,0.4,0.5,0.5825,2000
tep,3,0,EAC-1NN,mixed_spurious_timing_late,0.4,0.6666667,0.7945,2000
tep,3,0,EAC-1NN,mixed_spurious_timing_late,0.4,0.8333333,0.7945,2000
tep,3,0,EAC-1NN,mixed_spurious_timing_late,0.4,1.0,0.909,2000
tep,3,0,EAC-1NN,mixed_spurious_timing_late,0.5,0.1666667,0.6755,2000
tep,3,0,EAC-1NN,mixed_spurious_timing_late,0.5,0.3333333,0.6755,2000
tep,3,0,EAC-1NN,mixed_spurious_timing_late,0.5,0.5,0.6755,2000
tep,3,0,EAC-1NN,mixed_spurious_timing_late,0.5,0.6666667,0.6755,2000
tep,3,0,EAC-1NN,mixed_spurious_timing_late,0.5,0.8333333,0.8065,2000
tep,3,0,EAC-1NN,mixed_spurious_timing_late,0.5,1.0,0.863,2000
tep,3,0,EAC-1NN,mixed_spurious_timing_late,0.6,0.1666667,0.661,2000
tep,3,0,EAC-1NN,mixed_spurious_timing_late,0.6,0.3333333,0.661,2000
tep,3,0,EAC-1NN,mixed_spurious_timing_late,0.6,0.5,0.661,2000
tep,3,0,EAC-1NN,mixed_spurious_timing_late,0.6,0.6666667,0.661,2000
tep,3,0,EAC-1NN,mixed_spurious_timing_late,0.6,0.8333333,0.661,2000
tep,3,0,EAC-1NN,mixed_spurious_timing_late,0.6,1.0,0.7655,2000
tep,3,0,EAC-1NN,mixed_spurious_timing_late,0.7,0.1666667,0.594,2000
tep,3,0,EAC-1NN,mixed_spurious_timing_late,0.7,0.3333333,0.594,2000
tep,3,0,EAC-1NN,mixed_spurious_timing_late,0.7,0.5,0.594,2000
tep,3,0,EAC-1NN,mixed_spurious_timing_late,0.7,0.6666667,0.594,2000
tep,3,0,EAC-1NN,mixed_spurious_timing_late,0.7,0.8333333,0.594,2000
tep,3,0,EAC-1NN,mixed_spurious_timing_late,0.7,1.0,0.667,2000
tep,3,0,EAC-1NN,mixed_spurious_timing_late,0.8,0.1666667,0.5855,2000
tep,3,0,EAC-1NN,mixed_spurious_timing_late,0.8,0.3333333,0.5855,2000
tep,3,0,EAC-1NN,mixed_spurious_timing_late,0.8,0.5,0.5855,2000
tep,3,0,EAC-1NN,mixed_spurious_timing_late,0.8,0.6666667,0.5855,2000
tep,3,0,EAC-1NN,mixed_spurious_timing_late,0.8,0.8333333,0.5855,2000
tep,3,0,EAC-1NN,mixed_spurious_timing_late,0.8,1.0,0.597,2000
tep,3,0,EAC-1NN,mixed_spurious_timing_late,0.9,0.1666667,0.51,2000
tep,3,0,EAC-1NN,mixed_spurious_timing_late,0.9,0.3333333,0.51,2000
tep,3,0,EAC-1NN,mixed_spurious_timing_late,0.9,0.5,0.51,2000
tep,3,0,EAC-1NN,mixed_spurious_timing_late,0.9,0.6666667,0.51,2000
tep,3,0,EAC-1NN,mixed_spurious_timing_late,0.9,0.8333333,0.51,2000
tep,3,0,EAC-1NN,mixed_spurious_timing_late,0.9,1.0,0.51,2000
tep,3,0,EAC-1NN,spurious_events,0.0,0.1666667,0.605,2000
tep,3,0,EAC-1NN,spurious_events,0.0,0.3333333,0.605,2000
tep,3,0,EAC-1NN,spurious_events,0.0,0.5,0.74,2000
tep,3,0,EAC-1NN,spurious_events,0.0,0.6666667,0.84,2000
tep,3,0,EAC-1NN,spurious_events,0.0,0.8333333,0.885,2000
tep,3,0,EAC-1NN,spurious_events,0.0,1.0,0.98,2000
tep,3,0,EAC-1NN,spurious_events,0.05,0.1666667,0.5945,2000
tep,3,0,EAC-1NN,spurious_events,0.05,0.3333333,0.5945,2000
tep,3,0,EAC-1NN,spurious_events,0.05,0.5,0.7265,2000
tep,3,0,EAC-1NN,spurious_events,0.05,0.6666667,0.8375,2000
tep,3,0,EAC-1NN,spurious_events,0.05,0.8333333,0.885,2000
tep,3,0,EAC-1NN,spurious_events,0.05,1.0,0.979,2000
tep,3,0,EAC-1NN,spurious_events,0.1,0.1666667,0.597,2000
tep,3,0,EAC-1NN,spurious_events,0.1,0.3333333,0.597,2000
tep,3,0,EAC-1NN,spurious_events,0.1,0.5,0.727,2000
tep,3,0,EAC-1NN,spurious_events,0.1,0.6666667,0.8205,2000
tep,3,0,EAC-1NN,spurious_events,0.1,0.8333333,0.8785,2000
tep,3,0,EAC-1NN,spurious_events,0.1,1.0,0.977,2000
tep,3,0,EAC-1NN,spurious_events,0.15,0.1666667,0.568,2000
tep,3,0,EAC-1NN,spurious_events,0.15,0.3333333,0.568,2000
tep,3,0,EAC-1NN,spurious_events,0.15,0.5,0.7015,2000
tep,3,0,EAC-1NN,spurious_events,0.15,0.6666667,0.8,2000
tep,3,0,EAC-1NN,spurious_events,0.15,0.8333333,0.869,2000
tep,3,0,EAC-1NN,spurious_events,0.15,1.0,0.9715,2000
tep,3,0,EAC-1NN,spurious_events,0.2,0.1666667,0.546,2000
tep,3,0,EAC-1NN,spurious_events,0.2,0.3333333,0.546,2000
tep,3,0,EAC-1NN,spurious_events,0.2,0.5,0.6905,2000
tep,3,0,EAC-1NN,spurious_events,0.2,0.6666667,0.8075,2000
tep,3,0,EAC-1NN,spurious_events,0.2,0.8333333,0.8585,2000
tep,3,0,EAC-1NN,spurious_events,0.2,1.0,0.9775,2000
tep,3,0,EAC-1NN,spurious_events,0.25,0.1666667,0.5585,2000
tep,3,0,EAC-1NN,spurious_events,0.25,0.3333333,0.5585,2000
tep,3,0,EAC-1NN,spurious_events,0.25,0.5,0.696,2000
tep,3,0,EAC-1NN,spurious_events,0.25,0.6666667,0.8065,2000
tep,3,0,EAC-1NN,spurious_events,0.25,0.8333333,0.8615,2000
tep,3,0,EAC-1NN,spurious_events,0.25,1.0,0.9715,2000
tep,3,0,EAC-1NN,spurious_events,0.3,0.1666667,0.546,2000
tep,3,0,EAC-1NN,spurious_events,0.3,0.3333333,0.546,2000
tep,3,0,EAC-1NN,spurious_events,0.3,0.5,0.6855,2000
tep,3,0,EAC-1NN,spurious_events,0.3,0.6666667,0.777,2000
tep,3,0,EAC-1NN,spurious_events,0.3,0.8333333,0.845,2000
tep,3,0,EAC-1NN,spurious_events,0.3,1.0,0.971,2000
tep,3,0,EAC-1NN,spurious_events,0.4,0.1666667,0.536,2000
tep,3,0,EAC-1NN,spurious_events,0.4,0.3333333,0.536,2000
tep,3,0,EAC-1NN,spurious_events,0.4,0.5,0.662,2000
tep,3,0,EAC-1NN,spurious_events,0.4,0.6666667,0.765,2000
tep,3,0,EAC-1NN,spurious_events,0.4,0.8333333,0.8185,2000
tep,3,0,EAC-1NN,spurious_events,0.4,1.0,0.9515,2000
tep,3,0,EAC-1NN,spurious_events,0.5,0.1666667,0.513,2000
tep,3,0,EAC-1NN,spurious_events,0.5,0.3333333,0.513,2000
tep,3,0,EAC-1NN,spurious_events,0.5,0.5,0.6365,2000
tep,3,0,EAC-1NN,spurious_events,0.5,0.6666667,0.7475,2000
tep,3,0,EAC-1NN,spurious_events,0.5,0.8333333,0.809,2000
tep,3,0,EAC-1NN,spurious_events,0.5,1.0,0.941,2000
tep,3,0,EAC-1NN,spurious_events,0.6,0.1666667,0.52,2000
tep,3,0,EAC-1NN,spurious_events,0.6,0.3333333,0.52,2000
tep,3,0,EAC-1NN,spurious_events,0.6,0.5,0.632,2000
tep,3,0,EAC-1NN,spurious_events,0.6,0.6666667,0.724,2000
tep,3,0,EAC-1NN,spurious_events,0.6,0.8333333,0.785,2000
tep,3,0,EAC-1NN,spurious_events,0.6,1.0,0.912,2000
tep,3,0,EAC-1NN,spurious_events,0.7,0.1666667,0.4915,2000
tep,3,0,EAC-1NN,spurious_events,0.7,0.3333333,0.4915,2000
tep,3,0,EAC-1NN,spurious_events,0.7,0.5,0.6285,2000
tep,3,0,EAC-1NN,spurious_events,0.7,0.6666667,0.7055,2000
tep,3,0,EAC-1NN,spurious_events,0.7,0.8333333,0.763,2000
tep,3,0,EAC-1NN,spurious_events,0.7,1.0,0.8955,2000
tep,3,0,EAC-1NN,spurious_events,0.8,0.1666667,0.499,2000
tep,3,0,EAC-1NN,spurious_events,0.8,0.3333333,0.499,2000
tep,3,0,EAC-1NN,spurious_events,0.8,0.5,0.6045,2000
tep,3,0,EAC-1NN,spurious_events,0.8,0.6666667,0.6875,2000
tep,3,0,EAC-1NN,spurious_events,0.8,0.8333333,0.7365,2000
tep,3,0,EAC-1NN,spurious_events,0.8,1.0,0.8705,2000
tep,3,0,EAC-1NN,spurious_events,0.9,0.1666667,0.4925,2000
tep,3,0,EAC-1NN,spurious_events,0.9,0.3333333,0.4925,2000
tep,3,0,EAC-1NN,spurious_events,0.9,0.5,0.5905,2000
tep,3,0,EAC-1NN,spurious_events,0.9,0.6666667,0.6585,2000
tep,3,0,EAC-1NN,spurious_events,0.9,0.8333333,0.7215,2000
tep,3,0,EAC-1NN,spurious_events,0.9,1.0,0.841,2000
tep,3,0,EAC-1NN,timing_uncertainty,0.0,0.1666667,0.605,2000
tep,3,0,EAC-1NN,timing_uncertainty,0.0,0.3333333,0.605,2000
tep,3,0,EAC-1NN,timing_uncertainty,0.0,0.5,0.74,2000
tep,3,0,EAC-1NN,timing_uncertainty,0.0,0.6666667,0.84,2000
tep,3,0,EAC-1NN,timing_uncertainty,0.0,0.8333333,0.885,2000
tep,3,0,EAC-1NN,timing_uncertainty,0.0,1.0,0.98,2000
tep,3,0,EAC-1NN,timing_uncertainty,0.05,0.1666667,0.607,2000
tep,3,0,EAC-1NN,timing_uncertainty,0.05,0.3333333,0.607,2000
tep,3,0,EAC-1NN,timing_uncertainty,0.05,0.5,0.739,2000
tep,3,0,EAC-1NN,timing_uncertainty,0.05,0.6666667,0.84,2000
tep,3,0,EAC-1NN,timing_uncertainty,0.05,0.8333333,0.886,2000
tep,3,0,EAC-1NN,timing_uncertainty,0.05,1.0,0.982,2000
tep,3,0,EAC-1NN,timing_uncertainty,0.1,0.1666667,0.6045,2000
tep,3,0,EAC-1NN,timing_uncertainty,0.1,0.3333333,0.6045,2000
tep,3,0,EAC-1NN,timing_uncertainty,0.1,0.5,0.743,2000
tep,3,0,EAC-1NN,timing_uncertainty,0.1,0.6666667,0.8305,2000
tep,3,0,EAC-1NN,timing_uncertainty,0.1,0.8333333,0.8815,2000
tep,3,0,EAC-1NN,timing_uncertainty,0.1,1.0,0.98,2000
tep,3,0,EAC-1NN,timing_uncertainty,0.15,0.1666667,0.605,2000
tep,3,0,EAC-1NN,timing_uncertainty,0.15,0.3333333,0.605,2000
tep,3,0,EAC-1NN,timing_uncertainty,0.15,0.5,0.744,2000
tep,3,0,EAC-1NN,timing_uncertainty,0.15,0.6666667,0.836,2000
tep,3,0,EAC-1NN,timing_uncertainty,0.15,0.8333333,0.882,2000
tep,3,0,EAC-1NN,timing_uncertainty,0.15,1.0,0.9785,2000
tep,3,0,EAC-1NN,timing_uncertainty,0.2,0.1666667,0.61,2000
tep,3,0,EAC-1NN,timing_uncertainty,0.2,0.3333333,0.61,2000
tep,3,0,EAC-1NN,timing_uncertainty,0.2,0.5,0.7355,2000
tep,3,0,EAC-1NN,timing_uncertainty,0.2,0.6666667,0.8345,2000
tep,3,0,EAC-1NN,timing_uncertainty,0.2,0.8333333,0.886,2000
tep,3,0,EAC-1NN,timing_uncertainty,0.2,1.0,0.9815,2000
tep,3,0,EAC-1NN,timing_uncertainty,0.25,0.1666667,0.596,2000
tep,3,0,EAC-1NN,timing_uncertainty,0.25,0.3333333,0.596,2000
tep,3,0,EAC-1NN,timing_uncertainty,0.25,0.5,0.736,2000
tep,3,0,EAC-1NN,timing_uncertainty,0.25,0.6666667,0.8195,2000
tep,3,0,EAC-1NN,timing_uncertainty,0.25,0.8333333,0.877,2000
tep,3,0,EAC-1NN,timing_uncertainty,0.25,1.0,0.9785,2000
tep,3,0,EAC-1NN,timing_uncertainty,0.3,0.1666667,0.5935,2000
tep,3,0,EAC-1NN,timing_uncertainty,0.3,0.3333333,0.5935,2000
tep,3,0,EAC-1NN,timing_uncertainty,0.3,0.5,0.7305,2000
tep,3,0,EAC-1NN,timing_uncertainty,0.3,0.6666667,0.831,2000
tep,3,0,EAC-1NN,timing_uncertainty,0.3,0.8333333,0.872,2000
tep,3,0,EAC-1NN,timing_uncertainty,0.3,1.0,0.9815,2000
tep,3,0,EAC-1NN,timing_uncertainty,0.4,0.1666667,0.5915,2000
tep,3,0,EAC-1NN,timing_uncertainty,0.4,0.3333333,0.5915,2000
tep,3,0,EAC-1NN,timing_uncertainty,0.4,0.5,0.729,2000
tep,3,0,EAC-1NN,timing_uncertainty,0.4,0.6666667,0.815,2000
tep,3,0,EAC-1NN,timing_uncertainty,0.4,0.8333333,0.8755,2000
tep,3,0,EAC-1NN,timing_uncertainty,0.4,1.0,0.9805,2000
tep,3,0,EAC-1NN,timing_uncertainty,0.5,0.1666667,0.592,2000
tep,3,0,EAC-1NN,timing_uncertainty,0.5,0.3333333,0.592,2000
tep,3,0,EAC-1NN,timing_uncertainty,0.5,0.5,0.7215,2000
tep,3,0,EAC-1NN,timing_uncertainty,0.5,0.6666667,0.8215,2000
tep,3,0,EAC-1NN,timing_uncertainty,0.5,0.8333333,0.87,2000
tep,3,0,EAC-1NN,timing_uncertainty,0.5,1.0,0.976,2000
tep,3,0,EAC-1NN,timing_uncertainty,0.6,0.1666667,0.605,2000
tep,3,0,EAC-1NN,timing_uncertainty,0.6,0.3333333,0.605,2000
tep,3,0,EAC-1NN,timing_uncertainty,0.6,0.5,0.7335,2000
tep,3,0,EAC-1NN,timing_uncertainty,0.6,0.6666667,0.8145,2000
tep,3,0,EAC-1NN,timing_uncertainty,0.6,0.8333333,0.882,2000
tep,3,0,EAC-1NN,timing_uncertainty,0.6,1.0,0.974,2000
tep,3,0,EAC-1NN,timing_uncertainty,0.7,0.1666667,0.605,2000
tep,3,0,EAC-1NN,timing_uncertainty,0.7,0.3333333,0.605,2000
tep,3,0,EAC-1NN,timing_uncertainty,0.7,0.5,0.727,2000
tep,3,0,EAC-1NN,timing_uncertainty,0.7,0.6666667,0.8255,2000
tep,3,0,EAC-1NN,timing_uncertainty,0.7,0.8333333,0.8735,2000
tep,3,0,EAC-1NN,timing_uncertainty,0.7,1.0,0.9765,2000
tep,3,0,EAC-1NN,timing_uncertainty,0.8,0.1666667,0.617,2000
tep,3,0,EAC-1NN,timing_uncertainty,0.8,0.3333333,0.617,2000
tep,3,0,EAC-1NN,timing_uncertainty,0.8,0.5,0.7205,2000
tep,3,0,EAC-1NN,timing_uncertainty,0.8,0.6666667,0.816,2000
tep,3,0,EAC-1NN,timing_uncertainty,0.8,0.8333333,0.8655,2000
tep,3,0,EAC-1NN,timing_uncertainty,0.8,1.0,0.9745,2000
tep,3,0,EAC-1NN,timing_uncertainty,0.9,0.1666667,0.6295,2000
tep,3,0,EAC-1NN,timing_uncertainty,0.9,0.3333333,0.6295,2000
tep,3,0,EAC-1NN,timing_uncertainty,0.9,0.5,0.731,2000
tep,3,0,EAC-1NN,timing_uncertainty,0.9,0.6666667,0.8165,2000
tep,3,0,EAC-1NN,timing_uncertainty,0.9,0.8333333,0.872,2000
tep,3,0,EAC-1NN,timing_uncertainty,0.9,1.0,0.9675,2000
tep,3,0,JAC-1NN,late_time_delay,0.0,0.1666667,0.62,2000
tep,3,0,JAC-1NN,late_time_delay,0.0,0.3333333,0.62,2000
tep,3,0,JAC-1NN,late_time_delay,0.0,0.5,0.775,2000
tep,3,0,JAC-1NN,late_time_delay,0.0,0.6666667,0.895,2000
tep,3,0,JAC-1NN,late_time_delay,0.0,0.8333333,0.92,2000
tep,3,0,JAC-1NN,late_time_delay,0.0,1.0,0.93,2000
tep,3,0,JAC-1NN,late_time_delay,0.05,0.1666667,0.48,2000
tep,3,0,JAC-1NN,late_time_delay,0.05,0.3333333,0.48,2000
tep,3,0,JAC-1NN,late_time_delay,0.05,0.5,0.665,2000
tep,3,0,JAC-1NN,late_time_delay,0.05,0.6666667,0.81,2000
tep,3,0,JAC-1NN,late_time_delay,0.05,0.8333333,0.84,2000
tep,3,0,JAC-1NN,late_time_delay,0.05,1.0,0.88,2000
tep,3,0,JAC-1NN,late_time_delay,0.1,0.1666667,0.485,2000
tep,3,0,JAC-1NN,late_time_delay,0.1,0.3333333,0.485,2000
tep,3,0,JAC-1NN,late_time_delay,0.1,0.5,0.72,2000
tep,3,0,JAC-1NN,late_time_delay,0.1,0.6666667,0.805,2000
tep,3,0,JAC-1NN,late_time_delay,0.1,0.8333333,0.86,2000
tep,3,0,JAC-1NN,late_time_delay,0.1,1.0,0.885,2000
tep,3,0,JAC-1NN,late_time_delay,0.15,0.1666667,0.45,2000
tep,3,0,JAC-1NN,late_time_delay,0.15,0.3333333,0.45,2000
tep,3,0,JAC-1NN,late_time_delay,0.15,0.5,0.765,2000
tep,3,0,JAC-1NN,late_time_delay,0.15,0.6666667,0.8,2000
tep,3,0,JAC-1NN,late_time_delay,0.15,0.8333333,0.855,2000
tep,3,0,JAC-1NN,late_time_delay,0.15,1.0,0.885,2000
tep,3,0,JAC-1NN,late_time_delay,0.2,0.1666667,0.465,2000
tep,3,0,JAC-1NN,late_time_delay,0.2,0.3333333,0.465,2000
tep,3,0,JAC-1NN,late_time_delay,0.2,0.5,0.735,2000
tep,3,0,JAC-1NN,late_time_delay,0.2,0.6666667,0.84,2000
tep,3,0,JAC-1NN,late_time_delay,0.2,0.8333333,0.84,2000
tep,3,0,JAC-1NN,late_time_delay,0.2,1.0,0.88,2000
tep,3,0,JAC-1NN,late_time_delay,0.25,0.1666667,0.53,2000
tep,3,0,JAC-1NN,late_time_delay,0.25,0.3333333,0.53,2000
tep,3,0,JAC-1NN,late_time_delay,0.25,0.5,0.74,2000
tep,3,0,JAC-1NN,late_time_delay,0.25,0.6666667,0.74,2000
tep,3,0,JAC-1NN,late_time_delay,0.25,0.8333333,0.83,2000
tep,3,0,JAC-1NN,late_time_delay,0.25,1.0,0.885,2000
tep,3,0,JAC-1NN,late_time_delay,0.3,0.1666667,0.565,2000
tep,3,0,JAC-1NN,late_time_delay,0.3,0.3333333,0.565,2000
tep,3,0,JAC-1NN,late_time_delay,0.3,0.5,0.805,2000
tep,3,0,JAC-1NN,late_time_delay,0.3,0.6666667,0.805,2000
tep,3,0,JAC-1NN,late_time_delay,0.3,0.8333333,0.85,2000
tep,3,0,JAC-1NN,late_time_delay,0.3,1.0,0.88,2000
tep,3,0,JAC-1NN,late_time_delay,0.4,0.1666667,0.595,2000
tep,3,0,JAC-1NN,late_time_delay,0.4,0.3333333,0.595,2000
tep,3,0,JAC-1NN,late_time_delay,0.4,0.5,0.595,2000
tep,3,0,JAC-1NN,late_time_delay,0.4,0.6666667,0.795,2000
tep,3,0,JAC-1NN,late_time_delay,0.4,0.8333333,0.795,2000
tep,3,0,JAC-1NN,late_time_delay,0.4,1.0,0.85,2000
tep,3,0,JAC-1NN,late_time_delay,0.5,0.1666667,0.55,2000
tep,3,0,JAC-1NN,late_time_delay,0.5,0.3333333,0.55,2000
tep,3,0,JAC-1NN,late_time_delay,0.5,0.5,0.55,2000
tep,3,0,JAC-1NN,late_time_delay,0.5,0.6666667,0.55,2000
tep,3,0,JAC-1NN,late_time_delay,0.5,0.8333333,0.68,2000
tep,3,0,JAC-1NN,late_time_delay,0.5,1.0,0.765,2000
tep,3,0,JAC-1NN,late_time_delay,0.6,0.1666667,0.52,2000
tep,3,0,JAC-1NN,late_time_delay,0.6,0.3333333,0.52,2000
tep,3,0,JAC-1NN,late_time_delay,0.6,0.5,0.52,2000
tep,3,0,JAC-1NN,late_time_delay,0.6,0.6666667,0.52,2000
tep,3,0,JAC-1NN,late_time_delay,0.6,0.8333333,0.52,2000
tep,3,0,JAC-1NN,late_time_delay,0.6,1.0,0.675,2000
tep,3,0,JAC-1NN,late_time_delay,0.7,0.1666667,0.45,2000
tep,3,0,JAC-1NN,late_time_delay,0.7,0.3333333,0.45,2000
tep,3,0,JAC-1NN,late_time_delay,0.7,0.5,0.45,2000
tep,3,0,JAC-1NN,late_time_delay,0.7,0.6666667,0.45,2000
tep,3,0,JAC-1NN,late_time_delay,0.7,0.8333333,0.45,2000
tep,3,0,JAC-1NN,late_time_delay,0.7,1.0,0.535,2000
tep,3,0,JAC-1NN,late_time_delay,0.8,0.1666667,0.395,2000
tep,3,0,JAC-1NN,late_time_delay,0.8,0.3333333,0.395,2000
tep,3,0,JAC-1NN,late_time_delay,0.8,0.5,0.395,2000
tep,3,0,JAC-1NN,late_time_delay,0.8,0.6666667,0.395,2000
tep,3,0,JAC-1NN,late_time_delay,0.8,0.8333333,0.395,2000
tep,3,0,JAC-1NN,late_time_delay,0.8,1.0,0.42,2000
tep,3,0,JAC-1NN,late_time_delay,0.9,0.1666667,0.34,2000
tep,3,0,JAC-1NN,late_time_delay,0.9,0.3333333,0.34,2000
tep,3,0,JAC-1NN,late_time_delay,0.9,0.5,0.34,2000
tep,3,0,JAC-1NN,late_time_delay,0.9,0.6666667,0.34,2000
tep,3,0,JAC-1NN,late_time_delay,0.9,0.8333333,0.34,2000
tep,3,0,JAC-1NN,late_time_delay,0.9,1.0,0.34,2000
tep,3,0,JAC-1NN,missing_events,0.0,0.1666667,0.62,2000
tep,3,0,JAC-1NN,missing_events,0.0,0.3333333,0.62,2000
tep,3,0,JAC-1NN,missing_events,0.0,0.5,0.775,2000
tep,3,0,JAC-1NN,missing_events,0.0,0.6666667,0.895,2000
tep,3,0,JAC-1NN,missing_events,0.0,0.8333333,0.92,2000
tep,3,0,JAC-1NN,missing_events,0.0,1.0,0.93,2000
tep,3,0,JAC-1NN,missing_events,0.05,0.1666667,0.6145,2000
tep,3,0,JAC-1NN,missing_events,0.05,0.3333333,0.6145,2000
tep,3,0,JAC-1NN,missing_events,0.05,0.5,0.766,2000
tep,3,0,JAC-1NN,missing_events,0.05,0.6666667,0.891,2000
tep,3,0,JAC-1NN,missing_events,0.05,0.8333333,0.9175,2000
tep,3,0,JAC-1NN,missing_events,0.05,1.0,0.926,2000
tep,3,0,JAC-1NN,missing_events,0.1,0.1666667,0.61,2000
tep,3,0,JAC-1NN,missing_events,0.1,0.3333333,0.61,2000
tep,3,0,JAC-1NN,missing_events,0.1,0.5,0.755,2000
tep,3,0,JAC-1NN,missing_events,0.1,0.6666667,0.8855,2000
tep,3,0,JAC-1NN,missing_events,0.1,0.8333333,0.9095,2000
tep,3,0,JAC-1NN,missing_events,0.1,1.0,0.9225,2000
tep,3,0,JAC-1NN,missing_events,0.15,0.1666667,0.5885,2000
tep,3,0,JAC-1NN,missing_events,0.15,0.3333333,0.5885,2000
tep,3,0,JAC-1NN,missing_events,0.15,0.5,0.743,2000
tep,3,0,JAC-1NN,missing_events,0.15,0.6666667,0.871,2000
tep,3,0,JAC-1NN,missing_events,0.15,0.8333333,0.902,2000
tep,3,0,JAC-1NN,missing_events,0.15,1.0,0.917,2000
tep,3,0,JAC-1NN,missing_events,0.2,0.1666667,0.59,2000
tep,3,0,JAC-1NN,missing_events,0.2,0.3333333,0.59,2000
tep,3,0,JAC-1NN,missing_events,0.2,0.5,0.7355,2000
tep,3,0,JAC-1NN,missing_events,0.2,0.6666667,0.8725,2000
tep,3,0,JAC-1NN,missing_events,0.2,0.8333333,0.9025,2000
tep,3,0,JAC-1NN,missing_events,0.2,1.0,0.9115,2000
tep,3,0,JAC-1NN,missing_events,0.25,0.1666667,0.5785,2000
tep,3,0,JAC-1NN,missing_events,0.25,0.3333333,0.5785,2000
tep,3,0,JAC-1NN,missing_events,0.25,0.5,0.71,2000
tep,3,0,JAC-1NN,missing_events,0.25,0.6666667,0.858,2000
tep,3,0,JAC-1NN,missing_events,0.25,0.8333333,0.89,2000
tep,3,0,JAC-1NN,missing_events,0.25,1.0,0.903,2000
tep,3,0,JAC-1NN,missing_events,0.3,0.1666667,0.5685,2000
tep,3,0,JAC-1NN,missing_events,0.3,0.3333333,0.5685,2000
tep,3,0,JAC-1NN,missing_events,0.3,0.5,0.704,2000
tep,3,0,JAC-1NN,missing_events,0.3,0.6666667,0.845,2000
tep,3,0,JAC-1NN,missing_events,0.3,0.8333333,0.883,2000
tep,3,0,JAC-1NN,missing_events,0.3,1.0,0.9005,2000
tep,3,0,JAC-1NN,missing_events,0.4,0.1666667,0.5295,2000
tep,3,0,JAC-1NN,missing_events,0.4,0.3333333,0.5295,2000
tep,3,0,JAC-1NN,missing_events,0.4,0.5,0.667,2000
tep,3,0,JAC-1NN,missing_events,0.4,0.6666667,0.8195,2000
tep,3,0,JAC-1NN,missing_events,0.4,0.8333333,0.865,2000
tep,3,0,JAC-1NN,missing_events,0.4,1.0,0.8855,2000
tep,3,0,JAC-1NN,missing_events,0.5,0.1666667,0.502,2000
tep,3,0,JAC-1NN,missing_events,0.5,0.3333333,0.502,2000
tep,3,0,JAC-1NN,missing_events,0.5,0.5,0.633,2000
tep,3,0,JAC-1NN,missing_events,0.5,0.6666667,0.7845,2000
tep,3,0,JAC-1NN,missing_events,0.5,0.8333333,0.827,2000
tep,3,0,JAC-1NN,missing_events,0.5,1.0,0.861,2000
tep,3,0,JAC-1NN,missing_events,0.6,0.1666667,0.4715,2000
tep,3,0,JAC-1NN,missing_events,0.6,0.3333333,0.4715,2000
tep,3,0,JAC-1NN,missing_events,0.6,0.5,0.577,2000
tep,3,0,JAC-1NN,missing_events,0.6,0.6666667,0.74,2000
tep,3,0,JAC-1NN,missing_events,0.6,0.8333333,0.7955,2000
tep,3,0,JAC-1NN,missing_events,0.6,1.0,0.8465,2000
tep,3,0,JAC-1NN,missing_events,0.7,0.1666667,0.433,2000
tep,3,0,JAC-1NN,missing_events,0.7,0.3333333,0.433,2000
tep,3,0,JAC-1NN,missing_events,0.7,0.5,0.5205,2000
tep,3,0,JAC-1NN,missing_events,0.7,0.6666667,0.6625,2000
tep,3,0,JAC-1NN,missing_events,0.7,0.8333333,0.7345,2000
tep,3,0,JAC-1NN,missing_events,0.7,1.0,0.8,2000
tep,3,0,JAC-1NN,missing_events,0.8,0.1666667,0.373,2000
tep,3,0,JAC-1NN,missing_events,0.8,0.3333333,0.373,2000
tep,3,0,JAC-1NN,missing_events,0.8,0.5,0.4405,2000
tep,3,0,JAC-1NN,missing_events,0.8,0.6666667,0.5645,2000
tep,3,0,JAC-1NN,missing_events,0.8,0.8333333,0.6325,2000
tep,3,0,JAC-1NN,missing_events,0.8,1.0,0.6865,2000
tep,3,0,JAC-1NN,missing_events,0.9,0.1666667,0.302,2000
tep,3,0,JAC-1NN,missing_events,0.9,0.3333333,0.302,2000
tep,3,0,JAC-1NN,missing_events,0.9,0.5,0.3485,2000
tep,3,0,JAC-1NN,missing_events,0.9,0.6666667,0.4225,2000
tep,3,0,JAC-1NN,missing_events,0.9,0.8333333,0.4835,2000
tep,3,0,JAC-1NN,missing_events,0.9,1.0,0.523,2000
tep,3,0,JAC-1NN,mixed_missing_spurious,0.0,0.1666667,0.62,2000
tep,3,0,JAC-1NN,mixed_missing_spurious,0.0,0.3333333,0.62,2000
tep,3,0,JAC-1NN,mixed_missing_spurious,0.0,0.5,0.775,2000
tep,3,0,JAC-1NN,mixed_missing_spurious,0.0,0.6666667,0.895,2000
tep,3,0,JAC-1NN,mixed_missing_spurious,0.0,0.8333333,0.92,2000
tep,3,0,JAC-1NN,mixed_missing_spurious,0.0,1.0,0.93,2000
tep,3,0,JAC-1NN,mixed_missing_spurious,0.05,0.1666667,0.6245,2000
tep,3,0,JAC-1NN,mixed_missing_spurious,0.05,0.3333333,0.6245,2000
tep,3,0,JAC-1NN,mixed_missing_spurious,0.05,0.5,0.7565,2000
tep,3,0,JAC-1NN,mixed_missing_spurious,0.05,0.6666667,0.871,2000
tep,3,0,JAC-1NN,mixed_missing_spurious,0.05,0.8333333,0.8955,2000
tep,3,0,JAC-1NN,mixed_missing_spurious,0.05,1.0,0.9195,2000
tep,3,0,JAC-1NN,mixed_missing_spurious,0.1,0.1666667,0.5995,2000
tep,3,0,JAC-1NN,mixed_missing_spurious,0.1,0.3333333,0.5995,2000
tep,3,0,JAC-1NN,mixed_missing_spurious,0.1,0.5,0.745,2000
tep,3,0,JAC-1NN,mixed_missing_spurious,0.1,0.6666667,0.8305,2000
tep,3,0,JAC-1NN,mixed_missing_spurious,0.1,0.8333333,0.856,2000
tep,3,0,JAC-1NN,mixed_missing_spurious,0.1,1.0,0.903,2000
tep,3,0,JAC-1NN,mixed_missing_spurious,0.15,0.1666667,0.586,2000
tep,3,0,JAC-1NN,mixed_missing_spurious,0.15,0.3333333,0.586,2000
tep,3,0,JAC-1NN,mixed_missing_spurious,0.15,0.5,0.7265,2000
tep,3,0,JAC-1NN,mixed_missing_spurious,0.15,0.6666667,0.81,2000
tep,3,0,JAC-1NN,mixed_missing_spurious,0.15,0.8333333,0.8335,2000
tep,3,0,JAC-1NN,mixed_missing_spurious,0.15,1.0,0.8815,2000
tep,3,0,JAC-1NN,mixed_missing_spurious,0.2,0.1666667,0.58,2000
tep,3,0,JAC-1NN,mixed_missing_spurious,0.2,0.3333333,0.58,2000
tep,3,0,JAC-1NN,mixed_missing_spurious,0.2,0.5,0.6905,2000
tep,3,0,JAC-1NN,mixed_missing_spurious,0.2,0.6666667,0.788,2000
tep,3,0,JAC-1NN,mixed_missing_spurious,0.2,0.8333333,0.8095,2000
tep,3,0,JAC-1NN,mixed_missing_spurious,0.2,1.0,0.8655,2000
tep,3,0,JAC-1NN,mixed_missing_spurious,0.25,0.1666667,0.5665,2000
tep,3,0,JAC-1NN,mixed_missing_spurious,0.25,0.3333333,0.5665,2000
tep,3,0,JAC-1NN,mixed_missing_spurious,0.25,0.5,0.685,2000
tep,3,0,JAC-1NN,mixed_missing_spurious,0.25,0.6666667,0.767,2000
tep,3,0,JAC-1NN,mixed_missing_spurious,0.25,0.8333333,0.7755,2000
tep,3,0,JAC-1NN,mixed_missing_spurious,0.25,1.0,0.8515,2000
tep,3,0,JAC-1NN,mixed_missing_spurious,0.3,0.1666667,0.55,2000
tep,3,0,JAC-1NN,mixed_missing_spurious,0.3,0.3333333,0.55,2000
tep,3,0,JAC-1NN,mixed_missing_spurious,0.3,0.5,0.6615,2000
tep,3,0,JAC-1NN,mixed_missing_spurious,0.3,0.6666667,0.756,2000
tep,3,0,JAC-1NN,mixed_missing_spurious,0.3,0.8333333,0.7725,2000
tep,3,0,JAC-1NN,mixed_missing_spurious,0.3,1.0,0.8295,2000
tep,3,0,JAC-1NN,mixed_missing_spurious,0.4,0.1666667,0.5085,2000
tep,3,0,JAC-1NN,mixed_missing_spurious,0.4,0.3333333,0.5085,2000
tep,3,0,JAC-1NN,mixed_missing_spurious,0.4,0.5,0.6255,2000
tep,3,0,JAC-1NN,mixed_missing_spurious,0.4,0.6666667,0.73,2000
tep,3,0,JAC-1NN,mixed_missing_spurious,0.4,0.8333333,0.743,2000
tep,3,0,JAC-1NN,mixed_missing_spurious,0.4,1.0,0.786,2000
tep,3,0,JAC-1NN,mixed_missing_spurious,0.5,0.1666667,0.494,2000
tep,3,0,JAC-1NN,mixed_missing_spurious,0.5,0.3333333,0.494,2000
tep,3,0,JAC-1NN,mixed_missing_spurious,0.5,0.5,0.6,2000
tep,3,0,JAC-1NN,mixed_missing_spurious,0.5,0.6666667,0.694,2000
tep,3,0,JAC-1NN,mixed_missing_spurious,0.5,0.8333333,0.713,2000
tep,3,0,JAC-1NN,mixed_missing_spurious,0.5,1.0,0.762,2000
tep,3,0,JAC-1NN,mixed_missing_spurious,0.6,0.1666667,0.4525,2000
tep,3,0,JAC-1NN,mixed_missing_spurious,0.6,0.3333333,0.4525,2000
tep,3,0,JAC-1NN,mixed_missing_spurious,0.6,0.5,0.5475,2000
tep,3,0,JAC-1NN,mixed_missing_spurious,0.6,0.6666667,0.6595,2000
tep,3,0,JAC-1NN,mixed_missing_spurious,0.6,0.8333333,0.6855,2000
tep,3,0,JAC-1NN,mixed_missing_spurious,0.6,1.0,0.7315,2000
tep,3,0,JAC-1NN,mixed_missing_spurious,0.7,0.1666667,0.423,2000
tep,3,0,JAC-1NN,mixed_missing_spurious,0.7,0.3333333,0.423,2000
tep,3,0,JAC-1NN,mixed_missing_spurious,0.7,0.5,0.5,2000
tep,3,0,JAC-1NN,mixed_missing_spurious,0.7,0.6666667,0.6,2000
tep,3,0,JAC-1NN,mixed_missing_spurious,0.7,0.8333333,0.6395,2000
tep,3,0,JAC-1NN,mixed_missing_spurious,0.7,1.0,0.708,2000
tep,3,0,JAC-1NN,mixed_missing_spurious,0.8,0.1666667,0.3705,2000
tep,3,0,JAC-1NN,mixed_missing_spurious,0.8,0.3333333,0.3705,2000
tep,3,0,JAC-1NN,mixed_missing_spurious,0.8,0.5,0.432,2000
tep,3,0,JAC-1NN,mixed_missing_spurious,0.8,0.6666667,0.529,2000
tep,3,0,JAC-1NN,mixed_missing_spurious,0.8,0.8333333,0.5945,2000
tep,3,0,JAC-1NN,mixed_missing_spurious,0.8,1.0,0.667,2000
tep,3,0,JAC-1NN,mixed_missing_spurious,0.9,0.1666667,0.294,2000
tep,3,0,JAC-1NN,mixed_missing_spurious,0.9,0.3333333,0.294,2000
tep,3,0,JAC-1NN,mixed_missing_spurious,0.9,0.5,0.338,2000
tep,3,0,JAC-1NN,mixed_missing_spurious,0.9,0.6666667,0.3905,2000
tep,3,0,JAC-1NN,mixed_missing_spurious,0.9,0.8333333,0.452,2000
tep,3,0,JAC-1NN,mixed_missing_spurious,0.9,1.0,0.56,2000
tep,3,0,JAC-1NN,mixed_spurious_timing_late,0.0,0.1666667,0.62,2000
tep,3,0,JAC-1NN,mixed_spurious_timing_late,0.0,0.3333333,0.62,2000
tep,3,0,JAC-1NN,mixed_spurious_timing_late,0.0,0.5,0.775,2000
tep,3,0,JAC-1NN,mixed_spurious_timing_late,0.0,0.6666667,0.895,2000
tep,3,0,JAC-1NN,mixed_spurious_timing_late,0.0,0.8333333,0.92,2000
tep,3,0,JAC-1NN,mixed_spurious_timing_late,0.0,1.0,0.93,2000
tep,3,0,JAC-1NN,mixed_spurious_timing_late,0.05,0.1666667,0.499,2000
tep,3,0,JAC-1NN,mixed_spurious_timing_late,0.05,0.3333333,0.499,2000
tep,3,0,JAC-1NN,mixed_spurious_timing_late,0.05,0.5,0.6695,2000
tep,3,0,JAC-1NN,mixed_spurious_timing_late,0.05,0.6666667,0.8015,2000
tep,3,0,JAC-1NN,mixed_spurious_timing_late,0.05,0.8333333,0.835,2000
tep,3,0,JAC-1NN,mixed_spurious_timing_late,0.05,1.0,0.875,2000
tep,3,0,JAC-1NN,mixed_spurious_timing_late,0.1,0.1666667,0.4915,2000
tep,3,0,JAC-1NN,mixed_spurious_timing_late,0.1,0.3333333,0.4915,2000
tep,3,0,JAC-1NN,mixed_spurious_timing_late,0.1,0.5,0.718,2000
tep,3,0,JAC-1NN,mixed_spurious_timing_late,0.1,0.6666667,0.7855,2000
tep,3,0,JAC-1NN,mixed_spurious_timing_late,0.1,0.8333333,0.834,2000
tep,3,0,JAC-1NN,mixed_spurious_timing_late,0.1,1.0,0.8665,2000
tep,3,0,JAC-1NN,mixed_spurious_timing_late,0.15,0.1666667,0.468,2000
tep,3,0,JAC-1NN,mixed_spurious_timing_late,0.15,0.3333333,0.468,2000
tep,3,0,JAC-1NN,mixed_spurious_timing_late,0.15,0.5,0.7215,2000
tep,3,0,JAC-1NN,mixed_spurious_timing_late,0.15,0.6666667,0.7755,2000
tep,3,0,JAC-1NN,mixed_spurious_timing_late,0.15,0.8333333,0.836,2000
tep,3,0,JAC-1NN,mixed_spurious_timing_late,0.15,1.0,0.8595,2000
tep,3,0,JAC-1NN,mixed_spurious_timing_late,0.2,0.1666667,0.4825,2000
tep,3,0,JAC-1NN,mixed_spurious_timing_late,0.2,0.3333333,0.4825,2000
tep,3,0,JAC-1NN,mixed_spurious_timing_late,0.2,0.5,0.692,2000
tep,3,0,JAC-1NN,mixed_spurious_timing_late,0.2,0.6666667,0.7775,2000
tep,3,0,JAC-1NN,mixed_spurious_timing_late,0.2,0.8333333,0.7775,2000
tep,3,0,JAC-1NN,mixed_spurious_timing_late,0.2,1.0,0.833,2000
tep,3,0,JAC-1NN,mixed_spurious_timing_late,0.25,0.1666667,0.515,2000
tep,3,0,JAC-1NN,mixed_spurious_timing_late,0.25,0.3333333,0.515,2000
tep,3,0,JAC-1NN,mixed_spurious_timing_late,0.25,0.5,0.6775,2000
tep,3,0,JAC-1NN,mixed_spurious_timing_late,0.25,0.6666667,0.6775,2000
tep,3,0,JAC-1NN,mixed_spurious_timing_late,0.25,0.8333333,0.777,2000
tep,3,0,JAC-1NN,mixed_spurious_timing_late,0.25,1.0,0.813,2000
tep,3,0,JAC-1NN,mixed_spurious_timing_late,0.3,0.1666667,0.5495,2000
tep,3,0,JAC-1NN,mixed_spurious_timing_late,0.3,0.3333333,0.5495,2000
tep,3,0,JAC-1NN,mixed_spurious_timing_late,0.3,0.5,0.7145,2000
tep,3,0,JAC-1NN,mixed_spurious_timing_late,0.3,0.6666667,0.7145,2000
tep,3,0,JAC-1NN,mixed_spurious_timing_late,0.3,0.8333333,0.7795,2000
tep,3,0,JAC-1NN,mixed_spurious_timing_late,0.3,1.0,0.795,2000
tep,3,0,JAC-1NN,mixed_spurious_timing_late,0.4,0.1666667,0.551,2000
tep,3,0,JAC-1NN,mixed_spurious_timing_late,0.4,0.3333333,0.551,2000
tep,3,0,JAC-1NN,mixed_spurious_timing_late,0.4,0.5,0.551,2000
tep,3,0,JAC-1NN,mixed_spurious_timing_late,0.4,0.6666667,0.7215,2000
tep,3,0,JAC-1NN,mixed_spurious_timing_late,0.4,0.8333333,0.7215,2000
tep,3,0,JAC-1NN,mixed_spurious_timing_late,0.4,1.0,0.7575,2000
tep,3,0,JAC-1NN,mixed_spurious_timing_late,0.5,0.1666667,0.562,2000
tep,3,0,JAC-1NN,mixed_spurious_timing_late,0.5,0.3333333,0.562,2000
tep,3,0,JAC-1NN,mixed_spurious_timing_late,0.5,0.5,0.562,2000
tep,3,0,JAC-1NN,mixed_spurious_timing_late,0.5,0.6666667,0.562,2000
tep,3,0,JAC-1NN,mixed_spurious_timing_late,0.5,0.8333333,0.676,2000
tep,3,0,JAC-1NN,mixed_spurious_timing_late,0.5,1.0,0.697,2000
tep,3,0,JAC-1NN,mixed_spurious_timing_late,0.6,0.1666667,0.5465,2000
tep,3,0,JAC-1NN,mixed_spurious_timing_late,0.6,0.3333333,0.5465,2000
tep,3,0,JAC-1NN,mixed_spurious_timing_late,0.6,0.5,0.5465,2000
tep,3,0,JAC-1NN,mixed_spurious_timing_late,0.6,0.6666667,0.5465,2000
tep,3,0,JAC-1NN,mixed_spurious_timing_late,0.6,0.8333333,0.5465,2000
tep,3,0,JAC-1NN,mixed_spurious_timing_late,0.6,1.0,0.632,2000
tep,3,0,JAC-1NN,mixed_spurious_timing_late,0.7,0.1666667,0.4645,2000
tep,3,0,JAC-1NN,mixed_spurious_timing_late,0.7,0.3333333,0.4645,2000
tep,3,0,JAC-1NN,mixed_spurious_timing_late,0.7,0.5,0.4645,2000
tep,3,0,JAC-1NN,mixed_spurious_timing_late,0.7,0.6666667,0.4645,2000
tep,3,0,JAC-1NN,mixed_spurious_timing_late,0.7,0.8333333,0.4645,2000
tep,3,0,JAC-1NN,mixed_spurious_timing_late,0.7,1.0,0.556,2000
tep,3,0,JAC-1NN,mixed_spurious_timing_late,0.8,0.1666667,0.4415,2000
tep,3,0,JAC-1NN,mixed_spurious_timing_late,0.8,0.3333333,0.4415,2000
tep,3,0,JAC-1NN,mixed_spurious_timing_late,0.8,0.5,0.4415,2000
tep,3,0,JAC-1NN,mixed_spurious_timing_late,0.8,0.6666667,0.4415,2000
tep,3,0,JAC-1NN,mixed_spurious_timing_late,0.8,0.8333333,0.4415,2000
tep,3,0,JAC-1NN,mixed_spurious_timing_late,0.8,1.0,0.4605,2000
tep,3,0,JAC-1NN,mixed_spurious_timing_late,0.9,0.1666667,0.3585,2000
tep,3,0,JAC-1NN,mixed_spurious_timing_late,0.9,0.3333333,0.3585,2000
tep,3,0,JAC-1NN,mixed_spurious_timing_late,0.9,0.5,0.3585,2000
tep,3,0,JAC-1NN,mixed_spurious_timing_late,0.9,0.6666667,0.3585,2000
tep,3,0,JAC-1NN,mixed_spurious_timing_late,0.9,0.8333333,0.3585,2000
tep,3,0,JAC-1NN,mixed_spurious_timing_late,0.9,1.0,0.3585,2000
tep,3,0,JAC-1NN,spurious_events,0.0,0.1666667,0.62,2000
tep,3,0,JAC-1NN,spurious_events,0.0,0.3333333,0.62,2000
tep,3,0,JAC-1NN,spurious_events,0.0,0.5,0.775,2000
tep,3,0,JAC-1NN,spurious_events,0.0,0.6666667,0.895,2000
tep,3,0,JAC-1NN,spurious_events,0.0,0.8333333,0.92,2000
tep,3,0,JAC-1NN,spurious_events,0.0,1.0,0.93,2000
tep,3,0,JAC-1NN,spurious_events,0.05,0.1666667,0.6185,2000
tep,3,0,JAC-1NN,spurious_events,0.05,0.3333333,0.6185,2000
tep,3,0,JAC-1NN,spurious_events,0.05,0.5,0.7725,2000
tep,3,0,JAC-1NN,spurious_events,0.05,0.6666667,0.874,2000
tep,3,0,JAC-1NN,spurious_events,0.05,0.8333333,0.898,2000
tep,3,0,JAC-1NN,spurious_events,0.05,1.0,0.9135,2000
tep,3,0,JAC-1NN,spurious_events,0.1,0.1666667,0.6215,2000
tep,3,0,JAC-1NN,spurious_events,0.1,0.3333333,0.6215,2000
tep,3,0,JAC-1NN,spurious_events,0.1,0.5,0.757,2000
tep,3,0,JAC-1NN,spurious_events,0.1,0.6666667,0.861,2000
tep,3,0,JAC-1NN,spurious_events,0.1,0.8333333,0.868,2000
tep,3,0,JAC-1NN,spurious_events,0.1,1.0,0.913,2000
tep,3,0,JAC-1NN,spurious_events,0.15,0.1666667,0.618,2000
tep,3,0,JAC-1NN,spurious_events,0.15,0.3333333,0.618,2000
tep,3,0,JAC-1NN,spurious_events,0.15,0.5,0.7225,2000
tep,3,0,JAC-1NN,spurious_events,0.15,0.6666667,0.813,2000
tep,3,0,JAC-1NN,spurious_events,0.15,0.8333333,0.8245,2000
tep,3,0,JAC-1NN,spurious_events,0.15,1.0,0.87,2000
tep,3,0,JAC-1NN,spurious_events,0.2,0.1666667,0.5975,2000
tep,3,0,JAC-1NN,spurious_events,0.2,0.3333333,0.5975,2000
tep,3,0,JAC-1NN,spurious_events,0.2,0.5,0.7155,2000
tep,3,0,JAC-1NN,spurious_events,0.2,0.6666667,0.7895,2000
tep,3,0,JAC-1NN,spurious_events,0.2,0.8333333,0.7945,2000
tep,3,0,JAC-1NN,spurious_events,0.2,1.0,0.8495,2000
tep,3,0,JAC-1NN,spurious_events,0.25,0.1666667,0.596,2000
tep,3,0,JAC-1NN,spurious_events,0.25,0.3333333,0.596,2000
tep,3,0,JAC-1NN,spurious_events,0.25,0.5,0.7005,2000
tep,3,0,JAC-1NN,spurious_events,0.25,0.6666667,0.7435,2000
tep,3,0,JAC-1NN,spurious_events,0.25,0.8333333,0.748,2000
tep,3,0,JAC-1NN,spurious_events,0.25,1.0,0.8035,2000
tep,3,0,JAC-1NN,spurious_events,0.3,0.1666667,0.6075,2000
tep,3,0,JAC-1NN,spurious_events,0.3,0.3333333,0.6075,2000
tep,3,0,JAC-1NN,spurious_events,0.3,0.5,0.6905,2000
tep,3,0,JAC-1NN,spurious_events,0.3,0.6666667,0.7315,2000
tep,3,0,JAC-1NN,spurious_events,0.3,0.8333333,0.7135,2000
tep,3,0,JAC-1NN,spurious_events,0.3,1.0,0.7675,2000
tep,3,0,JAC-1NN,spurious_events,0.4,0.1666667,0.5725,2000
tep,3,0,JAC-1NN,spurious_events,0.4,0.3333333,0.5725,2000
tep,3,0,JAC-1NN,spurious_events,0.4,0.5,0.644,2000
tep,3,0,JAC-1NN,spurious_events,0.4,0.6666667,0.664,2000
tep,3,0,JAC-1NN,spurious_events,0.4,0.8333333,0.6315,2000
tep,3,0,JAC-1NN,spurious_events,0.4,1.0,0.647,2000
tep,3,0,JAC-1NN,spurious_events,0.5,0.1666667,0.553,2000
tep,3,0,JAC-1NN,spurious_events,0.5,0.3333333,0.553,2000
tep,3,0,JAC-1NN,spurious_events,0.5,0.5,0.6025,2000
tep,3,0,JAC-1NN,spurious_events,0.5,0.6666667,0.612,2000
tep,3,0,JAC-1NN,spurious_events,0.5,0.8333333,0.5685,2000
tep,3,0,JAC-1NN,spurious_events,0.5,1.0,0.5405,2000
tep,3,0,JAC-1NN,spurious_events,0.6,0.1666667,0.5575,2000
tep,3,0,JAC-1NN,spurious_events,0.6,0.3333333,0.5575,2000
tep,3,0,JAC-1NN,spurious_events,0.6,0.5,0.585,2000
tep,3,0,JAC-1NN,spurious_events,0.6,0.6666667,0.5485,2000
tep,3,0,JAC-1NN,spurious_events,0.6,0.8333333,0.5045,2000
tep,3,0,JAC-1NN,spurious_events,0.6,1.0,0.4545,2000
tep,3,0,JAC-1NN,spurious_events,0.7,0.1666667,0.558,2000
tep,3,0,JAC-1NN,spurious_events,0.7,0.3333333,0.558,2000
tep,3,0,JAC-1NN,spurious_events,0.7,0.5,0.561,2000
tep,3,0,JAC-1NN,spurious_events,0.7,0.6666667,0.5125,2000
tep,3,0,JAC-1NN,spurious_events,0.7,0.8333333,0.473,2000
tep,3,0,JAC-1NN,spurious_events,0.7,1.0,0.3985,2000
tep,3,0,JAC-1NN,spurious_events,0.8,0.1666667,0.534,2000
tep,3,0,JAC-1NN,spurious_events,0.8,0.3333333,0.534,2000
tep,3,0,JAC-1NN,spurious_events,0.8,0.5,0.5255,2000
tep,3,0,JAC-1NN,spurious_events,0.8,0.6666667,0.477,2000
tep,3,0,JAC-1NN,spurious_events,0.8,0.8333333,0.435,2000
tep,3,0,JAC-1NN,spurious_events,0.8,1.0,0.368,2000
tep,3,0,JAC-1NN,spurious_events,0.9,0.1666667,0.534,2000
tep,3,0,JAC-1NN,spurious_events,0.9,0.3333333,0.534,2000
tep,3,0,JAC-1NN,spurious_events,0.9,0.5,0.4925,2000
tep,3,0,JAC-1NN,spurious_events,0.9,0.6666667,0.4525,2000
tep,3,0,JAC-1NN,spurious_events,0.9,0.8333333,0.409,2000
tep,3,0,JAC-1NN,spurious_events,0.9,1.0,0.348,2000
tep,3,0,JAC-1NN,timing_uncertainty,0.0,0.1666667,0.62,2000
tep,3,0,JAC-1NN,timing_uncertainty,0.0,0.3333333,0.62,2000
tep,3,0,JAC-1NN,timing_uncertainty,0.0,0.5,0.775,2000
tep,3,0,JAC-1NN,timing_uncertainty,0.0,0.6666667,0.895,2000
tep,3,0,JAC-1NN,timing_uncertainty,0.0,0.8333333,0.92,2000
tep,3,0,JAC-1NN,timing_uncertainty,0.0,1.0,0.93,2000
tep,3,0,JAC-1NN,timing_uncertainty,0.05,0.1666667,0.6175,2000
tep,3,0,JAC-1NN,timing_uncertainty,0.05,0.3333333,0.6175,2000
tep,3,0,JAC-1NN,timing_uncertainty,0.05,0.5,0.769,2000
tep,3,0,JAC-1NN,timing_uncertainty,0.05,0.6666667,0.8965,2000
tep,3,0,JAC-1NN,timing_uncertainty,0.05,0.8333333,0.918,2000
tep,3,0,JAC-1NN,timing_uncertainty,0.05,1.0,0.9275,2000
tep,3,0,JAC-1NN,timing_uncertainty,0.1,0.1666667,0.62,2000
tep,3,0,JAC-1NN,timing_uncertainty,0.1,0.3333333,0.62,2000
tep,3,0,JAC-1NN,timing_uncertainty,0.1,0.5,0.7765,2000
tep,3,0,JAC-1NN,timing_uncertainty,0.1,0.6666667,0.9015,2000
tep,3,0,JAC-1NN,timing_uncertainty,0.1,0.8333333,0.923,2000
tep,3,0,JAC-1NN,timing_uncertainty,0.1,1.0,0.9305,2000
tep,3,0,JAC-1NN,timing_uncertainty,0.15,0.1666667,0.615,2000
tep,3,0,JAC-1NN,timing_uncertainty,0.15,0.3333333,0.615,2000
tep,3,0,JAC-1NN,timing_uncertainty,0.15,0.5,0.7725,2000
tep,3,0,JAC-1NN,timing_uncertainty,0.15,0.6666667,0.896,2000
tep,3,0,JAC-1NN,timing_uncertainty,0.15,0.8333333,0.9185,2000
tep,3,0,JAC-1NN,timing_uncertainty,0.15,1.0,0.9295,2000
tep,3,0,JAC-1NN,timing_uncertainty,0.2,0.1666667,0.6215,2000
tep,3,0,JAC-1NN,timing_uncertainty,0.2,0.3333333,0.6215,2000
tep,3,0,JAC-1NN,timing_uncertainty,0.2,0.5,0.776,2000
tep,3,0,JAC-1NN,timing_uncertainty,0.2,0.6666667,0.8985,2000
tep,3,0,JAC-1NN,timing_uncertainty,0.2,0.8333333,0.9215,2000
tep,3,0,JAC-1NN,timing_uncertainty,0.2,1.0,0.9295,2000
tep,3,0,JAC-1NN,timing_uncertainty,0.25,0.1666667,0.6205,2000
tep,3,0,JAC-1NN,timing_uncertainty,0.25,0.3333333,0.6205,2000
tep,3,0,JAC-1NN,timing_uncertainty,0.25,0.5,0.7715,2000
tep,3,0,JAC-1NN,timing_uncertainty,0.25,0.6666667,0.891,2000
tep,3,0,JAC-1NN,timing_uncertainty,0.25,0.8333333,0.916,2000
tep,3,0,JAC-1NN,timing_uncertainty,0.25,1.0,0.927,2000
tep,3,0,JAC-1NN,timing_uncertainty,0.3,0.1666667,0.6115,2000
tep,3,0,JAC-1NN,timing_uncertainty,0.3,0.3333333,0.6115,2000
tep,3,0,JAC-1NN,timing_uncertainty,0.3,0.5,0.772,2000
tep,3,0,JAC-1NN,timing_uncertainty,0.3,0.6666667,0.8935,2000
tep,3,0,JAC-1NN,timing_uncertainty,0.3,0.8333333,0.919,2000
tep,3,0,JAC-1NN,timing_uncertainty,0.3,1.0,0.9295,2000
tep,3,0,JAC-1NN,timing_uncertainty,0.4,0.1666667,0.6145,2000
tep,3,0,JAC-1NN,timing_uncertainty,0.4,0.3333333,0.6145,2000
tep,3,0,JAC-1NN,timing_uncertainty,0.4,0.5,0.7615,2000
tep,3,0,JAC-1NN,timing_uncertainty,0.4,0.6666667,0.8925,2000
tep,3,0,JAC-1NN,timing_uncertainty,0.4,0.8333333,0.9165,2000
tep,3,0,JAC-1NN,timing_uncertainty,0.4,1.0,0.93,2000
tep,3,0,JAC-1NN,timing_uncertainty,0.5,0.1666667,0.6245,2000
tep,3,0,JAC-1NN,timing_uncertainty,0.5,0.3333333,0.6245,2000
tep,3,0,JAC-1NN,timing_uncertainty,0.5,0.5,0.774,2000
tep,3,0,JAC-1NN,timing_uncertainty,0.5,0.6666667,0.89,2000
tep,3,0,JAC-1NN,timing_uncertainty,0.5,0.8333333,0.9175,2000
tep,3,0,JAC-1NN,timing_uncertainty,0.5,1.0,0.927,2000
tep,3,0,JAC-1NN,timing_uncertainty,0.6,0.1666667,0.6145,2000
tep,3,0,JAC-1NN,timing_uncertainty,0.6,0.3333333,0.6145,2000
tep,3,0,JAC-1NN,timing_uncertainty,0.6,0.5,0.7765,2000
tep,3,0,JAC-1NN,timing_uncertainty,0.6,0.6666667,0.898,2000
tep,3,0,JAC-1NN,timing_uncertainty,0.6,0.8333333,0.9225,2000
tep,3,0,JAC-1NN,timing_uncertainty,0.6,1.0,0.927,2000
tep,3,0,JAC-1NN,timing_uncertainty,0.7,0.1666667,0.631,2000
tep,3,0,JAC-1NN,timing_uncertainty,0.7,0.3333333,0.631,2000
tep,3,0,JAC-1NN,timing_uncertainty,0.7,0.5,0.7715,2000
tep,3,0,JAC-1NN,timing_uncertainty,0.7,0.6666667,0.8905,2000
tep,3,0,JAC-1NN,timing_uncertainty,0.7,0.8333333,0.917,2000
tep,3,0,JAC-1NN,timing_uncertainty,0.7,1.0,0.9265,2000
tep,3,0,JAC-1NN,timing_uncertainty,0.8,0.1666667,0.641,2000
tep,3,0,JAC-1NN,timing_uncertainty,0.8,0.3333333,0.641,2000
tep,3,0,JAC-1NN,timing_uncertainty,0.8,0.5,0.787,2000
tep,3,0,JAC-1NN,timing_uncertainty,0.8,0.6666667,0.8945,2000
tep,3,0,JAC-1NN,timing_uncertainty,0.8,0.8333333,0.922,2000
tep,3,0,JAC-1NN,timing_uncertainty,0.8,1.0,0.931,2000
tep,3,0,JAC-1NN,timing_uncertainty,0.9,0.1666667,0.629,2000
tep,3,0,JAC-1NN,timing_uncertainty,0.9,0.3333333,0.629,2000
tep,3,0,JAC-1NN,timing_uncertainty,0.9,0.5,0.7965,2000
tep,3,0,JAC-1NN,timing_uncertainty,0.9,0.6666667,0.8935,2000
tep,3,0,JAC-1NN,timing_uncertainty,0.9,0.8333333,0.918,2000
tep,3,0,JAC-1NN,timing_uncertainty,0.9,1.0,0.9275,2000
tep,3,0,MBW-LR,late_time_delay,0.0,0.1666667,0.755,2000
tep,3,0,MBW-LR,late_time_delay,0.0,0.3333333,0.755,2000
tep,3,0,MBW-LR,late_time_delay,0.0,0.5,0.845,2000
tep,3,0,MBW-LR,late_time_delay,0.0,0.6666667,0.925,2000
tep,3,0,MBW-LR,late_time_delay,0.0,0.8333333,0.96,2000
tep,3,0,MBW-LR,late_time_delay,0.0,1.0,0.995,2000
tep,3,0,MBW-LR,late_time_delay,0.05,0.1666667,0.62,2000
tep,3,0,MBW-LR,late_time_delay,0.05,0.3333333,0.62,2000
tep,3,0,MBW-LR,late_time_delay,0.05,0.5,0.815,2000
tep,3,0,MBW-LR,late_time_delay,0.05,0.6666667,0.945,2000
tep,3,0,MBW-LR,late_time_delay,0.05,0.8333333,0.96,2000
tep,3,0,MBW-LR,late_time_delay,0.05,1.0,0.99,2000
tep,3,0,MBW-LR,late_time_delay,0.1,0.1666667,0.705,2000
tep,3,0,MBW-LR,late_time_delay,0.1,0.3333333,0.705,2000
tep,3,0,MBW-LR,late_time_delay,0.1,0.5,0.85,2000
tep,3,0,MBW-LR,late_time_delay,0.1,0.6666667,0.945,2000
tep,3,0,MBW-LR,late_time_delay,0.1,0.8333333,0.97,2000
tep,3,0,MBW-LR,late_time_delay,0.1,1.0,0.98,2000
tep,3,0,MBW-LR,late_time_delay,0.15,0.1666667,0.64,2000
tep,3,0,MBW-LR,late_time_delay,0.15,0.3333333,0.64,2000
tep,3,0,MBW-LR,late_time_delay,0.15,0.5,0.825,2000
tep,3,0,MBW-LR,late_time_delay,0.15,0.6666667,0.94,2000
tep,3,0,MBW-LR,late_time_delay,0.15,0.8333333,0.98,2000
tep,3,0,MBW-LR,late_time_delay,0.15,1.0,0.985,2000
tep,3,0,MBW-LR,late_time_delay,0.2,0.1666667,0.595,2000
tep,3,0,MBW-LR,late_time_delay,0.2,0.3333333,0.595,2000
tep,3,0,MBW-LR,late_time_delay,0.2,0.5,0.785,2000
tep,3,0,MBW-LR,late_time_delay,0.2,0.6666667,0.955,2000
tep,3,0,MBW-LR,late_time_delay,0.2,0.8333333,0.955,2000
tep,3,0,MBW-LR,late_time_delay,0.2,1.0,0.99,2000
tep,3,0,MBW-LR,late_time_delay,0.25,0.1666667,0.64,2000
tep,3,0,MBW-LR,late_time_delay,0.25,0.3333333,0.64,2000
tep,3,0,MBW-LR,late_time_delay,0.25,0.5,0.8,2000
tep,3,0,MBW-LR,late_time_delay,0.25,0.6666667,0.8,2000
tep,3,0,MBW-LR,late_time_delay,0.25,0.8333333,0.945,2000
tep,3,0,MBW-LR,late_time_delay,0.25,1.0,0.965,2000
tep,3,0,MBW-LR,late_time_delay,0.3,0.1666667,0.715,2000
tep,3,0,MBW-LR,late_time_delay,0.3,0.3333333,0.715,2000
tep,3,0,MBW-LR,late_time_delay,0.3,0.5,0.905,2000
tep,3,0,MBW-LR,late_time_delay,0.3,0.6666667,0.905,2000
tep,3,0,MBW-LR,late_time_delay,0.3,0.8333333,0.97,2000
tep,3,0,MBW-LR,late_time_delay,0.3,1.0,0.97,2000
tep,3,0,MBW-LR,late_time_delay,0.4,0.1666667,0.72,2000
tep,3,0,MBW-LR,late_time_delay,0.4,0.3333333,0.72,2000
tep,3,0,MBW-LR,late_time_delay,0.4,0.5,0.72,2000
tep,3,0,MBW-LR,late_time_delay,0.4,0.6666667,0.915,2000
tep,3,0,MBW-LR,late_time_delay,0.4,0.8333333,0.915,2000
tep,3,0,MBW-LR,late_time_delay,0.4,1.0,0.945,2000
tep,3,0,MBW-LR,late_time_delay,0.5,0.1666667,0.78,2000
tep,3,0,MBW-LR,late_time_delay,0.5,0.3333333,0.78,2000
tep,3,0,MBW-LR,late_time_delay,0.5,0.5,0.78,2000
tep,3,0,MBW-LR,late_time_delay,0.5,0.6666667,0.78,2000
tep,3,0,MBW-LR,late_time_delay,0.5,0.8333333,0.9,2000
tep,3,0,MBW-LR,late_time_delay,0.5,1.0,0.91,2000
tep,3,0,MBW-LR,late_time_delay,0.6,0.1666667,0.715,2000
tep,3,0,MBW-LR,late_time_delay,0.6,0.3333333,0.715,2000
tep,3,0,MBW-LR,late_time_delay,0.6,0.5,0.715,2000
tep,3,0,MBW-LR,late_time_delay,0.6,0.6666667,0.715,2000
tep,3,0,MBW-LR,late_time_delay,0.6,0.8333333,0.715,2000
tep,3,0,MBW-LR,late_time_delay,0.6,1.0,0.78,2000
tep,3,0,MBW-LR,late_time_delay,0.7,0.1666667,0.645,2000
tep,3,0,MBW-LR,late_time_delay,0.7,0.3333333,0.645,2000
tep,3,0,MBW-LR,late_time_delay,0.7,0.5,0.645,2000
tep,3,0,MBW-LR,late_time_delay,0.7,0.6666667,0.645,2000
tep,3,0,MBW-LR,late_time_delay,0.7,0.8333333,0.645,2000
tep,3,0,MBW-LR,late_time_delay,0.7,1.0,0.68,2000
tep,3,0,MBW-LR,late_time_delay,0.8,0.1666667,0.55,2000
tep,3,0,MBW-LR,late_time_delay,0.8,0.3333333,0.55,2000
tep,3,0,MBW-LR,late_time_delay,0.8,0.5,0.55,2000
tep,3,0,MBW-LR,late_time_delay,0.8,0.6666667,0.55,2000
tep,3,0,MBW-LR,late_time_delay,0.8,0.8333333,0.55,2000
tep,3,0,MBW-LR,late_time_delay,0.8,1.0,0.555,2000
tep,3,0,MBW-LR,late_time_delay,0.9,0.1666667,0.395,2000
tep,3,0,MBW-LR,late_time_delay,0.9,0.3333333,0.395,2000
tep,3,0,MBW-LR,late_time_delay,0.9,0.5,0.395,2000
tep,3,0,MBW-LR,late_time_delay,0.9,0.6666667,0.395,2000
tep,3,0,MBW-LR,late_time_delay,0.9,0.8333333,0.395,2000
tep,3,0,MBW-LR,late_time_delay,0.9,1.0,0.395,2000
tep,3,0,MBW-LR,missing_events,0.0,0.1666667,0.755,2000
tep,3,0,MBW-LR,missing_events,0.0,0.3333333,0.755,2000
tep,3,0,MBW-LR,missing_events,0.0,0.5,0.845,2000
tep,3,0,MBW-LR,missing_events,0.0,0.6666667,0.925,2000
tep,3,0,MBW-LR,missing_events,0.0,0.8333333,0.96,2000
tep,3,0,MBW-LR,missing_events,0.0,1.0,0.995,2000
tep,3,0,MBW-LR,missing_events,0.05,0.1666667,0.7405,2000
tep,3,0,MBW-LR,missing_events,0.05,0.3333333,0.7405,2000
tep,3,0,MBW-LR,missing_events,0.05,0.5,0.8385,2000
tep,3,0,MBW-LR,missing_events,0.05,0.6666667,0.9175,2000
tep,3,0,MBW-LR,missing_events,0.05,0.8333333,0.9535,2000
tep,3,0,MBW-LR,missing_events,0.05,1.0,0.987,2000
tep,3,0,MBW-LR,missing_events,0.1,0.1666667,0.7235,2000
tep,3,0,MBW-LR,missing_events,0.1,0.3333333,0.7235,2000
tep,3,0,MBW-LR,missing_events,0.1,0.5,0.8335,2000
tep,3,0,MBW-LR,missing_events,0.1,0.6666667,0.907,2000
tep,3,0,MBW-LR,missing_events,0.1,0.8333333,0.9455,2000
tep,3,0,MBW-LR,missing_events,0.1,1.0,0.9765,2000
tep,3,0,MBW-LR,missing_events,0.15,0.1666667,0.707,2000
tep,3,0,MBW-LR,missing_events,0.15,0.3333333,0.707,2000
tep,3,0,MBW-LR,missing_events,0.15,0.5,0.8235,2000
tep,3,0,MBW-LR,missing_events,0.15,0.6666667,0.911,2000
tep,3,0,MBW-LR,missing_events,0.15,0.8333333,0.9405,2000
tep,3,0,MBW-LR,missing_events,0.15,1.0,0.972,2000
tep,3,0,MBW-LR,missing_events,0.2,0.1666667,0.6875,2000
tep,3,0,MBW-LR,missing_events,0.2,0.3333333,0.6875,2000
tep,3,0,MBW-LR,missing_events,0.2,0.5,0.8095,2000
tep,3,0,MBW-LR,missing_events,0.2,0.6666667,0.8985,2000
tep,3,0,MBW-LR,missing_events,0.2,0.8333333,0.93,2000
tep,3,0,MBW-LR,missing_events,0.2,1.0,0.964,2000
tep,3,0,MBW-LR,missing_events,0.25,0.1666667,0.6825,2000
tep,3,0,MBW-LR,missing_events,0.25,0.3333333,0.6825,2000
tep,3,0,MBW-LR,missing_events,0.25,0.5,0.8185,2000
tep,3,0,MBW-LR,missing_events,0.25,0.6666667,0.898,2000
tep,3,0,MBW-LR,missing_events,0.25,0.8333333,0.932,2000
tep,3,0,MBW-LR,missing_events,0.25,1.0,0.961,2000
tep,3,0,MBW-LR,missing_events,0.3,0.1666667,0.6755,2000
tep,3,0,MBW-LR,missing_events,0.3,0.3333333,0.6755,2000
tep,3,0,MBW-LR,missing_events,0.3,0.5,0.8055,2000
tep,3,0,MBW-LR,missing_events,0.3,0.6666667,0.887,2000
tep,3,0,MBW-LR,missing_events,0.3,0.8333333,0.927,2000
tep,3,0,MBW-LR,missing_events,0.3,1.0,0.949,2000
tep,3,0,MBW-LR,missing_events,0.4,0.1666667,0.621,2000
tep,3,0,MBW-LR,missing_events,0.4,0.3333333,0.621,2000
tep,3,0,MBW-LR,missing_events,0.4,0.5,0.7645,2000
tep,3,0,MBW-LR,missing_events,0.4,0.6666667,0.866,2000
tep,3,0,MBW-LR,missing_events,0.4,0.8333333,0.913,2000
tep,3,0,MBW-LR,missing_events,0.4,1.0,0.9185,2000
tep,3,0,MBW-LR,missing_events,0.5,0.1666667,0.5785,2000
tep,3,0,MBW-LR,missing_events,0.5,0.3333333,0.5785,2000
tep,3,0,MBW-LR,missing_events,0.5,0.5,0.7405,2000
tep,3,0,MBW-LR,missing_events,0.5,0.6666667,0.8315,2000
tep,3,0,MBW-LR,missing_events,0.5,0.8333333,0.8865,2000
tep,3,0,MBW-LR,missing_events,0.5,1.0,0.8935,2000
tep,3,0,MBW-LR,missing_events,0.6,0.1666667,0.5475,2000
tep,3,0,MBW-LR,missing_events,0.6,0.3333333,0.5475,2000
tep,3,0,MBW-LR,missing_events,0.6,0.5,0.696,2000
tep,3,0,MBW-LR,missing_events,0.6,0.6666667,0.796,2000
tep,3,0,MBW-LR,missing_events,0.6,0.8333333,0.8565,2000
tep,3,0,MBW-LR,missing_events,0.6,1.0,0.879,2000
tep,3,0,MBW-LR,missing_events,0.7,0.1666667,0.496,2000
tep,3,0,MBW-LR,missing_events,0.7,0.3333333,0.496,2000
tep,3,0,MBW-LR,missing_events,0.7,0.5,0.641,2000
tep,3,0,MBW-LR,missing_events,0.7,0.6666667,0.7575,2000
tep,3,0,MBW-LR,missing_events,0.7,0.8333333,0.831,2000
tep,3,0,MBW-LR,missing_events,0.7,1.0,0.842,2000
tep,3,0,MBW-LR,missing_events,0.8,0.1666667,0.451,2000
tep,3,0,MBW-LR,missing_events,0.8,0.3333333,0.451,2000
tep,3,0,MBW-LR,missing_events,0.8,0.5,0.594,2000
tep,3,0,MBW-LR,missing_events,0.8,0.6666667,0.687,2000
tep,3,0,MBW-LR,missing_events,0.8,0.8333333,0.7735,2000
tep,3,0,MBW-LR,missing_events,0.8,1.0,0.797,2000
tep,3,0,MBW-LR,missing_events,0.9,0.1666667,0.356,2000
tep,3,0,MBW-LR,missing_events,0.9,0.3333333,0.356,2000
tep,3,0,MBW-LR,missing_events,0.9,0.5,0.477,2000
tep,3,0,MBW-LR,missing_events,0.9,0.6666667,0.569,2000
tep,3,0,MBW-LR,missing_events,0.9,0.8333333,0.649,2000
tep,3,0,MBW-LR,missing_events,0.9,1.0,0.6715,2000
tep,3,0,MBW-LR,mixed_missing_spurious,0.0,0.1666667,0.755,2000
tep,3,0,MBW-LR,mixed_missing_spurious,0.0,0.3333333,0.755,2000
tep,3,0,MBW-LR,mixed_missing_spurious,0.0,0.5,0.845,2000
tep,3,0,MBW-LR,mixed_missing_spurious,0.0,0.6666667,0.925,2000
tep,3,0,MBW-LR,mixed_missing_spurious,0.0,0.8333333,0.96,2000
tep,3,0,MBW-LR,mixed_missing_spurious,0.0,1.0,0.995,2000
tep,3,0,MBW-LR,mixed_missing_spurious,0.05,0.1666667,0.7065,2000
tep,3,0,MBW-LR,mixed_missing_spurious,0.05,0.3333333,0.7065,2000
tep,3,0,MBW-LR,mixed_missing_spurious,0.05,0.5,0.802,2000
tep,3,0,MBW-LR,mixed_missing_spurious,0.05,0.6666667,0.88,2000
tep,3,0,MBW-LR,mixed_missing_spurious,0.05,0.8333333,0.9155,2000
tep,3,0,MBW-LR,mixed_missing_spurious,0.05,1.0,0.963,2000
tep,3,0,MBW-LR,mixed_missing_spurious,0.1,0.1666667,0.646,2000
tep,3,0,MBW-LR,mixed_missing_spurious,0.1,0.3333333,0.646,2000
tep,3,0,MBW-LR,mixed_missing_spurious,0.1,0.5,0.739,2000
tep,3,0,MBW-LR,mixed_missing_spurious,0.1,0.6666667,0.821,2000
tep,3,0,MBW-LR,mixed_missing_spurious,0.1,0.8333333,0.861,2000
tep,3,0,MBW-LR,mixed_missing_spurious,0.1,1.0,0.907,2000
tep,3,0,MBW-LR,mixed_missing_spurious,0.15,0.1666667,0.6245,2000
tep,3,0,MBW-LR,mixed_missing_spurious,0.15,0.3333333,0.6245,2000
tep,3,0,MBW-LR,mixed_missing_spurious,0.15,0.5,0.701,2000
tep,3,0,MBW-LR,mixed_missing_spurious,0.15,0.6666667,0.7745,2000
tep,3,0,MBW-LR,mixed_missing_spurious,0.15,0.8333333,0.8205,2000
tep,3,0,MBW-LR,mixed_missing_spurious,0.15,1.0,0.864,2000
tep,3,0,MBW-LR,mixed_missing_spurious,0.2,0.1666667,0.6035,2000
tep,3,0,MBW-LR,mixed_missing_spurious,0.2,0.3333333,0.6035,2000
tep,3,0,MBW-LR,mixed_missing_spurious,0.2,0.5,0.6715,2000
tep,3,0,MBW-LR,mixed_missing_spurious,0.2,0.6666667,0.742,2000
tep,3,0,MBW-LR,mixed_missing_spurious,0.2,0.8333333,0.7665,2000
tep,3,0,MBW-LR,mixed_missing_spurious,0.2,1.0,0.817,2000
tep,3,0,MBW-LR,mixed_missing_spurious,0.25,0.1666667,0.569,2000
tep,3,0,MBW-LR,mixed_missing_spurious,0.25,0.3333333,0.569,2000
tep,3,0,MBW-LR,mixed_missing_spurious,0.25,0.5,0.6405,2000
tep,3,0,MBW-LR,mixed_missing_spurious,0.25,0.6666667,0.6875,2000
tep,3,0,MBW-LR,mixed_missing_spurious,0.25,0.8333333,0.7305,2000
tep,3,0,MBW-LR,mixed_missing_spurious,0.25,1.0,0.7615,2000
tep,3,0,MBW-LR,mixed_missing_spurious,0.3,0.1666667,0.556,2000
tep,3,0,MBW-LR,mixed_missing_spurious,0.3,0.3333333,0.556,2000
tep,3,0,MBW-LR,mixed_missing_spurious,0.3,0.5,0.625,2000
tep,3,0,MBW-LR,mixed_missing_spurious,0.3,0.6666667,0.687,2000
tep,3,0,MBW-LR,mixed_missing_spurious,0.3,0.8333333,0.7215,2000
tep,3,0,MBW-LR,mixed_missing_spurious,0.3,1.0,0.7525,2000
tep,3,0,MBW-LR,mixed_missing_spurious,0.4,0.1666667,0.51,2000
tep,3,0,MBW-LR,mixed_missing_spurious,0.4,0.3333333,0.51,2000
tep,3,0,MBW-LR,mixed_missing_spurious,0.4,0.5,0.5755,2000
tep,3,0,MBW-LR,mixed_missing_spurious,0.4,0.6666667,0.635,2000
tep,3,0,MBW-LR,mixed_missing_spurious,0.4,0.8333333,0.6715,2000
tep,3,0,MBW-LR,mixed_missing_spurious,0.4,1.0,0.685,2000
tep,3,0,MBW-LR,mixed_missing_spurious,0.5,0.1666667,0.48,2000
tep,3,0,MBW-LR,mixed_missing_spurious,0.5,0.3333333,0.48,2000
tep,3,0,MBW-LR,mixed_missing_spurious,0.5,0.5,0.541,2000
tep,3,0,MBW-LR,mixed_missing_spurious,0.5,0.6666667,0.592,2000
tep,3,0,MBW-LR,mixed_missing_spurious,0.5,0.8333333,0.6225,2000
tep,3,0,MBW-LR,mixed_missing_spurious,0.5,1.0,0.6455,2000
tep,3,0,MBW-LR,mixed_missing_spurious,0.6,0.1666667,0.455,2000
tep,3,0,MBW-LR,mixed_missing_spurious,0.6,0.3333333,0.455,2000
tep,3,0,MBW-LR,mixed_missing_spurious,0.6,0.5,0.5075,2000
tep,3,0,MBW-LR,mixed_missing_spurious,0.6,0.6666667,0.557,2000
tep,3,0,MBW-LR,mixed_missing_spurious,0.6,0.8333333,0.607,2000
tep,3,0,MBW-LR,mixed_missing_spurious,0.6,1.0,0.617,2000
tep,3,0,MBW-LR,mixed_missing_spurious,0.7,0.1666667,0.4315,2000
tep,3,0,MBW-LR,mixed_missing_spurious,0.7,0.3333333,0.4315,2000
tep,3,0,MBW-LR,mixed_missing_spurious,0.7,0.5,0.477,2000
tep,3,0,MBW-LR,mixed_missing_spurious,0.7,0.6666667,0.522,2000
tep,3,0,MBW-LR,mixed_missing_spurious,0.7,0.8333333,0.5685,2000
tep,3,0,MBW-LR,mixed_missing_spurious,0.7,1.0,0.5775,2000
tep,3,0,MBW-LR,mixed_missing_spurious,0.8,0.1666667,0.4025,2000
tep,3,0,MBW-LR,mixed_missing_spurious,0.8,0.3333333,0.4025,2000
tep,3,0,MBW-LR,mixed_missing_spurious,0.8,0.5,0.4495,2000
tep,3,0,MBW-LR,mixed_missing_spurious,0.8,0.6666667,0.5035,2000
tep,3,0,MBW-LR,mixed_missing_spurious,0.8,0.8333333,0.5345,2000
tep,3,0,MBW-LR,mixed_missing_spurious,0.8,1.0,0.543,2000
tep,3,0,MBW-LR,mixed_missing_spurious,0.9,0.1666667,0.3365,2000
tep,3,0,MBW-LR,mixed_missing_spurious,0.9,0.3333333,0.3365,2000
tep,3,0,MBW-LR,mixed_missing_spurious,0.9,0.5,0.393,2000
tep,3,0,MBW-LR,mixed_missing_spurious,0.9,0.6666667,0.4345,2000
tep,3,0,MBW-LR,mixed_missing_spurious,0.9,0.8333333,0.474,2000
tep,3,0,MBW-LR,mixed_missing_spurious,0.9,1.0,0.489,2000
tep,3,0,MBW-LR,mixed_spurious_timing_late,0.0,0.1666667,0.755,2000
tep,3,0,MBW-LR,mixed_spurious_timing_late,0.0,0.3333333,0.755,2000
tep,3,0,MBW-LR,mixed_spurious_timing_late,0.0,0.5,0.845,2000
tep,3,0,MBW-LR,mixed_spurious_timing_late,0.0,0.6666667,0.925,2000
tep,3,0,MBW-LR,mixed_spurious_timing_late,0.0,0.8333333,0.96,2000
tep,3,0,MBW-LR,mixed_spurious_timing_late,0.0,1.0,0.995,2000
tep,3,0,MBW-LR,mixed_spurious_timing_late,0.05,0.1666667,0.591,2000
tep,3,0,MBW-LR,mixed_spurious_timing_late,0.05,0.3333333,0.591,2000
tep,3,0,MBW-LR,mixed_spurious_timing_late,0.05,0.5,0.7705,2000
tep,3,0,MBW-LR,mixed_spurious_timing_late,0.05,0.6666667,0.8925,2000
tep,3,0,MBW-LR,mixed_spurious_timing_late,0.05,0.8333333,0.93,2000
tep,3,0,MBW-LR,mixed_spurious_timing_late,0.05,1.0,0.9655,2000
tep,3,0,MBW-LR,mixed_spurious_timing_late,0.1,0.1666667,0.668,2000
tep,3,0,MBW-LR,mixed_spurious_timing_late,0.1,0.3333333,0.668,2000
tep,3,0,MBW-LR,mixed_spurious_timing_late,0.1,0.5,0.774,2000
tep,3,0,MBW-LR,mixed_spurious_timing_late,0.1,0.6666667,0.8555,2000
tep,3,0,MBW-LR,mixed_spurious_timing_late,0.1,0.8333333,0.8765,2000
tep,3,0,MBW-LR,mixed_spurious_timing_late,0.1,1.0,0.918,2000
tep,3,0,MBW-LR,mixed_spurious_timing_late,0.15,0.1666667,0.5425,2000
tep,3,0,MBW-LR,mixed_spurious_timing_late,0.15,0.3333333,0.5425,2000
tep,3,0,MBW-LR,mixed_spurious_timing_late,0.15,0.5,0.6965,2000
tep,3,0,MBW-LR,mixed_spurious_timing_late,0.15,0.6666667,0.8,2000
tep,3,0,MBW-LR,mixed_spurious_timing_late,0.15,0.8333333,0.834,2000
tep,3,0,MBW-LR,mixed_spurious_timing_late,0.15,1.0,0.868,2000
tep,3,0,MBW-LR,mixed_spurious_timing_late,0.2,0.1666667,0.5245,2000
tep,3,0,MBW-LR,mixed_spurious_timing_late,0.2,0.3333333,0.5245,2000
tep,3,0,MBW-LR,mixed_spurious_timing_late,0.2,0.5,0.6545,2000
tep,3,0,MBW-LR,mixed_spurious_timing_late,0.2,0.6666667,0.795,2000
tep,3,0,MBW-LR,mixed_spurious_timing_late,0.2,0.8333333,0.795,2000
tep,3,0,MBW-LR,mixed_spurious_timing_late,0.2,1.0,0.8485,2000
tep,3,0,MBW-LR,mixed_spurious_timing_late,0.25,0.1666667,0.5165,2000
tep,3,0,MBW-LR,mixed_spurious_timing_late,0.25,0.3333333,0.5165,2000
tep,3,0,MBW-LR,mixed_spurious_timing_late,0.25,0.5,0.648,2000
tep,3,0,MBW-LR,mixed_spurious_timing_late,0.25,0.6666667,0.648,2000
tep,3,0,MBW-LR,mixed_spurious_timing_late,0.25,0.8333333,0.785,2000
tep,3,0,MBW-LR,mixed_spurious_timing_late,0.25,1.0,0.8135,2000
tep,3,0,MBW-LR,mixed_spurious_timing_late,0.3,0.1666667,0.5605,2000
tep,3,0,MBW-LR,mixed_spurious_timing_late,0.3,0.3333333,0.5605,2000
tep,3,0,MBW-LR,mixed_spurious_timing_late,0.3,0.5,0.719,2000
tep,3,0,MBW-LR,mixed_spurious_timing_late,0.3,0.6666667,0.719,2000
tep,3,0,MBW-LR,mixed_spurious_timing_late,0.3,0.8333333,0.7705,2000
tep,3,0,MBW-LR,mixed_spurious_timing_late,0.3,1.0,0.809,2000
tep,3,0,MBW-LR,mixed_spurious_timing_late,0.4,0.1666667,0.596,2000
tep,3,0,MBW-LR,mixed_spurious_timing_late,0.4,0.3333333,0.596,2000
tep,3,0,MBW-LR,mixed_spurious_timing_late,0.4,0.5,0.596,2000
tep,3,0,MBW-LR,mixed_spurious_timing_late,0.4,0.6666667,0.7215,2000
tep,3,0,MBW-LR,mixed_spurious_timing_late,0.4,0.8333333,0.7215,2000
tep,3,0,MBW-LR,mixed_spurious_timing_late,0.4,1.0,0.7365,2000
tep,3,0,MBW-LR,mixed_spurious_timing_late,0.5,0.1666667,0.615,2000
tep,3,0,MBW-LR,mixed_spurious_timing_late,0.5,0.3333333,0.615,2000
tep,3,0,MBW-LR,mixed_spurious_timing_late,0.5,0.5,0.615,2000
tep,3,0,MBW-LR,mixed_spurious_timing_late,0.5,0.6666667,0.615,2000
tep,3,0,MBW-LR,mixed_spurious_timing_late,0.5,0.8333333,0.6425,2000
tep,3,0,MBW-LR,mixed_spurious_timing_late,0.5,1.0,0.647,2000
tep,3,0,MBW-LR,mixed_spurious_timing_late,0.6,0.1666667,0.5755,2000
tep,3,0,MBW-LR,mixed_spurious_timing_late,0.6,0.3333333,0.5755,2000
tep,3,0,MBW-LR,mixed_spurious_timing_late,0.6,0.5,0.5755,2000
tep,3,0,MBW-LR,mixed_spurious_timing_late,0.6,0.6666667,0.5755,2000
tep,3,0,MBW-LR,mixed_spurious_timing_late,0.6,0.8333333,0.5755,2000
tep,3,0,MBW-LR,mixed_spurious_timing_late,0.6,1.0,0.567,2000
tep,3,0,MBW-LR,mixed_spurious_timing_late,0.7,0.1666667,0.4385,2000
tep,3,0,MBW-LR,mixed_spurious_timing_late,0.7,0.3333333,0.4385,2000
tep,3,0,MBW-LR,mixed_spurious_timing_late,0.7,0.5,0.4385,2000
tep,3,0,MBW-LR,mixed_spurious_timing_late,0.7,0.6666667,0.4385,2000
tep,3,0,MBW-LR,mixed_spurious_timing_late,0.7,0.8333333,0.4385,2000
tep,3,0,MBW-LR,mixed_spurious_timing_late,0.7,1.0,0.4465,2000
tep,3,0,MBW-LR,mixed_spurious_timing_late,0.8,0.1666667,0.3985,2000
tep,3,0,MBW-LR,mixed_spurious_timing_late,0.8,0.3333333,0.3985,2000
tep,3,0,MBW-LR,mixed_spurious_timing_late,0.8,0.5,0.3985,2000
tep,3,0,MBW-LR,mixed_spurious_timing_late,0.8,0.6666667,0.3985,2000
tep,3,0,MBW-LR,mixed_spurious_timing_late,0.8,0.8333333,0.3985,2000
tep,3,0,MBW-LR,mixed_spurious_timing_late,0.8,1.0,0.4015,2000
tep,3,0,MBW-LR,mixed_spurious_timing_late,0.9,0.1666667,0.3625,2000
tep,3,0,MBW-LR,mixed_spurious_timing_late,0.9,0.3333333,0.3625,2000
tep,3,0,MBW-LR,mixed_spurious_timing_late,0.9,0.5,0.3625,2000
tep,3,0,MBW-LR,mixed_spurious_timing_late,0.9,0.6666667,0.3625,2000
tep,3,0,MBW-LR,mixed_spurious_timing_late,0.9,0.8333333,0.3625,2000
tep,3,0,MBW-LR,mixed_spurious_timing_late,0.9,1.0,0.3625,2000
tep,3,0,MBW-LR,spurious_events,0.0,0.1666667,0.755,2000
tep,3,0,MBW-LR,spurious_events,0.0,0.3333333,0.755,2000
tep,3,0,MBW-LR,spurious_events,0.0,0.5,0.845,2000
tep,3,0,MBW-LR,spurious_events,0.0,0.6666667,0.925,2000
tep,3,0,MBW-LR,spurious_events,0.0,0.8333333,0.96,2000
tep,3,0,MBW-LR,spurious_events,0.0,1.0,0.995,2000
tep,3,0,MBW-LR,spurious_events,0.05,0.1666667,0.7145,2000
tep,3,0,MBW-LR,spurious_events,0.05,0.3333333,0.7145,2000
tep,3,0,MBW-LR,spurious_events,0.05,0.5,0.796,2000
tep,3,0,MBW-LR,spurious_events,0.05,0.6666667,0.872,2000
tep,3,0,MBW-LR,spurious_events,0.05,0.8333333,0.911,2000
tep,3,0,MBW-LR,spurious_events,0.05,1.0,0.9655,2000
tep,3,0,MBW-LR,spurious_events,0.1,0.1666667,0.664,2000
tep,3,0,MBW-LR,spurious_events,0.1,0.3333333,0.664,2000
tep,3,0,MBW-LR,spurious_events,0.1,0.5,0.747,2000
tep,3,0,MBW-LR,spurious_events,0.1,0.6666667,0.8195,2000
tep,3,0,MBW-LR,spurious_events,0.1,0.8333333,0.8575,2000
tep,3,0,MBW-LR,spurious_events,0.1,1.0,0.914,2000
tep,3,0,MBW-LR,spurious_events,0.15,0.1666667,0.6285,2000
tep,3,0,MBW-LR,spurious_events,0.15,0.3333333,0.6285,2000
tep,3,0,MBW-LR,spurious_events,0.15,0.5,0.6915,2000
tep,3,0,MBW-LR,spurious_events,0.15,0.6666667,0.749,2000
tep,3,0,MBW-LR,spurious_events,0.15,0.8333333,0.7895,2000
tep,3,0,MBW-LR,spurious_events,0.15,1.0,0.8515,2000
tep,3,0,MBW-LR,spurious_events,0.2,0.1666667,0.5885,2000
tep,3,0,MBW-LR,spurious_events,0.2,0.3333333,0.5885,2000
tep,3,0,MBW-LR,spurious_events,0.2,0.5,0.6565,2000
tep,3,0,MBW-LR,spurious_events,0.2,0.6666667,0.7125,2000
tep,3,0,MBW-LR,spurious_events,0.2,0.8333333,0.761,2000
tep,3,0,MBW-LR,spurious_events,0.2,1.0,0.8255,2000
tep,3,0,MBW-LR,spurious_events,0.25,0.1666667,0.5695,2000
tep,3,0,MBW-LR,spurious_events,0.25,0.3333333,0.5695,2000
tep,3,0,MBW-LR,spurious_events,0.25,0.5,0.62,2000
tep,3,0,MBW-LR,spurious_events,0.25,0.6666667,0.6775,2000
tep,3,0,MBW-LR,spurious_events,0.25,0.8333333,0.713,2000
tep,3,0,MBW-LR,spurious_events,0.25,1.0,0.7615,2000
tep,3,0,MBW-LR,spurious_events,0.3,0.1666667,0.557,2000
tep,3,0,MBW-LR,spurious_events,0.3,0.3333333,0.557,2000
tep,3,0,MBW-LR,spurious_events,0.3,0.5,0.602,2000
tep,3,0,MBW-LR,spurious_events,0.3,0.6666667,0.658,2000
tep,3,0,MBW-LR,spurious_events,0.3,0.8333333,0.692,2000
tep,3,0,MBW-LR,spurious_events,0.3,1.0,0.733,2000
tep,3,0,MBW-LR,spurious_events,0.4,0.1666667,0.505,2000
tep,3,0,MBW-LR,spurious_events,0.4,0.3333333,0.505,2000
tep,3,0,MBW-LR,spurious_events,0.4,0.5,0.556,2000
tep,3,0,MBW-LR,spurious_events,0.4,0.6666667,0.5905,2000
tep,3,0,MBW-LR,spurious_events,0.4,0.8333333,0.617,2000
tep,3,0,MBW-LR,spurious_events,0.4,1.0,0.6595,2000
tep,3,0,MBW-LR,spurious_events,0.5,0.1666667,0.479,2000
tep,3,0,MBW-LR,spurious_events,0.5,0.3333333,0.479,2000
tep,3,0,MBW-LR,spurious_events,0.5,0.5,0.505,2000
tep,3,0,MBW-LR,spurious_events,0.5,0.6666667,0.539,2000
tep,3,0,MBW-LR,spurious_events,0.5,0.8333333,0.55,2000
tep,3,0,MBW-LR,spurious_events,0.5,1.0,0.6035,2000
tep,3,0,MBW-LR,spurious_events,0.6,0.1666667,0.442,2000
tep,3,0,MBW-LR,spurious_events,0.6,0.3333333,0.442,2000
tep,3,0,MBW-LR,spurious_events,0.6,0.5,0.462,2000
tep,3,0,MBW-LR,spurious_events,0.6,0.6666667,0.4865,2000
tep,3,0,MBW-LR,spurious_events,0.6,0.8333333,0.5035,2000
tep,3,0,MBW-LR,spurious_events,0.6,1.0,0.5435,2000
tep,3,0,MBW-LR,spurious_events,0.7,0.1666667,0.4405,2000
tep,3,0,MBW-LR,spurious_events,0.7,0.3333333,0.4405,2000
tep,3,0,MBW-LR,spurious_events,0.7,0.5,0.443,2000
tep,3,0,MBW-LR,spurious_events,0.7,0.6666667,0.4625,2000
tep,3,0,MBW-LR,spurious_events,0.7,0.8333333,0.485,2000
tep,3,0,MBW-LR,spurious_events,0.7,1.0,0.518,2000
tep,3,0,MBW-LR,spurious_events,0.8,0.1666667,0.4265,2000
tep,3,0,MBW-LR,spurious_events,0.8,0.3333333,0.4265,2000
tep,3,0,MBW-LR,spurious_events,0.8,0.5,0.422,2000
tep,3,0,MBW-LR,spurious_events,0.8,0.6666667,0.4335,2000
tep,3,0,MBW-LR,spurious_events,0.8,0.8333333,0.448,2000
tep,3,0,MBW-LR,spurious_events,0.8,1.0,0.4725,2000
tep,3,0,MBW-LR,spurious_events,0.9,0.1666667,0.407,2000
tep,3,0,MBW-LR,spurious_events,0.9,0.3333333,0.407,2000
tep,3,0,MBW-LR,spurious_events,0.9,0.5,0.4255,2000
tep,3,0,MBW-LR,spurious_events,0.9,0.6666667,0.423,2000
tep,3,0,MBW-LR,spurious_events,0.9,0.8333333,0.434,2000
tep,3,0,MBW-LR,spurious_events,0.9,1.0,0.446,2000
tep,3,0,MBW-LR,timing_uncertainty,0.0,0.1666667,0.755,2000
tep,3,0,MBW-LR,timing_uncertainty,0.0,0.3333333,0.755,2000
tep,3,0,MBW-LR,timing_uncertainty,0.0,0.5,0.845,2000
tep,3,0,MBW-LR,timing_uncertainty,0.0,0.6666667,0.925,2000
tep,3,0,MBW-LR,timing_uncertainty,0.0,0.8333333,0.96,2000
tep,3,0,MBW-LR,timing_uncertainty,0.0,1.0,0.995,2000
tep,3,0,MBW-LR,timing_uncertainty,0.05,0.1666667,0.7545,2000
tep,3,0,MBW-LR,timing_uncertainty,0.05,0.3333333,0.7545,2000
tep,3,0,MBW-LR,timing_uncertainty,0.05,0.5,0.8445,2000
tep,3,0,MBW-LR,timing_uncertainty,0.05,0.6666667,0.924,2000
tep,3,0,MBW-LR,timing_uncertainty,0.05,0.8333333,0.961,2000
tep,3,0,MBW-LR,timing_uncertainty,0.05,1.0,0.9935,2000
tep,3,0,MBW-LR,timing_uncertainty,0.1,0.1666667,0.75,2000
tep,3,0,MBW-LR,timing_uncertainty,0.1,0.3333333,0.75,2000
tep,3,0,MBW-LR,timing_uncertainty,0.1,0.5,0.8375,2000
tep,3,0,MBW-LR,timing_uncertainty,0.1,0.6666667,0.921,2000
tep,3,0,MBW-LR,timing_uncertainty,0.1,0.8333333,0.961,2000
tep,3,0,MBW-LR,timing_uncertainty,0.1,1.0,0.9925,2000
tep,3,0,MBW-LR,timing_uncertainty,0.15,0.1666667,0.7445,2000
tep,3,0,MBW-LR,timing_uncertainty,0.15,0.3333333,0.7445,2000
tep,3,0,MBW-LR,timing_uncertainty,0.15,0.5,0.8415,2000
tep,3,0,MBW-LR,timing_uncertainty,0.15,0.6666667,0.9055,2000
tep,3,0,MBW-LR,timing_uncertainty,0.15,0.8333333,0.949,2000
tep,3,0,MBW-LR,timing_uncertainty,0.15,1.0,0.987,2000
tep,3,0,MBW-LR,timing_uncertainty,0.2,0.1666667,0.7395,2000
tep,3,0,MBW-LR,timing_uncertainty,0.2,0.3333333,0.7395,2000
tep,3,0,MBW-LR,timing_uncertainty,0.2,0.5,0.834,2000
tep,3,0,MBW-LR,timing_uncertainty,0.2,0.6666667,0.902,2000
tep,3,0,MBW-LR,timing_uncertainty,0.2,0.8333333,0.948,2000
tep,3,0,MBW-LR,timing_uncertainty,0.2,1.0,0.9825,2000
tep,3,0,MBW-LR,timing_uncertainty,0.25,0.1666667,0.7385,2000
tep,3,0,MBW-LR,timing_uncertainty,0.25,0.3333333,0.7385,2000
tep,3,0,MBW-LR,timing_uncertainty,0.25,0.5,0.8285,2000
tep,3,0,MBW-LR,timing_uncertainty,0.25,0.6666667,0.896,2000
tep,3,0,MBW-LR,timing_uncertainty,0.25,0.8333333,0.937,2000
tep,3,0,MBW-LR,timing_uncertainty,0.25,1.0,0.9625,2000
tep,3,0,MBW-LR,timing_uncertainty,0.3,0.1666667,0.727,2000
tep,3,0,MBW-LR,timing_uncertainty,0.3,0.3333333,0.727,2000
tep,3,0,MBW-LR,timing_uncertainty,0.3,0.5,0.8205,2000
tep,3,0,MBW-LR,timing_uncertainty,0.3,0.6666667,0.895,2000
tep,3,0,MBW-LR,timing_uncertainty,0.3,0.8333333,0.9305,2000
tep,3,0,MBW-LR,timing_uncertainty,0.3,1.0,0.9565,2000
tep,3,0,MBW-LR,timing_uncertainty,0.4,0.1666667,0.719,2000
tep,3,0,MBW-LR,timing_uncertainty,0.4,0.3333333,0.719,2000
tep,3,0,MBW-LR,timing_uncertainty,0.4,0.5,0.815,2000
tep,3,0,MBW-LR,timing_uncertainty,0.4,0.6666667,0.887,2000
tep,3,0,MBW-LR,timing_uncertainty,0.4,0.8333333,0.912,2000
tep,3,0,MBW-LR,timing_uncertainty,0.4,1.0,0.9445,2000
tep,3,0,MBW-LR,timing_uncertainty,0.5,0.1666667,0.7135,2000
tep,3,0,MBW-LR,timing_uncertainty,0.5,0.3333333,0.7135,2000
tep,3,0,MBW-LR,timing_uncertainty,0.5,0.5,0.8115,2000
tep,3,0,MBW-LR,timing_uncertainty,0.5,0.6666667,0.8765,2000
tep,3,0,MBW-LR,timing_uncertainty,0.5,0.8333333,0.919,2000
tep,3,0,MBW-LR,timing_uncertainty,0.5,1.0,0.9415,2000
tep,3,0,MBW-LR,timing_uncertainty,0.6,0.1666667,0.72,2000
tep,3,0,MBW-LR,timing_uncertainty,0.6,0.3333333,0.72,2000
tep,3,0,MBW-LR,timing_uncertainty,0.6,0.5,0.813,2000
tep,3,0,MBW-LR,timing_uncertainty,0.6,0.6666667,0.8785,2000
tep,3,0,MBW-LR,timing_uncertainty,0.6,0.8333333,0.905,2000
tep,3,0,MBW-LR,timing_uncertainty,0.6,1.0,0.9235,2000
tep,3,0,MBW-LR,timing_uncertainty,0.7,0.1666667,0.7085,2000
tep,3,0,MBW-LR,timing_uncertainty,0.7,0.3333333,0.7085,2000
tep,3,0,MBW-LR,timing_uncertainty,0.7,0.5,0.8055,2000
tep,3,0,MBW-LR,timing_uncertainty,0.7,0.6666667,0.8755,2000
tep,3,0,MBW-LR,timing_uncertainty,0.7,0.8333333,0.9085,2000
tep,3,0,MBW-LR,timing_uncertainty,0.7,1.0,0.9165,2000
tep,3,0,MBW-LR,timing_uncertainty,0.8,0.1666667,0.715,2000
tep,3,0,MBW-LR,timing_uncertainty,0.8,0.3333333,0.715,2000
tep,3,0,MBW-LR,timing_uncertainty,0.8,0.5,0.8155,2000
tep,3,0,MBW-LR,timing_uncertainty,0.8,0.6666667,0.8755,2000
tep,3,0,MBW-LR,timing_uncertainty,0.8,0.8333333,0.9105,2000
tep,3,0,MBW-LR,timing_uncertainty,0.8,1.0,0.9325,2000
tep,3,0,MBW-LR,timing_uncertainty,0.9,0.1666667,0.7135,2000
tep,3,0,MBW-LR,timing_uncertainty,0.9,0.3333333,0.7135,2000
tep,3,0,MBW-LR,timing_uncertainty,0.9,0.5,0.814,2000
tep,3,0,MBW-LR,timing_uncertainty,0.9,0.6666667,0.8755,2000
tep,3,0,MBW-LR,timing_uncertainty,0.9,0.8333333,0.9,2000
tep,3,0,MBW-LR,timing_uncertainty,0.9,1.0,0.9045,2000
tep,3,0,WDI-1NN,late_time_delay,0.0,0.1666667,0.495,2000
tep,3,0,WDI-1NN,late_time_delay,0.0,0.3333333,0.495,2000
tep,3,0,WDI-1NN,late_time_delay,0.0,0.5,0.49,2000
tep,3,0,WDI-1NN,late_time_delay,0.0,0.6666667,0.585,2000
tep,3,0,WDI-1NN,late_time_delay,0.0,0.8333333,0.78,2000
tep,3,0,WDI-1NN,late_time_delay,0.0,1.0,0.945,2000
tep,3,0,WDI-1NN,late_time_delay,0.05,0.1666667,0.54,2000
tep,3,0,WDI-1NN,late_time_delay,0.05,0.3333333,0.54,2000
tep,3,0,WDI-1NN,late_time_delay,0.05,0.5,0.485,2000
tep,3,0,WDI-1NN,late_time_delay,0.05,0.6666667,0.595,2000
tep,3,0,WDI-1NN,late_time_delay,0.05,0.8333333,0.78,2000
tep,3,0,WDI-1NN,late_time_delay,0.05,1.0,0.895,2000
tep,3,0,WDI-1NN,late_time_delay,0.1,0.1666667,0.53,2000
tep,3,0,WDI-1NN,late_time_delay,0.1,0.3333333,0.53,2000
tep,3,0,WDI-1NN,late_time_delay,0.1,0.5,0.535,2000
tep,3,0,WDI-1NN,late_time_delay,0.1,0.6666667,0.64,2000
tep,3,0,WDI-1NN,late_time_delay,0.1,0.8333333,0.82,2000
tep,3,0,WDI-1NN,late_time_delay,0.1,1.0,0.89,2000
tep,3,0,WDI-1NN,late_time_delay,0.15,0.1666667,0.42,2000
tep,3,0,WDI-1NN,late_time_delay,0.15,0.3333333,0.42,2000
tep,3,0,WDI-1NN,late_time_delay,0.15,0.5,0.51,2000
tep,3,0,WDI-1NN,late_time_delay,0.15,0.6666667,0.725,2000
tep,3,0,WDI-1NN,late_time_delay,0.15,0.8333333,0.855,2000
tep,3,0,WDI-1NN,late_time_delay,0.15,1.0,0.875,2000
tep,3,0,WDI-1NN,late_time_delay,0.2,0.1666667,0.395,2000
tep,3,0,WDI-1NN,late_time_delay,0.2,0.3333333,0.395,2000
tep,3,0,WDI-1NN,late_time_delay,0.2,0.5,0.5,2000
tep,3,0,WDI-1NN,late_time_delay,0.2,0.6666667,0.73,2000
tep,3,0,WDI-1NN,late_time_delay,0.2,0.8333333,0.73,2000
tep,3,0,WDI-1NN,late_time_delay,0.2,1.0,0.86,2000
tep,3,0,WDI-1NN,late_time_delay,0.25,0.1666667,0.38,2000
tep,3,0,WDI-1NN,late_time_delay,0.25,0.3333333,0.38,2000
tep,3,0,WDI-1NN,late_time_delay,0.25,0.5,0.51,2000
tep,3,0,WDI-1NN,late_time_delay,0.25,0.6666667,0.51,2000
tep,3,0,WDI-1NN,late_time_delay,0.25,0.8333333,0.77,2000
tep,3,0,WDI-1NN,late_time_delay,0.25,1.0,0.86,2000
tep,3,0,WDI-1NN,late_time_delay,0.3,0.1666667,0.4,2000
tep,3,0,WDI-1NN,late_time_delay,0.3,0.3333333,0.4,2000
tep,3,0,WDI-1NN,late_time_delay,0.3,0.5,0.58,2000
tep,3,0,WDI-1NN,late_time_delay,0.3,0.6666667,0.58,2000
tep,3,0,WDI-1NN,late_time_delay,0.3,0.8333333,0.79,2000
tep,3,0,WDI-1NN,late_time_delay,0.3,1.0,0.835,2000
tep,3,0,WDI-1NN,late_time_delay,0.4,0.1666667,0.365,2000
tep,3,0,WDI-1NN,late_time_delay,0.4,0.3333333,0.365,2000
tep,3,0,WDI-1NN,late_time_delay,0.4,0.5,0.365,2000
tep,3,0,WDI-1NN,late_time_delay,0.4,0.6666667,0.615,2000
tep,3,0,WDI-1NN,late_time_delay,0.4,0.8333333,0.615,2000
tep,3,0,WDI-1NN,late_time_delay,0.4,1.0,0.785,2000
tep,3,0,WDI-1NN,late_time_delay,0.5,0.1666667,0.455,2000
tep,3,0,WDI-1NN,late_time_delay,0.5,0.3333333,0.455,2000
tep,3,0,WDI-1NN,late_time_delay,0.5,0.5,0.455,2000
tep,3,0,WDI-1NN,late_time_delay,0.5,0.6666667,0.455,2000
tep,3,0,WDI-1NN,late_time_delay,0.5,0.8333333,0.63,2000
tep,3,0,WDI-1NN,late_time_delay,0.5,1.0,0.68,2000
tep,3,0,WDI-1NN,late_time_delay,0.6,0.1666667,0.47,2000
tep,3,0,WDI-1NN,late_time_delay,0.6,0.3333333,0.47,2000
tep,3,0,WDI-1NN,late_time_delay,0.6,0.5,0.47,2000
tep,3,0,WDI-1NN,late_time_delay,0.6,0.6666667,0.47,2000
tep,3,0,WDI-1NN,late_time_delay,0.6,0.8333333,0.47,2000
tep,3,0,WDI-1NN,late_time_delay,0.6,1.0,0.545,2000
tep,3,0,WDI-1NN,late_time_delay,0.7,0.1666667,0.475,2000
tep,3,0,WDI-1NN,late_time_delay,0.7,0.3333333,0.475,2000
tep,3,0,WDI-1NN,late_time_delay,0.7,0.5,0.475,2000
tep,3,0,WDI-1NN,late_time_delay,0.7,0.6666667,0.475,2000
tep,3,0,WDI-1NN,late_time_delay,0.7,0.8333333,0.475,2000
tep,3,0,WDI-1NN,late_time_delay,0.7,1.0,0.435,2000
tep,3,0,WDI-1NN,late_time_delay,0.8,0.1666667,0.42,2000
tep,3,0,WDI-1NN,late_time_delay,0.8,0.3333333,0.42,2000
tep,3,0,WDI-1NN,late_time_delay,0.8,0.5,0.42,2000
tep,3,0,WDI-1NN,late_time_delay,0.8,0.6666667,0.42,2000
tep,3,0,WDI-1NN,late_time_delay,0.8,0.8333333,0.42,2000
tep,3,0,WDI-1NN,late_time_delay,0.8,1.0,0.39,2000
tep,3,0,WDI-1NN,late_time_delay,0.9,0.1666667,0.395,2000
tep,3,0,WDI-1NN,late_time_delay,0.9,0.3333333,0.395,2000
tep,3,0,WDI-1NN,late_time_delay,0.9,0.5,0.395,2000
tep,3,0,WDI-1NN,late_time_delay,0.9,0.6666667,0.395,2000
tep,3,0,WDI-1NN,late_time_delay,0.9,0.8333333,0.395,2000
tep,3,0,WDI-1NN,late_time_delay,0.9,1.0,0.395,2000
tep,3,0,WDI-1NN,missing_events,0.0,0.1666667,0.495,2000
tep,3,0,WDI-1NN,missing_events,0.0,0.3333333,0.495,2000
tep,3,0,WDI-1NN,missing_events,0.0,0.5,0.49,2000
tep,3,0,WDI-1NN,missing_events,0.0,0.6666667,0.585,2000
tep,3,0,WDI-1NN,missing_events,0.0,0.8333333,0.78,2000
tep,3,0,WDI-1NN,missing_events,0.0,1.0,0.945,2000
tep,3,0,WDI-1NN,missing_events,0.05,0.1666667,0.494,2000
tep,3,0,WDI-1NN,missing_events,0.05,0.3333333,0.494,2000
tep,3,0,WDI-1NN,missing_events,0.05,0.5,0.4905,2000
tep,3,0,WDI-1NN,missing_events,0.05,0.6666667,0.583,2000
tep,3,0,WDI-1NN,missing_events,0.05,0.8333333,0.778,2000
tep,3,0,WDI-1NN,missing_events,0.05,1.0,0.943,2000
tep,3,0,WDI-1NN,missing_events,0.1,0.1666667,0.487,2000
tep,3,0,WDI-1NN,missing_events,0.1,0.3333333,0.487,2000
tep,3,0,WDI-1NN,missing_events,0.1,0.5,0.4905,2000
tep,3,0,WDI-1NN,missing_events,0.1,0.6666667,0.577,2000
tep,3,0,WDI-1NN,missing_events,0.1,0.8333333,0.7715,2000
tep,3,0,WDI-1NN,missing_events,0.1,1.0,0.937,2000
tep,3,0,WDI-1NN,missing_events,0.15,0.1666667,0.4855,2000
tep,3,0,WDI-1NN,missing_events,0.15,0.3333333,0.4855,2000
tep,3,0,WDI-1NN,missing_events,0.15,0.5,0.491,2000
tep,3,0,WDI-1NN,missing_events,0.15,0.6666667,0.567,2000
tep,3,0,WDI-1NN,missing_events,0.15,0.8333333,0.769,2000
tep,3,0,WDI-1NN,missing_events,0.15,1.0,0.93,2000
tep,3,0,WDI-1NN,missing_events,0.2,0.1666667,0.4825,2000
tep,3,0,WDI-1NN,missing_events,0.2,0.3333333,0.4825,2000
tep,3,0,WDI-1NN,missing_events,0.2,0.5,0.493,2000
tep,3,0,WDI-1NN,missing_events,0.2,0.6666667,0.562,2000
tep,3,0,WDI-1NN,missing_events,0.2,0.8333333,0.7485,2000
tep,3,0,WDI-1NN,missing_events,0.2,1.0,0.9265,2000
tep,3,0,WDI-1NN,missing_events,0.25,0.1666667,0.4775,2000
tep,3,0,WDI-1NN,missing_events,0.25,0.3333333,0.4775,2000
tep,3,0,WDI-1NN,missing_events,0.25,0.5,0.492,2000
tep,3,0,WDI-1NN,missing_events,0.25,0.6666667,0.5555,2000
tep,3,0,WDI-1NN,missing_events,0.25,0.8333333,0.7435,2000
tep,3,0,WDI-1NN,missing_events,0.25,1.0,0.928,2000
tep,3,0,WDI-1NN,missing_events,0.3,0.1666667,0.4755,2000
tep,3,0,WDI-1NN,missing_events,0.3,0.3333333,0.4755,2000
tep,3,0,WDI-1NN,missing_events,0.3,0.5,0.49,2000
tep,3,0,WDI-1NN,missing_events,0.3,0.6666667,0.5425,2000
tep,3,0,WDI-1NN,missing_events,0.3,0.8333333,0.7295,2000
tep,3,0,WDI-1NN,missing_events,0.3,1.0,0.9235,2000
tep,3,0,WDI-1NN,missing_events,0.4,0.1666667,0.455,2000
tep,3,0,WDI-1NN,missing_events,0.4,0.3333333,0.455,2000
tep,3,0,WDI-1NN,missing_events,0.4,0.5,0.484,2000
tep,3,0,WDI-1NN,missing_events,0.4,0.6666667,0.515,2000
tep,3,0,WDI-1NN,missing_events,0.4,0.8333333,0.6725,2000
tep,3,0,WDI-1NN,missing_events,0.4,1.0,0.906,2000
tep,3,0,WDI-1NN,missing_events,0.5,0.1666667,0.443,2000
tep,3,0,WDI-1NN,missing_events,0.5,0.3333333,0.443,2000
tep,3,0,WDI-1NN,missing_events,0.5,0.5,0.479,2000
tep,3,0,WDI-1NN,missing_events,0.5,0.6666667,0.4995,2000
tep,3,0,WDI-1NN,missing_events,0.5,0.8333333,0.6145,2000
tep,3,0,WDI-1NN,missing_events,0.5,1.0,0.872,2000
tep,3,0,WDI-1NN,missing_events,0.6,0.1666667,0.4195,2000
tep,3,0,WDI-1NN,missing_events,0.6,0.3333333,0.4195,2000
tep,3,0,WDI-1NN,missing_events,0.6,0.5,0.461,2000
tep,3,0,WDI-1NN,missing_events,0.6,0.6666667,0.471,2000
tep,3,0,WDI-1NN,missing_events,0.6,0.8333333,0.5325,2000
tep,3,0,WDI-1NN,missing_events,0.6,1.0,0.823,2000
tep,3,0,WDI-1NN,missing_events,0.7,0.1666667,0.3865,2000
tep,3,0,WDI-1NN,missing_events,0.7,0.3333333,0.3865,2000
tep,3,0,WDI-1NN,missing_events,0.7,0.5,0.437,2000
tep,3,0,WDI-1NN,missing_events,0.7,0.6666667,0.451,2000
tep,3,0,WDI-1NN,missing_events,0.7,0.8333333,0.4855,2000
tep,3,0,WDI-1NN,missing_events,0.7,1.0,0.6945,2000
tep,3,0,WDI-1NN,missing_events,0.8,0.1666667,0.3295,2000
tep,3,0,WDI-1NN,missing_events,0.8,0.3333333,0.3295,2000
tep,3,0,WDI-1NN,missing_events,0.8,0.5,0.3895,2000
tep,3,0,WDI-1NN,missing_events,0.8,0.6666667,0.427,2000
tep,3,0,WDI-1NN,missing_events,0.8,0.8333333,0.454,2000
tep,3,0,WDI-1NN,missing_events,0.8,1.0,0.556,2000
tep,3,0,WDI-1NN,missing_events,0.9,0.1666667,0.263,2000
tep,3,0,WDI-1NN,missing_events,0.9,0.3333333,0.263,2000
tep,3,0,WDI-1NN,missing_events,0.9,0.5,0.3185,2000
tep,3,0,WDI-1NN,missing_events,0.9,0.6666667,0.348,2000
tep,3,0,WDI-1NN,missing_events,0.9,0.8333333,0.398,2000
tep,3,0,WDI-1NN,missing_events,0.9,1.0,0.47,2000
tep,3,0,WDI-1NN,mixed_missing_spurious,0.0,0.1666667,0.495,2000
tep,3,0,WDI-1NN,mixed_missing_spurious,0.0,0.3333333,0.495,2000
tep,3,0,WDI-1NN,mixed_missing_spurious,0.0,0.5,0.49,2000
tep,3,0,WDI-1NN,mixed_missing_spurious,0.0,0.6666667,0.585,2000
tep,3,0,WDI-1NN,mixed_missing_spurious,0.0,0.8333333,0.78,2000
tep,3,0,WDI-1NN,mixed_missing_spurious,0.0,1.0,0.945,2000
tep,3,0,WDI-1NN,mixed_missing_spurious,0.05,0.1666667,0.4855,2000
tep,3,0,WDI-1NN,mixed_missing_spurious,0.05,0.3333333,0.4855,2000
tep,3,0,WDI-1NN,mixed_missing_spurious,0.05,0.5,0.4855,2000
tep,3,0,WDI-1NN,mixed_missing_spurious,0.05,0.6666667,0.589,2000
tep,3,0,WDI-1NN,mixed_missing_spurious,0.05,0.8333333,0.781,2000
tep,3,0,WDI-1NN,mixed_missing_spurious,0.05,1.0,0.9315,2000
tep,3,0,WDI-1NN,mixed_missing_spurious,0.1,0.1666667,0.474,2000
tep,3,0,WDI-1NN,mixed_missing_spurious,0.1,0.3333333,0.474,2000
tep,3,0,WDI-1NN,mixed_missing_spurious,0.1,0.5,0.4785,2000
tep,3,0,WDI-1NN,mixed_missing_spurious,0.1,0.6666667,0.584,2000
tep,3,0,WDI-1NN,mixed_missing_spurious,0.1,0.8333333,0.761,2000
tep,3,0,WDI-1NN,mixed_missing_spurious,0.1,1.0,0.916,2000
tep,3,0,WDI-1NN,mixed_missing_spurious,0.15,0.1666667,0.472,2000
tep,3,0,WDI-1NN,mixed_missing_spurious,0.15,0.3333333,0.472,2000
tep,3,0,WDI-1NN,mixed_missing_spurious,0.15,0.5,0.4885,2000
tep,3,0,WDI-1NN,mixed_missing_spurious,0.15,0.6666667,0.5955,2000
tep,3,0,WDI-1NN,mixed_missing_spurious,0.15,0.8333333,0.7545,2000
tep,3,0,WDI-1NN,mixed_missing_spurious,0.15,1.0,0.898,2000
tep,3,0,WDI-1NN,mixed_missing_spurious,0.2,0.1666667,0.47,2000
tep,3,0,WDI-1NN,mixed_missing_spurious,0.2,0.3333333,0.47,2000
tep,3,0,WDI-1NN,mixed_missing_spurious,0.2,0.5,0.4755,2000
tep,3,0,WDI-1NN,mixed_missing_spurious,0.2,0.6666667,0.594,2000
tep,3,0,WDI-1NN,mixed_missing_spurious,0.2,0.8333333,0.748,2000
tep,3,0,WDI-1NN,mixed_missing_spurious,0.2,1.0,0.8875,2000
tep,3,0,WDI-1NN,mixed_missing_spurious,0.25,0.1666667,0.4435,2000
tep,3,0,WDI-1NN,mixed_missing_spurious,0.25,0.3333333,0.4435,2000
tep,3,0,WDI-1NN,mixed_missing_spurious,0.25,0.5,0.469,2000
tep,3,0,WDI-1NN,mixed_missing_spurious,0.25,0.6666667,0.568,2000
tep,3,0,WDI-1NN,mixed_missing_spurious,0.25,0.8333333,0.729,2000
tep,3,0,WDI-1NN,mixed_missing_spurious,0.25,1.0,0.887,2000
tep,3,0,WDI-1NN,mixed_missing_spurious,0.3,0.1666667,0.4395,2000
tep,3,0,WDI-1NN,mixed_missing_spurious,0.3,0.3333333,0.4395,2000
tep,3,0,WDI-1NN,mixed_missing_spurious,0.3,0.5,0.466,2000
tep,3,0,WDI-1NN,mixed_missing_spurious,0.3,0.6666667,0.5735,2000
tep,3,0,WDI-1NN,mixed_missing_spurious,0.3,0.8333333,0.709,2000
tep,3,0,WDI-1NN,mixed_missing_spurious,0.3,1.0,0.8705,2000
tep,3,0,WDI-1NN,mixed_missing_spurious,0.4,0.1666667,0.427,2000
tep,3,0,WDI-1NN,mixed_missing_spurious,0.4,0.3333333,0.427,2000
tep,3,0,WDI-1NN,mixed_missing_spurious,0.4,0.5,0.448,2000
tep,3,0,WDI-1NN,mixed_missing_spurious,0.4,0.6666667,0.543,2000
tep,3,0,WDI-1NN,mixed_missing_spurious,0.4,0.8333333,0.673,2000
tep,3,0,WDI-1NN,mixed_missing_spurious,0.4,1.0,0.8465,2000
tep,3,0,WDI-1NN,mixed_missing_spurious,0.5,0.1666667,0.396,2000
tep,3,0,WDI-1NN,mixed_missing_spurious,0.5,0.3333333,0.396,2000
tep,3,0,WDI-1NN,mixed_missing_spurious,0.5,0.5,0.4285,2000
tep,3,0,WDI-1NN,mixed_missing_spurious,0.5,0.6666667,0.512,2000
tep,3,0,WDI-1NN,mixed_missing_spurious,0.5,0.8333333,0.6485,2000
tep,3,0,WDI-1NN,mixed_missing_spurious,0.5,1.0,0.8255,2000
tep,3,0,WDI-1NN,mixed_missing_spurious,0.6,0.1666667,0.39,2000
tep,3,0,WDI-1NN,mixed_missing_spurious,0.6,0.3333333,0.39,2000
tep,3,0,WDI-1NN,mixed_missing_spurious,0.6,0.5,0.422,2000
tep,3,0,WDI-1NN,mixed_missing_spurious,0.6,0.6666667,0.484,2000
tep,3,0,WDI-1NN,mixed_missing_spurious,0.6,0.8333333,0.5975,2000
tep,3,0,WDI-1NN,mixed_missing_spurious,0.6,1.0,0.7805,2000
tep,3,0,WDI-1NN,mixed_missing_spurious,0.7,0.1666667,0.3685,2000
tep,3,0,WDI-1NN,mixed_missing_spurious,0.7,0.3333333,0.3685,2000
tep,3,0,WDI-1NN,mixed_missing_spurious,0.7,0.5,0.379,2000
tep,3,0,WDI-1NN,mixed_missing_spurious,0.7,0.6666667,0.4085,2000
tep,3,0,WDI-1NN,mixed_missing_spurious,0.7,0.8333333,0.4965,2000
tep,3,0,WDI-1NN,mixed_missing_spurious,0.7,1.0,0.737,2000
tep,3,0,WDI-1NN,mixed_missing_spurious,0.8,0.1666667,0.3125,2000
tep,3,0,WDI-1NN,mixed_missing_spurious,0.8,0.3333333,0.3125,2000
tep,3,0,WDI-1NN,mixed_missing_spurious,0.8,0.5,0.356,2000
tep,3,0,WDI-1NN,mixed_missing_spurious,0.8,0.6666667,0.372,2000
tep,3,0,WDI-1NN,mixed_missing_spurious,0.8,0.8333333,0.411,2000
tep,3,0,WDI-1NN,mixed_missing_spurious,0.8,1.0,0.586,2000
tep,3,0,WDI-1NN,mixed_missing_spurious,0.9,0.1666667,0.2645,2000
tep,3,0,WDI-1NN,mixed_missing_spurious,0.9,0.3333333,0.2645,2000
tep,3,0,WDI-1NN,mixed_missing_spurious,0.9,0.5,0.314,2000
tep,3,0,WDI-1NN,mixed_missing_spurious,0.9,0.6666667,0.343,2000
tep,3,0,WDI-1NN,mixed_missing_spurious,0.9,0.8333333,0.3675,2000
tep,3,0,WDI-1NN,mixed_missing_spurious,0.9,1.0,0.434,2000
tep,3,0,WDI-1NN,mixed_spurious_timing_late,0.0,0.1666667,0.495,2000
tep,3,0,WDI-1NN,mixed_spurious_timing_late,0.0,0.3333333,0.495,2000
tep,3,0,WDI-1NN,mixed_spurious_timing_late,0.0,0.5,0.49,2000
tep,3,0,WDI-1NN,mixed_spurious_timing_late,0.0,0.6666667,0.585,2000
tep,3,0,WDI-1NN,mixed_spurious_timing_late,0.0,0.8333333,0.78,2000
tep,3,0,WDI-1NN,mixed_spurious_timing_late,0.0,1.0,0.945,2000
tep,3,0,WDI-1NN,mixed_spurious_timing_late,0.05,0.1666667,0.531,2000
tep,3,0,WDI-1NN,mixed_spurious_timing_late,0.05,0.3333333,0.531,2000
tep,3,0,WDI-1NN,mixed_spurious_timing_late,0.05,0.5,0.49,2000
tep,3,0,WDI-1NN,mixed_spurious_timing_late,0.05,0.6666667,0.604,2000
tep,3,0,WDI-1NN,mixed_spurious_timing_late,0.05,0.8333333,0.777,2000
tep,3,0,WDI-1NN,mixed_spurious_timing_late,0.05,1.0,0.9,2000
tep,3,0,WDI-1NN,mixed_spurious_timing_late,0.1,0.1666667,0.522,2000
tep,3,0,WDI-1NN,mixed_spurious_timing_late,0.1,0.3333333,0.522,2000
tep,3,0,WDI-1NN,mixed_spurious_timing_late,0.1,0.5,0.521,2000
tep,3,0,WDI-1NN,mixed_spurious_timing_late,0.1,0.6666667,0.652,2000
tep,3,0,WDI-1NN,mixed_spurious_timing_late,0.1,0.8333333,0.804,2000
tep,3,0,WDI-1NN,mixed_spurious_timing_late,0.1,1.0,0.896,2000
tep,3,0,WDI-1NN,mixed_spurious_timing_late,0.15,0.1666667,0.408,2000
tep,3,0,WDI-1NN,mixed_spurious_timing_late,0.15,0.3333333,0.408,2000
tep,3,0,WDI-1NN,mixed_spurious_timing_late,0.15,0.5,0.485,2000
tep,3,0,WDI-1NN,mixed_spurious_timing_late,0.15,0.6666667,0.676,2000
tep,3,0,WDI-1NN,mixed_spurious_timing_late,0.15,0.8333333,0.816,2000
tep,3,0,WDI-1NN,mixed_spurious_timing_late,0.15,1.0,0.8685,2000
tep,3,0,WDI-1NN,mixed_spurious_timing_late,0.2,0.1666667,0.3825,2000
tep,3,0,WDI-1NN,mixed_spurious_timing_late,0.2,0.3333333,0.3825,2000
tep,3,0,WDI-1NN,mixed_spurious_timing_late,0.2,0.5,0.4905,2000
tep,3,0,WDI-1NN,mixed_spurious_timing_late,0.2,0.6666667,0.694,2000
tep,3,0,WDI-1NN,mixed_spurious_timing_late,0.2,0.8333333,0.694,2000
tep,3,0,WDI-1NN,mixed_spurious_timing_late,0.2,1.0,0.8585,2000
tep,3,0,WDI-1NN,mixed_spurious_timing_late,0.25,0.1666667,0.367,2000
tep,3,0,WDI-1NN,mixed_spurious_timing_late,0.25,0.3333333,0.367,2000
tep,3,0,WDI-1NN,mixed_spurious_timing_late,0.25,0.5,0.5025,2000
tep,3,0,WDI-1NN,mixed_spurious_timing_late,0.25,0.6666667,0.5025,2000
tep,3,0,WDI-1NN,mixed_spurious_timing_late,0.25,0.8333333,0.7195,2000
tep,3,0,WDI-1NN,mixed_spurious_timing_late,0.25,1.0,0.8635,2000
tep,3,0,WDI-1NN,mixed_spurious_timing_late,0.3,0.1666667,0.381,2000
tep,3,0,WDI-1NN,mixed_spurious_timing_late,0.3,0.3333333,0.381,2000
tep,3,0,WDI-1NN,mixed_spurious_timing_late,0.3,0.5,0.561,2000
tep,3,0,WDI-1NN,mixed_spurious_timing_late,0.3,0.6666667,0.561,2000
tep,3,0,WDI-1NN,mixed_spurious_timing_late,0.3,0.8333333,0.7555,2000
tep,3,0,WDI-1NN,mixed_spurious_timing_late,0.3,1.0,0.8515,2000
tep,3,0,WDI-1NN,mixed_spurious_timing_late,0.4,0.1666667,0.358,2000
tep,3,0,WDI-1NN,mixed_spurious_timing_late,0.4,0.3333333,0.358,2000
tep,3,0,WDI-1NN,mixed_spurious_timing_late,0.4,0.5,0.358,2000
tep,3,0,WDI-1NN,mixed_spurious_timing_late,0.4,0.6666667,0.5995,2000
tep,3,0,WDI-1NN,mixed_spurious_timing_late,0.4,0.8333333,0.5995,2000
tep,3,0,WDI-1NN,mixed_spurious_timing_late,0.4,1.0,0.824,2000
tep,3,0,WDI-1NN,mixed_spurious_timing_late,0.5,0.1666667,0.42,2000
tep,3,0,WDI-1NN,mixed_spurious_timing_late,0.5,0.3333333,0.42,2000
tep,3,0,WDI-1NN,mixed_spurious_timing_late,0.5,0.5,0.42,2000
tep,3,0,WDI-1NN,mixed_spurious_timing_late,0.5,0.6666667,0.42,2000
tep,3,0,WDI-1NN,mixed_spurious_timing_late,0.5,0.8333333,0.6095,2000
tep,3,0,WDI-1NN,mixed_spurious_timing_late,0.5,1.0,0.744,2000
tep,3,0,WDI-1NN,mixed_spurious_timing_late,0.6,0.1666667,0.4415,2000
tep,3,0,WDI-1NN,mixed_spurious_timing_late,0.6,0.3333333,0.4415,2000
tep,3,0,WDI-1NN,mixed_spurious_timing_late,0.6,0.5,0.4415,2000
tep,3,0,WDI-1NN,mixed_spurious_timing_late,0.6,0.6666667,0.4415,2000
tep,3,0,WDI-1NN,mixed_spurious_timing_late,0.6,0.8333333,0.4415,2000
tep,3,0,WDI-1NN,mixed_spurious_timing_late,0.6,1.0,0.6265,2000
tep,3,0,WDI-1NN,mixed_spurious_timing_late,0.7,0.1666667,0.4375,2000
tep,3,0,WDI-1NN,mixed_spurious_timing_late,0.7,0.3333333,0.4375,2000
tep,3,0,WDI-1NN,mixed_spurious_timing_late,0.7,0.5,0.4375,2000
tep,3,0,WDI-1NN,mixed_spurious_timing_late,0.7,0.6666667,0.4375,2000
tep,3,0,WDI-1NN,mixed_spurious_timing_late,0.7,0.8333333,0.4375,2000
tep,3,0,WDI-1NN,mixed_spurious_timing_late,0.7,1.0,0.523,2000
tep,3,0,WDI-1NN,mixed_spurious_timing_late,0.8,0.1666667,0.4335,2000
tep,3,0,WDI-1NN,mixed_spurious_timing_late,0.8,0.3333333,0.4335,2000
tep,3,0,WDI-1NN,mixed_spurious_timing_late,0.8,0.5,0.4335,2000
tep,3,0,WDI-1NN,mixed_spurious_timing_late,0.8,0.6666667,0.4335,2000
tep,3,0,WDI-1NN,mixed_spurious_timing_late,0.8,0.8333333,0.4335,2000
tep,3,0,WDI-1NN,mixed_spurious_timing_late,0.8,1.0,0.447,2000
tep,3,0,WDI-1NN,mixed_spurious_timing_late,0.9,0.1666667,0.3615,2000
tep,3,0,WDI-1NN,mixed_spurious_timing_late,0.9,0.3333333,0.3615,2000
tep,3,0,WDI-1NN,mixed_spurious_timing_late,0.9,0.5,0.3615,2000
tep,3,0,WDI-1NN,mixed_spurious_timing_late,0.9,0.6666667,0.3615,2000
tep,3,0,WDI-1NN,mixed_spurious_timing_late,0.9,0.8333333,0.3615,2000
tep,3,0,WDI-1NN,mixed_spurious_timing_late,0.9,1.0,0.3615,2000
tep,3,0,WDI-1NN,spurious_events,0.0,0.1666667,0.495,2000
tep,3,0,WDI-1NN,spurious_events,0.0,0.3333333,0.495,2000
tep,3,0,WDI-1NN,spurious_events,0.0,0.5,0.49,2000
tep,3,0,WDI-1NN,spurious_events,0.0,0.6666667,0.585,2000
tep,3,0,WDI-1NN,spurious_events,0.0,0.8333333,0.78,2000
tep,3,0,WDI-1NN,spurious_events,0.0,1.0,0.945,2000
tep,3,0,WDI-1NN,spurious_events,0.05,0.1666667,0.487,2000
tep,3,0,WDI-1NN,spurious_events,0.05,0.3333333,0.487,2000
tep,3,0,WDI-1NN,spurious_events,0.05,0.5,0.4855,2000
tep,3,0,WDI-1NN,spurious_events,0.05,0.6666667,0.5905,2000
tep,3,0,WDI-1NN,spurious_events,0.05,0.8333333,0.775,2000
tep,3,0,WDI-1NN,spurious_events,0.05,1.0,0.9315,2000
tep,3,0,WDI-1NN,spurious_events,0.1,0.1666667,0.4765,2000
tep,3,0,WDI-1NN,spurious_events,0.1,0.3333333,0.4765,2000
tep,3,0,WDI-1NN,spurious_events,0.1,0.5,0.481,2000
tep,3,0,WDI-1NN,spurious_events,0.1,0.6666667,0.6145,2000
tep,3,0,WDI-1NN,spurious_events,0.1,0.8333333,0.775,2000
tep,3,0,WDI-1NN,spurious_events,0.1,1.0,0.9135,2000
tep,3,0,WDI-1NN,spurious_events,0.15,0.1666667,0.468,2000
tep,3,0,WDI-1NN,spurious_events,0.15,0.3333333,0.468,2000
tep,3,0,WDI-1NN,spurious_events,0.15,0.5,0.49,2000
tep,3,0,WDI-1NN,spurious_events,0.15,0.6666667,0.6185,2000
tep,3,0,WDI-1NN,spurious_events,0.15,0.8333333,0.7715,2000
tep,3,0,WDI-1NN,spurious_events,0.15,1.0,0.9085,2000
tep,3,0,WDI-1NN,spurious_events,0.2,0.1666667,0.4545,2000
tep,3,0,WDI-1NN,spurious_events,0.2,0.3333333,0.4545,2000
tep,3,0,WDI-1NN,spurious_events,0.2,0.5,0.476,2000
tep,3,0,WDI-1NN,spurious_events,0.2,0.6666667,0.631,2000
tep,3,0,WDI-1NN,spurious_events,0.2,0.8333333,0.7545,2000
tep,3,0,WDI-1NN,spurious_events,0.2,1.0,0.8755,2000
tep,3,0,WDI-1NN,spurious_events,0.25,0.1666667,0.46,2000
tep,3,0,WDI-1NN,spurious_events,0.25,0.3333333,0.46,2000
tep,3,0,WDI-1NN,spurious_events,0.25,0.5,0.483,2000
tep,3,0,WDI-1NN,spurious_events,0.25,0.6666667,0.6415,2000
tep,3,0,WDI-1NN,spurious_events,0.25,0.8333333,0.74,2000
tep,3,0,WDI-1NN,spurious_events,0.25,1.0,0.858,2000
tep,3,0,WDI-1NN,spurious_events,0.3,0.1666667,0.45,2000
tep,3,0,WDI-1NN,spurious_events,0.3,0.3333333,0.45,2000
tep,3,0,WDI-1NN,spurious_events,0.3,0.5,0.4905,2000
tep,3,0,WDI-1NN,spurious_events,0.3,0.6666667,0.6505,2000
tep,3,0,WDI-1NN,spurious_events,0.3,0.8333333,0.734,2000
tep,3,0,WDI-1NN,spurious_events,0.3,1.0,0.8415,2000
tep,3,0,WDI-1NN,spurious_events,0.4,0.1666667,0.44,2000
tep,3,0,WDI-1NN,spurious_events,0.4,0.3333333,0.44,2000
tep,3,0,WDI-1NN,spurious_events,0.4,0.5,0.491,2000
tep,3,0,WDI-1NN,spurious_events,0.4,0.6666667,0.6465,2000
tep,3,0,WDI-1NN,spurious_events,0.4,0.8333333,0.723,2000
tep,3,0,WDI-1NN,spurious_events,0.4,1.0,0.7765,2000
tep,3,0,WDI-1NN,spurious_events,0.5,0.1666667,0.4295,2000
tep,3,0,WDI-1NN,spurious_events,0.5,0.3333333,0.4295,2000
tep,3,0,WDI-1NN,spurious_events,0.5,0.5,0.5105,2000
tep,3,0,WDI-1NN,spurious_events,0.5,0.6666667,0.637,2000
tep,3,0,WDI-1NN,spurious_events,0.5,0.8333333,0.683,2000
tep,3,0,WDI-1NN,spurious_events,0.5,1.0,0.686,2000
tep,3,0,WDI-1NN,spurious_events,0.6,0.1666667,0.4255,2000
tep,3,0,WDI-1NN,spurious_events,0.6,0.3333333,0.4255,2000
tep,3,0,WDI-1NN,spurious_events,0.6,0.5,0.522,2000
tep,3,0,WDI-1NN,spurious_events,0.6,0.6666667,0.637,2000
tep,3,0,WDI-1NN,spurious_events,0.6,0.8333333,0.66,2000
tep,3,0,WDI-1NN,spurious_events,0.6,1.0,0.618,2000
tep,3,0,WDI-1NN,spurious_events,0.7,0.1666667,0.428,2000
tep,3,0,WDI-1NN,spurious_events,0.7,0.3333333,0.428,2000
tep,3,0,WDI-1NN,spurious_events,0.7,0.5,0.533,2000
tep,3,0,WDI-1NN,spurious_events,0.7,0.6666667,0.618,2000
tep,3,0,WDI-1NN,spurious_events,0.7,0.8333333,0.6275,2000
tep,3,0,WDI-1NN,spurious_events,0.7,1.0,0.5425,2000
tep,3,0,WDI-1NN,spurious_events,0.8,0.1666667,0.413,2000
tep,3,0,WDI-1NN,spurious_events,0.8,0.3333333,0.413,2000
tep,3,0,WDI-1NN,spurious_events,0.8,0.5,0.5355,2000
tep,3,0,WDI-1NN,spurious_events,0.8,0.6666667,0.6095,2000
tep,3,0,WDI-1NN,spurious_events,0.8,0.8333333,0.5965,2000
tep,3,0,WDI-1NN,spurious_events,0.8,1.0,0.477,2000
tep,3,0,WDI-1NN,spurious_events,0.9,0.1666667,0.412,2000
tep,3,0,WDI-1NN,spurious_events,0.9,0.3333333,0.412,2000
tep,3,0,WDI-1NN,spurious_events,0.9,0.5,0.552,2000
tep,3,0,WDI-1NN,spurious_events,0.9,0.6666667,0.5825,2000
tep,3,0,WDI-1NN,spurious_events,0.9,0.8333333,0.543,2000
tep,3,0,WDI-1NN,spurious_events,0.9,1.0,0.4075,2000
tep,3,0,WDI-1NN,timing_uncertainty,0.0,0.1666667,0.495,2000
tep,3,0,WDI-1NN,timing_uncertainty,0.0,0.3333333,0.495,2000
tep,3,0,WDI-1NN,timing_uncertainty,0.0,0.5,0.49,2000
tep,3,0,WDI-1NN,timing_uncertainty,0.0,0.6666667,0.585,2000
tep,3,0,WDI-1NN,timing_uncertainty,0.0,0.8333333,0.78,2000
tep,3,0,WDI-1NN,timing_uncertainty,0.0,1.0,0.945,2000
tep,3,0,WDI-1NN,timing_uncertainty,0.05,0.1666667,0.4935,2000
tep,3,0,WDI-1NN,timing_uncertainty,0.05,0.3333333,0.4935,2000
tep,3,0,WDI-1NN,timing_uncertainty,0.05,0.5,0.49,2000
tep,3,0,WDI-1NN,timing_uncertainty,0.05,0.6666667,0.58,2000
tep,3,0,WDI-1NN,timing_uncertainty,0.05,0.8333333,0.777,2000
tep,3,0,WDI-1NN,timing_uncertainty,0.05,1.0,0.945,2000
tep,3,0,WDI-1NN,timing_uncertainty,0.1,0.1666667,0.493,2000
tep,3,0,WDI-1NN,timing_uncertainty,0.1,0.3333333,0.493,2000
tep,3,0,WDI-1NN,timing_uncertainty,0.1,0.5,0.491,2000
tep,3,0,WDI-1NN,timing_uncertainty,0.1,0.6666667,0.5815,2000
tep,3,0,WDI-1NN,timing_uncertainty,0.1,0.8333333,0.7715,2000
tep,3,0,WDI-1NN,timing_uncertainty,0.1,1.0,0.9425,2000
tep,3,0,WDI-1NN,timing_uncertainty,0.15,0.1666667,0.4935,2000
tep,3,0,WDI-1NN,timing_uncertainty,0.15,0.3333333,0.4935,2000
tep,3,0,WDI-1NN,timing_uncertainty,0.15,0.5,0.495,2000
tep,3,0,WDI-1NN,timing_uncertainty,0.15,0.6666667,0.574,2000
tep,3,0,WDI-1NN,timing_uncertainty,0.15,0.8333333,0.7685,2000
tep,3,0,WDI-1NN,timing_uncertainty,0.15,1.0,0.9415,2000
tep,3,0,WDI-1NN,timing_uncertainty,0.2,0.1666667,0.493,2000
tep,3,0,WDI-1NN,timing_uncertainty,0.2,0.3333333,0.493,2000
tep,3,0,WDI-1NN,timing_uncertainty,0.2,0.5,0.4945,2000
tep,3,0,WDI-1NN,timing_uncertainty,0.2,0.6666667,0.5745,2000
tep,3,0,WDI-1NN,timing_uncertainty,0.2,0.8333333,0.77,2000
tep,3,0,WDI-1NN,timing_uncertainty,0.2,1.0,0.9445,2000
tep,3,0,WDI-1NN,timing_uncertainty,0.25,0.1666667,0.4925,2000
tep,3,0,WDI-1NN,timing_uncertainty,0.25,0.3333333,0.4925,2000
tep,3,0,WDI-1NN,timing_uncertainty,0.25,0.5,0.495,2000
tep,3,0,WDI-1NN,timing_uncertainty,0.25,0.6666667,0.576,2000
tep,3,0,WDI-1NN,timing_uncertainty,0.25,0.8333333,0.77,2000
tep,3,0,WDI-1NN,timing_uncertainty,0.25,1.0,0.941,2000
tep,3,0,WDI-1NN,timing_uncertainty,0.3,0.1666667,0.492,2000
tep,3,0,WDI-1NN,timing_uncertainty,0.3,0.3333333,0.492,2000
tep,3,0,WDI-1NN,timing_uncertainty,0.3,0.5,0.4935,2000
tep,3,0,WDI-1NN,timing_uncertainty,0.3,0.6666667,0.579,2000
tep,3,0,WDI-1NN,timing_uncertainty,0.3,0.8333333,0.77,2000
tep,3,0,WDI-1NN,timing_uncertainty,0.3,1.0,0.9415,2000
tep,3,0,WDI-1NN,timing_uncertainty,0.4,0.1666667,0.4955,2000
tep,3,0,WDI-1NN,timing_uncertainty,0.4,0.3333333,0.4955,2000
tep,3,0,WDI-1NN,timing_uncertainty,0.4,0.5,0.494,2000
tep,3,0,WDI-1NN,timing_uncertainty,0.4,0.6666667,0.5765,2000
tep,3,0,WDI-1NN,timing_uncertainty,0.4,0.8333333,0.7685,2000
tep,3,0,WDI-1NN,timing_uncertainty,0.4,1.0,0.943,2000
tep,3,0,WDI-1NN,timing_uncertainty,0.5,0.1666667,0.494,2000
tep,3,0,WDI-1NN,timing_uncertainty,0.5,0.3333333,0.494,2000
tep,3,0,WDI-1NN,timing_uncertainty,0.5,0.5,0.4965,2000
tep,3,0,WDI-1NN,timing_uncertainty,0.5,0.6666667,0.5805,2000
tep,3,0,WDI-1NN,timing_uncertainty,0.5,0.8333333,0.771,2000
tep,3,0,WDI-1NN,timing_uncertainty,0.5,1.0,0.9425,2000
tep,3,0,WDI-1NN,timing_uncertainty,0.6,0.1666667,0.4925,2000
tep,3,0,WDI-1NN,timing_uncertainty,0.6,0.3333333,0.4925,2000
tep,3,0,WDI-1NN,timing_uncertainty,0.6,0.5,0.5015,2000
tep,3,0,WDI-1NN,timing_uncertainty,0.6,0.6666667,0.581,2000
tep,3,0,WDI-1NN,timing_uncertainty,0.6,0.8333333,0.7785,2000
tep,3,0,WDI-1NN,timing_uncertainty,0.6,1.0,0.941,2000
tep,3,0,WDI-1NN,timing_uncertainty,0.7,0.1666667,0.4935,2000
tep,3,0,WDI-1NN,timing_uncertainty,0.7,0.3333333,0.4935,2000
tep,3,0,WDI-1NN,timing_uncertainty,0.7,0.5,0.5025,2000
tep,3,0,WDI-1NN,timing_uncertainty,0.7,0.6666667,0.5775,2000
tep,3,0,WDI-1NN,timing_uncertainty,0.7,0.8333333,0.78,2000
tep,3,0,WDI-1NN,timing_uncertainty,0.7,1.0,0.942,2000
tep,3,0,WDI-1NN,timing_uncertainty,0.8,0.1666667,0.503,2000
tep,3,0,WDI-1NN,timing_uncertainty,0.8,0.3333333,0.503,2000
tep,3,0,WDI-1NN,timing_uncertainty,0.8,0.5,0.5045,2000
tep,3,0,WDI-1NN,timing_uncertainty,0.8,0.6666667,0.596,2000
tep,3,0,WDI-1NN,timing_uncertainty,0.8,0.8333333,0.783,2000
tep,3,0,WDI-1NN,timing_uncertainty,0.8,1.0,0.943,2000
tep,3,0,WDI-1NN,timing_uncertainty,0.9,0.1666667,0.4965,2000
tep,3,0,WDI-1NN,timing_uncertainty,0.9,0.3333333,0.4965,2000
tep,3,0,WDI-1NN,timing_uncertainty,0.9,0.5,0.5145,2000
tep,3,0,WDI-1NN,timing_uncertainty,0.9,0.6666667,0.6135,2000
tep,3,0,WDI-1NN,timing_uncertainty,0.9,0.8333333,0.787,2000
tep,3,0,WDI-1NN,timing_uncertainty,0.9,1.0,0.944,2000
tep,4,0,ACM-SVM,late_time_delay,0.0,0.1666667,0.535,2000
tep,4,0,ACM-SVM,late_time_delay,0.0,0.3333333,0.535,2000
tep,4,0,ACM-SVM,late_time_delay,0.0,0.5,0.645,2000
tep,4,0,ACM-SVM,late_time_delay,0.0,0.6666667,0.74,2000
tep,4,0,ACM-SVM,late_time_delay,0.0,0.8333333,0.82,2000
tep,4,0,ACM-SVM,late_time_delay,0.0,1.0,0.935,2000
tep,4,0,ACM-SVM,late_time_delay,0.05,0.1666667,0.48,2000
tep,4,0,ACM-SVM,late_time_delay,0.05,0.3333333,0.48,2000
tep,4,0,ACM-SVM,late_time_delay,0.05,0.5,0.575,2000
tep,4,0,ACM-SVM,late_time_delay,0.05,0.6666667,0.665,2000
tep,4,0,ACM-SVM,late_time_delay,0.05,0.8333333,0.72,2000
tep,4,0,ACM-SVM,late_time_delay,0.05,1.0,0.76,2000
tep,4,0,ACM-SVM,late_time_delay,0.1,0.1666667,0.48,2000
tep,4,0,ACM-SVM,late_time_delay,0.1,0.3333333,0.48,2000
tep,4,0,ACM-SVM,late_time_delay,0.1,0.5,0.595,2000
tep,4,0,ACM-SVM,late_time_delay,0.1,0.6666667,0.68,2000
tep,4,0,ACM-SVM,late_time_delay,0.1,0.8333333,0.74,2000
tep,4,0,ACM-SVM,late_time_delay,0.1,1.0,0.76,2000
tep,4,0,ACM-SVM,late_time_delay,0.15,0.1666667,0.4,2000
tep,4,0,ACM-SVM,late_time_delay,0.15,0.3333333,0.4,2000
tep,4,0,ACM-SVM,late_time_delay,0.15,0.5,0.515,2000
tep,4,0,ACM-SVM,late_time_delay,0.15,0.6666667,0.665,2000
tep,4,0,ACM-SVM,late_time_delay,0.15,0.8333333,0.705,2000
tep,4,0,ACM-SVM,late_time_delay,0.15,1.0,0.75,2000
tep,4,0,ACM-SVM,late_time_delay,0.2,0.1666667,0.35,2000
tep,4,0,ACM-SVM,late_time_delay,0.2,0.3333333,0.35,2000
tep,4,0,ACM-SVM,late_time_delay,0.2,0.5,0.505,2000
tep,4,0,ACM-SVM,late_time_delay,0.2,0.6666667,0.64,2000
tep,4,0,ACM-SVM,late_time_delay,0.2,0.8333333,0.64,2000
tep,4,0,ACM-SVM,late_time_delay,0.2,1.0,0.7,2000
tep,4,0,ACM-SVM,late_time_delay,0.25,0.1666667,0.395,2000
tep,4,0,ACM-SVM,late_time_delay,0.25,0.3333333,0.395,2000
tep,4,0,ACM-SVM,late_time_delay,0.25,0.5,0.53,2000
tep,4,0,ACM-SVM,late_time_delay,0.25,0.6666667,0.53,2000
tep,4,0,ACM-SVM,late_time_delay,0.25,0.8333333,0.61,2000
tep,4,0,ACM-SVM,late_time_delay,0.25,1.0,0.68,2000
tep,4,0,ACM-SVM,late_time_delay,0.3,0.1666667,0.435,2000
tep,4,0,ACM-SVM,late_time_delay,0.3,0.3333333,0.435,2000
tep,4,0,ACM-SVM,late_time_delay,0.3,0.5,0.545,2000
tep,4,0,ACM-SVM,late_time_delay,0.3,0.6666667,0.545,2000
tep,4,0,ACM-SVM,late_time_delay,0.3,0.8333333,0.59,2000
tep,4,0,ACM-SVM,late_time_delay,0.3,1.0,0.64,2000
tep,4,0,ACM-SVM,late_time_delay,0.4,0.1666667,0.44,2000
tep,4,0,ACM-SVM,late_time_delay,0.4,0.3333333,0.44,2000
tep,4,0,ACM-SVM,late_time_delay,0.4,0.5,0.44,2000
tep,4,0,ACM-SVM,late_time_delay,0.4,0.6666667,0.53,2000
tep,4,0,ACM-SVM,late_time_delay,0.4,0.8333333,0.53,2000
tep,4,0,ACM-SVM,late_time_delay,0.4,1.0,0.575,2000
tep,4,0,ACM-SVM,late_time_delay,0.5,0.1666667,0.455,2000
tep,4,0,ACM-SVM,late_time_delay,0.5,0.3333333,0.455,2000
tep,4,0,ACM-SVM,late_time_delay,0.5,0.5,0.455,2000
tep,4,0,ACM-SVM,late_time_delay,0.5,0.6666667,0.455,2000
tep,4,0,ACM-SVM,late_time_delay,0.5,0.8333333,0.48,2000
tep,4,0,ACM-SVM,late_time_delay,0.5,1.0,0.555,2000
tep,4,0,ACM-SVM,late_time_delay,0.6,0.1666667,0.415,2000
tep,4,0,ACM-SVM,late_time_delay,0.6,0.3333333,0.415,2000
tep,4,0,ACM-SVM,late_time_delay,0.6,0.5,0.415,2000
tep,4,0,ACM-SVM,late_time_delay,0.6,0.6666667,0.415,2000
tep,4,0,ACM-SVM,late_time_delay,0.6,0.8333333,0.415,2000
tep,4,0,ACM-SVM,late_time_delay,0.6,1.0,0.495,2000
tep,4,0,ACM-SVM,late_time_delay,0.7,0.1666667,0.4,2000
tep,4,0,ACM-SVM,late_time_delay,0.7,0.3333333,0.4,2000
tep,4,0,ACM-SVM,late_time_delay,0.7,0.5,0.4,2000
tep,4,0,ACM-SVM,late_time_delay,0.7,0.6666667,0.4,2000
tep,4,0,ACM-SVM,late_time_delay,0.7,0.8333333,0.4,2000
tep,4,0,ACM-SVM,late_time_delay,0.7,1.0,0.445,2000
tep,4,0,ACM-SVM,late_time_delay,0.8,0.1666667,0.4,2000
tep,4,0,ACM-SVM,late_time_delay,0.8,0.3333333,0.4,2000
tep,4,0,ACM-SVM,late_time_delay,0.8,0.5,0.4,2000
tep,4,0,ACM-SVM,late_time_delay,0.8,0.6666667,0.4,2000
tep,4,0,ACM-SVM,late_time_delay,0.8,0.8333333,0.4,2000
tep,4,0,ACM-SVM,late_time_delay,0.8,1.0,0.425,2000
tep,4,0,ACM-SVM,late_time_delay,0.9,0.1666667,0.335,2000
tep,4,0,ACM-SVM,late_time_delay,0.9,0.3333333,0.335,2000
tep,4,0,ACM-SVM,late_time_delay,0.9,0.5,0.335,2000
tep,4,0,ACM-SVM,late_time_delay,0.9,0.6666667,0.335,2000
tep,4,0,ACM-SVM,late_time_delay,0.9,0.8333333,0.335,2000
tep,4,0,ACM-SVM,late_time_delay,0.9,1.0,0.335,2000
tep,4,0,ACM-SVM,missing_events,0.0,0.1666667,0.535,2000
tep,4,0,ACM-SVM,missing_events,0.0,0.3333333,0.535,2000
tep,4,0,ACM-SVM,missing_events,0.0,0.5,0.645,2000
tep,4,0,ACM-SVM,missing_events,0.0,0.6666667,0.74,2000
tep,4,0,ACM-SVM,missing_events,0.0,0.8333333,0.82,2000
tep,4,0,ACM-SVM,missing_events,0.0,1.0,0.935,2000
tep,4,0,ACM-SVM,missing_events,0.05,0.1666667,0.5375,2000
tep,4,0,ACM-SVM,missing_events,0.05,0.3333333,0.5375,2000
tep,4,0,ACM-SVM,missing_events,0.05,0.5,0.6395,2000
tep,4,0,ACM-SVM,missing_events,0.05,0.6666667,0.72,2000
tep,4,0,ACM-SVM,missing_events,0.05,0.8333333,0.756,2000
tep,4,0,ACM-SVM,missing_events,0.05,1.0,0.796,2000
tep,4,0,ACM-SVM,missing_events,0.1,0.1666667,0.5385,2000
tep,4,0,ACM-SVM,missing_events,0.1,0.3333333,0.5385,2000
tep,4,0,ACM-SVM,missing_events,0.1,0.5,0.636,2000
tep,4,0,ACM-SVM,missing_events,0.1,0.6666667,0.692,2000
tep,4,0,ACM-SVM,missing_events,0.1,0.8333333,0.6935,2000
tep,4,0,ACM-SVM,missing_events,0.1,1.0,0.682,2000
tep,4,0,ACM-SVM,missing_events,0.15,0.1666667,0.5305,2000
tep,4,0,ACM-SVM,missing_events,0.15,0.3333333,0.5305,2000
tep,4,0,ACM-SVM,missing_events,0.15,0.5,0.614,2000
tep,4,0,ACM-SVM,missing_events,0.15,0.6666667,0.6705,2000
tep,4,0,ACM-SVM,missing_events,0.15,0.8333333,0.654,2000
tep,4,0,ACM-SVM,missing_events,0.15,1.0,0.6035,2000
tep,4,0,ACM-SVM,missing_events,0.2,0.1666667,0.517,2000
tep,4,0,ACM-SVM,missing_events,0.2,0.3333333,0.517,2000
tep,4,0,ACM-SVM,missing_events,0.2,0.5,0.616,2000
tep,4,0,ACM-SVM,missing_events,0.2,0.6666667,0.6305,2000
tep,4,0,ACM-SVM,missing_events,0.2,0.8333333,0.606,2000
tep,4,0,ACM-SVM,missing_events,0.2,1.0,0.553,2000
tep,4,0,ACM-SVM,missing_events,0.25,0.1666667,0.505,2000
tep,4,0,ACM-SVM,missing_events,0.25,0.3333333,0.505,2000
tep,4,0,ACM-SVM,missing_events,0.25,0.5,0.6015,2000
tep,4,0,ACM-SVM,missing_events,0.25,0.6666667,0.597,2000
tep,4,0,ACM-SVM,missing_events,0.25,0.8333333,0.575,2000
tep,4,0,ACM-SVM,missing_events,0.25,1.0,0.5315,2000
tep,4,0,ACM-SVM,missing_events,0.3,0.1666667,0.48,2000
tep,4,0,ACM-SVM,missing_events,0.3,0.3333333,0.48,2000
tep,4,0,ACM-SVM,missing_events,0.3,0.5,0.5705,2000
tep,4,0,ACM-SVM,missing_events,0.3,0.6666667,0.586,2000
tep,4,0,ACM-SVM,missing_events,0.3,0.8333333,0.5525,2000
tep,4,0,ACM-SVM,missing_events,0.3,1.0,0.4995,2000
tep,4,0,ACM-SVM,missing_events,0.4,0.1666667,0.4515,2000
tep,4,0,ACM-SVM,missing_events,0.4,0.3333333,0.4515,2000
tep,4,0,ACM-SVM,missing_events,0.4,0.5,0.5395,2000
tep,4,0,ACM-SVM,missing_events,0.4,0.6666667,0.553,2000
tep,4,0,ACM-SVM,missing_events,0.4,0.8333333,0.5165,2000
tep,4,0,ACM-SVM,missing_events,0.4,1.0,0.454,2000
tep,4,0,ACM-SVM,missing_events,0.5,0.1666667,0.406,2000
tep,4,0,ACM-SVM,missing_events,0.5,0.3333333,0.406,2000
tep,4,0,ACM-SVM,missing_events,0.5,0.5,0.5305,2000
tep,4,0,ACM-SVM,missing_events,0.5,0.6666667,0.5385,2000
tep,4,0,ACM-SVM,missing_events,0.5,0.8333333,0.4945,2000
tep,4,0,ACM-SVM,missing_events,0.5,1.0,0.435,2000
tep,4,0,ACM-SVM,missing_events,0.6,0.1666667,0.3605,2000
tep,4,0,ACM-SVM,missing_events,0.6,0.3333333,0.3605,2000
tep,4,0,ACM-SVM,missing_events,0.6,0.5,0.493,2000
tep,4,0,ACM-SVM,missing_events,0.6,0.6666667,0.5015,2000
tep,4,0,ACM-SVM,missing_events,0.6,0.8333333,0.487,2000
tep,4,0,ACM-SVM,missing_events,0.6,1.0,0.4245,2000
tep,4,0,ACM-SVM,missing_events,0.7,0.1666667,0.3225,2000
tep,4,0,ACM-SVM,missing_events,0.7,0.3333333,0.3225,2000
tep,4,0,ACM-SVM,missing_events,0.7,0.5,0.4585,2000
tep,4,0,ACM-SVM,missing_events,0.7,0.6666667,0.497,2000
tep,4,0,ACM-SVM,missing_events,0.7,0.8333333,0.4885,2000
tep,4,0,ACM-SVM,missing_events,0.7,1.0,0.4355,2000
tep,4,0,ACM-SVM,missing_events,0.8,0.1666667,0.26,2000
tep,4,0,ACM-SVM,missing_events,0.8,0.3333333,0.26,2000
tep,4,0,ACM-SVM,missing_events,0.8,0.5,0.382,2000
tep,4,0,ACM-SVM,missing_events,0.8,0.6666667,0.4745,2000
tep,4,0,ACM-SVM,missing_events,0.8,0.8333333,0.4945,2000
tep,4,0,ACM-SVM,missing_events,0.8,1.0,0.46,2000
tep,4,0,ACM-SVM,missing_events,0.9,0.1666667,0.218,2000
tep,4,0,ACM-SVM,missing_events,0.9,0.3333333,0.218,2000
tep,4,0,ACM-SVM,missing_events,0.9,0.5,0.273,2000
tep,4,0,ACM-SVM,missing_events,0.9,0.6666667,0.3595,2000
tep,4,0,ACM-SVM,missing_events,0.9,0.8333333,0.441,2000
tep,4,0,ACM-SVM,missing_events,0.9,1.0,0.488,2000
tep,4,0,ACM-SVM,mixed_missing_spurious,0.0,0.1666667,0.535,2000
tep,4,0,ACM-SVM,mixed_missing_spurious,0.0,0.3333333,0.535,2000
tep,4,0,ACM-SVM,mixed_missing_spurious,0.0,0.5,0.645,2000
tep,4,0,ACM-SVM,mixed_missing_spurious,0.0,0.6666667,0.74,2000
tep,4,0,ACM-SVM,mixed_missing_spurious,0.0,0.8333333,0.82,2000
tep,4,0,ACM-SVM,mixed_missing_spurious,0.0,1.0,0.935,2000
tep,4,0,ACM-SVM,mixed_missing_spurious,0.05,0.1666667,0.527,2000
tep,4,0,ACM-SVM,mixed_missing_spurious,0.05,0.3333333,0.527,2000
tep,4,0,ACM-SVM,mixed_missing_spurious,0.05,0.5,0.596,2000
tep,4,0,ACM-SVM,mixed_missing_spurious,0.05,0.6666667,0.619,2000
tep,4,0,ACM-SVM,mixed_missing_spurious,0.05,0.8333333,0.596,2000
tep,4,0,ACM-SVM,mixed_missing_spurious,0.05,1.0,0.5365,2000
tep,4,0,ACM-SVM,mixed_missing_spurious,0.1,0.1666667,0.5105,2000
tep,4,0,ACM-SVM,mixed_missing_spurious,0.1,0.3333333,0.5105,2000
tep,4,0,ACM-SVM,mixed_missing_spurious,0.1,0.5,0.549,2000
tep,4,0,ACM-SVM,mixed_missing_spurious,0.1,0.6666667,0.5125,2000
tep,4,0,ACM-SVM,mixed_missing_spurious,0.1,0.8333333,0.437,2000
tep,4,0,ACM-SVM,mixed_missing_spurious,0.1,1.0,0.325,2000
tep,4,0,ACM-SVM,mixed_missing_spurious,0.15,0.1666667,0.507,2000
tep,4,0,ACM-SVM,mixed_missing_spurious,0.15,0.3333333,0.507,2000
tep,4,0,ACM-SVM,mixed_missing_spurious,0.15,0.5,0.494,2000
tep,4,0,ACM-SVM,mixed_missing_spurious,0.15,0.6666667,0.416,2000
tep,4,0,ACM-SVM,mixed_missing_spurious,0.15,0.8333333,0.353,2000
tep,4,0,ACM-SVM,mixed_missing_spurious,0.15,1.0,0.244,2000
tep,4,0,ACM-SVM,mixed_missing_spurious,0.2,0.1666667,0.491,2000
tep,4,0,ACM-SVM,mixed_missing_spurious,0.2,0.3333333,0.491,2000
tep,4,0,ACM-SVM,mixed_missing_spurious,0.2,0.5,0.4475,2000
tep,4,0,ACM-SVM,mixed_missing_spurious,0.2,0.6666667,0.355,2000
tep,4,0,ACM-SVM,mixed_missing_spurious,0.2,0.8333333,0.2945,2000
tep,4,0,ACM-SVM,mixed_missing_spurious,0.2,1.0,0.223,2000
tep,4,0,ACM-SVM,mixed_missing_spurious,0.25,0.1666667,0.4645,2000
tep,4,0,ACM-SVM,mixed_missing_spurious,0.25,0.3333333,0.4645,2000
tep,4,0,ACM-SVM,mixed_missing_spurious,0.25,0.5,0.4035,2000
tep,4,0,ACM-SVM,mixed_missing_spurious,0.25,0.6666667,0.329,2000
tep,4,0,ACM-SVM,mixed_missing_spurious,0.25,0.8333333,0.275,2000
tep,4,0,ACM-SVM,mixed_missing_spurious,0.25,1.0,0.213,2000
tep,4,0,ACM-SVM,mixed_missing_spurious,0.3,0.1666667,0.46,2000
tep,4,0,ACM-SVM,mixed_missing_spurious,0.3,0.3333333,0.46,2000
tep,4,0,ACM-SVM,mixed_missing_spurious,0.3,0.5,0.393,2000
tep,4,0,ACM-SVM,mixed_missing_spurious,0.3,0.6666667,0.3115,2000
tep,4,0,ACM-SVM,mixed_missing_spurious,0.3,0.8333333,0.2615,2000
tep,4,0,ACM-SVM,mixed_missing_spurious,0.3,1.0,0.2075,2000
tep,4,0,ACM-SVM,mixed_missing_spurious,0.4,0.1666667,0.436,2000
tep,4,0,ACM-SVM,mixed_missing_spurious,0.4,0.3333333,0.436,2000
tep,4,0,ACM-SVM,mixed_missing_spurious,0.4,0.5,0.348,2000
tep,4,0,ACM-SVM,mixed_missing_spurious,0.4,0.6666667,0.2755,2000
tep,4,0,ACM-SVM,mixed_missing_spurious,0.4,0.8333333,0.23,2000
tep,4,0,ACM-SVM,mixed_missing_spurious,0.4,1.0,0.201,2000
tep,4,0,ACM-SVM,mixed_missing_spurious,0.5,0.1666667,0.4155,2000
tep,4,0,ACM-SVM,mixed_missing_spurious,0.5,0.3333333,0.4155,2000
tep,4,0,ACM-SVM,mixed_missing_spurious,0.5,0.5,0.3505,2000
tep,4,0,ACM-SVM,mixed_missing_spurious,0.5,0.6666667,0.2835,2000
tep,4,0,ACM-SVM,mixed_missing_spurious,0.5,0.8333333,0.2275,2000
tep,4,0,ACM-SVM,mixed_missing_spurious,0.5,1.0,0.2005,2000
tep,4,0,ACM-SVM,mixed_missing_spurious,0.6,0.1666667,0.403,2000
tep,4,0,ACM-SVM,mixed_missing_spurious,0.6,0.3333333,0.403,2000
tep,4,0,ACM-SVM,mixed_missing_spurious,0.6,0.5,0.3395,2000
tep,4,0,ACM-SVM,mixed_missing_spurious,0.6,0.6666667,0.276,2000
tep,4,0,ACM-SVM,mixed_missing_spurious,0.6,0.8333333,0.231,2000
tep,4,0,ACM-SVM,mixed_missing_spurious,0.6,1.0,0.2035,2000
tep,4,0,ACM-SVM,mixed_missing_spurious,0.7,0.1666667,0.3745,2000
tep,4,0,ACM-SVM,mixed_missing_spurious,0.7,0.3333333,0.3745,2000
tep,4,0,ACM-SVM,mixed_missing_spurious,0.7,0.5,0.3675,2000
tep,4,0,ACM-SVM,mixed_missing_spurious,0.7,0.6666667,0.297,2000
tep,4,0,ACM-SVM,mixed_missing_spurious,0.7,0.8333333,0.253,2000
tep,4,0,ACM-SVM,mixed_missing_spurious,0.7,1.0,0.2065,2000
tep,4,0,ACM-SVM,mixed_missing_spurious,0.8,0.1666667,0.3315,2000
tep,4,0,ACM-SVM,mixed_missing_spurious,0.8,0.3333333,0.3315,2000
tep,4,0,ACM-SVM,mixed_missing_spurious,0.8,0.5,0.375,2000
tep,4,0,ACM-SVM,mixed_missing_spurious,0.8,0.6666667,0.3265,2000
tep,4,0,ACM-SVM,mixed_missing_spurious,0.8,0.8333333,0.277,2000
tep,4,0,ACM-SVM,mixed_missing_spurious,0.8,1.0,0.218,2000
tep,4,0,ACM-SVM,mixed_missing_spurious,0.9,0.1666667,0.2545,2000
tep,4,0,ACM-SVM,mixed_missing_spurious,0.9,0.3333333,0.2545,2000
tep,4,0,ACM-SVM,mixed_missing_spurious,0.9,0.5,0.3495,2000
tep,4,0,ACM-SVM,mixed_missing_spurious,0.9,0.6666667,0.379,2000
tep,4,0,ACM-SVM,mixed_missing_spurious,0.9,0.8333333,0.368,2000
tep,4,0,ACM-SVM,mixed_missing_spurious,0.9,1.0,0.2795,2000
tep,4,0,ACM-SVM,mixed_spurious_timing_late,0.0,0.1666667,0.535,2000
tep,4,0,ACM-SVM,mixed_spurious_timing_late,0.0,0.3333333,0.535,2000
tep,4,0,ACM-SVM,mixed_spurious_timing_late,0.0,0.5,0.645,2000
tep,4,0,ACM-SVM,mixed_spurious_timing_late,0.0,0.6666667,0.74,2000
tep,4,0,ACM-SVM,mixed_spurious_timing_late,0.0,0.8333333,0.82,2000
tep,4,0,ACM-SVM,mixed_spurious_timing_late,0.0,1.0,0.935,2000
tep,4,0,ACM-SVM,mixed_spurious_timing_late,0.05,0.1666667,0.4675,2000
tep,4,0,ACM-SVM,mixed_spurious_timing_late,0.05,0.3333333,0.4675,2000
tep,4,0,ACM-SVM,mixed_spurious_timing_late,0.05,0.5,0.556,2000
tep,4,0,ACM-SVM,mixed_spurious_timing_late,0.05,0.6666667,0.594,2000
tep,4,0,ACM-SVM,mixed_spurious_timing_late,0.05,0.8333333,0.5825,2000
tep,4,0,ACM-SVM,mixed_spurious_timing_late,0.05,1.0,0.529,2000
tep,4,0,ACM-SVM,mixed_spurious_timing_late,0.1,0.1666667,0.454,2000
tep,4,0,ACM-SVM,mixed_spurious_timing_late,0.1,0.3333333,0.454,2000
tep,4,0,ACM-SVM,mixed_spurious_timing_late,0.1,0.5,0.522,2000
tep,4,0,ACM-SVM,mixed_spurious_timing_late,0.1,0.6666667,0.4955,2000
tep,4,0,ACM-SVM,mixed_spurious_timing_late,0.1,0.8333333,0.4465,2000
tep,4,0,ACM-SVM,mixed_spurious_timing_late,0.1,1.0,0.357,2000
tep,4,0,ACM-SVM,mixed_spurious_timing_late,0.15,0.1666667,0.4155,2000
tep,4,0,ACM-SVM,mixed_spurious_timing_late,0.15,0.3333333,0.4155,2000
tep,4,0,ACM-SVM,mixed_spurious_timing_late,0.15,0.5,0.422,2000
tep,4,0,ACM-SVM,mixed_spurious_timing_late,0.15,0.6666667,0.399,2000
tep,4,0,ACM-SVM,mixed_spurious_timing_late,0.15,0.8333333,0.3345,2000
tep,4,0,ACM-SVM,mixed_spurious_timing_late,0.15,1.0,0.2795,2000
tep,4,0,ACM-SVM,mixed_spurious_timing_late,0.2,0.1666667,0.3915,2000
tep,4,0,ACM-SVM,mixed_spurious_timing_late,0.2,0.3333333,0.3915,2000
tep,4,0,ACM-SVM,mixed_spurious_timing_late,0.2,0.5,0.366,2000
tep,4,0,ACM-SVM,mixed_spurious_timing_late,0.2,0.6666667,0.328,2000
tep,4,0,ACM-SVM,mixed_spurious_timing_late,0.2,0.8333333,0.328,2000
tep,4,0,ACM-SVM,mixed_spurious_timing_late,0.2,1.0,0.24,2000
tep,4,0,ACM-SVM,mixed_spurious_timing_late,0.25,0.1666667,0.384,2000
tep,4,0,ACM-SVM,mixed_spurious_timing_late,0.25,0.3333333,0.384,2000
tep,4,0,ACM-SVM,mixed_spurious_timing_late,0.25,0.5,0.325,2000
tep,4,0,ACM-SVM,mixed_spurious_timing_late,0.25,0.6666667,0.325,2000
tep,4,0,ACM-SVM,mixed_spurious_timing_late,0.25,0.8333333,0.2735,2000
tep,4,0,ACM-SVM,mixed_spurious_timing_late,0.25,1.0,0.217,2000
tep,4,0,ACM-SVM,mixed_spurious_timing_late,0.3,0.1666667,0.361,2000
tep,4,0,ACM-SVM,mixed_spurious_timing_late,0.3,0.3333333,0.361,2000
tep,4,0,ACM-SVM,mixed_spurious_timing_late,0.3,0.5,0.298,2000
tep,4,0,ACM-SVM,mixed_spurious_timing_late,0.3,0.6666667,0.298,2000
tep,4,0,ACM-SVM,mixed_spurious_timing_late,0.3,0.8333333,0.2475,2000
tep,4,0,ACM-SVM,mixed_spurious_timing_late,0.3,1.0,0.2165,2000
tep,4,0,ACM-SVM,mixed_spurious_timing_late,0.4,0.1666667,0.3475,2000
tep,4,0,ACM-SVM,mixed_spurious_timing_late,0.4,0.3333333,0.3475,2000
tep,4,0,ACM-SVM,mixed_spurious_timing_late,0.4,0.5,0.3475,2000
tep,4,0,ACM-SVM,mixed_spurious_timing_late,0.4,0.6666667,0.2595,2000
tep,4,0,ACM-SVM,mixed_spurious_timing_late,0.4,0.8333333,0.2595,2000
tep,4,0,ACM-SVM,mixed_spurious_timing_late,0.4,1.0,0.2085,2000
tep,4,0,ACM-SVM,mixed_spurious_timing_late,0.5,0.1666667,0.32,2000
tep,4,0,ACM-SVM,mixed_spurious_timing_late,0.5,0.3333333,0.32,2000
tep,4,0,ACM-SVM,mixed_spurious_timing_late,0.5,0.5,0.32,2000
tep,4,0,ACM-SVM,mixed_spurious_timing_late,0.5,0.6666667,0.32,2000
tep,4,0,ACM-SVM,mixed_spurious_timing_late,0.5,0.8333333,0.2355,2000
tep,4,0,ACM-SVM,mixed_spurious_timing_late,0.5,1.0,0.206,2000
tep,4,0,ACM-SVM,mixed_spurious_timing_late,0.6,0.1666667,0.274,2000
tep,4,0,ACM-SVM,mixed_spurious_timing_late,0.6,0.3333333,0.274,2000
tep,4,0,ACM-SVM,mixed_spurious_timing_late,0.6,0.5,0.274,2000
tep,4,0,ACM-SVM,mixed_spurious_timing_late,0.6,0.6666667,0.274,2000
tep,4,0,ACM-SVM,mixed_spurious_timing_late,0.6,0.8333333,0.274,2000
tep,4,0,ACM-SVM,mixed_spurious_timing_late,0.6,1.0,0.205,2000
tep,4,0,ACM-SVM,mixed_spurious_timing_late,0.7,0.1666667,0.261,2000
tep,4,0,ACM-SVM,mixed_spurious_timing_late,0.7,0.3333333,0.261,2000
tep,4,0,ACM-SVM,mixed_spurious_timing_late,0.7,0.5,0.261,2000
tep,4,0,ACM-SVM,mixed_spurious_timing_late,0.7,0.6666667,0.261,2000
tep,4,0,ACM-SVM,mixed_spurious_timing_late,0.7,0.8333333,0.261,2000
tep,4,0,ACM-SVM,mixed_spurious_timing_late,0.7,1.0,0.207,2000
tep,4,0,ACM-SVM,mixed_spurious_timing_late,0.8,0.1666667,0.255,2000
tep,4,0,ACM-SVM,mixed_spurious_timing_late,0.8,0.3333333,0.255,2000
tep,4,0,ACM-SVM,mixed_spurious_timing_late,0.8,0.5,0.255,2000
tep,4,0,ACM-SVM,mixed_spurious_timing_late,0.8,0.6666667,0.255,2000
tep,4,0,ACM-SVM,mixed_spurious_timing_late,0.8,0.8333333,0.255,2000
tep,4,0,ACM-SVM,mixed_spurious_timing_late,0.8,1.0,0.2355,2000
tep,4,0,ACM-SVM,mixed_spurious_timing_late,0.9,0.1666667,0.2975,2000
tep,4,0,ACM-SVM,mixed_spurious_timing_late,0.9,0.3333333,0.2975,2000
tep,4,0,ACM-SVM,mixed_spurious_timing_late,0.9,0.5,0.2975,2000
tep,4,0,ACM-SVM,mixed_spurious_timing_late,0.9,0.6666667,0.2975,2000
tep,4,0,ACM-SVM,mixed_spurious_timing_late,0.9,0.8333333,0.2975,2000
tep,4,0,ACM-SVM,mixed_spurious_timing_late,0.9,1.0,0.2975,2000
tep,4,0,ACM-SVM,spurious_events,0.0,0.1666667,0.535,2000
tep,4,0,ACM-SVM,spurious_events,0.0,0.3333333,0.535,2000
tep,4,0,ACM-SVM,spurious_events,0.0,0.5,0.645,2000
tep,4,0,ACM-SVM,spurious_events,0.0,0.6666667,0.74,2000
tep,4,0,ACM-SVM,spurious_events,0.0,0.8333333,0.82,2000
tep,4,0,ACM-SVM,spurious_events,0.0,1.0,0.935,2000
tep,4,0,ACM-SVM,spurious_events,0.05,0.1666667,0.5385,2000
tep,4,0,ACM-SVM,spurious_events,0.05,0.3333333,0.5385,2000
tep,4,0,ACM-SVM,spurious_events,0.05,0.5,0.6085,2000
tep,4,0,ACM-SVM,spurious_events,0.05,0.6666667,0.6405,2000
tep,4,0,ACM-SVM,spurious_events,0.05,0.8333333,0.626,2000
tep,4,0,ACM-SVM,spurious_events,0.05,1.0,0.5885,2000
tep,4,0,ACM-SVM,spurious_events,0.1,0.1666667,0.528,2000
tep,4,0,ACM-SVM,spurious_events,0.1,0.3333333,0.528,2000
tep,4,0,ACM-SVM,spurious_events,0.1,0.5,0.541,2000
tep,4,0,ACM-SVM,spurious_events,0.1,0.6666667,0.5225,2000
tep,4,0,ACM-SVM,spurious_events,0.1,0.8333333,0.4685,2000
tep,4,0,ACM-SVM,spurious_events,0.1,1.0,0.349,2000
tep,4,0,ACM-SVM,spurious_events,0.15,0.1666667,0.5225,2000
tep,4,0,ACM-SVM,spurious_events,0.15,0.3333333,0.5225,2000
tep,4,0,ACM-SVM,spurious_events,0.15,0.5,0.5045,2000
tep,4,0,ACM-SVM,spurious_events,0.15,0.6666667,0.452,2000
tep,4,0,ACM-SVM,spurious_events,0.15,0.8333333,0.374,2000
tep,4,0,ACM-SVM,spurious_events,0.15,1.0,0.269,2000
tep,4,0,ACM-SVM,spurious_events,0.2,0.1666667,0.507,2000
tep,4,0,ACM-SVM,spurious_events,0.2,0.3333333,0.507,2000
tep,4,0,ACM-SVM,spurious_events,0.2,0.5,0.453,2000
tep,4,0,ACM-SVM,spurious_events,0.2,0.6666667,0.3785,2000
tep,4,0,ACM-SVM,spurious_events,0.2,0.8333333,0.3245,2000
tep,4,0,ACM-SVM,spurious_events,0.2,1.0,0.229,2000
tep,4,0,ACM-SVM,spurious_events,0.25,0.1666667,0.487,2000
tep,4,0,ACM-SVM,spurious_events,0.25,0.3333333,0.487,2000
tep,4,0,ACM-SVM,spurious_events,0.25,0.5,0.41,2000
tep,4,0,ACM-SVM,spurious_events,0.25,0.6666667,0.328,2000
tep,4,0,ACM-SVM,spurious_events,0.25,0.8333333,0.262,2000
tep,4,0,ACM-SVM,spurious_events,0.25,1.0,0.2075,2000
tep,4,0,ACM-SVM,spurious_events,0.3,0.1666667,0.461,2000
tep,4,0,ACM-SVM,spurious_events,0.3,0.3333333,0.461,2000
tep,4,0,ACM-SVM,spurious_events,0.3,0.5,0.3725,2000
tep,4,0,ACM-SVM,spurious_events,0.3,0.6666667,0.2805,2000
tep,4,0,ACM-SVM,spurious_events,0.3,0.8333333,0.231,2000
tep,4,0,ACM-SVM,spurious_events,0.3,1.0,0.2045,2000
tep,4,0,ACM-SVM,spurious_events,0.4,0.1666667,0.4185,2000
tep,4,0,ACM-SVM,spurious_events,0.4,0.3333333,0.4185,2000
tep,4,0,ACM-SVM,spurious_events,0.4,0.5,0.3,2000
tep,4,0,ACM-SVM,spurious_events,0.4,0.6666667,0.236,2000
tep,4,0,ACM-SVM,spurious_events,0.4,0.8333333,0.213,2000
tep,4,0,ACM-SVM,spurious_events,0.4,1.0,0.2005,2000
tep,4,0,ACM-SVM,spurious_events,0.5,0.1666667,0.385,2000
tep,4,0,ACM-SVM,spurious_events,0.5,0.3333333,0.385,2000
tep,4,0,ACM-SVM,spurious_events,0.5,0.5,0.2645,2000
tep,4,0,ACM-SVM,spurious_events,0.5,0.6666667,0.2215,2000
tep,4,0,ACM-SVM,spurious_events,0.5,0.8333333,0.203,2000
tep,4,0,ACM-SVM,spurious_events,0.5,1.0,0.2005,2000
tep,4,0,ACM-SVM,spurious_events,0.6,0.1666667,0.357,2000
tep,4,0,ACM-SVM,spurious_events,0.6,0.3333333,0.357,2000
tep,4,0,ACM-SVM,spurious_events,0.6,0.5,0.249,2000
tep,4,0,ACM-SVM,spurious_events,0.6,0.6666667,0.213,2000
tep,4,0,ACM-SVM,spurious_events,0.6,0.8333333,0.2045,2000
tep,4,0,ACM-SVM,spurious_events,0.6,1.0,0.2,2000
tep,4,0,ACM-SVM,spurious_events,0.7,0.1666667,0.324,2000
tep,4,0,ACM-SVM,spurious_events,0.7,0.3333333,0.324,2000
tep,4,0,ACM-SVM,spurious_events,0.7,0.5,0.224,2000
tep,4,0,ACM-SVM,spurious_events,0.7,0.6666667,0.2035,2000
tep,4,0,ACM-SVM,spurious_events,0.7,0.8333333,0.202,2000
tep,4,0,ACM-SVM,spurious_events,0.7,1.0,0.2,2000
tep,4,0,ACM-SVM,spurious_events,0.8,0.1666667,0.303,2000
tep,4,0,ACM-SVM,spurious_events,0.8,0.3333333,0.303,2000
tep,4,0,ACM-SVM,spurious_events,0.8,0.5,0.2205,2000
tep,4,0,ACM-SVM,spurious_events,0.8,0.6666667,0.2015,2000
tep,4,0,ACM-SVM,spurious_events,0.8,0.8333333,0.2005,2000
tep,4,0,ACM-SVM,spurious_events,0.8,1.0,0.2,2000
tep,4,0,ACM-SVM,spurious_events,0.9,0.1666667,0.2745,2000
tep,4,0,ACM-SVM,spurious_events,0.9,0.3333333,0.2745,2000
tep,4,0,ACM-SVM,spurious_events,0.9,0.5,0.208,2000
tep,4,0,ACM-SVM,spurious_events,0.9,0.6666667,0.2,2000
tep,4,0,ACM-SVM,spurious_events,0.9,0.8333333,0.2,2000
tep,4,0,ACM-SVM,spurious_events,0.9,1.0,0.2,2000
tep,4,0,ACM-SVM,timing_uncertainty,0.0,0.1666667,0.535,2000
tep,4,0,ACM-SVM,timing_uncertainty,0.0,0.3333333,0.535,2000
tep,4,0,ACM-SVM,timing_uncertainty,0.0,0.5,0.645,2000
tep,4,0,ACM-SVM,timing_uncertainty,0.0,0.6666667,0.74,2000
tep,4,0,ACM-SVM,timing_uncertainty,0.0,0.8333333,0.82,2000
tep,4,0,ACM-SVM,timing_uncertainty,0.0,1.0,0.935,2000
tep,4,0,ACM-SVM,timing_uncertainty,0.05,0.1666667,0.529,2000
tep,4,0,ACM-SVM,timing_uncertainty,0.05,0.3333333,0.529,2000
tep,4,0,ACM-SVM,timing_uncertainty,0.05,0.5,0.6395,2000
tep,4,0,ACM-SVM,timing_uncertainty,0.05,0.6666667,0.746,2000
tep,4,0,ACM-SVM,timing_uncertainty,0.05,0.8333333,0.8255,2000
tep,4,0,ACM-SVM,timing_uncertainty,0.05,1.0,0.9375,2000
tep,4,0,ACM-SVM,timing_uncertainty,0.1,0.1666667,0.531,2000
tep,4,0,ACM-SVM,timing_uncertainty,0.1,0.3333333,0.531,2000
tep,4,0,ACM-SVM,timing_uncertainty,0.1,0.5,0.6365,2000
tep,4,0,ACM-SVM,timing_uncertainty,0.1,0.6666667,0.744,2000
tep,4,0,ACM-SVM,timing_uncertainty,0.1,0.8333333,0.8265,2000
tep,4,0,ACM-SVM,timing_uncertainty,0.1,1.0,0.9335,2000
tep,4,0,ACM-SVM,timing_uncertainty,0.15,0.1666667,0.543,2000
tep,4,0,ACM-SVM,timing_uncertainty,0.15,0.3333333,0.543,2000
tep,4,0,ACM-SVM,timing_uncertainty,0.15,0.5,0.6535,2000
tep,4,0,ACM-SVM,timing_uncertainty,0.15,0.6666667,0.7395,2000
tep,4,0,ACM-SVM,timing_uncertainty,0.15,0.8333333,0.783,2000
tep,4,0,ACM-SVM,timing_uncertainty,0.15,1.0,0.8225,2000
tep,4,0,ACM-SVM,timing_uncertainty,0.2,0.1666667,0.5355,2000
tep,4,0,ACM-SVM,timing_uncertainty,0.2,0.3333333,0.5355,2000
tep,4,0,ACM-SVM,timing_uncertainty,0.2,0.5,0.65,2000
tep,4,0,ACM-SVM,timing_uncertainty,0.2,0.6666667,0.7215,2000
tep,4,0,ACM-SVM,timing_uncertainty,0.2,0.8333333,0.7395,2000
tep,4,0,ACM-SVM,timing_uncertainty,0.2,1.0,0.744,2000
tep,4,0,ACM-SVM,timing_uncertainty,0.25,0.1666667,0.5515,2000
tep,4,0,ACM-SVM,timing_uncertainty,0.25,0.3333333,0.5515,2000
tep,4,0,ACM-SVM,timing_uncertainty,0.25,0.5,0.6465,2000
tep,4,0,ACM-SVM,timing_uncertainty,0.25,0.6666667,0.7095,2000
tep,4,0,ACM-SVM,timing_uncertainty,0.25,0.8333333,0.7035,2000
tep,4,0,ACM-SVM,timing_uncertainty,0.25,1.0,0.6675,2000
tep,4,0,ACM-SVM,timing_uncertainty,0.3,0.1666667,0.5635,2000
tep,4,0,ACM-SVM,timing_uncertainty,0.3,0.3333333,0.5635,2000
tep,4,0,ACM-SVM,timing_uncertainty,0.3,0.5,0.655,2000
tep,4,0,ACM-SVM,timing_uncertainty,0.3,0.6666667,0.697,2000
tep,4,0,ACM-SVM,timing_uncertainty,0.3,0.8333333,0.679,2000
tep,4,0,ACM-SVM,timing_uncertainty,0.3,1.0,0.6065,2000
tep,4,0,ACM-SVM,timing_uncertainty,0.4,0.1666667,0.562,2000
tep,4,0,ACM-SVM,timing_uncertainty,0.4,0.3333333,0.562,2000
tep,4,0,ACM-SVM,timing_uncertainty,0.4,0.5,0.6385,2000
tep,4,0,ACM-SVM,timing_uncertainty,0.4,0.6666667,0.6415,2000
tep,4,0,ACM-SVM,timing_uncertainty,0.4,0.8333333,0.611,2000
tep,4,0,ACM-SVM,timing_uncertainty,0.4,1.0,0.544,2000
tep,4,0,ACM-SVM,timing_uncertainty,0.5,0.1666667,0.5825,2000
tep,4,0,ACM-SVM,timing_uncertainty,0.5,0.3333333,0.5825,2000
tep,4,0,ACM-SVM,timing_uncertainty,0.5,0.5,0.628,2000
tep,4,0,ACM-SVM,timing_uncertainty,0.5,0.6666667,0.604,2000
tep,4,0,ACM-SVM,timing_uncertainty,0.5,0.8333333,0.5545,2000
tep,4,0,ACM-SVM,timing_uncertainty,0.5,1.0,0.477,2000
tep,4,0,ACM-SVM,timing_uncertainty,0.6,0.1666667,0.5915,2000
tep,4,0,ACM-SVM,timing_uncertainty,0.6,0.3333333,0.5915,2000
tep,4,0,ACM-SVM,timing_uncertainty,0.6,0.5,0.619,2000
tep,4,0,ACM-SVM,timing_uncertainty,0.6,0.6666667,0.5655,2000
tep,4,0,ACM-SVM,timing_uncertainty,0.6,0.8333333,0.5335,2000
tep,4,0,ACM-SVM,timing_uncertainty,0.6,1.0,0.4275,2000
tep,4,0,ACM-SVM,timing_uncertainty,0.7,0.1666667,0.5835,2000
tep,4,0,ACM-SVM,timing_uncertainty,0.7,0.3333333,0.5835,2000
tep,4,0,ACM-SVM,timing_uncertainty,0.7,0.5,0.5915,2000
tep,4,0,ACM-SVM,timing_uncertainty,0.7,0.6666667,0.5385,2000
tep,4,0,ACM-SVM,timing_uncertainty,0.7,0.8333333,0.4975,2000
tep,4,0,ACM-SVM,timing_uncertainty,0.7,1.0,0.395,2000
tep,4,0,ACM-SVM,timing_uncertainty,0.8,0.1666667,0.578,2000
tep,4,0,ACM-SVM,timing_uncertainty,0.8,0.3333333,0.578,2000
tep,4,0,ACM-SVM,timing_uncertainty,0.8,0.5,0.5895,2000
tep,4,0,ACM-SVM,timing_uncertainty,0.8,0.6666667,0.5435,2000
tep,4,0,ACM-SVM,timing_uncertainty,0.8,0.8333333,0.478,2000
tep,4,0,ACM-SVM,timing_uncertainty,0.8,1.0,0.385,2000
tep,4,0,ACM-SVM,timing_uncertainty,0.9,0.1666667,0.5695,2000
tep,4,0,ACM-SVM,timing_uncertainty,0.9,0.3333333,0.5695,2000
tep,4,0,ACM-SVM,timing_uncertainty,0.9,0.5,0.565,2000
tep,4,0,ACM-SVM,timing_uncertainty,0.9,0.6666667,0.52,2000
tep,4,0,ACM-SVM,timing_uncertainty,0.9,0.8333333,0.4575,2000
tep,4,0,ACM-SVM,timing_uncertainty,0.9,1.0,0.3645,2000
tep,4,0,CASIM-prefix,late_time_delay,0.0,0.1666667,0.925,2000
tep,4,0,CASIM-prefix,late_time_delay,0.0,0.3333333,0.925,2000
tep,4,0,CASIM-prefix,late_time_delay,0.0,0.5,0.965,2000
tep,4,0,CASIM-prefix,late_time_delay,0.0,0.6666667,1.0,2000
tep,4,0,CASIM-prefix,late_time_delay,0.0,0.8333333,1.0,2000
tep,4,0,CASIM-prefix,late_time_delay,0.0,1.0,1.0,2000
tep,4,0,CASIM-prefix,late_time_delay,0.05,0.1666667,0.545,2000
tep,4,0,CASIM-prefix,late_time_delay,0.05,0.3333333,0.545,2000
tep,4,0,CASIM-prefix,late_time_delay,0.05,0.5,0.71,2000
tep,4,0,CASIM-prefix,late_time_delay,0.05,0.6666667,0.925,2000
tep,4,0,CASIM-prefix,late_time_delay,0.05,0.8333333,0.915,2000
tep,4,0,CASIM-prefix,late_time_delay,0.05,1.0,0.8,2000
tep,4,0,CASIM-prefix,late_time_delay,0.1,0.1666667,0.605,2000
tep,4,0,CASIM-prefix,late_time_delay,0.1,0.3333333,0.605,2000
tep,4,0,CASIM-prefix,late_time_delay,0.1,0.5,0.685,2000
tep,4,0,CASIM-prefix,late_time_delay,0.1,0.6666667,0.925,2000
tep,4,0,CASIM-prefix,late_time_delay,0.1,0.8333333,0.885,2000
tep,4,0,CASIM-prefix,late_time_delay,0.1,1.0,0.8,2000
tep,4,0,CASIM-prefix,late_time_delay,0.15,0.1666667,0.47,2000
tep,4,0,CASIM-prefix,late_time_delay,0.15,0.3333333,0.47,2000
tep,4,0,CASIM-prefix,late_time_delay,0.15,0.5,0.58,2000
tep,4,0,CASIM-prefix,late_time_delay,0.15,0.6666667,0.86,2000
tep,4,0,CASIM-prefix,late_time_delay,0.15,0.8333333,0.825,2000
tep,4,0,CASIM-prefix,late_time_delay,0.15,1.0,0.765,2000
tep,4,0,CASIM-prefix,late_time_delay,0.2,0.1666667,0.385,2000
tep,4,0,CASIM-prefix,late_time_delay,0.2,0.3333333,0.385,2000
tep,4,0,CASIM-prefix,late_time_delay,0.2,0.5,0.59,2000
tep,4,0,CASIM-prefix,late_time_delay,0.2,0.6666667,0.77,2000
tep,4,0,CASIM-prefix,late_time_delay,0.2,0.8333333,0.77,2000
tep,4,0,CASIM-prefix,late_time_delay,0.2,1.0,0.705,2000
tep,4,0,CASIM-prefix,late_time_delay,0.25,0.1666667,0.42,2000
tep,4,0,CASIM-prefix,late_time_delay,0.25,0.3333333,0.42,2000
tep,4,0,CASIM-prefix,late_time_delay,0.25,0.5,0.61,2000
tep,4,0,CASIM-prefix,late_time_delay,0.25,0.6666667,0.61,2000
tep,4,0,CASIM-prefix,late_time_delay,0.25,0.8333333,0.67,2000
tep,4,0,CASIM-prefix,late_time_delay,0.25,1.0,0.69,2000
tep,4,0,CASIM-prefix,late_time_delay,0.3,0.1666667,0.435,2000
tep,4,0,CASIM-prefix,late_time_delay,0.3,0.3333333,0.435,2000
tep,4,0,CASIM-prefix,late_time_delay,0.3,0.5,0.6,2000
tep,4,0,CASIM-prefix,late_time_delay,0.3,0.6666667,0.6,2000
tep,4,0,CASIM-prefix,late_time_delay,0.3,0.8333333,0.64,2000
tep,4,0,CASIM-prefix,late_time_delay,0.3,1.0,0.65,2000
tep,4,0,CASIM-prefix,late_time_delay,0.4,0.1666667,0.465,2000
tep,4,0,CASIM-prefix,late_time_delay,0.4,0.3333333,0.465,2000
tep,4,0,CASIM-prefix,late_time_delay,0.4,0.5,0.465,2000
tep,4,0,CASIM-prefix,late_time_delay,0.4,0.6666667,0.475,2000
tep,4,0,CASIM-prefix,late_time_delay,0.4,0.8333333,0.475,2000
tep,4,0,CASIM-prefix,late_time_delay,0.4,1.0,0.605,2000
tep,4,0,CASIM-prefix,late_time_delay,0.5,0.1666667,0.385,2000
tep,4,0,CASIM-prefix,late_time_delay,0.5,0.3333333,0.385,2000
tep,4,0,CASIM-prefix,late_time_delay,0.5,0.5,0.385,2000
tep,4,0,CASIM-prefix,late_time_delay,0.5,0.6666667,0.385,2000
tep,4,0,CASIM-prefix,late_time_delay,0.5,0.8333333,0.36,2000
tep,4,0,CASIM-prefix,late_time_delay,0.5,1.0,0.515,2000
tep,4,0,CASIM-prefix,late_time_delay,0.6,0.1666667,0.325,2000
tep,4,0,CASIM-prefix,late_time_delay,0.6,0.3333333,0.325,2000
tep,4,0,CASIM-prefix,late_time_delay,0.6,0.5,0.325,2000
tep,4,0,CASIM-prefix,late_time_delay,0.6,0.6666667,0.325,2000
tep,4,0,CASIM-prefix,late_time_delay,0.6,0.8333333,0.325,2000
tep,4,0,CASIM-prefix,late_time_delay,0.6,1.0,0.465,2000
tep,4,0,CASIM-prefix,late_time_delay,0.7,0.1666667,0.325,2000
tep,4,0,CASIM-prefix,late_time_delay,0.7,0.3333333,0.325,2000
tep,4,0,CASIM-prefix,late_time_delay,0.7,0.5,0.325,2000
tep,4,0,CASIM-prefix,late_time_delay,0.7,0.6666667,0.325,2000
tep,4,0,CASIM-prefix,late_time_delay,0.7,0.8333333,0.325,2000
tep,4,0,CASIM-prefix,late_time_delay,0.7,1.0,0.405,2000
tep,4,0,CASIM-prefix,late_time_delay,0.8,0.1666667,0.22,2000
tep,4,0,CASIM-prefix,late_time_delay,0.8,0.3333333,0.22,2000
tep,4,0,CASIM-prefix,late_time_delay,0.8,0.5,0.22,2000
tep,4,0,CASIM-prefix,late_time_delay,0.8,0.6666667,0.22,2000
tep,4,0,CASIM-prefix,late_time_delay,0.8,0.8333333,0.22,2000
tep,4,0,CASIM-prefix,late_time_delay,0.8,1.0,0.295,2000
tep,4,0,CASIM-prefix,late_time_delay,0.9,0.1666667,0.23,2000
tep,4,0,CASIM-prefix,late_time_delay,0.9,0.3333333,0.23,2000
tep,4,0,CASIM-prefix,late_time_delay,0.9,0.5,0.23,2000
tep,4,0,CASIM-prefix,late_time_delay,0.9,0.6666667,0.23,2000
tep,4,0,CASIM-prefix,late_time_delay,0.9,0.8333333,0.23,2000
tep,4,0,CASIM-prefix,late_time_delay,0.9,1.0,0.23,2000
tep,4,0,CASIM-prefix,missing_events,0.0,0.1666667,0.925,2000
tep,4,0,CASIM-prefix,missing_events,0.0,0.3333333,0.925,2000
tep,4,0,CASIM-prefix,missing_events,0.0,0.5,0.965,2000
tep,4,0,CASIM-prefix,missing_events,0.0,0.6666667,1.0,2000
tep,4,0,CASIM-prefix,missing_events,0.0,0.8333333,1.0,2000
tep,4,0,CASIM-prefix,missing_events,0.0,1.0,1.0,2000
tep,4,0,CASIM-prefix,missing_events,0.05,0.1666667,0.9015,2000
tep,4,0,CASIM-prefix,missing_events,0.05,0.3333333,0.9015,2000
tep,4,0,CASIM-prefix,missing_events,0.05,0.5,0.946,2000
tep,4,0,CASIM-prefix,missing_events,0.05,0.6666667,0.9895,2000
tep,4,0,CASIM-prefix,missing_events,0.05,0.8333333,0.992,2000
tep,4,0,CASIM-prefix,missing_events,0.05,1.0,0.9855,2000
tep,4,0,CASIM-prefix,missing_events,0.1,0.1666667,0.881,2000
tep,4,0,CASIM-prefix,missing_events,0.1,0.3333333,0.881,2000
tep,4,0,CASIM-prefix,missing_events,0.1,0.5,0.929,2000
tep,4,0,CASIM-prefix,missing_events,0.1,0.6666667,0.9755,2000
tep,4,0,CASIM-prefix,missing_events,0.1,0.8333333,0.985,2000
tep,4,0,CASIM-prefix,missing_events,0.1,1.0,0.964,2000
tep,4,0,CASIM-prefix,missing_events,0.15,0.1666667,0.853,2000
tep,4,0,CASIM-prefix,missing_events,0.15,0.3333333,0.853,2000
tep,4,0,CASIM-prefix,missing_events,0.15,0.5,0.9,2000
tep,4,0,CASIM-prefix,missing_events,0.15,0.6666667,0.9495,2000
tep,4,0,CASIM-prefix,missing_events,0.15,0.8333333,0.9675,2000
tep,4,0,CASIM-prefix,missing_events,0.15,1.0,0.944,2000
tep,4,0,CASIM-prefix,missing_events,0.2,0.1666667,0.8275,2000
tep,4,0,CASIM-prefix,missing_events,0.2,0.3333333,0.8275,2000
tep,4,0,CASIM-prefix,missing_events,0.2,0.5,0.868,2000
tep,4,0,CASIM-prefix,missing_events,0.2,0.6666667,0.9295,2000
tep,4,0,CASIM-prefix,missing_events,0.2,0.8333333,0.9575,2000
tep,4,0,CASIM-prefix,missing_events,0.2,1.0,0.9215,2000
tep,4,0,CASIM-prefix,missing_events,0.25,0.1666667,0.807,2000
tep,4,0,CASIM-prefix,missing_events,0.25,0.3333333,0.807,2000
tep,4,0,CASIM-prefix,missing_events,0.25,0.5,0.8455,2000
tep,4,0,CASIM-prefix,missing_events,0.25,0.6666667,0.9095,2000
tep,4,0,CASIM-prefix,missing_events,0.25,0.8333333,0.9475,2000
tep,4,0,CASIM-prefix,missing_events,0.25,1.0,0.8995,2000
tep,4,0,CASIM-prefix,missing_events,0.3,0.1666667,0.7675,2000
tep,4,0,CASIM-prefix,missing_events,0.3,0.3333333,0.7675,2000
tep,4,0,CASIM-prefix,missing_events,0.3,0.5,0.8145,2000
tep,4,0,CASIM-prefix,missing_events,0.3,0.6666667,0.888,2000
tep,4,0,CASIM-prefix,missing_events,0.3,0.8333333,0.93,2000
tep,4,0,CASIM-prefix,missing_events,0.3,1.0,0.87,2000
tep,4,0,CASIM-prefix,missing_events,0.4,0.1666667,0.7065,2000
tep,4,0,CASIM-prefix,missing_events,0.4,0.3333333,0.7065,2000
tep,4,0,CASIM-prefix,missing_events,0.4,0.5,0.734,2000
tep,4,0,CASIM-prefix,missing_events,0.4,0.6666667,0.8035,2000
tep,4,0,CASIM-prefix,missing_events,0.4,0.8333333,0.8525,2000
tep,4,0,CASIM-prefix,missing_events,0.4,1.0,0.815,2000
tep,4,0,CASIM-prefix,missing_events,0.5,0.1666667,0.638,2000
tep,4,0,CASIM-prefix,missing_events,0.5,0.3333333,0.638,2000
tep,4,0,CASIM-prefix,missing_events,0.5,0.5,0.651,2000
tep,4,0,CASIM-prefix,missing_events,0.5,0.6666667,0.7245,2000
tep,4,0,CASIM-prefix,missing_events,0.5,0.8333333,0.7705,2000
tep,4,0,CASIM-prefix,missing_events,0.5,1.0,0.733,2000
tep,4,0,CASIM-prefix,missing_events,0.6,0.1666667,0.569,2000
tep,4,0,CASIM-prefix,missing_events,0.6,0.3333333,0.569,2000
tep,4,0,CASIM-prefix,missing_events,0.6,0.5,0.572,2000
tep,4,0,CASIM-prefix,missing_events,0.6,0.6666667,0.6185,2000
tep,4,0,CASIM-prefix,missing_events,0.6,0.8333333,0.6715,2000
tep,4,0,CASIM-prefix,missing_events,0.6,1.0,0.664,2000
tep,4,0,CASIM-prefix,missing_events,0.7,0.1666667,0.4945,2000
tep,4,0,CASIM-prefix,missing_events,0.7,0.3333333,0.4945,2000
tep,4,0,CASIM-prefix,missing_events,0.7,0.5,0.488,2000
tep,4,0,CASIM-prefix,missing_events,0.7,0.6666667,0.5165,2000
tep,4,0,CASIM-prefix,missing_events,0.7,0.8333333,0.5555,2000
tep,4,0,CASIM-prefix,missing_events,0.7,1.0,0.577,2000
tep,4,0,CASIM-prefix,missing_events,0.8,0.1666667,0.3855,2000
tep,4,0,CASIM-prefix,missing_events,0.8,0.3333333,0.3855,2000
tep,4,0,CASIM-prefix,missing_events,0.8,0.5,0.3765,2000
tep,4,0,CASIM-prefix,missing_events,0.8,0.6666667,0.4125,2000
tep,4,0,CASIM-prefix,missing_events,0.8,0.8333333,0.4195,2000
tep,4,0,CASIM-prefix,missing_events,0.8,1.0,0.4945,2000
tep,4,0,CASIM-prefix,missing_events,0.9,0.1666667,0.308,2000
tep,4,0,CASIM-prefix,missing_events,0.9,0.3333333,0.308,2000
tep,4,0,CASIM-prefix,missing_events,0.9,0.5,0.277,2000
tep,4,0,CASIM-prefix,missing_events,0.9,0.6666667,0.272,2000
tep,4,0,CASIM-prefix,missing_events,0.9,0.8333333,0.293,2000
tep,4,0,CASIM-prefix,missing_events,0.9,1.0,0.365,2000
tep,4,0,CASIM-prefix,mixed_missing_spurious,0.0,0.1666667,0.925,2000
tep,4,0,CASIM-prefix,mixed_missing_spurious,0.0,0.3333333,0.925,2000
tep,4,0,CASIM-prefix,mixed_missing_spurious,0.0,0.5,0.965,2000
tep,4,0,CASIM-prefix,mixed_missing_spurious,0.0,0.6666667,1.0,2000
tep,4,0,CASIM-prefix,mixed_missing_spurious,0.0,0.8333333,1.0,2000
tep,4,0,CASIM-prefix,mixed_missing_spurious,0.0,1.0,1.0,2000
tep,4,0,CASIM-prefix,mixed_missing_spurious,0.05,0.1666667,0.8915,2000
tep,4,0,CASIM-prefix,mixed_missing_spurious,0.05,0.3333333,0.8915,2000
tep,4,0,CASIM-prefix,mixed_missing_spurious,0.05,0.5,0.9305,2000
tep,4,0,CASIM-prefix,mixed_missing_spurious,0.05,0.6666667,0.9805,2000
tep,4,0,CASIM-prefix,mixed_missing_spurious,0.05,0.8333333,0.991,2000
tep,4,0,CASIM-prefix,mixed_missing_spurious,0.05,1.0,0.9795,2000
tep,4,0,CASIM-prefix,mixed_missing_spurious,0.1,0.1666667,0.859,2000
tep,4,0,CASIM-prefix,mixed_missing_spurious,0.1,0.3333333,0.859,2000
tep,4,0,CASIM-prefix,mixed_missing_spurious,0.1,0.5,0.8925,2000
tep,4,0,CASIM-prefix,mixed_missing_spurious,0.1,0.6666667,0.9455,2000
tep,4,0,CASIM-prefix,mixed_missing_spurious,0.1,0.8333333,0.9725,2000
tep,4,0,CASIM-prefix,mixed_missing_spurious,0.1,1.0,0.93,2000
tep,4,0,CASIM-prefix,mixed_missing_spurious,0.15,0.1666667,0.8275,2000
tep,4,0,CASIM-prefix,mixed_missing_spurious,0.15,0.3333333,0.8275,2000
tep,4,0,CASIM-prefix,mixed_missing_spurious,0.15,0.5,0.8675,2000
tep,4,0,CASIM-prefix,mixed_missing_spurious,0.15,0.6666667,0.9125,2000
tep,4,0,CASIM-prefix,mixed_missing_spurious,0.15,0.8333333,0.956,2000
tep,4,0,CASIM-prefix,mixed_missing_spurious,0.15,1.0,0.8825,2000
tep,4,0,CASIM-prefix,mixed_missing_spurious,0.2,0.1666667,0.8005,2000
tep,4,0,CASIM-prefix,mixed_missing_spurious,0.2,0.3333333,0.8005,2000
tep,4,0,CASIM-prefix,mixed_missing_spurious,0.2,0.5,0.8205,2000
tep,4,0,CASIM-prefix,mixed_missing_spurious,0.2,0.6666667,0.871,2000
tep,4,0,CASIM-prefix,mixed_missing_spurious,0.2,0.8333333,0.92,2000
tep,4,0,CASIM-prefix,mixed_missing_spurious,0.2,1.0,0.8305,2000
tep,4,0,CASIM-prefix,mixed_missing_spurious,0.25,0.1666667,0.7545,2000
tep,4,0,CASIM-prefix,mixed_missing_spurious,0.25,0.3333333,0.7545,2000
tep,4,0,CASIM-prefix,mixed_missing_spurious,0.25,0.5,0.7605,2000
tep,4,0,CASIM-prefix,mixed_missing_spurious,0.25,0.6666667,0.8415,2000
tep,4,0,CASIM-prefix,mixed_missing_spurious,0.25,0.8333333,0.8995,2000
tep,4,0,CASIM-prefix,mixed_missing_spurious,0.25,1.0,0.77,2000
tep,4,0,CASIM-prefix,mixed_missing_spurious,0.3,0.1666667,0.7265,2000
tep,4,0,CASIM-prefix,mixed_missing_spurious,0.3,0.3333333,0.7265,2000
tep,4,0,CASIM-prefix,mixed_missing_spurious,0.3,0.5,0.7385,2000
tep,4,0,CASIM-prefix,mixed_missing_spurious,0.3,0.6666667,0.812,2000
tep,4,0,CASIM-prefix,mixed_missing_spurious,0.3,0.8333333,0.87,2000
tep,4,0,CASIM-prefix,mixed_missing_spurious,0.3,1.0,0.741,2000
tep,4,0,CASIM-prefix,mixed_missing_spurious,0.4,0.1666667,0.6655,2000
tep,4,0,CASIM-prefix,mixed_missing_spurious,0.4,0.3333333,0.6655,2000
tep,4,0,CASIM-prefix,mixed_missing_spurious,0.4,0.5,0.653,2000
tep,4,0,CASIM-prefix,mixed_missing_spurious,0.4,0.6666667,0.746,2000
tep,4,0,CASIM-prefix,mixed_missing_spurious,0.4,0.8333333,0.8145,2000
tep,4,0,CASIM-prefix,mixed_missing_spurious,0.4,1.0,0.6495,2000
tep,4,0,CASIM-prefix,mixed_missing_spurious,0.5,0.1666667,0.607,2000
tep,4,0,CASIM-prefix,mixed_missing_spurious,0.5,0.3333333,0.607,2000
tep,4,0,CASIM-prefix,mixed_missing_spurious,0.5,0.5,0.624,2000
tep,4,0,CASIM-prefix,mixed_missing_spurious,0.5,0.6666667,0.6815,2000
tep,4,0,CASIM-prefix,mixed_missing_spurious,0.5,0.8333333,0.7695,2000
tep,4,0,CASIM-prefix,mixed_missing_spurious,0.5,1.0,0.5945,2000
tep,4,0,CASIM-prefix,mixed_missing_spurious,0.6,0.1666667,0.537,2000
tep,4,0,CASIM-prefix,mixed_missing_spurious,0.6,0.3333333,0.537,2000
tep,4,0,CASIM-prefix,mixed_missing_spurious,0.6,0.5,0.542,2000
tep,4,0,CASIM-prefix,mixed_missing_spurious,0.6,0.6666667,0.599,2000
tep,4,0,CASIM-prefix,mixed_missing_spurious,0.6,0.8333333,0.683,2000
tep,4,0,CASIM-prefix,mixed_missing_spurious,0.6,1.0,0.5085,2000
tep,4,0,CASIM-prefix,mixed_missing_spurious,0.7,0.1666667,0.4795,2000
tep,4,0,CASIM-prefix,mixed_missing_spurious,0.7,0.3333333,0.4795,2000
tep,4,0,CASIM-prefix,mixed_missing_spurious,0.7,0.5,0.5055,2000
tep,4,0,CASIM-prefix,mixed_missing_spurious,0.7,0.6666667,0.55,2000
tep,4,0,CASIM-prefix,mixed_missing_spurious,0.7,0.8333333,0.596,2000
tep,4,0,CASIM-prefix,mixed_missing_spurious,0.7,1.0,0.4905,2000
tep,4,0,CASIM-prefix,mixed_missing_spurious,0.8,0.1666667,0.394,2000
tep,4,0,CASIM-prefix,mixed_missing_spurious,0.8,0.3333333,0.394,2000
tep,4,0,CASIM-prefix,mixed_missing_spurious,0.8,0.5,0.3985,2000
tep,4,0,CASIM-prefix,mixed_missing_spurious,0.8,0.6666667,0.473,2000
tep,4,0,CASIM-prefix,mixed_missing_spurious,0.8,0.8333333,0.4855,2000
tep,4,0,CASIM-prefix,mixed_missing_spurious,0.8,1.0,0.443,2000
tep,4,0,CASIM-prefix,mixed_missing_spurious,0.9,0.1666667,0.3215,2000
tep,4,0,CASIM-prefix,mixed_missing_spurious,0.9,0.3333333,0.3215,2000
tep,4,0,CASIM-prefix,mixed_missing_spurious,0.9,0.5,0.3065,2000
tep,4,0,CASIM-prefix,mixed_missing_spurious,0.9,0.6666667,0.352,2000
tep,4,0,CASIM-prefix,mixed_missing_spurious,0.9,0.8333333,0.334,2000
tep,4,0,CASIM-prefix,mixed_missing_spurious,0.9,1.0,0.3675,2000
tep,4,0,CASIM-prefix,mixed_spurious_timing_late,0.0,0.1666667,0.925,2000
tep,4,0,CASIM-prefix,mixed_spurious_timing_late,0.0,0.3333333,0.925,2000
tep,4,0,CASIM-prefix,mixed_spurious_timing_late,0.0,0.5,0.965,2000
tep,4,0,CASIM-prefix,mixed_spurious_timing_late,0.0,0.6666667,1.0,2000
tep,4,0,CASIM-prefix,mixed_spurious_timing_late,0.0,0.8333333,1.0,2000
tep,4,0,CASIM-prefix,mixed_spurious_timing_late,0.0,1.0,1.0,2000
tep,4,0,CASIM-prefix,mixed_spurious_timing_late,0.05,0.1666667,0.548,2000
tep,4,0,CASIM-prefix,mixed_spurious_timing_late,0.05,0.3333333,0.548,2000
tep,4,0,CASIM-prefix,mixed_spurious_timing_late,0.05,0.5,0.7035,2000
tep,4,0,CASIM-prefix,mixed_spurious_timing_late,0.05,0.6666667,0.908,2000
tep,4,0,CASIM-prefix,mixed_spurious_timing_late,0.05,0.8333333,0.908,2000
tep,4,0,CASIM-prefix,mixed_spurious_timing_late,0.05,1.0,0.791,2000
tep,4,0,CASIM-prefix,mixed_spurious_timing_late,0.1,0.1666667,0.566,2000
tep,4,0,CASIM-prefix,mixed_spurious_timing_late,0.1,0.3333333,0.566,2000
tep,4,0,CASIM-prefix,mixed_spurious_timing_late,0.1,0.5,0.617,2000
tep,4,0,CASIM-prefix,mixed_spurious_timing_late,0.1,0.6666667,0.881,2000
tep,4,0,CASIM-prefix,mixed_spurious_timing_late,0.1,0.8333333,0.8885,2000
tep,4,0,CASIM-prefix,mixed_spurious_timing_late,0.1,1.0,0.756,2000
tep,4,0,CASIM-prefix,mixed_spurious_timing_late,0.15,0.1666667,0.428,2000
tep,4,0,CASIM-prefix,mixed_spurious_timing_late,0.15,0.3333333,0.428,2000
tep,4,0,CASIM-prefix,mixed_spurious_timing_late,0.15,0.5,0.5555,2000
tep,4,0,CASIM-prefix,mixed_spurious_timing_late,0.15,0.6666667,0.7935,2000
tep,4,0,CASIM-prefix,mixed_spurious_timing_late,0.15,0.8333333,0.8295,2000
tep,4,0,CASIM-prefix,mixed_spurious_timing_late,0.15,1.0,0.675,2000
tep,4,0,CASIM-prefix,mixed_spurious_timing_late,0.2,0.1666667,0.372,2000
tep,4,0,CASIM-prefix,mixed_spurious_timing_late,0.2,0.3333333,0.372,2000
tep,4,0,CASIM-prefix,mixed_spurious_timing_late,0.2,0.5,0.518,2000
tep,4,0,CASIM-prefix,mixed_spurious_timing_late,0.2,0.6666667,0.68,2000
tep,4,0,CASIM-prefix,mixed_spurious_timing_late,0.2,0.8333333,0.68,2000
tep,4,0,CASIM-prefix,mixed_spurious_timing_late,0.2,1.0,0.598,2000
tep,4,0,CASIM-prefix,mixed_spurious_timing_late,0.25,0.1666667,0.364,2000
tep,4,0,CASIM-prefix,mixed_spurious_timing_late,0.25,0.3333333,0.364,2000
tep,4,0,CASIM-prefix,mixed_spurious_timing_late,0.25,0.5,0.4965,2000
tep,4,0,CASIM-prefix,mixed_spurious_timing_late,0.25,0.6666667,0.4965,2000
tep,4,0,CASIM-prefix,mixed_spurious_timing_late,0.25,0.8333333,0.6285,2000
tep,4,0,CASIM-prefix,mixed_spurious_timing_late,0.25,1.0,0.527,2000
tep,4,0,CASIM-prefix,mixed_spurious_timing_late,0.3,0.1666667,0.376,2000
tep,4,0,CASIM-prefix,mixed_spurious_timing_late,0.3,0.3333333,0.376,2000
tep,4,0,CASIM-prefix,mixed_spurious_timing_late,0.3,0.5,0.495,2000
tep,4,0,CASIM-prefix,mixed_spurious_timing_late,0.3,0.6666667,0.495,2000
tep,4,0,CASIM-prefix,mixed_spurious_timing_late,0.3,0.8333333,0.579,2000
tep,4,0,CASIM-prefix,mixed_spurious_timing_late,0.3,1.0,0.503,2000
tep,4,0,CASIM-prefix,mixed_spurious_timing_late,0.4,0.1666667,0.3725,2000
tep,4,0,CASIM-prefix,mixed_spurious_timing_late,0.4,0.3333333,0.3725,2000
tep,4,0,CASIM-prefix,mixed_spurious_timing_late,0.4,0.5,0.3725,2000
tep,4,0,CASIM-prefix,mixed_spurious_timing_late,0.4,0.6666667,0.422,2000
tep,4,0,CASIM-prefix,mixed_spurious_timing_late,0.4,0.8333333,0.422,2000
tep,4,0,CASIM-prefix,mixed_spurious_timing_late,0.4,1.0,0.3985,2000
tep,4,0,CASIM-prefix,mixed_spurious_timing_late,0.5,0.1666667,0.3445,2000
tep,4,0,CASIM-prefix,mixed_spurious_timing_late,0.5,0.3333333,0.3445,2000
tep,4,0,CASIM-prefix,mixed_spurious_timing_late,0.5,0.5,0.3445,2000
tep,4,0,CASIM-prefix,mixed_spurious_timing_late,0.5,0.6666667,0.3445,2000
tep,4,0,CASIM-prefix,mixed_spurious_timing_late,0.5,0.8333333,0.3755,2000
tep,4,0,CASIM-prefix,mixed_spurious_timing_late,0.5,1.0,0.3275,2000
tep,4,0,CASIM-prefix,mixed_spurious_timing_late,0.6,0.1666667,0.297,2000
tep,4,0,CASIM-prefix,mixed_spurious_timing_late,0.6,0.3333333,0.297,2000
tep,4,0,CASIM-prefix,mixed_spurious_timing_late,0.6,0.5,0.297,2000
tep,4,0,CASIM-prefix,mixed_spurious_timing_late,0.6,0.6666667,0.297,2000
tep,4,0,CASIM-prefix,mixed_spurious_timing_late,0.6,0.8333333,0.297,2000
tep,4,0,CASIM-prefix,mixed_spurious_timing_late,0.6,1.0,0.324,2000
tep,4,0,CASIM-prefix,mixed_spurious_timing_late,0.7,0.1666667,0.3405,2000
tep,4,0,CASIM-prefix,mixed_spurious_timing_late,0.7,0.3333333,0.3405,2000
tep,4,0,CASIM-prefix,mixed_spurious_timing_late,0.7,0.5,0.3405,2000
tep,4,0,CASIM-prefix,mixed_spurious_timing_late,0.7,0.6666667,0.3405,2000
tep,4,0,CASIM-prefix,mixed_spurious_timing_late,0.7,0.8333333,0.3405,2000
tep,4,0,CASIM-prefix,mixed_spurious_timing_late,0.7,1.0,0.2925,2000
tep,4,0,CASIM-prefix,mixed_spurious_timing_late,0.8,0.1666667,0.233,2000
tep,4,0,CASIM-prefix,mixed_spurious_timing_late,0.8,0.3333333,0.233,2000
tep,4,0,CASIM-prefix,mixed_spurious_timing_late,0.8,0.5,0.233,2000
tep,4,0,CASIM-prefix,mixed_spurious_timing_late,0.8,0.6666667,0.233,2000
tep,4,0,CASIM-prefix,mixed_spurious_timing_late,0.8,0.8333333,0.233,2000
tep,4,0,CASIM-prefix,mixed_spurious_timing_late,0.8,1.0,0.272,2000
tep,4,0,CASIM-prefix,mixed_spurious_timing_late,0.9,0.1666667,0.2305,2000
tep,4,0,CASIM-prefix,mixed_spurious_timing_late,0.9,0.3333333,0.2305,2000
tep,4,0,CASIM-prefix,mixed_spurious_timing_late,0.9,0.5,0.2305,2000
tep,4,0,CASIM-prefix,mixed_spurious_timing_late,0.9,0.6666667,0.2305,2000
tep,4,0,CASIM-prefix,mixed_spurious_timing_late,0.9,0.8333333,0.2305,2000
tep,4,0,CASIM-prefix,mixed_spurious_timing_late,0.9,1.0,0.2305,2000
tep,4,0,CASIM-prefix,spurious_events,0.0,0.1666667,0.925,2000
tep,4,0,CASIM-prefix,spurious_events,0.0,0.3333333,0.925,2000
tep,4,0,CASIM-prefix,spurious_events,0.0,0.5,0.965,2000
tep,4,0,CASIM-prefix,spurious_events,0.0,0.6666667,1.0,2000
tep,4,0,CASIM-prefix,spurious_events,0.0,0.8333333,1.0,2000
tep,4,0,CASIM-prefix,spurious_events,0.0,1.0,1.0,2000
tep,4,0,CASIM-prefix,spurious_events,0.05,0.1666667,0.918,2000
tep,4,0,CASIM-prefix,spurious_events,0.05,0.3333333,0.918,2000
tep,4,0,CASIM-prefix,spurious_events,0.05,0.5,0.952,2000
tep,4,0,CASIM-prefix,spurious_events,0.05,0.6666667,0.988,2000
tep,4,0,CASIM-prefix,spurious_events,0.05,0.8333333,0.995,2000
tep,4,0,CASIM-prefix,spurious_events,0.05,1.0,0.992,2000
tep,4,0,CASIM-prefix,spurious_events,0.1,0.1666667,0.908,2000
tep,4,0,CASIM-prefix,spurious_events,0.1,0.3333333,0.908,2000
tep,4,0,CASIM-prefix,spurious_events,0.1,0.5,0.9205,2000
tep,4,0,CASIM-prefix,spurious_events,0.1,0.6666667,0.9725,2000
tep,4,0,CASIM-prefix,spurious_events,0.1,0.8333333,0.987,2000
tep,4,0,CASIM-prefix,spurious_events,0.1,1.0,0.9785,2000
tep,4,0,CASIM-prefix,spurious_events,0.15,0.1666667,0.8855,2000
tep,4,0,CASIM-prefix,spurious_events,0.15,0.3333333,0.8855,2000
tep,4,0,CASIM-prefix,spurious_events,0.15,0.5,0.916,2000
tep,4,0,CASIM-prefix,spurious_events,0.15,0.6666667,0.942,2000
tep,4,0,CASIM-prefix,spurious_events,0.15,0.8333333,0.9695,2000
tep,4,0,CASIM-prefix,spurious_events,0.15,1.0,0.9545,2000
tep,4,0,CASIM-prefix,spurious_events,0.2,0.1666667,0.869,2000
tep,4,0,CASIM-prefix,spurious_events,0.2,0.3333333,0.869,2000
tep,4,0,CASIM-prefix,spurious_events,0.2,0.5,0.875,2000
tep,4,0,CASIM-prefix,spurious_events,0.2,0.6666667,0.9235,2000
tep,4,0,CASIM-prefix,spurious_events,0.2,0.8333333,0.9595,2000
tep,4,0,CASIM-prefix,spurious_events,0.2,1.0,0.919,2000
tep,4,0,CASIM-prefix,spurious_events,0.25,0.1666667,0.856,2000
tep,4,0,CASIM-prefix,spurious_events,0.25,0.3333333,0.856,2000
tep,4,0,CASIM-prefix,spurious_events,0.25,0.5,0.857,2000
tep,4,0,CASIM-prefix,spurious_events,0.25,0.6666667,0.902,2000
tep,4,0,CASIM-prefix,spurious_events,0.25,0.8333333,0.953,2000
tep,4,0,CASIM-prefix,spurious_events,0.25,1.0,0.887,2000
tep,4,0,CASIM-prefix,spurious_events,0.3,0.1666667,0.842,2000
tep,4,0,CASIM-prefix,spurious_events,0.3,0.3333333,0.842,2000
tep,4,0,CASIM-prefix,spurious_events,0.3,0.5,0.823,2000
tep,4,0,CASIM-prefix,spurious_events,0.3,0.6666667,0.856,2000
tep,4,0,CASIM-prefix,spurious_events,0.3,0.8333333,0.925,2000
tep,4,0,CASIM-prefix,spurious_events,0.3,1.0,0.841,2000
tep,4,0,CASIM-prefix,spurious_events,0.4,0.1666667,0.808,2000
tep,4,0,CASIM-prefix,spurious_events,0.4,0.3333333,0.808,2000
tep,4,0,CASIM-prefix,spurious_events,0.4,0.5,0.7635,2000
tep,4,0,CASIM-prefix,spurious_events,0.4,0.6666667,0.7875,2000
tep,4,0,CASIM-prefix,spurious_events,0.4,0.8333333,0.89,2000
tep,4,0,CASIM-prefix,spurious_events,0.4,1.0,0.762,2000
tep,4,0,CASIM-prefix,spurious_events,0.5,0.1666667,0.794,2000
tep,4,0,CASIM-prefix,spurious_events,0.5,0.3333333,0.794,2000
tep,4,0,CASIM-prefix,spurious_events,0.5,0.5,0.7165,2000
tep,4,0,CASIM-prefix,spurious_events,0.5,0.6666667,0.7165,2000
tep,4,0,CASIM-prefix,spurious_events,0.5,0.8333333,0.83,2000
tep,4,0,CASIM-prefix,spurious_events,0.5,1.0,0.6905,2000
tep,4,0,CASIM-prefix,spurious_events,0.6,0.1666667,0.7515,2000
tep,4,0,CASIM-prefix,spurious_events,0.6,0.3333333,0.7515,2000
tep,4,0,CASIM-prefix,spurious_events,0.6,0.5,0.676,2000
tep,4,0,CASIM-prefix,spurious_events,0.6,0.6666667,0.67,2000
tep,4,0,CASIM-prefix,spurious_events,0.6,0.8333333,0.789,2000
tep,4,0,CASIM-prefix,spurious_events,0.6,1.0,0.641,2000
tep,4,0,CASIM-prefix,spurious_events,0.7,0.1666667,0.737,2000
tep,4,0,CASIM-prefix,spurious_events,0.7,0.3333333,0.737,2000
tep,4,0,CASIM-prefix,spurious_events,0.7,0.5,0.656,2000
tep,4,0,CASIM-prefix,spurious_events,0.7,0.6666667,0.6105,2000
tep,4,0,CASIM-prefix,spurious_events,0.7,0.8333333,0.7325,2000
tep,4,0,CASIM-prefix,spurious_events,0.7,1.0,0.591,2000
tep,4,0,CASIM-prefix,spurious_events,0.8,0.1666667,0.6945,2000
tep,4,0,CASIM-prefix,spurious_events,0.8,0.3333333,0.6945,2000
tep,4,0,CASIM-prefix,spurious_events,0.8,0.5,0.6115,2000
tep,4,0,CASIM-prefix,spurious_events,0.8,0.6666667,0.5735,2000
tep,4,0,CASIM-prefix,spurious_events,0.8,0.8333333,0.6815,2000
tep,4,0,CASIM-prefix,spurious_events,0.8,1.0,0.542,2000
tep,4,0,CASIM-prefix,spurious_events,0.9,0.1666667,0.6715,2000
tep,4,0,CASIM-prefix,spurious_events,0.9,0.3333333,0.6715,2000
tep,4,0,CASIM-prefix,spurious_events,0.9,0.5,0.5835,2000
tep,4,0,CASIM-prefix,spurious_events,0.9,0.6666667,0.5315,2000
tep,4,0,CASIM-prefix,spurious_events,0.9,0.8333333,0.6685,2000
tep,4,0,CASIM-prefix,spurious_events,0.9,1.0,0.5175,2000
tep,4,0,CASIM-prefix,timing_uncertainty,0.0,0.1666667,0.925,2000
tep,4,0,CASIM-prefix,timing_uncertainty,0.0,0.3333333,0.925,2000
tep,4,0,CASIM-prefix,timing_uncertainty,0.0,0.5,0.965,2000
tep,4,0,CASIM-prefix,timing_uncertainty,0.0,0.6666667,1.0,2000
tep,4,0,CASIM-prefix,timing_uncertainty,0.0,0.8333333,1.0,2000
tep,4,0,CASIM-prefix,timing_uncertainty,0.0,1.0,1.0,2000
tep,4,0,CASIM-prefix,timing_uncertainty,0.05,0.1666667,0.924,2000
tep,4,0,CASIM-prefix,timing_uncertainty,0.05,0.3333333,0.924,2000
tep,4,0,CASIM-prefix,timing_uncertainty,0.05,0.5,0.963,2000
tep,4,0,CASIM-prefix,timing_uncertainty,0.05,0.6666667,1.0,2000
tep,4,0,CASIM-prefix,timing_uncertainty,0.05,0.8333333,1.0,2000
tep,4,0,CASIM-prefix,timing_uncertainty,0.05,1.0,1.0,2000
tep,4,0,CASIM-prefix,timing_uncertainty,0.1,0.1666667,0.9265,2000
tep,4,0,CASIM-prefix,timing_uncertainty,0.1,0.3333333,0.9265,2000
tep,4,0,CASIM-prefix,timing_uncertainty,0.1,0.5,0.959,2000
tep,4,0,CASIM-prefix,timing_uncertainty,0.1,0.6666667,0.999,2000
tep,4,0,CASIM-prefix,timing_uncertainty,0.1,0.8333333,1.0,2000
tep,4,0,CASIM-prefix,timing_uncertainty,0.1,1.0,1.0,2000
tep,4,0,CASIM-prefix,timing_uncertainty,0.15,0.1666667,0.918,2000
tep,4,0,CASIM-prefix,timing_uncertainty,0.15,0.3333333,0.918,2000
tep,4,0,CASIM-prefix,timing_uncertainty,0.15,0.5,0.954,2000
tep,4,0,CASIM-prefix,timing_uncertainty,0.15,0.6666667,0.9985,2000
tep,4,0,CASIM-prefix,timing_uncertainty,0.15,0.8333333,0.9965,2000
tep,4,0,CASIM-prefix,timing_uncertainty,0.15,1.0,0.998,2000
tep,4,0,CASIM-prefix,timing_uncertainty,0.2,0.1666667,0.925,2000
tep,4,0,CASIM-prefix,timing_uncertainty,0.2,0.3333333,0.925,2000
tep,4,0,CASIM-prefix,timing_uncertainty,0.2,0.5,0.954,2000
tep,4,0,CASIM-prefix,timing_uncertainty,0.2,0.6666667,0.997,2000
tep,4,0,CASIM-prefix,timing_uncertainty,0.2,0.8333333,0.9945,2000
tep,4,0,CASIM-prefix,timing_uncertainty,0.2,1.0,0.9975,2000
tep,4,0,CASIM-prefix,timing_uncertainty,0.25,0.1666667,0.911,2000
tep,4,0,CASIM-prefix,timing_uncertainty,0.25,0.3333333,0.911,2000
tep,4,0,CASIM-prefix,timing_uncertainty,0.25,0.5,0.9465,2000
tep,4,0,CASIM-prefix,timing_uncertainty,0.25,0.6666667,0.9885,2000
tep,4,0,CASIM-prefix,timing_uncertainty,0.25,0.8333333,0.9975,2000
tep,4,0,CASIM-prefix,timing_uncertainty,0.25,1.0,0.9895,2000
tep,4,0,CASIM-prefix,timing_uncertainty,0.3,0.1666667,0.91,2000
tep,4,0,CASIM-prefix,timing_uncertainty,0.3,0.3333333,0.91,2000
tep,4,0,CASIM-prefix,timing_uncertainty,0.3,0.5,0.9475,2000
tep,4,0,CASIM-prefix,timing_uncertainty,0.3,0.6666667,0.9845,2000
tep,4,0,CASIM-prefix,timing_uncertainty,0.3,0.8333333,0.993,2000
tep,4,0,CASIM-prefix,timing_uncertainty,0.3,1.0,0.976,2000
tep,4,0,CASIM-prefix,timing_uncertainty,0.4,0.1666667,0.898,2000
tep,4,0,CASIM-prefix,timing_uncertainty,0.4,0.3333333,0.898,2000
tep,4,0,CASIM-prefix,timing_uncertainty,0.4,0.5,0.9385,2000
tep,4,0,CASIM-prefix,timing_uncertainty,0.4,0.6666667,0.974,2000
tep,4,0,CASIM-prefix,timing_uncertainty,0.4,0.8333333,0.9905,2000
tep,4,0,CASIM-prefix,timing_uncertainty,0.4,1.0,0.9445,2000
tep,4,0,CASIM-prefix,timing_uncertainty,0.5,0.1666667,0.8855,2000
tep,4,0,CASIM-prefix,timing_uncertainty,0.5,0.3333333,0.8855,2000
tep,4,0,CASIM-prefix,timing_uncertainty,0.5,0.5,0.925,2000
tep,4,0,CASIM-prefix,timing_uncertainty,0.5,0.6666667,0.957,2000
tep,4,0,CASIM-prefix,timing_uncertainty,0.5,0.8333333,0.9895,2000
tep,4,0,CASIM-prefix,timing_uncertainty,0.5,1.0,0.9005,2000
tep,4,0,CASIM-prefix,timing_uncertainty,0.6,0.1666667,0.8675,2000
tep,4,0,CASIM-prefix,timing_uncertainty,0.6,0.3333333,0.8675,2000
tep,4,0,CASIM-prefix,timing_uncertainty,0.6,0.5,0.9295,2000
tep,4,0,CASIM-prefix,timing_uncertainty,0.6,0.6666667,0.948,2000
tep,4,0,CASIM-prefix,timing_uncertainty,0.6,0.8333333,0.9815,2000
tep,4,0,CASIM-prefix,timing_uncertainty,0.6,1.0,0.8705,2000
tep,4,0,CASIM-prefix,timing_uncertainty,0.7,0.1666667,0.8525,2000
tep,4,0,CASIM-prefix,timing_uncertainty,0.7,0.3333333,0.8525,2000
tep,4,0,CASIM-prefix,timing_uncertainty,0.7,0.5,0.9195,2000
tep,4,0,CASIM-prefix,timing_uncertainty,0.7,0.6666667,0.9295,2000
tep,4,0,CASIM-prefix,timing_uncertainty,0.7,0.8333333,0.979,2000
tep,4,0,CASIM-prefix,timing_uncertainty,0.7,1.0,0.836,2000
tep,4,0,CASIM-prefix,timing_uncertainty,0.8,0.1666667,0.7985,2000
tep,4,0,CASIM-prefix,timing_uncertainty,0.8,0.3333333,0.7985,2000
tep,4,0,CASIM-prefix,timing_uncertainty,0.8,0.5,0.9245,2000
tep,4,0,CASIM-prefix,timing_uncertainty,0.8,0.6666667,0.9185,2000
tep,4,0,CASIM-prefix,timing_uncertainty,0.8,0.8333333,0.979,2000
tep,4,0,CASIM-prefix,timing_uncertainty,0.8,1.0,0.803,2000
tep,4,0,CASIM-prefix,timing_uncertainty,0.9,0.1666667,0.772,2000
tep,4,0,CASIM-prefix,timing_uncertainty,0.9,0.3333333,0.772,2000
tep,4,0,CASIM-prefix,timing_uncertainty,0.9,0.5,0.914,2000
tep,4,0,CASIM-prefix,timing_uncertainty,0.9,0.6666667,0.8905,2000
tep,4,0,CASIM-prefix,timing_uncertainty,0.9,0.8333333,0.9745,2000
tep,4,0,CASIM-prefix,timing_uncertainty,0.9,1.0,0.7805,2000
tep,4,0,EAC-1NN,late_time_delay,0.0,0.1666667,0.675,2000
tep,4,0,EAC-1NN,late_time_delay,0.0,0.3333333,0.675,2000
tep,4,0,EAC-1NN,late_time_delay,0.0,0.5,0.73,2000
tep,4,0,EAC-1NN,late_time_delay,0.0,0.6666667,0.8,2000
tep,4,0,EAC-1NN,late_time_delay,0.0,0.8333333,0.885,2000
tep,4,0,EAC-1NN,late_time_delay,0.0,1.0,0.99,2000
tep,4,0,EAC-1NN,late_time_delay,0.05,0.1666667,0.695,2000
tep,4,0,EAC-1NN,late_time_delay,0.05,0.3333333,0.695,2000
tep,4,0,EAC-1NN,late_time_delay,0.05,0.5,0.775,2000
tep,4,0,EAC-1NN,late_time_delay,0.05,0.6666667,0.83,2000
tep,4,0,EAC-1NN,late_time_delay,0.05,0.8333333,0.885,2000
tep,4,0,EAC-1NN,late_time_delay,0.05,1.0,0.985,2000
tep,4,0,EAC-1NN,late_time_delay,0.1,0.1666667,0.675,2000
tep,4,0,EAC-1NN,late_time_delay,0.1,0.3333333,0.675,2000
tep,4,0,EAC-1NN,late_time_delay,0.1,0.5,0.765,2000
tep,4,0,EAC-1NN,late_time_delay,0.1,0.6666667,0.835,2000
tep,4,0,EAC-1NN,late_time_delay,0.1,0.8333333,0.915,2000
tep,4,0,EAC-1NN,late_time_delay,0.1,1.0,0.97,2000
tep,4,0,EAC-1NN,late_time_delay,0.15,0.1666667,0.675,2000
tep,4,0,EAC-1NN,late_time_delay,0.15,0.3333333,0.675,2000
tep,4,0,EAC-1NN,late_time_delay,0.15,0.5,0.76,2000
tep,4,0,EAC-1NN,late_time_delay,0.15,0.6666667,0.855,2000
tep,4,0,EAC-1NN,late_time_delay,0.15,0.8333333,0.935,2000
tep,4,0,EAC-1NN,late_time_delay,0.15,1.0,0.975,2000
tep,4,0,EAC-1NN,late_time_delay,0.2,0.1666667,0.675,2000
tep,4,0,EAC-1NN,late_time_delay,0.2,0.3333333,0.675,2000
tep,4,0,EAC-1NN,late_time_delay,0.2,0.5,0.78,2000
tep,4,0,EAC-1NN,late_time_delay,0.2,0.6666667,0.88,2000
tep,4,0,EAC-1NN,late_time_delay,0.2,0.8333333,0.88,2000
tep,4,0,EAC-1NN,late_time_delay,0.2,1.0,0.98,2000
tep,4,0,EAC-1NN,late_time_delay,0.25,0.1666667,0.665,2000
tep,4,0,EAC-1NN,late_time_delay,0.25,0.3333333,0.665,2000
tep,4,0,EAC-1NN,late_time_delay,0.25,0.5,0.77,2000
tep,4,0,EAC-1NN,late_time_delay,0.25,0.6666667,0.77,2000
tep,4,0,EAC-1NN,late_time_delay,0.25,0.8333333,0.9,2000
tep,4,0,EAC-1NN,late_time_delay,0.25,1.0,0.985,2000
tep,4,0,EAC-1NN,late_time_delay,0.3,0.1666667,0.63,2000
tep,4,0,EAC-1NN,late_time_delay,0.3,0.3333333,0.63,2000
tep,4,0,EAC-1NN,late_time_delay,0.3,0.5,0.815,2000
tep,4,0,EAC-1NN,late_time_delay,0.3,0.6666667,0.815,2000
tep,4,0,EAC-1NN,late_time_delay,0.3,0.8333333,0.91,2000
tep,4,0,EAC-1NN,late_time_delay,0.3,1.0,0.985,2000
tep,4,0,EAC-1NN,late_time_delay,0.4,0.1666667,0.68,2000
tep,4,0,EAC-1NN,late_time_delay,0.4,0.3333333,0.68,2000
tep,4,0,EAC-1NN,late_time_delay,0.4,0.5,0.68,2000
tep,4,0,EAC-1NN,late_time_delay,0.4,0.6666667,0.865,2000
tep,4,0,EAC-1NN,late_time_delay,0.4,0.8333333,0.865,2000
tep,4,0,EAC-1NN,late_time_delay,0.4,1.0,0.98,2000
tep,4,0,EAC-1NN,late_time_delay,0.5,0.1666667,0.815,2000
tep,4,0,EAC-1NN,late_time_delay,0.5,0.3333333,0.815,2000
tep,4,0,EAC-1NN,late_time_delay,0.5,0.5,0.815,2000
tep,4,0,EAC-1NN,late_time_delay,0.5,0.6666667,0.815,2000
tep,4,0,EAC-1NN,late_time_delay,0.5,0.8333333,0.91,2000
tep,4,0,EAC-1NN,late_time_delay,0.5,1.0,0.955,2000
tep,4,0,EAC-1NN,late_time_delay,0.6,0.1666667,0.795,2000
tep,4,0,EAC-1NN,late_time_delay,0.6,0.3333333,0.795,2000
tep,4,0,EAC-1NN,late_time_delay,0.6,0.5,0.795,2000
tep,4,0,EAC-1NN,late_time_delay,0.6,0.6666667,0.795,2000
tep,4,0,EAC-1NN,late_time_delay,0.6,0.8333333,0.795,2000
tep,4,0,EAC-1NN,late_time_delay,0.6,1.0,0.925,2000
tep,4,0,EAC-1NN,late_time_delay,0.7,0.1666667,0.805,2000
tep,4,0,EAC-1NN,late_time_delay,0.7,0.3333333,0.805,2000
tep,4,0,EAC-1NN,late_time_delay,0.7,0.5,0.805,2000
tep,4,0,EAC-1NN,late_time_delay,0.7,0.6666667,0.805,2000
tep,4,0,EAC-1NN,late_time_delay,0.7,0.8333333,0.805,2000
tep,4,0,EAC-1NN,late_time_delay,0.7,1.0,0.86,2000
tep,4,0,EAC-1NN,late_time_delay,0.8,0.1666667,0.81,2000
tep,4,0,EAC-1NN,late_time_delay,0.8,0.3333333,0.81,2000
tep,4,0,EAC-1NN,late_time_delay,0.8,0.5,0.81,2000
tep,4,0,EAC-1NN,late_time_delay,0.8,0.6666667,0.81,2000
tep,4,0,EAC-1NN,late_time_delay,0.8,0.8333333,0.81,2000
tep,4,0,EAC-1NN,late_time_delay,0.8,1.0,0.81,2000
tep,4,0,EAC-1NN,late_time_delay,0.9,0.1666667,0.7,2000
tep,4,0,EAC-1NN,late_time_delay,0.9,0.3333333,0.7,2000
tep,4,0,EAC-1NN,late_time_delay,0.9,0.5,0.7,2000
tep,4,0,EAC-1NN,late_time_delay,0.9,0.6666667,0.7,2000
tep,4,0,EAC-1NN,late_time_delay,0.9,0.8333333,0.7,2000
tep,4,0,EAC-1NN,late_time_delay,0.9,1.0,0.7,2000
tep,4,0,EAC-1NN,missing_events,0.0,0.1666667,0.675,2000
tep,4,0,EAC-1NN,missing_events,0.0,0.3333333,0.675,2000
tep,4,0,EAC-1NN,missing_events,0.0,0.5,0.73,2000
tep,4,0,EAC-1NN,missing_events,0.0,0.6666667,0.8,2000
tep,4,0,EAC-1NN,missing_events,0.0,0.8333333,0.885,2000
tep,4,0,EAC-1NN,missing_events,0.0,1.0,0.99,2000
tep,4,0,EAC-1NN,missing_events,0.05,0.1666667,0.672,2000
tep,4,0,EAC-1NN,missing_events,0.05,0.3333333,0.672,2000
tep,4,0,EAC-1NN,missing_events,0.05,0.5,0.7295,2000
tep,4,0,EAC-1NN,missing_events,0.05,0.6666667,0.8035,2000
tep,4,0,EAC-1NN,missing_events,0.05,0.8333333,0.88,2000
tep,4,0,EAC-1NN,missing_events,0.05,1.0,0.99,2000
tep,4,0,EAC-1NN,missing_events,0.1,0.1666667,0.6715,2000
tep,4,0,EAC-1NN,missing_events,0.1,0.3333333,0.6715,2000
tep,4,0,EAC-1NN,missing_events,0.1,0.5,0.73,2000
tep,4,0,EAC-1NN,missing_events,0.1,0.6666667,0.801,2000
tep,4,0,EAC-1NN,missing_events,0.1,0.8333333,0.8715,2000
tep,4,0,EAC-1NN,missing_events,0.1,1.0,0.986,2000
tep,4,0,EAC-1NN,missing_events,0.15,0.1666667,0.6715,2000
tep,4,0,EAC-1NN,missing_events,0.15,0.3333333,0.6715,2000
tep,4,0,EAC-1NN,missing_events,0.15,0.5,0.725,2000
tep,4,0,EAC-1NN,missing_events,0.15,0.6666667,0.8095,2000
tep,4,0,EAC-1NN,missing_events,0.15,0.8333333,0.8705,2000
tep,4,0,EAC-1NN,missing_events,0.15,1.0,0.9875,2000
tep,4,0,EAC-1NN,missing_events,0.2,0.1666667,0.6655,2000
tep,4,0,EAC-1NN,missing_events,0.2,0.3333333,0.6655,2000
tep,4,0,EAC-1NN,missing_events,0.2,0.5,0.731,2000
tep,4,0,EAC-1NN,missing_events,0.2,0.6666667,0.8095,2000
tep,4,0,EAC-1NN,missing_events,0.2,0.8333333,0.861,2000
tep,4,0,EAC-1NN,missing_events,0.2,1.0,0.9845,2000
tep,4,0,EAC-1NN,missing_events,0.25,0.1666667,0.6655,2000
tep,4,0,EAC-1NN,missing_events,0.25,0.3333333,0.6655,2000
tep,4,0,EAC-1NN,missing_events,0.25,0.5,0.7175,2000
tep,4,0,EAC-1NN,missing_events,0.25,0.6666667,0.8,2000
tep,4,0,EAC-1NN,missing_events,0.25,0.8333333,0.8565,2000
tep,4,0,EAC-1NN,missing_events,0.25,1.0,0.985,2000
tep,4,0,EAC-1NN,missing_events,0.3,0.1666667,0.6685,2000
tep,4,0,EAC-1NN,missing_events,0.3,0.3333333,0.6685,2000
tep,4,0,EAC-1NN,missing_events,0.3,0.5,0.7165,2000
tep,4,0,EAC-1NN,missing_events,0.3,0.6666667,0.7965,2000
tep,4,0,EAC-1NN,missing_events,0.3,0.8333333,0.8665,2000
tep,4,0,EAC-1NN,missing_events,0.3,1.0,0.98,2000
tep,4,0,EAC-1NN,missing_events,0.4,0.1666667,0.654,2000
tep,4,0,EAC-1NN,missing_events,0.4,0.3333333,0.654,2000
tep,4,0,EAC-1NN,missing_events,0.4,0.5,0.72,2000
tep,4,0,EAC-1NN,missing_events,0.4,0.6666667,0.79,2000
tep,4,0,EAC-1NN,missing_events,0.4,0.8333333,0.8375,2000
tep,4,0,EAC-1NN,missing_events,0.4,1.0,0.9675,2000
tep,4,0,EAC-1NN,missing_events,0.5,0.1666667,0.6315,2000
tep,4,0,EAC-1NN,missing_events,0.5,0.3333333,0.6315,2000
tep,4,0,EAC-1NN,missing_events,0.5,0.5,0.7065,2000
tep,4,0,EAC-1NN,missing_events,0.5,0.6666667,0.7905,2000
tep,4,0,EAC-1NN,missing_events,0.5,0.8333333,0.837,2000
tep,4,0,EAC-1NN,missing_events,0.5,1.0,0.966,2000
tep,4,0,EAC-1NN,missing_events,0.6,0.1666667,0.594,2000
tep,4,0,EAC-1NN,missing_events,0.6,0.3333333,0.594,2000
tep,4,0,EAC-1NN,missing_events,0.6,0.5,0.6835,2000
tep,4,0,EAC-1NN,missing_events,0.6,0.6666667,0.756,2000
tep,4,0,EAC-1NN,missing_events,0.6,0.8333333,0.8125,2000
tep,4,0,EAC-1NN,missing_events,0.6,1.0,0.9485,2000
tep,4,0,EAC-1NN,missing_events,0.7,0.1666667,0.5865,2000
tep,4,0,EAC-1NN,missing_events,0.7,0.3333333,0.5865,2000
tep,4,0,EAC-1NN,missing_events,0.7,0.5,0.66,2000
tep,4,0,EAC-1NN,missing_events,0.7,0.6666667,0.7265,2000
tep,4,0,EAC-1NN,missing_events,0.7,0.8333333,0.779,2000
tep,4,0,EAC-1NN,missing_events,0.7,1.0,0.911,2000
tep,4,0,EAC-1NN,missing_events,0.8,0.1666667,0.5285,2000
tep,4,0,EAC-1NN,missing_events,0.8,0.3333333,0.5285,2000
tep,4,0,EAC-1NN,missing_events,0.8,0.5,0.6055,2000
tep,4,0,EAC-1NN,missing_events,0.8,0.6666667,0.6835,2000
tep,4,0,EAC-1NN,missing_events,0.8,0.8333333,0.7345,2000
tep,4,0,EAC-1NN,missing_events,0.8,1.0,0.8475,2000
tep,4,0,EAC-1NN,missing_events,0.9,0.1666667,0.4205,2000
tep,4,0,EAC-1NN,missing_events,0.9,0.3333333,0.4205,2000
tep,4,0,EAC-1NN,missing_events,0.9,0.5,0.4925,2000
tep,4,0,EAC-1NN,missing_events,0.9,0.6666667,0.561,2000
tep,4,0,EAC-1NN,missing_events,0.9,0.8333333,0.6285,2000
tep,4,0,EAC-1NN,missing_events,0.9,1.0,0.7385,2000
tep,4,0,EAC-1NN,mixed_missing_spurious,0.0,0.1666667,0.675,2000
tep,4,0,EAC-1NN,mixed_missing_spurious,0.0,0.3333333,0.675,2000
tep,4,0,EAC-1NN,mixed_missing_spurious,0.0,0.5,0.73,2000
tep,4,0,EAC-1NN,mixed_missing_spurious,0.0,0.6666667,0.8,2000
tep,4,0,EAC-1NN,mixed_missing_spurious,0.0,0.8333333,0.885,2000
tep,4,0,EAC-1NN,mixed_missing_spurious,0.0,1.0,0.99,2000
tep,4,0,EAC-1NN,mixed_missing_spurious,0.05,0.1666667,0.6595,2000
tep,4,0,EAC-1NN,mixed_missing_spurious,0.05,0.3333333,0.6595,2000
tep,4,0,EAC-1NN,mixed_missing_spurious,0.05,0.5,0.7285,2000
tep,4,0,EAC-1NN,mixed_missing_spurious,0.05,0.6666667,0.809,2000
tep,4,0,EAC-1NN,mixed_missing_spurious,0.05,0.8333333,0.871,2000
tep,4,0,EAC-1NN,mixed_missing_spurious,0.05,1.0,0.9855,2000
tep,4,0,EAC-1NN,mixed_missing_spurious,0.1,0.1666667,0.6525,2000
tep,4,0,EAC-1NN,mixed_missing_spurious,0.1,0.3333333,0.6525,2000
tep,4,0,EAC-1NN,mixed_missing_spurious,0.1,0.5,0.7205,2000
tep,4,0,EAC-1NN,mixed_missing_spurious,0.1,0.6666667,0.805,2000
tep,4,0,EAC-1NN,mixed_missing_spurious,0.1,0.8333333,0.868,2000
tep,4,0,EAC-1NN,mixed_missing_spurious,0.1,1.0,0.982,2000
tep,4,0,EAC-1NN,mixed_missing_spurious,0.15,0.1666667,0.638,2000
tep,4,0,EAC-1NN,mixed_missing_spurious,0.15,0.3333333,0.638,2000
tep,4,0,EAC-1NN,mixed_missing_spurious,0.15,0.5,0.714,2000
tep,4,0,EAC-1NN,mixed_missing_spurious,0.15,0.6666667,0.7935,2000
tep,4,0,EAC-1NN,mixed_missing_spurious,0.15,0.8333333,0.8565,2000
tep,4,0,EAC-1NN,mixed_missing_spurious,0.15,1.0,0.9765,2000
tep,4,0,EAC-1NN,mixed_missing_spurious,0.2,0.1666667,0.627,2000
tep,4,0,EAC-1NN,mixed_missing_spurious,0.2,0.3333333,0.627,2000
tep,4,0,EAC-1NN,mixed_missing_spurious,0.2,0.5,0.696,2000
tep,4,0,EAC-1NN,mixed_missing_spurious,0.2,0.6666667,0.7915,2000
tep,4,0,EAC-1NN,mixed_missing_spurious,0.2,0.8333333,0.844,2000
tep,4,0,EAC-1NN,mixed_missing_spurious,0.2,1.0,0.9745,2000
tep,4,0,EAC-1NN,mixed_missing_spurious,0.25,0.1666667,0.607,2000
tep,4,0,EAC-1NN,mixed_missing_spurious,0.25,0.3333333,0.607,2000
tep,4,0,EAC-1NN,mixed_missing_spurious,0.25,0.5,0.689,2000
tep,4,0,EAC-1NN,mixed_missing_spurious,0.25,0.6666667,0.7755,2000
tep,4,0,EAC-1NN,mixed_missing_spurious,0.25,0.8333333,0.828,2000
tep,4,0,EAC-1NN,mixed_missing_spurious,0.25,1.0,0.964,2000
tep,4,0,EAC-1NN,mixed_missing_spurious,0.3,0.1666667,0.597,2000
tep,4,0,EAC-1NN,mixed_missing_spurious,0.3,0.3333333,0.597,2000
tep,4,0,EAC-1NN,mixed_missing_spurious,0.3,0.5,0.6685,2000
tep,4,0,EAC-1NN,mixed_missing_spurious,0.3,0.6666667,0.753,2000
tep,4,0,EAC-1NN,mixed_missing_spurious,0.3,0.8333333,0.816,2000
tep,4,0,EAC-1NN,mixed_missing_spurious,0.3,1.0,0.955,2000
tep,4,0,EAC-1NN,mixed_missing_spurious,0.4,0.1666667,0.5795,2000
tep,4,0,EAC-1NN,mixed_missing_spurious,0.4,0.3333333,0.5795,2000
tep,4,0,EAC-1NN,mixed_missing_spurious,0.4,0.5,0.6545,2000
tep,4,0,EAC-1NN,mixed_missing_spurious,0.4,0.6666667,0.7215,2000
tep,4,0,EAC-1NN,mixed_missing_spurious,0.4,0.8333333,0.799,2000
tep,4,0,EAC-1NN,mixed_missing_spurious,0.4,1.0,0.9305,2000
tep,4,0,EAC-1NN,mixed_missing_spurious,0.5,0.1666667,0.5695,2000
tep,4,0,EAC-1NN,mixed_missing_spurious,0.5,0.3333333,0.5695,2000
tep,4,0,EAC-1NN,mixed_missing_spurious,0.5,0.5,0.618,2000
tep,4,0,EAC-1NN,mixed_missing_spurious,0.5,0.6666667,0.6895,2000
tep,4,0,EAC-1NN,mixed_missing_spurious,0.5,0.8333333,0.7555,2000
tep,4,0,EAC-1NN,mixed_missing_spurious,0.5,1.0,0.893,2000
tep,4,0,EAC-1NN,mixed_missing_spurious,0.6,0.1666667,0.5275,2000
tep,4,0,EAC-1NN,mixed_missing_spurious,0.6,0.3333333,0.5275,2000
tep,4,0,EAC-1NN,mixed_missing_spurious,0.6,0.5,0.575,2000
tep,4,0,EAC-1NN,mixed_missing_spurious,0.6,0.6666667,0.6555,2000
tep,4,0,EAC-1NN,mixed_missing_spurious,0.6,0.8333333,0.7175,2000
tep,4,0,EAC-1NN,mixed_missing_spurious,0.6,1.0,0.846,2000
tep,4,0,EAC-1NN,mixed_missing_spurious,0.7,0.1666667,0.508,2000
tep,4,0,EAC-1NN,mixed_missing_spurious,0.7,0.3333333,0.508,2000
tep,4,0,EAC-1NN,mixed_missing_spurious,0.7,0.5,0.571,2000
tep,4,0,EAC-1NN,mixed_missing_spurious,0.7,0.6666667,0.6025,2000
tep,4,0,EAC-1NN,mixed_missing_spurious,0.7,0.8333333,0.6705,2000
tep,4,0,EAC-1NN,mixed_missing_spurious,0.7,1.0,0.797,2000
tep,4,0,EAC-1NN,mixed_missing_spurious,0.8,0.1666667,0.4615,2000
tep,4,0,EAC-1NN,mixed_missing_spurious,0.8,0.3333333,0.4615,2000
tep,4,0,EAC-1NN,mixed_missing_spurious,0.8,0.5,0.4965,2000
tep,4,0,EAC-1NN,mixed_missing_spurious,0.8,0.6666667,0.562,2000
tep,4,0,EAC-1NN,mixed_missing_spurious,0.8,0.8333333,0.62,2000
tep,4,0,EAC-1NN,mixed_missing_spurious,0.8,1.0,0.7435,2000
tep,4,0,EAC-1NN,mixed_missing_spurious,0.9,0.1666667,0.3925,2000
tep,4,0,EAC-1NN,mixed_missing_spurious,0.9,0.3333333,0.3925,2000
tep,4,0,EAC-1NN,mixed_missing_spurious,0.9,0.5,0.45,2000
tep,4,0,EAC-1NN,mixed_missing_spurious,0.9,0.6666667,0.4955,2000
tep,4,0,EAC-1NN,mixed_missing_spurious,0.9,0.8333333,0.5505,2000
tep,4,0,EAC-1NN,mixed_missing_spurious,0.9,1.0,0.6595,2000
tep,4,0,EAC-1NN,mixed_spurious_timing_late,0.0,0.1666667,0.675,2000
tep,4,0,EAC-1NN,mixed_spurious_timing_late,0.0,0.3333333,0.675,2000
tep,4,0,EAC-1NN,mixed_spurious_timing_late,0.0,0.5,0.73,2000
tep,4,0,EAC-1NN,mixed_spurious_timing_late,0.0,0.6666667,0.8,2000
tep,4,0,EAC-1NN,mixed_spurious_timing_late,0.0,0.8333333,0.885,2000
tep,4,0,EAC-1NN,mixed_spurious_timing_late,0.0,1.0,0.99,2000
tep,4,0,EAC-1NN,mixed_spurious_timing_late,0.05,0.1666667,0.687,2000
tep,4,0,EAC-1NN,mixed_spurious_timing_late,0.05,0.3333333,0.687,2000
tep,4,0,EAC-1NN,mixed_spurious_timing_late,0.05,0.5,0.7665,2000
tep,4,0,EAC-1NN,mixed_spurious_timing_late,0.05,0.6666667,0.836,2000
tep,4,0,EAC-1NN,mixed_spurious_timing_late,0.05,0.8333333,0.887,2000
tep,4,0,EAC-1NN,mixed_spurious_timing_late,0.05,1.0,0.9825,2000
tep,4,0,EAC-1NN,mixed_spurious_timing_late,0.1,0.1666667,0.662,2000
tep,4,0,EAC-1NN,mixed_spurious_timing_late,0.1,0.3333333,0.662,2000
tep,4,0,EAC-1NN,mixed_spurious_timing_late,0.1,0.5,0.749,2000
tep,4,0,EAC-1NN,mixed_spurious_timing_late,0.1,0.6666667,0.81,2000
tep,4,0,EAC-1NN,mixed_spurious_timing_late,0.1,0.8333333,0.906,2000
tep,4,0,EAC-1NN,mixed_spurious_timing_late,0.1,1.0,0.968,2000
tep,4,0,EAC-1NN,mixed_spurious_timing_late,0.15,0.1666667,0.63,2000
tep,4,0,EAC-1NN,mixed_spurious_timing_late,0.15,0.3333333,0.63,2000
tep,4,0,EAC-1NN,mixed_spurious_timing_late,0.15,0.5,0.737,2000
tep,4,0,EAC-1NN,mixed_spurious_timing_late,0.15,0.6666667,0.844,2000
tep,4,0,EAC-1NN,mixed_spurious_timing_late,0.15,0.8333333,0.928,2000
tep,4,0,EAC-1NN,mixed_spurious_timing_late,0.15,1.0,0.9705,2000
tep,4,0,EAC-1NN,mixed_spurious_timing_late,0.2,0.1666667,0.614,2000
tep,4,0,EAC-1NN,mixed_spurious_timing_late,0.2,0.3333333,0.614,2000
tep,4,0,EAC-1NN,mixed_spurious_timing_late,0.2,0.5,0.7245,2000
tep,4,0,EAC-1NN,mixed_spurious_timing_late,0.2,0.6666667,0.845,2000
tep,4,0,EAC-1NN,mixed_spurious_timing_late,0.2,0.8333333,0.845,2000
tep,4,0,EAC-1NN,mixed_spurious_timing_late,0.2,1.0,0.959,2000
tep,4,0,EAC-1NN,mixed_spurious_timing_late,0.25,0.1666667,0.591,2000
tep,4,0,EAC-1NN,mixed_spurious_timing_late,0.25,0.3333333,0.591,2000
tep,4,0,EAC-1NN,mixed_spurious_timing_late,0.25,0.5,0.7335,2000
tep,4,0,EAC-1NN,mixed_spurious_timing_late,0.25,0.6666667,0.7335,2000
tep,4,0,EAC-1NN,mixed_spurious_timing_late,0.25,0.8333333,0.8515,2000
tep,4,0,EAC-1NN,mixed_spurious_timing_late,0.25,1.0,0.9685,2000
tep,4,0,EAC-1NN,mixed_spurious_timing_late,0.3,0.1666667,0.5845,2000
tep,4,0,EAC-1NN,mixed_spurious_timing_late,0.3,0.3333333,0.5845,2000
tep,4,0,EAC-1NN,mixed_spurious_timing_late,0.3,0.5,0.7685,2000
tep,4,0,EAC-1NN,mixed_spurious_timing_late,0.3,0.6666667,0.7685,2000
tep,4,0,EAC-1NN,mixed_spurious_timing_late,0.3,0.8333333,0.8715,2000
tep,4,0,EAC-1NN,mixed_spurious_timing_late,0.3,1.0,0.9475,2000
tep,4,0,EAC-1NN,mixed_spurious_timing_late,0.4,0.1666667,0.6015,2000
tep,4,0,EAC-1NN,mixed_spurious_timing_late,0.4,0.3333333,0.6015,2000
tep,4,0,EAC-1NN,mixed_spurious_timing_late,0.4,0.5,0.6015,2000
tep,4,0,EAC-1NN,mixed_spurious_timing_late,0.4,0.6666667,0.7985,2000
tep,4,0,EAC-1NN,mixed_spurious_timing_late,0.4,0.8333333,0.7985,2000
tep,4,0,EAC-1NN,mixed_spurious_timing_late,0.4,1.0,0.9305,2000
tep,4,0,EAC-1NN,mixed_spurious_timing_late,0.5,0.1666667,0.656,2000
tep,4,0,EAC-1NN,mixed_spurious_timing_late,0.5,0.3333333,0.656,2000
tep,4,0,EAC-1NN,mixed_spurious_timing_late,0.5,0.5,0.656,2000
tep,4,0,EAC-1NN,mixed_spurious_timing_late,0.5,0.6666667,0.656,2000
tep,4,0,EAC-1NN,mixed_spurious_timing_late,0.5,0.8333333,0.803,2000
tep,4,0,EAC-1NN,mixed_spurious_timing_late,0.5,1.0,0.8895,2000
tep,4,0,EAC-1NN,mixed_spurious_timing_late,0.6,0.1666667,0.6625,2000
tep,4,0,EAC-1NN,mixed_spurious_timing_late,0.6,0.3333333,0.6625,2000
tep,4,0,EAC-1NN,mixed_spurious_timing_late,0.6,0.5,0.6625,2000
tep,4,0,EAC-1NN,mixed_spurious_timing_late,0.6,0.6666667,0.6625,2000
tep,4,0,EAC-1NN,mixed_spurious_timing_late,0.6,0.8333333,0.6625,2000
tep,4,0,EAC-1NN,mixed_spurious_timing_late,0.6,1.0,0.804,2000
tep,4,0,EAC-1NN,mixed_spurious_timing_late,0.7,0.1666667,0.62,2000
tep,4,0,EAC-1NN,mixed_spurious_timing_late,0.7,0.3333333,0.62,2000
tep,4,0,EAC-1NN,mixed_spurious_timing_late,0.7,0.5,0.62,2000
tep,4,0,EAC-1NN,mixed_spurious_timing_late,0.7,0.6666667,0.62,2000
tep,4,0,EAC-1NN,mixed_spurious_timing_late,0.7,0.8333333,0.62,2000
tep,4,0,EAC-1NN,mixed_spurious_timing_late,0.7,1.0,0.713,2000
tep,4,0,EAC-1NN,mixed_spurious_timing_late,0.8,0.1666667,0.6255,2000
tep,4,0,EAC-1NN,mixed_spurious_timing_late,0.8,0.3333333,0.6255,2000
tep,4,0,EAC-1NN,mixed_spurious_timing_late,0.8,0.5,0.6255,2000
tep,4,0,EAC-1NN,mixed_spurious_timing_late,0.8,0.6666667,0.6255,2000
tep,4,0,EAC-1NN,mixed_spurious_timing_late,0.8,0.8333333,0.6255,2000
tep,4,0,EAC-1NN,mixed_spurious_timing_late,0.8,1.0,0.6395,2000
tep,4,0,EAC-1NN,mixed_spurious_timing_late,0.9,0.1666667,0.5615,2000
tep,4,0,EAC-1NN,mixed_spurious_timing_late,0.9,0.3333333,0.5615,2000
tep,4,0,EAC-1NN,mixed_spurious_timing_late,0.9,0.5,0.5615,2000
tep,4,0,EAC-1NN,mixed_spurious_timing_late,0.9,0.6666667,0.5615,2000
tep,4,0,EAC-1NN,mixed_spurious_timing_late,0.9,0.8333333,0.5615,2000
tep,4,0,EAC-1NN,mixed_spurious_timing_late,0.9,1.0,0.5615,2000
tep,4,0,EAC-1NN,spurious_events,0.0,0.1666667,0.675,2000
tep,4,0,EAC-1NN,spurious_events,0.0,0.3333333,0.675,2000
tep,4,0,EAC-1NN,spurious_events,0.0,0.5,0.73,2000
tep,4,0,EAC-1NN,spurious_events,0.0,0.6666667,0.8,2000
tep,4,0,EAC-1NN,spurious_events,0.0,0.8333333,0.885,2000
tep,4,0,EAC-1NN,spurious_events,0.0,1.0,0.99,2000
tep,4,0,EAC-1NN,spurious_events,0.05,0.1666667,0.6685,2000
tep,4,0,EAC-1NN,spurious_events,0.05,0.3333333,0.6685,2000
tep,4,0,EAC-1NN,spurious_events,0.05,0.5,0.7335,2000
tep,4,0,EAC-1NN,spurious_events,0.05,0.6666667,0.7985,2000
tep,4,0,EAC-1NN,spurious_events,0.05,0.8333333,0.879,2000
tep,4,0,EAC-1NN,spurious_events,0.05,1.0,0.9855,2000
tep,4,0,EAC-1NN,spurious_events,0.1,0.1666667,0.637,2000
tep,4,0,EAC-1NN,spurious_events,0.1,0.3333333,0.637,2000
tep,4,0,EAC-1NN,spurious_events,0.1,0.5,0.709,2000
tep,4,0,EAC-1NN,spurious_events,0.1,0.6666667,0.8105,2000
tep,4,0,EAC-1NN,spurious_events,0.1,0.8333333,0.8735,2000
tep,4,0,EAC-1NN,spurious_events,0.1,1.0,0.9845,2000
tep,4,0,EAC-1NN,spurious_events,0.15,0.1666667,0.635,2000
tep,4,0,EAC-1NN,spurious_events,0.15,0.3333333,0.635,2000
tep,4,0,EAC-1NN,spurious_events,0.15,0.5,0.7155,2000
tep,4,0,EAC-1NN,spurious_events,0.15,0.6666667,0.806,2000
tep,4,0,EAC-1NN,spurious_events,0.15,0.8333333,0.858,2000
tep,4,0,EAC-1NN,spurious_events,0.15,1.0,0.976,2000
tep,4,0,EAC-1NN,spurious_events,0.2,0.1666667,0.642,2000
tep,4,0,EAC-1NN,spurious_events,0.2,0.3333333,0.642,2000
tep,4,0,EAC-1NN,spurious_events,0.2,0.5,0.7185,2000
tep,4,0,EAC-1NN,spurious_events,0.2,0.6666667,0.799,2000
tep,4,0,EAC-1NN,spurious_events,0.2,0.8333333,0.8525,2000
tep,4,0,EAC-1NN,spurious_events,0.2,1.0,0.974,2000
tep,4,0,EAC-1NN,spurious_events,0.25,0.1666667,0.6155,2000
tep,4,0,EAC-1NN,spurious_events,0.25,0.3333333,0.6155,2000
tep,4,0,EAC-1NN,spurious_events,0.25,0.5,0.7165,2000
tep,4,0,EAC-1NN,spurious_events,0.25,0.6666667,0.793,2000
tep,4,0,EAC-1NN,spurious_events,0.25,0.8333333,0.8575,2000
tep,4,0,EAC-1NN,spurious_events,0.25,1.0,0.974,2000
tep,4,0,EAC-1NN,spurious_events,0.3,0.1666667,0.5885,2000
tep,4,0,EAC-1NN,spurious_events,0.3,0.3333333,0.5885,2000
tep,4,0,EAC-1NN,spurious_events,0.3,0.5,0.6865,2000
tep,4,0,EAC-1NN,spurious_events,0.3,0.6666667,0.7825,2000
tep,4,0,EAC-1NN,spurious_events,0.3,0.8333333,0.84,2000
tep,4,0,EAC-1NN,spurious_events,0.3,1.0,0.9655,2000
tep,4,0,EAC-1NN,spurious_events,0.4,0.1666667,0.5845,2000
tep,4,0,EAC-1NN,spurious_events,0.4,0.3333333,0.5845,2000
tep,4,0,EAC-1NN,spurious_events,0.4,0.5,0.6815,2000
tep,4,0,EAC-1NN,spurious_events,0.4,0.6666667,0.772,2000
tep,4,0,EAC-1NN,spurious_events,0.4,0.8333333,0.8235,2000
tep,4,0,EAC-1NN,spurious_events,0.4,1.0,0.951,2000
tep,4,0,EAC-1NN,spurious_events,0.5,0.1666667,0.548,2000
tep,4,0,EAC-1NN,spurious_events,0.5,0.3333333,0.548,2000
tep,4,0,EAC-1NN,spurious_events,0.5,0.5,0.665,2000
tep,4,0,EAC-1NN,spurious_events,0.5,0.6666667,0.746,2000
tep,4,0,EAC-1NN,spurious_events,0.5,0.8333333,0.8065,2000
tep,4,0,EAC-1NN,spurious_events,0.5,1.0,0.9335,2000
tep,4,0,EAC-1NN,spurious_events,0.6,0.1666667,0.524,2000
tep,4,0,EAC-1NN,spurious_events,0.6,0.3333333,0.524,2000
tep,4,0,EAC-1NN,spurious_events,0.6,0.5,0.6325,2000
tep,4,0,EAC-1NN,spurious_events,0.6,0.6666667,0.7265,2000
tep,4,0,EAC-1NN,spurious_events,0.6,0.8333333,0.776,2000
tep,4,0,EAC-1NN,spurious_events,0.6,1.0,0.912,2000
tep,4,0,EAC-1NN,spurious_events,0.7,0.1666667,0.5185,2000
tep,4,0,EAC-1NN,spurious_events,0.7,0.3333333,0.5185,2000
tep,4,0,EAC-1NN,spurious_events,0.7,0.5,0.6195,2000
tep,4,0,EAC-1NN,spurious_events,0.7,0.6666667,0.702,2000
tep,4,0,EAC-1NN,spurious_events,0.7,0.8333333,0.7635,2000
tep,4,0,EAC-1NN,spurious_events,0.7,1.0,0.8875,2000
tep,4,0,EAC-1NN,spurious_events,0.8,0.1666667,0.517,2000
tep,4,0,EAC-1NN,spurious_events,0.8,0.3333333,0.517,2000
tep,4,0,EAC-1NN,spurious_events,0.8,0.5,0.603,2000
tep,4,0,EAC-1NN,spurious_events,0.8,0.6666667,0.6845,2000
tep,4,0,EAC-1NN,spurious_events,0.8,0.8333333,0.735,2000
tep,4,0,EAC-1NN,spurious_events,0.8,1.0,0.8625,2000
tep,4,0,EAC-1NN,spurious_events,0.9,0.1666667,0.5115,2000
tep,4,0,EAC-1NN,spurious_events,0.9,0.3333333,0.5115,2000
tep,4,0,EAC-1NN,spurious_events,0.9,0.5,0.587,2000
tep,4,0,EAC-1NN,spurious_events,0.9,0.6666667,0.6555,2000
tep,4,0,EAC-1NN,spurious_events,0.9,0.8333333,0.715,2000
tep,4,0,EAC-1NN,spurious_events,0.9,1.0,0.832,2000
tep,4,0,EAC-1NN,timing_uncertainty,0.0,0.1666667,0.675,2000
tep,4,0,EAC-1NN,timing_uncertainty,0.0,0.3333333,0.675,2000
tep,4,0,EAC-1NN,timing_uncertainty,0.0,0.5,0.73,2000
tep,4,0,EAC-1NN,timing_uncertainty,0.0,0.6666667,0.8,2000
tep,4,0,EAC-1NN,timing_uncertainty,0.0,0.8333333,0.885,2000
tep,4,0,EAC-1NN,timing_uncertainty,0.0,1.0,0.99,2000
tep,4,0,EAC-1NN,timing_uncertainty,0.05,0.1666667,0.6735,2000
tep,4,0,EAC-1NN,timing_uncertainty,0.05,0.3333333,0.6735,2000
tep,4,0,EAC-1NN,timing_uncertainty,0.05,0.5,0.7255,2000
tep,4,0,EAC-1NN,timing_uncertainty,0.05,0.6666667,0.7965,2000
tep,4,0,EAC-1NN,timing_uncertainty,0.05,0.8333333,0.8805,2000
tep,4,0,EAC-1NN,timing_uncertainty,0.05,1.0,0.992,2000
tep,4,0,EAC-1NN,timing_uncertainty,0.1,0.1666667,0.673,2000
tep,4,0,EAC-1NN,timing_uncertainty,0.1,0.3333333,0.673,2000
tep,4,0,EAC-1NN,timing_uncertainty,0.1,0.5,0.7285,2000
tep,4,0,EAC-1NN,timing_uncertainty,0.1,0.6666667,0.7995,2000
tep,4,0,EAC-1NN,timing_uncertainty,0.1,0.8333333,0.8755,2000
tep,4,0,EAC-1NN,timing_uncertainty,0.1,1.0,0.9915,2000
tep,4,0,EAC-1NN,timing_uncertainty,0.15,0.1666667,0.679,2000
tep,4,0,EAC-1NN,timing_uncertainty,0.15,0.3333333,0.679,2000
tep,4,0,EAC-1NN,timing_uncertainty,0.15,0.5,0.7335,2000
tep,4,0,EAC-1NN,timing_uncertainty,0.15,0.6666667,0.8115,2000
tep,4,0,EAC-1NN,timing_uncertainty,0.15,0.8333333,0.877,2000
tep,4,0,EAC-1NN,timing_uncertainty,0.15,1.0,0.987,2000
tep,4,0,EAC-1NN,timing_uncertainty,0.2,0.1666667,0.673,2000
tep,4,0,EAC-1NN,timing_uncertainty,0.2,0.3333333,0.673,2000
tep,4,0,EAC-1NN,timing_uncertainty,0.2,0.5,0.7205,2000
tep,4,0,EAC-1NN,timing_uncertainty,0.2,0.6666667,0.801,2000
tep,4,0,EAC-1NN,timing_uncertainty,0.2,0.8333333,0.8715,2000
tep,4,0,EAC-1NN,timing_uncertainty,0.2,1.0,0.987,2000
tep,4,0,EAC-1NN,timing_uncertainty,0.25,0.1666667,0.668,2000
tep,4,0,EAC-1NN,timing_uncertainty,0.25,0.3333333,0.668,2000
tep,4,0,EAC-1NN,timing_uncertainty,0.25,0.5,0.737,2000
tep,4,0,EAC-1NN,timing_uncertainty,0.25,0.6666667,0.8085,2000
tep,4,0,EAC-1NN,timing_uncertainty,0.25,0.8333333,0.872,2000
tep,4,0,EAC-1NN,timing_uncertainty,0.25,1.0,0.9885,2000
tep,4,0,EAC-1NN,timing_uncertainty,0.3,0.1666667,0.674,2000
tep,4,0,EAC-1NN,timing_uncertainty,0.3,0.3333333,0.674,2000
tep,4,0,EAC-1NN,timing_uncertainty,0.3,0.5,0.736,2000
tep,4,0,EAC-1NN,timing_uncertainty,0.3,0.6666667,0.8065,2000
tep,4,0,EAC-1NN,timing_uncertainty,0.3,0.8333333,0.88,2000
tep,4,0,EAC-1NN,timing_uncertainty,0.3,1.0,0.9865,2000
tep,4,0,EAC-1NN,timing_uncertainty,0.4,0.1666667,0.6635,2000
tep,4,0,EAC-1NN,timing_uncertainty,0.4,0.3333333,0.6635,2000
tep,4,0,EAC-1NN,timing_uncertainty,0.4,0.5,0.736,2000
tep,4,0,EAC-1NN,timing_uncertainty,0.4,0.6666667,0.812,2000
tep,4,0,EAC-1NN,timing_uncertainty,0.4,0.8333333,0.8735,2000
tep,4,0,EAC-1NN,timing_uncertainty,0.4,1.0,0.988,2000
tep,4,0,EAC-1NN,timing_uncertainty,0.5,0.1666667,0.6565,2000
tep,4,0,EAC-1NN,timing_uncertainty,0.5,0.3333333,0.6565,2000
tep,4,0,EAC-1NN,timing_uncertainty,0.5,0.5,0.746,2000
tep,4,0,EAC-1NN,timing_uncertainty,0.5,0.6666667,0.813,2000
tep,4,0,EAC-1NN,timing_uncertainty,0.5,0.8333333,0.871,2000
tep,4,0,EAC-1NN,timing_uncertainty,0.5,1.0,0.983,2000
tep,4,0,EAC-1NN,timing_uncertainty,0.6,0.1666667,0.671,2000
tep,4,0,EAC-1NN,timing_uncertainty,0.6,0.3333333,0.671,2000
tep,4,0,EAC-1NN,timing_uncertainty,0.6,0.5,0.736,2000
tep,4,0,EAC-1NN,timing_uncertainty,0.6,0.6666667,0.8165,2000
tep,4,0,EAC-1NN,timing_uncertainty,0.6,0.8333333,0.8755,2000
tep,4,0,EAC-1NN,timing_uncertainty,0.6,1.0,0.984,2000
tep,4,0,EAC-1NN,timing_uncertainty,0.7,0.1666667,0.6615,2000
tep,4,0,EAC-1NN,timing_uncertainty,0.7,0.3333333,0.6615,2000
tep,4,0,EAC-1NN,timing_uncertainty,0.7,0.5,0.7465,2000
tep,4,0,EAC-1NN,timing_uncertainty,0.7,0.6666667,0.8095,2000
tep,4,0,EAC-1NN,timing_uncertainty,0.7,0.8333333,0.869,2000
tep,4,0,EAC-1NN,timing_uncertainty,0.7,1.0,0.987,2000
tep,4,0,EAC-1NN,timing_uncertainty,0.8,0.1666667,0.669,2000
tep,4,0,EAC-1NN,timing_uncertainty,0.8,0.3333333,0.669,2000
tep,4,0,EAC-1NN,timing_uncertainty,0.8,0.5,0.737,2000
tep,4,0,EAC-1NN,timing_uncertainty,0.8,0.6666667,0.8095,2000
tep,4,0,EAC-1NN,timing_uncertainty,0.8,0.8333333,0.873,2000
tep,4,0,EAC-1NN,timing_uncertainty,0.8,1.0,0.9795,2000
tep,4,0,EAC-1NN,timing_uncertainty,0.9,0.1666667,0.6625,2000
tep,4,0,EAC-1NN,timing_uncertainty,0.9,0.3333333,0.6625,2000
tep,4,0,EAC-1NN,timing_uncertainty,0.9,0.5,0.7375,2000
tep,4,0,EAC-1NN,timing_uncertainty,0.9,0.6666667,0.8105,2000
tep,4,0,EAC-1NN,timing_uncertainty,0.9,0.8333333,0.8755,2000
tep,4,0,EAC-1NN,timing_uncertainty,0.9,1.0,0.973,2000
tep,4,0,JAC-1NN,late_time_delay,0.0,0.1666667,0.685,2000
tep,4,0,JAC-1NN,late_time_delay,0.0,0.3333333,0.685,2000
tep,4,0,JAC-1NN,late_time_delay,0.0,0.5,0.815,2000
tep,4,0,JAC-1NN,late_time_delay,0.0,0.6666667,0.92,2000
tep,4,0,JAC-1NN,late_time_delay,0.0,0.8333333,0.955,2000
tep,4,0,JAC-1NN,late_time_delay,0.0,1.0,0.93,2000
tep,4,0,JAC-1NN,late_time_delay,0.05,0.1666667,0.565,2000
tep,4,0,JAC-1NN,late_time_delay,0.05,0.3333333,0.565,2000
tep,4,0,JAC-1NN,late_time_delay,0.05,0.5,0.735,2000
tep,4,0,JAC-1NN,late_time_delay,0.05,0.6666667,0.815,2000
tep,4,0,JAC-1NN,late_time_delay,0.05,0.8333333,0.84,2000
tep,4,0,JAC-1NN,late_time_delay,0.05,1.0,0.855,2000
tep,4,0,JAC-1NN,late_time_delay,0.1,0.1666667,0.545,2000
tep,4,0,JAC-1NN,late_time_delay,0.1,0.3333333,0.545,2000
tep,4,0,JAC-1NN,late_time_delay,0.1,0.5,0.75,2000
tep,4,0,JAC-1NN,late_time_delay,0.1,0.6666667,0.805,2000
tep,4,0,JAC-1NN,late_time_delay,0.1,0.8333333,0.84,2000
tep,4,0,JAC-1NN,late_time_delay,0.1,1.0,0.85,2000
tep,4,0,JAC-1NN,late_time_delay,0.15,0.1666667,0.535,2000
tep,4,0,JAC-1NN,late_time_delay,0.15,0.3333333,0.535,2000
tep,4,0,JAC-1NN,late_time_delay,0.15,0.5,0.76,2000
tep,4,0,JAC-1NN,late_time_delay,0.15,0.6666667,0.81,2000
tep,4,0,JAC-1NN,late_time_delay,0.15,0.8333333,0.83,2000
tep,4,0,JAC-1NN,late_time_delay,0.15,1.0,0.855,2000
tep,4,0,JAC-1NN,late_time_delay,0.2,0.1666667,0.54,2000
tep,4,0,JAC-1NN,late_time_delay,0.2,0.3333333,0.54,2000
tep,4,0,JAC-1NN,late_time_delay,0.2,0.5,0.735,2000
tep,4,0,JAC-1NN,late_time_delay,0.2,0.6666667,0.82,2000
tep,4,0,JAC-1NN,late_time_delay,0.2,0.8333333,0.82,2000
tep,4,0,JAC-1NN,late_time_delay,0.2,1.0,0.855,2000
tep,4,0,JAC-1NN,late_time_delay,0.25,0.1666667,0.605,2000
tep,4,0,JAC-1NN,late_time_delay,0.25,0.3333333,0.605,2000
tep,4,0,JAC-1NN,late_time_delay,0.25,0.5,0.79,2000
tep,4,0,JAC-1NN,late_time_delay,0.25,0.6666667,0.79,2000
tep,4,0,JAC-1NN,late_time_delay,0.25,0.8333333,0.825,2000
tep,4,0,JAC-1NN,late_time_delay,0.25,1.0,0.855,2000
tep,4,0,JAC-1NN,late_time_delay,0.3,0.1666667,0.605,2000
tep,4,0,JAC-1NN,late_time_delay,0.3,0.3333333,0.605,2000
tep,4,0,JAC-1NN,late_time_delay,0.3,0.5,0.775,2000
tep,4,0,JAC-1NN,late_time_delay,0.3,0.6666667,0.775,2000
tep,4,0,JAC-1NN,late_time_delay,0.3,0.8333333,0.825,2000
tep,4,0,JAC-1NN,late_time_delay,0.3,1.0,0.845,2000
tep,4,0,JAC-1NN,late_time_delay,0.4,0.1666667,0.575,2000
tep,4,0,JAC-1NN,late_time_delay,0.4,0.3333333,0.575,2000
tep,4,0,JAC-1NN,late_time_delay,0.4,0.5,0.575,2000
tep,4,0,JAC-1NN,late_time_delay,0.4,0.6666667,0.73,2000
tep,4,0,JAC-1NN,late_time_delay,0.4,0.8333333,0.73,2000
tep,4,0,JAC-1NN,late_time_delay,0.4,1.0,0.81,2000
tep,4,0,JAC-1NN,late_time_delay,0.5,0.1666667,0.555,2000
tep,4,0,JAC-1NN,late_time_delay,0.5,0.3333333,0.555,2000
tep,4,0,JAC-1NN,late_time_delay,0.5,0.5,0.555,2000
tep,4,0,JAC-1NN,late_time_delay,0.5,0.6666667,0.555,2000
tep,4,0,JAC-1NN,late_time_delay,0.5,0.8333333,0.71,2000
tep,4,0,JAC-1NN,late_time_delay,0.5,1.0,0.765,2000
tep,4,0,JAC-1NN,late_time_delay,0.6,0.1666667,0.52,2000
tep,4,0,JAC-1NN,late_time_delay,0.6,0.3333333,0.52,2000
tep,4,0,JAC-1NN,late_time_delay,0.6,0.5,0.52,2000
tep,4,0,JAC-1NN,late_time_delay,0.6,0.6666667,0.52,2000
tep,4,0,JAC-1NN,late_time_delay,0.6,0.8333333,0.52,2000
tep,4,0,JAC-1NN,late_time_delay,0.6,1.0,0.69,2000
tep,4,0,JAC-1NN,late_time_delay,0.7,0.1666667,0.445,2000
tep,4,0,JAC-1NN,late_time_delay,0.7,0.3333333,0.445,2000
tep,4,0,JAC-1NN,late_time_delay,0.7,0.5,0.445,2000
tep,4,0,JAC-1NN,late_time_delay,0.7,0.6666667,0.445,2000
tep,4,0,JAC-1NN,late_time_delay,0.7,0.8333333,0.445,2000
tep,4,0,JAC-1NN,late_time_delay,0.7,1.0,0.525,2000
tep,4,0,JAC-1NN,late_time_delay,0.8,0.1666667,0.45,2000
tep,4,0,JAC-1NN,late_time_delay,0.8,0.3333333,0.45,2000
tep,4,0,JAC-1NN,late_time_delay,0.8,0.5,0.45,2000
tep,4,0,JAC-1NN,late_time_delay,0.8,0.6666667,0.45,2000
tep,4,0,JAC-1NN,late_time_delay,0.8,0.8333333,0.45,2000
tep,4,0,JAC-1NN,late_time_delay,0.8,1.0,0.465,2000
tep,4,0,JAC-1NN,late_time_delay,0.9,0.1666667,0.395,2000
tep,4,0,JAC-1NN,late_time_delay,0.9,0.3333333,0.395,2000
tep,4,0,JAC-1NN,late_time_delay,0.9,0.5,0.395,2000
tep,4,0,JAC-1NN,late_time_delay,0.9,0.6666667,0.395,2000
tep,4,0,JAC-1NN,late_time_delay,0.9,0.8333333,0.395,2000
tep,4,0,JAC-1NN,late_time_delay,0.9,1.0,0.395,2000
tep,4,0,JAC-1NN,missing_events,0.0,0.1666667,0.685,2000
tep,4,0,JAC-1NN,missing_events,0.0,0.3333333,0.685,2000
tep,4,0,JAC-1NN,missing_events,0.0,0.5,0.815,2000
tep,4,0,JAC-1NN,missing_events,0.0,0.6666667,0.92,2000
tep,4,0,JAC-1NN,missing_events,0.0,0.8333333,0.955,2000
tep,4,0,JAC-1NN,missing_events,0.0,1.0,0.93,2000
tep,4,0,JAC-1NN,missing_events,0.05,0.1666667,0.678,2000
tep,4,0,JAC-1NN,missing_events,0.05,0.3333333,0.678,2000
tep,4,0,JAC-1NN,missing_events,0.05,0.5,0.8085,2000
tep,4,0,JAC-1NN,missing_events,0.05,0.6666667,0.9125,2000
tep,4,0,JAC-1NN,missing_events,0.05,0.8333333,0.948,2000
tep,4,0,JAC-1NN,missing_events,0.05,1.0,0.927,2000
tep,4,0,JAC-1NN,missing_events,0.1,0.1666667,0.669,2000
tep,4,0,JAC-1NN,missing_events,0.1,0.3333333,0.669,2000
tep,4,0,JAC-1NN,missing_events,0.1,0.5,0.8005,2000
tep,4,0,JAC-1NN,missing_events,0.1,0.6666667,0.907,2000
tep,4,0,JAC-1NN,missing_events,0.1,0.8333333,0.9455,2000
tep,4,0,JAC-1NN,missing_events,0.1,1.0,0.922,2000
tep,4,0,JAC-1NN,missing_events,0.15,0.1666667,0.658,2000
tep,4,0,JAC-1NN,missing_events,0.15,0.3333333,0.658,2000
tep,4,0,JAC-1NN,missing_events,0.15,0.5,0.7935,2000
tep,4,0,JAC-1NN,missing_events,0.15,0.6666667,0.9025,2000
tep,4,0,JAC-1NN,missing_events,0.15,0.8333333,0.9395,2000
tep,4,0,JAC-1NN,missing_events,0.15,1.0,0.9155,2000
tep,4,0,JAC-1NN,missing_events,0.2,0.1666667,0.655,2000
tep,4,0,JAC-1NN,missing_events,0.2,0.3333333,0.655,2000
tep,4,0,JAC-1NN,missing_events,0.2,0.5,0.78,2000
tep,4,0,JAC-1NN,missing_events,0.2,0.6666667,0.8905,2000
tep,4,0,JAC-1NN,missing_events,0.2,0.8333333,0.9305,2000
tep,4,0,JAC-1NN,missing_events,0.2,1.0,0.916,2000
tep,4,0,JAC-1NN,missing_events,0.25,0.1666667,0.6465,2000
tep,4,0,JAC-1NN,missing_events,0.25,0.3333333,0.6465,2000
tep,4,0,JAC-1NN,missing_events,0.25,0.5,0.7815,2000
tep,4,0,JAC-1NN,missing_events,0.25,0.6666667,0.8865,2000
tep,4,0,JAC-1NN,missing_events,0.25,0.8333333,0.9235,2000
tep,4,0,JAC-1NN,missing_events,0.25,1.0,0.9165,2000
tep,4,0,JAC-1NN,missing_events,0.3,0.1666667,0.64,2000
tep,4,0,JAC-1NN,missing_events,0.3,0.3333333,0.64,2000
tep,4,0,JAC-1NN,missing_events,0.3,0.5,0.7635,2000
tep,4,0,JAC-1NN,missing_events,0.3,0.6666667,0.882,2000
tep,4,0,JAC-1NN,missing_events,0.3,0.8333333,0.917,2000
tep,4,0,JAC-1NN,missing_events,0.3,1.0,0.9085,2000
tep,4,0,JAC-1NN,missing_events,0.4,0.1666667,0.5955,2000
tep,4,0,JAC-1NN,missing_events,0.4,0.3333333,0.5955,2000
tep,4,0,JAC-1NN,missing_events,0.4,0.5,0.7195,2000
tep,4,0,JAC-1NN,missing_events,0.4,0.6666667,0.8355,2000
tep,4,0,JAC-1NN,missing_events,0.4,0.8333333,0.8855,2000
tep,4,0,JAC-1NN,missing_events,0.4,1.0,0.891,2000
tep,4,0,JAC-1NN,missing_events,0.5,0.1666667,0.5595,2000
tep,4,0,JAC-1NN,missing_events,0.5,0.3333333,0.5595,2000
tep,4,0,JAC-1NN,missing_events,0.5,0.5,0.6895,2000
tep,4,0,JAC-1NN,missing_events,0.5,0.6666667,0.8195,2000
tep,4,0,JAC-1NN,missing_events,0.5,0.8333333,0.871,2000
tep,4,0,JAC-1NN,missing_events,0.5,1.0,0.8815,2000
tep,4,0,JAC-1NN,missing_events,0.6,0.1666667,0.512,2000
tep,4,0,JAC-1NN,missing_events,0.6,0.3333333,0.512,2000
tep,4,0,JAC-1NN,missing_events,0.6,0.5,0.6345,2000
tep,4,0,JAC-1NN,missing_events,0.6,0.6666667,0.762,2000
tep,4,0,JAC-1NN,missing_events,0.6,0.8333333,0.8225,2000
tep,4,0,JAC-1NN,missing_events,0.6,1.0,0.875,2000
tep,4,0,JAC-1NN,missing_events,0.7,0.1666667,0.469,2000
tep,4,0,JAC-1NN,missing_events,0.7,0.3333333,0.469,2000
tep,4,0,JAC-1NN,missing_events,0.7,0.5,0.569,2000
tep,4,0,JAC-1NN,missing_events,0.7,0.6666667,0.697,2000
tep,4,0,JAC-1NN,missing_events,0.7,0.8333333,0.7635,2000
tep,4,0,JAC-1NN,missing_events,0.7,1.0,0.829,2000
tep,4,0,JAC-1NN,missing_events,0.8,0.1666667,0.416,2000
tep,4,0,JAC-1NN,missing_events,0.8,0.3333333,0.416,2000
tep,4,0,JAC-1NN,missing_events,0.8,0.5,0.483,2000
tep,4,0,JAC-1NN,missing_events,0.8,0.6666667,0.5715,2000
tep,4,0,JAC-1NN,missing_events,0.8,0.8333333,0.66,2000
tep,4,0,JAC-1NN,missing_events,0.8,1.0,0.7635,2000
tep,4,0,JAC-1NN,missing_events,0.9,0.1666667,0.3235,2000
tep,4,0,JAC-1NN,missing_events,0.9,0.3333333,0.3235,2000
tep,4,0,JAC-1NN,missing_events,0.9,0.5,0.3785,2000
tep,4,0,JAC-1NN,missing_events,0.9,0.6666667,0.436,2000
tep,4,0,JAC-1NN,missing_events,0.9,0.8333333,0.495,2000
tep,4,0,JAC-1NN,missing_events,0.9,1.0,0.567,2000
tep,4,0,JAC-1NN,mixed_missing_spurious,0.0,0.1666667,0.685,2000
tep,4,0,JAC-1NN,mixed_missing_spurious,0.0,0.3333333,0.685,2000
tep,4,0,JAC-1NN,mixed_missing_spurious,0.0,0.5,0.815,2000
tep,4,0,JAC-1NN,mixed_missing_spurious,0.0,0.6666667,0.92,2000
tep,4,0,JAC-1NN,mixed_missing_spurious,0.0,0.8333333,0.955,2000
tep,4,0,JAC-1NN,mixed_missing_spurious,0.0,1.0,0.93,2000
tep,4,0,JAC-1NN,mixed_missing_spurious,0.05,0.1666667,0.671,2000
tep,4,0,JAC-1NN,mixed_missing_spurious,0.05,0.3333333,0.671,2000
tep,4,0,JAC-1NN,mixed_missing_spurious,0.05,0.5,0.7935,2000
tep,4,0,JAC-1NN,mixed_missing_spurious,0.05,0.6666667,0.899,2000
tep,4,0,JAC-1NN,mixed_missing_spurious,0.05,0.8333333,0.928,2000
tep,4,0,JAC-1NN,mixed_missing_spurious,0.05,1.0,0.9245,2000
tep,4,0,JAC-1NN,mixed_missing_spurious,0.1,0.1666667,0.6685,2000
tep,4,0,JAC-1NN,mixed_missing_spurious,0.1,0.3333333,0.6685,2000
tep,4,0,JAC-1NN,mixed_missing_spurious,0.1,0.5,0.7825,2000
tep,4,0,JAC-1NN,mixed_missing_spurious,0.1,0.6666667,0.868,2000
tep,4,0,JAC-1NN,mixed_missing_spurious,0.1,0.8333333,0.8985,2000
tep,4,0,JAC-1NN,mixed_missing_spurious,0.1,1.0,0.9035,2000
tep,4,0,JAC-1NN,mixed_missing_spurious,0.15,0.1666667,0.652,2000
tep,4,0,JAC-1NN,mixed_missing_spurious,0.15,0.3333333,0.652,2000
tep,4,0,JAC-1NN,mixed_missing_spurious,0.15,0.5,0.7715,2000
tep,4,0,JAC-1NN,mixed_missing_spurious,0.15,0.6666667,0.8465,2000
tep,4,0,JAC-1NN,mixed_missing_spurious,0.15,0.8333333,0.87,2000
tep,4,0,JAC-1NN,mixed_missing_spurious,0.15,1.0,0.8995,2000
tep,4,0,JAC-1NN,mixed_missing_spurious,0.2,0.1666667,0.633,2000
tep,4,0,JAC-1NN,mixed_missing_spurious,0.2,0.3333333,0.633,2000
tep,4,0,JAC-1NN,mixed_missing_spurious,0.2,0.5,0.751,2000
tep,4,0,JAC-1NN,mixed_missing_spurious,0.2,0.6666667,0.8195,2000
tep,4,0,JAC-1NN,mixed_missing_spurious,0.2,0.8333333,0.844,2000
tep,4,0,JAC-1NN,mixed_missing_spurious,0.2,1.0,0.8785,2000
tep,4,0,JAC-1NN,mixed_missing_spurious,0.25,0.1666667,0.6135,2000
tep,4,0,JAC-1NN,mixed_missing_spurious,0.25,0.3333333,0.6135,2000
tep,4,0,JAC-1NN,mixed_missing_spurious,0.25,0.5,0.713,2000
tep,4,0,JAC-1NN,mixed_missing_spurious,0.25,0.6666667,0.798,2000
tep,4,0,JAC-1NN,mixed_missing_spurious,0.25,0.8333333,0.8195,2000
tep,4,0,JAC-1NN,mixed_missing_spurious,0.25,1.0,0.8535,2000
tep,4,0,JAC-1NN,mixed_missing_spurious,0.3,0.1666667,0.614,2000
tep,4,0,JAC-1NN,mixed_missing_spurious,0.3,0.3333333,0.614,2000
tep,4,0,JAC-1NN,mixed_missing_spurious,0.3,0.5,0.7135,2000
tep,4,0,JAC-1NN,mixed_missing_spurious,0.3,0.6666667,0.7715,2000
tep,4,0,JAC-1NN,mixed_missing_spurious,0.3,0.8333333,0.799,2000
tep,4,0,JAC-1NN,mixed_missing_spurious,0.3,1.0,0.844,2000
tep,4,0,JAC-1NN,mixed_missing_spurious,0.4,0.1666667,0.566,2000
tep,4,0,JAC-1NN,mixed_missing_spurious,0.4,0.3333333,0.566,2000
tep,4,0,JAC-1NN,mixed_missing_spurious,0.4,0.5,0.678,2000
tep,4,0,JAC-1NN,mixed_missing_spurious,0.4,0.6666667,0.733,2000
tep,4,0,JAC-1NN,mixed_missing_spurious,0.4,0.8333333,0.759,2000
tep,4,0,JAC-1NN,mixed_missing_spurious,0.4,1.0,0.8095,2000
tep,4,0,JAC-1NN,mixed_missing_spurious,0.5,0.1666667,0.5445,2000
tep,4,0,JAC-1NN,mixed_missing_spurious,0.5,0.3333333,0.5445,2000
tep,4,0,JAC-1NN,mixed_missing_spurious,0.5,0.5,0.649,2000
tep,4,0,JAC-1NN,mixed_missing_spurious,0.5,0.6666667,0.7195,2000
tep,4,0,JAC-1NN,mixed_missing_spurious,0.5,0.8333333,0.733,2000
tep,4,0,JAC-1NN,mixed_missing_spurious,0.5,1.0,0.7585,2000
tep,4,0,JAC-1NN,mixed_missing_spurious,0.6,0.1666667,0.4905,2000
tep,4,0,JAC-1NN,mixed_missing_spurious,0.6,0.3333333,0.4905,2000
tep,4,0,JAC-1NN,mixed_missing_spurious,0.6,0.5,0.582,2000
tep,4,0,JAC-1NN,mixed_missing_spurious,0.6,0.6666667,0.661,2000
tep,4,0,JAC-1NN,mixed_missing_spurious,0.6,0.8333333,0.6935,2000
tep,4,0,JAC-1NN,mixed_missing_spurious,0.6,1.0,0.732,2000
tep,4,0,JAC-1NN,mixed_missing_spurious,0.7,0.1666667,0.4505,2000
tep,4,0,JAC-1NN,mixed_missing_spurious,0.7,0.3333333,0.4505,2000
tep,4,0,JAC-1NN,mixed_missing_spurious,0.7,0.5,0.5455,2000
tep,4,0,JAC-1NN,mixed_missing_spurious,0.7,0.6666667,0.63,2000
tep,4,0,JAC-1NN,mixed_missing_spurious,0.7,0.8333333,0.6705,2000
tep,4,0,JAC-1NN,mixed_missing_spurious,0.7,1.0,0.723,2000
tep,4,0,JAC-1NN,mixed_missing_spurious,0.8,0.1666667,0.3835,2000
tep,4,0,JAC-1NN,mixed_missing_spurious,0.8,0.3333333,0.3835,2000
tep,4,0,JAC-1NN,mixed_missing_spurious,0.8,0.5,0.4525,2000
tep,4,0,JAC-1NN,mixed_missing_spurious,0.8,0.6666667,0.548,2000
tep,4,0,JAC-1NN,mixed_missing_spurious,0.8,0.8333333,0.624,2000
tep,4,0,JAC-1NN,mixed_missing_spurious,0.8,1.0,0.712,2000
tep,4,0,JAC-1NN,mixed_missing_spurious,0.9,0.1666667,0.327,2000
tep,4,0,JAC-1NN,mixed_missing_spurious,0.9,0.3333333,0.327,2000
tep,4,0,JAC-1NN,mixed_missing_spurious,0.9,0.5,0.372,2000
tep,4,0,JAC-1NN,mixed_missing_spurious,0.9,0.6666667,0.433,2000
tep,4,0,JAC-1NN,mixed_missing_spurious,0.9,0.8333333,0.5035,2000
tep,4,0,JAC-1NN,mixed_missing_spurious,0.9,1.0,0.601,2000
tep,4,0,JAC-1NN,mixed_spurious_timing_late,0.0,0.1666667,0.685,2000
tep,4,0,JAC-1NN,mixed_spurious_timing_late,0.0,0.3333333,0.685,2000
tep,4,0,JAC-1NN,mixed_spurious_timing_late,0.0,0.5,0.815,2000
tep,4,0,JAC-1NN,mixed_spurious_timing_late,0.0,0.6666667,0.92,2000
tep,4,0,JAC-1NN,mixed_spurious_timing_late,0.0,0.8333333,0.955,2000
tep,4,0,JAC-1NN,mixed_spurious_timing_late,0.0,1.0,0.93,2000
tep,4,0,JAC-1NN,mixed_spurious_timing_late,0.05,0.1666667,0.5575,2000
tep,4,0,JAC-1NN,mixed_spurious_timing_late,0.05,0.3333333,0.5575,2000
tep,4,0,JAC-1NN,mixed_spurious_timing_late,0.05,0.5,0.734,2000
tep,4,0,JAC-1NN,mixed_spurious_timing_late,0.05,0.6666667,0.807,2000
tep,4,0,JAC-1NN,mixed_spurious_timing_late,0.05,0.8333333,0.8285,2000
tep,4,0,JAC-1NN,mixed_spurious_timing_late,0.05,1.0,0.8545,2000
tep,4,0,JAC-1NN,mixed_spurious_timing_late,0.1,0.1666667,0.543,2000
tep,4,0,JAC-1NN,mixed_spurious_timing_late,0.1,0.3333333,0.543,2000
tep,4,0,JAC-1NN,mixed_spurious_timing_late,0.1,0.5,0.739,2000
tep,4,0,JAC-1NN,mixed_spurious_timing_late,0.1,0.6666667,0.789,2000
tep,4,0,JAC-1NN,mixed_spurious_timing_late,0.1,0.8333333,0.817,2000
tep,4,0,JAC-1NN,mixed_spurious_timing_late,0.1,1.0,0.8435,2000
tep,4,0,JAC-1NN,mixed_spurious_timing_late,0.15,0.1666667,0.527,2000
tep,4,0,JAC-1NN,mixed_spurious_timing_late,0.15,0.3333333,0.527,2000
tep,4,0,JAC-1NN,mixed_spurious_timing_late,0.15,0.5,0.6965,2000
tep,4,0,JAC-1NN,mixed_spurious_timing_late,0.15,0.6666667,0.7575,2000
tep,4,0,JAC-1NN,mixed_spurious_timing_late,0.15,0.8333333,0.814,2000
tep,4,0,JAC-1NN,mixed_spurious_timing_late,0.15,1.0,0.8455,2000
tep,4,0,JAC-1NN,mixed_spurious_timing_late,0.2,0.1666667,0.526,2000
tep,4,0,JAC-1NN,mixed_spurious_timing_late,0.2,0.3333333,0.526,2000
tep,4,0,JAC-1NN,mixed_spurious_timing_late,0.2,0.5,0.6695,2000
tep,4,0,JAC-1NN,mixed_spurious_timing_late,0.2,0.6666667,0.772,2000
tep,4,0,JAC-1NN,mixed_spurious_timing_late,0.2,0.8333333,0.772,2000
tep,4,0,JAC-1NN,mixed_spurious_timing_late,0.2,1.0,0.8285,2000
tep,4,0,JAC-1NN,mixed_spurious_timing_late,0.25,0.1666667,0.5545,2000
tep,4,0,JAC-1NN,mixed_spurious_timing_late,0.25,0.3333333,0.5545,2000
tep,4,0,JAC-1NN,mixed_spurious_timing_late,0.25,0.5,0.711,2000
tep,4,0,JAC-1NN,mixed_spurious_timing_late,0.25,0.6666667,0.711,2000
tep,4,0,JAC-1NN,mixed_spurious_timing_late,0.25,0.8333333,0.7665,2000
tep,4,0,JAC-1NN,mixed_spurious_timing_late,0.25,1.0,0.83,2000
tep,4,0,JAC-1NN,mixed_spurious_timing_late,0.3,0.1666667,0.538,2000
tep,4,0,JAC-1NN,mixed_spurious_timing_late,0.3,0.3333333,0.538,2000
tep,4,0,JAC-1NN,mixed_spurious_timing_late,0.3,0.5,0.7195,2000
tep,4,0,JAC-1NN,mixed_spurious_timing_late,0.3,0.6666667,0.7195,2000
tep,4,0,JAC-1NN,mixed_spurious_timing_late,0.3,0.8333333,0.774,2000
tep,4,0,JAC-1NN,mixed_spurious_timing_late,0.3,1.0,0.8095,2000
tep,4,0,JAC-1NN,mixed_spurious_timing_late,0.4,0.1666667,0.557,2000
tep,4,0,JAC-1NN,mixed_spurious_timing_late,0.4,0.3333333,0.557,2000
tep,4,0,JAC-1NN,mixed_spurious_timing_late,0.4,0.5,0.557,2000
tep,4,0,JAC-1NN,mixed_spurious_timing_late,0.4,0.6666667,0.699,2000
tep,4,0,JAC-1NN,mixed_spurious_timing_late,0.4,0.8333333,0.699,2000
tep,4,0,JAC-1NN,mixed_spurious_timing_late,0.4,1.0,0.7475,2000
tep,4,0,JAC-1NN,mixed_spurious_timing_late,0.5,0.1666667,0.5705,2000
tep,4,0,JAC-1NN,mixed_spurious_timing_late,0.5,0.3333333,0.5705,2000
tep,4,0,JAC-1NN,mixed_spurious_timing_late,0.5,0.5,0.5705,2000
tep,4,0,JAC-1NN,mixed_spurious_timing_late,0.5,0.6666667,0.5705,2000
tep,4,0,JAC-1NN,mixed_spurious_timing_late,0.5,0.8333333,0.6745,2000
tep,4,0,JAC-1NN,mixed_spurious_timing_late,0.5,1.0,0.7115,2000
tep,4,0,JAC-1NN,mixed_spurious_timing_late,0.6,0.1666667,0.5625,2000
tep,4,0,JAC-1NN,mixed_spurious_timing_late,0.6,0.3333333,0.5625,2000
tep,4,0,JAC-1NN,mixed_spurious_timing_late,0.6,0.5,0.5625,2000
tep,4,0,JAC-1NN,mixed_spurious_timing_late,0.6,0.6666667,0.5625,2000
tep,4,0,JAC-1NN,mixed_spurious_timing_late,0.6,0.8333333,0.5625,2000
tep,4,0,JAC-1NN,mixed_spurious_timing_late,0.6,1.0,0.632,2000
tep,4,0,JAC-1NN,mixed_spurious_timing_late,0.7,0.1666667,0.483,2000
tep,4,0,JAC-1NN,mixed_spurious_timing_late,0.7,0.3333333,0.483,2000
tep,4,0,JAC-1NN,mixed_spurious_timing_late,0.7,0.5,0.483,2000
tep,4,0,JAC-1NN,mixed_spurious_timing_late,0.7,0.6666667,0.483,2000
tep,4,0,JAC-1NN,mixed_spurious_timing_late,0.7,0.8333333,0.483,2000
tep,4,0,JAC-1NN,mixed_spurious_timing_late,0.7,1.0,0.5545,2000
tep,4,0,JAC-1NN,mixed_spurious_timing_late,0.8,0.1666667,0.4745,2000
tep,4,0,JAC-1NN,mixed_spurious_timing_late,0.8,0.3333333,0.4745,2000
tep,4,0,JAC-1NN,mixed_spurious_timing_late,0.8,0.5,0.4745,2000
tep,4,0,JAC-1NN,mixed_spurious_timing_late,0.8,0.6666667,0.4745,2000
tep,4,0,JAC-1NN,mixed_spurious_timing_late,0.8,0.8333333,0.4745,2000
tep,4,0,JAC-1NN,mixed_spurious_timing_late,0.8,1.0,0.5025,2000
tep,4,0,JAC-1NN,mixed_spurious_timing_late,0.9,0.1666667,0.414,2000
tep,4,0,JAC-1NN,mixed_spurious_timing_late,0.9,0.3333333,0.414,2000
tep,4,0,JAC-1NN,mixed_spurious_timing_late,0.9,0.5,0.414,2000
tep,4,0,JAC-1NN,mixed_spurious_timing_late,0.9,0.6666667,0.414,2000
tep,4,0,JAC-1NN,mixed_spurious_timing_late,0.9,0.8333333,0.414,2000
tep,4,0,JAC-1NN,mixed_spurious_timing_late,0.9,1.0,0.414,2000
tep,4,0,JAC-1NN,spurious_events,0.0,0.1666667,0.685,2000
tep,4,0,JAC-1NN,spurious_events,0.0,0.3333333,0.685,2000
tep,4,0,JAC-1NN,spurious_events,0.0,0.5,0.815,2000
tep,4,0,JAC-1NN,spurious_events,0.0,0.6666667,0.92,2000
tep,4,0,JAC-1NN,spurious_events,0.0,0.8333333,0.955,2000
tep,4,0,JAC-1NN,spurious_events,0.0,1.0,0.93,2000
tep,4,0,JAC-1NN,spurious_events,0.05,0.1666667,0.684,2000
tep,4,0,JAC-1NN,spurious_events,0.05,0.3333333,0.684,2000
tep,4,0,JAC-1NN,spurious_events,0.05,0.5,0.805,2000
tep,4,0,JAC-1NN,spurious_events,0.05,0.6666667,0.9015,2000
tep,4,0,JAC-1NN,spurious_events,0.05,0.8333333,0.9315,2000
tep,4,0,JAC-1NN,spurious_events,0.05,1.0,0.916,2000
tep,4,0,JAC-1NN,spurious_events,0.1,0.1666667,0.679,2000
tep,4,0,JAC-1NN,spurious_events,0.1,0.3333333,0.679,2000
tep,4,0,JAC-1NN,spurious_events,0.1,0.5,0.793,2000
tep,4,0,JAC-1NN,spurious_events,0.1,0.6666667,0.8805,2000
tep,4,0,JAC-1NN,spurious_events,0.1,0.8333333,0.897,2000
tep,4,0,JAC-1NN,spurious_events,0.1,1.0,0.9085,2000
tep,4,0,JAC-1NN,spurious_events,0.15,0.1666667,0.651,2000
tep,4,0,JAC-1NN,spurious_events,0.15,0.3333333,0.651,2000
tep,4,0,JAC-1NN,spurious_events,0.15,0.5,0.7645,2000
tep,4,0,JAC-1NN,spurious_events,0.15,0.6666667,0.841,2000
tep,4,0,JAC-1NN,spurious_events,0.15,0.8333333,0.8555,2000
tep,4,0,JAC-1NN,spurious_events,0.15,1.0,0.898,2000
tep,4,0,JAC-1NN,spurious_events,0.2,0.1666667,0.6555,2000
tep,4,0,JAC-1NN,spurious_events,0.2,0.3333333,0.6555,2000
tep,4,0,JAC-1NN,spurious_events,0.2,0.5,0.761,2000
tep,4,0,JAC-1NN,spurious_events,0.2,0.6666667,0.81,2000
tep,4,0,JAC-1NN,spurious_events,0.2,0.8333333,0.8235,2000
tep,4,0,JAC-1NN,spurious_events,0.2,1.0,0.872,2000
tep,4,0,JAC-1NN,spurious_events,0.25,0.1666667,0.647,2000
tep,4,0,JAC-1NN,spurious_events,0.25,0.3333333,0.647,2000
tep,4,0,JAC-1NN,spurious_events,0.25,0.5,0.741,2000
tep,4,0,JAC-1NN,spurious_events,0.25,0.6666667,0.771,2000
tep,4,0,JAC-1NN,spurious_events,0.25,0.8333333,0.7795,2000
tep,4,0,JAC-1NN,spurious_events,0.25,1.0,0.8325,2000
tep,4,0,JAC-1NN,spurious_events,0.3,0.1666667,0.6315,2000
tep,4,0,JAC-1NN,spurious_events,0.3,0.3333333,0.6315,2000
tep,4,0,JAC-1NN,spurious_events,0.3,0.5,0.715,2000
tep,4,0,JAC-1NN,spurious_events,0.3,0.6666667,0.735,2000
tep,4,0,JAC-1NN,spurious_events,0.3,0.8333333,0.72,2000
tep,4,0,JAC-1NN,spurious_events,0.3,1.0,0.762,2000
tep,4,0,JAC-1NN,spurious_events,0.4,0.1666667,0.635,2000
tep,4,0,JAC-1NN,spurious_events,0.4,0.3333333,0.635,2000
tep,4,0,JAC-1NN,spurious_events,0.4,0.5,0.682,2000
tep,4,0,JAC-1NN,spurious_events,0.4,0.6666667,0.6865,2000
tep,4,0,JAC-1NN,spurious_events,0.4,0.8333333,0.6535,2000
tep,4,0,JAC-1NN,spurious_events,0.4,1.0,0.6695,2000
tep,4,0,JAC-1NN,spurious_events,0.5,0.1666667,0.606,2000
tep,4,0,JAC-1NN,spurious_events,0.5,0.3333333,0.606,2000
tep,4,0,JAC-1NN,spurious_events,0.5,0.5,0.638,2000
tep,4,0,JAC-1NN,spurious_events,0.5,0.6666667,0.6085,2000
tep,4,0,JAC-1NN,spurious_events,0.5,0.8333333,0.587,2000
tep,4,0,JAC-1NN,spurious_events,0.5,1.0,0.546,2000
tep,4,0,JAC-1NN,spurious_events,0.6,0.1666667,0.576,2000
tep,4,0,JAC-1NN,spurious_events,0.6,0.3333333,0.576,2000
tep,4,0,JAC-1NN,spurious_events,0.6,0.5,0.5915,2000
tep,4,0,JAC-1NN,spurious_events,0.6,0.6666667,0.566,2000
tep,4,0,JAC-1NN,spurious_events,0.6,0.8333333,0.508,2000
tep,4,0,JAC-1NN,spurious_events,0.6,1.0,0.4675,2000
tep,4,0,JAC-1NN,spurious_events,0.7,0.1666667,0.5785,2000
tep,4,0,JAC-1NN,spurious_events,0.7,0.3333333,0.5785,2000
tep,4,0,JAC-1NN,spurious_events,0.7,0.5,0.5655,2000
tep,4,0,JAC-1NN,spurious_events,0.7,0.6666667,0.522,2000
tep,4,0,JAC-1NN,spurious_events,0.7,0.8333333,0.474,2000
tep,4,0,JAC-1NN,spurious_events,0.7,1.0,0.4115,2000
tep,4,0,JAC-1NN,spurious_events,0.8,0.1666667,0.5725,2000
tep,4,0,JAC-1NN,spurious_events,0.8,0.3333333,0.5725,2000
tep,4,0,JAC-1NN,spurious_events,0.8,0.5,0.532,2000
tep,4,0,JAC-1NN,spurious_events,0.8,0.6666667,0.4775,2000
tep,4,0,JAC-1NN,spurious_events,0.8,0.8333333,0.428,2000
tep,4,0,JAC-1NN,spurious_events,0.8,1.0,0.3675,2000
tep,4,0,JAC-1NN,spurious_events,0.9,0.1666667,0.5525,2000
tep,4,0,JAC-1NN,spurious_events,0.9,0.3333333,0.5525,2000
tep,4,0,JAC-1NN,spurious_events,0.9,0.5,0.519,2000
tep,4,0,JAC-1NN,spurious_events,0.9,0.6666667,0.46,2000
tep,4,0,JAC-1NN,spurious_events,0.9,0.8333333,0.4005,2000
tep,4,0,JAC-1NN,spurious_events,0.9,1.0,0.345,2000
tep,4,0,JAC-1NN,timing_uncertainty,0.0,0.1666667,0.685,2000
tep,4,0,JAC-1NN,timing_uncertainty,0.0,0.3333333,0.685,2000
tep,4,0,JAC-1NN,timing_uncertainty,0.0,0.5,0.815,2000
tep,4,0,JAC-1NN,timing_uncertainty,0.0,0.6666667,0.92,2000
tep,4,0,JAC-1NN,timing_uncertainty,0.0,0.8333333,0.955,2000
tep,4,0,JAC-1NN,timing_uncertainty,0.0,1.0,0.93,2000
tep,4,0,JAC-1NN,timing_uncertainty,0.05,0.1666667,0.6865,2000
tep,4,0,JAC-1NN,timing_uncertainty,0.05,0.3333333,0.6865,2000
tep,4,0,JAC-1NN,timing_uncertainty,0.05,0.5,0.8155,2000
tep,4,0,JAC-1NN,timing_uncertainty,0.05,0.6666667,0.9205,2000
tep,4,0,JAC-1NN,timing_uncertainty,0.05,0.8333333,0.952,2000
tep,4,0,JAC-1NN,timing_uncertainty,0.05,1.0,0.93,2000
tep,4,0,JAC-1NN,timing_uncertainty,0.1,0.1666667,0.686,2000
tep,4,0,JAC-1NN,timing_uncertainty,0.1,0.3333333,0.686,2000
tep,4,0,JAC-1NN,timing_uncertainty,0.1,0.5,0.8095,2000
tep,4,0,JAC-1NN,timing_uncertainty,0.1,0.6666667,0.918,2000
tep,4,0,JAC-1NN,timing_uncertainty,0.1,0.8333333,0.9485,2000
tep,4,0,JAC-1NN,timing_uncertainty,0.1,1.0,0.928,2000
tep,4,0,JAC-1NN,timing_uncertainty,0.15,0.1666667,0.6845,2000
tep,4,0,JAC-1NN,timing_uncertainty,0.15,0.3333333,0.6845,2000
tep,4,0,JAC-1NN,timing_uncertainty,0.15,0.5,0.8155,2000
tep,4,0,JAC-1NN,timing_uncertainty,0.15,0.6666667,0.9175,2000
tep,4,0,JAC-1NN,timing_uncertainty,0.15,0.8333333,0.9505,2000
tep,4,0,JAC-1NN,timing_uncertainty,0.15,1.0,0.925,2000
tep,4,0,JAC-1NN,timing_uncertainty,0.2,0.1666667,0.6835,2000
tep,4,0,JAC-1NN,timing_uncertainty,0.2,0.3333333,0.6835,2000
tep,4,0,JAC-1NN,timing_uncertainty,0.2,0.5,0.812,2000
tep,4,0,JAC-1NN,timing_uncertainty,0.2,0.6666667,0.915,2000
tep,4,0,JAC-1NN,timing_uncertainty,0.2,0.8333333,0.9485,2000
tep,4,0,JAC-1NN,timing_uncertainty,0.2,1.0,0.9275,2000
tep,4,0,JAC-1NN,timing_uncertainty,0.25,0.1666667,0.679,2000
tep,4,0,JAC-1NN,timing_uncertainty,0.25,0.3333333,0.679,2000
tep,4,0,JAC-1NN,timing_uncertainty,0.25,0.5,0.8155,2000
tep,4,0,JAC-1NN,timing_uncertainty,0.25,0.6666667,0.919,2000
tep,4,0,JAC-1NN,timing_uncertainty,0.25,0.8333333,0.9525,2000
tep,4,0,JAC-1NN,timing_uncertainty,0.25,1.0,0.931,2000
tep,4,0,JAC-1NN,timing_uncertainty,0.3,0.1666667,0.69,2000
tep,4,0,JAC-1NN,timing_uncertainty,0.3,0.3333333,0.69,2000
tep,4,0,JAC-1NN,timing_uncertainty,0.3,0.5,0.819,2000
tep,4,0,JAC-1NN,timing_uncertainty,0.3,0.6666667,0.917,2000
tep,4,0,JAC-1NN,timing_uncertainty,0.3,0.8333333,0.9515,2000
tep,4,0,JAC-1NN,timing_uncertainty,0.3,1.0,0.925,2000
tep,4,0,JAC-1NN,timing_uncertainty,0.4,0.1666667,0.682,2000
tep,4,0,JAC-1NN,timing_uncertainty,0.4,0.3333333,0.682,2000
tep,4,0,JAC-1NN,timing_uncertainty,0.4,0.5,0.8255,2000
tep,4,0,JAC-1NN,timing_uncertainty,0.4,0.6666667,0.9125,2000
tep,4,0,JAC-1NN,timing_uncertainty,0.4,0.8333333,0.9445,2000
tep,4,0,JAC-1NN,timing_uncertainty,0.4,1.0,0.925,2000
tep,4,0,JAC-1NN,timing_uncertainty,0.5,0.1666667,0.6945,2000
tep,4,0,JAC-1NN,timing_uncertainty,0.5,0.3333333,0.6945,2000
tep,4,0,JAC-1NN,timing_uncertainty,0.5,0.5,0.8355,2000
tep,4,0,JAC-1NN,timing_uncertainty,0.5,0.6666667,0.917,2000
tep,4,0,JAC-1NN,timing_uncertainty,0.5,0.8333333,0.9475,2000
tep,4,0,JAC-1NN,timing_uncertainty,0.5,1.0,0.9315,2000
tep,4,0,JAC-1NN,timing_uncertainty,0.6,0.1666667,0.697,2000
tep,4,0,JAC-1NN,timing_uncertainty,0.6,0.3333333,0.697,2000
tep,4,0,JAC-1NN,timing_uncertainty,0.6,0.5,0.836,2000
tep,4,0,JAC-1NN,timing_uncertainty,0.6,0.6666667,0.921,2000
tep,4,0,JAC-1NN,timing_uncertainty,0.6,0.8333333,0.951,2000
tep,4,0,JAC-1NN,timing_uncertainty,0.6,1.0,0.9285,2000
tep,4,0,JAC-1NN,timing_uncertainty,0.7,0.1666667,0.691,2000
tep,4,0,JAC-1NN,timing_uncertainty,0.7,0.3333333,0.691,2000
tep,4,0,JAC-1NN,timing_uncertainty,0.7,0.5,0.8445,2000
tep,4,0,JAC-1NN,timing_uncertainty,0.7,0.6666667,0.9245,2000
tep,4,0,JAC-1NN,timing_uncertainty,0.7,0.8333333,0.9505,2000
tep,4,0,JAC-1NN,timing_uncertainty,0.7,1.0,0.9275,2000
tep,4,0,JAC-1NN,timing_uncertainty,0.8,0.1666667,0.6845,2000
tep,4,0,JAC-1NN,timing_uncertainty,0.8,0.3333333,0.6845,2000
tep,4,0,JAC-1NN,timing_uncertainty,0.8,0.5,0.857,2000
tep,4,0,JAC-1NN,timing_uncertainty,0.8,0.6666667,0.927,2000
tep,4,0,JAC-1NN,timing_uncertainty,0.8,0.8333333,0.9485,2000
tep,4,0,JAC-1NN,timing_uncertainty,0.8,1.0,0.9245,2000
tep,4,0,JAC-1NN,timing_uncertainty,0.9,0.1666667,0.674,2000
tep,4,0,JAC-1NN,timing_uncertainty,0.9,0.3333333,0.674,2000
tep,4,0,JAC-1NN,timing_uncertainty,0.9,0.5,0.8575,2000
tep,4,0,JAC-1NN,timing_uncertainty,0.9,0.6666667,0.922,2000
tep,4,0,JAC-1NN,timing_uncertainty,0.9,0.8333333,0.9495,2000
tep,4,0,JAC-1NN,timing_uncertainty,0.9,1.0,0.926,2000
tep,4,0,MBW-LR,late_time_delay,0.0,0.1666667,0.785,2000
tep,4,0,MBW-LR,late_time_delay,0.0,0.3333333,0.785,2000
tep,4,0,MBW-LR,late_time_delay,0.0,0.5,0.905,2000
tep,4,0,MBW-LR,late_time_delay,0.0,0.6666667,0.93,2000
tep,4,0,MBW-LR,late_time_delay,0.0,0.8333333,0.97,2000
tep,4,0,MBW-LR,late_time_delay,0.0,1.0,0.99,2000
tep,4,0,MBW-LR,late_time_delay,0.05,0.1666667,0.655,2000
tep,4,0,MBW-LR,late_time_delay,0.05,0.3333333,0.655,2000
tep,4,0,MBW-LR,late_time_delay,0.05,0.5,0.83,2000
tep,4,0,MBW-LR,late_time_delay,0.05,0.6666667,0.93,2000
tep,4,0,MBW-LR,late_time_delay,0.05,0.8333333,0.96,2000
tep,4,0,MBW-LR,late_time_delay,0.05,1.0,0.97,2000
tep,4,0,MBW-LR,late_time_delay,0.1,0.1666667,0.73,2000
tep,4,0,MBW-LR,late_time_delay,0.1,0.3333333,0.73,2000
tep,4,0,MBW-LR,late_time_delay,0.1,0.5,0.87,2000
tep,4,0,MBW-LR,late_time_delay,0.1,0.6666667,0.955,2000
tep,4,0,MBW-LR,late_time_delay,0.1,0.8333333,0.975,2000
tep,4,0,MBW-LR,late_time_delay,0.1,1.0,0.985,2000
tep,4,0,MBW-LR,late_time_delay,0.15,0.1666667,0.6,2000
tep,4,0,MBW-LR,late_time_delay,0.15,0.3333333,0.6,2000
tep,4,0,MBW-LR,late_time_delay,0.15,0.5,0.81,2000
tep,4,0,MBW-LR,late_time_delay,0.15,0.6666667,0.97,2000
tep,4,0,MBW-LR,late_time_delay,0.15,0.8333333,0.985,2000
tep,4,0,MBW-LR,late_time_delay,0.15,1.0,0.98,2000
tep,4,0,MBW-LR,late_time_delay,0.2,0.1666667,0.57,2000
tep,4,0,MBW-LR,late_time_delay,0.2,0.3333333,0.57,2000
tep,4,0,MBW-LR,late_time_delay,0.2,0.5,0.8,2000
tep,4,0,MBW-LR,late_time_delay,0.2,0.6666667,0.955,2000
tep,4,0,MBW-LR,late_time_delay,0.2,0.8333333,0.955,2000
tep,4,0,MBW-LR,late_time_delay,0.2,1.0,0.99,2000
tep,4,0,MBW-LR,late_time_delay,0.25,0.1666667,0.615,2000
tep,4,0,MBW-LR,late_time_delay,0.25,0.3333333,0.615,2000
tep,4,0,MBW-LR,late_time_delay,0.25,0.5,0.855,2000
tep,4,0,MBW-LR,late_time_delay,0.25,0.6666667,0.855,2000
tep,4,0,MBW-LR,late_time_delay,0.25,0.8333333,0.96,2000
tep,4,0,MBW-LR,late_time_delay,0.25,1.0,0.975,2000
tep,4,0,MBW-LR,late_time_delay,0.3,0.1666667,0.74,2000
tep,4,0,MBW-LR,late_time_delay,0.3,0.3333333,0.74,2000
tep,4,0,MBW-LR,late_time_delay,0.3,0.5,0.925,2000
tep,4,0,MBW-LR,late_time_delay,0.3,0.6666667,0.925,2000
tep,4,0,MBW-LR,late_time_delay,0.3,0.8333333,0.96,2000
tep,4,0,MBW-LR,late_time_delay,0.3,1.0,0.975,2000
tep,4,0,MBW-LR,late_time_delay,0.4,0.1666667,0.735,2000
tep,4,0,MBW-LR,late_time_delay,0.4,0.3333333,0.735,2000
tep,4,0,MBW-LR,late_time_delay,0.4,0.5,0.735,2000
tep,4,0,MBW-LR,late_time_delay,0.4,0.6666667,0.92,2000
tep,4,0,MBW-LR,late_time_delay,0.4,0.8333333,0.92,2000
tep,4,0,MBW-LR,late_time_delay,0.4,1.0,0.975,2000
tep,4,0,MBW-LR,late_time_delay,0.5,0.1666667,0.78,2000
tep,4,0,MBW-LR,late_time_delay,0.5,0.3333333,0.78,2000
tep,4,0,MBW-LR,late_time_delay,0.5,0.5,0.78,2000
tep,4,0,MBW-LR,late_time_delay,0.5,0.6666667,0.78,2000
tep,4,0,MBW-LR,late_time_delay,0.5,0.8333333,0.88,2000
tep,4,0,MBW-LR,late_time_delay,0.5,1.0,0.915,2000
tep,4,0,MBW-LR,late_time_delay,0.6,0.1666667,0.73,2000
tep,4,0,MBW-LR,late_time_delay,0.6,0.3333333,0.73,2000
tep,4,0,MBW-LR,late_time_delay,0.6,0.5,0.73,2000
tep,4,0,MBW-LR,late_time_delay,0.6,0.6666667,0.73,2000
tep,4,0,MBW-LR,late_time_delay,0.6,0.8333333,0.73,2000
tep,4,0,MBW-LR,late_time_delay,0.6,1.0,0.84,2000
tep,4,0,MBW-LR,late_time_delay,0.7,0.1666667,0.59,2000
tep,4,0,MBW-LR,late_time_delay,0.7,0.3333333,0.59,2000
tep,4,0,MBW-LR,late_time_delay,0.7,0.5,0.59,2000
tep,4,0,MBW-LR,late_time_delay,0.7,0.6666667,0.59,2000
tep,4,0,MBW-LR,late_time_delay,0.7,0.8333333,0.59,2000
tep,4,0,MBW-LR,late_time_delay,0.7,1.0,0.705,2000
tep,4,0,MBW-LR,late_time_delay,0.8,0.1666667,0.585,2000
tep,4,0,MBW-LR,late_time_delay,0.8,0.3333333,0.585,2000
tep,4,0,MBW-LR,late_time_delay,0.8,0.5,0.585,2000
tep,4,0,MBW-LR,late_time_delay,0.8,0.6666667,0.585,2000
tep,4,0,MBW-LR,late_time_delay,0.8,0.8333333,0.585,2000
tep,4,0,MBW-LR,late_time_delay,0.8,1.0,0.62,2000
tep,4,0,MBW-LR,late_time_delay,0.9,0.1666667,0.5,2000
tep,4,0,MBW-LR,late_time_delay,0.9,0.3333333,0.5,2000
tep,4,0,MBW-LR,late_time_delay,0.9,0.5,0.5,2000
tep,4,0,MBW-LR,late_time_delay,0.9,0.6666667,0.5,2000
tep,4,0,MBW-LR,late_time_delay,0.9,0.8333333,0.5,2000
tep,4,0,MBW-LR,late_time_delay,0.9,1.0,0.5,2000
tep,4,0,MBW-LR,missing_events,0.0,0.1666667,0.785,2000
tep,4,0,MBW-LR,missing_events,0.0,0.3333333,0.785,2000
tep,4,0,MBW-LR,missing_events,0.0,0.5,0.905,2000
tep,4,0,MBW-LR,missing_events,0.0,0.6666667,0.93,2000
tep,4,0,MBW-LR,missing_events,0.0,0.8333333,0.97,2000
tep,4,0,MBW-LR,missing_events,0.0,1.0,0.99,2000
tep,4,0,MBW-LR,missing_events,0.05,0.1666667,0.7725,2000
tep,4,0,MBW-LR,missing_events,0.05,0.3333333,0.7725,2000
tep,4,0,MBW-LR,missing_events,0.05,0.5,0.885,2000
tep,4,0,MBW-LR,missing_events,0.05,0.6666667,0.927,2000
tep,4,0,MBW-LR,missing_events,0.05,0.8333333,0.968,2000
tep,4,0,MBW-LR,missing_events,0.05,1.0,0.982,2000
tep,4,0,MBW-LR,missing_events,0.1,0.1666667,0.763,2000
tep,4,0,MBW-LR,missing_events,0.1,0.3333333,0.763,2000
tep,4,0,MBW-LR,missing_events,0.1,0.5,0.8715,2000
tep,4,0,MBW-LR,missing_events,0.1,0.6666667,0.9175,2000
tep,4,0,MBW-LR,missing_events,0.1,0.8333333,0.959,2000
tep,4,0,MBW-LR,missing_events,0.1,1.0,0.9805,2000
tep,4,0,MBW-LR,missing_events,0.15,0.1666667,0.7555,2000
tep,4,0,MBW-LR,missing_events,0.15,0.3333333,0.7555,2000
tep,4,0,MBW-LR,missing_events,0.15,0.5,0.859,2000
tep,4,0,MBW-LR,missing_events,0.15,0.6666667,0.907,2000
tep,4,0,MBW-LR,missing_events,0.15,0.8333333,0.9455,2000
tep,4,0,MBW-LR,missing_events,0.15,1.0,0.968,2000
tep,4,0,MBW-LR,missing_events,0.2,0.1666667,0.739,2000
tep,4,0,MBW-LR,missing_events,0.2,0.3333333,0.739,2000
tep,4,0,MBW-LR,missing_events,0.2,0.5,0.853,2000
tep,4,0,MBW-LR,missing_events,0.2,0.6666667,0.914,2000
tep,4,0,MBW-LR,missing_events,0.2,0.8333333,0.945,2000
tep,4,0,MBW-LR,missing_events,0.2,1.0,0.9595,2000
tep,4,0,MBW-LR,missing_events,0.25,0.1666667,0.7125,2000
tep,4,0,MBW-LR,missing_events,0.25,0.3333333,0.7125,2000
tep,4,0,MBW-LR,missing_events,0.25,0.5,0.826,2000
tep,4,0,MBW-LR,missing_events,0.25,0.6666667,0.8865,2000
tep,4,0,MBW-LR,missing_events,0.25,0.8333333,0.9305,2000
tep,4,0,MBW-LR,missing_events,0.25,1.0,0.957,2000
tep,4,0,MBW-LR,missing_events,0.3,0.1666667,0.6895,2000
tep,4,0,MBW-LR,missing_events,0.3,0.3333333,0.6895,2000
tep,4,0,MBW-LR,missing_events,0.3,0.5,0.825,2000
tep,4,0,MBW-LR,missing_events,0.3,0.6666667,0.894,2000
tep,4,0,MBW-LR,missing_events,0.3,0.8333333,0.925,2000
tep,4,0,MBW-LR,missing_events,0.3,1.0,0.9435,2000
tep,4,0,MBW-LR,missing_events,0.4,0.1666667,0.664,2000
tep,4,0,MBW-LR,missing_events,0.4,0.3333333,0.664,2000
tep,4,0,MBW-LR,missing_events,0.4,0.5,0.781,2000
tep,4,0,MBW-LR,missing_events,0.4,0.6666667,0.8765,2000
tep,4,0,MBW-LR,missing_events,0.4,0.8333333,0.907,2000
tep,4,0,MBW-LR,missing_events,0.4,1.0,0.93,2000
tep,4,0,MBW-LR,missing_events,0.5,0.1666667,0.6285,2000
tep,4,0,MBW-LR,missing_events,0.5,0.3333333,0.6285,2000
tep,4,0,MBW-LR,missing_events,0.5,0.5,0.737,2000
tep,4,0,MBW-LR,missing_events,0.5,0.6666667,0.852,2000
tep,4,0,MBW-LR,missing_events,0.5,0.8333333,0.897,2000
tep,4,0,MBW-LR,missing_events,0.5,1.0,0.9075,2000
tep,4,0,MBW-LR,missing_events,0.6,0.1666667,0.5785,2000
tep,4,0,MBW-LR,missing_events,0.6,0.3333333,0.5785,2000
tep,4,0,MBW-LR,missing_events,0.6,0.5,0.702,2000
tep,4,0,MBW-LR,missing_events,0.6,0.6666667,0.8035,2000
tep,4,0,MBW-LR,missing_events,0.6,0.8333333,0.859,2000
tep,4,0,MBW-LR,missing_events,0.6,1.0,0.8795,2000
tep,4,0,MBW-LR,missing_events,0.7,0.1666667,0.545,2000
tep,4,0,MBW-LR,missing_events,0.7,0.3333333,0.545,2000
tep,4,0,MBW-LR,missing_events,0.7,0.5,0.6825,2000
tep,4,0,MBW-LR,missing_events,0.7,0.6666667,0.7865,2000
tep,4,0,MBW-LR,missing_events,0.7,0.8333333,0.8325,2000
tep,4,0,MBW-LR,missing_events,0.7,1.0,0.8405,2000
tep,4,0,MBW-LR,missing_events,0.8,0.1666667,0.471,2000
tep,4,0,MBW-LR,missing_events,0.8,0.3333333,0.471,2000
tep,4,0,MBW-LR,missing_events,0.8,0.5,0.589,2000
tep,4,0,MBW-LR,missing_events,0.8,0.6666667,0.7075,2000
tep,4,0,MBW-LR,missing_events,0.8,0.8333333,0.786,2000
tep,4,0,MBW-LR,missing_events,0.8,1.0,0.793,2000
tep,4,0,MBW-LR,missing_events,0.9,0.1666667,0.362,2000
tep,4,0,MBW-LR,missing_events,0.9,0.3333333,0.362,2000
tep,4,0,MBW-LR,missing_events,0.9,0.5,0.4735,2000
tep,4,0,MBW-LR,missing_events,0.9,0.6666667,0.571,2000
tep,4,0,MBW-LR,missing_events,0.9,0.8333333,0.6545,2000
tep,4,0,MBW-LR,missing_events,0.9,1.0,0.6895,2000
tep,4,0,MBW-LR,mixed_missing_spurious,0.0,0.1666667,0.785,2000
tep,4,0,MBW-LR,mixed_missing_spurious,0.0,0.3333333,0.785,2000
tep,4,0,MBW-LR,mixed_missing_spurious,0.0,0.5,0.905,2000
tep,4,0,MBW-LR,mixed_missing_spurious,0.0,0.6666667,0.93,2000
tep,4,0,MBW-LR,mixed_missing_spurious,0.0,0.8333333,0.97,2000
tep,4,0,MBW-LR,mixed_missing_spurious,0.0,1.0,0.99,2000
tep,4,0,MBW-LR,mixed_missing_spurious,0.05,0.1666667,0.744,2000
tep,4,0,MBW-LR,mixed_missing_spurious,0.05,0.3333333,0.744,2000
tep,4,0,MBW-LR,mixed_missing_spurious,0.05,0.5,0.8355,2000
tep,4,0,MBW-LR,mixed_missing_spurious,0.05,0.6666667,0.8765,2000
tep,4,0,MBW-LR,mixed_missing_spurious,0.05,0.8333333,0.9205,2000
tep,4,0,MBW-LR,mixed_missing_spurious,0.05,1.0,0.9635,2000
tep,4,0,MBW-LR,mixed_missing_spurious,0.1,0.1666667,0.6915,2000
tep,4,0,MBW-LR,mixed_missing_spurious,0.1,0.3333333,0.6915,2000
tep,4,0,MBW-LR,mixed_missing_spurious,0.1,0.5,0.775,2000
tep,4,0,MBW-LR,mixed_missing_spurious,0.1,0.6666667,0.8365,2000
tep,4,0,MBW-LR,mixed_missing_spurious,0.1,0.8333333,0.876,2000
tep,4,0,MBW-LR,mixed_missing_spurious,0.1,1.0,0.922,2000
tep,4,0,MBW-LR,mixed_missing_spurious,0.15,0.1666667,0.6525,2000
tep,4,0,MBW-LR,mixed_missing_spurious,0.15,0.3333333,0.6525,2000
tep,4,0,MBW-LR,mixed_missing_spurious,0.15,0.5,0.727,2000
tep,4,0,MBW-LR,mixed_missing_spurious,0.15,0.6666667,0.8025,2000
tep,4,0,MBW-LR,mixed_missing_spurious,0.15,0.8333333,0.8355,2000
tep,4,0,MBW-LR,mixed_missing_spurious,0.15,1.0,0.883,2000
tep,4,0,MBW-LR,mixed_missing_spurious,0.2,0.1666667,0.6185,2000
tep,4,0,MBW-LR,mixed_missing_spurious,0.2,0.3333333,0.6185,2000
tep,4,0,MBW-LR,mixed_missing_spurious,0.2,0.5,0.6945,2000
tep,4,0,MBW-LR,mixed_missing_spurious,0.2,0.6666667,0.7565,2000
tep,4,0,MBW-LR,mixed_missing_spurious,0.2,0.8333333,0.789,2000
tep,4,0,MBW-LR,mixed_missing_spurious,0.2,1.0,0.847,2000
tep,4,0,MBW-LR,mixed_missing_spurious,0.25,0.1666667,0.5925,2000
tep,4,0,MBW-LR,mixed_missing_spurious,0.25,0.3333333,0.5925,2000
tep,4,0,MBW-LR,mixed_missing_spurious,0.25,0.5,0.6465,2000
tep,4,0,MBW-LR,mixed_missing_spurious,0.25,0.6666667,0.7225,2000
tep,4,0,MBW-LR,mixed_missing_spurious,0.25,0.8333333,0.765,2000
tep,4,0,MBW-LR,mixed_missing_spurious,0.25,1.0,0.7985,2000
tep,4,0,MBW-LR,mixed_missing_spurious,0.3,0.1666667,0.582,2000
tep,4,0,MBW-LR,mixed_missing_spurious,0.3,0.3333333,0.582,2000
tep,4,0,MBW-LR,mixed_missing_spurious,0.3,0.5,0.648,2000
tep,4,0,MBW-LR,mixed_missing_spurious,0.3,0.6666667,0.698,2000
tep,4,0,MBW-LR,mixed_missing_spurious,0.3,0.8333333,0.741,2000
tep,4,0,MBW-LR,mixed_missing_spurious,0.3,1.0,0.771,2000
tep,4,0,MBW-LR,mixed_missing_spurious,0.4,0.1666667,0.528,2000
tep,4,0,MBW-LR,mixed_missing_spurious,0.4,0.3333333,0.528,2000
tep,4,0,MBW-LR,mixed_missing_spurious,0.4,0.5,0.574,2000
tep,4,0,MBW-LR,mixed_missing_spurious,0.4,0.6666667,0.64,2000
tep,4,0,MBW-LR,mixed_missing_spurious,0.4,0.8333333,0.6755,2000
tep,4,0,MBW-LR,mixed_missing_spurious,0.4,1.0,0.706,2000
tep,4,0,MBW-LR,mixed_missing_spurious,0.5,0.1666667,0.514,2000
tep,4,0,MBW-LR,mixed_missing_spurious,0.5,0.3333333,0.514,2000
tep,4,0,MBW-LR,mixed_missing_spurious,0.5,0.5,0.566,2000
tep,4,0,MBW-LR,mixed_missing_spurious,0.5,0.6666667,0.6225,2000
tep,4,0,MBW-LR,mixed_missing_spurious,0.5,0.8333333,0.6495,2000
tep,4,0,MBW-LR,mixed_missing_spurious,0.5,1.0,0.6635,2000
tep,4,0,MBW-LR,mixed_missing_spurious,0.6,0.1666667,0.4685,2000
tep,4,0,MBW-LR,mixed_missing_spurious,0.6,0.3333333,0.4685,2000
tep,4,0,MBW-LR,mixed_missing_spurious,0.6,0.5,0.5205,2000
tep,4,0,MBW-LR,mixed_missing_spurious,0.6,0.6666667,0.57,2000
tep,4,0,MBW-LR,mixed_missing_spurious,0.6,0.8333333,0.6115,2000
tep,4,0,MBW-LR,mixed_missing_spurious,0.6,1.0,0.6305,2000
tep,4,0,MBW-LR,mixed_missing_spurious,0.7,0.1666667,0.437,2000
tep,4,0,MBW-LR,mixed_missing_spurious,0.7,0.3333333,0.437,2000
tep,4,0,MBW-LR,mixed_missing_spurious,0.7,0.5,0.502,2000
tep,4,0,MBW-LR,mixed_missing_spurious,0.7,0.6666667,0.534,2000
tep,4,0,MBW-LR,mixed_missing_spurious,0.7,0.8333333,0.5875,2000
tep,4,0,MBW-LR,mixed_missing_spurious,0.7,1.0,0.5895,2000
tep,4,0,MBW-LR,mixed_missing_spurious,0.8,0.1666667,0.4005,2000
tep,4,0,MBW-LR,mixed_missing_spurious,0.8,0.3333333,0.4005,2000
tep,4,0,MBW-LR,mixed_missing_spurious,0.8,0.5,0.4635,2000
tep,4,0,MBW-LR,mixed_missing_spurious,0.8,0.6666667,0.508,2000
tep,4,0,MBW-LR,mixed_missing_spurious,0.8,0.8333333,0.5495,2000
tep,4,0,MBW-LR,mixed_missing_spurious,0.8,1.0,0.555,2000
tep,4,0,MBW-LR,mixed_missing_spurious,0.9,0.1666667,0.3615,2000
tep,4,0,MBW-LR,mixed_missing_spurious,0.9,0.3333333,0.3615,2000
tep,4,0,MBW-LR,mixed_missing_spurious,0.9,0.5,0.412,2000
tep,4,0,MBW-LR,mixed_missing_spurious,0.9,0.6666667,0.457,2000
tep,4,0,MBW-LR,mixed_missing_spurious,0.9,0.8333333,0.5,2000
tep,4,0,MBW-LR,mixed_missing_spurious,0.9,1.0,0.5045,2000
tep,4,0,MBW-LR,mixed_spurious_timing_late,0.0,0.1666667,0.785,2000
tep,4,0,MBW-LR,mixed_spurious_timing_late,0.0,0.3333333,0.785,2000
tep,4,0,MBW-LR,mixed_spurious_timing_late,0.0,0.5,0.905,2000
tep,4,0,MBW-LR,mixed_spurious_timing_late,0.0,0.6666667,0.93,2000
tep,4,0,MBW-LR,mixed_spurious_timing_late,0.0,0.8333333,0.97,2000
tep,4,0,MBW-LR,mixed_spurious_timing_late,0.0,1.0,0.99,2000
tep,4,0,MBW-LR,mixed_spurious_timing_late,0.05,0.1666667,0.622,2000
tep,4,0,MBW-LR,mixed_spurious_timing_late,0.05,0.3333333,0.622,2000
tep,4,0,MBW-LR,mixed_spurious_timing_late,0.05,0.5,0.792,2000
tep,4,0,MBW-LR,mixed_spurious_timing_late,0.05,0.6666667,0.8835,2000
tep,4,0,MBW-LR,mixed_spurious_timing_late,0.05,0.8333333,0.9225,2000
tep,4,0,MBW-LR,mixed_spurious_timing_late,0.05,1.0,0.9555,2000
tep,4,0,MBW-LR,mixed_spurious_timing_late,0.1,0.1666667,0.686,2000
tep,4,0,MBW-LR,mixed_spurious_timing_late,0.1,0.3333333,0.686,2000
tep,4,0,MBW-LR,mixed_spurious_timing_late,0.1,0.5,0.7845,2000
tep,4,0,MBW-LR,mixed_spurious_timing_late,0.1,0.6666667,0.848,2000
tep,4,0,MBW-LR,mixed_spurious_timing_late,0.1,0.8333333,0.874,2000
tep,4,0,MBW-LR,mixed_spurious_timing_late,0.1,1.0,0.9165,2000
tep,4,0,MBW-LR,mixed_spurious_timing_late,0.15,0.1666667,0.539,2000
tep,4,0,MBW-LR,mixed_spurious_timing_late,0.15,0.3333333,0.539,2000
tep,4,0,MBW-LR,mixed_spurious_timing_late,0.15,0.5,0.6815,2000
tep,4,0,MBW-LR,mixed_spurious_timing_late,0.15,0.6666667,0.813,2000
tep,4,0,MBW-LR,mixed_spurious_timing_late,0.15,0.8333333,0.842,2000
tep,4,0,MBW-LR,mixed_spurious_timing_late,0.15,1.0,0.878,2000
tep,4,0,MBW-LR,mixed_spurious_timing_late,0.2,0.1666667,0.501,2000
tep,4,0,MBW-LR,mixed_spurious_timing_late,0.2,0.3333333,0.501,2000
tep,4,0,MBW-LR,mixed_spurious_timing_late,0.2,0.5,0.637,2000
tep,4,0,MBW-LR,mixed_spurious_timing_late,0.2,0.6666667,0.7985,2000
tep,4,0,MBW-LR,mixed_spurious_timing_late,0.2,0.8333333,0.7985,2000
tep,4,0,MBW-LR,mixed_spurious_timing_late,0.2,1.0,0.848,2000
tep,4,0,MBW-LR,mixed_spurious_timing_late,0.25,0.1666667,0.515,2000
tep,4,0,MBW-LR,mixed_spurious_timing_late,0.25,0.3333333,0.515,2000
tep,4,0,MBW-LR,mixed_spurious_timing_late,0.25,0.5,0.675,2000
tep,4,0,MBW-LR,mixed_spurious_timing_late,0.25,0.6666667,0.675,2000
tep,4,0,MBW-LR,mixed_spurious_timing_late,0.25,0.8333333,0.784,2000
tep,4,0,MBW-LR,mixed_spurious_timing_late,0.25,1.0,0.8355,2000
tep,4,0,MBW-LR,mixed_spurious_timing_late,0.3,0.1666667,0.5625,2000
tep,4,0,MBW-LR,mixed_spurious_timing_late,0.3,0.3333333,0.5625,2000
tep,4,0,MBW-LR,mixed_spurious_timing_late,0.3,0.5,0.7245,2000
tep,4,0,MBW-LR,mixed_spurious_timing_late,0.3,0.6666667,0.7245,2000
tep,4,0,MBW-LR,mixed_spurious_timing_late,0.3,0.8333333,0.7675,2000
tep,4,0,MBW-LR,mixed_spurious_timing_late,0.3,1.0,0.797,2000
tep,4,0,MBW-LR,mixed_spurious_timing_late,0.4,0.1666667,0.5965,2000
tep,4,0,MBW-LR,mixed_spurious_timing_late,0.4,0.3333333,0.5965,2000
tep,4,0,MBW-LR,mixed_spurious_timing_late,0.4,0.5,0.5965,2000
tep,4,0,MBW-LR,mixed_spurious_timing_late,0.4,0.6666667,0.7165,2000
tep,4,0,MBW-LR,mixed_spurious_timing_late,0.4,0.8333333,0.7165,2000
tep,4,0,MBW-LR,mixed_spurious_timing_late,0.4,1.0,0.7415,2000
tep,4,0,MBW-LR,mixed_spurious_timing_late,0.5,0.1666667,0.5995,2000
tep,4,0,MBW-LR,mixed_spurious_timing_late,0.5,0.3333333,0.5995,2000
tep,4,0,MBW-LR,mixed_spurious_timing_late,0.5,0.5,0.5995,2000
tep,4,0,MBW-LR,mixed_spurious_timing_late,0.5,0.6666667,0.5995,2000
tep,4,0,MBW-LR,mixed_spurious_timing_late,0.5,0.8333333,0.633,2000
tep,4,0,MBW-LR,mixed_spurious_timing_late,0.5,1.0,0.655,2000
tep,4,0,MBW-LR,mixed_spurious_timing_late,0.6,0.1666667,0.5515,2000
tep,4,0,MBW-LR,mixed_spurious_timing_late,0.6,0.3333333,0.5515,2000
tep,4,0,MBW-LR,mixed_spurious_timing_late,0.6,0.5,0.5515,2000
tep,4,0,MBW-LR,mixed_spurious_timing_late,0.6,0.6666667,0.5515,2000
tep,4,0,MBW-LR,mixed_spurious_timing_late,0.6,0.8333333,0.5515,2000
tep,4,0,MBW-LR,mixed_spurious_timing_late,0.6,1.0,0.559,2000
tep,4,0,MBW-LR,mixed_spurious_timing_late,0.7,0.1666667,0.4555,2000
tep,4,0,MBW-LR,mixed_spurious_timing_late,0.7,0.3333333,0.4555,2000
tep,4,0,MBW-LR,mixed_spurious_timing_late,0.7,0.5,0.4555,2000
tep,4,0,MBW-LR,mixed_spurious_timing_late,0.7,0.6666667,0.4555,2000
tep,4,0,MBW-LR,mixed_spurious_timing_late,0.7,0.8333333,0.4555,2000
tep,4,0,MBW-LR,mixed_spurious_timing_late,0.7,1.0,0.4475,2000
tep,4,0,MBW-LR,mixed_spurious_timing_late,0.8,0.1666667,0.4295,2000
tep,4,0,MBW-LR,mixed_spurious_timing_late,0.8,0.3333333,0.4295,2000
tep,4,0,MBW-LR,mixed_spurious_timing_late,0.8,0.5,0.4295,2000
tep,4,0,MBW-LR,mixed_spurious_timing_late,0.8,0.6666667,0.4295,2000
tep,4,0,MBW-LR,mixed_spurious_timing_late,0.8,0.8333333,0.4295,2000
tep,4,0,MBW-LR,mixed_spurious_timing_late,0.8,1.0,0.425,2000
tep,4,0,MBW-LR,mixed_spurious_timing_late,0.9,0.1666667,0.4015,2000
tep,4,0,MBW-LR,mixed_spurious_timing_late,0.9,0.3333333,0.4015,2000
tep,4,0,MBW-LR,mixed_spurious_timing_late,0.9,0.5,0.4015,2000
tep,4,0,MBW-LR,mixed_spurious_timing_late,0.9,0.6666667,0.4015,2000
tep,4,0,MBW-LR,mixed_spurious_timing_late,0.9,0.8333333,0.4015,2000
tep,4,0,MBW-LR,mixed_spurious_timing_late,0.9,1.0,0.4015,2000
tep,4,0,MBW-LR,spurious_events,0.0,0.1666667,0.785,2000
tep,4,0,MBW-LR,spurious_events,0.0,0.3333333,0.785,2000
tep,4,0,MBW-LR,spurious_events,0.0,0.5,0.905,2000
tep,4,0,MBW-LR,spurious_events,0.0,0.6666667,0.93,2000
tep,4,0,MBW-LR,spurious_events,0.0,0.8333333,0.97,2000
tep,4,0,MBW-LR,spurious_events,0.0,1.0,0.99,2000
tep,4,0,MBW-LR,spurious_events,0.05,0.1666667,0.743,2000
tep,4,0,MBW-LR,spurious_events,0.05,0.3333333,0.743,2000
tep,4,0,MBW-LR,spurious_events,0.05,0.5,0.851,2000
tep,4,0,MBW-LR,spurious_events,0.05,0.6666667,0.8855,2000
tep,4,0,MBW-LR,spurious_events,0.05,0.8333333,0.921,2000
tep,4,0,MBW-LR,spurious_events,0.05,1.0,0.9645,2000
tep,4,0,MBW-LR,spurious_events,0.1,0.1666667,0.692,2000
tep,4,0,MBW-LR,spurious_events,0.1,0.3333333,0.692,2000
tep,4,0,MBW-LR,spurious_events,0.1,0.5,0.771,2000
tep,4,0,MBW-LR,spurious_events,0.1,0.6666667,0.8155,2000
tep,4,0,MBW-LR,spurious_events,0.1,0.8333333,0.8565,2000
tep,4,0,MBW-LR,spurious_events,0.1,1.0,0.924,2000
tep,4,0,MBW-LR,spurious_events,0.15,0.1666667,0.6505,2000
tep,4,0,MBW-LR,spurious_events,0.15,0.3333333,0.6505,2000
tep,4,0,MBW-LR,spurious_events,0.15,0.5,0.727,2000
tep,4,0,MBW-LR,spurious_events,0.15,0.6666667,0.7725,2000
tep,4,0,MBW-LR,spurious_events,0.15,0.8333333,0.8195,2000
tep,4,0,MBW-LR,spurious_events,0.15,1.0,0.8695,2000
tep,4,0,MBW-LR,spurious_events,0.2,0.1666667,0.626,2000
tep,4,0,MBW-LR,spurious_events,0.2,0.3333333,0.626,2000
tep,4,0,MBW-LR,spurious_events,0.2,0.5,0.6845,2000
tep,4,0,MBW-LR,spurious_events,0.2,0.6666667,0.752,2000
tep,4,0,MBW-LR,spurious_events,0.2,0.8333333,0.7775,2000
tep,4,0,MBW-LR,spurious_events,0.2,1.0,0.8285,2000
tep,4,0,MBW-LR,spurious_events,0.25,0.1666667,0.5975,2000
tep,4,0,MBW-LR,spurious_events,0.25,0.3333333,0.5975,2000
tep,4,0,MBW-LR,spurious_events,0.25,0.5,0.66,2000
tep,4,0,MBW-LR,spurious_events,0.25,0.6666667,0.696,2000
tep,4,0,MBW-LR,spurious_events,0.25,0.8333333,0.724,2000
tep,4,0,MBW-LR,spurious_events,0.25,1.0,0.7795,2000
tep,4,0,MBW-LR,spurious_events,0.3,0.1666667,0.5505,2000
tep,4,0,MBW-LR,spurious_events,0.3,0.3333333,0.5505,2000
tep,4,0,MBW-LR,spurious_events,0.3,0.5,0.6155,2000
tep,4,0,MBW-LR,spurious_events,0.3,0.6666667,0.6525,2000
tep,4,0,MBW-LR,spurious_events,0.3,0.8333333,0.7025,2000
tep,4,0,MBW-LR,spurious_events,0.3,1.0,0.752,2000
tep,4,0,MBW-LR,spurious_events,0.4,0.1666667,0.5225,2000
tep,4,0,MBW-LR,spurious_events,0.4,0.3333333,0.5225,2000
tep,4,0,MBW-LR,spurious_events,0.4,0.5,0.558,2000
tep,4,0,MBW-LR,spurious_events,0.4,0.6666667,0.5955,2000
tep,4,0,MBW-LR,spurious_events,0.4,0.8333333,0.6355,2000
tep,4,0,MBW-LR,spurious_events,0.4,1.0,0.6915,2000
tep,4,0,MBW-LR,spurious_events,0.5,0.1666667,0.4875,2000
tep,4,0,MBW-LR,spurious_events,0.5,0.3333333,0.4875,2000
tep,4,0,MBW-LR,spurious_events,0.5,0.5,0.522,2000
tep,4,0,MBW-LR,spurious_events,0.5,0.6666667,0.5445,2000
tep,4,0,MBW-LR,spurious_events,0.5,0.8333333,0.584,2000
tep,4,0,MBW-LR,spurious_events,0.5,1.0,0.62,2000
tep,4,0,MBW-LR,spurious_events,0.6,0.1666667,0.47,2000
tep,4,0,MBW-LR,spurious_events,0.6,0.3333333,0.47,2000
tep,4,0,MBW-LR,spurious_events,0.6,0.5,0.4875,2000
tep,4,0,MBW-LR,spurious_events,0.6,0.6666667,0.5135,2000
tep,4,0,MBW-LR,spurious_events,0.6,0.8333333,0.534,2000
tep,4,0,MBW-LR,spurious_events,0.6,1.0,0.578,2000
tep,4,0,MBW-LR,spurious_events,0.7,0.1666667,0.45,2000
tep,4,0,MBW-LR,spurious_events,0.7,0.3333333,0.45,2000
tep,4,0,MBW-LR,spurious_events,0.7,0.5,0.453,2000
tep,4,0,MBW-LR,spurious_events,0.7,0.6666667,0.47,2000
tep,4,0,MBW-LR,spurious_events,0.7,0.8333333,0.505,2000
tep,4,0,MBW-LR,spurious_events,0.7,1.0,0.545,2000
tep,4,0,MBW-LR,spurious_events,0.8,0.1666667,0.4385,2000
tep,4,0,MBW-LR,spurious_events,0.8,0.3333333,0.4385,2000
tep,4,0,MBW-LR,spurious_events,0.8,0.5,0.4495,2000
tep,4,0,MBW-LR,spurious_events,0.8,0.6666667,0.4455,2000
tep,4,0,MBW-LR,spurious_events,0.8,0.8333333,0.4615,2000
tep,4,0,MBW-LR,spurious_events,0.8,1.0,0.4825,2000
tep,4,0,MBW-LR,spurious_events,0.9,0.1666667,0.4065,2000
tep,4,0,MBW-LR,spurious_events,0.9,0.3333333,0.4065,2000
tep,4,0,MBW-LR,spurious_events,0.9,0.5,0.427,2000
tep,4,0,MBW-LR,spurious_events,0.9,0.6666667,0.4275,2000
tep,4,0,MBW-LR,spurious_events,0.9,0.8333333,0.428,2000
tep,4,0,MBW-LR,spurious_events,0.9,1.0,0.462,2000
tep,4,0,MBW-LR,timing_uncertainty,0.0,0.1666667,0.785,2000
tep,4,0,MBW-LR,timing_uncertainty,0.0,0.3333333,0.785,2000
tep,4,0,MBW-LR,timing_uncertainty,0.0,0.5,0.905,2000
tep,4,0,MBW-LR,timing_uncertainty,0.0,0.6666667,0.93,2000
tep,4,0,MBW-LR,timing_uncertainty,0.0,0.8333333,0.97,2000
tep,4,0,MBW-LR,timing_uncertainty,0.0,1.0,0.99,2000
tep,4,0,MBW-LR,timing_uncertainty,0.05,0.1666667,0.786,2000
tep,4,0,MBW-LR,timing_uncertainty,0.05,0.3333333,0.786,2000
tep,4,0,MBW-LR,timing_uncertainty,0.05,0.5,0.9,2000
tep,4,0,MBW-LR,timing_uncertainty,0.05,0.6666667,0.9315,2000
tep,4,0,MBW-LR,timing_uncertainty,0.05,0.8333333,0.969,2000
tep,4,0,MBW-LR,timing_uncertainty,0.05,1.0,0.9895,2000
tep,4,0,MBW-LR,timing_uncertainty,0.1,0.1666667,0.7845,2000
tep,4,0,MBW-LR,timing_uncertainty,0.1,0.3333333,0.7845,2000
tep,4,0,MBW-LR,timing_uncertainty,0.1,0.5,0.9015,2000
tep,4,0,MBW-LR,timing_uncertainty,0.1,0.6666667,0.931,2000
tep,4,0,MBW-LR,timing_uncertainty,0.1,0.8333333,0.9695,2000
tep,4,0,MBW-LR,timing_uncertainty,0.1,1.0,0.988,2000
tep,4,0,MBW-LR,timing_uncertainty,0.15,0.1666667,0.779,2000
tep,4,0,MBW-LR,timing_uncertainty,0.15,0.3333333,0.779,2000
tep,4,0,MBW-LR,timing_uncertainty,0.15,0.5,0.8725,2000
tep,4,0,MBW-LR,timing_uncertainty,0.15,0.6666667,0.9225,2000
tep,4,0,MBW-LR,timing_uncertainty,0.15,0.8333333,0.9565,2000
tep,4,0,MBW-LR,timing_uncertainty,0.15,1.0,0.9815,2000
tep,4,0,MBW-LR,timing_uncertainty,0.2,0.1666667,0.779,2000
tep,4,0,MBW-LR,timing_uncertainty,0.2,0.3333333,0.779,2000
tep,4,0,MBW-LR,timing_uncertainty,0.2,0.5,0.8775,2000
tep,4,0,MBW-LR,timing_uncertainty,0.2,0.6666667,0.92,2000
tep,4,0,MBW-LR,timing_uncertainty,0.2,0.8333333,0.955,2000
tep,4,0,MBW-LR,timing_uncertainty,0.2,1.0,0.974,2000
tep,4,0,MBW-LR,timing_uncertainty,0.25,0.1666667,0.778,2000
tep,4,0,MBW-LR,timing_uncertainty,0.25,0.3333333,0.778,2000
tep,4,0,MBW-LR,timing_uncertainty,0.25,0.5,0.8585,2000
tep,4,0,MBW-LR,timing_uncertainty,0.25,0.6666667,0.9085,2000
tep,4,0,MBW-LR,timing_uncertainty,0.25,0.8333333,0.938,2000
tep,4,0,MBW-LR,timing_uncertainty,0.25,1.0,0.9635,2000
tep,4,0,MBW-LR,timing_uncertainty,0.3,0.1666667,0.759,2000
tep,4,0,MBW-LR,timing_uncertainty,0.3,0.3333333,0.759,2000
tep,4,0,MBW-LR,timing_uncertainty,0.3,0.5,0.845,2000
tep,4,0,MBW-LR,timing_uncertainty,0.3,0.6666667,0.904,2000
tep,4,0,MBW-LR,timing_uncertainty,0.3,0.8333333,0.9415,2000
tep,4,0,MBW-LR,timing_uncertainty,0.3,1.0,0.9675,2000
tep,4,0,MBW-LR,timing_uncertainty,0.4,0.1666667,0.756,2000
tep,4,0,MBW-LR,timing_uncertainty,0.4,0.3333333,0.756,2000
tep,4,0,MBW-LR,timing_uncertainty,0.4,0.5,0.8425,2000
tep,4,0,MBW-LR,timing_uncertainty,0.4,0.6666667,0.897,2000
tep,4,0,MBW-LR,timing_uncertainty,0.4,0.8333333,0.922,2000
tep,4,0,MBW-LR,timing_uncertainty,0.4,1.0,0.9535,2000
tep,4,0,MBW-LR,timing_uncertainty,0.5,0.1666667,0.753,2000
tep,4,0,MBW-LR,timing_uncertainty,0.5,0.3333333,0.753,2000
tep,4,0,MBW-LR,timing_uncertainty,0.5,0.5,0.827,2000
tep,4,0,MBW-LR,timing_uncertainty,0.5,0.6666667,0.891,2000
tep,4,0,MBW-LR,timing_uncertainty,0.5,0.8333333,0.912,2000
tep,4,0,MBW-LR,timing_uncertainty,0.5,1.0,0.936,2000
tep,4,0,MBW-LR,timing_uncertainty,0.6,0.1666667,0.7405,2000
tep,4,0,MBW-LR,timing_uncertainty,0.6,0.3333333,0.7405,2000
tep,4,0,MBW-LR,timing_uncertainty,0.6,0.5,0.822,2000
tep,4,0,MBW-LR,timing_uncertainty,0.6,0.6666667,0.8845,2000
tep,4,0,MBW-LR,timing_uncertainty,0.6,0.8333333,0.916,2000
tep,4,0,MBW-LR,timing_uncertainty,0.6,1.0,0.949,2000
tep,4,0,MBW-LR,timing_uncertainty,0.7,0.1666667,0.731,2000
tep,4,0,MBW-LR,timing_uncertainty,0.7,0.3333333,0.731,2000
tep,4,0,MBW-LR,timing_uncertainty,0.7,0.5,0.8245,2000
tep,4,0,MBW-LR,timing_uncertainty,0.7,0.6666667,0.876,2000
tep,4,0,MBW-LR,timing_uncertainty,0.7,0.8333333,0.9165,2000
tep,4,0,MBW-LR,timing_uncertainty,0.7,1.0,0.9365,2000
tep,4,0,MBW-LR,timing_uncertainty,0.8,0.1666667,0.751,2000
tep,4,0,MBW-LR,timing_uncertainty,0.8,0.3333333,0.751,2000
tep,4,0,MBW-LR,timing_uncertainty,0.8,0.5,0.827,2000
tep,4,0,MBW-LR,timing_uncertainty,0.8,0.6666667,0.892,2000
tep,4,0,MBW-LR,timing_uncertainty,0.8,0.8333333,0.907,2000
tep,4,0,MBW-LR,timing_uncertainty,0.8,1.0,0.9245,2000
tep,4,0,MBW-LR,timing_uncertainty,0.9,0.1666667,0.728,2000
tep,4,0,MBW-LR,timing_uncertainty,0.9,0.3333333,0.728,2000
tep,4,0,MBW-LR,timing_uncertainty,0.9,0.5,0.824,2000
tep,4,0,MBW-LR,timing_uncertainty,0.9,0.6666667,0.88,2000
tep,4,0,MBW-LR,timing_uncertainty,0.9,0.8333333,0.9015,2000
tep,4,0,MBW-LR,timing_uncertainty,0.9,1.0,0.918,2000
tep,4,0,WDI-1NN,late_time_delay,0.0,0.1666667,0.505,2000
tep,4,0,WDI-1NN,late_time_delay,0.0,0.3333333,0.505,2000
tep,4,0,WDI-1NN,late_time_delay,0.0,0.5,0.49,2000
tep,4,0,WDI-1NN,late_time_delay,0.0,0.6666667,0.6,2000
tep,4,0,WDI-1NN,late_time_delay,0.0,0.8333333,0.785,2000
tep,4,0,WDI-1NN,late_time_delay,0.0,1.0,0.975,2000
tep,4,0,WDI-1NN,late_time_delay,0.05,0.1666667,0.485,2000
tep,4,0,WDI-1NN,late_time_delay,0.05,0.3333333,0.485,2000
tep,4,0,WDI-1NN,late_time_delay,0.05,0.5,0.5,2000
tep,4,0,WDI-1NN,late_time_delay,0.05,0.6666667,0.6,2000
tep,4,0,WDI-1NN,late_time_delay,0.05,0.8333333,0.8,2000
tep,4,0,WDI-1NN,late_time_delay,0.05,1.0,0.88,2000
tep,4,0,WDI-1NN,late_time_delay,0.1,0.1666667,0.475,2000
tep,4,0,WDI-1NN,late_time_delay,0.1,0.3333333,0.475,2000
tep,4,0,WDI-1NN,late_time_delay,0.1,0.5,0.505,2000
tep,4,0,WDI-1NN,late_time_delay,0.1,0.6666667,0.605,2000
tep,4,0,WDI-1NN,late_time_delay,0.1,0.8333333,0.82,2000
tep,4,0,WDI-1NN,late_time_delay,0.1,1.0,0.87,2000
tep,4,0,WDI-1NN,late_time_delay,0.15,0.1666667,0.39,2000
tep,4,0,WDI-1NN,late_time_delay,0.15,0.3333333,0.39,2000
tep,4,0,WDI-1NN,late_time_delay,0.15,0.5,0.47,2000
tep,4,0,WDI-1NN,late_time_delay,0.15,0.6666667,0.685,2000
tep,4,0,WDI-1NN,late_time_delay,0.15,0.8333333,0.83,2000
tep,4,0,WDI-1NN,late_time_delay,0.15,1.0,0.89,2000
tep,4,0,WDI-1NN,late_time_delay,0.2,0.1666667,0.39,2000
tep,4,0,WDI-1NN,late_time_delay,0.2,0.3333333,0.39,2000
tep,4,0,WDI-1NN,late_time_delay,0.2,0.5,0.465,2000
tep,4,0,WDI-1NN,late_time_delay,0.2,0.6666667,0.725,2000
tep,4,0,WDI-1NN,late_time_delay,0.2,0.8333333,0.725,2000
tep,4,0,WDI-1NN,late_time_delay,0.2,1.0,0.87,2000
tep,4,0,WDI-1NN,late_time_delay,0.25,0.1666667,0.385,2000
tep,4,0,WDI-1NN,late_time_delay,0.25,0.3333333,0.385,2000
tep,4,0,WDI-1NN,late_time_delay,0.25,0.5,0.47,2000
tep,4,0,WDI-1NN,late_time_delay,0.25,0.6666667,0.47,2000
tep,4,0,WDI-1NN,late_time_delay,0.25,0.8333333,0.755,2000
tep,4,0,WDI-1NN,late_time_delay,0.25,1.0,0.865,2000
tep,4,0,WDI-1NN,late_time_delay,0.3,0.1666667,0.395,2000
tep,4,0,WDI-1NN,late_time_delay,0.3,0.3333333,0.395,2000
tep,4,0,WDI-1NN,late_time_delay,0.3,0.5,0.525,2000
tep,4,0,WDI-1NN,late_time_delay,0.3,0.6666667,0.525,2000
tep,4,0,WDI-1NN,late_time_delay,0.3,0.8333333,0.75,2000
tep,4,0,WDI-1NN,late_time_delay,0.3,1.0,0.845,2000
tep,4,0,WDI-1NN,late_time_delay,0.4,0.1666667,0.39,2000
tep,4,0,WDI-1NN,late_time_delay,0.4,0.3333333,0.39,2000
tep,4,0,WDI-1NN,late_time_delay,0.4,0.5,0.39,2000
tep,4,0,WDI-1NN,late_time_delay,0.4,0.6666667,0.54,2000
tep,4,0,WDI-1NN,late_time_delay,0.4,0.8333333,0.54,2000
tep,4,0,WDI-1NN,late_time_delay,0.4,1.0,0.785,2000
tep,4,0,WDI-1NN,late_time_delay,0.5,0.1666667,0.435,2000
tep,4,0,WDI-1NN,late_time_delay,0.5,0.3333333,0.435,2000
tep,4,0,WDI-1NN,late_time_delay,0.5,0.5,0.435,2000
tep,4,0,WDI-1NN,late_time_delay,0.5,0.6666667,0.435,2000
tep,4,0,WDI-1NN,late_time_delay,0.5,0.8333333,0.555,2000
tep,4,0,WDI-1NN,late_time_delay,0.5,1.0,0.66,2000
tep,4,0,WDI-1NN,late_time_delay,0.6,0.1666667,0.445,2000
tep,4,0,WDI-1NN,late_time_delay,0.6,0.3333333,0.445,2000
tep,4,0,WDI-1NN,late_time_delay,0.6,0.5,0.445,2000
tep,4,0,WDI-1NN,late_time_delay,0.6,0.6666667,0.445,2000
tep,4,0,WDI-1NN,late_time_delay,0.6,0.8333333,0.445,2000
tep,4,0,WDI-1NN,late_time_delay,0.6,1.0,0.57,2000
tep,4,0,WDI-1NN,late_time_delay,0.7,0.1666667,0.495,2000
tep,4,0,WDI-1NN,late_time_delay,0.7,0.3333333,0.495,2000
tep,4,0,WDI-1NN,late_time_delay,0.7,0.5,0.495,2000
tep,4,0,WDI-1NN,late_time_delay,0.7,0.6666667,0.495,2000
tep,4,0,WDI-1NN,late_time_delay,0.7,0.8333333,0.495,2000
tep,4,0,WDI-1NN,late_time_delay,0.7,1.0,0.53,2000
tep,4,0,WDI-1NN,late_time_delay,0.8,0.1666667,0.51,2000
tep,4,0,WDI-1NN,late_time_delay,0.8,0.3333333,0.51,2000
tep,4,0,WDI-1NN,late_time_delay,0.8,0.5,0.51,2000
tep,4,0,WDI-1NN,late_time_delay,0.8,0.6666667,0.51,2000
tep,4,0,WDI-1NN,late_time_delay,0.8,0.8333333,0.51,2000
tep,4,0,WDI-1NN,late_time_delay,0.8,1.0,0.5,2000
tep,4,0,WDI-1NN,late_time_delay,0.9,0.1666667,0.465,2000
tep,4,0,WDI-1NN,late_time_delay,0.9,0.3333333,0.465,2000
tep,4,0,WDI-1NN,late_time_delay,0.9,0.5,0.465,2000
tep,4,0,WDI-1NN,late_time_delay,0.9,0.6666667,0.465,2000
tep,4,0,WDI-1NN,late_time_delay,0.9,0.8333333,0.465,2000
tep,4,0,WDI-1NN,late_time_delay,0.9,1.0,0.465,2000
tep,4,0,WDI-1NN,missing_events,0.0,0.1666667,0.505,2000
tep,4,0,WDI-1NN,missing_events,0.0,0.3333333,0.505,2000
tep,4,0,WDI-1NN,missing_events,0.0,0.5,0.49,2000
tep,4,0,WDI-1NN,missing_events,0.0,0.6666667,0.6,2000
tep,4,0,WDI-1NN,missing_events,0.0,0.8333333,0.785,2000
tep,4,0,WDI-1NN,missing_events,0.0,1.0,0.975,2000
tep,4,0,WDI-1NN,missing_events,0.05,0.1666667,0.5045,2000
tep,4,0,WDI-1NN,missing_events,0.05,0.3333333,0.5045,2000
tep,4,0,WDI-1NN,missing_events,0.05,0.5,0.4865,2000
tep,4,0,WDI-1NN,missing_events,0.05,0.6666667,0.595,2000
tep,4,0,WDI-1NN,missing_events,0.05,0.8333333,0.7805,2000
tep,4,0,WDI-1NN,missing_events,0.05,1.0,0.97,2000
tep,4,0,WDI-1NN,missing_events,0.1,0.1666667,0.502,2000
tep,4,0,WDI-1NN,missing_events,0.1,0.3333333,0.502,2000
tep,4,0,WDI-1NN,missing_events,0.1,0.5,0.4815,2000
tep,4,0,WDI-1NN,missing_events,0.1,0.6666667,0.585,2000
tep,4,0,WDI-1NN,missing_events,0.1,0.8333333,0.776,2000
tep,4,0,WDI-1NN,missing_events,0.1,1.0,0.9655,2000
tep,4,0,WDI-1NN,missing_events,0.15,0.1666667,0.5,2000
tep,4,0,WDI-1NN,missing_events,0.15,0.3333333,0.5,2000
tep,4,0,WDI-1NN,missing_events,0.15,0.5,0.472,2000
tep,4,0,WDI-1NN,missing_events,0.15,0.6666667,0.568,2000
tep,4,0,WDI-1NN,missing_events,0.15,0.8333333,0.767,2000
tep,4,0,WDI-1NN,missing_events,0.15,1.0,0.958,2000
tep,4,0,WDI-1NN,missing_events,0.2,0.1666667,0.4975,2000
tep,4,0,WDI-1NN,missing_events,0.2,0.3333333,0.4975,2000
tep,4,0,WDI-1NN,missing_events,0.2,0.5,0.4675,2000
tep,4,0,WDI-1NN,missing_events,0.2,0.6666667,0.56,2000
tep,4,0,WDI-1NN,missing_events,0.2,0.8333333,0.7545,2000
tep,4,0,WDI-1NN,missing_events,0.2,1.0,0.9445,2000
tep,4,0,WDI-1NN,missing_events,0.25,0.1666667,0.494,2000
tep,4,0,WDI-1NN,missing_events,0.25,0.3333333,0.494,2000
tep,4,0,WDI-1NN,missing_events,0.25,0.5,0.465,2000
tep,4,0,WDI-1NN,missing_events,0.25,0.6666667,0.545,2000
tep,4,0,WDI-1NN,missing_events,0.25,0.8333333,0.731,2000
tep,4,0,WDI-1NN,missing_events,0.25,1.0,0.9515,2000
tep,4,0,WDI-1NN,missing_events,0.3,0.1666667,0.4935,2000
tep,4,0,WDI-1NN,missing_events,0.3,0.3333333,0.4935,2000
tep,4,0,WDI-1NN,missing_events,0.3,0.5,0.4635,2000
tep,4,0,WDI-1NN,missing_events,0.3,0.6666667,0.534,2000
tep,4,0,WDI-1NN,missing_events,0.3,0.8333333,0.711,2000
tep,4,0,WDI-1NN,missing_events,0.3,1.0,0.9385,2000
tep,4,0,WDI-1NN,missing_events,0.4,0.1666667,0.48,2000
tep,4,0,WDI-1NN,missing_events,0.4,0.3333333,0.48,2000
tep,4,0,WDI-1NN,missing_events,0.4,0.5,0.448,2000
tep,4,0,WDI-1NN,missing_events,0.4,0.6666667,0.504,2000
tep,4,0,WDI-1NN,missing_events,0.4,0.8333333,0.649,2000
tep,4,0,WDI-1NN,missing_events,0.4,1.0,0.921,2000
tep,4,0,WDI-1NN,missing_events,0.5,0.1666667,0.461,2000
tep,4,0,WDI-1NN,missing_events,0.5,0.3333333,0.461,2000
tep,4,0,WDI-1NN,missing_events,0.5,0.5,0.439,2000
tep,4,0,WDI-1NN,missing_events,0.5,0.6666667,0.4705,2000
tep,4,0,WDI-1NN,missing_events,0.5,0.8333333,0.578,2000
tep,4,0,WDI-1NN,missing_events,0.5,1.0,0.883,2000
tep,4,0,WDI-1NN,missing_events,0.6,0.1666667,0.447,2000
tep,4,0,WDI-1NN,missing_events,0.6,0.3333333,0.447,2000
tep,4,0,WDI-1NN,missing_events,0.6,0.5,0.431,2000
tep,4,0,WDI-1NN,missing_events,0.6,0.6666667,0.453,2000
tep,4,0,WDI-1NN,missing_events,0.6,0.8333333,0.5105,2000
tep,4,0,WDI-1NN,missing_events,0.6,1.0,0.806,2000
tep,4,0,WDI-1NN,missing_events,0.7,0.1666667,0.4195,2000
tep,4,0,WDI-1NN,missing_events,0.7,0.3333333,0.4195,2000
tep,4,0,WDI-1NN,missing_events,0.7,0.5,0.4165,2000
tep,4,0,WDI-1NN,missing_events,0.7,0.6666667,0.442,2000
tep,4,0,WDI-1NN,missing_events,0.7,0.8333333,0.4665,2000
tep,4,0,WDI-1NN,missing_events,0.7,1.0,0.6675,2000
tep,4,0,WDI-1NN,missing_events,0.8,0.1666667,0.3795,2000
tep,4,0,WDI-1NN,missing_events,0.8,0.3333333,0.3795,2000
tep,4,0,WDI-1NN,missing_events,0.8,0.5,0.394,2000
tep,4,0,WDI-1NN,missing_events,0.8,0.6666667,0.4185,2000
tep,4,0,WDI-1NN,missing_events,0.8,0.8333333,0.433,2000
tep,4,0,WDI-1NN,missing_events,0.8,1.0,0.539,2000
tep,4,0,WDI-1NN,missing_events,0.9,0.1666667,0.3035,2000
tep,4,0,WDI-1NN,missing_events,0.9,0.3333333,0.3035,2000
tep,4,0,WDI-1NN,missing_events,0.9,0.5,0.321,2000
tep,4,0,WDI-1NN,missing_events,0.9,0.6666667,0.344,2000
tep,4,0,WDI-1NN,missing_events,0.9,0.8333333,0.374,2000
tep,4,0,WDI-1NN,missing_events,0.9,1.0,0.4675,2000
tep,4,0,WDI-1NN,mixed_missing_spurious,0.0,0.1666667,0.505,2000
tep,4,0,WDI-1NN,mixed_missing_spurious,0.0,0.3333333,0.505,2000
tep,4,0,WDI-1NN,mixed_missing_spurious,0.0,0.5,0.49,2000
tep,4,0,WDI-1NN,mixed_missing_spurious,0.0,0.6666667,0.6,2000
tep,4,0,WDI-1NN,mixed_missing_spurious,0.0,0.8333333,0.785,2000
tep,4,0,WDI-1NN,mixed_missing_spurious,0.0,1.0,0.975,2000
tep,4,0,WDI-1NN,mixed_missing_spurious,0.05,0.1666667,0.496,2000
tep,4,0,WDI-1NN,mixed_missing_spurious,0.05,0.3333333,0.496,2000
tep,4,0,WDI-1NN,mixed_missing_spurious,0.05,0.5,0.4785,2000
tep,4,0,WDI-1NN,mixed_missing_spurious,0.05,0.6666667,0.581,2000
tep,4,0,WDI-1NN,mixed_missing_spurious,0.05,0.8333333,0.7765,2000
tep,4,0,WDI-1NN,mixed_missing_spurious,0.05,1.0,0.9565,2000
tep,4,0,WDI-1NN,mixed_missing_spurious,0.1,0.1666667,0.4895,2000
tep,4,0,WDI-1NN,mixed_missing_spurious,0.1,0.3333333,0.4895,2000
tep,4,0,WDI-1NN,mixed_missing_spurious,0.1,0.5,0.4745,2000
tep,4,0,WDI-1NN,mixed_missing_spurious,0.1,0.6666667,0.584,2000
tep,4,0,WDI-1NN,mixed_missing_spurious,0.1,0.8333333,0.759,2000
tep,4,0,WDI-1NN,mixed_missing_spurious,0.1,1.0,0.9365,2000
tep,4,0,WDI-1NN,mixed_missing_spurious,0.15,0.1666667,0.4815,2000
tep,4,0,WDI-1NN,mixed_missing_spurious,0.15,0.3333333,0.4815,2000
tep,4,0,WDI-1NN,mixed_missing_spurious,0.15,0.5,0.469,2000
tep,4,0,WDI-1NN,mixed_missing_spurious,0.15,0.6666667,0.586,2000
tep,4,0,WDI-1NN,mixed_missing_spurious,0.15,0.8333333,0.755,2000
tep,4,0,WDI-1NN,mixed_missing_spurious,0.15,1.0,0.9185,2000
tep,4,0,WDI-1NN,mixed_missing_spurious,0.2,0.1666667,0.4685,2000
tep,4,0,WDI-1NN,mixed_missing_spurious,0.2,0.3333333,0.4685,2000
tep,4,0,WDI-1NN,mixed_missing_spurious,0.2,0.5,0.4605,2000
tep,4,0,WDI-1NN,mixed_missing_spurious,0.2,0.6666667,0.58,2000
tep,4,0,WDI-1NN,mixed_missing_spurious,0.2,0.8333333,0.7365,2000
tep,4,0,WDI-1NN,mixed_missing_spurious,0.2,1.0,0.9105,2000
tep,4,0,WDI-1NN,mixed_missing_spurious,0.25,0.1666667,0.4615,2000
tep,4,0,WDI-1NN,mixed_missing_spurious,0.25,0.3333333,0.4615,2000
tep,4,0,WDI-1NN,mixed_missing_spurious,0.25,0.5,0.448,2000
tep,4,0,WDI-1NN,mixed_missing_spurious,0.25,0.6666667,0.567,2000
tep,4,0,WDI-1NN,mixed_missing_spurious,0.25,0.8333333,0.723,2000
tep,4,0,WDI-1NN,mixed_missing_spurious,0.25,1.0,0.885,2000
tep,4,0,WDI-1NN,mixed_missing_spurious,0.3,0.1666667,0.465,2000
tep,4,0,WDI-1NN,mixed_missing_spurious,0.3,0.3333333,0.465,2000
tep,4,0,WDI-1NN,mixed_missing_spurious,0.3,0.5,0.444,2000
tep,4,0,WDI-1NN,mixed_missing_spurious,0.3,0.6666667,0.56,2000
tep,4,0,WDI-1NN,mixed_missing_spurious,0.3,0.8333333,0.71,2000
tep,4,0,WDI-1NN,mixed_missing_spurious,0.3,1.0,0.872,2000
tep,4,0,WDI-1NN,mixed_missing_spurious,0.4,0.1666667,0.436,2000
tep,4,0,WDI-1NN,mixed_missing_spurious,0.4,0.3333333,0.436,2000
tep,4,0,WDI-1NN,mixed_missing_spurious,0.4,0.5,0.429,2000
tep,4,0,WDI-1NN,mixed_missing_spurious,0.4,0.6666667,0.524,2000
tep,4,0,WDI-1NN,mixed_missing_spurious,0.4,0.8333333,0.669,2000
tep,4,0,WDI-1NN,mixed_missing_spurious,0.4,1.0,0.8575,2000
tep,4,0,WDI-1NN,mixed_missing_spurious,0.5,0.1666667,0.4345,2000
tep,4,0,WDI-1NN,mixed_missing_spurious,0.5,0.3333333,0.4345,2000
tep,4,0,WDI-1NN,mixed_missing_spurious,0.5,0.5,0.411,2000
tep,4,0,WDI-1NN,mixed_missing_spurious,0.5,0.6666667,0.481,2000
tep,4,0,WDI-1NN,mixed_missing_spurious,0.5,0.8333333,0.6375,2000
tep,4,0,WDI-1NN,mixed_missing_spurious,0.5,1.0,0.819,2000
tep,4,0,WDI-1NN,mixed_missing_spurious,0.6,0.1666667,0.4015,2000
tep,4,0,WDI-1NN,mixed_missing_spurious,0.6,0.3333333,0.4015,2000
tep,4,0,WDI-1NN,mixed_missing_spurious,0.6,0.5,0.376,2000
tep,4,0,WDI-1NN,mixed_missing_spurious,0.6,0.6666667,0.4395,2000
tep,4,0,WDI-1NN,mixed_missing_spurious,0.6,0.8333333,0.563,2000
tep,4,0,WDI-1NN,mixed_missing_spurious,0.6,1.0,0.7905,2000
tep,4,0,WDI-1NN,mixed_missing_spurious,0.7,0.1666667,0.385,2000
tep,4,0,WDI-1NN,mixed_missing_spurious,0.7,0.3333333,0.385,2000
tep,4,0,WDI-1NN,mixed_missing_spurious,0.7,0.5,0.3845,2000
tep,4,0,WDI-1NN,mixed_missing_spurious,0.7,0.6666667,0.4165,2000
tep,4,0,WDI-1NN,mixed_missing_spurious,0.7,0.8333333,0.5125,2000
tep,4,0,WDI-1NN,mixed_missing_spurious,0.7,1.0,0.733,2000
tep,4,0,WDI-1NN,mixed_missing_spurious,0.8,0.1666667,0.3465,2000
tep,4,0,WDI-1NN,mixed_missing_spurious,0.8,0.3333333,0.3465,2000
tep,4,0,WDI-1NN,mixed_missing_spurious,0.8,0.5,0.3525,2000
tep,4,0,WDI-1NN,mixed_missing_spurious,0.8,0.6666667,0.372,2000
tep,4,0,WDI-1NN,mixed_missing_spurious,0.8,0.8333333,0.4185,2000
tep,4,0,WDI-1NN,mixed_missing_spurious,0.8,1.0,0.608,2000
tep,4,0,WDI-1NN,mixed_missing_spurious,0.9,0.1666667,0.285,2000
tep,4,0,WDI-1NN,mixed_missing_spurious,0.9,0.3333333,0.285,2000
tep,4,0,WDI-1NN,mixed_missing_spurious,0.9,0.5,0.318,2000
tep,4,0,WDI-1NN,mixed_missing_spurious,0.9,0.6666667,0.3265,2000
tep,4,0,WDI-1NN,mixed_missing_spurious,0.9,0.8333333,0.3555,2000
tep,4,0,WDI-1NN,mixed_missing_spurious,0.9,1.0,0.428,2000
tep,4,0,WDI-1NN,mixed_spurious_timing_late,0.0,0.1666667,0.505,2000
tep,4,0,WDI-1NN,mixed_spurious_timing_late,0.0,0.3333333,0.505,2000
tep,4,0,WDI-1NN,mixed_spurious_timing_late,0.0,0.5,0.49,2000
tep,4,0,WDI-1NN,mixed_spurious_timing_late,0.0,0.6666667,0.6,2000
tep,4,0,WDI-1NN,mixed_spurious_timing_late,0.0,0.8333333,0.785,2000
tep,4,0,WDI-1NN,mixed_spurious_timing_late,0.0,1.0,0.975,2000
tep,4,0,WDI-1NN,mixed_spurious_timing_late,0.05,0.1666667,0.4795,2000
tep,4,0,WDI-1NN,mixed_spurious_timing_late,0.05,0.3333333,0.4795,2000
tep,4,0,WDI-1NN,mixed_spurious_timing_late,0.05,0.5,0.485,2000
tep,4,0,WDI-1NN,mixed_spurious_timing_late,0.05,0.6666667,0.603,2000
tep,4,0,WDI-1NN,mixed_spurious_timing_late,0.05,0.8333333,0.7885,2000
tep,4,0,WDI-1NN,mixed_spurious_timing_late,0.05,1.0,0.8825,2000
tep,4,0,WDI-1NN,mixed_spurious_timing_late,0.1,0.1666667,0.4615,2000
tep,4,0,WDI-1NN,mixed_spurious_timing_late,0.1,0.3333333,0.4615,2000
tep,4,0,WDI-1NN,mixed_spurious_timing_late,0.1,0.5,0.479,2000
tep,4,0,WDI-1NN,mixed_spurious_timing_late,0.1,0.6666667,0.609,2000
tep,4,0,WDI-1NN,mixed_spurious_timing_late,0.1,0.8333333,0.8105,2000
tep,4,0,WDI-1NN,mixed_spurious_timing_late,0.1,1.0,0.8945,2000
tep,4,0,WDI-1NN,mixed_spurious_timing_late,0.15,0.1666667,0.3735,2000
tep,4,0,WDI-1NN,mixed_spurious_timing_late,0.15,0.3333333,0.3735,2000
tep,4,0,WDI-1NN,mixed_spurious_timing_late,0.15,0.5,0.4505,2000
tep,4,0,WDI-1NN,mixed_spurious_timing_late,0.15,0.6666667,0.6625,2000
tep,4,0,WDI-1NN,mixed_spurious_timing_late,0.15,0.8333333,0.8135,2000
tep,4,0,WDI-1NN,mixed_spurious_timing_late,0.15,1.0,0.8965,2000
tep,4,0,WDI-1NN,mixed_spurious_timing_late,0.2,0.1666667,0.3705,2000
tep,4,0,WDI-1NN,mixed_spurious_timing_late,0.2,0.3333333,0.3705,2000
tep,4,0,WDI-1NN,mixed_spurious_timing_late,0.2,0.5,0.4655,2000
tep,4,0,WDI-1NN,mixed_spurious_timing_late,0.2,0.6666667,0.7005,2000
tep,4,0,WDI-1NN,mixed_spurious_timing_late,0.2,0.8333333,0.7005,2000
tep,4,0,WDI-1NN,mixed_spurious_timing_late,0.2,1.0,0.8885,2000
tep,4,0,WDI-1NN,mixed_spurious_timing_late,0.25,0.1666667,0.343,2000
tep,4,0,WDI-1NN,mixed_spurious_timing_late,0.25,0.3333333,0.343,2000
tep,4,0,WDI-1NN,mixed_spurious_timing_late,0.25,0.5,0.4785,2000
tep,4,0,WDI-1NN,mixed_spurious_timing_late,0.25,0.6666667,0.4785,2000
tep,4,0,WDI-1NN,mixed_spurious_timing_late,0.25,0.8333333,0.7085,2000
tep,4,0,WDI-1NN,mixed_spurious_timing_late,0.25,1.0,0.878,2000
tep,4,0,WDI-1NN,mixed_spurious_timing_late,0.3,0.1666667,0.3605,2000
tep,4,0,WDI-1NN,mixed_spurious_timing_late,0.3,0.3333333,0.3605,2000
tep,4,0,WDI-1NN,mixed_spurious_timing_late,0.3,0.5,0.5225,2000
tep,4,0,WDI-1NN,mixed_spurious_timing_late,0.3,0.6666667,0.5225,2000
tep,4,0,WDI-1NN,mixed_spurious_timing_late,0.3,0.8333333,0.7305,2000
tep,4,0,WDI-1NN,mixed_spurious_timing_late,0.3,1.0,0.844,2000
tep,4,0,WDI-1NN,mixed_spurious_timing_late,0.4,0.1666667,0.3695,2000
tep,4,0,WDI-1NN,mixed_spurious_timing_late,0.4,0.3333333,0.3695,2000
tep,4,0,WDI-1NN,mixed_spurious_timing_late,0.4,0.5,0.3695,2000
tep,4,0,WDI-1NN,mixed_spurious_timing_late,0.4,0.6666667,0.5585,2000
tep,4,0,WDI-1NN,mixed_spurious_timing_late,0.4,0.8333333,0.5585,2000
tep,4,0,WDI-1NN,mixed_spurious_timing_late,0.4,1.0,0.802,2000
tep,4,0,WDI-1NN,mixed_spurious_timing_late,0.5,0.1666667,0.407,2000
tep,4,0,WDI-1NN,mixed_spurious_timing_late,0.5,0.3333333,0.407,2000
tep,4,0,WDI-1NN,mixed_spurious_timing_late,0.5,0.5,0.407,2000
tep,4,0,WDI-1NN,mixed_spurious_timing_late,0.5,0.6666667,0.407,2000
tep,4,0,WDI-1NN,mixed_spurious_timing_late,0.5,0.8333333,0.5605,2000
tep,4,0,WDI-1NN,mixed_spurious_timing_late,0.5,1.0,0.7525,2000
tep,4,0,WDI-1NN,mixed_spurious_timing_late,0.6,0.1666667,0.4035,2000
tep,4,0,WDI-1NN,mixed_spurious_timing_late,0.6,0.3333333,0.4035,2000
tep,4,0,WDI-1NN,mixed_spurious_timing_late,0.6,0.5,0.4035,2000
tep,4,0,WDI-1NN,mixed_spurious_timing_late,0.6,0.6666667,0.4035,2000
tep,4,0,WDI-1NN,mixed_spurious_timing_late,0.6,0.8333333,0.4035,2000
tep,4,0,WDI-1NN,mixed_spurious_timing_late,0.6,1.0,0.636,2000
tep,4,0,WDI-1NN,mixed_spurious_timing_late,0.7,0.1666667,0.429,2000
tep,4,0,WDI-1NN,mixed_spurious_timing_late,0.7,0.3333333,0.429,2000
tep,4,0,WDI-1NN,mixed_spurious_timing_late,0.7,0.5,0.429,2000
tep,4,0,WDI-1NN,mixed_spurious_timing_late,0.7,0.6666667,0.429,2000
tep,4,0,WDI-1NN,mixed_spurious_timing_late,0.7,0.8333333,0.429,2000
tep,4,0,WDI-1NN,mixed_spurious_timing_late,0.7,1.0,0.5395,2000
tep,4,0,WDI-1NN,mixed_spurious_timing_late,0.8,0.1666667,0.452,2000
tep,4,0,WDI-1NN,mixed_spurious_timing_late,0.8,0.3333333,0.452,2000
tep,4,0,WDI-1NN,mixed_spurious_timing_late,0.8,0.5,0.452,2000
tep,4,0,WDI-1NN,mixed_spurious_timing_late,0.8,0.6666667,0.452,2000
tep,4,0,WDI-1NN,mixed_spurious_timing_late,0.8,0.8333333,0.452,2000
tep,4,0,WDI-1NN,mixed_spurious_timing_late,0.8,1.0,0.464,2000
tep,4,0,WDI-1NN,mixed_spurious_timing_late,0.9,0.1666667,0.3985,2000
tep,4,0,WDI-1NN,mixed_spurious_timing_late,0.9,0.3333333,0.3985,2000
tep,4,0,WDI-1NN,mixed_spurious_timing_late,0.9,0.5,0.3985,2000
tep,4,0,WDI-1NN,mixed_spurious_timing_late,0.9,0.6666667,0.3985,2000
tep,4,0,WDI-1NN,mixed_spurious_timing_late,0.9,0.8333333,0.3985,2000
tep,4,0,WDI-1NN,mixed_spurious_timing_late,0.9,1.0,0.3985,2000
tep,4,0,WDI-1NN,spurious_events,0.0,0.1666667,0.505,2000
tep,4,0,WDI-1NN,spurious_events,0.0,0.3333333,0.505,2000
tep,4,0,WDI-1NN,spurious_events,0.0,0.5,0.49,2000
tep,4,0,WDI-1NN,spurious_events,0.0,0.6666667,0.6,2000
tep,4,0,WDI-1NN,spurious_events,0.0,0.8333333,0.785,2000
tep,4,0,WDI-1NN,spurious_events,0.0,1.0,0.975,2000
tep,4,0,WDI-1NN,spurious_events,0.05,0.1666667,0.502,2000
tep,4,0,WDI-1NN,spurious_events,0.05,0.3333333,0.502,2000
tep,4,0,WDI-1NN,spurious_events,0.05,0.5,0.486,2000
tep,4,0,WDI-1NN,spurious_events,0.05,0.6666667,0.593,2000
tep,4,0,WDI-1NN,spurious_events,0.05,0.8333333,0.775,2000
tep,4,0,WDI-1NN,spurious_events,0.05,1.0,0.9565,2000
tep,4,0,WDI-1NN,spurious_events,0.1,0.1666667,0.4895,2000
tep,4,0,WDI-1NN,spurious_events,0.1,0.3333333,0.4895,2000
tep,4,0,WDI-1NN,spurious_events,0.1,0.5,0.4795,2000
tep,4,0,WDI-1NN,spurious_events,0.1,0.6666667,0.59,2000
tep,4,0,WDI-1NN,spurious_events,0.1,0.8333333,0.772,2000
tep,4,0,WDI-1NN,spurious_events,0.1,1.0,0.937,2000
tep,4,0,WDI-1NN,spurious_events,0.15,0.1666667,0.4835,2000
tep,4,0,WDI-1NN,spurious_events,0.15,0.3333333,0.4835,2000
tep,4,0,WDI-1NN,spurious_events,0.15,0.5,0.4845,2000
tep,4,0,WDI-1NN,spurious_events,0.15,0.6666667,0.6025,2000
tep,4,0,WDI-1NN,spurious_events,0.15,0.8333333,0.757,2000
tep,4,0,WDI-1NN,spurious_events,0.15,1.0,0.9175,2000
tep,4,0,WDI-1NN,spurious_events,0.2,0.1666667,0.4725,2000
tep,4,0,WDI-1NN,spurious_events,0.2,0.3333333,0.4725,2000
tep,4,0,WDI-1NN,spurious_events,0.2,0.5,0.4855,2000
tep,4,0,WDI-1NN,spurious_events,0.2,0.6666667,0.622,2000
tep,4,0,WDI-1NN,spurious_events,0.2,0.8333333,0.752,2000
tep,4,0,WDI-1NN,spurious_events,0.2,1.0,0.8995,2000
tep,4,0,WDI-1NN,spurious_events,0.25,0.1666667,0.4705,2000
tep,4,0,WDI-1NN,spurious_events,0.25,0.3333333,0.4705,2000
tep,4,0,WDI-1NN,spurious_events,0.25,0.5,0.497,2000
tep,4,0,WDI-1NN,spurious_events,0.25,0.6666667,0.6395,2000
tep,4,0,WDI-1NN,spurious_events,0.25,0.8333333,0.746,2000
tep,4,0,WDI-1NN,spurious_events,0.25,1.0,0.877,2000
tep,4,0,WDI-1NN,spurious_events,0.3,0.1666667,0.4495,2000
tep,4,0,WDI-1NN,spurious_events,0.3,0.3333333,0.4495,2000
tep,4,0,WDI-1NN,spurious_events,0.3,0.5,0.5,2000
tep,4,0,WDI-1NN,spurious_events,0.3,0.6666667,0.617,2000
tep,4,0,WDI-1NN,spurious_events,0.3,0.8333333,0.723,2000
tep,4,0,WDI-1NN,spurious_events,0.3,1.0,0.851,2000
tep,4,0,WDI-1NN,spurious_events,0.4,0.1666667,0.465,2000
tep,4,0,WDI-1NN,spurious_events,0.4,0.3333333,0.465,2000
tep,4,0,WDI-1NN,spurious_events,0.4,0.5,0.4995,2000
tep,4,0,WDI-1NN,spurious_events,0.4,0.6666667,0.6295,2000
tep,4,0,WDI-1NN,spurious_events,0.4,0.8333333,0.7065,2000
tep,4,0,WDI-1NN,spurious_events,0.4,1.0,0.787,2000
tep,4,0,WDI-1NN,spurious_events,0.5,0.1666667,0.442,2000
tep,4,0,WDI-1NN,spurious_events,0.5,0.3333333,0.442,2000
tep,4,0,WDI-1NN,spurious_events,0.5,0.5,0.5115,2000
tep,4,0,WDI-1NN,spurious_events,0.5,0.6666667,0.6395,2000
tep,4,0,WDI-1NN,spurious_events,0.5,0.8333333,0.679,2000
tep,4,0,WDI-1NN,spurious_events,0.5,1.0,0.697,2000
tep,4,0,WDI-1NN,spurious_events,0.6,0.1666667,0.4395,2000
tep,4,0,WDI-1NN,spurious_events,0.6,0.3333333,0.4395,2000
tep,4,0,WDI-1NN,spurious_events,0.6,0.5,0.5095,2000
tep,4,0,WDI-1NN,spurious_events,0.6,0.6666667,0.6075,2000
tep,4,0,WDI-1NN,spurious_events,0.6,0.8333333,0.632,2000
tep,4,0,WDI-1NN,spurious_events,0.6,1.0,0.635,2000
tep,4,0,WDI-1NN,spurious_events,0.7,0.1666667,0.4345,2000
tep,4,0,WDI-1NN,spurious_events,0.7,0.3333333,0.4345,2000
tep,4,0,WDI-1NN,spurious_events,0.7,0.5,0.5305,2000
tep,4,0,WDI-1NN,spurious_events,0.7,0.6666667,0.5955,2000
tep,4,0,WDI-1NN,spurious_events,0.7,0.8333333,0.6125,2000
tep,4,0,WDI-1NN,spurious_events,0.7,1.0,0.5395,2000
tep,4,0,WDI-1NN,spurious_events,0.8,0.1666667,0.4385,2000
tep,4,0,WDI-1NN,spurious_events,0.8,0.3333333,0.4385,2000
tep,4,0,WDI-1NN,spurious_events,0.8,0.5,0.5375,2000
tep,4,0,WDI-1NN,spurious_events,0.8,0.6666667,0.5875,2000
tep,4,0,WDI-1NN,spurious_events,0.8,0.8333333,0.5755,2000
tep,4,0,WDI-1NN,spurious_events,0.8,1.0,0.475,2000
tep,4,0,WDI-1NN,spurious_events,0.9,0.1666667,0.428,2000
tep,4,0,WDI-1NN,spurious_events,0.9,0.3333333,0.428,2000
tep,4,0,WDI-1NN,spurious_events,0.9,0.5,0.545,2000
tep,4,0,WDI-1NN,spurious_events,0.9,0.6666667,0.566,2000
tep,4,0,WDI-1NN,spurious_events,0.9,0.8333333,0.5255,2000
tep,4,0,WDI-1NN,spurious_events,0.9,1.0,0.399,2000
tep,4,0,WDI-1NN,timing_uncertainty,0.0,0.1666667,0.505,2000
tep,4,0,WDI-1NN,timing_uncertainty,0.0,0.3333333,0.505,2000
tep,4,0,WDI-1NN,timing_uncertainty,0.0,0.5,0.49,2000
tep,4,0,WDI-1NN,timing_uncertainty,0.0,0.6666667,0.6,2000
tep,4,0,WDI-1NN,timing_uncertainty,0.0,0.8333333,0.785,2000
tep,4,0,WDI-1NN,timing_uncertainty,0.0,1.0,0.975,2000
tep,4,0,WDI-1NN,timing_uncertainty,0.05,0.1666667,0.5055,2000
tep,4,0,WDI-1NN,timing_uncertainty,0.05,0.3333333,0.5055,2000
tep,4,0,WDI-1NN,timing_uncertainty,0.05,0.5,0.4895,2000
tep,4,0,WDI-1NN,timing_uncertainty,0.05,0.6666667,0.591,2000
tep,4,0,WDI-1NN,timing_uncertainty,0.05,0.8333333,0.7775,2000
tep,4,0,WDI-1NN,timing_uncertainty,0.05,1.0,0.973,2000
tep,4,0,WDI-1NN,timing_uncertainty,0.1,0.1666667,0.5065,2000
tep,4,0,WDI-1NN,timing_uncertainty,0.1,0.3333333,0.5065,2000
tep,4,0,WDI-1NN,timing_uncertainty,0.1,0.5,0.486,2000
tep,4,0,WDI-1NN,timing_uncertainty,0.1,0.6666667,0.576,2000
tep,4,0,WDI-1NN,timing_uncertainty,0.1,0.8333333,0.7725,2000
tep,4,0,WDI-1NN,timing_uncertainty,0.1,1.0,0.972,2000
tep,4,0,WDI-1NN,timing_uncertainty,0.15,0.1666667,0.5055,2000
tep,4,0,WDI-1NN,timing_uncertainty,0.15,0.3333333,0.5055,2000
tep,4,0,WDI-1NN,timing_uncertainty,0.15,0.5,0.4895,2000
tep,4,0,WDI-1NN,timing_uncertainty,0.15,0.6666667,0.582,2000
tep,4,0,WDI-1NN,timing_uncertainty,0.15,0.8333333,0.7685,2000
tep,4,0,WDI-1NN,timing_uncertainty,0.15,1.0,0.9695,2000
tep,4,0,WDI-1NN,timing_uncertainty,0.2,0.1666667,0.5065,2000
tep,4,0,WDI-1NN,timing_uncertainty,0.2,0.3333333,0.5065,2000
tep,4,0,WDI-1NN,timing_uncertainty,0.2,0.5,0.492,2000
tep,4,0,WDI-1NN,timing_uncertainty,0.2,0.6666667,0.583,2000
tep,4,0,WDI-1NN,timing_uncertainty,0.2,0.8333333,0.771,2000
tep,4,0,WDI-1NN,timing_uncertainty,0.2,1.0,0.969,2000
tep,4,0,WDI-1NN,timing_uncertainty,0.25,0.1666667,0.503,2000
tep,4,0,WDI-1NN,timing_uncertainty,0.25,0.3333333,0.503,2000
tep,4,0,WDI-1NN,timing_uncertainty,0.25,0.5,0.4835,2000
tep,4,0,WDI-1NN,timing_uncertainty,0.25,0.6666667,0.5795,2000
tep,4,0,WDI-1NN,timing_uncertainty,0.25,0.8333333,0.773,2000
tep,4,0,WDI-1NN,timing_uncertainty,0.25,1.0,0.971,2000
tep,4,0,WDI-1NN,timing_uncertainty,0.3,0.1666667,0.505,2000
tep,4,0,WDI-1NN,timing_uncertainty,0.3,0.3333333,0.505,2000
tep,4,0,WDI-1NN,timing_uncertainty,0.3,0.5,0.4825,2000
tep,4,0,WDI-1NN,timing_uncertainty,0.3,0.6666667,0.579,2000
tep,4,0,WDI-1NN,timing_uncertainty,0.3,0.8333333,0.768,2000
tep,4,0,WDI-1NN,timing_uncertainty,0.3,1.0,0.972,2000
tep,4,0,WDI-1NN,timing_uncertainty,0.4,0.1666667,0.4955,2000
tep,4,0,WDI-1NN,timing_uncertainty,0.4,0.3333333,0.4955,2000
tep,4,0,WDI-1NN,timing_uncertainty,0.4,0.5,0.4815,2000
tep,4,0,WDI-1NN,timing_uncertainty,0.4,0.6666667,0.5825,2000
tep,4,0,WDI-1NN,timing_uncertainty,0.4,0.8333333,0.7715,2000
tep,4,0,WDI-1NN,timing_uncertainty,0.4,1.0,0.9715,2000
tep,4,0,WDI-1NN,timing_uncertainty,0.5,0.1666667,0.499,2000
tep,4,0,WDI-1NN,timing_uncertainty,0.5,0.3333333,0.499,2000
tep,4,0,WDI-1NN,timing_uncertainty,0.5,0.5,0.489,2000
tep,4,0,WDI-1NN,timing_uncertainty,0.5,0.6666667,0.582,2000
tep,4,0,WDI-1NN,timing_uncertainty,0.5,0.8333333,0.775,2000
tep,4,0,WDI-1NN,timing_uncertainty,0.5,1.0,0.9725,2000
tep,4,0,WDI-1NN,timing_uncertainty,0.6,0.1666667,0.4945,2000
tep,4,0,WDI-1NN,timing_uncertainty,0.6,0.3333333,0.4945,2000
tep,4,0,WDI-1NN,timing_uncertainty,0.6,0.5,0.486,2000
tep,4,0,WDI-1NN,timing_uncertainty,0.6,0.6666667,0.587,2000
tep,4,0,WDI-1NN,timing_uncertainty,0.6,0.8333333,0.769,2000
tep,4,0,WDI-1NN,timing_uncertainty,0.6,1.0,0.9705,2000
tep,4,0,WDI-1NN,timing_uncertainty,0.7,0.1666667,0.488,2000
tep,4,0,WDI-1NN,timing_uncertainty,0.7,0.3333333,0.488,2000
tep,4,0,WDI-1NN,timing_uncertainty,0.7,0.5,0.4865,2000
tep,4,0,WDI-1NN,timing_uncertainty,0.7,0.6666667,0.59,2000
tep,4,0,WDI-1NN,timing_uncertainty,0.7,0.8333333,0.7805,2000
tep,4,0,WDI-1NN,timing_uncertainty,0.7,1.0,0.973,2000
tep,4,0,WDI-1NN,timing_uncertainty,0.8,0.1666667,0.4755,2000
tep,4,0,WDI-1NN,timing_uncertainty,0.8,0.3333333,0.4755,2000
tep,4,0,WDI-1NN,timing_uncertainty,0.8,0.5,0.4885,2000
tep,4,0,WDI-1NN,timing_uncertainty,0.8,0.6666667,0.5885,2000
tep,4,0,WDI-1NN,timing_uncertainty,0.8,0.8333333,0.774,2000
tep,4,0,WDI-1NN,timing_uncertainty,0.8,1.0,0.9705,2000
tep,4,0,WDI-1NN,timing_uncertainty,0.9,0.1666667,0.477,2000
tep,4,0,WDI-1NN,timing_uncertainty,0.9,0.3333333,0.477,2000
tep,4,0,WDI-1NN,timing_uncertainty,0.9,0.5,0.49,2000
tep,4,0,WDI-1NN,timing_uncertainty,0.9,0.6666667,0.6015,2000
tep,4,0,WDI-1NN,timing_uncertainty,0.9,0.8333333,0.7855,2000
tep,4,0,WDI-1NN,timing_uncertainty,0.9,1.0,0.972,2000
