dataset,fold,repeat,method,scenario,severity,progress_auc
tep,0,0,ACM-SVM,late_time_delay,0.0,0.6766666666666667
tep,0,0,ACM-SVM,late_time_delay,0.05,0.5933333333333334
tep,0,0,ACM-SVM,late_time_delay,0.1,0.6133333333333333
tep,0,0,ACM-SVM,late_time_delay,0.15,0.5608333333333334
tep,0,0,ACM-SVM,late_time_delay,0.2,0.56
tep,0,0,ACM-SVM,late_time_delay,0.25,0.5508333333333333
tep,0,0,ACM-SVM,late_time_delay,0.3,0.5725
tep,0,0,ACM-SVM,late_time_delay,0.4,0.525
tep,0,0,ACM-SVM,late_time_delay,0.5,0.46416666666666667
tep,0,0,ACM-SVM,late_time_delay,0.6,0.43083333333333335
tep,0,0,ACM-SVM,late_time_delay,0.7,0.37999999999999995
tep,0,0,ACM-SVM,late_time_delay,0.8,0.4033333333333333
tep,0,0,ACM-SVM,late_time_delay,0.9,0.385
tep,0,0,ACM-SVM,missing_events,0.0,0.6766666666666667
tep,0,0,ACM-SVM,missing_events,0.05,0.6375833333333333
tep,0,0,ACM-SVM,missing_events,0.1,0.5859166666666668
tep,0,0,ACM-SVM,missing_events,0.15,0.5650833333333333
tep,0,0,ACM-SVM,missing_events,0.2,0.5448333333333334
tep,0,0,ACM-SVM,missing_events,0.25,0.5290833333333333
tep,0,0,ACM-SVM,missing_events,0.3,0.51425
tep,0,0,ACM-SVM,missing_events,0.4,0.47583333333333333
tep,0,0,ACM-SVM,missing_events,0.5,0.45491666666666664
tep,0,0,ACM-SVM,missing_events,0.6,0.43291666666666667
tep,0,0,ACM-SVM,missing_events,0.7,0.40791666666666665
tep,0,0,ACM-SVM,missing_events,0.8,0.38366666666666666
tep,0,0,ACM-SVM,missing_events,0.9,0.33425
tep,0,0,ACM-SVM,mixed_missing_spurious,0.0,0.6766666666666667
tep,0,0,ACM-SVM,mixed_missing_spurious,0.05,0.5425
tep,0,0,ACM-SVM,mixed_missing_spurious,0.1,0.45658333333333334
tep,0,0,ACM-SVM,mixed_missing_spurious,0.15,0.39258333333333334
tep,0,0,ACM-SVM,mixed_missing_spurious,0.2,0.3665833333333333
tep,0,0,ACM-SVM,mixed_missing_spurious,0.25,0.34608333333333335
tep,0,0,ACM-SVM,mixed_missing_spurious,0.3,0.3348333333333333
tep,0,0,ACM-SVM,mixed_missing_spurious,0.4,0.31575000000000003
tep,0,0,ACM-SVM,mixed_missing_spurious,0.5,0.302
tep,0,0,ACM-SVM,mixed_missing_spurious,0.6,0.2980833333333333
tep,0,0,ACM-SVM,mixed_missing_spurious,0.7,0.30116666666666664
tep,0,0,ACM-SVM,mixed_missing_spurious,0.8,0.317
tep,0,0,ACM-SVM,mixed_missing_spurious,0.9,0.31783333333333336
tep,0,0,ACM-SVM,mixed_spurious_timing_late,0.0,0.6766666666666667
tep,0,0,ACM-SVM,mixed_spurious_timing_late,0.05,0.50325
tep,0,0,ACM-SVM,mixed_spurious_timing_late,0.1,0.446
tep,0,0,ACM-SVM,mixed_spurious_timing_late,0.15,0.3681666666666667
tep,0,0,ACM-SVM,mixed_spurious_timing_late,0.2,0.34
tep,0,0,ACM-SVM,mixed_spurious_timing_late,0.25,0.3266666666666667
tep,0,0,ACM-SVM,mixed_spurious_timing_late,0.3,0.3065
tep,0,0,ACM-SVM,mixed_spurious_timing_late,0.4,0.297
tep,0,0,ACM-SVM,mixed_spurious_timing_late,0.5,0.26625
tep,0,0,ACM-SVM,mixed_spurious_timing_late,0.6,0.27358333333333335
tep,0,0,ACM-SVM,mixed_spurious_timing_late,0.7,0.2505833333333333
tep,0,0,ACM-SVM,mixed_spurious_timing_late,0.8,0.24783333333333335
tep,0,0,ACM-SVM,mixed_spurious_timing_late,0.9,0.2945
tep,0,0,ACM-SVM,spurious_events,0.0,0.6766666666666667
tep,0,0,ACM-SVM,spurious_events,0.05,0.56575
tep,0,0,ACM-SVM,spurious_events,0.1,0.46058333333333334
tep,0,0,ACM-SVM,spurious_events,0.15,0.408
tep,0,0,ACM-SVM,spurious_events,0.2,0.36991666666666667
tep,0,0,ACM-SVM,spurious_events,0.25,0.34375
tep,0,0,ACM-SVM,spurious_events,0.3,0.32708333333333334
tep,0,0,ACM-SVM,spurious_events,0.4,0.2886666666666667
tep,0,0,ACM-SVM,spurious_events,0.5,0.26899999999999996
tep,0,0,ACM-SVM,spurious_events,0.6,0.2559166666666667
tep,0,0,ACM-SVM,spurious_events,0.7,0.23708333333333334
tep,0,0,ACM-SVM,spurious_events,0.8,0.2325
tep,0,0,ACM-SVM,spurious_events,0.9,0.22566666666666668
tep,0,0,ACM-SVM,timing_uncertainty,0.0,0.6766666666666667
tep,0,0,ACM-SVM,timing_uncertainty,0.05,0.67725
tep,0,0,ACM-SVM,timing_uncertainty,0.1,0.6776666666666666
tep,0,0,ACM-SVM,timing_uncertainty,0.15,0.6514166666666666
tep,0,0,ACM-SVM,timing_uncertainty,0.2,0.6411666666666667
tep,0,0,ACM-SVM,timing_uncertainty,0.25,0.6136666666666667
tep,0,0,ACM-SVM,timing_uncertainty,0.3,0.6040833333333333
tep,0,0,ACM-SVM,timing_uncertainty,0.4,0.57225
tep,0,0,ACM-SVM,timing_uncertainty,0.5,0.5459999999999999
tep,0,0,ACM-SVM,timing_uncertainty,0.6,0.5294166666666666
tep,0,0,ACM-SVM,timing_uncertainty,0.7,0.5146666666666667
tep,0,0,ACM-SVM,timing_uncertainty,0.8,0.5081666666666667
tep,0,0,ACM-SVM,timing_uncertainty,0.9,0.49491666666666667
tep,0,0,CASIM-prefix,late_time_delay,0.0,0.9700000000000001
tep,0,0,CASIM-prefix,late_time_delay,0.05,0.7333333333333334
tep,0,0,CASIM-prefix,late_time_delay,0.1,0.6900000000000001
tep,0,0,CASIM-prefix,late_time_delay,0.15,0.6333333333333333
tep,0,0,CASIM-prefix,late_time_delay,0.2,0.6124999999999999
tep,0,0,CASIM-prefix,late_time_delay,0.25,0.6033333333333334
tep,0,0,CASIM-prefix,late_time_delay,0.3,0.6041666666666666
tep,0,0,CASIM-prefix,late_time_delay,0.4,0.5066666666666667
tep,0,0,CASIM-prefix,late_time_delay,0.5,0.345
tep,0,0,CASIM-prefix,late_time_delay,0.6,0.27166666666666667
tep,0,0,CASIM-prefix,late_time_delay,0.7,0.24083333333333332
tep,0,0,CASIM-prefix,late_time_delay,0.8,0.215
tep,0,0,CASIM-prefix,late_time_delay,0.9,0.22
tep,0,0,CASIM-prefix,missing_events,0.0,0.9700000000000001
tep,0,0,CASIM-prefix,missing_events,0.05,0.9598333333333334
tep,0,0,CASIM-prefix,missing_events,0.1,0.9405
tep,0,0,CASIM-prefix,missing_events,0.15,0.9162499999999999
tep,0,0,CASIM-prefix,missing_events,0.2,0.8914166666666666
tep,0,0,CASIM-prefix,missing_events,0.25,0.872
tep,0,0,CASIM-prefix,missing_events,0.3,0.862
tep,0,0,CASIM-prefix,missing_events,0.4,0.7844166666666667
tep,0,0,CASIM-prefix,missing_events,0.5,0.7136666666666667
tep,0,0,CASIM-prefix,missing_events,0.6,0.6293333333333333
tep,0,0,CASIM-prefix,missing_events,0.7,0.5437500000000001
tep,0,0,CASIM-prefix,missing_events,0.8,0.41491666666666666
tep,0,0,CASIM-prefix,missing_events,0.9,0.2975
tep,0,0,CASIM-prefix,mixed_missing_spurious,0.0,0.9700000000000001
tep,0,0,CASIM-prefix,mixed_missing_spurious,0.05,0.95175
tep,0,0,CASIM-prefix,mixed_missing_spurious,0.1,0.9196666666666666
tep,0,0,CASIM-prefix,mixed_missing_spurious,0.15,0.88625
tep,0,0,CASIM-prefix,mixed_missing_spurious,0.2,0.8523333333333333
tep,0,0,CASIM-prefix,mixed_missing_spurious,0.25,0.8264999999999999
tep,0,0,CASIM-prefix,mixed_missing_spurious,0.3,0.7984166666666667
tep,0,0,CASIM-prefix,mixed_missing_spurious,0.4,0.74175
tep,0,0,CASIM-prefix,mixed_missing_spurious,0.5,0.6713333333333334
tep,0,0,CASIM-prefix,mixed_missing_spurious,0.6,0.60325
tep,0,0,CASIM-prefix,mixed_missing_spurious,0.7,0.528
tep,0,0,CASIM-prefix,mixed_missing_spurious,0.8,0.46599999999999997
tep,0,0,CASIM-prefix,mixed_missing_spurious,0.9,0.35250000000000004
tep,0,0,CASIM-prefix,mixed_spurious_timing_late,0.0,0.9700000000000001
tep,0,0,CASIM-prefix,mixed_spurious_timing_late,0.05,0.7319166666666667
tep,0,0,CASIM-prefix,mixed_spurious_timing_late,0.1,0.6709166666666667
tep,0,0,CASIM-prefix,mixed_spurious_timing_late,0.15,0.5981666666666666
tep,0,0,CASIM-prefix,mixed_spurious_timing_late,0.2,0.5453333333333333
tep,0,0,CASIM-prefix,mixed_spurious_timing_late,0.25,0.5183333333333334
tep,0,0,CASIM-prefix,mixed_spurious_timing_late,0.3,0.4911666666666667
tep,0,0,CASIM-prefix,mixed_spurious_timing_late,0.4,0.41450000000000004
tep,0,0,CASIM-prefix,mixed_spurious_timing_late,0.5,0.37033333333333335
tep,0,0,CASIM-prefix,mixed_spurious_timing_late,0.6,0.301
tep,0,0,CASIM-prefix,mixed_spurious_timing_late,0.7,0.3010833333333333
tep,0,0,CASIM-prefix,mixed_spurious_timing_late,0.8,0.2356666666666667
tep,0,0,CASIM-prefix,mixed_spurious_timing_late,0.9,0.2205
tep,0,0,CASIM-prefix,spurious_events,0.0,0.9700000000000001
tep,0,0,CASIM-prefix,spurious_events,0.05,0.96175
tep,0,0,CASIM-prefix,spurious_events,0.1,0.949
tep,0,0,CASIM-prefix,spurious_events,0.15,0.9350833333333334
tep,0,0,CASIM-prefix,spurious_events,0.2,0.9147500000000001
tep,0,0,CASIM-prefix,spurious_events,0.25,0.8935833333333333
tep,0,0,CASIM-prefix,spurious_events,0.3,0.8765000000000001
tep,0,0,CASIM-prefix,spurious_events,0.4,0.8376666666666667
tep,0,0,CASIM-prefix,spurious_events,0.5,0.7853333333333333
tep,0,0,CASIM-prefix,spurious_events,0.6,0.7596666666666666
tep,0,0,CASIM-prefix,spurious_events,0.7,0.7194166666666666
tep,0,0,CASIM-prefix,spurious_events,0.8,0.6824166666666667
tep,0,0,CASIM-prefix,spurious_events,0.9,0.6505
tep,0,0,CASIM-prefix,timing_uncertainty,0.0,0.9700000000000001
tep,0,0,CASIM-prefix,timing_uncertainty,0.05,0.9696666666666666
tep,0,0,CASIM-prefix,timing_uncertainty,0.1,0.968
tep,0,0,CASIM-prefix,timing_uncertainty,0.15,0.9673333333333334
tep,0,0,CASIM-prefix,timing_uncertainty,0.2,0.9645833333333332
tep,0,0,CASIM-prefix,timing_uncertainty,0.25,0.9610833333333333
tep,0,0,CASIM-prefix,timing_uncertainty,0.3,0.9574166666666667
tep,0,0,CASIM-prefix,timing_uncertainty,0.4,0.95375
tep,0,0,CASIM-prefix,timing_uncertainty,0.5,0.945
tep,0,0,CASIM-prefix,timing_uncertainty,0.6,0.9365
tep,0,0,CASIM-prefix,timing_uncertainty,0.7,0.9251666666666667
tep,0,0,CASIM-prefix,timing_uncertainty,0.8,0.907
tep,0,0,CASIM-prefix,timing_uncertainty,0.9,0.8830833333333334
tep,0,0,EAC-1NN,late_time_delay,0.0,0.7575
tep,0,0,EAC-1NN,late_time_delay,0.05,0.7599999999999999
tep,0,0,EAC-1NN,late_time_delay,0.1,0.8008333333333333
tep,0,0,EAC-1NN,late_time_delay,0.15,0.7816666666666667
tep,0,0,EAC-1NN,late_time_delay,0.2,0.7825000000000001
tep,0,0,EAC-1NN,late_time_delay,0.25,0.7875
tep,0,0,EAC-1NN,late_time_delay,0.3,0.8141666666666666
tep,0,0,EAC-1NN,late_time_delay,0.4,0.8008333333333333
tep,0,0,EAC-1NN,late_time_delay,0.5,0.7816666666666666
tep,0,0,EAC-1NN,late_time_delay,0.6,0.7733333333333333
tep,0,0,EAC-1NN,late_time_delay,0.7,0.77
tep,0,0,EAC-1NN,late_time_delay,0.8,0.7233333333333333
tep,0,0,EAC-1NN,late_time_delay,0.9,0.65
tep,0,0,EAC-1NN,missing_events,0.0,0.7575
tep,0,0,EAC-1NN,missing_events,0.05,0.7564166666666666
tep,0,0,EAC-1NN,missing_events,0.1,0.7534166666666667
tep,0,0,EAC-1NN,missing_events,0.15,0.753
tep,0,0,EAC-1NN,missing_events,0.2,0.7463333333333333
tep,0,0,EAC-1NN,missing_events,0.25,0.74225
tep,0,0,EAC-1NN,missing_events,0.3,0.7431666666666666
tep,0,0,EAC-1NN,missing_events,0.4,0.7291666666666666
tep,0,0,EAC-1NN,missing_events,0.5,0.7153333333333333
tep,0,0,EAC-1NN,missing_events,0.6,0.6902499999999999
tep,0,0,EAC-1NN,missing_events,0.7,0.65425
tep,0,0,EAC-1NN,missing_events,0.8,0.603
tep,0,0,EAC-1NN,missing_events,0.9,0.5006666666666667
tep,0,0,EAC-1NN,mixed_missing_spurious,0.0,0.7575
tep,0,0,EAC-1NN,mixed_missing_spurious,0.05,0.75075
tep,0,0,EAC-1NN,mixed_missing_spurious,0.1,0.74925
tep,0,0,EAC-1NN,mixed_missing_spurious,0.15,0.7401666666666666
tep,0,0,EAC-1NN,mixed_missing_spurious,0.2,0.72675
tep,0,0,EAC-1NN,mixed_missing_spurious,0.25,0.7225833333333332
tep,0,0,EAC-1NN,mixed_missing_spurious,0.3,0.7074166666666667
tep,0,0,EAC-1NN,mixed_missing_spurious,0.4,0.6878333333333333
tep,0,0,EAC-1NN,mixed_missing_spurious,0.5,0.6483333333333333
tep,0,0,EAC-1NN,mixed_missing_spurious,0.6,0.6119166666666667
tep,0,0,EAC-1NN,mixed_missing_spurious,0.7,0.5506666666666666
tep,0,0,EAC-1NN,mixed_missing_spurious,0.8,0.5318333333333333
tep,0,0,EAC-1NN,mixed_missing_spurious,0.9,0.4653333333333333
tep,0,0,EAC-1NN,mixed_spurious_timing_late,0.0,0.7575
tep,0,0,EAC-1NN,mixed_spurious_timing_late,0.05,0.7546666666666667
tep,0,0,EAC-1NN,mixed_spurious_timing_late,0.1,0.7930833333333333
tep,0,0,EAC-1NN,mixed_spurious_timing_late,0.15,0.7661666666666666
tep,0,0,EAC-1NN,mixed_spurious_timing_late,0.2,0.7595833333333334
tep,0,0,EAC-1NN,mixed_spurious_timing_late,0.25,0.7384166666666667
tep,0,0,EAC-1NN,mixed_spurious_timing_late,0.3,0.7579166666666667
tep,0,0,EAC-1NN,mixed_spurious_timing_late,0.4,0.718
tep,0,0,EAC-1NN,mixed_spurious_timing_late,0.5,0.7131666666666666
tep,0,0,EAC-1NN,mixed_spurious_timing_late,0.6,0.6660833333333334
tep,0,0,EAC-1NN,mixed_spurious_timing_late,0.7,0.628
tep,0,0,EAC-1NN,mixed_spurious_timing_late,0.8,0.6061666666666667
tep,0,0,EAC-1NN,mixed_spurious_timing_late,0.9,0.5215
tep,0,0,EAC-1NN,spurious_events,0.0,0.7575
tep,0,0,EAC-1NN,spurious_events,0.05,0.7529166666666667
tep,0,0,EAC-1NN,spurious_events,0.1,0.749
tep,0,0,EAC-1NN,spurious_events,0.15,0.742
tep,0,0,EAC-1NN,spurious_events,0.2,0.7365833333333334
tep,0,0,EAC-1NN,spurious_events,0.25,0.7339166666666667
tep,0,0,EAC-1NN,spurious_events,0.3,0.7167499999999999
tep,0,0,EAC-1NN,spurious_events,0.4,0.6980833333333333
tep,0,0,EAC-1NN,spurious_events,0.5,0.6938333333333334
tep,0,0,EAC-1NN,spurious_events,0.6,0.6764166666666668
tep,0,0,EAC-1NN,spurious_events,0.7,0.6687500000000001
tep,0,0,EAC-1NN,spurious_events,0.8,0.6451666666666667
tep,0,0,EAC-1NN,spurious_events,0.9,0.6325
tep,0,0,EAC-1NN,timing_uncertainty,0.0,0.7575
tep,0,0,EAC-1NN,timing_uncertainty,0.05,0.7564166666666666
tep,0,0,EAC-1NN,timing_uncertainty,0.1,0.7590833333333333
tep,0,0,EAC-1NN,timing_uncertainty,0.15,0.7556666666666666
tep,0,0,EAC-1NN,timing_uncertainty,0.2,0.7549166666666668
tep,0,0,EAC-1NN,timing_uncertainty,0.25,0.7523333333333334
tep,0,0,EAC-1NN,timing_uncertainty,0.3,0.7536666666666667
tep,0,0,EAC-1NN,timing_uncertainty,0.4,0.7560833333333333
tep,0,0,EAC-1NN,timing_uncertainty,0.5,0.7486666666666667
tep,0,0,EAC-1NN,timing_uncertainty,0.6,0.7494166666666667
tep,0,0,EAC-1NN,timing_uncertainty,0.7,0.7592500000000001
tep,0,0,EAC-1NN,timing_uncertainty,0.8,0.7475833333333334
tep,0,0,EAC-1NN,timing_uncertainty,0.9,0.7518333333333334
tep,0,0,JAC-1NN,late_time_delay,0.0,0.8208333333333333
tep,0,0,JAC-1NN,late_time_delay,0.05,0.7491666666666666
tep,0,0,JAC-1NN,late_time_delay,0.1,0.7725
tep,0,0,JAC-1NN,late_time_delay,0.15,0.7483333333333334
tep,0,0,JAC-1NN,late_time_delay,0.2,0.7508333333333334
tep,0,0,JAC-1NN,late_time_delay,0.25,0.7641666666666667
tep,0,0,JAC-1NN,late_time_delay,0.3,0.7866666666666666
tep,0,0,JAC-1NN,late_time_delay,0.4,0.7766666666666667
tep,0,0,JAC-1NN,late_time_delay,0.5,0.6708333333333334
tep,0,0,JAC-1NN,late_time_delay,0.6,0.5691666666666667
tep,0,0,JAC-1NN,late_time_delay,0.7,0.5008333333333334
tep,0,0,JAC-1NN,late_time_delay,0.8,0.44416666666666665
tep,0,0,JAC-1NN,late_time_delay,0.9,0.375
tep,0,0,JAC-1NN,missing_events,0.0,0.8208333333333333
tep,0,0,JAC-1NN,missing_events,0.05,0.81625
tep,0,0,JAC-1NN,missing_events,0.1,0.8096666666666666
tep,0,0,JAC-1NN,missing_events,0.15,0.8033333333333333
tep,0,0,JAC-1NN,missing_events,0.2,0.79225
tep,0,0,JAC-1NN,missing_events,0.25,0.779
tep,0,0,JAC-1NN,missing_events,0.3,0.7775
tep,0,0,JAC-1NN,missing_events,0.4,0.7481666666666666
tep,0,0,JAC-1NN,missing_events,0.5,0.717
tep,0,0,JAC-1NN,missing_events,0.6,0.6785
tep,0,0,JAC-1NN,missing_events,0.7,0.6255833333333333
tep,0,0,JAC-1NN,missing_events,0.8,0.55025
tep,0,0,JAC-1NN,missing_events,0.9,0.41608333333333336
tep,0,0,JAC-1NN,mixed_missing_spurious,0.0,0.8208333333333333
tep,0,0,JAC-1NN,mixed_missing_spurious,0.05,0.8038333333333334
tep,0,0,JAC-1NN,mixed_missing_spurious,0.1,0.7878333333333334
tep,0,0,JAC-1NN,mixed_missing_spurious,0.15,0.7659166666666666
tep,0,0,JAC-1NN,mixed_missing_spurious,0.2,0.7466666666666667
tep,0,0,JAC-1NN,mixed_missing_spurious,0.25,0.7254166666666667
tep,0,0,JAC-1NN,mixed_missing_spurious,0.3,0.7142499999999999
tep,0,0,JAC-1NN,mixed_missing_spurious,0.4,0.6853333333333333
tep,0,0,JAC-1NN,mixed_missing_spurious,0.5,0.6445
tep,0,0,JAC-1NN,mixed_missing_spurious,0.6,0.6031666666666666
tep,0,0,JAC-1NN,mixed_missing_spurious,0.7,0.5573333333333333
tep,0,0,JAC-1NN,mixed_missing_spurious,0.8,0.5365
tep,0,0,JAC-1NN,mixed_missing_spurious,0.9,0.42383333333333334
tep,0,0,JAC-1NN,mixed_spurious_timing_late,0.0,0.8208333333333333
tep,0,0,JAC-1NN,mixed_spurious_timing_late,0.05,0.7407499999999999
tep,0,0,JAC-1NN,mixed_spurious_timing_late,0.1,0.754
tep,0,0,JAC-1NN,mixed_spurious_timing_late,0.15,0.72175
tep,0,0,JAC-1NN,mixed_spurious_timing_late,0.2,0.7020833333333334
tep,0,0,JAC-1NN,mixed_spurious_timing_late,0.25,0.7036666666666668
tep,0,0,JAC-1NN,mixed_spurious_timing_late,0.3,0.7089166666666666
tep,0,0,JAC-1NN,mixed_spurious_timing_late,0.4,0.68025
tep,0,0,JAC-1NN,mixed_spurious_timing_late,0.5,0.63225
tep,0,0,JAC-1NN,mixed_spurious_timing_late,0.6,0.5731666666666666
tep,0,0,JAC-1NN,mixed_spurious_timing_late,0.7,0.5349166666666667
tep,0,0,JAC-1NN,mixed_spurious_timing_late,0.8,0.47816666666666663
tep,0,0,JAC-1NN,mixed_spurious_timing_late,0.9,0.40199999999999997
tep,0,0,JAC-1NN,spurious_events,0.0,0.8208333333333333
tep,0,0,JAC-1NN,spurious_events,0.05,0.8063333333333333
tep,0,0,JAC-1NN,spurious_events,0.1,0.79275
tep,0,0,JAC-1NN,spurious_events,0.15,0.7638333333333334
tep,0,0,JAC-1NN,spurious_events,0.2,0.7481666666666666
tep,0,0,JAC-1NN,spurious_events,0.25,0.73
tep,0,0,JAC-1NN,spurious_events,0.3,0.699
tep,0,0,JAC-1NN,spurious_events,0.4,0.6415000000000001
tep,0,0,JAC-1NN,spurious_events,0.5,0.5860833333333333
tep,0,0,JAC-1NN,spurious_events,0.6,0.5599166666666667
tep,0,0,JAC-1NN,spurious_events,0.7,0.50825
tep,0,0,JAC-1NN,spurious_events,0.8,0.47491666666666665
tep,0,0,JAC-1NN,spurious_events,0.9,0.45983333333333337
tep,0,0,JAC-1NN,timing_uncertainty,0.0,0.8208333333333333
tep,0,0,JAC-1NN,timing_uncertainty,0.05,0.8199166666666667
tep,0,0,JAC-1NN,timing_uncertainty,0.1,0.81575
tep,0,0,JAC-1NN,timing_uncertainty,0.15,0.82025
tep,0,0,JAC-1NN,timing_uncertainty,0.2,0.8175
tep,0,0,JAC-1NN,timing_uncertainty,0.25,0.8183333333333334
tep,0,0,JAC-1NN,timing_uncertainty,0.3,0.82075
tep,0,0,JAC-1NN,timing_uncertainty,0.4,0.81575
tep,0,0,JAC-1NN,timing_uncertainty,0.5,0.8213333333333334
tep,0,0,JAC-1NN,timing_uncertainty,0.6,0.8211666666666667
tep,0,0,JAC-1NN,timing_uncertainty,0.7,0.8261666666666666
tep,0,0,JAC-1NN,timing_uncertainty,0.8,0.8275
tep,0,0,JAC-1NN,timing_uncertainty,0.9,0.8295
tep,0,0,MBW-LR,late_time_delay,0.0,0.8466666666666667
tep,0,0,MBW-LR,late_time_delay,0.05,0.7866666666666666
tep,0,0,MBW-LR,late_time_delay,0.1,0.8366666666666666
tep,0,0,MBW-LR,late_time_delay,0.15,0.8033333333333333
tep,0,0,MBW-LR,late_time_delay,0.2,0.8024999999999999
tep,0,0,MBW-LR,late_time_delay,0.25,0.8366666666666666
tep,0,0,MBW-LR,late_time_delay,0.3,0.8525
tep,0,0,MBW-LR,late_time_delay,0.4,0.8416666666666667
tep,0,0,MBW-LR,late_time_delay,0.5,0.7799999999999999
tep,0,0,MBW-LR,late_time_delay,0.6,0.6975000000000001
tep,0,0,MBW-LR,late_time_delay,0.7,0.6175
tep,0,0,MBW-LR,late_time_delay,0.8,0.5558333333333334
tep,0,0,MBW-LR,late_time_delay,0.9,0.5
tep,0,0,MBW-LR,missing_events,0.0,0.8466666666666667
tep,0,0,MBW-LR,missing_events,0.05,0.8428333333333334
tep,0,0,MBW-LR,missing_events,0.1,0.8285833333333333
tep,0,0,MBW-LR,missing_events,0.15,0.8243333333333333
tep,0,0,MBW-LR,missing_events,0.2,0.823
tep,0,0,MBW-LR,missing_events,0.25,0.8039999999999999
tep,0,0,MBW-LR,missing_events,0.3,0.8021666666666666
tep,0,0,MBW-LR,missing_events,0.4,0.7776666666666667
tep,0,0,MBW-LR,missing_events,0.5,0.7454999999999999
tep,0,0,MBW-LR,missing_events,0.6,0.69975
tep,0,0,MBW-LR,missing_events,0.7,0.6565
tep,0,0,MBW-LR,missing_events,0.8,0.59725
tep,0,0,MBW-LR,missing_events,0.9,0.4970833333333333
tep,0,0,MBW-LR,mixed_missing_spurious,0.0,0.8466666666666667
tep,0,0,MBW-LR,mixed_missing_spurious,0.05,0.81075
tep,0,0,MBW-LR,mixed_missing_spurious,0.1,0.7710833333333333
tep,0,0,MBW-LR,mixed_missing_spurious,0.15,0.7215833333333332
tep,0,0,MBW-LR,mixed_missing_spurious,0.2,0.68575
tep,0,0,MBW-LR,mixed_missing_spurious,0.25,0.6661666666666667
tep,0,0,MBW-LR,mixed_missing_spurious,0.3,0.6305
tep,0,0,MBW-LR,mixed_missing_spurious,0.4,0.5904166666666667
tep,0,0,MBW-LR,mixed_missing_spurious,0.5,0.5476666666666666
tep,0,0,MBW-LR,mixed_missing_spurious,0.6,0.5186666666666667
tep,0,0,MBW-LR,mixed_missing_spurious,0.7,0.47350000000000003
tep,0,0,MBW-LR,mixed_missing_spurious,0.8,0.45933333333333337
tep,0,0,MBW-LR,mixed_missing_spurious,0.9,0.41250000000000003
tep,0,0,MBW-LR,mixed_spurious_timing_late,0.0,0.8466666666666667
tep,0,0,MBW-LR,mixed_spurious_timing_late,0.05,0.7564166666666666
tep,0,0,MBW-LR,mixed_spurious_timing_late,0.1,0.7779166666666666
tep,0,0,MBW-LR,mixed_spurious_timing_late,0.15,0.717
tep,0,0,MBW-LR,mixed_spurious_timing_late,0.2,0.6739166666666666
tep,0,0,MBW-LR,mixed_spurious_timing_late,0.25,0.6830833333333333
tep,0,0,MBW-LR,mixed_spurious_timing_late,0.3,0.6825
tep,0,0,MBW-LR,mixed_spurious_timing_late,0.4,0.649
tep,0,0,MBW-LR,mixed_spurious_timing_late,0.5,0.5932499999999999
tep,0,0,MBW-LR,mixed_spurious_timing_late,0.6,0.5199166666666667
tep,0,0,MBW-LR,mixed_spurious_timing_late,0.7,0.4403333333333333
tep,0,0,MBW-LR,mixed_spurious_timing_late,0.8,0.4100833333333333
tep,0,0,MBW-LR,mixed_spurious_timing_late,0.9,0.3885
tep,0,0,MBW-LR,spurious_events,0.0,0.8466666666666667
tep,0,0,MBW-LR,spurious_events,0.05,0.8076666666666666
tep,0,0,MBW-LR,spurious_events,0.1,0.7615
tep,0,0,MBW-LR,spurious_events,0.15,0.7220833333333333
tep,0,0,MBW-LR,spurious_events,0.2,0.67975
tep,0,0,MBW-LR,spurious_events,0.25,0.6516666666666667
tep,0,0,MBW-LR,spurious_events,0.3,0.61325
tep,0,0,MBW-LR,spurious_events,0.4,0.5559166666666666
tep,0,0,MBW-LR,spurious_events,0.5,0.5175
tep,0,0,MBW-LR,spurious_events,0.6,0.49291666666666667
tep,0,0,MBW-LR,spurious_events,0.7,0.4493333333333333
tep,0,0,MBW-LR,spurious_events,0.8,0.40791666666666665
tep,0,0,MBW-LR,spurious_events,0.9,0.41275
tep,0,0,MBW-LR,timing_uncertainty,0.0,0.8466666666666667
tep,0,0,MBW-LR,timing_uncertainty,0.05,0.846
tep,0,0,MBW-LR,timing_uncertainty,0.1,0.8452500000000001
tep,0,0,MBW-LR,timing_uncertainty,0.15,0.8440833333333333
tep,0,0,MBW-LR,timing_uncertainty,0.2,0.8376666666666667
tep,0,0,MBW-LR,timing_uncertainty,0.25,0.83175
tep,0,0,MBW-LR,timing_uncertainty,0.3,0.8215833333333333
tep,0,0,MBW-LR,timing_uncertainty,0.4,0.8130833333333333
tep,0,0,MBW-LR,timing_uncertainty,0.5,0.8053333333333333
tep,0,0,MBW-LR,timing_uncertainty,0.6,0.80625
tep,0,0,MBW-LR,timing_uncertainty,0.7,0.80825
tep,0,0,MBW-LR,timing_uncertainty,0.8,0.8068333333333334
tep,0,0,MBW-LR,timing_uncertainty,0.9,0.8065000000000001
tep,0,0,WDI-1NN,late_time_delay,0.0,0.5741666666666667
tep,0,0,WDI-1NN,late_time_delay,0.05,0.5608333333333333
tep,0,0,WDI-1NN,late_time_delay,0.1,0.5833333333333334
tep,0,0,WDI-1NN,late_time_delay,0.15,0.5858333333333333
tep,0,0,WDI-1NN,late_time_delay,0.2,0.5666666666666667
tep,0,0,WDI-1NN,late_time_delay,0.25,0.5308333333333334
tep,0,0,WDI-1NN,late_time_delay,0.3,0.5733333333333334
tep,0,0,WDI-1NN,late_time_delay,0.4,0.5191666666666667
tep,0,0,WDI-1NN,late_time_delay,0.5,0.4816666666666667
tep,0,0,WDI-1NN,late_time_delay,0.6,0.49416666666666664
tep,0,0,WDI-1NN,late_time_delay,0.7,0.5241666666666667
tep,0,0,WDI-1NN,late_time_delay,0.8,0.4991666666666667
tep,0,0,WDI-1NN,late_time_delay,0.9,0.4749999999999999
tep,0,0,WDI-1NN,missing_events,0.0,0.5741666666666667
tep,0,0,WDI-1NN,missing_events,0.05,0.5735833333333333
tep,0,0,WDI-1NN,missing_events,0.1,0.56825
tep,0,0,WDI-1NN,missing_events,0.15,0.5651666666666667
tep,0,0,WDI-1NN,missing_events,0.2,0.55725
tep,0,0,WDI-1NN,missing_events,0.25,0.5510833333333333
tep,0,0,WDI-1NN,missing_events,0.3,0.5480833333333334
tep,0,0,WDI-1NN,missing_events,0.4,0.5355833333333333
tep,0,0,WDI-1NN,missing_events,0.5,0.5129166666666667
tep,0,0,WDI-1NN,missing_events,0.6,0.4725
tep,0,0,WDI-1NN,missing_events,0.7,0.43583333333333335
tep,0,0,WDI-1NN,missing_events,0.8,0.39675
tep,0,0,WDI-1NN,missing_events,0.9,0.36074999999999996
tep,0,0,WDI-1NN,mixed_missing_spurious,0.0,0.5741666666666667
tep,0,0,WDI-1NN,mixed_missing_spurious,0.05,0.5735833333333333
tep,0,0,WDI-1NN,mixed_missing_spurious,0.1,0.5674166666666667
tep,0,0,WDI-1NN,mixed_missing_spurious,0.15,0.5623333333333334
tep,0,0,WDI-1NN,mixed_missing_spurious,0.2,0.5605833333333333
tep,0,0,WDI-1NN,mixed_missing_spurious,0.25,0.5565833333333333
tep,0,0,WDI-1NN,mixed_missing_spurious,0.3,0.5401666666666667
tep,0,0,WDI-1NN,mixed_missing_spurious,0.4,0.5293333333333333
tep,0,0,WDI-1NN,mixed_missing_spurious,0.5,0.49816666666666665
tep,0,0,WDI-1NN,mixed_missing_spurious,0.6,0.46858333333333335
tep,0,0,WDI-1NN,mixed_missing_spurious,0.7,0.42358333333333337
tep,0,0,WDI-1NN,mixed_missing_spurious,0.8,0.39225
tep,0,0,WDI-1NN,mixed_missing_spurious,0.9,0.3409166666666667
tep,0,0,WDI-1NN,mixed_spurious_timing_late,0.0,0.5741666666666667
tep,0,0,WDI-1NN,mixed_spurious_timing_late,0.05,0.5648333333333334
tep,0,0,WDI-1NN,mixed_spurious_timing_late,0.1,0.5805833333333333
tep,0,0,WDI-1NN,mixed_spurious_timing_late,0.15,0.5780833333333334
tep,0,0,WDI-1NN,mixed_spurious_timing_late,0.2,0.5506666666666667
tep,0,0,WDI-1NN,mixed_spurious_timing_late,0.25,0.5305833333333333
tep,0,0,WDI-1NN,mixed_spurious_timing_late,0.3,0.5485833333333333
tep,0,0,WDI-1NN,mixed_spurious_timing_late,0.4,0.49466666666666664
tep,0,0,WDI-1NN,mixed_spurious_timing_late,0.5,0.48033333333333333
tep,0,0,WDI-1NN,mixed_spurious_timing_late,0.6,0.4619166666666666
tep,0,0,WDI-1NN,mixed_spurious_timing_late,0.7,0.46799999999999997
tep,0,0,WDI-1NN,mixed_spurious_timing_late,0.8,0.4344166666666667
tep,0,0,WDI-1NN,mixed_spurious_timing_late,0.9,0.3845
tep,0,0,WDI-1NN,spurious_events,0.0,0.5741666666666667
tep,0,0,WDI-1NN,spurious_events,0.05,0.5744166666666667
tep,0,0,WDI-1NN,spurious_events,0.1,0.56875
tep,0,0,WDI-1NN,spurious_events,0.15,0.5738333333333333
tep,0,0,WDI-1NN,spurious_events,0.2,0.5705
tep,0,0,WDI-1NN,spurious_events,0.25,0.56725
tep,0,0,WDI-1NN,spurious_events,0.3,0.5691666666666667
tep,0,0,WDI-1NN,spurious_events,0.4,0.545
tep,0,0,WDI-1NN,spurious_events,0.5,0.5310833333333334
tep,0,0,WDI-1NN,spurious_events,0.6,0.5165000000000001
tep,0,0,WDI-1NN,spurious_events,0.7,0.4948333333333333
tep,0,0,WDI-1NN,spurious_events,0.8,0.47733333333333333
tep,0,0,WDI-1NN,spurious_events,0.9,0.4628333333333334
tep,0,0,WDI-1NN,timing_uncertainty,0.0,0.5741666666666667
tep,0,0,WDI-1NN,timing_uncertainty,0.05,0.5724166666666667
tep,0,0,WDI-1NN,timing_uncertainty,0.1,0.568
tep,0,0,WDI-1NN,timing_uncertainty,0.15,0.5718333333333333
tep,0,0,WDI-1NN,timing_uncertainty,0.2,0.57
tep,0,0,WDI-1NN,timing_uncertainty,0.25,0.5695833333333333
tep,0,0,WDI-1NN,timing_uncertainty,0.3,0.5681666666666666
tep,0,0,WDI-1NN,timing_uncertainty,0.4,0.5680833333333334
tep,0,0,WDI-1NN,timing_uncertainty,0.5,0.5710833333333333
tep,0,0,WDI-1NN,timing_uncertainty,0.6,0.5705833333333333
tep,0,0,WDI-1NN,timing_uncertainty,0.7,0.5745
tep,0,0,WDI-1NN,timing_uncertainty,0.8,0.578
tep,0,0,WDI-1NN,timing_uncertainty,0.9,0.5786666666666667
tep,1,0,ACM-SVM,late_time_delay,0.0,0.645
tep,1,0,ACM-SVM,late_time_delay,0.05,0.5725
tep,1,0,ACM-SVM,late_time_delay,0.1,0.5833333333333334
tep,1,0,ACM-SVM,late_time_delay,0.15,0.5475
tep,1,0,ACM-SVM,late_time_delay,0.2,0.5166666666666667
tep,1,0,ACM-SVM,late_time_delay,0.25,0.5141666666666667
tep,1,0,ACM-SVM,late_time_delay,0.3,0.5366666666666667
tep,1,0,ACM-SVM,late_time_delay,0.4,0.4691666666666667
tep,1,0,ACM-SVM,late_time_delay,0.5,0.43583333333333335
tep,1,0,ACM-SVM,late_time_delay,0.6,0.39666666666666667
tep,1,0,ACM-SVM,late_time_delay,0.7,0.3741666666666667
tep,1,0,ACM-SVM,late_time_delay,0.8,0.40166666666666667
tep,1,0,ACM-SVM,late_time_delay,0.9,0.3499999999999999
tep,1,0,ACM-SVM,missing_events,0.0,0.645
tep,1,0,ACM-SVM,missing_events,0.05,0.6149166666666667
tep,1,0,ACM-SVM,missing_events,0.1,0.58775
tep,1,0,ACM-SVM,missing_events,0.15,0.56175
tep,1,0,ACM-SVM,missing_events,0.2,0.5444166666666667
tep,1,0,ACM-SVM,missing_events,0.25,0.5285
tep,1,0,ACM-SVM,missing_events,0.3,0.5184166666666666
tep,1,0,ACM-SVM,missing_events,0.4,0.48608333333333337
tep,1,0,ACM-SVM,missing_events,0.5,0.45683333333333337
tep,1,0,ACM-SVM,missing_events,0.6,0.43516666666666665
tep,1,0,ACM-SVM,missing_events,0.7,0.4138333333333333
tep,1,0,ACM-SVM,missing_events,0.8,0.37716666666666665
tep,1,0,ACM-SVM,missing_events,0.9,0.32841666666666663
tep,1,0,ACM-SVM,mixed_missing_spurious,0.0,0.645
tep,1,0,ACM-SVM,mixed_missing_spurious,0.05,0.5323333333333333
tep,1,0,ACM-SVM,mixed_missing_spurious,0.1,0.449
tep,1,0,ACM-SVM,mixed_missing_spurious,0.15,0.4078333333333333
tep,1,0,ACM-SVM,mixed_missing_spurious,0.2,0.3761666666666667
tep,1,0,ACM-SVM,mixed_missing_spurious,0.25,0.3585833333333333
tep,1,0,ACM-SVM,mixed_missing_spurious,0.3,0.34075000000000005
tep,1,0,ACM-SVM,mixed_missing_spurious,0.4,0.32458333333333333
tep,1,0,ACM-SVM,mixed_missing_spurious,0.5,0.3080833333333333
tep,1,0,ACM-SVM,mixed_missing_spurious,0.6,0.30533333333333335
tep,1,0,ACM-SVM,mixed_missing_spurious,0.7,0.31116666666666665
tep,1,0,ACM-SVM,mixed_missing_spurious,0.8,0.30241666666666667
tep,1,0,ACM-SVM,mixed_missing_spurious,0.9,0.3125
tep,1,0,ACM-SVM,mixed_spurious_timing_late,0.0,0.645
tep,1,0,ACM-SVM,mixed_spurious_timing_late,0.05,0.49966666666666665
tep,1,0,ACM-SVM,mixed_spurious_timing_late,0.1,0.44508333333333333
tep,1,0,ACM-SVM,mixed_spurious_timing_late,0.15,0.37074999999999997
tep,1,0,ACM-SVM,mixed_spurious_timing_late,0.2,0.33375
tep,1,0,ACM-SVM,mixed_spurious_timing_late,0.25,0.3169166666666667
tep,1,0,ACM-SVM,mixed_spurious_timing_late,0.3,0.29724999999999996
tep,1,0,ACM-SVM,mixed_spurious_timing_late,0.4,0.28950000000000004
tep,1,0,ACM-SVM,mixed_spurious_timing_late,0.5,0.28450000000000003
tep,1,0,ACM-SVM,mixed_spurious_timing_late,0.6,0.28275
tep,1,0,ACM-SVM,mixed_spurious_timing_late,0.7,0.24675
tep,1,0,ACM-SVM,mixed_spurious_timing_late,0.8,0.24925
tep,1,0,ACM-SVM,mixed_spurious_timing_late,0.9,0.2855
tep,1,0,ACM-SVM,spurious_events,0.0,0.645
tep,1,0,ACM-SVM,spurious_events,0.05,0.544
tep,1,0,ACM-SVM,spurious_events,0.1,0.46475
tep,1,0,ACM-SVM,spurious_events,0.15,0.4111666666666667
tep,1,0,ACM-SVM,spurious_events,0.2,0.3714166666666667
tep,1,0,ACM-SVM,spurious_events,0.25,0.3416666666666666
tep,1,0,ACM-SVM,spurious_events,0.3,0.32608333333333334
tep,1,0,ACM-SVM,spurious_events,0.4,0.2946666666666667
tep,1,0,ACM-SVM,spurious_events,0.5,0.26816666666666666
tep,1,0,ACM-SVM,spurious_events,0.6,0.24950000000000003
tep,1,0,ACM-SVM,spurious_events,0.7,0.24350000000000002
tep,1,0,ACM-SVM,spurious_events,0.8,0.24050000000000002
tep,1,0,ACM-SVM,spurious_events,0.9,0.22766666666666668
tep,1,0,ACM-SVM,timing_uncertainty,0.0,0.645
tep,1,0,ACM-SVM,timing_uncertainty,0.05,0.6491666666666667
tep,1,0,ACM-SVM,timing_uncertainty,0.1,0.6466666666666666
tep,1,0,ACM-SVM,timing_uncertainty,0.15,0.6315833333333333
tep,1,0,ACM-SVM,timing_uncertainty,0.2,0.6104166666666667
tep,1,0,ACM-SVM,timing_uncertainty,0.25,0.6060833333333333
tep,1,0,ACM-SVM,timing_uncertainty,0.3,0.5988333333333333
tep,1,0,ACM-SVM,timing_uncertainty,0.4,0.5836666666666667
tep,1,0,ACM-SVM,timing_uncertainty,0.5,0.5640833333333334
tep,1,0,ACM-SVM,timing_uncertainty,0.6,0.5464166666666667
tep,1,0,ACM-SVM,timing_uncertainty,0.7,0.5399999999999999
tep,1,0,ACM-SVM,timing_uncertainty,0.8,0.5323333333333333
tep,1,0,ACM-SVM,timing_uncertainty,0.9,0.5166666666666667
tep,1,0,CASIM-prefix,late_time_delay,0.0,0.9691666666666666
tep,1,0,CASIM-prefix,late_time_delay,0.05,0.7066666666666667
tep,1,0,CASIM-prefix,late_time_delay,0.1,0.7025
tep,1,0,CASIM-prefix,late_time_delay,0.15,0.6633333333333333
tep,1,0,CASIM-prefix,late_time_delay,0.2,0.6466666666666666
tep,1,0,CASIM-prefix,late_time_delay,0.25,0.5583333333333333
tep,1,0,CASIM-prefix,late_time_delay,0.3,0.5358333333333333
tep,1,0,CASIM-prefix,late_time_delay,0.4,0.5125
tep,1,0,CASIM-prefix,late_time_delay,0.5,0.44333333333333336
tep,1,0,CASIM-prefix,late_time_delay,0.6,0.3933333333333333
tep,1,0,CASIM-prefix,late_time_delay,0.7,0.2725
tep,1,0,CASIM-prefix,late_time_delay,0.8,0.22666666666666666
tep,1,0,CASIM-prefix,late_time_delay,0.9,0.225
tep,1,0,CASIM-prefix,missing_events,0.0,0.9691666666666666
tep,1,0,CASIM-prefix,missing_events,0.05,0.953
tep,1,0,CASIM-prefix,missing_events,0.1,0.93125
tep,1,0,CASIM-prefix,missing_events,0.15,0.9168333333333334
tep,1,0,CASIM-prefix,missing_events,0.2,0.8967499999999999
tep,1,0,CASIM-prefix,missing_events,0.25,0.8720833333333333
tep,1,0,CASIM-prefix,missing_events,0.3,0.8478333333333333
tep,1,0,CASIM-prefix,missing_events,0.4,0.7803333333333334
tep,1,0,CASIM-prefix,missing_events,0.5,0.7091666666666666
tep,1,0,CASIM-prefix,missing_events,0.6,0.63525
tep,1,0,CASIM-prefix,missing_events,0.7,0.5571666666666667
tep,1,0,CASIM-prefix,missing_events,0.8,0.44325
tep,1,0,CASIM-prefix,missing_events,0.9,0.3150833333333333
tep,1,0,CASIM-prefix,mixed_missing_spurious,0.0,0.9691666666666666
tep,1,0,CASIM-prefix,mixed_missing_spurious,0.05,0.9509166666666666
tep,1,0,CASIM-prefix,mixed_missing_spurious,0.1,0.9255833333333333
tep,1,0,CASIM-prefix,mixed_missing_spurious,0.15,0.891
tep,1,0,CASIM-prefix,mixed_missing_spurious,0.2,0.8689166666666667
tep,1,0,CASIM-prefix,mixed_missing_spurious,0.25,0.82775
tep,1,0,CASIM-prefix,mixed_missing_spurious,0.3,0.8070833333333334
tep,1,0,CASIM-prefix,mixed_missing_spurious,0.4,0.7479166666666667
tep,1,0,CASIM-prefix,mixed_missing_spurious,0.5,0.6743333333333333
tep,1,0,CASIM-prefix,mixed_missing_spurious,0.6,0.6173333333333333
tep,1,0,CASIM-prefix,mixed_missing_spurious,0.7,0.5604166666666667
tep,1,0,CASIM-prefix,mixed_missing_spurious,0.8,0.45816666666666667
tep,1,0,CASIM-prefix,mixed_missing_spurious,0.9,0.34525
tep,1,0,CASIM-prefix,mixed_spurious_timing_late,0.0,0.9691666666666666
tep,1,0,CASIM-prefix,mixed_spurious_timing_late,0.05,0.7050833333333334
tep,1,0,CASIM-prefix,mixed_spurious_timing_late,0.1,0.68975
tep,1,0,CASIM-prefix,mixed_spurious_timing_late,0.15,0.63275
tep,1,0,CASIM-prefix,mixed_spurious_timing_late,0.2,0.6043333333333333
tep,1,0,CASIM-prefix,mixed_spurious_timing_late,0.25,0.5005833333333333
tep,1,0,CASIM-prefix,mixed_spurious_timing_late,0.3,0.47816666666666663
tep,1,0,CASIM-prefix,mixed_spurious_timing_late,0.4,0.4208333333333334
tep,1,0,CASIM-prefix,mixed_spurious_timing_late,0.5,0.3755
tep,1,0,CASIM-prefix,mixed_spurious_timing_late,0.6,0.32325
tep,1,0,CASIM-prefix,mixed_spurious_timing_late,0.7,0.2836666666666667
tep,1,0,CASIM-prefix,mixed_spurious_timing_late,0.8,0.2789166666666667
tep,1,0,CASIM-prefix,mixed_spurious_timing_late,0.9,0.241
tep,1,0,CASIM-prefix,spurious_events,0.0,0.9691666666666666
tep,1,0,CASIM-prefix,spurious_events,0.05,0.9587500000000001
tep,1,0,CASIM-prefix,spurious_events,0.1,0.9508333333333333
tep,1,0,CASIM-prefix,spurious_events,0.15,0.9308333333333333
tep,1,0,CASIM-prefix,spurious_events,0.2,0.9162500000000001
tep,1,0,CASIM-prefix,spurious_events,0.25,0.9021666666666667
tep,1,0,CASIM-prefix,spurious_events,0.3,0.8777499999999999
tep,1,0,CASIM-prefix,spurious_events,0.4,0.8389166666666666
tep,1,0,CASIM-prefix,spurious_events,0.5,0.79175
tep,1,0,CASIM-prefix,spurious_events,0.6,0.75775
tep,1,0,CASIM-prefix,spurious_events,0.7,0.7190833333333333
tep,1,0,CASIM-prefix,spurious_events,0.8,0.6939166666666666
tep,1,0,CASIM-prefix,spurious_events,0.9,0.66375
tep,1,0,CASIM-prefix,timing_uncertainty,0.0,0.9691666666666666
tep,1,0,CASIM-prefix,timing_uncertainty,0.05,0.9683333333333334
tep,1,0,CASIM-prefix,timing_uncertainty,0.1,0.9656666666666668
tep,1,0,CASIM-prefix,timing_uncertainty,0.15,0.9625
tep,1,0,CASIM-prefix,timing_uncertainty,0.2,0.9599166666666666
tep,1,0,CASIM-prefix,timing_uncertainty,0.25,0.9523333333333334
tep,1,0,CASIM-prefix,timing_uncertainty,0.3,0.9464166666666666
tep,1,0,CASIM-prefix,timing_uncertainty,0.4,0.9346666666666668
tep,1,0,CASIM-prefix,timing_uncertainty,0.5,0.9205
tep,1,0,CASIM-prefix,timing_uncertainty,0.6,0.9034166666666668
tep,1,0,CASIM-prefix,timing_uncertainty,0.7,0.89425
tep,1,0,CASIM-prefix,timing_uncertainty,0.8,0.8709166666666667
tep,1,0,CASIM-prefix,timing_uncertainty,0.9,0.85575
tep,1,0,EAC-1NN,late_time_delay,0.0,0.7908333333333334
tep,1,0,EAC-1NN,late_time_delay,0.05,0.8016666666666667
tep,1,0,EAC-1NN,late_time_delay,0.1,0.8183333333333334
tep,1,0,EAC-1NN,late_time_delay,0.15,0.8075
tep,1,0,EAC-1NN,late_time_delay,0.2,0.8125
tep,1,0,EAC-1NN,late_time_delay,0.25,0.8225000000000001
tep,1,0,EAC-1NN,late_time_delay,0.3,0.8233333333333334
tep,1,0,EAC-1NN,late_time_delay,0.4,0.7866666666666666
tep,1,0,EAC-1NN,late_time_delay,0.5,0.8341666666666666
tep,1,0,EAC-1NN,late_time_delay,0.6,0.8075000000000001
tep,1,0,EAC-1NN,late_time_delay,0.7,0.7491666666666666
tep,1,0,EAC-1NN,late_time_delay,0.8,0.7108333333333333
tep,1,0,EAC-1NN,late_time_delay,0.9,0.62
tep,1,0,EAC-1NN,missing_events,0.0,0.7908333333333334
tep,1,0,EAC-1NN,missing_events,0.05,0.79
tep,1,0,EAC-1NN,missing_events,0.1,0.7901666666666666
tep,1,0,EAC-1NN,missing_events,0.15,0.7870833333333334
tep,1,0,EAC-1NN,missing_events,0.2,0.7879999999999999
tep,1,0,EAC-1NN,missing_events,0.25,0.7807499999999999
tep,1,0,EAC-1NN,missing_events,0.3,0.7780833333333333
tep,1,0,EAC-1NN,missing_events,0.4,0.7705000000000001
tep,1,0,EAC-1NN,missing_events,0.5,0.7447499999999999
tep,1,0,EAC-1NN,missing_events,0.6,0.7256666666666667
tep,1,0,EAC-1NN,missing_events,0.7,0.7016666666666667
tep,1,0,EAC-1NN,missing_events,0.8,0.6420833333333333
tep,1,0,EAC-1NN,missing_events,0.9,0.5376666666666666
tep,1,0,EAC-1NN,mixed_missing_spurious,0.0,0.7908333333333334
tep,1,0,EAC-1NN,mixed_missing_spurious,0.05,0.7844166666666667
tep,1,0,EAC-1NN,mixed_missing_spurious,0.1,0.7753333333333333
tep,1,0,EAC-1NN,mixed_missing_spurious,0.15,0.7631666666666667
tep,1,0,EAC-1NN,mixed_missing_spurious,0.2,0.7522500000000001
tep,1,0,EAC-1NN,mixed_missing_spurious,0.25,0.73425
tep,1,0,EAC-1NN,mixed_missing_spurious,0.3,0.735
tep,1,0,EAC-1NN,mixed_missing_spurious,0.4,0.7108333333333334
tep,1,0,EAC-1NN,mixed_missing_spurious,0.5,0.66525
tep,1,0,EAC-1NN,mixed_missing_spurious,0.6,0.63875
tep,1,0,EAC-1NN,mixed_missing_spurious,0.7,0.6035833333333334
tep,1,0,EAC-1NN,mixed_missing_spurious,0.8,0.54525
tep,1,0,EAC-1NN,mixed_missing_spurious,0.9,0.47608333333333336
tep,1,0,EAC-1NN,mixed_spurious_timing_late,0.0,0.7908333333333334
tep,1,0,EAC-1NN,mixed_spurious_timing_late,0.05,0.7963333333333332
tep,1,0,EAC-1NN,mixed_spurious_timing_late,0.1,0.805
tep,1,0,EAC-1NN,mixed_spurious_timing_late,0.15,0.7805
tep,1,0,EAC-1NN,mixed_spurious_timing_late,0.2,0.7806666666666667
tep,1,0,EAC-1NN,mixed_spurious_timing_late,0.25,0.7679166666666667
tep,1,0,EAC-1NN,mixed_spurious_timing_late,0.3,0.7611666666666667
tep,1,0,EAC-1NN,mixed_spurious_timing_late,0.4,0.71525
tep,1,0,EAC-1NN,mixed_spurious_timing_late,0.5,0.7190833333333333
tep,1,0,EAC-1NN,mixed_spurious_timing_late,0.6,0.6803333333333333
tep,1,0,EAC-1NN,mixed_spurious_timing_late,0.7,0.6175833333333334
tep,1,0,EAC-1NN,mixed_spurious_timing_late,0.8,0.5875
tep,1,0,EAC-1NN,mixed_spurious_timing_late,0.9,0.507
tep,1,0,EAC-1NN,spurious_events,0.0,0.7908333333333334
tep,1,0,EAC-1NN,spurious_events,0.05,0.78475
tep,1,0,EAC-1NN,spurious_events,0.1,0.7674166666666666
tep,1,0,EAC-1NN,spurious_events,0.15,0.7665000000000001
tep,1,0,EAC-1NN,spurious_events,0.2,0.7536666666666667
tep,1,0,EAC-1NN,spurious_events,0.25,0.7483333333333334
tep,1,0,EAC-1NN,spurious_events,0.3,0.7458333333333332
tep,1,0,EAC-1NN,spurious_events,0.4,0.7174999999999999
tep,1,0,EAC-1NN,spurious_events,0.5,0.7015833333333333
tep,1,0,EAC-1NN,spurious_events,0.6,0.6833333333333332
tep,1,0,EAC-1NN,spurious_events,0.7,0.6644166666666667
tep,1,0,EAC-1NN,spurious_events,0.8,0.6540833333333333
tep,1,0,EAC-1NN,spurious_events,0.9,0.6339166666666667
tep,1,0,EAC-1NN,timing_uncertainty,0.0,0.7908333333333334
tep,1,0,EAC-1NN,timing_uncertainty,0.05,0.7897500000000001
tep,1,0,EAC-1NN,timing_uncertainty,0.1,0.7911666666666667
tep,1,0,EAC-1NN,timing_uncertainty,0.15,0.7908333333333334
tep,1,0,EAC-1NN,timing_uncertainty,0.2,0.7905000000000001
tep,1,0,EAC-1NN,timing_uncertainty,0.25,0.7918333333333334
tep,1,0,EAC-1NN,timing_uncertainty,0.3,0.7875833333333334
tep,1,0,EAC-1NN,timing_uncertainty,0.4,0.7805833333333334
tep,1,0,EAC-1NN,timing_uncertainty,0.5,0.7870833333333334
tep,1,0,EAC-1NN,timing_uncertainty,0.6,0.7896666666666666
tep,1,0,EAC-1NN,timing_uncertainty,0.7,0.7898333333333333
tep,1,0,EAC-1NN,timing_uncertainty,0.8,0.7949166666666666
tep,1,0,EAC-1NN,timing_uncertainty,0.9,0.7911666666666667
tep,1,0,JAC-1NN,late_time_delay,0.0,0.83
tep,1,0,JAC-1NN,late_time_delay,0.05,0.7641666666666667
tep,1,0,JAC-1NN,late_time_delay,0.1,0.7583333333333333
tep,1,0,JAC-1NN,late_time_delay,0.15,0.7533333333333333
tep,1,0,JAC-1NN,late_time_delay,0.2,0.755
tep,1,0,JAC-1NN,late_time_delay,0.25,0.7875
tep,1,0,JAC-1NN,late_time_delay,0.3,0.8158333333333334
tep,1,0,JAC-1NN,late_time_delay,0.4,0.7091666666666666
tep,1,0,JAC-1NN,late_time_delay,0.5,0.65
tep,1,0,JAC-1NN,late_time_delay,0.6,0.6033333333333334
tep,1,0,JAC-1NN,late_time_delay,0.7,0.4583333333333333
tep,1,0,JAC-1NN,late_time_delay,0.8,0.42416666666666664
tep,1,0,JAC-1NN,late_time_delay,0.9,0.36000000000000004
tep,1,0,JAC-1NN,missing_events,0.0,0.83
tep,1,0,JAC-1NN,missing_events,0.05,0.8254999999999999
tep,1,0,JAC-1NN,missing_events,0.1,0.8188333333333334
tep,1,0,JAC-1NN,missing_events,0.15,0.8125
tep,1,0,JAC-1NN,missing_events,0.2,0.809
tep,1,0,JAC-1NN,missing_events,0.25,0.8019166666666666
tep,1,0,JAC-1NN,missing_events,0.3,0.80025
tep,1,0,JAC-1NN,missing_events,0.4,0.7690833333333332
tep,1,0,JAC-1NN,missing_events,0.5,0.7406666666666667
tep,1,0,JAC-1NN,missing_events,0.6,0.6970833333333334
tep,1,0,JAC-1NN,missing_events,0.7,0.64225
tep,1,0,JAC-1NN,missing_events,0.8,0.5625833333333333
tep,1,0,JAC-1NN,missing_events,0.9,0.42824999999999996
tep,1,0,JAC-1NN,mixed_missing_spurious,0.0,0.83
tep,1,0,JAC-1NN,mixed_missing_spurious,0.05,0.8184166666666667
tep,1,0,JAC-1NN,mixed_missing_spurious,0.1,0.8013333333333333
tep,1,0,JAC-1NN,mixed_missing_spurious,0.15,0.78625
tep,1,0,JAC-1NN,mixed_missing_spurious,0.2,0.7584166666666666
tep,1,0,JAC-1NN,mixed_missing_spurious,0.25,0.74825
tep,1,0,JAC-1NN,mixed_missing_spurious,0.3,0.7275833333333334
tep,1,0,JAC-1NN,mixed_missing_spurious,0.4,0.68525
tep,1,0,JAC-1NN,mixed_missing_spurious,0.5,0.6507499999999999
tep,1,0,JAC-1NN,mixed_missing_spurious,0.6,0.6222500000000001
tep,1,0,JAC-1NN,mixed_missing_spurious,0.7,0.5793333333333334
tep,1,0,JAC-1NN,mixed_missing_spurious,0.8,0.51575
tep,1,0,JAC-1NN,mixed_missing_spurious,0.9,0.4295
tep,1,0,JAC-1NN,mixed_spurious_timing_late,0.0,0.83
tep,1,0,JAC-1NN,mixed_spurious_timing_late,0.05,0.7541666666666668
tep,1,0,JAC-1NN,mixed_spurious_timing_late,0.1,0.7410833333333334
tep,1,0,JAC-1NN,mixed_spurious_timing_late,0.15,0.72275
tep,1,0,JAC-1NN,mixed_spurious_timing_late,0.2,0.706
tep,1,0,JAC-1NN,mixed_spurious_timing_late,0.25,0.7064166666666667
tep,1,0,JAC-1NN,mixed_spurious_timing_late,0.3,0.7219166666666667
tep,1,0,JAC-1NN,mixed_spurious_timing_late,0.4,0.6555833333333333
tep,1,0,JAC-1NN,mixed_spurious_timing_late,0.5,0.6190833333333333
tep,1,0,JAC-1NN,mixed_spurious_timing_late,0.6,0.5775
tep,1,0,JAC-1NN,mixed_spurious_timing_late,0.7,0.5169166666666667
tep,1,0,JAC-1NN,mixed_spurious_timing_late,0.8,0.48124999999999996
tep,1,0,JAC-1NN,mixed_spurious_timing_late,0.9,0.3845
tep,1,0,JAC-1NN,spurious_events,0.0,0.83
tep,1,0,JAC-1NN,spurious_events,0.05,0.81875
tep,1,0,JAC-1NN,spurious_events,0.1,0.7998333333333334
tep,1,0,JAC-1NN,spurious_events,0.15,0.7843333333333332
tep,1,0,JAC-1NN,spurious_events,0.2,0.7638333333333334
tep,1,0,JAC-1NN,spurious_events,0.25,0.7295833333333333
tep,1,0,JAC-1NN,spurious_events,0.3,0.6968333333333333
tep,1,0,JAC-1NN,spurious_events,0.4,0.6460833333333333
tep,1,0,JAC-1NN,spurious_events,0.5,0.6020833333333333
tep,1,0,JAC-1NN,spurious_events,0.6,0.5495
tep,1,0,JAC-1NN,spurious_events,0.7,0.5054166666666667
tep,1,0,JAC-1NN,spurious_events,0.8,0.49491666666666667
tep,1,0,JAC-1NN,spurious_events,0.9,0.4618333333333333
tep,1,0,JAC-1NN,timing_uncertainty,0.0,0.83
tep,1,0,JAC-1NN,timing_uncertainty,0.05,0.8295
tep,1,0,JAC-1NN,timing_uncertainty,0.1,0.8274166666666667
tep,1,0,JAC-1NN,timing_uncertainty,0.15,0.8305833333333332
tep,1,0,JAC-1NN,timing_uncertainty,0.2,0.8275
tep,1,0,JAC-1NN,timing_uncertainty,0.25,0.8265833333333333
tep,1,0,JAC-1NN,timing_uncertainty,0.3,0.827
tep,1,0,JAC-1NN,timing_uncertainty,0.4,0.8308333333333334
tep,1,0,JAC-1NN,timing_uncertainty,0.5,0.8331666666666666
tep,1,0,JAC-1NN,timing_uncertainty,0.6,0.8294166666666666
tep,1,0,JAC-1NN,timing_uncertainty,0.7,0.83675
tep,1,0,JAC-1NN,timing_uncertainty,0.8,0.8346666666666667
tep,1,0,JAC-1NN,timing_uncertainty,0.9,0.8382499999999999
tep,1,0,MBW-LR,late_time_delay,0.0,0.8691666666666666
tep,1,0,MBW-LR,late_time_delay,0.05,0.8158333333333333
tep,1,0,MBW-LR,late_time_delay,0.1,0.8858333333333333
tep,1,0,MBW-LR,late_time_delay,0.15,0.8516666666666667
tep,1,0,MBW-LR,late_time_delay,0.2,0.8258333333333333
tep,1,0,MBW-LR,late_time_delay,0.25,0.8341666666666666
tep,1,0,MBW-LR,late_time_delay,0.3,0.8658333333333333
tep,1,0,MBW-LR,late_time_delay,0.4,0.7999999999999999
tep,1,0,MBW-LR,late_time_delay,0.5,0.8175
tep,1,0,MBW-LR,late_time_delay,0.6,0.7708333333333334
tep,1,0,MBW-LR,late_time_delay,0.7,0.6108333333333333
tep,1,0,MBW-LR,late_time_delay,0.8,0.5525000000000001
tep,1,0,MBW-LR,late_time_delay,0.9,0.49
tep,1,0,MBW-LR,missing_events,0.0,0.8691666666666666
tep,1,0,MBW-LR,missing_events,0.05,0.8606666666666666
tep,1,0,MBW-LR,missing_events,0.1,0.8536666666666667
tep,1,0,MBW-LR,missing_events,0.15,0.8469166666666667
tep,1,0,MBW-LR,missing_events,0.2,0.83275
tep,1,0,MBW-LR,missing_events,0.25,0.8255833333333333
tep,1,0,MBW-LR,missing_events,0.3,0.8160833333333334
tep,1,0,MBW-LR,missing_events,0.4,0.7912500000000001
tep,1,0,MBW-LR,missing_events,0.5,0.7599166666666667
tep,1,0,MBW-LR,missing_events,0.6,0.7285833333333334
tep,1,0,MBW-LR,missing_events,0.7,0.6891666666666666
tep,1,0,MBW-LR,missing_events,0.8,0.6253333333333334
tep,1,0,MBW-LR,missing_events,0.9,0.5213333333333333
tep,1,0,MBW-LR,mixed_missing_spurious,0.0,0.8691666666666666
tep,1,0,MBW-LR,mixed_missing_spurious,0.05,0.8208333333333333
tep,1,0,MBW-LR,mixed_missing_spurious,0.1,0.7768333333333333
tep,1,0,MBW-LR,mixed_missing_spurious,0.15,0.73825
tep,1,0,MBW-LR,mixed_missing_spurious,0.2,0.7075833333333333
tep,1,0,MBW-LR,mixed_missing_spurious,0.25,0.6656666666666666
tep,1,0,MBW-LR,mixed_missing_spurious,0.3,0.6581666666666667
tep,1,0,MBW-LR,mixed_missing_spurious,0.4,0.61175
tep,1,0,MBW-LR,mixed_missing_spurious,0.5,0.5553333333333333
tep,1,0,MBW-LR,mixed_missing_spurious,0.6,0.5401666666666667
tep,1,0,MBW-LR,mixed_missing_spurious,0.7,0.5188333333333334
tep,1,0,MBW-LR,mixed_missing_spurious,0.8,0.47258333333333336
tep,1,0,MBW-LR,mixed_missing_spurious,0.9,0.42316666666666664
tep,1,0,MBW-LR,mixed_spurious_timing_late,0.0,0.8691666666666666
tep,1,0,MBW-LR,mixed_spurious_timing_late,0.05,0.7804166666666666
tep,1,0,MBW-LR,mixed_spurious_timing_late,0.1,0.81825
tep,1,0,MBW-LR,mixed_spurious_timing_late,0.15,0.7336666666666667
tep,1,0,MBW-LR,mixed_spurious_timing_late,0.2,0.68775
tep,1,0,MBW-LR,mixed_spurious_timing_late,0.25,0.6625
tep,1,0,MBW-LR,mixed_spurious_timing_late,0.3,0.68675
tep,1,0,MBW-LR,mixed_spurious_timing_late,0.4,0.6266666666666667
tep,1,0,MBW-LR,mixed_spurious_timing_late,0.5,0.6145833333333334
tep,1,0,MBW-LR,mixed_spurious_timing_late,0.6,0.5290833333333333
tep,1,0,MBW-LR,mixed_spurious_timing_late,0.7,0.44675
tep,1,0,MBW-LR,mixed_spurious_timing_late,0.8,0.41591666666666666
tep,1,0,MBW-LR,mixed_spurious_timing_late,0.9,0.3965
tep,1,0,MBW-LR,spurious_events,0.0,0.8691666666666666
tep,1,0,MBW-LR,spurious_events,0.05,0.8257499999999999
tep,1,0,MBW-LR,spurious_events,0.1,0.7728333333333333
tep,1,0,MBW-LR,spurious_events,0.15,0.7414999999999999
tep,1,0,MBW-LR,spurious_events,0.2,0.6865
tep,1,0,MBW-LR,spurious_events,0.25,0.6529999999999999
tep,1,0,MBW-LR,spurious_events,0.3,0.62425
tep,1,0,MBW-LR,spurious_events,0.4,0.5652499999999999
tep,1,0,MBW-LR,spurious_events,0.5,0.52725
tep,1,0,MBW-LR,spurious_events,0.6,0.492
tep,1,0,MBW-LR,spurious_events,0.7,0.45275
tep,1,0,MBW-LR,spurious_events,0.8,0.4383333333333333
tep,1,0,MBW-LR,spurious_events,0.9,0.41225
tep,1,0,MBW-LR,timing_uncertainty,0.0,0.8691666666666666
tep,1,0,MBW-LR,timing_uncertainty,0.05,0.8693333333333334
tep,1,0,MBW-LR,timing_uncertainty,0.1,0.8685833333333334
tep,1,0,MBW-LR,timing_uncertainty,0.15,0.8609166666666667
tep,1,0,MBW-LR,timing_uncertainty,0.2,0.8564166666666667
tep,1,0,MBW-LR,timing_uncertainty,0.25,0.8493333333333334
tep,1,0,MBW-LR,timing_uncertainty,0.3,0.8449166666666666
tep,1,0,MBW-LR,timing_uncertainty,0.4,0.8296666666666667
tep,1,0,MBW-LR,timing_uncertainty,0.5,0.831
tep,1,0,MBW-LR,timing_uncertainty,0.6,0.8333333333333334
tep,1,0,MBW-LR,timing_uncertainty,0.7,0.8289166666666666
tep,1,0,MBW-LR,timing_uncertainty,0.8,0.8354166666666667
tep,1,0,MBW-LR,timing_uncertainty,0.9,0.8306666666666667
tep,1,0,WDI-1NN,late_time_delay,0.0,0.6133333333333333
tep,1,0,WDI-1NN,late_time_delay,0.05,0.6083333333333333
tep,1,0,WDI-1NN,late_time_delay,0.1,0.6216666666666667
tep,1,0,WDI-1NN,late_time_delay,0.15,0.6183333333333333
tep,1,0,WDI-1NN,late_time_delay,0.2,0.5816666666666667
tep,1,0,WDI-1NN,late_time_delay,0.25,0.5533333333333333
tep,1,0,WDI-1NN,late_time_delay,0.3,0.5499999999999999
tep,1,0,WDI-1NN,late_time_delay,0.4,0.4891666666666667
tep,1,0,WDI-1NN,late_time_delay,0.5,0.4708333333333334
tep,1,0,WDI-1NN,late_time_delay,0.6,0.4633333333333334
tep,1,0,WDI-1NN,late_time_delay,0.7,0.49416666666666664
tep,1,0,WDI-1NN,late_time_delay,0.8,0.5
tep,1,0,WDI-1NN,late_time_delay,0.9,0.4749999999999999
tep,1,0,WDI-1NN,missing_events,0.0,0.6133333333333333
tep,1,0,WDI-1NN,missing_events,0.05,0.6101666666666666
tep,1,0,WDI-1NN,missing_events,0.1,0.6039166666666667
tep,1,0,WDI-1NN,missing_events,0.15,0.6003333333333333
tep,1,0,WDI-1NN,missing_events,0.2,0.5956666666666667
tep,1,0,WDI-1NN,missing_events,0.25,0.5838333333333333
tep,1,0,WDI-1NN,missing_events,0.3,0.5810833333333333
tep,1,0,WDI-1NN,missing_events,0.4,0.5603333333333333
tep,1,0,WDI-1NN,missing_events,0.5,0.532
tep,1,0,WDI-1NN,missing_events,0.6,0.5
tep,1,0,WDI-1NN,missing_events,0.7,0.46658333333333335
tep,1,0,WDI-1NN,missing_events,0.8,0.42316666666666664
tep,1,0,WDI-1NN,missing_events,0.9,0.38483333333333336
tep,1,0,WDI-1NN,mixed_missing_spurious,0.0,0.6133333333333333
tep,1,0,WDI-1NN,mixed_missing_spurious,0.05,0.6099166666666667
tep,1,0,WDI-1NN,mixed_missing_spurious,0.1,0.6061666666666666
tep,1,0,WDI-1NN,mixed_missing_spurious,0.15,0.6006666666666667
tep,1,0,WDI-1NN,mixed_missing_spurious,0.2,0.58825
tep,1,0,WDI-1NN,mixed_missing_spurious,0.25,0.5823333333333333
tep,1,0,WDI-1NN,mixed_missing_spurious,0.3,0.5750000000000001
tep,1,0,WDI-1NN,mixed_missing_spurious,0.4,0.55175
tep,1,0,WDI-1NN,mixed_missing_spurious,0.5,0.5236666666666666
tep,1,0,WDI-1NN,mixed_missing_spurious,0.6,0.49291666666666667
tep,1,0,WDI-1NN,mixed_missing_spurious,0.7,0.45475
tep,1,0,WDI-1NN,mixed_missing_spurious,0.8,0.39675
tep,1,0,WDI-1NN,mixed_missing_spurious,0.9,0.353
tep,1,0,WDI-1NN,mixed_spurious_timing_late,0.0,0.6133333333333333
tep,1,0,WDI-1NN,mixed_spurious_timing_late,0.05,0.606
tep,1,0,WDI-1NN,mixed_spurious_timing_late,0.1,0.6153333333333334
tep,1,0,WDI-1NN,mixed_spurious_timing_late,0.15,0.6116666666666667
tep,1,0,WDI-1NN,mixed_spurious_timing_late,0.2,0.5716666666666667
tep,1,0,WDI-1NN,mixed_spurious_timing_late,0.25,0.5360833333333334
tep,1,0,WDI-1NN,mixed_spurious_timing_late,0.3,0.5523333333333333
tep,1,0,WDI-1NN,mixed_spurious_timing_late,0.4,0.49233333333333335
tep,1,0,WDI-1NN,mixed_spurious_timing_late,0.5,0.47475
tep,1,0,WDI-1NN,mixed_spurious_timing_late,0.6,0.44858333333333333
tep,1,0,WDI-1NN,mixed_spurious_timing_late,0.7,0.45541666666666664
tep,1,0,WDI-1NN,mixed_spurious_timing_late,0.8,0.4503333333333333
tep,1,0,WDI-1NN,mixed_spurious_timing_late,0.9,0.4040000000000001
tep,1,0,WDI-1NN,spurious_events,0.0,0.6133333333333333
tep,1,0,WDI-1NN,spurious_events,0.05,0.61375
tep,1,0,WDI-1NN,spurious_events,0.1,0.6093333333333334
tep,1,0,WDI-1NN,spurious_events,0.15,0.6116666666666667
tep,1,0,WDI-1NN,spurious_events,0.2,0.6082500000000001
tep,1,0,WDI-1NN,spurious_events,0.25,0.5954166666666666
tep,1,0,WDI-1NN,spurious_events,0.3,0.5928333333333333
tep,1,0,WDI-1NN,spurious_events,0.4,0.5741666666666666
tep,1,0,WDI-1NN,spurious_events,0.5,0.5548333333333334
tep,1,0,WDI-1NN,spurious_events,0.6,0.5329166666666666
tep,1,0,WDI-1NN,spurious_events,0.7,0.51425
tep,1,0,WDI-1NN,spurious_events,0.8,0.5018333333333332
tep,1,0,WDI-1NN,spurious_events,0.9,0.48458333333333337
tep,1,0,WDI-1NN,timing_uncertainty,0.0,0.6133333333333333
tep,1,0,WDI-1NN,timing_uncertainty,0.05,0.6118333333333333
tep,1,0,WDI-1NN,timing_uncertainty,0.1,0.6094166666666667
tep,1,0,WDI-1NN,timing_uncertainty,0.15,0.6118333333333333
tep,1,0,WDI-1NN,timing_uncertainty,0.2,0.60525
tep,1,0,WDI-1NN,timing_uncertainty,0.25,0.6084999999999999
tep,1,0,WDI-1NN,timing_uncertainty,0.3,0.60825
tep,1,0,WDI-1NN,timing_uncertainty,0.4,0.6095
tep,1,0,WDI-1NN,timing_uncertainty,0.5,0.6108333333333333
tep,1,0,WDI-1NN,timing_uncertainty,0.6,0.6140833333333333
tep,1,0,WDI-1NN,timing_uncertainty,0.7,0.6151666666666666
tep,1,0,WDI-1NN,timing_uncertainty,0.8,0.6165833333333334
tep,1,0,WDI-1NN,timing_uncertainty,0.9,0.6180833333333333
tep,2,0,ACM-SVM,late_time_delay,0.0,0.7208333333333333
tep,2,0,ACM-SVM,late_time_delay,0.05,0.6166666666666667
tep,2,0,ACM-SVM,late_time_delay,0.1,0.6308333333333334
tep,2,0,ACM-SVM,late_time_delay,0.15,0.5975
tep,2,0,ACM-SVM,late_time_delay,0.2,0.56
tep,2,0,ACM-SVM,late_time_delay,0.25,0.5608333333333334
tep,2,0,ACM-SVM,late_time_delay,0.3,0.5758333333333333
tep,2,0,ACM-SVM,late_time_delay,0.4,0.5291666666666667
tep,2,0,ACM-SVM,late_time_delay,0.5,0.45416666666666666
tep,2,0,ACM-SVM,late_time_delay,0.6,0.42916666666666664
tep,2,0,ACM-SVM,late_time_delay,0.7,0.39999999999999997
tep,2,0,ACM-SVM,late_time_delay,0.8,0.43416666666666665
tep,2,0,ACM-SVM,late_time_delay,0.9,0.345
tep,2,0,ACM-SVM,missing_events,0.0,0.7208333333333333
tep,2,0,ACM-SVM,missing_events,0.05,0.6749999999999999
tep,2,0,ACM-SVM,missing_events,0.1,0.63325
tep,2,0,ACM-SVM,missing_events,0.15,0.5888333333333333
tep,2,0,ACM-SVM,missing_events,0.2,0.57
tep,2,0,ACM-SVM,missing_events,0.25,0.54675
tep,2,0,ACM-SVM,missing_events,0.3,0.5278333333333333
tep,2,0,ACM-SVM,missing_events,0.4,0.48875
tep,2,0,ACM-SVM,missing_events,0.5,0.4526666666666667
tep,2,0,ACM-SVM,missing_events,0.6,0.44025000000000003
tep,2,0,ACM-SVM,missing_events,0.7,0.42274999999999996
tep,2,0,ACM-SVM,missing_events,0.8,0.38625
tep,2,0,ACM-SVM,missing_events,0.9,0.33391666666666664
tep,2,0,ACM-SVM,mixed_missing_spurious,0.0,0.7208333333333333
tep,2,0,ACM-SVM,mixed_missing_spurious,0.05,0.5764166666666667
tep,2,0,ACM-SVM,mixed_missing_spurious,0.1,0.474
tep,2,0,ACM-SVM,mixed_missing_spurious,0.15,0.4195
tep,2,0,ACM-SVM,mixed_missing_spurious,0.2,0.36841666666666667
tep,2,0,ACM-SVM,mixed_missing_spurious,0.25,0.3575
tep,2,0,ACM-SVM,mixed_missing_spurious,0.3,0.34625
tep,2,0,ACM-SVM,mixed_missing_spurious,0.4,0.31875000000000003
tep,2,0,ACM-SVM,mixed_missing_spurious,0.5,0.3099166666666667
tep,2,0,ACM-SVM,mixed_missing_spurious,0.6,0.30475
tep,2,0,ACM-SVM,mixed_missing_spurious,0.7,0.3025833333333333
tep,2,0,ACM-SVM,mixed_missing_spurious,0.8,0.30375
tep,2,0,ACM-SVM,mixed_missing_spurious,0.9,0.315
tep,2,0,ACM-SVM,mixed_spurious_timing_late,0.0,0.7208333333333333
tep,2,0,ACM-SVM,mixed_spurious_timing_late,0.05,0.5267499999999999
tep,2,0,ACM-SVM,mixed_spurious_timing_late,0.1,0.4515833333333334
tep,2,0,ACM-SVM,mixed_spurious_timing_late,0.15,0.3715
tep,2,0,ACM-SVM,mixed_spurious_timing_late,0.2,0.34041666666666665
tep,2,0,ACM-SVM,mixed_spurious_timing_late,0.25,0.31908333333333333
tep,2,0,ACM-SVM,mixed_spurious_timing_late,0.3,0.3040833333333333
tep,2,0,ACM-SVM,mixed_spurious_timing_late,0.4,0.28633333333333333
tep,2,0,ACM-SVM,mixed_spurious_timing_late,0.5,0.27899999999999997
tep,2,0,ACM-SVM,mixed_spurious_timing_late,0.6,0.2710833333333333
tep,2,0,ACM-SVM,mixed_spurious_timing_late,0.7,0.24950000000000003
tep,2,0,ACM-SVM,mixed_spurious_timing_late,0.8,0.24608333333333332
tep,2,0,ACM-SVM,mixed_spurious_timing_late,0.9,0.275
tep,2,0,ACM-SVM,spurious_events,0.0,0.7208333333333333
tep,2,0,ACM-SVM,spurious_events,0.05,0.5975
tep,2,0,ACM-SVM,spurious_events,0.1,0.49366666666666664
tep,2,0,ACM-SVM,spurious_events,0.15,0.43333333333333335
tep,2,0,ACM-SVM,spurious_events,0.2,0.38399999999999995
tep,2,0,ACM-SVM,spurious_events,0.25,0.351
tep,2,0,ACM-SVM,spurious_events,0.3,0.334
tep,2,0,ACM-SVM,spurious_events,0.4,0.292
tep,2,0,ACM-SVM,spurious_events,0.5,0.26825
tep,2,0,ACM-SVM,spurious_events,0.6,0.25758333333333333
tep,2,0,ACM-SVM,spurious_events,0.7,0.242
tep,2,0,ACM-SVM,spurious_events,0.8,0.23058333333333333
tep,2,0,ACM-SVM,spurious_events,0.9,0.22266666666666668
tep,2,0,ACM-SVM,timing_uncertainty,0.0,0.7208333333333333
tep,2,0,ACM-SVM,timing_uncertainty,0.05,0.71875
tep,2,0,ACM-SVM,timing_uncertainty,0.1,0.7136666666666667
tep,2,0,ACM-SVM,timing_uncertainty,0.15,0.6901666666666667
tep,2,0,ACM-SVM,timing_uncertainty,0.2,0.65925
tep,2,0,ACM-SVM,timing_uncertainty,0.25,0.6323333333333333
tep,2,0,ACM-SVM,timing_uncertainty,0.3,0.6120833333333334
tep,2,0,ACM-SVM,timing_uncertainty,0.4,0.5749166666666666
tep,2,0,ACM-SVM,timing_uncertainty,0.5,0.5478333333333333
tep,2,0,ACM-SVM,timing_uncertainty,0.6,0.5290833333333333
tep,2,0,ACM-SVM,timing_uncertainty,0.7,0.51325
tep,2,0,ACM-SVM,timing_uncertainty,0.8,0.5061666666666667
tep,2,0,ACM-SVM,timing_uncertainty,0.9,0.4868333333333333
tep,2,0,CASIM-prefix,late_time_delay,0.0,0.9608333333333333
tep,2,0,CASIM-prefix,late_time_delay,0.05,0.6858333333333334
tep,2,0,CASIM-prefix,late_time_delay,0.1,0.6691666666666668
tep,2,0,CASIM-prefix,late_time_delay,0.15,0.6725
tep,2,0,CASIM-prefix,late_time_delay,0.2,0.6666666666666666
tep,2,0,CASIM-prefix,late_time_delay,0.25,0.6325
tep,2,0,CASIM-prefix,late_time_delay,0.3,0.61
tep,2,0,CASIM-prefix,late_time_delay,0.4,0.5675
tep,2,0,CASIM-prefix,late_time_delay,0.5,0.4466666666666666
tep,2,0,CASIM-prefix,late_time_delay,0.6,0.35083333333333333
tep,2,0,CASIM-prefix,late_time_delay,0.7,0.39333333333333337
tep,2,0,CASIM-prefix,late_time_delay,0.8,0.26
tep,2,0,CASIM-prefix,late_time_delay,0.9,0.335
tep,2,0,CASIM-prefix,missing_events,0.0,0.9608333333333333
tep,2,0,CASIM-prefix,missing_events,0.05,0.94875
tep,2,0,CASIM-prefix,missing_events,0.1,0.9293333333333332
tep,2,0,CASIM-prefix,missing_events,0.15,0.9099166666666667
tep,2,0,CASIM-prefix,missing_events,0.2,0.8961666666666667
tep,2,0,CASIM-prefix,missing_events,0.25,0.8703333333333334
tep,2,0,CASIM-prefix,missing_events,0.3,0.8536666666666667
tep,2,0,CASIM-prefix,missing_events,0.4,0.8131666666666666
tep,2,0,CASIM-prefix,missing_events,0.5,0.7369166666666667
tep,2,0,CASIM-prefix,missing_events,0.6,0.6745
tep,2,0,CASIM-prefix,missing_events,0.7,0.5916666666666667
tep,2,0,CASIM-prefix,missing_events,0.8,0.4721666666666667
tep,2,0,CASIM-prefix,missing_events,0.9,0.3395833333333333
tep,2,0,CASIM-prefix,mixed_missing_spurious,0.0,0.9608333333333333
tep,2,0,CASIM-prefix,mixed_missing_spurious,0.05,0.93925
tep,2,0,CASIM-prefix,mixed_missing_spurious,0.1,0.9094166666666667
tep,2,0,CASIM-prefix,mixed_missing_spurious,0.15,0.8823333333333334
tep,2,0,CASIM-prefix,mixed_missing_spurious,0.2,0.8419166666666666
tep,2,0,CASIM-prefix,mixed_missing_spurious,0.25,0.8249166666666667
tep,2,0,CASIM-prefix,mixed_missing_spurious,0.3,0.7897500000000001
tep,2,0,CASIM-prefix,mixed_missing_spurious,0.4,0.7226666666666667
tep,2,0,CASIM-prefix,mixed_missing_spurious,0.5,0.6645
tep,2,0,CASIM-prefix,mixed_missing_spurious,0.6,0.62225
tep,2,0,CASIM-prefix,mixed_missing_spurious,0.7,0.5528333333333334
tep,2,0,CASIM-prefix,mixed_missing_spurious,0.8,0.47675
tep,2,0,CASIM-prefix,mixed_missing_spurious,0.9,0.37625
tep,2,0,CASIM-prefix,mixed_spurious_timing_late,0.0,0.9608333333333333
tep,2,0,CASIM-prefix,mixed_spurious_timing_late,0.05,0.6805833333333333
tep,2,0,CASIM-prefix,mixed_spurious_timing_late,0.1,0.6573333333333333
tep,2,0,CASIM-prefix,mixed_spurious_timing_late,0.15,0.6290833333333333
tep,2,0,CASIM-prefix,mixed_spurious_timing_late,0.2,0.5776666666666667
tep,2,0,CASIM-prefix,mixed_spurious_timing_late,0.25,0.5317500000000001
tep,2,0,CASIM-prefix,mixed_spurious_timing_late,0.3,0.5041666666666667
tep,2,0,CASIM-prefix,mixed_spurious_timing_late,0.4,0.41133333333333333
tep,2,0,CASIM-prefix,mixed_spurious_timing_late,0.5,0.37666666666666665
tep,2,0,CASIM-prefix,mixed_spurious_timing_late,0.6,0.3208333333333333
tep,2,0,CASIM-prefix,mixed_spurious_timing_late,0.7,0.33283333333333337
tep,2,0,CASIM-prefix,mixed_spurious_timing_late,0.8,0.24833333333333332
tep,2,0,CASIM-prefix,mixed_spurious_timing_late,0.9,0.301
tep,2,0,CASIM-prefix,spurious_events,0.0,0.9608333333333333
tep,2,0,CASIM-prefix,spurious_events,0.05,0.9514999999999999
tep,2,0,CASIM-prefix,spurious_events,0.1,0.93325
tep,2,0,CASIM-prefix,spurious_events,0.15,0.9221666666666667
tep,2,0,CASIM-prefix,spurious_events,0.2,0.8933333333333334
tep,2,0,CASIM-prefix,spurious_events,0.25,0.8777499999999999
tep,2,0,CASIM-prefix,spurious_events,0.3,0.8612500000000001
tep,2,0,CASIM-prefix,spurious_events,0.4,0.8057500000000001
tep,2,0,CASIM-prefix,spurious_events,0.5,0.7628333333333334
tep,2,0,CASIM-prefix,spurious_events,0.6,0.7250833333333334
tep,2,0,CASIM-prefix,spurious_events,0.7,0.6835833333333333
tep,2,0,CASIM-prefix,spurious_events,0.8,0.6513333333333333
tep,2,0,CASIM-prefix,spurious_events,0.9,0.6266666666666666
tep,2,0,CASIM-prefix,timing_uncertainty,0.0,0.9608333333333333
tep,2,0,CASIM-prefix,timing_uncertainty,0.05,0.9600833333333333
tep,2,0,CASIM-prefix,timing_uncertainty,0.1,0.9601666666666667
tep,2,0,CASIM-prefix,timing_uncertainty,0.15,0.956
tep,2,0,CASIM-prefix,timing_uncertainty,0.2,0.9525833333333332
tep,2,0,CASIM-prefix,timing_uncertainty,0.25,0.9516666666666667
tep,2,0,CASIM-prefix,timing_uncertainty,0.3,0.9509166666666666
tep,2,0,CASIM-prefix,timing_uncertainty,0.4,0.9411666666666667
tep,2,0,CASIM-prefix,timing_uncertainty,0.5,0.9289166666666667
tep,2,0,CASIM-prefix,timing_uncertainty,0.6,0.9186666666666667
tep,2,0,CASIM-prefix,timing_uncertainty,0.7,0.9029166666666666
tep,2,0,CASIM-prefix,timing_uncertainty,0.8,0.8856666666666667
tep,2,0,CASIM-prefix,timing_uncertainty,0.9,0.85825
tep,2,0,EAC-1NN,late_time_delay,0.0,0.7841666666666667
tep,2,0,EAC-1NN,late_time_delay,0.05,0.7841666666666667
tep,2,0,EAC-1NN,late_time_delay,0.1,0.7933333333333333
tep,2,0,EAC-1NN,late_time_delay,0.15,0.7991666666666667
tep,2,0,EAC-1NN,late_time_delay,0.2,0.7949999999999999
tep,2,0,EAC-1NN,late_time_delay,0.25,0.8225000000000001
tep,2,0,EAC-1NN,late_time_delay,0.3,0.8416666666666667
tep,2,0,EAC-1NN,late_time_delay,0.4,0.8266666666666667
tep,2,0,EAC-1NN,late_time_delay,0.5,0.8091666666666667
tep,2,0,EAC-1NN,late_time_delay,0.6,0.8225000000000001
tep,2,0,EAC-1NN,late_time_delay,0.7,0.7233333333333333
tep,2,0,EAC-1NN,late_time_delay,0.8,0.7283333333333334
tep,2,0,EAC-1NN,late_time_delay,0.9,0.625
tep,2,0,EAC-1NN,missing_events,0.0,0.7841666666666667
tep,2,0,EAC-1NN,missing_events,0.05,0.7831666666666667
tep,2,0,EAC-1NN,missing_events,0.1,0.7818333333333333
tep,2,0,EAC-1NN,missing_events,0.15,0.7827500000000001
tep,2,0,EAC-1NN,missing_events,0.2,0.7803333333333334
tep,2,0,EAC-1NN,missing_events,0.25,0.7745000000000001
tep,2,0,EAC-1NN,missing_events,0.3,0.7670833333333333
tep,2,0,EAC-1NN,missing_events,0.4,0.7592500000000001
tep,2,0,EAC-1NN,missing_events,0.5,0.7485833333333334
tep,2,0,EAC-1NN,missing_events,0.6,0.7191666666666667
tep,2,0,EAC-1NN,missing_events,0.7,0.6982499999999999
tep,2,0,EAC-1NN,missing_events,0.8,0.6176666666666667
tep,2,0,EAC-1NN,missing_events,0.9,0.5416666666666666
tep,2,0,EAC-1NN,mixed_missing_spurious,0.0,0.7841666666666667
tep,2,0,EAC-1NN,mixed_missing_spurious,0.05,0.774
tep,2,0,EAC-1NN,mixed_missing_spurious,0.1,0.7674166666666666
tep,2,0,EAC-1NN,mixed_missing_spurious,0.15,0.7580833333333333
tep,2,0,EAC-1NN,mixed_missing_spurious,0.2,0.7456666666666667
tep,2,0,EAC-1NN,mixed_missing_spurious,0.25,0.73375
tep,2,0,EAC-1NN,mixed_missing_spurious,0.3,0.7284166666666666
tep,2,0,EAC-1NN,mixed_missing_spurious,0.4,0.6998333333333333
tep,2,0,EAC-1NN,mixed_missing_spurious,0.5,0.66575
tep,2,0,EAC-1NN,mixed_missing_spurious,0.6,0.6361666666666667
tep,2,0,EAC-1NN,mixed_missing_spurious,0.7,0.5975833333333334
tep,2,0,EAC-1NN,mixed_missing_spurious,0.8,0.5559999999999999
tep,2,0,EAC-1NN,mixed_missing_spurious,0.9,0.48300000000000004
tep,2,0,EAC-1NN,mixed_spurious_timing_late,0.0,0.7841666666666667
tep,2,0,EAC-1NN,mixed_spurious_timing_late,0.05,0.7823333333333333
tep,2,0,EAC-1NN,mixed_spurious_timing_late,0.1,0.78125
tep,2,0,EAC-1NN,mixed_spurious_timing_late,0.15,0.7800833333333334
tep,2,0,EAC-1NN,mixed_spurious_timing_late,0.2,0.7678333333333334
tep,2,0,EAC-1NN,mixed_spurious_timing_late,0.25,0.7672500000000001
tep,2,0,EAC-1NN,mixed_spurious_timing_late,0.3,0.77475
tep,2,0,EAC-1NN,mixed_spurious_timing_late,0.4,0.7403333333333334
tep,2,0,EAC-1NN,mixed_spurious_timing_late,0.5,0.718
tep,2,0,EAC-1NN,mixed_spurious_timing_late,0.6,0.6613333333333333
tep,2,0,EAC-1NN,mixed_spurious_timing_late,0.7,0.6345
tep,2,0,EAC-1NN,mixed_spurious_timing_late,0.8,0.5955
tep,2,0,EAC-1NN,mixed_spurious_timing_late,0.9,0.5015
tep,2,0,EAC-1NN,spurious_events,0.0,0.7841666666666667
tep,2,0,EAC-1NN,spurious_events,0.05,0.7834166666666667
tep,2,0,EAC-1NN,spurious_events,0.1,0.7738333333333333
tep,2,0,EAC-1NN,spurious_events,0.15,0.7659166666666667
tep,2,0,EAC-1NN,spurious_events,0.2,0.7556666666666666
tep,2,0,EAC-1NN,spurious_events,0.25,0.7469166666666668
tep,2,0,EAC-1NN,spurious_events,0.3,0.7446666666666667
tep,2,0,EAC-1NN,spurious_events,0.4,0.725
tep,2,0,EAC-1NN,spurious_events,0.5,0.7123333333333334
tep,2,0,EAC-1NN,spurious_events,0.6,0.7045
tep,2,0,EAC-1NN,spurious_events,0.7,0.6795833333333333
tep,2,0,EAC-1NN,spurious_events,0.8,0.6654166666666667
tep,2,0,EAC-1NN,spurious_events,0.9,0.6469166666666667
tep,2,0,EAC-1NN,timing_uncertainty,0.0,0.7841666666666667
tep,2,0,EAC-1NN,timing_uncertainty,0.05,0.78625
tep,2,0,EAC-1NN,timing_uncertainty,0.1,0.7841666666666667
tep,2,0,EAC-1NN,timing_uncertainty,0.15,0.7805833333333334
tep,2,0,EAC-1NN,timing_uncertainty,0.2,0.78475
tep,2,0,EAC-1NN,timing_uncertainty,0.25,0.7823333333333333
tep,2,0,EAC-1NN,timing_uncertainty,0.3,0.7779166666666667
tep,2,0,EAC-1NN,timing_uncertainty,0.4,0.78125
tep,2,0,EAC-1NN,timing_uncertainty,0.5,0.7797499999999999
tep,2,0,EAC-1NN,timing_uncertainty,0.6,0.7773333333333333
tep,2,0,EAC-1NN,timing_uncertainty,0.7,0.7803333333333334
tep,2,0,EAC-1NN,timing_uncertainty,0.8,0.7766666666666667
tep,2,0,EAC-1NN,timing_uncertainty,0.9,0.7793333333333333
tep,2,0,JAC-1NN,late_time_delay,0.0,0.8275
tep,2,0,JAC-1NN,late_time_delay,0.05,0.7416666666666667
tep,2,0,JAC-1NN,late_time_delay,0.1,0.7508333333333334
tep,2,0,JAC-1NN,late_time_delay,0.15,0.7374999999999999
tep,2,0,JAC-1NN,late_time_delay,0.2,0.7275
tep,2,0,JAC-1NN,late_time_delay,0.25,0.7658333333333333
tep,2,0,JAC-1NN,late_time_delay,0.3,0.7683333333333332
tep,2,0,JAC-1NN,late_time_delay,0.4,0.7250000000000001
tep,2,0,JAC-1NN,late_time_delay,0.5,0.6466666666666666
tep,2,0,JAC-1NN,late_time_delay,0.6,0.5433333333333333
tep,2,0,JAC-1NN,late_time_delay,0.7,0.4666666666666666
tep,2,0,JAC-1NN,late_time_delay,0.8,0.4166666666666667
tep,2,0,JAC-1NN,late_time_delay,0.9,0.325
tep,2,0,JAC-1NN,missing_events,0.0,0.8275
tep,2,0,JAC-1NN,missing_events,0.05,0.823
tep,2,0,JAC-1NN,missing_events,0.1,0.8155
tep,2,0,JAC-1NN,missing_events,0.15,0.8063333333333333
tep,2,0,JAC-1NN,missing_events,0.2,0.8025833333333333
tep,2,0,JAC-1NN,missing_events,0.25,0.793
tep,2,0,JAC-1NN,missing_events,0.3,0.78475
tep,2,0,JAC-1NN,missing_events,0.4,0.7661666666666666
tep,2,0,JAC-1NN,missing_events,0.5,0.7240000000000001
tep,2,0,JAC-1NN,missing_events,0.6,0.6894166666666667
tep,2,0,JAC-1NN,missing_events,0.7,0.6453333333333333
tep,2,0,JAC-1NN,missing_events,0.8,0.5433333333333333
tep,2,0,JAC-1NN,missing_events,0.9,0.4150833333333333
tep,2,0,JAC-1NN,mixed_missing_spurious,0.0,0.8275
tep,2,0,JAC-1NN,mixed_missing_spurious,0.05,0.8063333333333333
tep,2,0,JAC-1NN,mixed_missing_spurious,0.1,0.7894166666666668
tep,2,0,JAC-1NN,mixed_missing_spurious,0.15,0.7744166666666666
tep,2,0,JAC-1NN,mixed_missing_spurious,0.2,0.74275
tep,2,0,JAC-1NN,mixed_missing_spurious,0.25,0.7324166666666666
tep,2,0,JAC-1NN,mixed_missing_spurious,0.3,0.7127499999999999
tep,2,0,JAC-1NN,mixed_missing_spurious,0.4,0.6801666666666666
tep,2,0,JAC-1NN,mixed_missing_spurious,0.5,0.6455833333333333
tep,2,0,JAC-1NN,mixed_missing_spurious,0.6,0.6075833333333334
tep,2,0,JAC-1NN,mixed_missing_spurious,0.7,0.5675
tep,2,0,JAC-1NN,mixed_missing_spurious,0.8,0.52075
tep,2,0,JAC-1NN,mixed_missing_spurious,0.9,0.42683333333333334
tep,2,0,JAC-1NN,mixed_spurious_timing_late,0.0,0.8275
tep,2,0,JAC-1NN,mixed_spurious_timing_late,0.05,0.7368333333333333
tep,2,0,JAC-1NN,mixed_spurious_timing_late,0.1,0.7356666666666666
tep,2,0,JAC-1NN,mixed_spurious_timing_late,0.15,0.7148333333333333
tep,2,0,JAC-1NN,mixed_spurious_timing_late,0.2,0.6796666666666668
tep,2,0,JAC-1NN,mixed_spurious_timing_late,0.25,0.6891666666666666
tep,2,0,JAC-1NN,mixed_spurious_timing_late,0.3,0.7089166666666666
tep,2,0,JAC-1NN,mixed_spurious_timing_late,0.4,0.6635
tep,2,0,JAC-1NN,mixed_spurious_timing_late,0.5,0.6338333333333334
tep,2,0,JAC-1NN,mixed_spurious_timing_late,0.6,0.5505833333333333
tep,2,0,JAC-1NN,mixed_spurious_timing_late,0.7,0.5166666666666667
tep,2,0,JAC-1NN,mixed_spurious_timing_late,0.8,0.4704166666666667
tep,2,0,JAC-1NN,mixed_spurious_timing_late,0.9,0.3775
tep,2,0,JAC-1NN,spurious_events,0.0,0.8275
tep,2,0,JAC-1NN,spurious_events,0.05,0.8161666666666667
tep,2,0,JAC-1NN,spurious_events,0.1,0.8000833333333333
tep,2,0,JAC-1NN,spurious_events,0.15,0.7824166666666666
tep,2,0,JAC-1NN,spurious_events,0.2,0.7539166666666667
tep,2,0,JAC-1NN,spurious_events,0.25,0.7225833333333332
tep,2,0,JAC-1NN,spurious_events,0.3,0.7028333333333333
tep,2,0,JAC-1NN,spurious_events,0.4,0.64425
tep,2,0,JAC-1NN,spurious_events,0.5,0.5866666666666667
tep,2,0,JAC-1NN,spurious_events,0.6,0.5575833333333334
tep,2,0,JAC-1NN,spurious_events,0.7,0.5189166666666666
tep,2,0,JAC-1NN,spurious_events,0.8,0.4865833333333333
tep,2,0,JAC-1NN,spurious_events,0.9,0.4615833333333333
tep,2,0,JAC-1NN,timing_uncertainty,0.0,0.8275
tep,2,0,JAC-1NN,timing_uncertainty,0.05,0.82625
tep,2,0,JAC-1NN,timing_uncertainty,0.1,0.8255833333333333
tep,2,0,JAC-1NN,timing_uncertainty,0.15,0.8291666666666666
tep,2,0,JAC-1NN,timing_uncertainty,0.2,0.8261666666666666
tep,2,0,JAC-1NN,timing_uncertainty,0.25,0.8222499999999999
tep,2,0,JAC-1NN,timing_uncertainty,0.3,0.8253333333333334
tep,2,0,JAC-1NN,timing_uncertainty,0.4,0.8250833333333333
tep,2,0,JAC-1NN,timing_uncertainty,0.5,0.8220833333333334
tep,2,0,JAC-1NN,timing_uncertainty,0.6,0.82225
tep,2,0,JAC-1NN,timing_uncertainty,0.7,0.8266666666666667
tep,2,0,JAC-1NN,timing_uncertainty,0.8,0.82225
tep,2,0,JAC-1NN,timing_uncertainty,0.9,0.8269166666666666
tep,2,0,MBW-LR,late_time_delay,0.0,0.8525
tep,2,0,MBW-LR,late_time_delay,0.05,0.7908333333333334
tep,2,0,MBW-LR,late_time_delay,0.1,0.8525
tep,2,0,MBW-LR,late_time_delay,0.15,0.7958333333333334
tep,2,0,MBW-LR,late_time_delay,0.2,0.785
tep,2,0,MBW-LR,late_time_delay,0.25,0.8316666666666667
tep,2,0,MBW-LR,late_time_delay,0.3,0.855
tep,2,0,MBW-LR,late_time_delay,0.4,0.8491666666666666
tep,2,0,MBW-LR,late_time_delay,0.5,0.8166666666666668
tep,2,0,MBW-LR,late_time_delay,0.6,0.7016666666666667
tep,2,0,MBW-LR,late_time_delay,0.7,0.6075
tep,2,0,MBW-LR,late_time_delay,0.8,0.5308333333333334
tep,2,0,MBW-LR,late_time_delay,0.9,0.49499999999999994
tep,2,0,MBW-LR,missing_events,0.0,0.8525
tep,2,0,MBW-LR,missing_events,0.05,0.8470833333333333
tep,2,0,MBW-LR,missing_events,0.1,0.8401666666666667
tep,2,0,MBW-LR,missing_events,0.15,0.836
tep,2,0,MBW-LR,missing_events,0.2,0.82475
tep,2,0,MBW-LR,missing_events,0.25,0.815
tep,2,0,MBW-LR,missing_events,0.3,0.8071666666666667
tep,2,0,MBW-LR,missing_events,0.4,0.78525
tep,2,0,MBW-LR,missing_events,0.5,0.7505000000000001
tep,2,0,MBW-LR,missing_events,0.6,0.7188333333333333
tep,2,0,MBW-LR,missing_events,0.7,0.6902499999999999
tep,2,0,MBW-LR,missing_events,0.8,0.6156666666666667
tep,2,0,MBW-LR,missing_events,0.9,0.521
tep,2,0,MBW-LR,mixed_missing_spurious,0.0,0.8525
tep,2,0,MBW-LR,mixed_missing_spurious,0.05,0.8136666666666666
tep,2,0,MBW-LR,mixed_missing_spurious,0.1,0.7706666666666667
tep,2,0,MBW-LR,mixed_missing_spurious,0.15,0.73425
tep,2,0,MBW-LR,mixed_missing_spurious,0.2,0.6923333333333334
tep,2,0,MBW-LR,mixed_missing_spurious,0.25,0.6702499999999999
tep,2,0,MBW-LR,mixed_missing_spurious,0.3,0.6556666666666667
tep,2,0,MBW-LR,mixed_missing_spurious,0.4,0.6041666666666666
tep,2,0,MBW-LR,mixed_missing_spurious,0.5,0.5639166666666667
tep,2,0,MBW-LR,mixed_missing_spurious,0.6,0.5434166666666667
tep,2,0,MBW-LR,mixed_missing_spurious,0.7,0.4994166666666667
tep,2,0,MBW-LR,mixed_missing_spurious,0.8,0.47974999999999995
tep,2,0,MBW-LR,mixed_missing_spurious,0.9,0.4335
tep,2,0,MBW-LR,mixed_spurious_timing_late,0.0,0.8525
tep,2,0,MBW-LR,mixed_spurious_timing_late,0.05,0.7653333333333333
tep,2,0,MBW-LR,mixed_spurious_timing_late,0.1,0.7795
tep,2,0,MBW-LR,mixed_spurious_timing_late,0.15,0.6918333333333333
tep,2,0,MBW-LR,mixed_spurious_timing_late,0.2,0.6575000000000001
tep,2,0,MBW-LR,mixed_spurious_timing_late,0.25,0.6745
tep,2,0,MBW-LR,mixed_spurious_timing_late,0.3,0.6900833333333334
tep,2,0,MBW-LR,mixed_spurious_timing_late,0.4,0.6571666666666667
tep,2,0,MBW-LR,mixed_spurious_timing_late,0.5,0.6361666666666667
tep,2,0,MBW-LR,mixed_spurious_timing_late,0.6,0.5150833333333333
tep,2,0,MBW-LR,mixed_spurious_timing_late,0.7,0.44175000000000003
tep,2,0,MBW-LR,mixed_spurious_timing_late,0.8,0.39316666666666666
tep,2,0,MBW-LR,mixed_spurious_timing_late,0.9,0.3755
tep,2,0,MBW-LR,spurious_events,0.0,0.8525
tep,2,0,MBW-LR,spurious_events,0.05,0.8199166666666667
tep,2,0,MBW-LR,spurious_events,0.1,0.7698333333333333
tep,2,0,MBW-LR,spurious_events,0.15,0.7293333333333333
tep,2,0,MBW-LR,spurious_events,0.2,0.6984166666666667
tep,2,0,MBW-LR,spurious_events,0.25,0.6545833333333333
tep,2,0,MBW-LR,spurious_events,0.3,0.6408333333333334
tep,2,0,MBW-LR,spurious_events,0.4,0.5861666666666666
tep,2,0,MBW-LR,spurious_events,0.5,0.5325833333333333
tep,2,0,MBW-LR,spurious_events,0.6,0.5044166666666666
tep,2,0,MBW-LR,spurious_events,0.7,0.4768333333333333
tep,2,0,MBW-LR,spurious_events,0.8,0.43875000000000003
tep,2,0,MBW-LR,spurious_events,0.9,0.42483333333333334
tep,2,0,MBW-LR,timing_uncertainty,0.0,0.8525
tep,2,0,MBW-LR,timing_uncertainty,0.05,0.852
tep,2,0,MBW-LR,timing_uncertainty,0.1,0.85025
tep,2,0,MBW-LR,timing_uncertainty,0.15,0.8456666666666667
tep,2,0,MBW-LR,timing_uncertainty,0.2,0.8441666666666666
tep,2,0,MBW-LR,timing_uncertainty,0.25,0.8394166666666667
tep,2,0,MBW-LR,timing_uncertainty,0.3,0.8344166666666667
tep,2,0,MBW-LR,timing_uncertainty,0.4,0.835
tep,2,0,MBW-LR,timing_uncertainty,0.5,0.82025
tep,2,0,MBW-LR,timing_uncertainty,0.6,0.8246666666666668
tep,2,0,MBW-LR,timing_uncertainty,0.7,0.8310833333333334
tep,2,0,MBW-LR,timing_uncertainty,0.8,0.82525
tep,2,0,MBW-LR,timing_uncertainty,0.9,0.82675
tep,2,0,WDI-1NN,late_time_delay,0.0,0.6241666666666666
tep,2,0,WDI-1NN,late_time_delay,0.05,0.5950000000000001
tep,2,0,WDI-1NN,late_time_delay,0.1,0.5983333333333333
tep,2,0,WDI-1NN,late_time_delay,0.15,0.5991666666666666
tep,2,0,WDI-1NN,late_time_delay,0.2,0.5750000000000001
tep,2,0,WDI-1NN,late_time_delay,0.25,0.5583333333333333
tep,2,0,WDI-1NN,late_time_delay,0.3,0.5499999999999999
tep,2,0,WDI-1NN,late_time_delay,0.4,0.49499999999999994
tep,2,0,WDI-1NN,late_time_delay,0.5,0.49666666666666665
tep,2,0,WDI-1NN,late_time_delay,0.6,0.49333333333333335
tep,2,0,WDI-1NN,late_time_delay,0.7,0.47
tep,2,0,WDI-1NN,late_time_delay,0.8,0.4008333333333334
tep,2,0,WDI-1NN,late_time_delay,0.9,0.395
tep,2,0,WDI-1NN,missing_events,0.0,0.6241666666666666
tep,2,0,WDI-1NN,missing_events,0.05,0.6211666666666666
tep,2,0,WDI-1NN,missing_events,0.1,0.615
tep,2,0,WDI-1NN,missing_events,0.15,0.6099166666666667
tep,2,0,WDI-1NN,missing_events,0.2,0.6006666666666667
tep,2,0,WDI-1NN,missing_events,0.25,0.59975
tep,2,0,WDI-1NN,missing_events,0.3,0.5876666666666667
tep,2,0,WDI-1NN,missing_events,0.4,0.56525
tep,2,0,WDI-1NN,missing_events,0.5,0.5359166666666667
tep,2,0,WDI-1NN,missing_events,0.6,0.5033333333333333
tep,2,0,WDI-1NN,missing_events,0.7,0.46008333333333334
tep,2,0,WDI-1NN,missing_events,0.8,0.41683333333333333
tep,2,0,WDI-1NN,missing_events,0.9,0.3718333333333333
tep,2,0,WDI-1NN,mixed_missing_spurious,0.0,0.6241666666666666
tep,2,0,WDI-1NN,mixed_missing_spurious,0.05,0.61775
tep,2,0,WDI-1NN,mixed_missing_spurious,0.1,0.6066666666666667
tep,2,0,WDI-1NN,mixed_missing_spurious,0.15,0.6038333333333333
tep,2,0,WDI-1NN,mixed_missing_spurious,0.2,0.5934166666666667
tep,2,0,WDI-1NN,mixed_missing_spurious,0.25,0.58775
tep,2,0,WDI-1NN,mixed_missing_spurious,0.3,0.5795833333333333
tep,2,0,WDI-1NN,mixed_missing_spurious,0.4,0.5615833333333333
tep,2,0,WDI-1NN,mixed_missing_spurious,0.5,0.5270833333333333
tep,2,0,WDI-1NN,mixed_missing_spurious,0.6,0.49875
tep,2,0,WDI-1NN,mixed_missing_spurious,0.7,0.4499166666666667
tep,2,0,WDI-1NN,mixed_missing_spurious,0.8,0.40166666666666667
tep,2,0,WDI-1NN,mixed_missing_spurious,0.9,0.33825
tep,2,0,WDI-1NN,mixed_spurious_timing_late,0.0,0.6241666666666666
tep,2,0,WDI-1NN,mixed_spurious_timing_late,0.05,0.5995833333333334
tep,2,0,WDI-1NN,mixed_spurious_timing_late,0.1,0.59975
tep,2,0,WDI-1NN,mixed_spurious_timing_late,0.15,0.6075833333333334
tep,2,0,WDI-1NN,mixed_spurious_timing_late,0.2,0.57075
tep,2,0,WDI-1NN,mixed_spurious_timing_late,0.25,0.5450833333333334
tep,2,0,WDI-1NN,mixed_spurious_timing_late,0.3,0.5590833333333333
tep,2,0,WDI-1NN,mixed_spurious_timing_late,0.4,0.50475
tep,2,0,WDI-1NN,mixed_spurious_timing_late,0.5,0.48583333333333334
tep,2,0,WDI-1NN,mixed_spurious_timing_late,0.6,0.45574999999999993
tep,2,0,WDI-1NN,mixed_spurious_timing_late,0.7,0.4546666666666666
tep,2,0,WDI-1NN,mixed_spurious_timing_late,0.8,0.42733333333333334
tep,2,0,WDI-1NN,mixed_spurious_timing_late,0.9,0.37600000000000006
tep,2,0,WDI-1NN,spurious_events,0.0,0.6241666666666666
tep,2,0,WDI-1NN,spurious_events,0.05,0.62275
tep,2,0,WDI-1NN,spurious_events,0.1,0.61725
tep,2,0,WDI-1NN,spurious_events,0.15,0.6166666666666667
tep,2,0,WDI-1NN,spurious_events,0.2,0.6055833333333333
tep,2,0,WDI-1NN,spurious_events,0.25,0.6025833333333334
tep,2,0,WDI-1NN,spurious_events,0.3,0.596
tep,2,0,WDI-1NN,spurious_events,0.4,0.5825
tep,2,0,WDI-1NN,spurious_events,0.5,0.5704166666666667
tep,2,0,WDI-1NN,spurious_events,0.6,0.5493333333333333
tep,2,0,WDI-1NN,spurious_events,0.7,0.5193333333333333
tep,2,0,WDI-1NN,spurious_events,0.8,0.50825
tep,2,0,WDI-1NN,spurious_events,0.9,0.47825
tep,2,0,WDI-1NN,timing_uncertainty,0.0,0.6241666666666666
tep,2,0,WDI-1NN,timing_uncertainty,0.05,0.6229166666666667
tep,2,0,WDI-1NN,timing_uncertainty,0.1,0.6234166666666666
tep,2,0,WDI-1NN,timing_uncertainty,0.15,0.621
tep,2,0,WDI-1NN,timing_uncertainty,0.2,0.6195833333333333
tep,2,0,WDI-1NN,timing_uncertainty,0.25,0.6215
tep,2,0,WDI-1NN,timing_uncertainty,0.3,0.6205833333333334
tep,2,0,WDI-1NN,timing_uncertainty,0.4,0.6218333333333333
tep,2,0,WDI-1NN,timing_uncertainty,0.5,0.62375
tep,2,0,WDI-1NN,timing_uncertainty,0.6,0.6294166666666666
tep,2,0,WDI-1NN,timing_uncertainty,0.7,0.6268333333333334
tep,2,0,WDI-1NN,timing_uncertainty,0.8,0.6301666666666667
tep,2,0,WDI-1NN,timing_uncertainty,0.9,0.6308333333333334
tep,3,0,ACM-SVM,late_time_delay,0.0,0.6725
tep,3,0,ACM-SVM,late_time_delay,0.05,0.5958333333333333
tep,3,0,ACM-SVM,late_time_delay,0.1,0.6083333333333333
tep,3,0,ACM-SVM,late_time_delay,0.15,0.5758333333333333
tep,3,0,ACM-SVM,late_time_delay,0.2,0.5391666666666667
tep,3,0,ACM-SVM,late_time_delay,0.25,0.5233333333333333
tep,3,0,ACM-SVM,late_time_delay,0.3,0.5358333333333334
tep,3,0,ACM-SVM,late_time_delay,0.4,0.5083333333333333
tep,3,0,ACM-SVM,late_time_delay,0.5,0.4366666666666667
tep,3,0,ACM-SVM,late_time_delay,0.6,0.41416666666666674
tep,3,0,ACM-SVM,late_time_delay,0.7,0.425
tep,3,0,ACM-SVM,late_time_delay,0.8,0.44
tep,3,0,ACM-SVM,late_time_delay,0.9,0.385
tep,3,0,ACM-SVM,missing_events,0.0,0.6725
tep,3,0,ACM-SVM,missing_events,0.05,0.6428333333333334
tep,3,0,ACM-SVM,missing_events,0.1,0.6084166666666667
tep,3,0,ACM-SVM,missing_events,0.15,0.5806666666666667
tep,3,0,ACM-SVM,missing_events,0.2,0.5740833333333333
tep,3,0,ACM-SVM,missing_events,0.25,0.5296666666666666
tep,3,0,ACM-SVM,missing_events,0.3,0.51575
tep,3,0,ACM-SVM,missing_events,0.4,0.4885
tep,3,0,ACM-SVM,missing_events,0.5,0.45683333333333326
tep,3,0,ACM-SVM,missing_events,0.6,0.4409166666666667
tep,3,0,ACM-SVM,missing_events,0.7,0.42008333333333336
tep,3,0,ACM-SVM,missing_events,0.8,0.38316666666666666
tep,3,0,ACM-SVM,missing_events,0.9,0.33016666666666666
tep,3,0,ACM-SVM,mixed_missing_spurious,0.0,0.6725
tep,3,0,ACM-SVM,mixed_missing_spurious,0.05,0.5641666666666666
tep,3,0,ACM-SVM,mixed_missing_spurious,0.1,0.4661666666666666
tep,3,0,ACM-SVM,mixed_missing_spurious,0.15,0.4123333333333333
tep,3,0,ACM-SVM,mixed_missing_spurious,0.2,0.3784166666666666
tep,3,0,ACM-SVM,mixed_missing_spurious,0.25,0.3516666666666666
tep,3,0,ACM-SVM,mixed_missing_spurious,0.3,0.3369166666666667
tep,3,0,ACM-SVM,mixed_missing_spurious,0.4,0.31816666666666665
tep,3,0,ACM-SVM,mixed_missing_spurious,0.5,0.30716666666666664
tep,3,0,ACM-SVM,mixed_missing_spurious,0.6,0.31174999999999997
tep,3,0,ACM-SVM,mixed_missing_spurious,0.7,0.3025833333333333
tep,3,0,ACM-SVM,mixed_missing_spurious,0.8,0.31116666666666665
tep,3,0,ACM-SVM,mixed_missing_spurious,0.9,0.304
tep,3,0,ACM-SVM,mixed_spurious_timing_late,0.0,0.6725
tep,3,0,ACM-SVM,mixed_spurious_timing_late,0.05,0.5240833333333333
tep,3,0,ACM-SVM,mixed_spurious_timing_late,0.1,0.44475
tep,3,0,ACM-SVM,mixed_spurious_timing_late,0.15,0.3685833333333333
tep,3,0,ACM-SVM,mixed_spurious_timing_late,0.2,0.34450000000000003
tep,3,0,ACM-SVM,mixed_spurious_timing_late,0.25,0.32133333333333336
tep,3,0,ACM-SVM,mixed_spurious_timing_late,0.3,0.3035833333333333
tep,3,0,ACM-SVM,mixed_spurious_timing_late,0.4,0.302
tep,3,0,ACM-SVM,mixed_spurious_timing_late,0.5,0.28633333333333333
tep,3,0,ACM-SVM,mixed_spurious_timing_late,0.6,0.2679166666666667
tep,3,0,ACM-SVM,mixed_spurious_timing_late,0.7,0.25533333333333336
tep,3,0,ACM-SVM,mixed_spurious_timing_late,0.8,0.23666666666666666
tep,3,0,ACM-SVM,mixed_spurious_timing_late,0.9,0.2815
tep,3,0,ACM-SVM,spurious_events,0.0,0.6725
tep,3,0,ACM-SVM,spurious_events,0.05,0.5845833333333333
tep,3,0,ACM-SVM,spurious_events,0.1,0.4805833333333333
tep,3,0,ACM-SVM,spurious_events,0.15,0.4306666666666667
tep,3,0,ACM-SVM,spurious_events,0.2,0.38575000000000004
tep,3,0,ACM-SVM,spurious_events,0.25,0.3469166666666667
tep,3,0,ACM-SVM,spurious_events,0.3,0.3203333333333333
tep,3,0,ACM-SVM,spurious_events,0.4,0.29941666666666666
tep,3,0,ACM-SVM,spurious_events,0.5,0.27375
tep,3,0,ACM-SVM,spurious_events,0.6,0.2588333333333333
tep,3,0,ACM-SVM,spurious_events,0.7,0.2454166666666667
tep,3,0,ACM-SVM,spurious_events,0.8,0.23366666666666666
tep,3,0,ACM-SVM,spurious_events,0.9,0.22625000000000003
tep,3,0,ACM-SVM,timing_uncertainty,0.0,0.6725
tep,3,0,ACM-SVM,timing_uncertainty,0.05,0.6724166666666666
tep,3,0,ACM-SVM,timing_uncertainty,0.1,0.6708333333333334
tep,3,0,ACM-SVM,timing_uncertainty,0.15,0.65525
tep,3,0,ACM-SVM,timing_uncertainty,0.2,0.6342500000000001
tep,3,0,ACM-SVM,timing_uncertainty,0.25,0.61825
tep,3,0,ACM-SVM,timing_uncertainty,0.3,0.6106666666666667
tep,3,0,ACM-SVM,timing_uncertainty,0.4,0.5838333333333333
tep,3,0,ACM-SVM,timing_uncertainty,0.5,0.5691666666666667
tep,3,0,ACM-SVM,timing_uncertainty,0.6,0.5425833333333333
tep,3,0,ACM-SVM,timing_uncertainty,0.7,0.5195833333333334
tep,3,0,ACM-SVM,timing_uncertainty,0.8,0.5099166666666667
tep,3,0,ACM-SVM,timing_uncertainty,0.9,0.4925833333333333
tep,3,0,CASIM-prefix,late_time_delay,0.0,0.9591666666666666
tep,3,0,CASIM-prefix,late_time_delay,0.05,0.685
tep,3,0,CASIM-prefix,late_time_delay,0.1,0.655
tep,3,0,CASIM-prefix,late_time_delay,0.15,0.63
tep,3,0,CASIM-prefix,late_time_delay,0.2,0.6124999999999999
tep,3,0,CASIM-prefix,late_time_delay,0.25,0.5591666666666667
tep,3,0,CASIM-prefix,late_time_delay,0.3,0.5533333333333333
tep,3,0,CASIM-prefix,late_time_delay,0.4,0.4725
tep,3,0,CASIM-prefix,late_time_delay,0.5,0.4216666666666667
tep,3,0,CASIM-prefix,late_time_delay,0.6,0.365
tep,3,0,CASIM-prefix,late_time_delay,0.7,0.2608333333333333
tep,3,0,CASIM-prefix,late_time_delay,0.8,0.2125
tep,3,0,CASIM-prefix,late_time_delay,0.9,0.205
tep,3,0,CASIM-prefix,missing_events,0.0,0.9591666666666666
tep,3,0,CASIM-prefix,missing_events,0.05,0.945
tep,3,0,CASIM-prefix,missing_events,0.1,0.9230833333333334
tep,3,0,CASIM-prefix,missing_events,0.15,0.9001666666666667
tep,3,0,CASIM-prefix,missing_events,0.2,0.8810833333333333
tep,3,0,CASIM-prefix,missing_events,0.25,0.8519166666666668
tep,3,0,CASIM-prefix,missing_events,0.3,0.8344999999999999
tep,3,0,CASIM-prefix,missing_events,0.4,0.7723333333333334
tep,3,0,CASIM-prefix,missing_events,0.5,0.68575
tep,3,0,CASIM-prefix,missing_events,0.6,0.6184999999999999
tep,3,0,CASIM-prefix,missing_events,0.7,0.5225833333333333
tep,3,0,CASIM-prefix,missing_events,0.8,0.4090833333333333
tep,3,0,CASIM-prefix,missing_events,0.9,0.29141666666666666
tep,3,0,CASIM-prefix,mixed_missing_spurious,0.0,0.9591666666666666
tep,3,0,CASIM-prefix,mixed_missing_spurious,0.05,0.9365
tep,3,0,CASIM-prefix,mixed_missing_spurious,0.1,0.9010833333333332
tep,3,0,CASIM-prefix,mixed_missing_spurious,0.15,0.871
tep,3,0,CASIM-prefix,mixed_missing_spurious,0.2,0.83875
tep,3,0,CASIM-prefix,mixed_missing_spurious,0.25,0.8058333333333333
tep,3,0,CASIM-prefix,mixed_missing_spurious,0.3,0.7808333333333334
tep,3,0,CASIM-prefix,mixed_missing_spurious,0.4,0.70775
tep,3,0,CASIM-prefix,mixed_missing_spurious,0.5,0.6513333333333333
tep,3,0,CASIM-prefix,mixed_missing_spurious,0.6,0.5961666666666666
tep,3,0,CASIM-prefix,mixed_missing_spurious,0.7,0.5107499999999999
tep,3,0,CASIM-prefix,mixed_missing_spurious,0.8,0.45275
tep,3,0,CASIM-prefix,mixed_missing_spurious,0.9,0.32841666666666663
tep,3,0,CASIM-prefix,mixed_spurious_timing_late,0.0,0.9591666666666666
tep,3,0,CASIM-prefix,mixed_spurious_timing_late,0.05,0.6834166666666667
tep,3,0,CASIM-prefix,mixed_spurious_timing_late,0.1,0.6465833333333334
tep,3,0,CASIM-prefix,mixed_spurious_timing_late,0.15,0.5950833333333333
tep,3,0,CASIM-prefix,mixed_spurious_timing_late,0.2,0.5576666666666666
tep,3,0,CASIM-prefix,mixed_spurious_timing_late,0.25,0.4948333333333333
tep,3,0,CASIM-prefix,mixed_spurious_timing_late,0.3,0.45416666666666666
tep,3,0,CASIM-prefix,mixed_spurious_timing_late,0.4,0.39799999999999996
tep,3,0,CASIM-prefix,mixed_spurious_timing_late,0.5,0.37024999999999997
tep,3,0,CASIM-prefix,mixed_spurious_timing_late,0.6,0.36424999999999996
tep,3,0,CASIM-prefix,mixed_spurious_timing_late,0.7,0.3135833333333333
tep,3,0,CASIM-prefix,mixed_spurious_timing_late,0.8,0.24275
tep,3,0,CASIM-prefix,mixed_spurious_timing_late,0.9,0.214
tep,3,0,CASIM-prefix,spurious_events,0.0,0.9591666666666666
tep,3,0,CASIM-prefix,spurious_events,0.05,0.9505833333333333
tep,3,0,CASIM-prefix,spurious_events,0.1,0.9390000000000001
tep,3,0,CASIM-prefix,spurious_events,0.15,0.9129999999999999
tep,3,0,CASIM-prefix,spurious_events,0.2,0.8965833333333334
tep,3,0,CASIM-prefix,spurious_events,0.25,0.8686666666666666
tep,3,0,CASIM-prefix,spurious_events,0.3,0.8494999999999999
tep,3,0,CASIM-prefix,spurious_events,0.4,0.8029999999999999
tep,3,0,CASIM-prefix,spurious_events,0.5,0.7570833333333334
tep,3,0,CASIM-prefix,spurious_events,0.6,0.711
tep,3,0,CASIM-prefix,spurious_events,0.7,0.6856666666666666
tep,3,0,CASIM-prefix,spurious_events,0.8,0.6496666666666667
tep,3,0,CASIM-prefix,spurious_events,0.9,0.6198333333333333
tep,3,0,CASIM-prefix,timing_uncertainty,0.0,0.9591666666666666
tep,3,0,CASIM-prefix,timing_uncertainty,0.05,0.9586666666666668
tep,3,0,CASIM-prefix,timing_uncertainty,0.1,0.9569166666666667
tep,3,0,CASIM-prefix,timing_uncertainty,0.15,0.9540833333333333
tep,3,0,CASIM-prefix,timing_uncertainty,0.2,0.95025
tep,3,0,CASIM-prefix,timing_uncertainty,0.25,0.9489166666666667
tep,3,0,CASIM-prefix,timing_uncertainty,0.3,0.94225
tep,3,0,CASIM-prefix,timing_uncertainty,0.4,0.9291666666666667
tep,3,0,CASIM-prefix,timing_uncertainty,0.5,0.9221666666666666
tep,3,0,CASIM-prefix,timing_uncertainty,0.6,0.9055
tep,3,0,CASIM-prefix,timing_uncertainty,0.7,0.90275
tep,3,0,CASIM-prefix,timing_uncertainty,0.8,0.8753333333333333
tep,3,0,CASIM-prefix,timing_uncertainty,0.9,0.8504166666666667
tep,3,0,EAC-1NN,late_time_delay,0.0,0.7758333333333334
tep,3,0,EAC-1NN,late_time_delay,0.05,0.7799999999999999
tep,3,0,EAC-1NN,late_time_delay,0.1,0.7991666666666667
tep,3,0,EAC-1NN,late_time_delay,0.15,0.8300000000000001
tep,3,0,EAC-1NN,late_time_delay,0.2,0.8208333333333333
tep,3,0,EAC-1NN,late_time_delay,0.25,0.8066666666666666
tep,3,0,EAC-1NN,late_time_delay,0.3,0.8033333333333333
tep,3,0,EAC-1NN,late_time_delay,0.4,0.7641666666666667
tep,3,0,EAC-1NN,late_time_delay,0.5,0.8408333333333333
tep,3,0,EAC-1NN,late_time_delay,0.6,0.8058333333333333
tep,3,0,EAC-1NN,late_time_delay,0.7,0.7508333333333334
tep,3,0,EAC-1NN,late_time_delay,0.8,0.7666666666666666
tep,3,0,EAC-1NN,late_time_delay,0.9,0.635
tep,3,0,EAC-1NN,missing_events,0.0,0.7758333333333334
tep,3,0,EAC-1NN,missing_events,0.05,0.7743333333333333
tep,3,0,EAC-1NN,missing_events,0.1,0.7695833333333333
tep,3,0,EAC-1NN,missing_events,0.15,0.7680833333333333
tep,3,0,EAC-1NN,missing_events,0.2,0.76425
tep,3,0,EAC-1NN,missing_events,0.25,0.7620833333333333
tep,3,0,EAC-1NN,missing_events,0.3,0.75325
tep,3,0,EAC-1NN,missing_events,0.4,0.7444999999999999
tep,3,0,EAC-1NN,missing_events,0.5,0.7356666666666666
tep,3,0,EAC-1NN,missing_events,0.6,0.7094999999999999
tep,3,0,EAC-1NN,missing_events,0.7,0.6701666666666667
tep,3,0,EAC-1NN,missing_events,0.8,0.6166666666666667
tep,3,0,EAC-1NN,missing_events,0.9,0.5299166666666667
tep,3,0,EAC-1NN,mixed_missing_spurious,0.0,0.7758333333333334
tep,3,0,EAC-1NN,mixed_missing_spurious,0.05,0.7680833333333333
tep,3,0,EAC-1NN,mixed_missing_spurious,0.1,0.753
tep,3,0,EAC-1NN,mixed_missing_spurious,0.15,0.7426666666666667
tep,3,0,EAC-1NN,mixed_missing_spurious,0.2,0.73325
tep,3,0,EAC-1NN,mixed_missing_spurious,0.25,0.7242500000000001
tep,3,0,EAC-1NN,mixed_missing_spurious,0.3,0.7134999999999999
tep,3,0,EAC-1NN,mixed_missing_spurious,0.4,0.6831666666666667
tep,3,0,EAC-1NN,mixed_missing_spurious,0.5,0.6525
tep,3,0,EAC-1NN,mixed_missing_spurious,0.6,0.6316666666666667
tep,3,0,EAC-1NN,mixed_missing_spurious,0.7,0.588
tep,3,0,EAC-1NN,mixed_missing_spurious,0.8,0.5369166666666666
tep,3,0,EAC-1NN,mixed_missing_spurious,0.9,0.4604166666666667
tep,3,0,EAC-1NN,mixed_spurious_timing_late,0.0,0.7758333333333334
tep,3,0,EAC-1NN,mixed_spurious_timing_late,0.05,0.77325
tep,3,0,EAC-1NN,mixed_spurious_timing_late,0.1,0.7977500000000001
tep,3,0,EAC-1NN,mixed_spurious_timing_late,0.15,0.7876666666666666
tep,3,0,EAC-1NN,mixed_spurious_timing_late,0.2,0.7775
tep,3,0,EAC-1NN,mixed_spurious_timing_late,0.25,0.7483333333333334
tep,3,0,EAC-1NN,mixed_spurious_timing_late,0.3,0.7543333333333333
tep,3,0,EAC-1NN,mixed_spurious_timing_late,0.4,0.7075833333333333
tep,3,0,EAC-1NN,mixed_spurious_timing_late,0.5,0.7285833333333334
tep,3,0,EAC-1NN,mixed_spurious_timing_late,0.6,0.6784166666666667
tep,3,0,EAC-1NN,mixed_spurious_timing_late,0.7,0.6061666666666666
tep,3,0,EAC-1NN,mixed_spurious_timing_late,0.8,0.5874166666666667
tep,3,0,EAC-1NN,mixed_spurious_timing_late,0.9,0.51
tep,3,0,EAC-1NN,spurious_events,0.0,0.7758333333333334
tep,3,0,EAC-1NN,spurious_events,0.05,0.7695
tep,3,0,EAC-1NN,spurious_events,0.1,0.7661666666666666
tep,3,0,EAC-1NN,spurious_events,0.15,0.7463333333333333
tep,3,0,EAC-1NN,spurious_events,0.2,0.7376666666666667
tep,3,0,EAC-1NN,spurious_events,0.25,0.7420833333333333
tep,3,0,EAC-1NN,spurious_events,0.3,0.7284166666666666
tep,3,0,EAC-1NN,spurious_events,0.4,0.7115
tep,3,0,EAC-1NN,spurious_events,0.5,0.6933333333333334
tep,3,0,EAC-1NN,spurious_events,0.6,0.6821666666666667
tep,3,0,EAC-1NN,spurious_events,0.7,0.6625833333333333
tep,3,0,EAC-1NN,spurious_events,0.8,0.6495000000000001
tep,3,0,EAC-1NN,spurious_events,0.9,0.63275
tep,3,0,EAC-1NN,timing_uncertainty,0.0,0.7758333333333334
tep,3,0,EAC-1NN,timing_uncertainty,0.05,0.7768333333333333
tep,3,0,EAC-1NN,timing_uncertainty,0.1,0.774
tep,3,0,EAC-1NN,timing_uncertainty,0.15,0.7750833333333333
tep,3,0,EAC-1NN,timing_uncertainty,0.2,0.77625
tep,3,0,EAC-1NN,timing_uncertainty,0.25,0.7671666666666667
tep,3,0,EAC-1NN,timing_uncertainty,0.3,0.767
tep,3,0,EAC-1NN,timing_uncertainty,0.4,0.7638333333333334
tep,3,0,EAC-1NN,timing_uncertainty,0.5,0.7621666666666668
tep,3,0,EAC-1NN,timing_uncertainty,0.6,0.769
tep,3,0,EAC-1NN,timing_uncertainty,0.7,0.7687499999999999
tep,3,0,EAC-1NN,timing_uncertainty,0.8,0.7684166666666666
tep,3,0,EAC-1NN,timing_uncertainty,0.9,0.7743333333333333
tep,3,0,JAC-1NN,late_time_delay,0.0,0.7933333333333333
tep,3,0,JAC-1NN,late_time_delay,0.05,0.6925
tep,3,0,JAC-1NN,late_time_delay,0.1,0.7066666666666667
tep,3,0,JAC-1NN,late_time_delay,0.15,0.7008333333333333
tep,3,0,JAC-1NN,late_time_delay,0.2,0.7041666666666666
tep,3,0,JAC-1NN,late_time_delay,0.25,0.7091666666666666
tep,3,0,JAC-1NN,late_time_delay,0.3,0.745
tep,3,0,JAC-1NN,late_time_delay,0.4,0.7041666666666666
tep,3,0,JAC-1NN,late_time_delay,0.5,0.6075
tep,3,0,JAC-1NN,late_time_delay,0.6,0.5458333333333334
tep,3,0,JAC-1NN,late_time_delay,0.7,0.46416666666666667
tep,3,0,JAC-1NN,late_time_delay,0.8,0.39916666666666667
tep,3,0,JAC-1NN,late_time_delay,0.9,0.34
tep,3,0,JAC-1NN,missing_events,0.0,0.7933333333333333
tep,3,0,JAC-1NN,missing_events,0.05,0.78825
tep,3,0,JAC-1NN,missing_events,0.1,0.7820833333333334
tep,3,0,JAC-1NN,missing_events,0.15,0.7683333333333334
tep,3,0,JAC-1NN,missing_events,0.2,0.767
tep,3,0,JAC-1NN,missing_events,0.25,0.753
tep,3,0,JAC-1NN,missing_events,0.3,0.7449166666666667
tep,3,0,JAC-1NN,missing_events,0.4,0.7160000000000001
tep,3,0,JAC-1NN,missing_events,0.5,0.6849166666666666
tep,3,0,JAC-1NN,missing_events,0.6,0.6503333333333333
tep,3,0,JAC-1NN,missing_events,0.7,0.59725
tep,3,0,JAC-1NN,missing_events,0.8,0.5116666666666666
tep,3,0,JAC-1NN,missing_events,0.9,0.39691666666666664
tep,3,0,JAC-1NN,mixed_missing_spurious,0.0,0.7933333333333333
tep,3,0,JAC-1NN,mixed_missing_spurious,0.05,0.7819166666666666
tep,3,0,JAC-1NN,mixed_missing_spurious,0.1,0.7555833333333334
tep,3,0,JAC-1NN,mixed_missing_spurious,0.15,0.73725
tep,3,0,JAC-1NN,mixed_missing_spurious,0.2,0.7189166666666668
tep,3,0,JAC-1NN,mixed_missing_spurious,0.25,0.702
tep,3,0,JAC-1NN,mixed_missing_spurious,0.3,0.6865833333333334
tep,3,0,JAC-1NN,mixed_missing_spurious,0.4,0.65025
tep,3,0,JAC-1NN,mixed_missing_spurious,0.5,0.6261666666666666
tep,3,0,JAC-1NN,mixed_missing_spurious,0.6,0.5881666666666666
tep,3,0,JAC-1NN,mixed_missing_spurious,0.7,0.5489166666666666
tep,3,0,JAC-1NN,mixed_missing_spurious,0.8,0.4939166666666666
tep,3,0,JAC-1NN,mixed_missing_spurious,0.9,0.38808333333333334
tep,3,0,JAC-1NN,mixed_spurious_timing_late,0.0,0.7933333333333333
tep,3,0,JAC-1NN,mixed_spurious_timing_late,0.05,0.6965
tep,3,0,JAC-1NN,mixed_spurious_timing_late,0.1,0.6978333333333334
tep,3,0,JAC-1NN,mixed_spurious_timing_late,0.15,0.6880833333333333
tep,3,0,JAC-1NN,mixed_spurious_timing_late,0.2,0.6741666666666667
tep,3,0,JAC-1NN,mixed_spurious_timing_late,0.25,0.6625
tep,3,0,JAC-1NN,mixed_spurious_timing_late,0.3,0.68375
tep,3,0,JAC-1NN,mixed_spurious_timing_late,0.4,0.6422500000000001
tep,3,0,JAC-1NN,mixed_spurious_timing_late,0.5,0.6035
tep,3,0,JAC-1NN,mixed_spurious_timing_late,0.6,0.56075
tep,3,0,JAC-1NN,mixed_spurious_timing_late,0.7,0.47975000000000007
tep,3,0,JAC-1NN,mixed_spurious_timing_late,0.8,0.4446666666666667
tep,3,0,JAC-1NN,mixed_spurious_timing_late,0.9,0.3585
tep,3,0,JAC-1NN,spurious_events,0.0,0.7933333333333333
tep,3,0,JAC-1NN,spurious_events,0.05,0.7825000000000001
tep,3,0,JAC-1NN,spurious_events,0.1,0.7736666666666667
tep,3,0,JAC-1NN,spurious_events,0.15,0.7443333333333334
tep,3,0,JAC-1NN,spurious_events,0.2,0.7240000000000001
tep,3,0,JAC-1NN,spurious_events,0.25,0.6979166666666666
tep,3,0,JAC-1NN,spurious_events,0.3,0.6863333333333334
tep,3,0,JAC-1NN,spurious_events,0.4,0.6219166666666667
tep,3,0,JAC-1NN,spurious_events,0.5,0.5715833333333333
tep,3,0,JAC-1NN,spurious_events,0.6,0.5345833333333333
tep,3,0,JAC-1NN,spurious_events,0.7,0.5101666666666667
tep,3,0,JAC-1NN,spurious_events,0.8,0.47891666666666666
tep,3,0,JAC-1NN,spurious_events,0.9,0.46166666666666667
tep,3,0,JAC-1NN,timing_uncertainty,0.0,0.7933333333333333
tep,3,0,JAC-1NN,timing_uncertainty,0.05,0.791
tep,3,0,JAC-1NN,timing_uncertainty,0.1,0.7952499999999999
tep,3,0,JAC-1NN,timing_uncertainty,0.15,0.7910833333333334
tep,3,0,JAC-1NN,timing_uncertainty,0.2,0.7947500000000001
tep,3,0,JAC-1NN,timing_uncertainty,0.25,0.7910833333333334
tep,3,0,JAC-1NN,timing_uncertainty,0.3,0.7895
tep,3,0,JAC-1NN,timing_uncertainty,0.4,0.78825
tep,3,0,JAC-1NN,timing_uncertainty,0.5,0.7929166666666667
tep,3,0,JAC-1NN,timing_uncertainty,0.6,0.7921666666666667
tep,3,0,JAC-1NN,timing_uncertainty,0.7,0.7945833333333333
tep,3,0,JAC-1NN,timing_uncertainty,0.8,0.8027500000000001
tep,3,0,JAC-1NN,timing_uncertainty,0.9,0.7989166666666666
tep,3,0,MBW-LR,late_time_delay,0.0,0.8725
tep,3,0,MBW-LR,late_time_delay,0.05,0.8250000000000001
tep,3,0,MBW-LR,late_time_delay,0.1,0.8591666666666665
tep,3,0,MBW-LR,late_time_delay,0.15,0.835
tep,3,0,MBW-LR,late_time_delay,0.2,0.8125
tep,3,0,MBW-LR,late_time_delay,0.25,0.7983333333333333
tep,3,0,MBW-LR,late_time_delay,0.3,0.8633333333333333
tep,3,0,MBW-LR,late_time_delay,0.4,0.8224999999999999
tep,3,0,MBW-LR,late_time_delay,0.5,0.8216666666666667
tep,3,0,MBW-LR,late_time_delay,0.6,0.7258333333333332
tep,3,0,MBW-LR,late_time_delay,0.7,0.6508333333333334
tep,3,0,MBW-LR,late_time_delay,0.8,0.5508333333333334
tep,3,0,MBW-LR,late_time_delay,0.9,0.395
tep,3,0,MBW-LR,missing_events,0.0,0.8725
tep,3,0,MBW-LR,missing_events,0.05,0.8629166666666667
tep,3,0,MBW-LR,missing_events,0.1,0.8515833333333335
tep,3,0,MBW-LR,missing_events,0.15,0.8435
tep,3,0,MBW-LR,missing_events,0.2,0.8295
tep,3,0,MBW-LR,missing_events,0.25,0.8290833333333333
tep,3,0,MBW-LR,missing_events,0.3,0.8199166666666667
tep,3,0,MBW-LR,missing_events,0.4,0.7839999999999999
tep,3,0,MBW-LR,missing_events,0.5,0.7515000000000001
tep,3,0,MBW-LR,missing_events,0.6,0.7204166666666666
tep,3,0,MBW-LR,missing_events,0.7,0.6772499999999999
tep,3,0,MBW-LR,missing_events,0.8,0.6255833333333333
tep,3,0,MBW-LR,missing_events,0.9,0.5130833333333333
tep,3,0,MBW-LR,mixed_missing_spurious,0.0,0.8725
tep,3,0,MBW-LR,mixed_missing_spurious,0.05,0.8289166666666666
tep,3,0,MBW-LR,mixed_missing_spurious,0.1,0.77
tep,3,0,MBW-LR,mixed_missing_spurious,0.15,0.7348333333333333
tep,3,0,MBW-LR,mixed_missing_spurious,0.2,0.7006666666666667
tep,3,0,MBW-LR,mixed_missing_spurious,0.25,0.6596666666666666
tep,3,0,MBW-LR,mixed_missing_spurious,0.3,0.6496666666666667
tep,3,0,MBW-LR,mixed_missing_spurious,0.4,0.5978333333333333
tep,3,0,MBW-LR,mixed_missing_spurious,0.5,0.5601666666666666
tep,3,0,MBW-LR,mixed_missing_spurious,0.6,0.5330833333333334
tep,3,0,MBW-LR,mixed_missing_spurious,0.7,0.5013333333333333
tep,3,0,MBW-LR,mixed_missing_spurious,0.8,0.47258333333333336
tep,3,0,MBW-LR,mixed_missing_spurious,0.9,0.4105833333333333
tep,3,0,MBW-LR,mixed_spurious_timing_late,0.0,0.8725
tep,3,0,MBW-LR,mixed_spurious_timing_late,0.05,0.7900833333333334
tep,3,0,MBW-LR,mixed_spurious_timing_late,0.1,0.7933333333333333
tep,3,0,MBW-LR,mixed_spurious_timing_late,0.15,0.7139166666666666
tep,3,0,MBW-LR,mixed_spurious_timing_late,0.2,0.6903333333333334
tep,3,0,MBW-LR,mixed_spurious_timing_late,0.25,0.6545833333333334
tep,3,0,MBW-LR,mixed_spurious_timing_late,0.3,0.68975
tep,3,0,MBW-LR,mixed_spurious_timing_late,0.4,0.66125
tep,3,0,MBW-LR,mixed_spurious_timing_late,0.5,0.6249166666666667
tep,3,0,MBW-LR,mixed_spurious_timing_late,0.6,0.5740833333333334
tep,3,0,MBW-LR,mixed_spurious_timing_late,0.7,0.43983333333333335
tep,3,0,MBW-LR,mixed_spurious_timing_late,0.8,0.399
tep,3,0,MBW-LR,mixed_spurious_timing_late,0.9,0.3625
tep,3,0,MBW-LR,spurious_events,0.0,0.8725
tep,3,0,MBW-LR,spurious_events,0.05,0.8289166666666667
tep,3,0,MBW-LR,spurious_events,0.1,0.7776666666666667
tep,3,0,MBW-LR,spurious_events,0.15,0.7230833333333333
tep,3,0,MBW-LR,spurious_events,0.2,0.6887500000000001
tep,3,0,MBW-LR,spurious_events,0.25,0.6518333333333334
tep,3,0,MBW-LR,spurious_events,0.3,0.6331666666666667
tep,3,0,MBW-LR,spurious_events,0.4,0.5721666666666666
tep,3,0,MBW-LR,spurious_events,0.5,0.5259166666666667
tep,3,0,MBW-LR,spurious_events,0.6,0.4799166666666667
tep,3,0,MBW-LR,spurious_events,0.7,0.4649166666666667
tep,3,0,MBW-LR,spurious_events,0.8,0.43816666666666665
tep,3,0,MBW-LR,spurious_events,0.9,0.42375
tep,3,0,MBW-LR,timing_uncertainty,0.0,0.8725
tep,3,0,MBW-LR,timing_uncertainty,0.05,0.872
tep,3,0,MBW-LR,timing_uncertainty,0.1,0.8686666666666666
tep,3,0,MBW-LR,timing_uncertainty,0.15,0.862
tep,3,0,MBW-LR,timing_uncertainty,0.2,0.8575833333333334
tep,3,0,MBW-LR,timing_uncertainty,0.25,0.8501666666666666
tep,3,0,MBW-LR,timing_uncertainty,0.3,0.84275
tep,3,0,MBW-LR,timing_uncertainty,0.4,0.83275
tep,3,0,MBW-LR,timing_uncertainty,0.5,0.82925
tep,3,0,MBW-LR,timing_uncertainty,0.6,0.8266666666666667
tep,3,0,MBW-LR,timing_uncertainty,0.7,0.8205
tep,3,0,MBW-LR,timing_uncertainty,0.8,0.8273333333333333
tep,3,0,MBW-LR,timing_uncertainty,0.9,0.8201666666666667
tep,3,0,WDI-1NN,late_time_delay,0.0,0.6316666666666667
tep,3,0,WDI-1NN,late_time_delay,0.05,0.6391666666666667
tep,3,0,WDI-1NN,late_time_delay,0.1,0.6575000000000001
tep,3,0,WDI-1NN,late_time_delay,0.15,0.6341666666666667
tep,3,0,WDI-1NN,late_time_delay,0.2,0.6016666666666667
tep,3,0,WDI-1NN,late_time_delay,0.25,0.5683333333333334
tep,3,0,WDI-1NN,late_time_delay,0.3,0.5975
tep,3,0,WDI-1NN,late_time_delay,0.4,0.5183333333333333
tep,3,0,WDI-1NN,late_time_delay,0.5,0.5216666666666666
tep,3,0,WDI-1NN,late_time_delay,0.6,0.4825
tep,3,0,WDI-1NN,late_time_delay,0.7,0.4683333333333333
tep,3,0,WDI-1NN,late_time_delay,0.8,0.415
tep,3,0,WDI-1NN,late_time_delay,0.9,0.395
tep,3,0,WDI-1NN,missing_events,0.0,0.6316666666666667
tep,3,0,WDI-1NN,missing_events,0.05,0.6304166666666666
tep,3,0,WDI-1NN,missing_events,0.1,0.625
tep,3,0,WDI-1NN,missing_events,0.15,0.6213333333333333
tep,3,0,WDI-1NN,missing_events,0.2,0.6158333333333333
tep,3,0,WDI-1NN,missing_events,0.25,0.6123333333333333
tep,3,0,WDI-1NN,missing_events,0.3,0.6060833333333333
tep,3,0,WDI-1NN,missing_events,0.4,0.5812499999999999
tep,3,0,WDI-1NN,missing_events,0.5,0.5585
tep,3,0,WDI-1NN,missing_events,0.6,0.5210833333333333
tep,3,0,WDI-1NN,missing_events,0.7,0.47350000000000003
tep,3,0,WDI-1NN,missing_events,0.8,0.41425
tep,3,0,WDI-1NN,missing_events,0.9,0.3434166666666667
tep,3,0,WDI-1NN,mixed_missing_spurious,0.0,0.6316666666666667
tep,3,0,WDI-1NN,mixed_missing_spurious,0.05,0.6263333333333333
tep,3,0,WDI-1NN,mixed_missing_spurious,0.1,0.6145833333333334
tep,3,0,WDI-1NN,mixed_missing_spurious,0.15,0.6134166666666666
tep,3,0,WDI-1NN,mixed_missing_spurious,0.2,0.6074999999999999
tep,3,0,WDI-1NN,mixed_missing_spurious,0.25,0.59
tep,3,0,WDI-1NN,mixed_missing_spurious,0.3,0.5830000000000001
tep,3,0,WDI-1NN,mixed_missing_spurious,0.4,0.56075
tep,3,0,WDI-1NN,mixed_missing_spurious,0.5,0.5344166666666667
tep,3,0,WDI-1NN,mixed_missing_spurious,0.6,0.5106666666666667
tep,3,0,WDI-1NN,mixed_missing_spurious,0.7,0.45966666666666667
tep,3,0,WDI-1NN,mixed_missing_spurious,0.8,0.3916666666666666
tep,3,0,WDI-1NN,mixed_missing_spurious,0.9,0.33125
tep,3,0,WDI-1NN,mixed_spurious_timing_late,0.0,0.6316666666666667
tep,3,0,WDI-1NN,mixed_spurious_timing_late,0.05,0.6388333333333334
tep,3,0,WDI-1NN,mixed_spurious_timing_late,0.1,0.6528333333333334
tep,3,0,WDI-1NN,mixed_spurious_timing_late,0.15,0.6102500000000001
tep,3,0,WDI-1NN,mixed_spurious_timing_late,0.2,0.5836666666666667
tep,3,0,WDI-1NN,mixed_spurious_timing_late,0.25,0.5536666666666666
tep,3,0,WDI-1NN,mixed_spurious_timing_late,0.3,0.5818333333333333
tep,3,0,WDI-1NN,mixed_spurious_timing_late,0.4,0.5161666666666667
tep,3,0,WDI-1NN,mixed_spurious_timing_late,0.5,0.5055833333333334
tep,3,0,WDI-1NN,mixed_spurious_timing_late,0.6,0.4723333333333333
tep,3,0,WDI-1NN,mixed_spurious_timing_late,0.7,0.45175000000000004
tep,3,0,WDI-1NN,mixed_spurious_timing_late,0.8,0.43575
tep,3,0,WDI-1NN,mixed_spurious_timing_late,0.9,0.3615
tep,3,0,WDI-1NN,spurious_events,0.0,0.6316666666666667
tep,3,0,WDI-1NN,spurious_events,0.05,0.6260833333333333
tep,3,0,WDI-1NN,spurious_events,0.1,0.6228333333333333
tep,3,0,WDI-1NN,spurious_events,0.15,0.62075
tep,3,0,WDI-1NN,spurious_events,0.2,0.6076666666666667
tep,3,0,WDI-1NN,spurious_events,0.25,0.6070833333333333
tep,3,0,WDI-1NN,spurious_events,0.3,0.60275
tep,3,0,WDI-1NN,spurious_events,0.4,0.5861666666666666
tep,3,0,WDI-1NN,spurious_events,0.5,0.5625833333333333
tep,3,0,WDI-1NN,spurious_events,0.6,0.548
tep,3,0,WDI-1NN,spurious_events,0.7,0.5295
tep,3,0,WDI-1NN,spurious_events,0.8,0.5074166666666667
tep,3,0,WDI-1NN,spurious_events,0.9,0.4848333333333333
tep,3,0,WDI-1NN,timing_uncertainty,0.0,0.6316666666666667
tep,3,0,WDI-1NN,timing_uncertainty,0.05,0.6298333333333334
tep,3,0,WDI-1NN,timing_uncertainty,0.1,0.62875
tep,3,0,WDI-1NN,timing_uncertainty,0.15,0.6276666666666667
tep,3,0,WDI-1NN,timing_uncertainty,0.2,0.62825
tep,3,0,WDI-1NN,timing_uncertainty,0.25,0.6278333333333334
tep,3,0,WDI-1NN,timing_uncertainty,0.3,0.628
tep,3,0,WDI-1NN,timing_uncertainty,0.4,0.6288333333333332
tep,3,0,WDI-1NN,timing_uncertainty,0.5,0.62975
tep,3,0,WDI-1NN,timing_uncertainty,0.6,0.6311666666666667
tep,3,0,WDI-1NN,timing_uncertainty,0.7,0.6315
tep,3,0,WDI-1NN,timing_uncertainty,0.8,0.63875
tep,3,0,WDI-1NN,timing_uncertainty,0.9,0.642
tep,4,0,ACM-SVM,late_time_delay,0.0,0.7016666666666667
tep,4,0,ACM-SVM,late_time_delay,0.05,0.6133333333333333
tep,4,0,ACM-SVM,late_time_delay,0.1,0.6224999999999999
tep,4,0,ACM-SVM,late_time_delay,0.15,0.5725
tep,4,0,ACM-SVM,late_time_delay,0.2,0.5308333333333334
tep,4,0,ACM-SVM,late_time_delay,0.25,0.5233333333333333
tep,4,0,ACM-SVM,late_time_delay,0.3,0.5316666666666666
tep,4,0,ACM-SVM,late_time_delay,0.4,0.4925
tep,4,0,ACM-SVM,late_time_delay,0.5,0.47583333333333333
tep,4,0,ACM-SVM,late_time_delay,0.6,0.4283333333333333
tep,4,0,ACM-SVM,late_time_delay,0.7,0.40750000000000003
tep,4,0,ACM-SVM,late_time_delay,0.8,0.40416666666666673
tep,4,0,ACM-SVM,late_time_delay,0.9,0.335
tep,4,0,ACM-SVM,missing_events,0.0,0.7016666666666667
tep,4,0,ACM-SVM,missing_events,0.05,0.6644166666666667
tep,4,0,ACM-SVM,missing_events,0.1,0.6300833333333333
tep,4,0,ACM-SVM,missing_events,0.15,0.6004999999999999
tep,4,0,ACM-SVM,missing_events,0.2,0.5732499999999999
tep,4,0,ACM-SVM,missing_events,0.25,0.5525
tep,4,0,ACM-SVM,missing_events,0.3,0.5280833333333333
tep,4,0,ACM-SVM,missing_events,0.4,0.49433333333333335
tep,4,0,ACM-SVM,missing_events,0.5,0.4684166666666667
tep,4,0,ACM-SVM,missing_events,0.6,0.4378333333333333
tep,4,0,ACM-SVM,missing_events,0.7,0.42075
tep,4,0,ACM-SVM,missing_events,0.8,0.3885
tep,4,0,ACM-SVM,missing_events,0.9,0.3329166666666667
tep,4,0,ACM-SVM,mixed_missing_spurious,0.0,0.7016666666666667
tep,4,0,ACM-SVM,mixed_missing_spurious,0.05,0.5669166666666666
tep,4,0,ACM-SVM,mixed_missing_spurious,0.1,0.47408333333333336
tep,4,0,ACM-SVM,mixed_missing_spurious,0.15,0.42016666666666663
tep,4,0,ACM-SVM,mixed_missing_spurious,0.2,0.38366666666666666
tep,4,0,ACM-SVM,mixed_missing_spurious,0.25,0.35825
tep,4,0,ACM-SVM,mixed_missing_spurious,0.3,0.3489166666666667
tep,4,0,ACM-SVM,mixed_missing_spurious,0.4,0.32108333333333333
tep,4,0,ACM-SVM,mixed_missing_spurious,0.5,0.3155
tep,4,0,ACM-SVM,mixed_missing_spurious,0.6,0.30933333333333335
tep,4,0,ACM-SVM,mixed_missing_spurious,0.7,0.31216666666666665
tep,4,0,ACM-SVM,mixed_missing_spurious,0.8,0.3099166666666667
tep,4,0,ACM-SVM,mixed_missing_spurious,0.9,0.31416666666666665
tep,4,0,ACM-SVM,mixed_spurious_timing_late,0.0,0.7016666666666667
tep,4,0,ACM-SVM,mixed_spurious_timing_late,0.05,0.5327500000000001
tep,4,0,ACM-SVM,mixed_spurious_timing_late,0.1,0.45483333333333337
tep,4,0,ACM-SVM,mixed_spurious_timing_late,0.15,0.37766666666666665
tep,4,0,ACM-SVM,mixed_spurious_timing_late,0.2,0.3408333333333333
tep,4,0,ACM-SVM,mixed_spurious_timing_late,0.25,0.31808333333333333
tep,4,0,ACM-SVM,mixed_spurious_timing_late,0.3,0.297
tep,4,0,ACM-SVM,mixed_spurious_timing_late,0.4,0.295
tep,4,0,ACM-SVM,mixed_spurious_timing_late,0.5,0.28691666666666665
tep,4,0,ACM-SVM,mixed_spurious_timing_late,0.6,0.2625
tep,4,0,ACM-SVM,mixed_spurious_timing_late,0.7,0.252
tep,4,0,ACM-SVM,mixed_spurious_timing_late,0.8,0.25175
tep,4,0,ACM-SVM,mixed_spurious_timing_late,0.9,0.2975
tep,4,0,ACM-SVM,spurious_events,0.0,0.7016666666666667
tep,4,0,ACM-SVM,spurious_events,0.05,0.5900833333333333
tep,4,0,ACM-SVM,spurious_events,0.1,0.48950000000000005
tep,4,0,ACM-SVM,spurious_events,0.15,0.44075
tep,4,0,ACM-SVM,spurious_events,0.2,0.3998333333333333
tep,4,0,ACM-SVM,spurious_events,0.25,0.3635833333333333
tep,4,0,ACM-SVM,spurious_events,0.3,0.33508333333333334
tep,4,0,ACM-SVM,spurious_events,0.4,0.29775
tep,4,0,ACM-SVM,spurious_events,0.5,0.27658333333333335
tep,4,0,ACM-SVM,spurious_events,0.6,0.2634166666666667
tep,4,0,ACM-SVM,spurious_events,0.7,0.24625
tep,4,0,ACM-SVM,spurious_events,0.8,0.23808333333333334
tep,4,0,ACM-SVM,spurious_events,0.9,0.22616666666666665
tep,4,0,ACM-SVM,timing_uncertainty,0.0,0.7016666666666667
tep,4,0,ACM-SVM,timing_uncertainty,0.05,0.7010833333333334
tep,4,0,ACM-SVM,timing_uncertainty,0.1,0.7004166666666666
tep,4,0,ACM-SVM,timing_uncertainty,0.15,0.6807500000000001
tep,4,0,ACM-SVM,timing_uncertainty,0.2,0.6543333333333333
tep,4,0,ACM-SVM,timing_uncertainty,0.25,0.6383333333333333
tep,4,0,ACM-SVM,timing_uncertainty,0.3,0.6274166666666666
tep,4,0,ACM-SVM,timing_uncertainty,0.4,0.5931666666666667
tep,4,0,ACM-SVM,timing_uncertainty,0.5,0.5714166666666667
tep,4,0,ACM-SVM,timing_uncertainty,0.6,0.55475
tep,4,0,ACM-SVM,timing_uncertainty,0.7,0.5315833333333334
tep,4,0,ACM-SVM,timing_uncertainty,0.8,0.5253333333333333
tep,4,0,ACM-SVM,timing_uncertainty,0.9,0.5076666666666666
tep,4,0,CASIM-prefix,late_time_delay,0.0,0.9691666666666666
tep,4,0,CASIM-prefix,late_time_delay,0.05,0.7400000000000001
tep,4,0,CASIM-prefix,late_time_delay,0.1,0.7508333333333334
tep,4,0,CASIM-prefix,late_time_delay,0.15,0.6616666666666666
tep,4,0,CASIM-prefix,late_time_delay,0.2,0.6008333333333333
tep,4,0,CASIM-prefix,late_time_delay,0.25,0.57
tep,4,0,CASIM-prefix,late_time_delay,0.3,0.5599999999999999
tep,4,0,CASIM-prefix,late_time_delay,0.4,0.4916666666666667
tep,4,0,CASIM-prefix,late_time_delay,0.5,0.4025
tep,4,0,CASIM-prefix,late_time_delay,0.6,0.34833333333333333
tep,4,0,CASIM-prefix,late_time_delay,0.7,0.3383333333333334
tep,4,0,CASIM-prefix,late_time_delay,0.8,0.2325
tep,4,0,CASIM-prefix,late_time_delay,0.9,0.23
tep,4,0,CASIM-prefix,missing_events,0.0,0.9691666666666666
tep,4,0,CASIM-prefix,missing_events,0.05,0.9526666666666667
tep,4,0,CASIM-prefix,missing_events,0.1,0.9359166666666666
tep,4,0,CASIM-prefix,missing_events,0.15,0.9111666666666666
tep,4,0,CASIM-prefix,missing_events,0.2,0.8885833333333334
tep,4,0,CASIM-prefix,missing_events,0.25,0.8693333333333334
tep,4,0,CASIM-prefix,missing_events,0.3,0.8395833333333332
tep,4,0,CASIM-prefix,missing_events,0.4,0.7696666666666667
tep,4,0,CASIM-prefix,missing_events,0.5,0.6925
tep,4,0,CASIM-prefix,missing_events,0.6,0.6106666666666666
tep,4,0,CASIM-prefix,missing_events,0.7,0.521
tep,4,0,CASIM-prefix,missing_events,0.8,0.4123333333333334
tep,4,0,CASIM-prefix,missing_events,0.9,0.30383333333333334
tep,4,0,CASIM-prefix,mixed_missing_spurious,0.0,0.9691666666666666
tep,4,0,CASIM-prefix,mixed_missing_spurious,0.05,0.9440833333333334
tep,4,0,CASIM-prefix,mixed_missing_spurious,0.1,0.90975
tep,4,0,CASIM-prefix,mixed_missing_spurious,0.15,0.8789166666666667
tep,4,0,CASIM-prefix,mixed_missing_spurious,0.2,0.8405
tep,4,0,CASIM-prefix,mixed_missing_spurious,0.25,0.79675
tep,4,0,CASIM-prefix,mixed_missing_spurious,0.3,0.7690833333333335
tep,4,0,CASIM-prefix,mixed_missing_spurious,0.4,0.699
tep,4,0,CASIM-prefix,mixed_missing_spurious,0.5,0.64725
tep,4,0,CASIM-prefix,mixed_missing_spurious,0.6,0.5677500000000001
tep,4,0,CASIM-prefix,mixed_missing_spurious,0.7,0.5168333333333334
tep,4,0,CASIM-prefix,mixed_missing_spurious,0.8,0.43133333333333335
tep,4,0,CASIM-prefix,mixed_missing_spurious,0.9,0.33383333333333337
tep,4,0,CASIM-prefix,mixed_spurious_timing_late,0.0,0.9691666666666666
tep,4,0,CASIM-prefix,mixed_spurious_timing_late,0.05,0.7344166666666667
tep,4,0,CASIM-prefix,mixed_spurious_timing_late,0.1,0.7124166666666666
tep,4,0,CASIM-prefix,mixed_spurious_timing_late,0.15,0.6182500000000001
tep,4,0,CASIM-prefix,mixed_spurious_timing_late,0.2,0.5366666666666667
tep,4,0,CASIM-prefix,mixed_spurious_timing_late,0.25,0.47941666666666666
tep,4,0,CASIM-prefix,mixed_spurious_timing_late,0.3,0.4706666666666666
tep,4,0,CASIM-prefix,mixed_spurious_timing_late,0.4,0.3933333333333333
tep,4,0,CASIM-prefix,mixed_spurious_timing_late,0.5,0.3468333333333333
tep,4,0,CASIM-prefix,mixed_spurious_timing_late,0.6,0.3015
tep,4,0,CASIM-prefix,mixed_spurious_timing_late,0.7,0.3325
tep,4,0,CASIM-prefix,mixed_spurious_timing_late,0.8,0.23950000000000002
tep,4,0,CASIM-prefix,mixed_spurious_timing_late,0.9,0.2305
tep,4,0,CASIM-prefix,spurious_events,0.0,0.9691666666666666
tep,4,0,CASIM-prefix,spurious_events,0.05,0.9605
tep,4,0,CASIM-prefix,spurious_events,0.1,0.94575
tep,4,0,CASIM-prefix,spurious_events,0.15,0.9255
tep,4,0,CASIM-prefix,spurious_events,0.2,0.9025
tep,4,0,CASIM-prefix,spurious_events,0.25,0.8851666666666667
tep,4,0,CASIM-prefix,spurious_events,0.3,0.8548333333333332
tep,4,0,CASIM-prefix,spurious_events,0.4,0.8031666666666667
tep,4,0,CASIM-prefix,spurious_events,0.5,0.7569166666666667
tep,4,0,CASIM-prefix,spurious_events,0.6,0.7131666666666666
tep,4,0,CASIM-prefix,spurious_events,0.7,0.6773333333333333
tep,4,0,CASIM-prefix,spurious_events,0.8,0.6329166666666667
tep,4,0,CASIM-prefix,spurious_events,0.9,0.6073333333333334
tep,4,0,CASIM-prefix,timing_uncertainty,0.0,0.9691666666666666
tep,4,0,CASIM-prefix,timing_uncertainty,0.05,0.9685
tep,4,0,CASIM-prefix,timing_uncertainty,0.1,0.9685
tep,4,0,CASIM-prefix,timing_uncertainty,0.15,0.9638333333333334
tep,4,0,CASIM-prefix,timing_uncertainty,0.2,0.9655
tep,4,0,CASIM-prefix,timing_uncertainty,0.25,0.9573333333333333
tep,4,0,CASIM-prefix,timing_uncertainty,0.3,0.9535
tep,4,0,CASIM-prefix,timing_uncertainty,0.4,0.9405833333333334
tep,4,0,CASIM-prefix,timing_uncertainty,0.5,0.9238333333333334
tep,4,0,CASIM-prefix,timing_uncertainty,0.6,0.9107500000000001
tep,4,0,CASIM-prefix,timing_uncertainty,0.7,0.8948333333333333
tep,4,0,CASIM-prefix,timing_uncertainty,0.8,0.8703333333333333
tep,4,0,CASIM-prefix,timing_uncertainty,0.9,0.8505833333333334
tep,4,0,EAC-1NN,late_time_delay,0.0,0.7925
tep,4,0,EAC-1NN,late_time_delay,0.05,0.8108333333333334
tep,4,0,EAC-1NN,late_time_delay,0.1,0.8058333333333333
tep,4,0,EAC-1NN,late_time_delay,0.15,0.8125
tep,4,0,EAC-1NN,late_time_delay,0.2,0.8116666666666666
tep,4,0,EAC-1NN,late_time_delay,0.25,0.7925
tep,4,0,EAC-1NN,late_time_delay,0.3,0.7975
tep,4,0,EAC-1NN,late_time_delay,0.4,0.7916666666666666
tep,4,0,EAC-1NN,late_time_delay,0.5,0.8541666666666666
tep,4,0,EAC-1NN,late_time_delay,0.6,0.8166666666666668
tep,4,0,EAC-1NN,late_time_delay,0.7,0.8141666666666666
tep,4,0,EAC-1NN,late_time_delay,0.8,0.81
tep,4,0,EAC-1NN,late_time_delay,0.9,0.6999999999999998
tep,4,0,EAC-1NN,missing_events,0.0,0.7925
tep,4,0,EAC-1NN,missing_events,0.05,0.7911666666666667
tep,4,0,EAC-1NN,missing_events,0.1,0.7885833333333334
tep,4,0,EAC-1NN,missing_events,0.15,0.78925
tep,4,0,EAC-1NN,missing_events,0.2,0.7861666666666666
tep,4,0,EAC-1NN,missing_events,0.25,0.7816666666666667
tep,4,0,EAC-1NN,missing_events,0.3,0.7827500000000001
tep,4,0,EAC-1NN,missing_events,0.4,0.7705000000000001
tep,4,0,EAC-1NN,missing_events,0.5,0.7605
tep,4,0,EAC-1NN,missing_events,0.6,0.7314166666666666
tep,4,0,EAC-1NN,missing_events,0.7,0.70825
tep,4,0,EAC-1NN,missing_events,0.8,0.6546666666666666
tep,4,0,EAC-1NN,missing_events,0.9,0.5435833333333333
tep,4,0,EAC-1NN,mixed_missing_spurious,0.0,0.7925
tep,4,0,EAC-1NN,mixed_missing_spurious,0.05,0.7855
tep,4,0,EAC-1NN,mixed_missing_spurious,0.1,0.7800833333333334
tep,4,0,EAC-1NN,mixed_missing_spurious,0.15,0.7694166666666667
tep,4,0,EAC-1NN,mixed_missing_spurious,0.2,0.7599999999999999
tep,4,0,EAC-1NN,mixed_missing_spurious,0.25,0.7450833333333332
tep,4,0,EAC-1NN,mixed_missing_spurious,0.3,0.7310833333333333
tep,4,0,EAC-1NN,mixed_missing_spurious,0.4,0.71075
tep,4,0,EAC-1NN,mixed_missing_spurious,0.5,0.6825
tep,4,0,EAC-1NN,mixed_missing_spurious,0.6,0.6415
tep,4,0,EAC-1NN,mixed_missing_spurious,0.7,0.6095
tep,4,0,EAC-1NN,mixed_missing_spurious,0.8,0.5575
tep,4,0,EAC-1NN,mixed_missing_spurious,0.9,0.49008333333333337
tep,4,0,EAC-1NN,mixed_spurious_timing_late,0.0,0.7925
tep,4,0,EAC-1NN,mixed_spurious_timing_late,0.05,0.8076666666666666
tep,4,0,EAC-1NN,mixed_spurious_timing_late,0.1,0.7928333333333333
tep,4,0,EAC-1NN,mixed_spurious_timing_late,0.15,0.7899166666666666
tep,4,0,EAC-1NN,mixed_spurious_timing_late,0.2,0.7669166666666666
tep,4,0,EAC-1NN,mixed_spurious_timing_late,0.25,0.7448333333333333
tep,4,0,EAC-1NN,mixed_spurious_timing_late,0.3,0.7541666666666668
tep,4,0,EAC-1NN,mixed_spurious_timing_late,0.4,0.722
tep,4,0,EAC-1NN,mixed_spurious_timing_late,0.5,0.7194166666666667
tep,4,0,EAC-1NN,mixed_spurious_timing_late,0.6,0.6860833333333334
tep,4,0,EAC-1NN,mixed_spurious_timing_late,0.7,0.6355
tep,4,0,EAC-1NN,mixed_spurious_timing_late,0.8,0.6278333333333332
tep,4,0,EAC-1NN,mixed_spurious_timing_late,0.9,0.5615
tep,4,0,EAC-1NN,spurious_events,0.0,0.7925
tep,4,0,EAC-1NN,spurious_events,0.05,0.7889166666666667
tep,4,0,EAC-1NN,spurious_events,0.1,0.7752500000000001
tep,4,0,EAC-1NN,spurious_events,0.15,0.7709166666666666
tep,4,0,EAC-1NN,spurious_events,0.2,0.7713333333333333
tep,4,0,EAC-1NN,spurious_events,0.25,0.762
tep,4,0,EAC-1NN,spurious_events,0.3,0.7419166666666667
tep,4,0,EAC-1NN,spurious_events,0.4,0.7328333333333333
tep,4,0,EAC-1NN,spurious_events,0.5,0.7078333333333333
tep,4,0,EAC-1NN,spurious_events,0.6,0.6825
tep,4,0,EAC-1NN,spurious_events,0.7,0.66825
tep,4,0,EAC-1NN,spurious_events,0.8,0.6531666666666667
tep,4,0,EAC-1NN,spurious_events,0.9,0.6354166666666666
tep,4,0,EAC-1NN,timing_uncertainty,0.0,0.7925
tep,4,0,EAC-1NN,timing_uncertainty,0.05,0.79025
tep,4,0,EAC-1NN,timing_uncertainty,0.1,0.7901666666666666
tep,4,0,EAC-1NN,timing_uncertainty,0.15,0.7945000000000001
tep,4,0,EAC-1NN,timing_uncertainty,0.2,0.7876666666666666
tep,4,0,EAC-1NN,timing_uncertainty,0.25,0.7903333333333333
tep,4,0,EAC-1NN,timing_uncertainty,0.3,0.7928333333333333
tep,4,0,EAC-1NN,timing_uncertainty,0.4,0.7894166666666668
tep,4,0,EAC-1NN,timing_uncertainty,0.5,0.7876666666666666
tep,4,0,EAC-1NN,timing_uncertainty,0.6,0.7923333333333332
tep,4,0,EAC-1NN,timing_uncertainty,0.7,0.7891666666666667
tep,4,0,EAC-1NN,timing_uncertainty,0.8,0.7895
tep,4,0,EAC-1NN,timing_uncertainty,0.9,0.7869166666666666
tep,4,0,JAC-1NN,late_time_delay,0.0,0.8316666666666667
tep,4,0,JAC-1NN,late_time_delay,0.05,0.7291666666666666
tep,4,0,JAC-1NN,late_time_delay,0.1,0.7225
tep,4,0,JAC-1NN,late_time_delay,0.15,0.7208333333333333
tep,4,0,JAC-1NN,late_time_delay,0.2,0.7183333333333333
tep,4,0,JAC-1NN,late_time_delay,0.25,0.745
tep,4,0,JAC-1NN,late_time_delay,0.3,0.7383333333333333
tep,4,0,JAC-1NN,late_time_delay,0.4,0.6658333333333334
tep,4,0,JAC-1NN,late_time_delay,0.5,0.6158333333333333
tep,4,0,JAC-1NN,late_time_delay,0.6,0.5483333333333333
tep,4,0,JAC-1NN,late_time_delay,0.7,0.4583333333333333
tep,4,0,JAC-1NN,late_time_delay,0.8,0.45249999999999996
tep,4,0,JAC-1NN,late_time_delay,0.9,0.395
tep,4,0,JAC-1NN,missing_events,0.0,0.8316666666666667
tep,4,0,JAC-1NN,missing_events,0.05,0.8253333333333334
tep,4,0,JAC-1NN,missing_events,0.1,0.8188333333333334
tep,4,0,JAC-1NN,missing_events,0.15,0.8111666666666667
tep,4,0,JAC-1NN,missing_events,0.2,0.8045
tep,4,0,JAC-1NN,missing_events,0.25,0.8001666666666667
tep,4,0,JAC-1NN,missing_events,0.3,0.7918333333333334
tep,4,0,JAC-1NN,missing_events,0.4,0.75375
tep,4,0,JAC-1NN,missing_events,0.5,0.7300833333333333
tep,4,0,JAC-1NN,missing_events,0.6,0.6863333333333334
tep,4,0,JAC-1NN,missing_events,0.7,0.63275
tep,4,0,JAC-1NN,missing_events,0.8,0.5516666666666666
tep,4,0,JAC-1NN,missing_events,0.9,0.4205833333333333
tep,4,0,JAC-1NN,mixed_missing_spurious,0.0,0.8316666666666667
tep,4,0,JAC-1NN,mixed_missing_spurious,0.05,0.8145000000000001
tep,4,0,JAC-1NN,mixed_missing_spurious,0.1,0.79825
tep,4,0,JAC-1NN,mixed_missing_spurious,0.15,0.7819166666666666
tep,4,0,JAC-1NN,mixed_missing_spurious,0.2,0.7598333333333334
tep,4,0,JAC-1NN,mixed_missing_spurious,0.25,0.7351666666666667
tep,4,0,JAC-1NN,mixed_missing_spurious,0.3,0.726
tep,4,0,JAC-1NN,mixed_missing_spurious,0.4,0.6852499999999999
tep,4,0,JAC-1NN,mixed_missing_spurious,0.5,0.6581666666666667
tep,4,0,JAC-1NN,mixed_missing_spurious,0.6,0.60825
tep,4,0,JAC-1NN,mixed_missing_spurious,0.7,0.5783333333333333
tep,4,0,JAC-1NN,mixed_missing_spurious,0.8,0.51725
tep,4,0,JAC-1NN,mixed_missing_spurious,0.9,0.42724999999999996
tep,4,0,JAC-1NN,mixed_spurious_timing_late,0.0,0.8316666666666667
tep,4,0,JAC-1NN,mixed_spurious_timing_late,0.05,0.7231666666666667
tep,4,0,JAC-1NN,mixed_spurious_timing_late,0.1,0.7124166666666666
tep,4,0,JAC-1NN,mixed_spurious_timing_late,0.15,0.6945833333333334
tep,4,0,JAC-1NN,mixed_spurious_timing_late,0.2,0.6823333333333333
tep,4,0,JAC-1NN,mixed_spurious_timing_late,0.25,0.6879166666666666
tep,4,0,JAC-1NN,mixed_spurious_timing_late,0.3,0.6830833333333334
tep,4,0,JAC-1NN,mixed_spurious_timing_late,0.4,0.6360833333333333
tep,4,0,JAC-1NN,mixed_spurious_timing_late,0.5,0.6113333333333334
tep,4,0,JAC-1NN,mixed_spurious_timing_late,0.6,0.5740833333333334
tep,4,0,JAC-1NN,mixed_spurious_timing_late,0.7,0.49491666666666667
tep,4,0,JAC-1NN,mixed_spurious_timing_late,0.8,0.4791666666666667
tep,4,0,JAC-1NN,mixed_spurious_timing_late,0.9,0.414
tep,4,0,JAC-1NN,spurious_events,0.0,0.8316666666666667
tep,4,0,JAC-1NN,spurious_events,0.05,0.8203333333333335
tep,4,0,JAC-1NN,spurious_events,0.1,0.8061666666666666
tep,4,0,JAC-1NN,spurious_events,0.15,0.7768333333333333
tep,4,0,JAC-1NN,spurious_events,0.2,0.7629166666666666
tep,4,0,JAC-1NN,spurious_events,0.25,0.7363333333333334
tep,4,0,JAC-1NN,spurious_events,0.3,0.6991666666666667
tep,4,0,JAC-1NN,spurious_events,0.4,0.66025
tep,4,0,JAC-1NN,spurious_events,0.5,0.5985833333333334
tep,4,0,JAC-1NN,spurious_events,0.6,0.5475
tep,4,0,JAC-1NN,spurious_events,0.7,0.5216666666666666
tep,4,0,JAC-1NN,spurious_events,0.8,0.4916666666666667
tep,4,0,JAC-1NN,spurious_events,0.9,0.4715833333333333
tep,4,0,JAC-1NN,timing_uncertainty,0.0,0.8316666666666667
tep,4,0,JAC-1NN,timing_uncertainty,0.05,0.8318333333333333
tep,4,0,JAC-1NN,timing_uncertainty,0.1,0.8293333333333334
tep,4,0,JAC-1NN,timing_uncertainty,0.15,0.8295833333333333
tep,4,0,JAC-1NN,timing_uncertainty,0.2,0.8283333333333333
tep,4,0,JAC-1NN,timing_uncertainty,0.25,0.8293333333333334
tep,4,0,JAC-1NN,timing_uncertainty,0.3,0.8320833333333333
tep,4,0,JAC-1NN,timing_uncertainty,0.4,0.8285833333333333
tep,4,0,JAC-1NN,timing_uncertainty,0.5,0.83675
tep,4,0,JAC-1NN,timing_uncertainty,0.6,0.8384166666666667
tep,4,0,JAC-1NN,timing_uncertainty,0.7,0.8381666666666666
tep,4,0,JAC-1NN,timing_uncertainty,0.8,0.8376666666666667
tep,4,0,JAC-1NN,timing_uncertainty,0.9,0.8338333333333333
tep,4,0,MBW-LR,late_time_delay,0.0,0.8941666666666667
tep,4,0,MBW-LR,late_time_delay,0.05,0.8333333333333334
tep,4,0,MBW-LR,late_time_delay,0.1,0.8741666666666666
tep,4,0,MBW-LR,late_time_delay,0.15,0.8241666666666667
tep,4,0,MBW-LR,late_time_delay,0.2,0.8066666666666666
tep,4,0,MBW-LR,late_time_delay,0.25,0.8125
tep,4,0,MBW-LR,late_time_delay,0.3,0.8775
tep,4,0,MBW-LR,late_time_delay,0.4,0.8366666666666666
tep,4,0,MBW-LR,late_time_delay,0.5,0.8191666666666667
tep,4,0,MBW-LR,late_time_delay,0.6,0.7483333333333334
tep,4,0,MBW-LR,late_time_delay,0.7,0.6091666666666666
tep,4,0,MBW-LR,late_time_delay,0.8,0.5908333333333333
tep,4,0,MBW-LR,late_time_delay,0.9,0.5
tep,4,0,MBW-LR,missing_events,0.0,0.8941666666666667
tep,4,0,MBW-LR,missing_events,0.05,0.8845000000000001
tep,4,0,MBW-LR,missing_events,0.1,0.87575
tep,4,0,MBW-LR,missing_events,0.15,0.8650833333333333
tep,4,0,MBW-LR,missing_events,0.2,0.85825
tep,4,0,MBW-LR,missing_events,0.25,0.8375
tep,4,0,MBW-LR,missing_events,0.3,0.82775
tep,4,0,MBW-LR,missing_events,0.4,0.80375
tep,4,0,MBW-LR,missing_events,0.5,0.7750833333333333
tep,4,0,MBW-LR,missing_events,0.6,0.7334999999999999
tep,4,0,MBW-LR,missing_events,0.7,0.7053333333333334
tep,4,0,MBW-LR,missing_events,0.8,0.63625
tep,4,0,MBW-LR,missing_events,0.9,0.5187499999999999
tep,4,0,MBW-LR,mixed_missing_spurious,0.0,0.8941666666666667
tep,4,0,MBW-LR,mixed_missing_spurious,0.05,0.8473333333333333
tep,4,0,MBW-LR,mixed_missing_spurious,0.1,0.7987500000000001
tep,4,0,MBW-LR,mixed_missing_spurious,0.15,0.7588333333333334
tep,4,0,MBW-LR,mixed_missing_spurious,0.2,0.7206666666666667
tep,4,0,MBW-LR,mixed_missing_spurious,0.25,0.6862499999999999
tep,4,0,MBW-LR,mixed_missing_spurious,0.3,0.6703333333333333
tep,4,0,MBW-LR,mixed_missing_spurious,0.4,0.6085833333333334
tep,4,0,MBW-LR,mixed_missing_spurious,0.5,0.58825
tep,4,0,MBW-LR,mixed_missing_spurious,0.6,0.5449166666666666
tep,4,0,MBW-LR,mixed_missing_spurious,0.7,0.5145000000000001
tep,4,0,MBW-LR,mixed_missing_spurious,0.8,0.47950000000000004
tep,4,0,MBW-LR,mixed_missing_spurious,0.9,0.43274999999999997
tep,4,0,MBW-LR,mixed_spurious_timing_late,0.0,0.8941666666666667
tep,4,0,MBW-LR,mixed_spurious_timing_late,0.05,0.7995833333333334
tep,4,0,MBW-LR,mixed_spurious_timing_late,0.1,0.7991666666666667
tep,4,0,MBW-LR,mixed_spurious_timing_late,0.15,0.7154166666666667
tep,4,0,MBW-LR,mixed_spurious_timing_late,0.2,0.6806666666666666
tep,4,0,MBW-LR,mixed_spurious_timing_late,0.25,0.6665833333333334
tep,4,0,MBW-LR,mixed_spurious_timing_late,0.3,0.6897500000000001
tep,4,0,MBW-LR,mixed_spurious_timing_late,0.4,0.6606666666666667
tep,4,0,MBW-LR,mixed_spurious_timing_late,0.5,0.6143333333333333
tep,4,0,MBW-LR,mixed_spurious_timing_late,0.6,0.55275
tep,4,0,MBW-LR,mixed_spurious_timing_late,0.7,0.45416666666666666
tep,4,0,MBW-LR,mixed_spurious_timing_late,0.8,0.42874999999999996
tep,4,0,MBW-LR,mixed_spurious_timing_late,0.9,0.4015
tep,4,0,MBW-LR,spurious_events,0.0,0.8941666666666667
tep,4,0,MBW-LR,spurious_events,0.05,0.8513333333333333
tep,4,0,MBW-LR,spurious_events,0.1,0.7918333333333334
tep,4,0,MBW-LR,spurious_events,0.15,0.74825
tep,4,0,MBW-LR,spurious_events,0.2,0.71575
tep,4,0,MBW-LR,spurious_events,0.25,0.67575
tep,4,0,MBW-LR,spurious_events,0.3,0.63725
tep,4,0,MBW-LR,spurious_events,0.4,0.5875833333333333
tep,4,0,MBW-LR,spurious_events,0.5,0.5409166666666666
tep,4,0,MBW-LR,spurious_events,0.6,0.5088333333333334
tep,4,0,MBW-LR,spurious_events,0.7,0.4788333333333334
tep,4,0,MBW-LR,spurious_events,0.8,0.4526666666666667
tep,4,0,MBW-LR,spurious_events,0.9,0.42625
tep,4,0,MBW-LR,timing_uncertainty,0.0,0.8941666666666667
tep,4,0,MBW-LR,timing_uncertainty,0.05,0.8936666666666667
tep,4,0,MBW-LR,timing_uncertainty,0.1,0.8931666666666667
tep,4,0,MBW-LR,timing_uncertainty,0.15,0.8818333333333334
tep,4,0,MBW-LR,timing_uncertainty,0.2,0.8807499999999999
tep,4,0,MBW-LR,timing_uncertainty,0.25,0.87075
tep,4,0,MBW-LR,timing_uncertainty,0.3,0.8626666666666667
tep,4,0,MBW-LR,timing_uncertainty,0.4,0.8544999999999999
tep,4,0,MBW-LR,timing_uncertainty,0.5,0.8453333333333334
tep,4,0,MBW-LR,timing_uncertainty,0.6,0.8420833333333334
tep,4,0,MBW-LR,timing_uncertainty,0.7,0.8359166666666668
tep,4,0,MBW-LR,timing_uncertainty,0.8,0.8420833333333334
tep,4,0,MBW-LR,timing_uncertainty,0.9,0.8299166666666666
tep,4,0,WDI-1NN,late_time_delay,0.0,0.6433333333333333
tep,4,0,WDI-1NN,late_time_delay,0.05,0.625
tep,4,0,WDI-1NN,late_time_delay,0.1,0.625
tep,4,0,WDI-1NN,late_time_delay,0.15,0.6091666666666667
tep,4,0,WDI-1NN,late_time_delay,0.2,0.5941666666666666
tep,4,0,WDI-1NN,late_time_delay,0.25,0.555
tep,4,0,WDI-1NN,late_time_delay,0.3,0.5725
tep,4,0,WDI-1NN,late_time_delay,0.4,0.5058333333333334
tep,4,0,WDI-1NN,late_time_delay,0.5,0.4925
tep,4,0,WDI-1NN,late_time_delay,0.6,0.4658333333333333
tep,4,0,WDI-1NN,late_time_delay,0.7,0.5008333333333334
tep,4,0,WDI-1NN,late_time_delay,0.8,0.5083333333333333
tep,4,0,WDI-1NN,late_time_delay,0.9,0.465
tep,4,0,WDI-1NN,missing_events,0.0,0.6433333333333333
tep,4,0,WDI-1NN,missing_events,0.05,0.6401666666666667
tep,4,0,WDI-1NN,missing_events,0.1,0.6353333333333334
tep,4,0,WDI-1NN,missing_events,0.15,0.6275
tep,4,0,WDI-1NN,missing_events,0.2,0.62025
tep,4,0,WDI-1NN,missing_events,0.25,0.6134166666666666
tep,4,0,WDI-1NN,missing_events,0.3,0.6056666666666667
tep,4,0,WDI-1NN,missing_events,0.4,0.5803333333333334
tep,4,0,WDI-1NN,missing_events,0.5,0.54875
tep,4,0,WDI-1NN,missing_events,0.6,0.51575
tep,4,0,WDI-1NN,missing_events,0.7,0.4719166666666667
tep,4,0,WDI-1NN,missing_events,0.8,0.42391666666666666
tep,4,0,WDI-1NN,missing_events,0.9,0.35225
tep,4,0,WDI-1NN,mixed_missing_spurious,0.0,0.6433333333333333
tep,4,0,WDI-1NN,mixed_missing_spurious,0.05,0.63075
tep,4,0,WDI-1NN,mixed_missing_spurious,0.1,0.6221666666666666
tep,4,0,WDI-1NN,mixed_missing_spurious,0.15,0.61525
tep,4,0,WDI-1NN,mixed_missing_spurious,0.2,0.6040833333333334
tep,4,0,WDI-1NN,mixed_missing_spurious,0.25,0.591
tep,4,0,WDI-1NN,mixed_missing_spurious,0.3,0.586
tep,4,0,WDI-1NN,mixed_missing_spurious,0.4,0.5585833333333333
tep,4,0,WDI-1NN,mixed_missing_spurious,0.5,0.53625
tep,4,0,WDI-1NN,mixed_missing_spurious,0.6,0.49533333333333335
tep,4,0,WDI-1NN,mixed_missing_spurious,0.7,0.46941666666666665
tep,4,0,WDI-1NN,mixed_missing_spurious,0.8,0.4073333333333333
tep,4,0,WDI-1NN,mixed_missing_spurious,0.9,0.333
tep,4,0,WDI-1NN,mixed_spurious_timing_late,0.0,0.6433333333333333
tep,4,0,WDI-1NN,mixed_spurious_timing_late,0.05,0.6196666666666667
tep,4,0,WDI-1NN,mixed_spurious_timing_late,0.1,0.6193333333333334
tep,4,0,WDI-1NN,mixed_spurious_timing_late,0.15,0.595
tep,4,0,WDI-1NN,mixed_spurious_timing_late,0.2,0.5826666666666667
tep,4,0,WDI-1NN,mixed_spurious_timing_late,0.25,0.53825
tep,4,0,WDI-1NN,mixed_spurious_timing_late,0.3,0.55675
tep,4,0,WDI-1NN,mixed_spurious_timing_late,0.4,0.5045833333333333
tep,4,0,WDI-1NN,mixed_spurious_timing_late,0.5,0.49016666666666664
tep,4,0,WDI-1NN,mixed_spurious_timing_late,0.6,0.44225000000000003
tep,4,0,WDI-1NN,mixed_spurious_timing_late,0.7,0.44741666666666663
tep,4,0,WDI-1NN,mixed_spurious_timing_late,0.8,0.454
tep,4,0,WDI-1NN,mixed_spurious_timing_late,0.9,0.3985
tep,4,0,WDI-1NN,spurious_events,0.0,0.6433333333333333
tep,4,0,WDI-1NN,spurious_events,0.05,0.6357499999999999
tep,4,0,WDI-1NN,spurious_events,0.1,0.6262500000000001
tep,4,0,WDI-1NN,spurious_events,0.15,0.6214166666666666
tep,4,0,WDI-1NN,spurious_events,0.2,0.6173333333333333
tep,4,0,WDI-1NN,spurious_events,0.25,0.61675
tep,4,0,WDI-1NN,spurious_events,0.3,0.5983333333333333
tep,4,0,WDI-1NN,spurious_events,0.4,0.5920833333333334
tep,4,0,WDI-1NN,spurious_events,0.5,0.5685
tep,4,0,WDI-1NN,spurious_events,0.6,0.5438333333333333
tep,4,0,WDI-1NN,spurious_events,0.7,0.5245000000000001
tep,4,0,WDI-1NN,spurious_events,0.8,0.50875
tep,4,0,WDI-1NN,spurious_events,0.9,0.4819166666666666
tep,4,0,WDI-1NN,timing_uncertainty,0.0,0.6433333333333333
tep,4,0,WDI-1NN,timing_uncertainty,0.05,0.6403333333333333
tep,4,0,WDI-1NN,timing_uncertainty,0.1,0.6365833333333333
tep,4,0,WDI-1NN,timing_uncertainty,0.15,0.63675
tep,4,0,WDI-1NN,timing_uncertainty,0.2,0.638
tep,4,0,WDI-1NN,timing_uncertainty,0.25,0.6355
tep,4,0,WDI-1NN,timing_uncertainty,0.3,0.63525
tep,4,0,WDI-1NN,timing_uncertainty,0.4,0.633
tep,4,0,WDI-1NN,timing_uncertainty,0.5,0.6360833333333333
tep,4,0,WDI-1NN,timing_uncertainty,0.6,0.6335833333333333
tep,4,0,WDI-1NN,timing_uncertainty,0.7,0.6343333333333333
tep,4,0,WDI-1NN,timing_uncertainty,0.8,0.62875
tep,4,0,WDI-1NN,timing_uncertainty,0.9,0.6338333333333334
